/home/dswartz/julia-1.9.0/bin/julia
Number of threads: 8
1251
25016251

500137518751
1
7501


  1.006853 seconds (206.96 k allocations: 206.632 MiB)
6252
  0.836616 seconds (256.24 k allocations: 41.326 MiB, 18.01% compilation time)
8752
  1.118324 seconds (273.69 k allocations: 59.454 MiB, 17.37% gc time, 13.47% compilation time)
  1.117637 seconds (273.48 k allocations: 59.260 MiB, 17.38% gc time, 13.48% compilation time)
  1.114588 seconds (273.38 k allocations: 56.686 MiB, 17.43% gc time, 13.52% compilation time)
  1.137886 seconds (284.52 k allocations: 74.615 MiB, 17.08% gc time, 13.24% compilation time)
  1.117545 seconds (274.02 k allocations: 59.790 MiB, 17.39% gc time, 13.48% compilation time)
  1.114748 seconds (274.22 k allocations: 57.503 MiB, 17.43% gc time, 13.51% compilation time)
7502
1252
5002
3752
2502
2
  0.940232 seconds (522.08 k allocations: 508.287 MiB)
6253
  0.887885 seconds (455.96 k allocations: 445.107 MiB)
8753
  0.854148 seconds (158.43 k allocations: 156.876 MiB)
  0.862758 seconds (159.14 k allocations: 158.913 MiB)
  0.863403 seconds (159.85 k allocations: 160.956 MiB)
  0.872114 seconds (161.25 k allocations: 166.109 MiB)
  0.885581 seconds (161.28 k allocations: 165.049 MiB)
  0.886095 seconds (161.70 k allocations: 166.255 MiB)
3
2503
3753
1253
5003
7503
  0.878990 seconds (136.86 k allocations: 140.637 MiB)
  0.868528 seconds (127.19 k allocations: 131.513 MiB)
6254
8754
  0.862796 seconds (2.89 k allocations: 3.998 MiB)
8755
  0.958921 seconds (133.71 k allocations: 133.046 MiB)
  0.960851 seconds (136.56 k allocations: 136.050 MiB)
3754
  0.964111 seconds (139.43 k allocations: 141.267 MiB)
4
2504
  0.969526 seconds (153.95 k allocations: 156.597 MiB)
  0.970523 seconds (157.78 k allocations: 161.653 MiB)
7504
5004
  0.994103 seconds (264.13 k allocations: 264.838 MiB)
  0.960820 seconds (214.21 k allocations: 214.915 MiB)
6255
1254
  0.882682 seconds (554.48 k allocations: 549.012 MiB)
8756
  1.608748 seconds (167.31 k allocations: 168.840 MiB, 42.07% gc time)
  1.605621 seconds (153.75 k allocations: 153.441 MiB, 42.15% gc time)
  1.605842 seconds (154.45 k allocations: 154.096 MiB, 42.15% gc time)
  1.596356 seconds (114.48 k allocations: 113.424 MiB, 42.40% gc time)
  1.554466 seconds (45.02 k allocations: 44.660 MiB, 43.54% gc time)
  1.596071 seconds (113.79 k allocations: 113.041 MiB, 42.40% gc time)
  1.573712 seconds (68.57 k allocations: 68.708 MiB, 43.01% gc time)
5
3755
2505
6256
5005
1255
7505
  0.894914 seconds (445.93 k allocations: 435.303 MiB)
8757
  0.928947 seconds (138.97 k allocations: 139.301 MiB)
2506
  0.930530 seconds (136.89 k allocations: 138.711 MiB)
6
  0.940616 seconds (146.10 k allocations: 148.952 MiB)
3756
  0.925104 seconds (118.54 k allocations: 121.536 MiB)
7506
  0.938999 seconds (143.36 k allocations: 147.906 MiB)
5006
  0.961736 seconds (197.12 k allocations: 205.653 MiB)
6257
  0.945110 seconds (242.68 k allocations: 243.312 MiB)
1256
  0.883580 seconds (554.49 k allocations: 549.044 MiB)
8758
  1.485102 seconds (126.24 k allocations: 128.349 MiB, 33.58% gc time)
  1.427903 seconds (91.48 k allocations: 92.616 MiB, 34.93% gc time)
  1.442253 seconds (99.75 k allocations: 101.760 MiB, 34.58% gc time)
  1.492624 seconds (130.92 k allocations: 132.950 MiB, 33.41% gc time)
  1.390406 seconds (71.46 k allocations: 72.396 MiB, 35.87% gc time)
  1.375957 seconds (64.03 k allocations: 63.033 MiB, 36.25% gc time)
  1.386024 seconds (69.98 k allocations: 71.005 MiB, 35.98% gc time)
2507
7507
1257
3757
7
6258
5007
  0.876662 seconds (510.13 k allocations: 496.738 MiB)
8759
  0.926266 seconds (109.79 k allocations: 110.147 MiB)
1258
  0.925387 seconds (99.97 k allocations: 100.936 MiB)
  0.940395 seconds (126.04 k allocations: 128.461 MiB)
5008
7508
  0.945246 seconds (139.99 k allocations: 143.253 MiB)
3758
  0.946017 seconds (144.18 k allocations: 148.674 MiB)
2508
  0.932791 seconds (154.12 k allocations: 157.150 MiB)
8
  0.960232 seconds (229.48 k allocations: 233.118 MiB)
6259
  0.884804 seconds (554.49 k allocations: 549.044 MiB)
8760
  0.880683 seconds (183.81 k allocations: 184.665 MiB)
  0.863936 seconds (104.84 k allocations: 108.013 MiB)
1259
3759
  0.867624 seconds (101.89 k allocations: 105.364 MiB)
  0.861717 seconds (89.97 k allocations: 93.244 MiB)
  0.892247 seconds (191.17 k allocations: 195.010 MiB)
  0.879391 seconds (107.69 k allocations: 113.579 MiB)
7509
5009
9
2509
  0.894929 seconds (100.62 k allocations: 107.371 MiB)
6260
  1.439273 seconds (117.38 k allocations: 122.187 MiB, 40.07% gc time)
8761
  0.886263 seconds (139.61 k allocations: 142.208 MiB)
1260
  0.943959 seconds (135.21 k allocations: 138.145 MiB)
7510
  0.933141 seconds (94.25 k allocations: 96.693 MiB)
2510
  0.970582 seconds (209.32 k allocations: 213.107 MiB)
  0.936950 seconds (121.94 k allocations: 122.364 MiB)
  0.950414 seconds (139.54 k allocations: 144.141 MiB)
8762
6261
10
  0.955998 seconds (161.88 k allocations: 167.026 MiB)
3760
  0.950693 seconds (168.79 k allocations: 173.838 MiB)
5010
  0.879414 seconds (554.49 k allocations: 549.037 MiB)
1261
  1.322771 seconds (168.17 k allocations: 168.490 MiB, 30.54% gc time)
  1.302280 seconds (68.13 k allocations: 70.275 MiB, 31.02% gc time)
  1.336137 seconds (245.72 k allocations: 243.893 MiB, 30.23% gc time)
  1.303783 seconds (72.67 k allocations: 74.596 MiB, 30.98% gc time)
  1.292588 seconds (40.33 k allocations: 41.383 MiB, 31.25% gc time)
  1.287110 seconds (37.28 k allocations: 37.385 MiB, 31.38% gc time)
  1.291333 seconds (39.30 k allocations: 40.629 MiB, 31.28% gc time)
8763
6262
5011
7511
3761
2511
11
  0.890063 seconds (115.32 k allocations: 117.685 MiB)
3762
  0.947889 seconds (277.31 k allocations: 275.362 MiB)
1262
  0.933402 seconds (105.67 k allocations: 107.615 MiB)
  0.939836 seconds (122.94 k allocations: 127.136 MiB)
8764
5012
  0.940865 seconds (124.07 k allocations: 126.806 MiB)
  0.942654 seconds (131.96 k allocations: 135.747 MiB)
7512
2512
  0.953333 seconds (180.04 k allocations: 180.721 MiB)
6263
  0.965109 seconds (233.04 k allocations: 234.085 MiB)
12
  0.867742 seconds (283.85 k allocations: 278.977 MiB)
8765
  0.905529 seconds (407.03 k allocations: 400.839 MiB)
1263
  0.877962 seconds (255.52 k allocations: 253.460 MiB)
3763
  0.871802 seconds (164.73 k allocations: 166.764 MiB)
2513
  0.894026 seconds (197.14 k allocations: 197.983 MiB)
6264
  0.906464 seconds (234.29 k allocations: 233.691 MiB)
  0.920773 seconds (244.62 k allocations: 245.211 MiB)
  0.914116 seconds (240.56 k allocations: 239.347 MiB)
5013
7513
13
  0.880664 seconds (406.17 k allocations: 401.471 MiB)
1264
  0.914276 seconds (248.80 k allocations: 246.849 MiB)
3764
  1.047459 seconds (338.87 k allocations: 335.649 MiB)
  0.948396 seconds (274.12 k allocations: 271.284 MiB)
6265
8766
  2.349925 seconds (175.20 k allocations: 174.521 MiB, 48.35% gc time)
  2.513967 seconds (260.77 k allocations: 260.055 MiB, 45.20% gc time)
  2.348574 seconds (175.42 k allocations: 174.670 MiB, 48.38% gc time)
  2.007294 seconds (96.78 k allocations: 97.029 MiB, 56.60% gc time)
  2.351689 seconds (176.32 k allocations: 177.132 MiB, 48.32% gc time)
7514
2514
14
1265
5014
  0.882072 seconds (422.97 k allocations: 413.343 MiB)
3765
  0.939019 seconds (231.64 k allocations: 231.657 MiB)
6266
  0.945340 seconds (197.70 k allocations: 199.374 MiB)
8767
  0.934977 seconds (141.17 k allocations: 141.761 MiB)
  0.938974 seconds (149.03 k allocations: 151.870 MiB)
2515
  0.936208 seconds (147.05 k allocations: 149.680 MiB)
  0.939595 seconds (154.13 k allocations: 158.287 MiB)
15
1266
7515
  0.932136 seconds (187.41 k allocations: 190.432 MiB)
5015
  0.871028 seconds (554.49 k allocations: 549.044 MiB)
3766
  0.877241 seconds (359.35 k allocations: 353.842 MiB)
6267
  0.860528 seconds (110.87 k allocations: 112.577 MiB)
2516
  0.864963 seconds (116.83 k allocations: 118.460 MiB)
  0.867501 seconds (122.89 k allocations: 126.096 MiB)
16
5016
  0.867145 seconds (127.15 k allocations: 129.936 MiB)
7516
  0.873143 seconds (162.19 k allocations: 164.881 MiB)
  0.887138 seconds (218.19 k allocations: 224.890 MiB)
1267
8768
  0.880815 seconds (554.49 k allocations: 549.044 MiB)
3767
  0.872679 seconds (225.51 k allocations: 225.783 MiB)
  0.862564 seconds (117.57 k allocations: 118.981 MiB)
6268
  0.879472 seconds (165.11 k allocations: 169.546 MiB)
17
  0.881566 seconds (157.99 k allocations: 162.891 MiB)
5017
2517
  0.886696 seconds (133.44 k allocations: 138.408 MiB)
  0.882020 seconds (109.34 k allocations: 114.264 MiB)
7517
  0.894132 seconds (116.44 k allocations: 123.407 MiB)
1268
8769
  1.885284 seconds (371.64 k allocations: 366.715 MiB, 50.61% gc time)
3768
  0.877078 seconds (297.00 k allocations: 294.196 MiB)
6269
  0.976662 seconds (263.97 k allocations: 262.600 MiB)
8770
  0.958667 seconds (178.99 k allocations: 181.444 MiB)
  0.952518 seconds (163.12 k allocations: 163.781 MiB)
5018
2518
  0.956877 seconds (176.59 k allocations: 178.292 MiB)
7518
  0.969388 seconds (211.44 k allocations: 213.054 MiB)
1269
  1.023022 seconds (473.87 k allocations: 466.815 MiB)
18
  0.956892 seconds (440.23 k allocations: 436.034 MiB)
3769
  0.919705 seconds (554.49 k allocations: 549.037 MiB)
6270
  0.908887 seconds (324.83 k allocations: 322.425 MiB)
8771
  0.915104 seconds (324.32 k allocations: 323.334 MiB)
5019
  0.931541 seconds (343.33 k allocations: 340.302 MiB)
7519
  0.928419 seconds (333.02 k allocations: 329.262 MiB)
2519
  0.917401 seconds (330.29 k allocations: 326.774 MiB)
1270
  0.914115 seconds (373.00 k allocations: 370.297 MiB)
19
  0.947806 seconds (519.46 k allocations: 513.064 MiB)
3770
  0.905782 seconds (554.49 k allocations: 549.037 MiB)
6271
  0.892954 seconds (359.84 k allocations: 354.584 MiB)
5020
  0.927802 seconds (396.47 k allocations: 393.608 MiB)
8772
  0.890672 seconds (278.56 k allocations: 278.351 MiB)
7520
  0.881698 seconds (255.47 k allocations: 253.781 MiB)
1271
  0.902801 seconds (303.55 k allocations: 303.847 MiB)
2520
  0.896587 seconds (333.98 k allocations: 331.717 MiB)
20
  0.897702 seconds (488.09 k allocations: 480.624 MiB)
3771
  1.636043 seconds (158.33 k allocations: 157.814 MiB, 38.98% gc time)
  1.679507 seconds (321.44 k allocations: 315.851 MiB, 37.97% gc time)
  1.607964 seconds (64.49 k allocations: 62.962 MiB, 39.66% gc time)
  1.611899 seconds (72.61 k allocations: 71.897 MiB, 39.56% gc time)
  1.577967 seconds (21.26 k allocations: 20.305 MiB, 40.41% gc time)
  1.609984 seconds (68.07 k allocations: 66.286 MiB, 39.61% gc time)
  1.851201 seconds (530.98 k allocations: 529.283 MiB, 34.45% gc time)
2521
21
1272
8773
7521
5021
6272
  0.873240 seconds (469.31 k allocations: 457.694 MiB)
3772
  0.935022 seconds (122.41 k allocations: 124.687 MiB)
  0.934824 seconds (113.92 k allocations: 116.659 MiB)
1273
2522
  0.948052 seconds (145.49 k allocations: 150.803 MiB)
  0.942069 seconds (125.14 k allocations: 128.873 MiB)
  0.936208 seconds (111.10 k allocations: 113.509 MiB)
22
8774
7522
  0.951938 seconds (197.41 k allocations: 199.791 MiB)
5022
  0.938608 seconds (208.85 k allocations: 210.929 MiB)
6273
  0.906222 seconds (554.49 k allocations: 549.037 MiB)
3773
  0.882030 seconds (196.09 k allocations: 197.632 MiB)
2523
  0.867150 seconds (118.31 k allocations: 119.728 MiB)
  0.876607 seconds (149.12 k allocations: 152.037 MiB)
8775
1274
  0.875834 seconds (140.81 k allocations: 144.071 MiB)
7523
  0.898172 seconds (218.86 k allocations: 223.838 MiB)
23
  0.883869 seconds (218.98 k allocations: 220.454 MiB)
5023
  0.889081 seconds (259.43 k allocations: 259.349 MiB)
6274
  0.864133 seconds (554.50 k allocations: 549.056 MiB)
3774
  0.868720 seconds (203.66 k allocations: 204.870 MiB)
2524
  0.871612 seconds (180.85 k allocations: 182.017 MiB)
  0.872422 seconds (178.98 k allocations: 181.571 MiB)
1275
8776
  0.871865 seconds (168.38 k allocations: 171.661 MiB)
7524
  0.878615 seconds (195.39 k allocations: 197.694 MiB)
24
  0.868244 seconds (189.22 k allocations: 190.754 MiB)
5024
  0.907088 seconds (225.79 k allocations: 228.370 MiB)
6275
  1.650428 seconds (291.09 k allocations: 288.426 MiB, 43.43% gc time)
3775
  0.886731 seconds (278.67 k allocations: 275.286 MiB)
2525
  0.953280 seconds (200.60 k allocations: 200.737 MiB)
  0.936870 seconds (134.19 k allocations: 136.089 MiB)
  0.973927 seconds (244.50 k allocations: 246.679 MiB)
  0.954984 seconds (176.47 k allocations: 179.655 MiB)
25
5025
1276
7525
  0.987976 seconds (154.18 k allocations: 158.250 MiB)
  0.944008 seconds (117.86 k allocations: 122.401 MiB)
8777
3776
  0.998559 seconds (222.20 k allocations: 224.937 MiB)
6276
  0.871220 seconds (554.49 k allocations: 549.044 MiB)
2526
  0.872740 seconds (327.25 k allocations: 323.122 MiB)
26
  0.871571 seconds (169.22 k allocations: 172.105 MiB)
8778
  0.871704 seconds (153.63 k allocations: 157.370 MiB)
3777
  0.875401 seconds (151.45 k allocations: 155.451 MiB)
  0.872481 seconds (143.22 k allocations: 147.725 MiB)
1277
5026
  0.879246 seconds (205.13 k allocations: 205.974 MiB)
  0.887936 seconds (220.22 k allocations: 222.979 MiB)
6277
7526
  0.890438 seconds (554.50 k allocations: 549.056 MiB)
2527
  0.871939 seconds (203.03 k allocations: 200.668 MiB)
  0.874452 seconds (205.91 k allocations: 204.387 MiB)
8779
  0.878720 seconds (213.17 k allocations: 215.581 MiB)
  0.869779 seconds (195.72 k allocations: 195.228 MiB)
  0.875569 seconds (205.44 k allocations: 205.800 MiB)
3778
5027
27
1278
  0.872681 seconds (222.03 k allocations: 223.347 MiB)
6278
  0.874790 seconds (381.68 k allocations: 376.317 MiB)
7527
  1.452577 seconds (319.01 k allocations: 315.134 MiB, 39.81% gc time)
2528
  0.881267 seconds (205.79 k allocations: 204.288 MiB)
3779
  0.976012 seconds (318.69 k allocations: 316.179 MiB)
8780
  0.949746 seconds (203.99 k allocations: 202.924 MiB)
28
  0.971162 seconds (272.98 k allocations: 272.815 MiB)
5028
  0.972515 seconds (268.85 k allocations: 267.813 MiB)
1279
  0.958318 seconds (267.95 k allocations: 267.134 MiB)
6279
  0.959790 seconds (367.09 k allocations: 362.157 MiB)
2529
  0.953131 seconds (380.71 k allocations: 376.604 MiB)
7528
  0.873015 seconds (554.49 k allocations: 549.031 MiB)
3780
  0.851080 seconds (235.03 k allocations: 231.237 MiB)
29
  0.878465 seconds (336.84 k allocations: 334.348 MiB)
  0.872650 seconds (291.91 k allocations: 290.899 MiB)
8781
5029
  0.866448 seconds (234.56 k allocations: 233.785 MiB)
1280
  0.873317 seconds (258.30 k allocations: 257.904 MiB)
6280
  0.876037 seconds (384.59 k allocations: 380.141 MiB)
2530
  0.878660 seconds (414.07 k allocations: 408.524 MiB)
7529
  0.879240 seconds (545.70 k allocations: 539.221 MiB)
3781
  0.867327 seconds (314.53 k allocations: 312.564 MiB)
30
  0.872917 seconds (280.29 k allocations: 277.147 MiB)
5030
  0.879878 seconds (287.83 k allocations: 285.774 MiB)
8782
  0.882967 seconds (291.99 k allocations: 289.926 MiB)
  0.865238 seconds (242.87 k allocations: 243.062 MiB)
  0.871025 seconds (278.21 k allocations: 278.256 MiB)
  0.868381 seconds (283.97 k allocations: 283.899 MiB)
6281
1281
2531
7530
  1.641669 seconds (436.93 k allocations: 430.208 MiB, 39.86% gc time)
  1.571611 seconds (265.52 k allocations: 259.446 MiB, 41.64% gc time)
  1.538616 seconds (216.13 k allocations: 207.023 MiB, 42.53% gc time)
  1.542634 seconds (217.55 k allocations: 209.615 MiB, 42.42% gc time)
3782
8783
5031
31
  0.877392 seconds (295.35 k allocations: 291.201 MiB)
2532
  0.957444 seconds (289.68 k allocations: 284.746 MiB)
7531
  0.967043 seconds (304.77 k allocations: 300.581 MiB)
  0.971992 seconds (321.61 k allocations: 320.523 MiB)
6282
1282
  0.934923 seconds (195.69 k allocations: 196.588 MiB)
5032
  0.947161 seconds (255.91 k allocations: 255.620 MiB)
8784
  0.944595 seconds (276.38 k allocations: 274.166 MiB)
32
  0.961097 seconds (361.74 k allocations: 358.488 MiB)
3783
  0.875495 seconds (554.50 k allocations: 549.050 MiB)
2533
  0.861515 seconds (334.30 k allocations: 329.874 MiB)
7532
  0.867467 seconds (293.15 k allocations: 289.459 MiB)
1283
  0.881000 seconds (349.12 k allocations: 345.663 MiB)
6283
  0.867711 seconds (267.01 k allocations: 266.053 MiB)
5033
  0.876632 seconds (326.37 k allocations: 324.253 MiB)
33
  0.863805 seconds (317.87 k allocations: 315.059 MiB)
8785
  0.873195 seconds (351.58 k allocations: 348.731 MiB)
3784
  0.879581 seconds (554.49 k allocations: 549.031 MiB)
2534
  0.896241 seconds (415.46 k allocations: 411.770 MiB)
  0.864437 seconds (267.80 k allocations: 265.153 MiB)
7533
5034
  0.891478 seconds (305.62 k allocations: 304.024 MiB)
  0.876522 seconds (251.65 k allocations: 251.301 MiB)
1284
6284
  0.885666 seconds (271.57 k allocations: 270.576 MiB)
34
  0.876672 seconds (272.14 k allocations: 271.302 MiB)
3785
  0.863517 seconds (270.68 k allocations: 270.095 MiB)
8786
  1.195388 seconds (342.42 k allocations: 337.504 MiB, 28.17% gc time)
2535
  0.865084 seconds (187.21 k allocations: 184.063 MiB)
5035
  0.977926 seconds (340.20 k allocations: 336.771 MiB)
7534
  0.969758 seconds (279.42 k allocations: 277.551 MiB)
1285
  0.979568 seconds (292.88 k allocations: 290.603 MiB)
6285
  0.943454 seconds (177.57 k allocations: 180.478 MiB)
35
  0.959356 seconds (272.46 k allocations: 270.223 MiB)
8787
  0.949959 seconds (322.82 k allocations: 318.592 MiB)
2536
  0.987106 seconds (424.68 k allocations: 421.126 MiB)
3786
  0.899535 seconds (554.49 k allocations: 549.031 MiB)
5036
  0.890116 seconds (316.08 k allocations: 313.865 MiB)
7535
  0.890858 seconds (302.41 k allocations: 300.486 MiB)
6286
  0.888266 seconds (240.19 k allocations: 238.969 MiB)
36
  0.920829 seconds (363.78 k allocations: 359.855 MiB)
1286
  0.893476 seconds (270.52 k allocations: 269.572 MiB)
8788
  0.884987 seconds (323.42 k allocations: 321.601 MiB)
2537
  0.879474 seconds (539.41 k allocations: 533.388 MiB)
3787
  0.886467 seconds (554.50 k allocations: 549.063 MiB)
5037
  0.890670 seconds (426.27 k allocations: 420.728 MiB)
6287
  0.874084 seconds (291.79 k allocations: 289.565 MiB)
7536
  0.893462 seconds (338.69 k allocations: 335.865 MiB)
37
  0.890367 seconds (342.78 k allocations: 339.951 MiB)
  0.882973 seconds (331.06 k allocations: 327.593 MiB)
1287
8789
  0.888807 seconds (409.12 k allocations: 403.590 MiB)
2538
  1.446393 seconds (61.46 k allocations: 60.065 MiB, 37.71% gc time)  2.222291 seconds (511.20 k allocations: 505.156 MiB, 24.54% gc time)
  1.497863 seconds (267.15 k allocations: 260.722 MiB, 36.41% gc time)

  1.597052 seconds (432.33 k allocations: 427.044 MiB, 34.15% gc time)
  1.417214 seconds (27.47 k allocations: 26.255 MiB, 38.48% gc time)
  1.470283 seconds (147.21 k allocations: 143.359 MiB, 37.09% gc time)
7537
6288
38
1288
3788
5038
  0.873996 seconds (503.01 k allocations: 490.007 MiB)
8790
  0.952489 seconds (331.44 k allocations: 327.168 MiB)
2539
  0.933048 seconds (136.17 k allocations: 140.496 MiB)
6289
  0.944913 seconds (163.51 k allocations: 166.820 MiB)
7538
  0.944798 seconds (168.23 k allocations: 170.300 MiB)
39
  0.948779 seconds (184.85 k allocations: 187.588 MiB)
  0.946521 seconds (185.85 k allocations: 187.796 MiB)
3789
1289
  0.947989 seconds (251.23 k allocations: 251.498 MiB)
5039
  0.885819 seconds (554.49 k allocations: 549.037 MiB)
8791
  0.886729 seconds (360.72 k allocations: 355.195 MiB)
2540
  0.880268 seconds (301.65 k allocations: 298.824 MiB)
6290
  0.883009 seconds (261.69 k allocations: 260.755 MiB)
7539
  0.869213 seconds (279.90 k allocations: 278.395 MiB)
40
  0.865176 seconds (344.80 k allocations: 341.893 MiB)
3790
  0.890548 seconds (405.49 k allocations: 402.600 MiB)
1290
  0.869127 seconds (400.63 k allocations: 398.137 MiB)
5040
  0.871955 seconds (554.49 k allocations: 549.031 MiB)
8792
  0.884980 seconds (438.60 k allocations: 433.916 MiB)
6291
  0.884572 seconds (407.58 k allocations: 403.035 MiB)
2541
  0.877684 seconds (387.15 k allocations: 382.279 MiB)
7540
  1.236132 seconds (110.50 k allocations: 109.965 MiB, 30.53% gc time)  1.897196 seconds (217.71 k allocations: 216.417 MiB, 19.89% gc time)

  2.017806 seconds (394.26 k allocations: 387.826 MiB, 18.70% gc time)
  1.897478 seconds (218.21 k allocations: 216.890 MiB, 19.89% gc time)
  1.857172 seconds (190.09 k allocations: 188.723 MiB, 20.32% gc time)
8793504141


3791
1291
  0.864906 seconds (412.09 k allocations: 402.909 MiB)
6292
  0.913421 seconds (141.02 k allocations: 142.483 MiB)
42
  0.955268 seconds (326.12 k allocations: 323.460 MiB)
2542
  0.941677 seconds (202.43 k allocations: 204.091 MiB)
7541
  0.932031 seconds (162.29 k allocations: 163.392 MiB)
1292
  0.934552 seconds (171.49 k allocations: 173.592 MiB)
5042
  0.939643 seconds (212.03 k allocations: 213.781 MiB)
8794
  0.937173 seconds (254.50 k allocations: 254.619 MiB)
3792
  0.874973 seconds (554.49 k allocations: 549.031 MiB)
6293
  0.862488 seconds (278.66 k allocations: 275.431 MiB)
2543
  0.874872 seconds (295.67 k allocations: 293.099 MiB)
43
  0.862183 seconds (166.12 k allocations: 166.849 MiB)
5043
  0.869404 seconds (190.57 k allocations: 194.099 MiB)
  0.859639 seconds (163.75 k allocations: 166.128 MiB)
7542
8795
  0.872206 seconds (204.53 k allocations: 209.051 MiB)
1293
  0.875067 seconds (366.20 k allocations: 361.514 MiB)
3793
  0.871117 seconds (554.49 k allocations: 549.024 MiB)
6294
  0.868242 seconds (314.64 k allocations: 311.085 MiB)
2544
  0.863197 seconds (189.56 k allocations: 190.344 MiB)
  0.872186 seconds (233.46 k allocations: 234.268 MiB)
44
  0.871341 seconds (206.24 k allocations: 206.614 MiB)
5044
8796
  0.876484 seconds (219.40 k allocations: 220.679 MiB)
7543
  0.866831 seconds (291.08 k allocations: 290.677 MiB)
3794
  1.868908 seconds (307.04 k allocations: 306.160 MiB, 8.68% gc time)
  1.029755 seconds (57.91 k allocations: 56.858 MiB, 15.76% gc time)
  1.144507 seconds (228.17 k allocations: 227.980 MiB, 14.18% gc time)
2545
1294
6295
  0.868701 seconds (431.23 k allocations: 421.246 MiB)
7544
  0.873647 seconds (79.21 k allocations: 78.441 MiB)
2546
  0.882066 seconds (88.62 k allocations: 88.844 MiB)
  0.949261 seconds (296.12 k allocations: 296.099 MiB)
  0.942520 seconds (218.78 k allocations: 221.028 MiB)
  0.956230 seconds (228.94 k allocations: 233.325 MiB)
  0.938974 seconds (161.27 k allocations: 165.029 MiB)
  0.943509 seconds (161.99 k allocations: 167.073 MiB)
6296
45
8797
5045
3795
1295
  0.876530 seconds (554.49 k allocations: 549.037 MiB)
7545
  0.867637 seconds (552.18 k allocations: 542.478 MiB)
2547
  0.861408 seconds (158.43 k allocations: 156.869 MiB)
5046
  0.871696 seconds (164.66 k allocations: 167.912 MiB)
8798
  0.882896 seconds (185.48 k allocations: 190.464 MiB)
46
  0.881901 seconds (188.56 k allocations: 189.927 MiB)
1296
  0.889001 seconds (211.43 k allocations: 213.224 MiB)
  0.891480 seconds (217.30 k allocations: 221.433 MiB)
3796
6297
  0.869699 seconds (554.49 k allocations: 549.037 MiB)
7546
  0.860614 seconds (554.49 k allocations: 549.044 MiB)
2548
  1.938406 seconds (151.53 k allocations: 151.495 MiB, 25.75% gc time)
  1.954559 seconds (224.59 k allocations: 225.092 MiB, 25.53% gc time)
  1.929279 seconds (133.24 k allocations: 132.783 MiB, 25.87% gc time)
  1.937322 seconds (149.10 k allocations: 149.159 MiB, 25.76% gc time)
  1.945063 seconds (175.39 k allocations: 182.144 MiB, 25.66% gc time)
  1.359997 seconds (57.17 k allocations: 61.597 MiB, 36.70% gc time)
  1.927645 seconds (136.38 k allocations: 140.032 MiB, 25.89% gc time)
6298
1297
47
5047
3797
7547
8799
  0.880797 seconds (184.85 k allocations: 183.029 MiB)
5048
  0.956602 seconds (522.36 k allocations: 510.055 MiB)
2549
  0.924600 seconds (307.66 k allocations: 304.580 MiB)
6299
  0.931994 seconds (292.44 k allocations: 288.981 MiB)
3798
  0.933680 seconds (297.34 k allocations: 295.098 MiB)
48
  0.936039 seconds (322.31 k allocations: 321.607 MiB)
7548
  0.969253 seconds (475.29 k allocations: 470.628 MiB)
8800
  1.045931 seconds (551.12 k allocations: 544.607 MiB)
1298
  0.867694 seconds (429.12 k allocations: 426.270 MiB)
2550
  0.870643 seconds (399.95 k allocations: 395.702 MiB)
5049
  0.899798 seconds (447.56 k allocations: 441.458 MiB)
6300
  0.881169 seconds (305.71 k allocations: 303.273 MiB)
49
  0.885618 seconds (310.54 k allocations: 309.296 MiB)
7549
  0.945847 seconds (390.18 k allocations: 388.124 MiB)
3799
  0.876337 seconds (395.72 k allocations: 389.576 MiB)
8801
  0.922736 seconds (502.21 k allocations: 496.555 MiB)
1299
  0.877423 seconds (489.38 k allocations: 482.501 MiB)
2551
  0.870453 seconds (312.36 k allocations: 309.066 MiB)
  0.893779 seconds (362.89 k allocations: 359.320 MiB)
6301
7550
  0.859543 seconds (300.32 k allocations: 299.116 MiB)
5050
  0.854538 seconds (274.10 k allocations: 274.237 MiB)
50
  0.861401 seconds (252.55 k allocations: 252.386 MiB)
8802
  0.867808 seconds (255.39 k allocations: 255.294 MiB)
  1.390175 seconds (149.77 k allocations: 151.710 MiB, 37.23% gc time)
  2.041921 seconds (229.10 k allocations: 230.259 MiB, 25.35% gc time)
3800
2552
1300
  0.959163 seconds (289.11 k allocations: 285.239 MiB)
6302
  0.932099 seconds (112.10 k allocations: 114.816 MiB)
3801
  0.934958 seconds (96.01 k allocations: 99.598 MiB)
  0.959741 seconds (213.78 k allocations: 214.791 MiB)
5051
7551
  0.917334 seconds (41.23 k allocations: 47.546 MiB)
51
  0.943936 seconds (151.70 k allocations: 155.919 MiB)
8803
  0.940763 seconds (185.88 k allocations: 187.556 MiB)
2553
  0.958417 seconds (351.93 k allocations: 346.662 MiB)
1301
  0.876219 seconds (167.62 k allocations: 168.979 MiB)
  0.871358 seconds (142.53 k allocations: 141.292 MiB)
7552
  0.871822 seconds (138.79 k allocations: 140.474 MiB)
52
  0.875861 seconds (153.14 k allocations: 156.309 MiB)
3802
6303
  0.856639 seconds (74.82 k allocations: 80.877 MiB)
5052
  0.862886 seconds (115.42 k allocations: 119.927 MiB)
8804
  0.873508 seconds (203.75 k allocations: 204.643 MiB)
2554
  0.884815 seconds (383.68 k allocations: 377.043 MiB)
1302
  0.851760 seconds (154.50 k allocations: 155.205 MiB)
3803
  0.869794 seconds (176.86 k allocations: 178.013 MiB)
53
  0.857558 seconds (104.85 k allocations: 105.604 MiB)
  0.857607 seconds (105.60 k allocations: 107.089 MiB)
5053
8805
  0.867936 seconds (143.78 k allocations: 149.332 MiB)
7553
  0.873427 seconds (175.02 k allocations: 178.196 MiB)
6304
  0.868165 seconds (228.39 k allocations: 228.219 MiB)
2555
  1.207073 seconds (219.69 k allocations: 220.071 MiB, 28.02% gc time)
1303
  0.855758 seconds (286.75 k allocations: 282.986 MiB)
3804
  0.933528 seconds (149.51 k allocations: 149.385 MiB)
  0.940610 seconds (171.78 k allocations: 173.713 MiB)
5054
8806
  0.945450 seconds (188.09 k allocations: 191.542 MiB)
  0.937828 seconds (158.98 k allocations: 161.977 MiB)
7554
54
  0.942309 seconds (217.44 k allocations: 218.793 MiB)
6305
  0.932213 seconds (294.39 k allocations: 291.389 MiB)
2556
  0.937947 seconds (306.22 k allocations: 305.348 MiB)
1304
  0.866184 seconds (554.49 k allocations: 549.031 MiB)
3805
  0.869685 seconds (213.42 k allocations: 211.776 MiB)
55
  0.877298 seconds (229.27 k allocations: 229.576 MiB)
8807
  0.879104 seconds (229.80 k allocations: 230.262 MiB)
7555
  0.864691 seconds (170.81 k allocations: 172.775 MiB)
5055
  0.877047 seconds (212.29 k allocations: 215.102 MiB)
6306
  0.869222 seconds (221.16 k allocations: 221.308 MiB)
  0.868520 seconds (221.92 k allocations: 222.155 MiB)
1305
2557
  0.863845 seconds (554.50 k allocations: 549.050 MiB)
3806
  0.868997 seconds (297.14 k allocations: 294.351 MiB)
56
  0.856437 seconds (212.18 k allocations: 213.175 MiB)
7556
  0.869592 seconds (234.66 k allocations: 234.909 MiB)
8808
  0.869123 seconds (206.20 k allocations: 206.624 MiB)
2558
  0.876716 seconds (230.89 k allocations: 231.651 MiB)
1306
  0.874855 seconds (241.29 k allocations: 241.791 MiB)
6307
  0.852432 seconds (268.81 k allocations: 268.304 MiB)
  1.068345 seconds (210.67 k allocations: 211.395 MiB, 18.71% gc time)
5056
3807
  0.873844 seconds (87.32 k allocations: 86.018 MiB)
3808
  0.940906 seconds (255.69 k allocations: 253.452 MiB)
57
  0.971221 seconds (320.25 k allocations: 316.640 MiB)
2559
  0.961165 seconds (262.33 k allocations: 260.169 MiB)
  0.960821 seconds (260.97 k allocations: 259.182 MiB)
7557
8809
  0.964123 seconds (285.21 k allocations: 283.641 MiB)
6308
  0.971901 seconds (479.01 k allocations: 475.390 MiB)
1307
  0.967632 seconds (479.49 k allocations: 476.029 MiB)
5057
  0.878867 seconds (355.79 k allocations: 351.876 MiB)
58
  0.878299 seconds (335.82 k allocations: 332.951 MiB)
3809
  0.881332 seconds (245.39 k allocations: 245.356 MiB)
  0.880323 seconds (243.06 k allocations: 243.372 MiB)
2560
7558
  0.885044 seconds (274.08 k allocations: 274.411 MiB)
8810
  0.886367 seconds (347.63 k allocations: 344.968 MiB)
6309
  0.854277 seconds (468.73 k allocations: 463.116 MiB)
5058
  0.897669 seconds (513.59 k allocations: 509.909 MiB)
1308
  0.872490 seconds (327.39 k allocations: 324.700 MiB)
  0.865389 seconds (291.13 k allocations: 290.095 MiB)
59
3810
  0.869901 seconds (232.05 k allocations: 232.607 MiB)
2561
  0.877534 seconds (243.20 k allocations: 244.676 MiB)
  0.862717 seconds (216.74 k allocations: 218.306 MiB)
7559
8811
  0.892265 seconds (306.66 k allocations: 304.343 MiB)
6310
  0.862108 seconds (275.39 k allocations: 273.210 MiB)
5059
  0.873516 seconds (301.63 k allocations: 298.501 MiB)
1309
  0.882071 seconds (103.21 k allocations: 102.447 MiB)
6311
  0.965023 seconds (213.73 k allocations: 213.271 MiB)
60
  0.969618 seconds (222.44 k allocations: 224.252 MiB)
  0.966967 seconds (206.50 k allocations: 207.902 MiB)
2562
7560
  0.955741 seconds (179.52 k allocations: 181.090 MiB)
3811
  0.972764 seconds (219.98 k allocations: 223.657 MiB)
8812
  0.942605 seconds (271.00 k allocations: 268.981 MiB)
1310
  0.953490 seconds (306.25 k allocations: 305.354 MiB)
5060
  0.880064 seconds (554.49 k allocations: 549.018 MiB)
6312
  0.863748 seconds (197.36 k allocations: 196.391 MiB)
61
  0.871122 seconds (206.30 k allocations: 207.591 MiB)
  0.867456 seconds (185.55 k allocations: 187.774 MiB)
7561
2563
  0.872630 seconds (193.87 k allocations: 196.042 MiB)
8813
  0.876567 seconds (219.48 k allocations: 220.739 MiB)
3812
  0.876039 seconds (273.72 k allocations: 272.825 MiB)
5061
  0.869455 seconds (283.65 k allocations: 282.539 MiB)
1311
  0.879716 seconds (546.72 k allocations: 539.205 MiB)
6313
  0.877229 seconds (225.47 k allocations: 223.302 MiB)
  0.873285 seconds (204.60 k allocations: 202.482 MiB)
62
7562
  0.883529 seconds (235.56 k allocations: 237.009 MiB)
2564
  0.864803 seconds (161.34 k allocations: 164.889 MiB)
8814
  0.882763 seconds (239.90 k allocations: 240.270 MiB)
3813
  0.878767 seconds (263.44 k allocations: 262.989 MiB)
  0.876531 seconds (267.04 k allocations: 265.940 MiB)
5062
1312
  1.518467 seconds (63.26 k allocations: 61.779 MiB, 41.92% gc time)  1.518368 seconds (63.37 k allocations: 61.866 MiB, 41.92% gc time)

  1.533688 seconds (85.61 k allocations: 85.617 MiB, 41.50% gc time)
  1.506629 seconds (47.57 k allocations: 45.542 MiB, 42.25% gc time)
  1.653494 seconds (480.69 k allocations: 471.634 MiB, 38.50% gc time)
63
2565
8815
6314
7563
  0.866700 seconds (387.69 k allocations: 379.570 MiB)
1313
  0.949910 seconds (290.18 k allocations: 286.453 MiB)
  0.990461 seconds (423.87 k allocations: 416.957 MiB)
5063
3814
  0.939058 seconds (114.52 k allocations: 119.932 MiB)
64
  0.936742 seconds (121.47 k allocations: 123.082 MiB)
8816
  0.945790 seconds (144.98 k allocations: 148.237 MiB)
2566
  0.947052 seconds (155.13 k allocations: 159.357 MiB)
  0.945864 seconds (156.36 k allocations: 159.564 MiB)
6315
7564
  0.875084 seconds (554.49 k allocations: 549.037 MiB)
1314
  0.866612 seconds (117.49 k allocations: 119.963 MiB)
8817
  0.884961 seconds (213.05 k allocations: 215.266 MiB)
  0.865602 seconds (99.05 k allocations: 102.623 MiB)
3815
5064
  0.887956 seconds (192.20 k allocations: 196.912 MiB)
  0.873464 seconds (132.85 k allocations: 135.298 MiB)
65
6316
  0.884560 seconds (181.83 k allocations: 186.091 MiB)
2567
  0.881919 seconds (248.60 k allocations: 248.955 MiB)
7565
  0.872219 seconds (554.49 k allocations: 549.018 MiB)
1315
  0.874190 seconds (226.70 k allocations: 226.939 MiB)
  0.860602 seconds (145.19 k allocations: 147.115 MiB)
5065
8818
  0.874824 seconds (175.77 k allocations: 179.775 MiB)
6317
  0.863823 seconds (124.86 k allocations: 127.541 MiB)
66
  0.872432 seconds (134.91 k allocations: 138.566 MiB)
  0.890744 seconds (186.91 k allocations: 190.768 MiB)
3816
2568
  0.885832 seconds (154.78 k allocations: 159.180 MiB)
7566
  1.443351 seconds (312.43 k allocations: 308.837 MiB, 39.82% gc time)
1316
  0.885487 seconds (204.58 k allocations: 204.348 MiB)
6318
  0.947717 seconds (214.73 k allocations: 215.454 MiB)
5066
  0.957336 seconds (191.54 k allocations: 193.452 MiB)
3817
  0.954912 seconds (181.97 k allocations: 183.248 MiB)
7567
  0.939229 seconds (148.72 k allocations: 150.392 MiB)
2569
  0.962674 seconds (209.07 k allocations: 211.998 MiB)
8819
  0.959854 seconds (253.11 k allocations: 253.092 MiB)
67
  0.937060 seconds (267.95 k allocations: 267.488 MiB)
1317
  0.878560 seconds (554.49 k allocations: 549.018 MiB)
6319
  0.871440 seconds (257.19 k allocations: 256.107 MiB)
5067
  0.876913 seconds (205.82 k allocations: 207.128 MiB)
3818
  0.871186 seconds (150.90 k allocations: 152.292 MiB)
8820
  0.879421 seconds (173.94 k allocations: 176.978 MiB)
2570
  0.887429 seconds (206.04 k allocations: 209.107 MiB)
7568
  0.862946 seconds (176.71 k allocations: 178.763 MiB)
1318
  0.879831 seconds (213.09 k allocations: 216.203 MiB)
68
  0.879508 seconds (554.49 k allocations: 549.044 MiB)
6320
  0.865074 seconds (207.14 k allocations: 208.206 MiB)
5068
  0.868934 seconds (150.69 k allocations: 151.936 MiB)
3819
  0.863718 seconds (126.45 k allocations: 128.925 MiB)
  0.875298 seconds (160.25 k allocations: 163.853 MiB)
7569
  0.883254 seconds (196.43 k allocations: 201.593 MiB)
2571
8821
  0.859849 seconds (146.20 k allocations: 149.607 MiB)
1319
  0.867930 seconds (192.21 k allocations: 195.018 MiB)
69
  1.329032 seconds (62.94 k allocations: 62.677 MiB, 32.77% gc time)
  1.397022 seconds (182.25 k allocations: 179.309 MiB, 31.18% gc time)
  1.311888 seconds (29.74 k allocations: 29.672 MiB, 33.20% gc time)
  1.299788 seconds (12.96 k allocations: 12.431 MiB, 33.51% gc time)
  1.545485 seconds (526.44 k allocations: 519.707 MiB, 28.18% gc time)
  1.330716 seconds (66.61 k allocations: 66.502 MiB, 32.73% gc time)
7570
8822
3820
6321
2572
5069
  0.867485 seconds (397.44 k allocations: 387.690 MiB)
1320
  0.977441 seconds (549.01 k allocations: 536.595 MiB)
70
  0.931495 seconds (165.94 k allocations: 168.958 MiB)
5070
  0.933019 seconds (157.91 k allocations: 159.006 MiB)
7571
  0.941667 seconds (186.60 k allocations: 187.868 MiB)
  0.941844 seconds (187.41 k allocations: 188.731 MiB)
3821
8823
  0.945790 seconds (220.33 k allocations: 221.720 MiB)
2573
  0.940876 seconds (316.71 k allocations: 315.368 MiB)
6322
  0.853249 seconds (554.49 k allocations: 549.031 MiB)
1321
  0.883232 seconds (455.56 k allocations: 447.340 MiB)
71
  0.875258 seconds (208.86 k allocations: 210.046 MiB)
  0.866438 seconds (153.96 k allocations: 156.393 MiB)
5071
7572
  0.875047 seconds (176.52 k allocations: 178.253 MiB)
8824
  0.881035 seconds (195.60 k allocations: 197.898 MiB)
3822
  0.885209 seconds (223.79 k allocations: 225.041 MiB)
2574
  0.886361 seconds (393.23 k allocations: 387.377 MiB)
6323
  0.867436 seconds (554.49 k allocations: 549.037 MiB)
1322
  0.869055 seconds (289.09 k allocations: 286.624 MiB)
72
  0.861970 seconds (197.54 k allocations: 199.192 MiB)
5072
  0.863112 seconds (177.80 k allocations: 180.477 MiB)
7573
  0.861666 seconds (167.97 k allocations: 171.258 MiB)
3823
  0.861289 seconds (167.84 k allocations: 170.114 MiB)
8825
  0.878122 seconds (213.52 k allocations: 215.211 MiB)
2575
  0.875267 seconds (284.91 k allocations: 284.928 MiB)
6324
  1.485708 seconds (237.98 k allocations: 238.793 MiB, 31.04% gc time)
  1.322390 seconds (30.67 k allocations: 30.502 MiB, 34.88% gc time)
73
1323
  0.859216 seconds (348.64 k allocations: 342.223 MiB)
7574
  0.934816 seconds (158.98 k allocations: 159.679 MiB)
8826
  0.945517 seconds (197.27 k allocations: 200.157 MiB)
5073
  0.934977 seconds (147.54 k allocations: 150.313 MiB)
2576
  0.946907 seconds (189.79 k allocations: 193.385 MiB)
3824
  0.932958 seconds (207.77 k allocations: 207.106 MiB)
1324
  0.935984 seconds (216.63 k allocations: 216.996 MiB)
74
  0.955430 seconds (305.30 k allocations: 305.667 MiB)
6325
  0.864638 seconds (554.49 k allocations: 549.037 MiB)
7575
  0.862065 seconds (199.21 k allocations: 198.160 MiB)
2577
  0.872803 seconds (219.37 k allocations: 218.867 MiB)
5074
  0.878517 seconds (250.92 k allocations: 252.909 MiB)
8827
  0.852776 seconds (131.42 k allocations: 133.855 MiB)
1325
  0.875118 seconds (214.12 k allocations: 216.833 MiB)
3825
  0.860865 seconds (178.37 k allocations: 181.561 MiB)
75
  0.875885 seconds (348.13 k allocations: 344.206 MiB)
6326
  0.877076 seconds (554.49 k allocations: 549.031 MiB)
7576
  0.869905 seconds (255.64 k allocations: 254.601 MiB)
  0.862213 seconds (190.70 k allocations: 192.601 MiB)
2578
5075
  0.860069 seconds (151.47 k allocations: 154.087 MiB)
3826
  0.862832 seconds (168.92 k allocations: 169.727 MiB)
  0.880710 seconds (241.00 k allocations: 243.751 MiB)
1326
8828
  0.873260 seconds (219.27 k allocations: 221.948 MiB)
76
  0.873311 seconds (360.40 k allocations: 355.961 MiB)
6327
  1.071140 seconds (303.90 k allocations: 300.700 MiB, 14.77% gc time)
7577
  0.878707 seconds (291.21 k allocations: 287.254 MiB)
2579
  0.898483 seconds (110.63 k allocations: 110.952 MiB)
77
  0.967650 seconds (341.77 k allocations: 338.434 MiB)
5076
  0.964907 seconds (302.36 k allocations: 300.910 MiB)
3827
  0.957712 seconds (275.50 k allocations: 275.391 MiB)
8829
  0.959466 seconds (309.90 k allocations: 308.488 MiB)
1327
  0.944525 seconds (358.06 k allocations: 353.521 MiB)
7578
  0.958501 seconds (397.85 k allocations: 395.475 MiB)
6328
  0.858694 seconds (554.49 k allocations: 549.031 MiB)
2580
  0.872285 seconds (338.60 k allocations: 334.158 MiB)
5077
  0.883938 seconds (370.31 k allocations: 368.563 MiB)
78
  0.873464 seconds (270.95 k allocations: 269.642 MiB)
3828
  0.869861 seconds (235.78 k allocations: 234.910 MiB)
  0.873585 seconds (246.31 k allocations: 247.156 MiB)
1328
8830
  0.869543 seconds (299.88 k allocations: 297.842 MiB)
7579
  0.873855 seconds (417.92 k allocations: 412.205 MiB)
6329
  0.873057 seconds (554.48 k allocations: 549.005 MiB)
2581
  0.875209 seconds (284.69 k allocations: 281.202 MiB)
79
  0.882778 seconds (301.51 k allocations: 301.336 MiB)
5078
  0.867720 seconds (214.98 k allocations: 216.067 MiB)
3829
  0.864069 seconds (193.96 k allocations: 194.909 MiB)
1329
  0.871280 seconds (221.07 k allocations: 222.264 MiB)
8831
  0.874345 seconds (283.26 k allocations: 281.961 MiB)
7580
  2.118253 seconds (402.44 k allocations: 396.179 MiB, 23.21% gc time)
  1.370524 seconds (322.78 k allocations: 317.316 MiB, 35.87% gc time)
2582
6330
  0.885758 seconds (282.07 k allocations: 278.505 MiB)
80
  0.960392 seconds (251.77 k allocations: 250.910 MiB)
5079
  0.957517 seconds (236.73 k allocations: 236.689 MiB)
3830
  0.963237 seconds (245.18 k allocations: 244.963 MiB)
  0.952200 seconds (212.20 k allocations: 212.777 MiB)
1330
8832
  0.949826 seconds (247.70 k allocations: 247.781 MiB)
7581
  0.943709 seconds (288.14 k allocations: 286.636 MiB)
6331
  0.940142 seconds (321.94 k allocations: 319.161 MiB)
2583
  0.886764 seconds (554.50 k allocations: 549.044 MiB)
81
  0.859941 seconds (231.82 k allocations: 229.384 MiB)
3831
  0.878585 seconds (265.58 k allocations: 265.554 MiB)
5080
  0.869711 seconds (208.22 k allocations: 209.625 MiB)
1331
  0.871521 seconds (211.91 k allocations: 213.334 MiB)
8833
  0.868585 seconds (220.04 k allocations: 220.070 MiB)
7582
  0.877100 seconds (257.62 k allocations: 257.425 MiB)
6332
  0.861712 seconds (254.69 k allocations: 254.832 MiB)
2584
  0.870522 seconds (550.90 k allocations: 544.191 MiB)
82
  0.874464 seconds (251.25 k allocations: 249.206 MiB)
3832
  0.866745 seconds (186.79 k allocations: 187.681 MiB)
1332
  0.878687 seconds (206.65 k allocations: 208.108 MiB)
5081
  0.858875 seconds (140.45 k allocations: 143.714 MiB)
7583
  0.879409 seconds (204.86 k allocations: 207.960 MiB)
8834
  0.868804 seconds (200.44 k allocations: 202.729 MiB)
2585
  0.877864 seconds (286.38 k allocations: 285.120 MiB)
6333
  1.138092 seconds (101.42 k allocations: 97.053 MiB, 23.68% gc time)
  1.234881 seconds (441.08 k allocations: 431.581 MiB, 21.82% gc time)
  1.136226 seconds (97.70 k allocations: 93.488 MiB, 23.72% gc time)
1333
83
3833
  0.866107 seconds (317.23 k allocations: 312.235 MiB)
7584
  0.957566 seconds (377.99 k allocations: 371.809 MiB)
5082
  0.877877 seconds (119.17 k allocations: 120.530 MiB)
1334
  0.970930 seconds (382.36 k allocations: 377.493 MiB)
8835
  0.883137 seconds (143.50 k allocations: 145.398 MiB)
84
  0.948926 seconds (320.71 k allocations: 320.060 MiB)
6334
  0.949799 seconds (360.48 k allocations: 358.305 MiB)
2586
  0.938942 seconds (537.47 k allocations: 530.303 MiB)
3834
  0.877620 seconds (554.49 k allocations: 549.037 MiB)
7585
  0.864571 seconds (281.30 k allocations: 280.576 MiB)
5083
  0.879242 seconds (283.96 k allocations: 283.324 MiB)
1335
  0.871758 seconds (243.70 k allocations: 244.974 MiB)
8836
  0.877240 seconds (256.99 k allocations: 255.217 MiB)
6335
  0.908655 seconds (422.57 k allocations: 415.088 MiB)
2587
  0.866159 seconds (382.17 k allocations: 377.821 MiB)
3835
  0.957237 seconds (575.53 k allocations: 569.155 MiB)
85
  0.878594 seconds (554.49 k allocations: 549.044 MiB)
7586
  0.868682 seconds (361.19 k allocations: 359.852 MiB)
5084
  0.875021 seconds (346.53 k allocations: 344.601 MiB)
1336
  0.882012 seconds (355.22 k allocations: 351.683 MiB)
8837
  0.877844 seconds (337.46 k allocations: 334.876 MiB)
6336
  0.855390 seconds (343.31 k allocations: 339.243 MiB)
  0.870286 seconds (374.76 k allocations: 371.908 MiB)
3836
2588
  1.897266 seconds (431.16 k allocations: 427.340 MiB, 9.23% gc time)
  1.182843 seconds (352.07 k allocations: 349.037 MiB, 14.81% gc time)
  1.062395 seconds (52.07 k allocations: 51.032 MiB, 16.49% gc time)
  1.083659 seconds (137.76 k allocations: 136.779 MiB, 16.17% gc time)
  1.049505 seconds (12.38 k allocations: 12.226 MiB, 16.69% gc time)
86
5085
6337
8838
7587
  0.871672 seconds (399.62 k allocations: 390.986 MiB)
1337
  0.875595 seconds (99.59 k allocations: 100.385 MiB)
5086
  0.880468 seconds (103.53 k allocations: 105.559 MiB)
8839
  0.880345 seconds (145.39 k allocations: 144.579 MiB)
6338
  0.966127 seconds (429.07 k allocations: 424.792 MiB)
2589
  0.942668 seconds (308.70 k allocations: 309.783 MiB)
3837
  0.932720 seconds (269.02 k allocations: 272.020 MiB)
87
  0.934960 seconds (328.50 k allocations: 327.884 MiB)
7588
  0.879705 seconds (554.49 k allocations: 549.037 MiB)
1338
  0.854210 seconds (382.17 k allocations: 375.890 MiB)
5087
  0.898568 seconds (405.80 k allocations: 398.501 MiB)
8840
  0.865797 seconds (172.21 k allocations: 171.481 MiB)
3838
  0.876244 seconds (196.99 k allocations: 197.796 MiB)
  0.880673 seconds (211.18 k allocations: 214.013 MiB)
2590
6339
  0.882194 seconds (216.24 k allocations: 220.251 MiB)
88
  0.881252 seconds (252.73 k allocations: 254.158 MiB)
7589
  0.869765 seconds (529.85 k allocations: 524.051 MiB)
1339
  0.853947 seconds (482.80 k allocations: 473.590 MiB)
5088
  0.874303 seconds (266.25 k allocations: 264.968 MiB)
8841
  2.228816 seconds (198.45 k allocations: 200.245 MiB, 23.77% gc time)
  2.217479 seconds (170.89 k allocations: 171.414 MiB, 23.90% gc time)
  2.224605 seconds (187.25 k allocations: 188.275 MiB, 23.82% gc time)
  2.207109 seconds (156.43 k allocations: 156.386 MiB, 24.01% gc time)
  2.191069 seconds (144.86 k allocations: 144.089 MiB, 24.18% gc time)
  1.389548 seconds (35.47 k allocations: 35.373 MiB, 38.13% gc time)
7590
6340
2591
3839
89
1340
  0.870085 seconds (463.95 k allocations: 452.542 MiB)
5089
  0.930128 seconds (85.13 k allocations: 86.555 MiB)
  0.943808 seconds (149.57 k allocations: 154.466 MiB)
1341
8842
  0.935528 seconds (95.75 k allocations: 99.517 MiB)
90
  0.950194 seconds (152.35 k allocations: 155.102 MiB)
7591
  0.947295 seconds (159.76 k allocations: 161.151 MiB)
3840
  0.957570 seconds (192.56 k allocations: 196.375 MiB)
6341
  0.952945 seconds (198.47 k allocations: 200.986 MiB)
2592
  0.864632 seconds (554.49 k allocations: 549.018 MiB)
5090
  0.860498 seconds (168.76 k allocations: 169.051 MiB)
91
  0.868780 seconds (210.78 k allocations: 213.098 MiB)
1342
  0.874150 seconds (210.84 k allocations: 213.338 MiB)
8843
  0.872297 seconds (180.91 k allocations: 182.441 MiB)
3841
  0.877068 seconds (197.90 k allocations: 201.326 MiB)
  0.869762 seconds (186.16 k allocations: 187.617 MiB)
7592
2593
  0.876712 seconds (229.57 k allocations: 230.795 MiB)
6342
  0.857413 seconds (554.50 k allocations: 549.056 MiB)
5091
  0.862224 seconds (223.25 k allocations: 222.398 MiB)
8844
  0.865549 seconds (223.81 k allocations: 224.362 MiB)
92
  0.870396 seconds (212.59 k allocations: 213.780 MiB)
1343
  0.882899 seconds (219.21 k allocations: 220.300 MiB)
  0.865217 seconds (181.87 k allocations: 182.231 MiB)
7593
3842
  1.760617 seconds (199.67 k allocations: 200.729 MiB, 9.53% gc time)
  1.772114 seconds (218.77 k allocations: 221.451 MiB, 9.47% gc time)
  1.039604 seconds (121.01 k allocations: 122.846 MiB, 16.14% gc time)
5092
2594
6343
  0.872056 seconds (448.13 k allocations: 437.418 MiB)
8845
  0.882484 seconds (87.95 k allocations: 90.487 MiB)
5093
  0.940830 seconds (273.27 k allocations: 272.909 MiB)
93
  0.941961 seconds (227.63 k allocations: 229.395 MiB)
1344
  0.936193 seconds (194.85 k allocations: 197.013 MiB)
7594
  0.937766 seconds (217.69 k allocations: 217.816 MiB)
2595
  0.939344 seconds (225.47 k allocations: 226.602 MiB)
3843
  0.937681 seconds (279.32 k allocations: 278.395 MiB)
6344
  0.872193 seconds (554.49 k allocations: 549.044 MiB)
8846
  0.865549 seconds (308.47 k allocations: 305.180 MiB)
5094
  0.869347 seconds (276.22 k allocations: 274.488 MiB)
94
  0.869335 seconds (203.89 k allocations: 205.471 MiB)
1345
  0.865350 seconds (174.50 k allocations: 177.513 MiB)
7595
  0.864139 seconds (182.12 k allocations: 183.780 MiB)
  0.868109 seconds (192.47 k allocations: 196.254 MiB)
3844
2596
  0.875675 seconds (305.09 k allocations: 303.051 MiB)
6345
  0.879996 seconds (554.50 k allocations: 549.056 MiB)
8847
  0.861260 seconds (289.74 k allocations: 287.259 MiB)
95
  0.860032 seconds (177.47 k allocations: 178.776 MiB)
7596
  0.877454 seconds (238.28 k allocations: 239.604 MiB)
1346
  0.864003 seconds (176.59 k allocations: 178.298 MiB)
3845
  0.868844 seconds (203.19 k allocations: 205.150 MiB)
2597
  0.857318 seconds (224.84 k allocations: 224.838 MiB)
5095
  0.874860 seconds (315.07 k allocations: 313.797 MiB)
  1.132730 seconds (246.14 k allocations: 246.411 MiB, 14.17% gc time)
  1.028679 seconds (16.60 k allocations: 17.087 MiB, 15.60% gc time)
6346
96
8848
  0.871570 seconds (364.50 k allocations: 357.395 MiB)
7597
  0.876861 seconds (79.21 k allocations: 78.441 MiB)
  0.879345 seconds (79.92 k allocations: 80.478 MiB)
97
8849
  0.923739 seconds (194.88 k allocations: 195.610 MiB)
  0.958063 seconds (338.00 k allocations: 337.169 MiB)
5096
1347
  0.957785 seconds (337.61 k allocations: 337.439 MiB)
3846
  0.946070 seconds (298.44 k allocations: 300.146 MiB)
2598
  0.947455 seconds (405.65 k allocations: 401.673 MiB)
6347
  0.869024 seconds (554.49 k allocations: 549.018 MiB)
7598
  0.871467 seconds (349.22 k allocations: 345.555 MiB)
98
  0.874756 seconds (338.70 k allocations: 335.708 MiB)
8850
  0.861403 seconds (191.49 k allocations: 192.367 MiB)
5097
  0.868867 seconds (214.66 k allocations: 215.946 MiB)
1348
  0.876931 seconds (257.47 k allocations: 257.095 MiB)
3847
  0.886465 seconds (355.35 k allocations: 352.178 MiB)
2599
  0.874732 seconds (376.30 k allocations: 372.397 MiB)
6348
  0.877879 seconds (554.49 k allocations: 549.031 MiB)
7599
  0.870716 seconds (388.14 k allocations: 384.227 MiB)
99
  0.855175 seconds (205.21 k allocations: 204.095 MiB)
5098
  0.884992 seconds (296.14 k allocations: 294.943 MiB)
  0.876223 seconds (242.79 k allocations: 242.395 MiB)
8851
1349
  0.878987 seconds (245.10 k allocations: 245.248 MiB)
3848
  2.322051 seconds (235.03 k allocations: 234.569 MiB, 28.13% gc time)
  1.525551 seconds (156.03 k allocations: 156.333 MiB, 42.81% gc time)
  2.320461 seconds (235.69 k allocations: 235.217 MiB, 28.15% gc time)
7600
6349
2600
  0.859570 seconds (386.21 k allocations: 378.169 MiB)
5099
  0.940608 seconds (136.31 k allocations: 139.202 MiB)
8852
  0.973617 seconds (295.45 k allocations: 294.121 MiB)
100
  0.943336 seconds (131.89 k allocations: 135.323 MiB)
3849
  0.943944 seconds (134.74 k allocations: 139.465 MiB)
1350
  0.950816 seconds (196.69 k allocations: 197.707 MiB)
7601
  0.953086 seconds (241.24 k allocations: 240.508 MiB)
2601
  0.974301 seconds (348.96 k allocations: 346.219 MiB)
6350
  0.872158 seconds (554.49 k allocations: 549.024 MiB)
5100
  0.867812 seconds (266.96 k allocations: 265.448 MiB)
8853
  0.865722 seconds (222.39 k allocations: 221.761 MiB)
3850
  0.869236 seconds (230.72 k allocations: 231.117 MiB)
101
  0.872083 seconds (233.37 k allocations: 233.817 MiB)
1351
  0.868798 seconds (245.61 k allocations: 245.739 MiB)
7602
  0.859882 seconds (258.57 k allocations: 258.333 MiB)
2602
  0.873815 seconds (474.96 k allocations: 468.017 MiB)
6351
  0.872244 seconds (554.49 k allocations: 549.037 MiB)
5101
  0.857997 seconds (233.70 k allocations: 233.002 MiB)
  0.872922 seconds (308.37 k allocations: 306.566 MiB)
8854
3851
  0.876027 seconds (245.16 k allocations: 244.972 MiB)
102
  0.878520 seconds (243.66 k allocations: 243.727 MiB)
1352
  0.887736 seconds (279.73 k allocations: 278.402 MiB)
7603
  0.882290 seconds (319.89 k allocations: 317.040 MiB)
2603
  1.958157 seconds (321.00 k allocations: 318.288 MiB, 17.99% gc time)
  1.211119 seconds (242.27 k allocations: 240.276 MiB, 29.08% gc time)
6352
5102
  0.858946 seconds (338.01 k allocations: 332.036 MiB)
8855
  0.976198 seconds (362.71 k allocations: 357.087 MiB)
3852
  0.946430 seconds (213.52 k allocations: 213.270 MiB)
1353
  0.957688 seconds (242.23 k allocations: 242.163 MiB)
103
  0.924212 seconds (155.48 k allocations: 155.636 MiB)
5103
  0.953571 seconds (252.56 k allocations: 253.627 MiB)
7604
  0.953935 seconds (334.14 k allocations: 329.427 MiB)
6353
  0.961482 seconds (354.06 k allocations: 352.320 MiB)
2604
  0.869023 seconds (554.50 k allocations: 549.056 MiB)
8856
  0.871730 seconds (322.16 k allocations: 318.277 MiB)
3853
  0.871104 seconds (306.79 k allocations: 303.768 MiB)
1354
  0.869625 seconds (245.67 k allocations: 245.422 MiB)
104
  0.866383 seconds (223.68 k allocations: 224.583 MiB)
5104
  0.867402 seconds (246.37 k allocations: 246.486 MiB)
7605
  0.870316 seconds (370.81 k allocations: 364.521 MiB)
2605
  0.881121 seconds (413.98 k allocations: 410.912 MiB)
6354
  0.872161 seconds (554.50 k allocations: 549.050 MiB)
8857
  0.855980 seconds (211.41 k allocations: 208.618 MiB)
5105
  0.875467 seconds (307.70 k allocations: 306.027 MiB)
3854
  0.877645 seconds (311.40 k allocations: 310.962 MiB)
1355
  0.869750 seconds (246.65 k allocations: 247.787 MiB)
105
  0.877022 seconds (287.34 k allocations: 285.675 MiB)
7606
  0.870339 seconds (340.49 k allocations: 335.475 MiB)
2606
  0.876427 seconds (358.73 k allocations: 354.342 MiB)
6355
  1.176779 seconds (401.54 k allocations: 396.517 MiB, 13.64% gc time)
  1.023308 seconds (47.74 k allocations: 45.711 MiB, 15.69% gc time)
  1.031551 seconds (79.45 k allocations: 77.257 MiB, 15.56% gc time)
3855
106
8858
  0.869434 seconds (359.04 k allocations: 350.957 MiB)
7607
  0.878538 seconds (80.67 k allocations: 81.067 MiB)
3856
  0.887361 seconds (88.22 k allocations: 89.701 MiB)
107
  0.893121 seconds (104.36 k allocations: 105.316 MiB)
  0.987673 seconds (452.13 k allocations: 446.793 MiB)
8859
1356
  0.962132 seconds (338.40 k allocations: 338.224 MiB)
5106
  0.950118 seconds (295.61 k allocations: 297.457 MiB)
2607
  0.954573 seconds (389.05 k allocations: 387.036 MiB)
6356
  0.869376 seconds (554.50 k allocations: 549.056 MiB)
7608
  0.866366 seconds (250.64 k allocations: 249.821 MiB)
3857
  0.862510 seconds (135.42 k allocations: 137.295 MiB)
  0.864635 seconds (140.06 k allocations: 143.103 MiB)
1357
5107
  0.864193 seconds (137.83 k allocations: 141.184 MiB)
  0.881545 seconds (223.60 k allocations: 227.002 MiB)
8860
108
  0.878177 seconds (221.74 k allocations: 223.101 MiB)
2608
  0.876433 seconds (328.09 k allocations: 325.043 MiB)
6357
  0.868116 seconds (554.49 k allocations: 549.031 MiB)
7609
  0.865421 seconds (311.65 k allocations: 308.209 MiB)
3858
  0.869621 seconds (220.31 k allocations: 220.994 MiB)
5108
  0.872802 seconds (215.85 k allocations: 216.900 MiB)
  0.869310 seconds (187.49 k allocations: 189.687 MiB)
1358
8861
  0.874715 seconds (163.82 k allocations: 166.259 MiB)
2609
  0.885037 seconds (188.99 k allocations: 192.975 MiB)
109
  0.873721 seconds (176.48 k allocations: 179.960 MiB)
6358
  1.424641 seconds (394.12 k allocations: 388.207 MiB, 24.89% gc time)
  1.231117 seconds (59.45 k allocations: 56.932 MiB, 28.81% gc time)
1359
7610
  0.870087 seconds (193.44 k allocations: 192.480 MiB)
3859
  0.978293 seconds (287.50 k allocations: 286.322 MiB)
5109
  0.963555 seconds (214.05 k allocations: 214.994 MiB)
6359
  0.955395 seconds (184.54 k allocations: 185.727 MiB)
110
  0.969745 seconds (226.19 k allocations: 228.215 MiB)
  0.954352 seconds (187.84 k allocations: 190.411 MiB)
2610
8862
  0.937306 seconds (271.34 k allocations: 270.554 MiB)
1360
  0.941563 seconds (355.19 k allocations: 350.973 MiB)
7611
  0.865597 seconds (554.49 k allocations: 549.044 MiB)
3860
  0.875811 seconds (241.45 k allocations: 241.047 MiB)
6360
  0.869908 seconds (165.59 k allocations: 166.172 MiB)
111
  0.878169 seconds (188.18 k allocations: 189.199 MiB)
5110
  0.876598 seconds (182.70 k allocations: 184.133 MiB)
2611
  0.884106 seconds (210.90 k allocations: 213.749 MiB)
8863
  0.877853 seconds (253.44 k allocations: 253.414 MiB)
1361
  0.880310 seconds (351.66 k allocations: 347.585 MiB)
7612
  0.871591 seconds (554.49 k allocations: 549.037 MiB)
3861
  0.881900 seconds (244.78 k allocations: 244.218 MiB)
  0.868456 seconds (157.75 k allocations: 158.629 MiB)
6361
5111
  0.869246 seconds (160.16 k allocations: 161.171 MiB)
112
  0.875377 seconds (173.62 k allocations: 175.455 MiB)
  0.880495 seconds (190.53 k allocations: 196.657 MiB)
2612
8864
  0.863623 seconds (270.45 k allocations: 269.700 MiB)
1362
  0.869028 seconds (430.11 k allocations: 423.895 MiB)
7613
  1.377012 seconds (483.36 k allocations: 478.541 MiB, 22.28% gc time)
  1.240468 seconds (151.42 k allocations: 151.230 MiB, 24.74% gc time)
  1.209705 seconds (72.20 k allocations: 71.535 MiB, 25.37% gc time)
  1.179799 seconds (31.07 k allocations: 29.814 MiB, 26.01% gc time)
  1.221975 seconds (105.16 k allocations: 104.439 MiB, 25.11% gc time)
  1.187762 seconds (38.53 k allocations: 38.498 MiB, 25.83% gc time)
113
3862
8865
2613
6362
5112
  0.873937 seconds (427.96 k allocations: 418.111 MiB)
1363
  0.883427 seconds (95.51 k allocations: 100.169 MiB)
  0.876193 seconds (79.23 k allocations: 78.473 MiB)
8866
2614
  0.951244 seconds (356.36 k allocations: 353.833 MiB)
7614
  0.928161 seconds (219.85 k allocations: 219.699 MiB)
5113
  0.935361 seconds (259.70 k allocations: 258.009 MiB)
  0.932920 seconds (264.09 k allocations: 262.363 MiB)
114
3863
  0.941679 seconds (303.99 k allocations: 305.668 MiB)
6363
  0.891049 seconds (554.49 k allocations: 549.024 MiB)
1364
  0.890620 seconds (404.51 k allocations: 395.942 MiB)
8867
  0.900847 seconds (410.60 k allocations: 403.125 MiB)
2615
  0.872441 seconds (200.58 k allocations: 202.265 MiB)
7615
  0.874491 seconds (185.05 k allocations: 185.159 MiB)
115
  0.886724 seconds (224.80 k allocations: 227.043 MiB)
5114
  0.883399 seconds (246.40 k allocations: 245.471 MiB)
6364
  0.901899 seconds (330.83 k allocations: 328.873 MiB)
3864
  0.873641 seconds (554.49 k allocations: 549.044 MiB)
1365
  0.879613 seconds (295.86 k allocations: 293.135 MiB)
  0.870130 seconds (226.17 k allocations: 225.326 MiB)
8868
7616
  0.872530 seconds (225.04 k allocations: 225.710 MiB)
2616
  0.861085 seconds (159.07 k allocations: 162.767 MiB)
5115
  0.866518 seconds (173.69 k allocations: 176.969 MiB)
116
  0.874368 seconds (213.40 k allocations: 215.126 MiB)
6365
  0.854092 seconds (216.88 k allocations: 218.630 MiB)
3865
  1.237981 seconds (332.34 k allocations: 327.894 MiB, 29.17% gc time)
1366
  0.874220 seconds (189.92 k allocations: 189.106 MiB)
8869
  0.954403 seconds (186.61 k allocations: 187.339 MiB)
117
  0.934801 seconds (118.79 k allocations: 118.941 MiB)
5116
  0.949788 seconds (149.62 k allocations: 152.308 MiB)
3866
  0.948377 seconds (151.13 k allocations: 152.706 MiB)
2617
  1.004199 seconds (392.61 k allocations: 392.535 MiB)
  0.956794 seconds (185.83 k allocations: 189.883 MiB)
7617
6366
  0.938960 seconds (353.77 k allocations: 349.607 MiB)
1367
  0.860574 seconds (554.49 k allocations: 549.018 MiB)
8870
  0.871138 seconds (230.23 k allocations: 230.301 MiB)
118
  0.862013 seconds (143.92 k allocations: 145.440 MiB)
2618
  0.874120 seconds (205.76 k allocations: 208.494 MiB)
5117
  0.867803 seconds (160.77 k allocations: 164.368 MiB)
3867
  0.869373 seconds (178.61 k allocations: 181.640 MiB)
7618
  0.875298 seconds (233.90 k allocations: 234.720 MiB)
6367
  0.870777 seconds (339.48 k allocations: 335.939 MiB)
1368
  0.870492 seconds (554.48 k allocations: 549.012 MiB)
8871
  0.865858 seconds (205.99 k allocations: 205.880 MiB)
119
  0.864545 seconds (193.84 k allocations: 194.434 MiB)
5118
  0.862695 seconds (173.95 k allocations: 175.581 MiB)
3868
  0.883552 seconds (245.21 k allocations: 246.403 MiB)
2619
  0.877195 seconds (257.95 k allocations: 257.535 MiB)
6368
  0.867638 seconds (315.16 k allocations: 312.467 MiB)
7619
  0.873521 seconds (385.90 k allocations: 380.341 MiB)
1369
  1.357208 seconds (519.94 k allocations: 513.498 MiB, 24.03% gc time)
  1.228745 seconds (119.70 k allocations: 116.999 MiB, 26.54% gc time)
  1.236380 seconds (168.18 k allocations: 165.831 MiB, 26.37% gc time)
  1.229437 seconds (122.93 k allocations: 120.128 MiB, 26.52% gc time)
  1.222889 seconds (93.50 k allocations: 90.753 MiB, 26.67% gc time)
  1.202866 seconds (37.31 k allocations: 36.515 MiB, 27.11% gc time)
3869
8872
120
6369
5119
2620
  0.878860 seconds (160.19 k allocations: 159.424 MiB)
5120
  0.933521 seconds (122.78 k allocations: 122.596 MiB)
8873
  0.938563 seconds (126.66 k allocations: 126.478 MiB)
121
  0.941775 seconds (133.47 k allocations: 135.632 MiB)
6370
  0.941548 seconds (140.28 k allocations: 142.322 MiB)
2621
  1.012799 seconds (452.98 k allocations: 449.106 MiB)
1370
  1.032066 seconds (550.87 k allocations: 545.393 MiB)
7620
  0.945459 seconds (526.35 k allocations: 519.647 MiB)
3870
  0.872967 seconds (554.35 k allocations: 548.716 MiB)
5121
  0.866432 seconds (224.96 k allocations: 225.456 MiB)
8874
  0.873731 seconds (207.05 k allocations: 207.261 MiB)
6371
  0.872737 seconds (197.40 k allocations: 198.192 MiB)
2622
  0.879973 seconds (216.43 k allocations: 219.044 MiB)
122
  0.868258 seconds (192.93 k allocations: 194.126 MiB)
1371
  0.863965 seconds (196.21 k allocations: 197.422 MiB)
7621
  0.877209 seconds (503.41 k allocations: 495.260 MiB)
3871
  0.860345 seconds (323.21 k allocations: 319.287 MiB)
5122
  0.867379 seconds (159.85 k allocations: 161.906 MiB)
1372
  0.863127 seconds (132.81 k allocations: 133.571 MiB)
8875
  0.869992 seconds (146.71 k allocations: 148.296 MiB)
  0.873781 seconds (162.28 k allocations: 165.781 MiB)
123
6372
  0.861099 seconds (107.34 k allocations: 110.989 MiB)
7622
  0.869241 seconds (133.17 k allocations: 137.140 MiB)
2623
  0.874212 seconds (212.91 k allocations: 213.643 MiB)
3872
  0.862396 seconds (201.68 k allocations: 200.338 MiB)
5123
  0.878290 seconds (98.52 k allocations: 100.587 MiB)
8876
  0.888164 seconds (128.01 k allocations: 131.447 MiB)
7623
  0.926752 seconds (307.23 k allocations: 306.781 MiB)
1373
  0.885586 seconds (129.40 k allocations: 133.119 MiB)
6373
  0.890029 seconds (148.34 k allocations: 152.658 MiB)
124
  0.883974 seconds (163.18 k allocations: 165.815 MiB)
3873
  0.891038 seconds (227.30 k allocations: 228.584 MiB)
2624
  0.883090 seconds (525.81 k allocations: 517.384 MiB)
5124
  0.872453 seconds (171.02 k allocations: 172.415 MiB)
8877
  0.865327 seconds (109.91 k allocations: 112.910 MiB)
7624
  0.870247 seconds (130.22 k allocations: 133.719 MiB)
1374
  0.869574 seconds (130.18 k allocations: 132.664 MiB)
125
  0.866825 seconds (138.84 k allocations: 141.126 MiB)
3874
  0.882832 seconds (207.41 k allocations: 211.833 MiB)
6374
  0.872654 seconds (242.50 k allocations: 243.141 MiB)
2625
  0.862247 seconds (458.88 k allocations: 450.252 MiB)
5125
  0.861653 seconds (152.80 k allocations: 155.002 MiB)
8878
  0.862402 seconds (130.25 k allocations: 133.572 MiB)
1375
  0.863501 seconds (127.49 k allocations: 131.106 MiB)
7625
  0.865625 seconds (141.88 k allocations: 143.860 MiB)
3875
  0.869868 seconds (158.42 k allocations: 162.325 MiB)
126
  0.863077 seconds (240.15 k allocations: 238.274 MiB)
2626
  0.890149 seconds (349.37 k allocations: 346.645 MiB)
6375
  1.106262 seconds (126.65 k allocations: 122.426 MiB, 21.92% gc time)
  1.121554 seconds (233.03 k allocations: 226.870 MiB, 21.62% gc time)
8879
5126
  0.874627 seconds (231.82 k allocations: 229.212 MiB)
3876
  0.875122 seconds (79.22 k allocations: 78.447 MiB)
  0.981902 seconds (335.12 k allocations: 336.065 MiB)
  0.971106 seconds (290.51 k allocations: 288.980 MiB)
  0.891290 seconds (82.50 k allocations: 86.893 MiB)
8880
  0.958087 seconds (209.53 k allocations: 212.318 MiB)
1376
  0.987065 seconds (284.08 k allocations: 286.279 MiB)
7626
5127
2627
127
  0.955387 seconds (276.75 k allocations: 278.372 MiB)
6376
  0.868374 seconds (554.50 k allocations: 549.050 MiB)
3877
  0.864525 seconds (255.65 k allocations: 254.682 MiB)
8881
  0.871888 seconds (211.01 k allocations: 212.074 MiB)
1377
  0.866400 seconds (178.64 k allocations: 180.071 MiB)
7627
  0.872824 seconds (207.31 k allocations: 207.674 MiB)
2628
  0.877659 seconds (224.19 k allocations: 226.472 MiB)
  0.864001 seconds (205.47 k allocations: 207.436 MiB)
128
5128
  0.874583 seconds (491.57 k allocations: 485.146 MiB)
6377
  0.873483 seconds (554.49 k allocations: 549.044 MiB)
3878
  0.851842 seconds (335.84 k allocations: 332.775 MiB)
8882
  0.859252 seconds (265.48 k allocations: 264.370 MiB)
7628
  0.870005 seconds (288.46 k allocations: 289.007 MiB)
1378
  1.850192 seconds (269.88 k allocations: 268.770 MiB, 10.40% gc time)
  1.843916 seconds (255.10 k allocations: 253.412 MiB, 10.44% gc time)
  1.044512 seconds (91.98 k allocations: 92.251 MiB, 18.42% gc time)
  1.793650 seconds (171.32 k allocations: 170.845 MiB, 10.73% gc time)
  1.794598 seconds (171.66 k allocations: 171.331 MiB, 10.72% gc time)
2629
5129
129
3879
6378
  0.871568 seconds (419.85 k allocations: 410.378 MiB)
8883
  0.884913 seconds (79.21 k allocations: 78.441 MiB)
3880
  0.930823 seconds (145.41 k allocations: 148.097 MiB)
5130
  0.944780 seconds (200.37 k allocations: 203.326 MiB)
1379
  0.964000 seconds (285.77 k allocations: 287.671 MiB)
  0.940394 seconds (181.07 k allocations: 182.710 MiB)
7629
2630
  0.938560 seconds (191.45 k allocations: 192.863 MiB)
  0.949444 seconds (217.88 k allocations: 223.170 MiB)
6379
130
  0.866667 seconds (554.49 k allocations: 549.018 MiB)
8884
  0.866762 seconds (423.10 k allocations: 414.864 MiB)
3881
  0.872469 seconds (229.04 k allocations: 228.137 MiB)
5131
  0.872411 seconds (223.28 k allocations: 224.046 MiB)
1380
  0.864949 seconds (176.11 k allocations: 179.083 MiB)
7630
  0.863636 seconds (192.48 k allocations: 192.483 MiB)
131
  0.871857 seconds (221.25 k allocations: 222.647 MiB)
2631
  0.876681 seconds (265.19 k allocations: 266.088 MiB)
6380
  0.854068 seconds (554.50 k allocations: 549.050 MiB)
8885
  0.874149 seconds (460.94 k allocations: 452.490 MiB)
3882
  0.865456 seconds (182.62 k allocations: 183.703 MiB)
7631
  0.862820 seconds (159.85 k allocations: 160.860 MiB)
  0.871467 seconds (180.66 k allocations: 184.196 MiB)
5132
1381
  0.874644 seconds (170.11 k allocations: 173.493 MiB)
2632
  0.870768 seconds (158.61 k allocations: 162.670 MiB)
132
  0.877709 seconds (176.75 k allocations: 180.219 MiB)
6381
  1.081800 seconds (195.25 k allocations: 196.691 MiB, 20.24% gc time)
8886
  0.863746 seconds (307.84 k allocations: 303.174 MiB)
3883
  0.876765 seconds (79.21 k allocations: 78.441 MiB)
8887
  0.935496 seconds (157.44 k allocations: 158.372 MiB)
133
  0.951932 seconds (215.04 k allocations: 218.568 MiB)
1382
  0.944790 seconds (185.15 k allocations: 187.696 MiB)
2633
  0.939559 seconds (186.95 k allocations: 188.395 MiB)
  0.957498 seconds (240.07 k allocations: 245.386 MiB)
6382
7632
  0.954174 seconds (286.06 k allocations: 287.255 MiB)
5133
  0.869771 seconds (554.49 k allocations: 549.031 MiB)
3884
  0.872229 seconds (431.29 k allocations: 422.727 MiB)
8888
  0.873735 seconds (211.19 k allocations: 212.274 MiB)
  0.857627 seconds (140.08 k allocations: 139.469 MiB)
134
7633
  0.871540 seconds (188.25 k allocations: 191.905 MiB)
1383
  0.870512 seconds (184.49 k allocations: 188.477 MiB)
2634
  0.877688 seconds (243.80 k allocations: 244.198 MiB)
6383
  0.865811 seconds (240.59 k allocations: 241.292 MiB)
5134
  0.864798 seconds (554.50 k allocations: 549.050 MiB)
3885
  0.864295 seconds (421.52 k allocations: 413.347 MiB)
8889
  0.870640 seconds (186.32 k allocations: 187.225 MiB)
135
  1.802050 seconds (178.13 k allocations: 179.574 MiB, 8.08% gc time)
  1.804562 seconds (188.64 k allocations: 190.844 MiB, 8.07% gc time)
  1.796474 seconds (158.23 k allocations: 159.359 MiB, 8.11% gc time)
  1.785609 seconds (134.97 k allocations: 134.725 MiB, 8.16% gc time)
  1.006200 seconds (55.90 k allocations: 56.532 MiB, 14.48% gc time)
  1.786192 seconds (135.60 k allocations: 135.915 MiB, 8.16% gc time)
2635
5135
1384
7634
6384
3886
  0.866571 seconds (458.11 k allocations: 446.954 MiB)
8890
  0.881667 seconds (79.22 k allocations: 78.441 MiB)
3887
  0.931641 seconds (141.84 k allocations: 147.127 MiB)
5136
  0.940581 seconds (144.05 k allocations: 148.203 MiB)
136
  0.954274 seconds (179.87 k allocations: 183.886 MiB)
2636
  0.952303 seconds (183.39 k allocations: 183.744 MiB)
  0.953308 seconds (185.10 k allocations: 185.788 MiB)
  0.953501 seconds (188.10 k allocations: 190.363 MiB)
7635
1385
6385
  0.881236 seconds (554.49 k allocations: 549.024 MiB)
8891
  0.859525 seconds (338.60 k allocations: 334.008 MiB)
3888
  0.875400 seconds (208.08 k allocations: 208.078 MiB)
  0.881769 seconds (239.27 k allocations: 240.492 MiB)
137
5137
  0.858208 seconds (164.29 k allocations: 164.097 MiB)
7636
  0.875040 seconds (195.18 k allocations: 197.483 MiB)
  0.878297 seconds (203.94 k allocations: 207.726 MiB)
6386
2637
  0.869940 seconds (201.63 k allocations: 205.243 MiB)
1386
  0.864959 seconds (554.50 k allocations: 549.050 MiB)
8892
  0.864326 seconds (477.61 k allocations: 467.021 MiB)
3889
  0.871445 seconds (313.00 k allocations: 309.675 MiB)
  1.868977 seconds (278.33 k allocations: 276.642 MiB, 12.39% gc time)
  1.632944 seconds (134.76 k allocations: 135.602 MiB, 14.18% gc time)
  1.839965 seconds (257.29 k allocations: 255.382 MiB, 12.58% gc time)
  1.627566 seconds (132.81 k allocations: 132.551 MiB, 14.22% gc time)
  1.092911 seconds (53.63 k allocations: 54.193 MiB, 21.18% gc time)
  1.636992 seconds (137.20 k allocations: 139.224 MiB, 14.14% gc time)
138
1387
8893
5138
7637
6387
2638
  0.869458 seconds (455.82 k allocations: 444.776 MiB)
3890
  0.876312 seconds (79.35 k allocations: 79.795 MiB)
1388
  0.937124 seconds (163.46 k allocations: 165.365 MiB)
8894
  0.944233 seconds (176.97 k allocations: 180.912 MiB)
  0.942536 seconds (170.04 k allocations: 173.193 MiB)
  0.940668 seconds (168.32 k allocations: 170.540 MiB)
5139
2639
139
  0.941969 seconds (188.15 k allocations: 190.920 MiB)
7638
  0.945629 seconds (196.38 k allocations: 200.207 MiB)
6388
  0.863219 seconds (554.49 k allocations: 549.024 MiB)
3891
  0.863299 seconds (548.48 k allocations: 541.863 MiB)
1389
  0.860867 seconds (201.01 k allocations: 202.530 MiB)
8895
  0.872158 seconds (194.48 k allocations: 196.460 MiB)
5140
  0.867892 seconds (182.52 k allocations: 182.721 MiB)
  0.873633 seconds (196.56 k allocations: 201.201 MiB)
7639
140
  0.878247 seconds (225.71 k allocations: 228.079 MiB)
  0.876818 seconds (231.96 k allocations: 234.197 MiB)
2640
6389
  0.866663 seconds (554.48 k allocations: 548.993 MiB)
3892
  0.859978 seconds (545.73 k allocations: 537.989 MiB)
1390
  1.931111 seconds (174.14 k allocations: 175.520 MiB, 14.99% gc time)
  1.928264 seconds (164.06 k allocations: 163.402 MiB, 15.01% gc time)
  1.934057 seconds (188.47 k allocations: 190.439 MiB, 14.96% gc time)
  1.905728 seconds (132.23 k allocations: 130.561 MiB, 15.19% gc time)
  1.927167 seconds (161.12 k allocations: 160.638 MiB, 15.02% gc time)
  1.142357 seconds (51.80 k allocations: 49.845 MiB, 25.33% gc time)
  1.918583 seconds (143.21 k allocations: 143.054 MiB, 15.08% gc time)
2641
7640
8896
141
5141
3893
6390
  0.855222 seconds (483.43 k allocations: 471.188 MiB)
1391
  0.874082 seconds (79.74 k allocations: 80.164 MiB)
3894
  0.934788 seconds (179.19 k allocations: 182.858 MiB)
7641
  0.938332 seconds (181.35 k allocations: 183.890 MiB)
2642
  0.935182 seconds (171.82 k allocations: 173.739 MiB)
  0.940411 seconds (188.80 k allocations: 193.390 MiB)
8897
142
  0.937564 seconds (197.78 k allocations: 200.153 MiB)
5142
  0.940552 seconds (220.81 k allocations: 223.622 MiB)
6391
  0.861656 seconds (554.49 k allocations: 549.044 MiB)
1392
  0.864966 seconds (525.00 k allocations: 515.174 MiB)
3895
  0.868447 seconds (227.21 k allocations: 227.578 MiB)
7642
  0.871113 seconds (198.41 k allocations: 200.221 MiB)
8898
  0.869955 seconds (195.40 k allocations: 196.288 MiB)
2643
  0.871826 seconds (202.47 k allocations: 204.460 MiB)
143
  0.876324 seconds (246.80 k allocations: 248.287 MiB)
  0.860904 seconds (241.84 k allocations: 243.674 MiB)
6392
5143
  0.864059 seconds (554.49 k allocations: 549.044 MiB)
1393
  0.872397 seconds (496.36 k allocations: 487.804 MiB)
3896
  0.881004 seconds (292.11 k allocations: 289.712 MiB)
7643
  0.879114 seconds (243.69 k allocations: 243.543 MiB)
2644
  1.747047 seconds (233.99 k allocations: 234.470 MiB, 8.99% gc time)
  1.722518 seconds (198.54 k allocations: 199.305 MiB, 9.12% gc time)
  1.706504 seconds (181.97 k allocations: 182.187 MiB, 9.21% gc time)
  1.019060 seconds (76.91 k allocations: 77.865 MiB, 15.42% gc time)
  1.669461 seconds (156.66 k allocations: 157.109 MiB, 9.41% gc time)
8899
6393
144
1394
5144
  0.874173 seconds (449.86 k allocations: 439.066 MiB)
3897
  0.941357 seconds (209.62 k allocations: 210.580 MiB)
2645
  0.925480 seconds (152.81 k allocations: 152.711 MiB)
1395
  0.935204 seconds (168.62 k allocations: 170.493 MiB)
8900
  0.948158 seconds (213.69 k allocations: 217.447 MiB)
7644
  0.947403 seconds (223.39 k allocations: 225.687 MiB)
6394
  1.285505 seconds (475.28 k allocations: 470.609 MiB)
5145
  1.325754 seconds (519.73 k allocations: 514.548 MiB)
145
  0.858758 seconds (554.49 k allocations: 549.044 MiB)
3898
  0.873286 seconds (318.22 k allocations: 317.325 MiB)
1396
  0.867738 seconds (293.12 k allocations: 292.260 MiB)
  0.871242 seconds (301.07 k allocations: 302.156 MiB)
7645
8901
  0.871964 seconds (380.07 k allocations: 375.822 MiB)
6395
  0.939072 seconds (538.54 k allocations: 533.769 MiB)
2646
  0.869098 seconds (517.92 k allocations: 512.628 MiB)
5146
  0.854297 seconds (498.75 k allocations: 494.466 MiB)
146
  0.866333 seconds (554.49 k allocations: 549.024 MiB)
3899
  0.861574 seconds (369.47 k allocations: 365.325 MiB)
8902
  0.867107 seconds (373.32 k allocations: 370.407 MiB)
7646
  0.877725 seconds (396.21 k allocations: 396.161 MiB)
1397
  1.742547 seconds (361.44 k allocations: 358.002 MiB, 11.87% gc time)
  1.783527 seconds (413.12 k allocations: 408.666 MiB, 11.60% gc time)
  1.417352 seconds (226.67 k allocations: 225.028 MiB, 14.60% gc time)
  1.064103 seconds (129.50 k allocations: 132.222 MiB, 19.44% gc time)
  1.398159 seconds (208.71 k allocations: 210.650 MiB, 14.80% gc time)
6396
5147
3900
2647
147
  0.888162 seconds (446.77 k allocations: 436.759 MiB)
7647
  0.939354 seconds (242.27 k allocations: 240.599 MiB)
  0.916841 seconds (138.15 k allocations: 138.659 MiB)
1398
3901
  0.935133 seconds (161.34 k allocations: 162.314 MiB)
2648
  0.943274 seconds (178.60 k allocations: 180.237 MiB)
6397
  1.134144 seconds (592.98 k allocations: 587.963 MiB)
8903
  1.141443 seconds (463.60 k allocations: 458.230 MiB)
148
  1.333250 seconds (565.30 k allocations: 560.622 MiB)
5148
  0.862930 seconds (554.50 k allocations: 549.063 MiB)
7648
  0.865419 seconds (377.40 k allocations: 375.340 MiB)
2649
  0.870719 seconds (378.95 k allocations: 377.014 MiB)
6398
  0.959037 seconds (496.01 k allocations: 491.661 MiB)
1399
  0.970764 seconds (545.51 k allocations: 539.213 MiB)
3902
  1.016191 seconds (539.41 k allocations: 533.201 MiB)
8904
  0.968402 seconds (554.49 k allocations: 549.037 MiB)
149
  0.903182 seconds (518.66 k allocations: 513.539 MiB)
5149
  0.864763 seconds (554.49 k allocations: 549.031 MiB)
7649
  0.870880 seconds (475.28 k allocations: 470.609 MiB)
2650
  0.873373 seconds (476.75 k allocations: 473.416 MiB)
6399
  1.693817 seconds (490.04 k allocations: 483.506 MiB, 9.90% gc time)
  1.446774 seconds (338.45 k allocations: 334.620 MiB, 11.59% gc time)
  1.627886 seconds (417.63 k allocations: 412.984 MiB, 10.30% gc time)
  1.029918 seconds (101.29 k allocations: 99.995 MiB, 16.28% gc time)
  1.344794 seconds (180.87 k allocations: 179.068 MiB, 12.47% gc time)
  1.377526 seconds (227.01 k allocations: 229.413 MiB, 12.17% gc time)
1400
7650
8905
3903
5150
150
  0.886093 seconds (419.82 k allocations: 410.329 MiB)
6400
  0.876777 seconds (116.06 k allocations: 114.947 MiB)
7651
  0.955542 seconds (397.84 k allocations: 390.903 MiB)
2651
  0.930973 seconds (229.79 k allocations: 227.829 MiB)
8906
  0.942682 seconds (268.12 k allocations: 269.599 MiB)
5151
  0.938145 seconds (259.77 k allocations: 259.300 MiB)
3904
  1.264874 seconds (475.28 k allocations: 470.602 MiB)
151
  1.308977 seconds (522.93 k allocations: 518.827 MiB)
1401
  0.875380 seconds (522.78 k allocations: 515.863 MiB)
6401
  0.876893 seconds (381.68 k allocations: 376.828 MiB)
2652
  0.861799 seconds (268.83 k allocations: 269.025 MiB)
8907
  0.875292 seconds (288.46 k allocations: 287.979 MiB)
5152
  0.875701 seconds (293.67 k allocations: 293.162 MiB)
3905
  0.963941 seconds (568.48 k allocations: 563.657 MiB)
7652
  0.888609 seconds (518.05 k allocations: 512.779 MiB)
152
  0.872342 seconds (496.55 k allocations: 492.394 MiB)
1402
  0.869240 seconds (547.07 k allocations: 540.548 MiB)
6402
  0.856101 seconds (388.91 k allocations: 386.371 MiB)
8908
  0.871012 seconds (401.10 k allocations: 398.217 MiB)
2653
  2.009978 seconds (380.68 k allocations: 376.224 MiB, 17.91% gc time)
  1.966457 seconds (344.47 k allocations: 340.384 MiB, 18.31% gc time)
  1.644766 seconds (200.99 k allocations: 199.005 MiB, 21.89% gc time)
  2.032856 seconds (412.70 k allocations: 408.128 MiB, 17.71% gc time)
  1.627310 seconds (186.21 k allocations: 183.698 MiB, 22.13% gc time)
  1.233211 seconds (107.60 k allocations: 106.319 MiB, 29.20% gc time)
3906
7653
5153
6403
153
1403
  0.878516 seconds (164.06 k allocations: 163.140 MiB)
5154
  0.977619 seconds (360.77 k allocations: 353.999 MiB)
  0.977750 seconds (357.90 k allocations: 352.613 MiB)
2654
8909
  0.939192 seconds (136.03 k allocations: 139.303 MiB)
3907
  0.943280 seconds (147.36 k allocations: 151.555 MiB)
6404
  0.940753 seconds (157.57 k allocations: 160.278 MiB)
154
  0.954569 seconds (216.66 k allocations: 219.440 MiB)
  0.944057 seconds (214.74 k allocations: 216.515 MiB)
7654
1404
  0.857677 seconds (534.17 k allocations: 526.774 MiB)
5155
  0.882068 seconds (301.80 k allocations: 298.785 MiB)
8910
  0.871840 seconds (199.98 k allocations: 201.533 MiB)
2655
  0.887077 seconds (214.69 k allocations: 215.780 MiB)
3908
  0.870144 seconds (138.04 k allocations: 140.199 MiB)
6405
  0.872084 seconds (145.27 k allocations: 148.508 MiB)
155
  0.887962 seconds (216.07 k allocations: 217.671 MiB)
1405
  0.887576 seconds (255.82 k allocations: 255.880 MiB)
7655
  0.876867 seconds (553.78 k allocations: 547.013 MiB)
5156
  1.466658 seconds (247.51 k allocations: 245.606 MiB, 36.12% gc time)
  1.421223 seconds (78.61 k allocations: 79.091 MiB, 37.27% gc time)
  1.419254 seconds (74.88 k allocations: 75.518 MiB, 37.33% gc time)
  1.430630 seconds (106.46 k allocations: 108.175 MiB, 37.03% gc time)
  1.402754 seconds (52.79 k allocations: 51.894 MiB, 37.76% gc time)
  1.429280 seconds (102.91 k allocations: 104.815 MiB, 37.06% gc time)
  1.408348 seconds (56.32 k allocations: 56.617 MiB, 37.61% gc time)
2656
156
3909
1406
8911
6406
7656
  0.857269 seconds (472.79 k allocations: 461.036 MiB)
5157
  0.869966 seconds (155.16 k allocations: 158.474 MiB)
6407
  0.929615 seconds (199.92 k allocations: 202.702 MiB)
1407
  0.929693 seconds (175.74 k allocations: 174.845 MiB)
  0.929408 seconds (177.75 k allocations: 178.125 MiB)
2657
  0.935743 seconds (183.30 k allocations: 188.170 MiB)
7657
  0.933725 seconds (182.42 k allocations: 186.596 MiB)
3910
  0.938457 seconds (194.10 k allocations: 201.660 MiB)
8912
157
  0.863055 seconds (554.48 k allocations: 549.012 MiB)
5158
  0.869800 seconds (554.49 k allocations: 549.018 MiB)
6408
  0.869966 seconds (267.44 k allocations: 267.330 MiB)
1408
  0.858582 seconds (179.44 k allocations: 180.826 MiB)
158
  0.866688 seconds (200.16 k allocations: 202.085 MiB)
  0.869822 seconds (208.04 k allocations: 212.677 MiB)
7658
3911
  0.869105 seconds (226.30 k allocations: 228.681 MiB)
2658
  0.862971 seconds (245.78 k allocations: 247.504 MiB)
8913
  0.854409 seconds (554.49 k allocations: 549.031 MiB)
5159
  0.871763 seconds (554.49 k allocations: 549.031 MiB)
6409
  1.804030 seconds (326.36 k allocations: 321.259 MiB, 9.95% gc time)
  1.809646 seconds (333.44 k allocations: 329.279 MiB, 9.92% gc time)
  1.674541 seconds (196.99 k allocations: 196.250 MiB, 10.72% gc time)
  1.597927 seconds (131.96 k allocations: 130.282 MiB, 11.24% gc time)
  1.596109 seconds (132.12 k allocations: 130.567 MiB, 11.25% gc time)
  1.595659 seconds (132.39 k allocations: 131.101 MiB, 11.25% gc time)
  1.050425 seconds (53.77 k allocations: 54.067 MiB, 17.10% gc time)
159
1409
2659
3912
7659
5160
8914
  0.888327 seconds (478.95 k allocations: 466.904 MiB)
6410
  0.937958 seconds (169.33 k allocations: 172.005 MiB)
7660
  0.936451 seconds (157.72 k allocations: 157.424 MiB)
  0.936101 seconds (158.30 k allocations: 159.339 MiB)
2660
  0.938062 seconds (160.95 k allocations: 162.473 MiB)
3913
1410
  0.978078 seconds (308.81 k allocations: 307.462 MiB)
160
  1.255386 seconds (475.28 k allocations: 470.615 MiB)
8915
  1.316089 seconds (513.77 k allocations: 510.075 MiB)
5161
  0.865607 seconds (554.49 k allocations: 549.037 MiB)
6411
  0.868101 seconds (371.23 k allocations: 366.809 MiB)
2661
  0.871545 seconds (376.61 k allocations: 373.368 MiB)
7661
  0.871448 seconds (377.47 k allocations: 374.375 MiB)
3914
  1.027830 seconds (501.86 k allocations: 497.255 MiB)
  0.990757 seconds (475.99 k allocations: 472.646 MiB)
1411
161
  1.201189 seconds (520.77 k allocations: 515.366 MiB)
8916
  1.143762 seconds (492.51 k allocations: 488.501 MiB)
5162
  0.869884 seconds (446.41 k allocations: 443.176 MiB)
6412
  0.856815 seconds (367.94 k allocations: 364.036 MiB)
  0.866501 seconds (376.68 k allocations: 374.749 MiB)
7662
2662
  0.922570 seconds (423.79 k allocations: 420.293 MiB)
3915
  1.771930 seconds (365.69 k allocations: 362.073 MiB, 11.51% gc time)
  1.260297 seconds (224.74 k allocations: 221.721 MiB, 16.18% gc time)
  1.807320 seconds (379.32 k allocations: 376.310 MiB, 11.28% gc time)
  1.056566 seconds (50.57 k allocations: 48.539 MiB, 19.30% gc time)
  1.154171 seconds (114.43 k allocations: 112.199 MiB, 17.67% gc time)
1412
162
8917
6413
5163
  0.870193 seconds (389.78 k allocations: 381.569 MiB)
2663
  0.873194 seconds (79.22 k allocations: 78.447 MiB)
8918
  0.879512 seconds (87.01 k allocations: 87.316 MiB)
6414
  0.961228 seconds (401.90 k allocations: 397.400 MiB)
7663
  0.928939 seconds (231.24 k allocations: 233.047 MiB)
163
  0.956922 seconds (364.13 k allocations: 362.809 MiB)
3916
  0.928906 seconds (260.81 k allocations: 259.234 MiB)
5164
  0.938729 seconds (312.46 k allocations: 313.777 MiB)
1413
  0.868345 seconds (554.49 k allocations: 549.024 MiB)
2664
  0.867170 seconds (395.10 k allocations: 388.114 MiB)
8919
  0.871963 seconds (362.00 k allocations: 356.579 MiB)
6415
  0.874128 seconds (258.92 k allocations: 258.111 MiB)
7664
  0.872249 seconds (221.55 k allocations: 222.564 MiB)
  0.866735 seconds (200.93 k allocations: 202.953 MiB)
164
3917
  0.873933 seconds (244.28 k allocations: 244.698 MiB)
5165
  0.874595 seconds (268.43 k allocations: 269.202 MiB)
1414
  0.885101 seconds (554.50 k allocations: 549.056 MiB)
2665
  0.866184 seconds (436.09 k allocations: 426.117 MiB)
8920
  0.881935 seconds (317.11 k allocations: 313.611 MiB)
6416
  1.925949 seconds (252.24 k allocations: 251.756 MiB, 12.67% gc time)
  1.917573 seconds (228.65 k allocations: 227.937 MiB, 12.73% gc time)
  1.882951 seconds (162.29 k allocations: 162.038 MiB, 12.96% gc time)
  1.895848 seconds (181.45 k allocations: 181.650 MiB, 12.87% gc time)
  1.109097 seconds (53.08 k allocations: 52.356 MiB, 22.01% gc time)
  1.861094 seconds (136.50 k allocations: 136.219 MiB, 13.11% gc time)
3918
1415
165
2666
5166
7665
  0.869885 seconds (479.62 k allocations: 467.548 MiB)
8921
  0.878340 seconds (89.39 k allocations: 90.631 MiB)
2667
  0.927407 seconds (173.15 k allocations: 175.860 MiB)
166
  0.934328 seconds (180.47 k allocations: 180.616 MiB)
1416
  0.948202 seconds (243.08 k allocations: 246.841 MiB)
6417
  0.938096 seconds (199.77 k allocations: 201.884 MiB)
3919
  0.931325 seconds (216.94 k allocations: 218.519 MiB)
7666
  0.943610 seconds (243.90 k allocations: 246.935 MiB)
5167
  0.865864 seconds (554.50 k allocations: 549.056 MiB)
8922
  0.866966 seconds (509.78 k allocations: 500.636 MiB)
2668
  0.872723 seconds (263.29 k allocations: 262.119 MiB)
  0.858771 seconds (173.50 k allocations: 175.226 MiB)
167
1417
  0.858894 seconds (184.70 k allocations: 184.841 MiB)
  0.869586 seconds (213.93 k allocations: 216.613 MiB)
7667
6418
  0.867849 seconds (212.26 k allocations: 215.242 MiB)
3920
  0.860603 seconds (209.39 k allocations: 212.705 MiB)
5168
  0.865902 seconds (554.50 k allocations: 549.050 MiB)
8923
  0.859289 seconds (503.35 k allocations: 493.063 MiB)
2669
  0.864323 seconds (228.34 k allocations: 228.669 MiB)
1418
  1.770031 seconds (158.74 k allocations: 158.537 MiB, 8.94% gc time)
  1.783594 seconds (170.66 k allocations: 171.161 MiB, 8.87% gc time)
  1.783297 seconds (170.50 k allocations: 171.014 MiB, 8.87% gc time)
  1.010877 seconds (53.79 k allocations: 54.304 MiB, 15.66% gc time)
  1.732734 seconds (132.96 k allocations: 132.640 MiB, 9.13% gc time)
  1.782534 seconds (169.82 k allocations: 170.378 MiB, 8.88% gc time)
168
8924
5169
6419
3921
7668
  0.869579 seconds (456.42 k allocations: 445.356 MiB)
2670
  0.874203 seconds (94.47 k allocations: 95.494 MiB)
8925
  0.938322 seconds (165.18 k allocations: 164.566 MiB)
6420
  0.944056 seconds (177.30 k allocations: 177.575 MiB)
1419
  0.947818 seconds (187.67 k allocations: 188.874 MiB)
5170
  0.948041 seconds (192.99 k allocations: 195.409 MiB)
169
  0.939894 seconds (209.52 k allocations: 211.380 MiB)
  0.944411 seconds (216.67 k allocations: 220.796 MiB)
3922
7669
  0.858994 seconds (554.49 k allocations: 549.037 MiB)
2671
  0.867705 seconds (523.80 k allocations: 514.044 MiB)
8926
  0.887764 seconds (302.60 k allocations: 299.753 MiB)
6421
  0.870486 seconds (206.03 k allocations: 207.522 MiB)
1420
  0.867228 seconds (190.26 k allocations: 192.620 MiB)
5171
  0.862125 seconds (178.60 k allocations: 180.425 MiB)
170
  0.867252 seconds (199.37 k allocations: 202.925 MiB)
7670
  0.869725 seconds (263.37 k allocations: 264.353 MiB)
3923
  0.870407 seconds (554.50 k allocations: 549.063 MiB)
2672
  0.872343 seconds (525.43 k allocations: 515.611 MiB)
8927
  1.992053 seconds (165.69 k allocations: 166.269 MiB, 17.25% gc time)
  1.997883 seconds (193.22 k allocations: 195.101 MiB, 17.20% gc time)
  1.989172 seconds (158.77 k allocations: 158.507 MiB, 17.28% gc time)
  1.979968 seconds (139.83 k allocations: 139.196 MiB, 17.36% gc time)
  1.972347 seconds (132.34 k allocations: 130.882 MiB, 17.43% gc time)
  1.992523 seconds (167.25 k allocations: 167.958 MiB, 17.25% gc time)
  1.217166 seconds (53.27 k allocations: 52.651 MiB, 28.24% gc time)
171
5172
7671
3924
6422
1421
2673
  0.863406 seconds (460.73 k allocations: 449.465 MiB)
8928
  0.876205 seconds (82.90 k allocations: 83.195 MiB)
2674
  0.937759 seconds (162.28 k allocations: 160.563 MiB)
  0.937461 seconds (162.82 k allocations: 162.315 MiB)
172
3925
  0.939143 seconds (165.40 k allocations: 167.584 MiB)
6423
  0.944499 seconds (181.86 k allocations: 184.715 MiB)
7672
  0.939688 seconds (192.71 k allocations: 195.305 MiB)
  0.949157 seconds (203.90 k allocations: 208.613 MiB)
1422
5173
  0.862611 seconds (554.49 k allocations: 549.018 MiB)
8929
  0.867648 seconds (549.03 k allocations: 539.629 MiB)
2675
  0.858746 seconds (163.91 k allocations: 165.788 MiB)
3926
  0.868724 seconds (187.58 k allocations: 189.852 MiB)
173
  0.867911 seconds (181.78 k allocations: 183.250 MiB)
7673
  0.863342 seconds (180.36 k allocations: 180.853 MiB)
5174
  0.873605 seconds (205.26 k allocations: 209.753 MiB)
6424
  0.871448 seconds (219.91 k allocations: 222.730 MiB)
1423
  0.862173 seconds (554.49 k allocations: 549.037 MiB)
8930
  0.871948 seconds (472.37 k allocations: 462.007 MiB)
2676
  0.859778 seconds (182.51 k allocations: 184.798 MiB)
3927
  0.860004 seconds (140.63 k allocations: 143.693 MiB)
5175
  0.867844 seconds (142.21 k allocations: 144.184 MiB)
  0.871669 seconds (147.05 k allocations: 150.130 MiB)
174
  0.877004 seconds (158.22 k allocations: 163.610 MiB)
6425
  0.875961 seconds (154.99 k allocations: 159.131 MiB)
7674
1424
  1.204659 seconds (93.41 k allocations: 99.261 MiB, 29.05% gc time)
8931
  0.877059 seconds (411.81 k allocations: 402.644 MiB)
2677
  0.935385 seconds (98.06 k allocations: 100.163 MiB)
175
  0.940524 seconds (100.70 k allocations: 104.091 MiB)
5176
  0.934360 seconds (90.10 k allocations: 91.667 MiB)
8932
  0.959874 seconds (181.16 k allocations: 187.573 MiB)
  0.947957 seconds (125.13 k allocations: 130.383 MiB)
3928
1425
  0.955376 seconds (150.04 k allocations: 156.921 MiB)
6426
  0.950334 seconds (154.15 k allocations: 158.592 MiB)
7675
  0.875185 seconds (554.49 k allocations: 549.031 MiB)
2678
  0.861529 seconds (228.85 k allocations: 228.987 MiB)
5177
  0.865787 seconds (164.70 k allocations: 166.561 MiB)
8933
  0.868762 seconds (168.56 k allocations: 170.444 MiB)
176
  0.885597 seconds (219.90 k allocations: 220.973 MiB)
6427
  0.870801 seconds (193.07 k allocations: 194.257 MiB)
7676
  0.875971 seconds (221.09 k allocations: 222.493 MiB)
1426
  0.874667 seconds (233.36 k allocations: 234.404 MiB)
3929
  0.874964 seconds (554.50 k allocations: 549.063 MiB)
2679
  0.874366 seconds (411.87 k allocations: 402.900 MiB)
5178
  0.857667 seconds (168.48 k allocations: 170.181 MiB)
8934
  0.862823 seconds (170.16 k allocations: 171.944 MiB)
177
  0.878913 seconds (223.81 k allocations: 227.170 MiB)
6428
  0.878434 seconds (211.48 k allocations: 213.087 MiB)
7677
  0.869143 seconds (192.67 k allocations: 195.265 MiB)
3930
  0.870819 seconds (207.82 k allocations: 209.963 MiB)
1427
  1.206713 seconds (141.29 k allocations: 143.667 MiB, 28.31% gc time)
2680
  0.861668 seconds (405.77 k allocations: 396.900 MiB)
5179
  0.942816 seconds (156.30 k allocations: 158.339 MiB)
8935
  0.950596 seconds (165.89 k allocations: 168.926 MiB)
178
  0.939882 seconds (119.23 k allocations: 122.022 MiB)
3931
  0.949462 seconds (150.95 k allocations: 156.202 MiB)
6429
  0.933267 seconds (121.40 k allocations: 124.439 MiB)
2681
  0.945974 seconds (152.05 k allocations: 157.649 MiB)
7678
  0.936833 seconds (156.27 k allocations: 160.638 MiB)
1428
  0.880518 seconds (554.49 k allocations: 549.031 MiB)
5180
  0.861825 seconds (208.21 k allocations: 209.238 MiB)
8936
  0.855025 seconds (102.64 k allocations: 102.271 MiB)
  0.871925 seconds (162.46 k allocations: 166.989 MiB)
7679
179
  0.868473 seconds (133.00 k allocations: 136.573 MiB)
2682
  0.868425 seconds (136.02 k allocations: 140.879 MiB)
3932
  0.876200 seconds (178.33 k allocations: 182.776 MiB)
6430
  0.878465 seconds (228.03 k allocations: 230.501 MiB)
1429
  0.869473 seconds (554.49 k allocations: 549.024 MiB)
5181
  0.866326 seconds (270.71 k allocations: 269.039 MiB)
8937
  0.863900 seconds (169.85 k allocations: 171.466 MiB)
7680
  0.871440 seconds (185.58 k allocations: 187.934 MiB)
180
  0.868921 seconds (173.49 k allocations: 176.571 MiB)
3933
  0.867711 seconds (177.99 k allocations: 181.064 MiB)
2683
  0.868852 seconds (224.08 k allocations: 225.363 MiB)
1430
  0.877013 seconds (327.47 k allocations: 324.465 MiB)
  1.002681 seconds (256.38 k allocations: 254.631 MiB, 14.08% gc time)
6431
5182
  0.864029 seconds (367.07 k allocations: 359.839 MiB)
8938
  0.877085 seconds (79.22 k allocations: 78.454 MiB)
5183
  0.963841 seconds (310.28 k allocations: 308.319 MiB)
7681
  0.949976 seconds (215.76 k allocations: 216.824 MiB)
3934
  0.953839 seconds (227.98 k allocations: 229.892 MiB)
  0.935698 seconds (171.54 k allocations: 174.688 MiB)
181
1431
  0.959328 seconds (301.94 k allocations: 302.293 MiB)
2684
  0.953888 seconds (393.43 k allocations: 388.801 MiB)
6432
  0.867554 seconds (554.49 k allocations: 549.044 MiB)
8939
  0.873863 seconds (371.45 k allocations: 366.870 MiB)
5184
  0.872370 seconds (194.66 k allocations: 195.234 MiB)
  0.873311 seconds (194.26 k allocations: 196.209 MiB)
7682
3935
  0.876178 seconds (200.08 k allocations: 200.773 MiB)
  0.858805 seconds (157.93 k allocations: 160.589 MiB)
182
2685
  0.879226 seconds (212.19 k allocations: 215.146 MiB)
1432
  0.878328 seconds (370.18 k allocations: 365.348 MiB)
6433
  0.872477 seconds (554.50 k allocations: 549.050 MiB)
8940
  0.861830 seconds (308.42 k allocations: 305.149 MiB)
5185
  0.855796 seconds (146.09 k allocations: 148.724 MiB)
7683
  0.867873 seconds (154.45 k allocations: 156.915 MiB)
  0.869141 seconds (152.59 k allocations: 156.134 MiB)
3936
2686
  0.871842 seconds (154.71 k allocations: 158.752 MiB)
183
  0.879315 seconds (174.66 k allocations: 178.037 MiB)
1433
  0.876412 seconds (201.69 k allocations: 204.065 MiB)
6434
  1.071643 seconds (303.32 k allocations: 300.098 MiB, 19.55% gc time)
8941
  0.872731 seconds (207.65 k allocations: 207.294 MiB)
6435
  0.873066 seconds (79.21 k allocations: 78.441 MiB)
8942
  0.951780 seconds (193.79 k allocations: 195.620 MiB)
7684
  0.941409 seconds (158.48 k allocations: 159.562 MiB)
184
  0.959601 seconds (213.98 k allocations: 217.741 MiB)
  0.953870 seconds (195.00 k allocations: 199.471 MiB)
5186
3937
  0.949509 seconds (223.61 k allocations: 224.883 MiB)
1434
  0.961923 seconds (281.34 k allocations: 282.753 MiB)
2687
  0.876680 seconds (554.50 k allocations: 549.069 MiB)
6436
  0.867512 seconds (339.09 k allocations: 334.456 MiB)
8943
  0.864837 seconds (178.13 k allocations: 180.639 MiB)
7685
  0.867508 seconds (166.51 k allocations: 169.693 MiB)
185
  0.868875 seconds (172.39 k allocations: 174.249 MiB)
3938
  0.871862 seconds (183.28 k allocations: 186.078 MiB)
5187
  0.869347 seconds (210.25 k allocations: 212.105 MiB)
1435
  0.868645 seconds (242.45 k allocations: 243.070 MiB)
2688
  0.878463 seconds (554.49 k allocations: 549.024 MiB)
6437
  0.863122 seconds (348.20 k allocations: 341.969 MiB)
8944
  0.858778 seconds (203.02 k allocations: 204.437 MiB)
7686
  0.860554 seconds (160.47 k allocations: 162.688 MiB)
5188
  0.861225 seconds (160.00 k allocations: 162.417 MiB)
  0.868963 seconds (185.40 k allocations: 188.847 MiB)
186
3939
  0.860807 seconds (182.54 k allocations: 184.361 MiB)
2689
  0.871587 seconds (224.06 k allocations: 226.699 MiB)
1436
  1.078972 seconds (278.92 k allocations: 275.367 MiB, 19.35% gc time)
6438
  0.864114 seconds (210.44 k allocations: 209.967 MiB)
8945
  0.882552 seconds (79.22 k allocations: 78.447 MiB)
  0.938873 seconds (222.47 k allocations: 223.013 MiB)
6439
5189
  0.962604 seconds (288.17 k allocations: 287.335 MiB)
7687
  0.940001 seconds (206.64 k allocations: 207.047 MiB)
2690
  0.953337 seconds (253.04 k allocations: 255.311 MiB)
3940
  0.947962 seconds (244.72 k allocations: 246.294 MiB)
187
  0.940931 seconds (277.22 k allocations: 277.595 MiB)
1437
  0.863554 seconds (554.49 k allocations: 549.044 MiB)
8946
  0.871575 seconds (294.79 k allocations: 290.858 MiB)
  0.874733 seconds (307.81 k allocations: 304.656 MiB)
5190
6440
  0.865913 seconds (192.57 k allocations: 194.628 MiB)
7688
  0.861068 seconds (171.92 k allocations: 172.602 MiB)
  0.865464 seconds (181.09 k allocations: 182.596 MiB)
  0.869240 seconds (194.94 k allocations: 199.794 MiB)
3941
188
2691
  0.878152 seconds (332.81 k allocations: 329.573 MiB)
1438
  0.866611 seconds (554.49 k allocations: 549.031 MiB)
8947
  0.863131 seconds (292.60 k allocations: 289.991 MiB)
5191
  0.854839 seconds (196.69 k allocations: 197.163 MiB)
7689
  0.876771 seconds (292.69 k allocations: 291.671 MiB)
6441
  0.876072 seconds (193.62 k allocations: 194.602 MiB)
3942
  0.878901 seconds (202.03 k allocations: 204.008 MiB)
2692
  0.882389 seconds (231.52 k allocations: 232.446 MiB)
  0.869768 seconds (218.69 k allocations: 219.253 MiB)
189
1439
  1.196314 seconds (462.40 k allocations: 454.789 MiB, 13.31% gc time)
  1.022956 seconds (1.72 k allocations: 1.691 MiB, 15.56% gc time)
  1.055616 seconds (78.24 k allocations: 76.146 MiB, 15.08% gc time)
8948
2693
7690
  0.882646 seconds (230.93 k allocations: 227.126 MiB)
5192
  0.910526 seconds (216.91 k allocations: 212.664 MiB)
6442
  0.873809 seconds (106.16 k allocations: 108.065 MiB)
  0.871686 seconds (105.29 k allocations: 106.141 MiB)
2694
8949
  0.974923 seconds (424.65 k allocations: 420.559 MiB)
190
  0.987100 seconds (476.84 k allocations: 470.693 MiB)
3943
  0.969533 seconds (426.28 k allocations: 421.252 MiB)
1440
  0.945088 seconds (470.13 k allocations: 464.617 MiB)
7691
  0.872769 seconds (539.45 k allocations: 533.235 MiB)
5193
  0.863377 seconds (243.51 k allocations: 241.982 MiB)
  0.883190 seconds (357.14 k allocations: 351.933 MiB)
8950
6443
  0.869213 seconds (257.31 k allocations: 256.774 MiB)
2695
  0.875572 seconds (265.23 k allocations: 264.313 MiB)
191
  0.869086 seconds (244.84 k allocations: 245.016 MiB)
3944
  0.870631 seconds (265.77 k allocations: 265.206 MiB)
1441
  0.861878 seconds (360.43 k allocations: 355.971 MiB)
7692
  0.861724 seconds (529.11 k allocations: 520.525 MiB)
5194
  0.874598 seconds (252.99 k allocations: 250.878 MiB)
8951
  0.871490 seconds (197.74 k allocations: 198.166 MiB)
6444
  0.868930 seconds (167.28 k allocations: 167.960 MiB)
  0.868904 seconds (163.89 k allocations: 165.709 MiB)
  0.861387 seconds (135.47 k allocations: 137.851 MiB)
192
3945
2696
  0.869684 seconds (178.19 k allocations: 181.397 MiB)
1442
  0.868012 seconds (251.63 k allocations: 251.873 MiB)
7693
  1.068674 seconds (265.92 k allocations: 257.309 MiB, 19.70% gc time)
5195
  0.857882 seconds (189.57 k allocations: 188.753 MiB)
8952
  0.958612 seconds (298.30 k allocations: 296.672 MiB)
193
  0.886696 seconds (93.62 k allocations: 93.643 MiB)
5196
  0.960479 seconds (237.88 k allocations: 239.203 MiB)
1443
  0.924742 seconds (150.34 k allocations: 151.962 MiB)
7694
  0.951476 seconds (222.89 k allocations: 224.004 MiB)
  0.958275 seconds (241.03 k allocations: 243.944 MiB)
2697
6445
  0.960418 seconds (258.49 k allocations: 262.109 MiB)
3946
  0.861865 seconds (554.49 k allocations: 549.031 MiB)
8953
  0.870979 seconds (275.61 k allocations: 273.731 MiB)
194
  0.872032 seconds (202.87 k allocations: 204.305 MiB)
5197
  0.855197 seconds (103.25 k allocations: 105.490 MiB)
2698
  0.875875 seconds (180.90 k allocations: 184.849 MiB)
  0.874204 seconds (174.19 k allocations: 178.599 MiB)
1444
7695
  0.867452 seconds (157.08 k allocations: 159.965 MiB)
  0.867141 seconds (164.19 k allocations: 168.140 MiB)
6446
3947
  0.863087 seconds (554.49 k allocations: 549.018 MiB)
8954
  0.876293 seconds (158.87 k allocations: 160.813 MiB)
5198
  0.867682 seconds (88.53 k allocations: 91.213 MiB)
1445
  0.895631 seconds (245.62 k allocations: 247.868 MiB)
195
  0.887291 seconds (157.31 k allocations: 162.319 MiB)
2699
  0.874209 seconds (120.40 k allocations: 123.495 MiB)
  0.880046 seconds (127.56 k allocations: 132.255 MiB)
  0.883803 seconds (135.85 k allocations: 143.359 MiB)
3948
6447
7696
  1.306560 seconds (479.52 k allocations: 471.178 MiB, 33.52% gc time)
8955
  0.867421 seconds (103.64 k allocations: 102.868 MiB)
7697
  0.965470 seconds (187.07 k allocations: 185.327 MiB)
  0.964704 seconds (184.67 k allocations: 183.970 MiB)
1446
2700
  0.983025 seconds (246.96 k allocations: 250.518 MiB)
196
  0.987791 seconds (263.62 k allocations: 267.863 MiB)
3949
  0.965740 seconds (200.82 k allocations: 202.883 MiB)
6448
  0.945424 seconds (214.59 k allocations: 216.230 MiB)
5199
  0.925449 seconds (439.27 k allocations: 431.430 MiB)
8956
  0.867508 seconds (554.49 k allocations: 549.031 MiB)
7698
  0.861553 seconds (211.08 k allocations: 211.962 MiB)
1447
  0.868256 seconds (178.06 k allocations: 179.357 MiB)
  0.873093 seconds (203.51 k allocations: 204.994 MiB)
197
2701
  0.866934 seconds (172.06 k allocations: 173.982 MiB)
3950
  0.872299 seconds (191.08 k allocations: 194.825 MiB)
6449
  0.870877 seconds (209.48 k allocations: 211.389 MiB)
5200
  0.861414 seconds (378.17 k allocations: 373.002 MiB)
8957
  0.863807 seconds (554.50 k allocations: 549.069 MiB)
7699
  0.867130 seconds (249.68 k allocations: 248.900 MiB)
1448
  0.859620 seconds (137.00 k allocations: 138.818 MiB)
5201
  0.870953 seconds (170.36 k allocations: 173.340 MiB)
  0.873934 seconds (185.20 k allocations: 189.378 MiB)
6450
198
  0.874703 seconds (194.01 k allocations: 196.366 MiB)
3951
  0.878218 seconds (230.06 k allocations: 231.031 MiB)
2702
  0.855760 seconds (292.44 k allocations: 290.923 MiB)
8958
  1.179704 seconds (527.78 k allocations: 521.013 MiB, 14.79% gc time)
  1.072401 seconds (131.26 k allocations: 130.510 MiB, 16.27% gc time)
  1.043886 seconds (18.93 k allocations: 18.177 MiB, 16.71% gc time)
  1.061343 seconds (70.67 k allocations: 70.134 MiB, 16.44% gc time)
  1.063216 seconds (78.28 k allocations: 77.462 MiB, 16.41% gc time)
  1.056604 seconds (54.94 k allocations: 55.500 MiB, 16.51% gc time)
1449
7700
3952
5202
6451
199
  0.868684 seconds (392.85 k allocations: 383.280 MiB)
8959
  0.967946 seconds (559.29 k allocations: 546.434 MiB)
2703
  0.872299 seconds (80.94 k allocations: 81.505 MiB)
200
  0.877229 seconds (86.44 k allocations: 88.167 MiB)
3953
  0.881007 seconds (99.37 k allocations: 103.166 MiB)
  0.885868 seconds (114.94 k allocations: 123.977 MiB)
  0.881150 seconds (104.63 k allocations: 109.204 MiB)
1450
5203
6452
  0.934104 seconds (509.22 k allocations: 499.578 MiB)
7701
  0.864720 seconds (554.49 k allocations: 549.024 MiB)
8960
  0.862204 seconds (197.36 k allocations: 198.894 MiB)
2704
  0.875676 seconds (195.40 k allocations: 195.947 MiB)
  0.878379 seconds (207.89 k allocations: 209.583 MiB)
  0.871930 seconds (178.75 k allocations: 179.209 MiB)
3954
201
1451
  0.873194 seconds (185.88 k allocations: 188.579 MiB)
6453
  0.864783 seconds (175.76 k allocations: 179.076 MiB)
5204
  0.869554 seconds (401.21 k allocations: 395.007 MiB)
7702
  0.864497 seconds (554.49 k allocations: 549.031 MiB)
8961
  0.876202 seconds (289.91 k allocations: 287.419 MiB)
2705
  0.869206 seconds (230.52 k allocations: 230.768 MiB)
3955
  0.860254 seconds (185.45 k allocations: 186.583 MiB)
202
  0.872287 seconds (225.88 k allocations: 227.916 MiB)
6454
  0.870201 seconds (223.07 k allocations: 224.174 MiB)
1452
  0.872147 seconds (234.87 k allocations: 235.663 MiB)
7703
  0.861734 seconds (236.60 k allocations: 238.709 MiB)
5205
  1.177603 seconds (286.42 k allocations: 285.170 MiB, 17.37% gc time)
  1.071633 seconds (128.64 k allocations: 124.485 MiB, 19.09% gc time)
8962
2706
  0.879811 seconds (181.43 k allocations: 180.983 MiB)
203
  0.870974 seconds (60.52 k allocations: 60.561 MiB)
8963
  0.875423 seconds (82.03 k allocations: 81.324 MiB)
2707
  0.964189 seconds (401.58 k allocations: 398.285 MiB)
6455
  0.953089 seconds (320.85 k allocations: 320.023 MiB)
3956
  0.942150 seconds (276.36 k allocations: 277.519 MiB)
1453
  0.931238 seconds (268.93 k allocations: 269.440 MiB)
5206
  0.948209 seconds (362.78 k allocations: 361.895 MiB)
7704
  0.868790 seconds (522.17 k allocations: 515.286 MiB)
204
  0.862430 seconds (332.75 k allocations: 327.195 MiB)
8964
  0.864943 seconds (286.37 k allocations: 282.997 MiB)
2708
  0.873392 seconds (270.51 k allocations: 269.220 MiB)
6456
  0.870417 seconds (243.15 k allocations: 241.998 MiB)
  0.857738 seconds (215.07 k allocations: 215.255 MiB)
1454
5207
  0.874338 seconds (264.29 k allocations: 265.041 MiB)
3957
  0.870124 seconds (344.75 k allocations: 342.218 MiB)
7705
  0.869122 seconds (504.85 k allocations: 498.720 MiB)
205
  0.855899 seconds (358.69 k allocations: 353.435 MiB)
8965
  0.867543 seconds (332.51 k allocations: 327.140 MiB)
2709
  2.217972 seconds (186.75 k allocations: 185.401 MiB, 21.78% gc time)
  2.217095 seconds (185.72 k allocations: 184.396 MiB, 21.79% gc time)
  1.372830 seconds (24.37 k allocations: 23.367 MiB, 35.19% gc time)
  2.234494 seconds (262.02 k allocations: 261.100 MiB, 21.62% gc time)
  2.221500 seconds (196.54 k allocations: 197.234 MiB, 21.75% gc time)
  2.198991 seconds (165.29 k allocations: 163.642 MiB, 21.97% gc time)
206
3958
5208
7706
6457
1455
  0.881424 seconds (167.34 k allocations: 166.248 MiB)
5209
  0.961690 seconds (354.74 k allocations: 349.436 MiB)
8966
  0.955618 seconds (248.49 k allocations: 247.973 MiB)
2710
  0.943134 seconds (154.85 k allocations: 158.530 MiB)
1456
  0.937989 seconds (146.21 k allocations: 147.981 MiB)
  0.944215 seconds (159.92 k allocations: 164.916 MiB)
7707
207
  0.950929 seconds (220.92 k allocations: 222.282 MiB)
6458
  0.944857 seconds (257.90 k allocations: 257.866 MiB)
3959
  0.868949 seconds (541.00 k allocations: 534.710 MiB)
5210
  0.862115 seconds (283.55 k allocations: 280.084 MiB)
8967
  0.857091 seconds (199.50 k allocations: 199.835 MiB)
2711
  0.860495 seconds (189.58 k allocations: 189.311 MiB)
7708
  0.860997 seconds (202.77 k allocations: 203.345 MiB)
208
  0.880113 seconds (260.95 k allocations: 261.656 MiB)
1457
  0.879637 seconds (312.32 k allocations: 309.765 MiB)
3960
  0.880216 seconds (358.46 k allocations: 355.322 MiB)
6459
  0.856005 seconds (455.09 k allocations: 449.706 MiB)
5211
  0.859279 seconds (314.69 k allocations: 311.312 MiB)
8968
  0.869497 seconds (274.71 k allocations: 271.825 MiB)
2712
  0.864355 seconds (195.98 k allocations: 196.672 MiB)
7709
  1.277295 seconds (190.72 k allocations: 191.736 MiB, 27.58% gc time)
  1.260478 seconds (145.49 k allocations: 147.247 MiB, 27.94% gc time)
  1.240760 seconds (110.41 k allocations: 112.513 MiB, 28.39% gc time)
  1.230432 seconds (104.69 k allocations: 106.458 MiB, 28.63% gc time)
3961
1458
6460
209
  0.858324 seconds (406.25 k allocations: 397.341 MiB)
5212
  0.942241 seconds (286.43 k allocations: 284.067 MiB)
8969
  0.938710 seconds (180.21 k allocations: 182.607 MiB)
2713
  0.935948 seconds (137.71 k allocations: 138.473 MiB)
3962
  0.939999 seconds (155.93 k allocations: 156.071 MiB)
  0.940956 seconds (160.33 k allocations: 161.645 MiB)
210
6461
  0.944165 seconds (170.93 k allocations: 173.234 MiB)
7710
  0.943213 seconds (180.12 k allocations: 183.435 MiB)
1459
  0.866180 seconds (554.49 k allocations: 549.018 MiB)
5213
  0.880338 seconds (357.63 k allocations: 352.231 MiB)
8970
  0.879137 seconds (212.70 k allocations: 213.714 MiB)
2714
  0.875140 seconds (165.31 k allocations: 168.563 MiB)
6462
  0.872171 seconds (149.80 k allocations: 153.877 MiB)
  0.865018 seconds (135.60 k allocations: 137.952 MiB)
3963
7711
  0.872694 seconds (190.90 k allocations: 192.332 MiB)
1460
  0.896655 seconds (301.77 k allocations: 301.074 MiB)
211
  0.858057 seconds (554.50 k allocations: 549.063 MiB)
5214
  0.871116 seconds (275.63 k allocations: 273.751 MiB)
8971
  0.870372 seconds (218.46 k allocations: 218.008 MiB)
2715
  0.893654 seconds (270.51 k allocations: 270.453 MiB)
6463
  0.866951 seconds (166.98 k allocations: 169.105 MiB)
7712
  0.871451 seconds (198.17 k allocations: 199.133 MiB)
1461
  0.884715 seconds (228.36 k allocations: 230.646 MiB)
3964
  0.874555 seconds (279.21 k allocations: 278.274 MiB)
212
  1.483711 seconds (267.55 k allocations: 265.898 MiB, 40.38% gc time)
5215
  0.856047 seconds (260.18 k allocations: 256.347 MiB)
7713
  0.961422 seconds (263.24 k allocations: 260.668 MiB)
2716
  0.993271 seconds (360.38 k allocations: 357.484 MiB)
8972
  0.926246 seconds (138.44 k allocations: 139.161 MiB)
  0.939166 seconds (159.89 k allocations: 160.947 MiB)
213
3965
  0.966438 seconds (244.56 k allocations: 247.209 MiB)
6464
  0.961148 seconds (261.72 k allocations: 263.836 MiB)
1462
  0.939423 seconds (326.52 k allocations: 323.554 MiB)
5216
  0.867022 seconds (554.50 k allocations: 549.063 MiB)
7714
  0.867532 seconds (256.94 k allocations: 255.862 MiB)
2717
  0.870282 seconds (217.22 k allocations: 218.032 MiB)
8973
  0.870054 seconds (167.68 k allocations: 170.808 MiB)
214
  0.869081 seconds (163.71 k allocations: 165.969 MiB)
3966
  0.878871 seconds (212.45 k allocations: 214.037 MiB)
6465
  0.873366 seconds (212.38 k allocations: 214.135 MiB)
1463
  0.864261 seconds (242.03 k allocations: 242.691 MiB)
5217
  0.872634 seconds (554.50 k allocations: 549.050 MiB)
7715
  0.868068 seconds (282.62 k allocations: 280.436 MiB)
2718
  0.873039 seconds (246.34 k allocations: 245.928 MiB)
8974
  0.858744 seconds (153.14 k allocations: 155.664 MiB)
3967
  0.869067 seconds (200.99 k allocations: 201.662 MiB)
  0.875763 seconds (219.22 k allocations: 221.450 MiB)
215
6466
  0.871179 seconds (240.86 k allocations: 241.373 MiB)
1464
  0.857391 seconds (278.97 k allocations: 278.040 MiB)
5218
  1.018099 seconds (348.10 k allocations: 342.964 MiB, 15.25% gc time)
7716
  0.859996 seconds (263.51 k allocations: 259.525 MiB)
3968
  0.875279 seconds (79.21 k allocations: 78.441 MiB)
7717
  0.974304 seconds (336.71 k allocations: 333.613 MiB)
2719
  0.969059 seconds (302.68 k allocations: 301.212 MiB)
8975
  0.962233 seconds (280.98 k allocations: 280.650 MiB)
6467
  0.946588 seconds (249.10 k allocations: 250.297 MiB)
1465
  0.926437 seconds (239.95 k allocations: 240.508 MiB)
5219
  0.949445 seconds (305.17 k allocations: 305.547 MiB)
216
  0.875500 seconds (554.49 k allocations: 549.037 MiB)
3969
  0.864436 seconds (280.21 k allocations: 278.114 MiB)
7718
  0.871014 seconds (253.58 k allocations: 252.821 MiB)
2720
  0.872369 seconds (194.39 k allocations: 195.147 MiB)
  0.858399 seconds (152.18 k allocations: 152.734 MiB)
6468
5220
  0.887354 seconds (268.06 k allocations: 269.673 MiB)
8976
  0.881217 seconds (258.92 k allocations: 259.900 MiB)
  0.871320 seconds (248.30 k allocations: 248.605 MiB)
1466
217
  0.874418 seconds (554.49 k allocations: 549.037 MiB)
3970
  0.860730 seconds (216.53 k allocations: 215.959 MiB)
2721
  0.877492 seconds (303.61 k allocations: 301.923 MiB)
7719
  0.865101 seconds (149.87 k allocations: 152.543 MiB)
  0.883152 seconds (219.46 k allocations: 221.708 MiB)
5221
6469
  0.872982 seconds (168.50 k allocations: 171.959 MiB)
  0.869285 seconds (163.77 k allocations: 167.551 MiB)
218
8977
  0.875673 seconds (211.60 k allocations: 213.546 MiB)
1467
  1.555985 seconds (447.44 k allocations: 441.683 MiB, 31.35% gc time)
  1.390492 seconds (80.60 k allocations: 78.375 MiB, 35.08% gc time)
  1.361120 seconds (14.70 k allocations: 14.044 MiB, 35.84% gc time)
  1.405225 seconds (117.57 k allocations: 114.951 MiB, 34.71% gc time)
2722
3971
1468
8978
  0.876348 seconds (308.89 k allocations: 304.184 MiB)
7720
  0.971082 seconds (312.27 k allocations: 308.817 MiB)
6470
  0.954596 seconds (242.09 k allocations: 240.607 MiB)
5222
  0.970891 seconds (289.81 k allocations: 288.903 MiB)
219
  0.937852 seconds (180.56 k allocations: 180.882 MiB)
  0.937750 seconds (183.09 k allocations: 184.369 MiB)
2723
1469
  0.934094 seconds (192.50 k allocations: 193.890 MiB)
  0.941147 seconds (201.63 k allocations: 204.847 MiB)
3972
8979
  0.867702 seconds (554.49 k allocations: 549.037 MiB)
7721
  0.862236 seconds (257.43 k allocations: 255.099 MiB)
5223
  0.876265 seconds (297.29 k allocations: 295.874 MiB)
6471
  0.880360 seconds (272.87 k allocations: 271.463 MiB)
220
  0.873965 seconds (222.73 k allocations: 223.669 MiB)
  0.865772 seconds (202.57 k allocations: 203.275 MiB)
2724
1470
  0.872910 seconds (234.26 k allocations: 235.039 MiB)
8980
  0.877549 seconds (314.92 k allocations: 312.414 MiB)
3973
  0.866275 seconds (554.49 k allocations: 549.018 MiB)
7722
  0.871795 seconds (331.29 k allocations: 326.999 MiB)
6472
  0.873941 seconds (305.02 k allocations: 302.090 MiB)
5224
  0.860809 seconds (188.47 k allocations: 189.483 MiB)
2725
  0.872325 seconds (219.46 k allocations: 220.535 MiB)
221
  0.868625 seconds (207.39 k allocations: 209.166 MiB)
3974
  0.868092 seconds (211.42 k allocations: 212.000 MiB)
1471
  0.872061 seconds (228.91 k allocations: 230.152 MiB)
8981
  1.456157 seconds (381.86 k allocations: 377.728 MiB, 24.13% gc time)
  1.341656 seconds (151.82 k allocations: 146.493 MiB, 26.19% gc time)
  1.204762 seconds (8.46 k allocations: 8.264 MiB, 29.17% gc time)
7723
6473
5225
  0.893604 seconds (271.82 k allocations: 268.709 MiB)
3975
  0.948485 seconds (315.70 k allocations: 312.078 MiB)
222
  0.944197 seconds (208.40 k allocations: 207.156 MiB)
8982
  0.967691 seconds (288.93 k allocations: 288.053 MiB)
2726
  0.923621 seconds (165.43 k allocations: 165.174 MiB)
5226
  0.961974 seconds (267.88 k allocations: 268.270 MiB)
1472
  0.934342 seconds (222.02 k allocations: 222.139 MiB)
7724
  0.941040 seconds (263.44 k allocations: 263.188 MiB)
6474
  0.865974 seconds (553.83 k allocations: 547.072 MiB)
3976
  0.874102 seconds (385.12 k allocations: 378.503 MiB)
223
  0.864981 seconds (197.17 k allocations: 198.852 MiB)
8983
  0.869695 seconds (191.05 k allocations: 193.164 MiB)
  0.863705 seconds (154.48 k allocations: 157.088 MiB)
2727
5227
  0.871326 seconds (186.07 k allocations: 188.769 MiB)
1473
  0.864070 seconds (177.10 k allocations: 180.349 MiB)
7725
  0.885424 seconds (372.24 k allocations: 368.481 MiB)
6475
  0.877184 seconds (554.49 k allocations: 549.024 MiB)
3977
  0.877400 seconds (325.20 k allocations: 320.010 MiB)
224
  0.872899 seconds (254.04 k allocations: 253.280 MiB)
8984
  0.859849 seconds (175.72 k allocations: 176.059 MiB)
  0.865731 seconds (196.43 k allocations: 199.267 MiB)
5228
2728
  0.864115 seconds (195.09 k allocations: 197.416 MiB)
1474
  0.878378 seconds (321.57 k allocations: 318.632 MiB)
7726
  0.886349 seconds (389.52 k allocations: 385.050 MiB)
6476
  1.422193 seconds (440.54 k allocations: 434.910 MiB, 25.18% gc time)
  1.315878 seconds (109.43 k allocations: 107.176 MiB, 27.22% gc time)
  1.351678 seconds (163.17 k allocations: 161.233 MiB, 26.50% gc time)
  1.237337 seconds (12.69 k allocations: 13.490 MiB, 28.94% gc time)
  1.227140 seconds (2.63 k allocations: 2.724 MiB, 29.19% gc time)
3978
1475
8985
2729
225
  0.883460 seconds (276.47 k allocations: 273.160 MiB)
6477
  0.955657 seconds (310.88 k allocations: 306.274 MiB)
  0.962709 seconds (338.86 k allocations: 334.351 MiB)
7727
5229
  0.938456 seconds (164.26 k allocations: 167.554 MiB)
3979
  0.933787 seconds (152.39 k allocations: 152.700 MiB)
  0.935985 seconds (153.96 k allocations: 155.671 MiB)
226
  0.933864 seconds (157.65 k allocations: 160.436 MiB)
8986
1476
  0.942023 seconds (204.80 k allocations: 207.060 MiB)
2730
  0.869376 seconds (554.49 k allocations: 549.044 MiB)
6478
  0.863405 seconds (343.99 k allocations: 339.135 MiB)
5230
  0.868291 seconds (277.98 k allocations: 276.169 MiB)
7728
  0.861208 seconds (188.53 k allocations: 188.304 MiB)
227
  0.870528 seconds (219.24 k allocations: 219.109 MiB)
  0.882737 seconds (263.12 k allocations: 263.824 MiB)
1477
8987
  0.865831 seconds (237.71 k allocations: 238.365 MiB)
2731
  0.881450 seconds (279.30 k allocations: 280.780 MiB)
3980
  0.872509 seconds (554.49 k allocations: 549.024 MiB)
6479
  0.855100 seconds (484.98 k allocations: 476.891 MiB)
5231
  0.869654 seconds (379.64 k allocations: 373.475 MiB)
7729
  0.863206 seconds (229.00 k allocations: 228.255 MiB)
8988
  0.868626 seconds (239.87 k allocations: 240.059 MiB)
1478
  0.879720 seconds (272.14 k allocations: 274.814 MiB)
  0.866084 seconds (239.47 k allocations: 240.396 MiB)
2732
228
  0.869232 seconds (265.04 k allocations: 267.159 MiB)
3981
  1.148647 seconds (208.17 k allocations: 200.494 MiB, 24.43% gc time)
  1.202835 seconds (303.05 k allocations: 298.288 MiB, 23.33% gc time)
  1.263802 seconds (394.88 k allocations: 388.854 MiB, 22.20% gc time)
7730
6480
5232
  0.872466 seconds (264.02 k allocations: 261.243 MiB)
8989
  0.880585 seconds (82.19 k allocations: 82.521 MiB)
7731
  0.879436 seconds (86.39 k allocations: 86.710 MiB)
5233
  0.948636 seconds (242.21 k allocations: 243.357 MiB)
1479
  0.949505 seconds (244.77 k allocations: 244.775 MiB)
229
  0.957997 seconds (280.29 k allocations: 281.397 MiB)
2733
  0.955835 seconds (284.64 k allocations: 285.739 MiB)
3982
  0.940646 seconds (400.65 k allocations: 395.704 MiB)
6481
  0.873033 seconds (554.50 k allocations: 549.050 MiB)
8990
  0.876920 seconds (276.25 k allocations: 274.335 MiB)
7732
  0.871827 seconds (204.33 k allocations: 205.699 MiB)
1480
  0.864905 seconds (167.79 k allocations: 169.694 MiB)
  0.871075 seconds (192.51 k allocations: 194.819 MiB)
2734
230
  0.862442 seconds (166.40 k allocations: 169.942 MiB)
3983
  0.855265 seconds (265.57 k allocations: 263.818 MiB)
5234
  0.872417 seconds (385.93 k allocations: 380.396 MiB)
6482
  0.869505 seconds (554.50 k allocations: 549.056 MiB)
8991
  0.868096 seconds (258.55 k allocations: 257.396 MiB)
7733
  0.869828 seconds (216.47 k allocations: 217.311 MiB)
  0.867980 seconds (205.94 k allocations: 206.139 MiB)
1481
2735
  0.866961 seconds (204.08 k allocations: 204.607 MiB)
3984
  0.870157 seconds (214.93 k allocations: 216.393 MiB)
231
  0.879626 seconds (466.07 k allocations: 460.576 MiB)
6483
  1.244693 seconds (14.88 k allocations: 18.100 MiB, 29.21% gc time)
  1.241573 seconds (10.54 k allocations: 12.701 MiB, 29.29% gc time)
  1.350279 seconds (372.21 k allocations: 369.543 MiB, 26.93% gc time)
  1.244075 seconds (12.84 k allocations: 16.122 MiB, 29.23% gc time)
  1.236792 seconds (4.35 k allocations: 4.264 MiB, 29.40% gc time)
  2.085579 seconds (451.92 k allocations: 448.484 MiB, 17.43% gc time)
8992
3985
5235
232
2736
1482
  0.863659 seconds (467.12 k allocations: 455.579 MiB)
7734
  0.877416 seconds (90.20 k allocations: 92.619 MiB)
1483
  0.936312 seconds (154.34 k allocations: 154.197 MiB)
  0.932785 seconds (150.44 k allocations: 148.026 MiB)
233
2737
  0.939048 seconds (161.35 k allocations: 163.706 MiB)
3986
  0.945326 seconds (190.11 k allocations: 193.861 MiB)
8993
  0.955398 seconds (234.92 k allocations: 238.160 MiB)
5236
  0.959434 seconds (280.83 k allocations: 281.038 MiB)
6484
  0.874011 seconds (554.49 k allocations: 549.037 MiB)
7735
  0.885706 seconds (529.27 k allocations: 520.698 MiB)
1484
  0.868146 seconds (218.44 k allocations: 217.998 MiB)
  0.875558 seconds (245.34 k allocations: 246.232 MiB)
2738
3987
  0.860885 seconds (176.04 k allocations: 178.996 MiB)
8994
  0.876079 seconds (236.13 k allocations: 236.696 MiB)
6485
  0.878899 seconds (257.17 k allocations: 256.997 MiB)
234
  0.870203 seconds (263.10 k allocations: 262.868 MiB)
5237
  0.882277 seconds (554.49 k allocations: 549.044 MiB)
7736
  0.870483 seconds (363.73 k allocations: 358.056 MiB)
1485
  0.880741 seconds (220.14 k allocations: 220.837 MiB)
  0.879581 seconds (208.57 k allocations: 209.217 MiB)
2739
3988
  0.870579 seconds (142.17 k allocations: 145.373 MiB)
8995
  0.862339 seconds (121.37 k allocations: 125.588 MiB)
5238
  0.866722 seconds (129.32 k allocations: 133.410 MiB)
  0.884490 seconds (160.02 k allocations: 165.319 MiB)
6486
235
  1.426218 seconds (238.25 k allocations: 237.818 MiB, 38.93% gc time)
7737
  0.873041 seconds (283.62 k allocations: 279.988 MiB)
6487
  0.956861 seconds (216.24 k allocations: 216.870 MiB)
1486
  0.950859 seconds (143.86 k allocations: 146.559 MiB)
8996
  0.945483 seconds (130.26 k allocations: 132.525 MiB)
  0.950094 seconds (140.02 k allocations: 143.110 MiB)
2740
236
  0.958203 seconds (163.53 k allocations: 168.404 MiB)
3989
  0.947797 seconds (163.59 k allocations: 167.396 MiB)
5239
  0.933272 seconds (180.78 k allocations: 184.071 MiB)
7738
  0.885719 seconds (554.50 k allocations: 549.075 MiB)
6488
  0.853465 seconds (98.53 k allocations: 100.595 MiB)
  0.872557 seconds (211.13 k allocations: 213.399 MiB)
237
1487
  0.870673 seconds (126.25 k allocations: 131.188 MiB)
2741
  0.879113 seconds (163.16 k allocations: 169.126 MiB)
  0.871335 seconds (128.34 k allocations: 132.228 MiB)
3990
8997
  0.873639 seconds (158.33 k allocations: 162.424 MiB)
5240
  0.872685 seconds (176.05 k allocations: 179.525 MiB)
7739
  0.875992 seconds (554.49 k allocations: 549.037 MiB)
6489
  0.863409 seconds (207.93 k allocations: 208.962 MiB)
238
  0.869660 seconds (171.09 k allocations: 172.673 MiB)
2742
  0.866423 seconds (153.74 k allocations: 156.173 MiB)
3991
  0.880971 seconds (219.06 k allocations: 222.592 MiB)
1488
  0.871993 seconds (179.25 k allocations: 182.220 MiB)
8998
  0.862638 seconds (181.41 k allocations: 183.277 MiB)
5241
  0.877396 seconds (300.84 k allocations: 298.975 MiB)
7740
  1.499905 seconds (508.14 k allocations: 502.241 MiB, 36.00% gc time)
6490
  0.882298 seconds (145.59 k allocations: 148.100 MiB)
2743
  0.984030 seconds (204.68 k allocations: 203.614 MiB)
  0.986332 seconds (206.30 k allocations: 205.777 MiB)
8999
1489
  0.995538 seconds (218.33 k allocations: 219.466 MiB)
3992
  0.999966 seconds (229.40 k allocations: 232.658 MiB)
239
  0.996249 seconds (271.43 k allocations: 270.517 MiB)
5242
  0.969138 seconds (271.98 k allocations: 271.166 MiB)
7741
  0.988640 seconds (554.50 k allocations: 549.050 MiB)
6491
  0.872157 seconds (554.50 k allocations: 549.050 MiB)
2744
  0.865110 seconds (263.95 k allocations: 262.760 MiB)
1490
  0.876521 seconds (272.30 k allocations: 272.152 MiB)
9000
  0.873415 seconds (245.87 k allocations: 247.025 MiB)
3993
  0.867109 seconds (223.70 k allocations: 226.008 MiB)
240
  0.867456 seconds (277.25 k allocations: 276.192 MiB)
  0.876821 seconds (284.05 k allocations: 283.981 MiB)
5243
7742
  0.882194 seconds (554.48 k allocations: 549.012 MiB)
6492
  0.878435 seconds (554.49 k allocations: 549.018 MiB)
2745
  0.879415 seconds (271.69 k allocations: 271.399 MiB)
  0.864163 seconds (202.28 k allocations: 202.649 MiB)
  0.873848 seconds (224.91 k allocations: 228.080 MiB)
1491
241
9001
  0.878125 seconds (228.63 k allocations: 231.956 MiB)
3994
  0.862598 seconds (223.42 k allocations: 224.668 MiB)
7743
  0.873804 seconds (288.65 k allocations: 288.517 MiB)
5244
  0.887908 seconds (554.49 k allocations: 549.024 MiB)
6493
  1.713422 seconds (527.80 k allocations: 522.256 MiB, 39.24% gc time)
  1.572792 seconds (97.84 k allocations: 98.713 MiB, 42.75% gc time)
  1.577872 seconds (116.14 k allocations: 118.699 MiB, 42.61% gc time)
  1.569094 seconds (90.49 k allocations: 90.443 MiB, 42.85% gc time)
  1.571805 seconds (95.43 k allocations: 95.176 MiB, 42.77% gc time)
  1.555861 seconds (69.33 k allocations: 69.152 MiB, 43.21% gc time)
  1.535032 seconds (53.98 k allocations: 54.394 MiB, 43.80% gc time)
2746
3995
9002
5245
1492
242
7744
  0.888065 seconds (475.98 k allocations: 464.066 MiB)
6494
  0.933764 seconds (103.58 k allocations: 106.668 MiB)
  0.927640 seconds (86.36 k allocations: 87.723 MiB)
5246
7745
  0.937613 seconds (111.30 k allocations: 116.866 MiB)
  0.940657 seconds (121.86 k allocations: 128.531 MiB)
2747
9003
  0.934654 seconds (109.37 k allocations: 115.350 MiB)
  0.929404 seconds (108.75 k allocations: 113.695 MiB)
1493
  0.931040 seconds (112.10 k allocations: 117.447 MiB)
243
3996
  0.885920 seconds (554.49 k allocations: 549.031 MiB)
6495
  0.859254 seconds (106.57 k allocations: 110.741 MiB)
1494
  0.872417 seconds (137.74 k allocations: 143.196 MiB)
7746
  0.867611 seconds (105.95 k allocations: 109.302 MiB)
  0.866564 seconds (105.05 k allocations: 108.038 MiB)
2748
3997
  0.869151 seconds (121.77 k allocations: 124.801 MiB)
  0.870179 seconds (128.11 k allocations: 132.223 MiB)
  0.877874 seconds (141.14 k allocations: 149.733 MiB)
9004
244
5247
  0.876432 seconds (554.50 k allocations: 549.050 MiB)
6496
  0.858592 seconds (160.92 k allocations: 162.766 MiB)
2749
  0.870598 seconds (224.22 k allocations: 225.944 MiB)
7747
  0.865086 seconds (152.12 k allocations: 155.934 MiB)
  0.859348 seconds (118.65 k allocations: 121.580 MiB)
1495
3998
  0.873233 seconds (144.32 k allocations: 148.827 MiB)
  0.879922 seconds (159.36 k allocations: 165.704 MiB)
9005
  0.868812 seconds (148.48 k allocations: 153.000 MiB)
245
5248
  1.314441 seconds (234.56 k allocations: 234.316 MiB, 33.54% gc time)
6497
  0.861206 seconds (84.88 k allocations: 88.578 MiB)
5249
  0.935366 seconds (112.36 k allocations: 112.614 MiB)
  0.930696 seconds (106.52 k allocations: 105.881 MiB)
246
  0.947064 seconds (141.90 k allocations: 147.330 MiB)
9006
1496
  0.964594 seconds (230.72 k allocations: 236.208 MiB)
3999
  0.960810 seconds (217.47 k allocations: 220.058 MiB)
7748
  0.975219 seconds (305.45 k allocations: 305.658 MiB)
2750
  0.956450 seconds (447.94 k allocations: 439.721 MiB)
6498
  0.859859 seconds (554.49 k allocations: 549.031 MiB)
5250
  0.863135 seconds (227.42 k allocations: 226.397 MiB)
  0.859282 seconds (202.28 k allocations: 201.237 MiB)
247
4000
  0.872728 seconds (241.58 k allocations: 241.535 MiB)
1497
  0.872882 seconds (239.71 k allocations: 239.920 MiB)
9007
  0.862255 seconds (205.81 k allocations: 207.642 MiB)
7749
  0.864985 seconds (277.72 k allocations: 276.650 MiB)
2751
  0.876757 seconds (507.56 k allocations: 499.226 MiB)
6499
  0.861789 seconds (554.49 k allocations: 549.031 MiB)
5251
  1.128885 seconds (238.62 k allocations: 237.298 MiB, 14.88% gc time)
  1.117636 seconds (181.18 k allocations: 178.448 MiB, 15.03% gc time)
  1.129405 seconds (241.08 k allocations: 239.630 MiB, 14.88% gc time)
  1.111061 seconds (157.65 k allocations: 154.719 MiB, 15.12% gc time)
  1.094765 seconds (122.25 k allocations: 119.969 MiB, 15.35% gc time)
  1.118544 seconds (184.71 k allocations: 182.152 MiB, 15.02% gc time)
  1.040791 seconds (72.72 k allocations: 72.066 MiB, 16.14% gc time)
7750
9008
2752
4001
6500
1498
248
  0.864162 seconds (531.60 k allocations: 517.363 MiB)
5252
  0.876212 seconds (79.55 k allocations: 79.989 MiB)
  0.877499 seconds (80.93 k allocations: 82.617 MiB)
  0.875051 seconds (80.65 k allocations: 82.522 MiB)
7751
249
1499
  0.879382 seconds (90.35 k allocations: 93.306 MiB)
  0.881500 seconds (92.17 k allocations: 96.652 MiB)
  0.880228 seconds (93.16 k allocations: 97.395 MiB)
9009
2753
4002
  0.887055 seconds (135.47 k allocations: 140.693 MiB)
6501
  0.888369 seconds (554.49 k allocations: 549.024 MiB)
5253
  0.870412 seconds (85.79 k allocations: 87.197 MiB)
  0.869847 seconds (82.17 k allocations: 83.071 MiB)
1500
2754
  0.888911 seconds (124.05 k allocations: 129.056 MiB)
250
  0.888274 seconds (118.08 k allocations: 121.081 MiB)
4003
  0.883616 seconds (114.59 k allocations: 117.875 MiB)
  0.879219 seconds (116.84 k allocations: 119.042 MiB)
6502
7752
  0.901559 seconds (171.53 k allocations: 176.454 MiB)
9010
  0.877447 seconds (402.42 k allocations: 393.677 MiB)
5254
  0.866760 seconds (233.43 k allocations: 232.129 MiB)
1501
  0.904873 seconds (247.39 k allocations: 245.669 MiB)
251
  0.892281 seconds (164.32 k allocations: 166.391 MiB)
  0.875305 seconds (120.06 k allocations: 124.086 MiB)
2755
4004
  0.881642 seconds (127.06 k allocations: 131.132 MiB)
  0.880256 seconds (124.13 k allocations: 128.235 MiB)
6503
9011
  0.863451 seconds (116.92 k allocations: 121.757 MiB)
7753
  0.873504 seconds (204.71 k allocations: 204.506 MiB)
1502
  0.928083 seconds (126.88 k allocations: 130.166 MiB)
252
  0.951259 seconds (234.06 k allocations: 235.387 MiB)
5255
  0.935554 seconds (138.40 k allocations: 141.550 MiB)
4005
  0.944010 seconds (172.16 k allocations: 175.272 MiB)
2756
  0.926323 seconds (156.25 k allocations: 157.796 MiB)
7754
  0.938822 seconds (183.00 k allocations: 185.990 MiB)
9012
  0.957913 seconds (299.45 k allocations: 300.096 MiB)
6504
  0.870639 seconds (554.49 k allocations: 549.037 MiB)
1503
  0.853484 seconds (231.91 k allocations: 230.669 MiB)
5256
  0.875474 seconds (270.29 k allocations: 270.052 MiB)
253
  0.855230 seconds (140.12 k allocations: 141.982 MiB)
  0.858199 seconds (148.80 k allocations: 152.860 MiB)
7755
4006
  0.876547 seconds (242.03 k allocations: 242.345 MiB)
2757
  0.879275 seconds (286.00 k allocations: 284.593 MiB)
9013
  0.872301 seconds (319.10 k allocations: 316.432 MiB)
6505
  0.868309 seconds (554.49 k allocations: 549.037 MiB)
1504
  0.864565 seconds (358.62 k allocations: 353.182 MiB)
5257
  0.863982 seconds (212.78 k allocations: 212.548 MiB)
  0.868818 seconds (239.19 k allocations: 240.245 MiB)
7756
254
  0.876278 seconds (256.81 k allocations: 256.319 MiB)
4007
  0.861599 seconds (205.51 k allocations: 207.399 MiB)
2758
  0.873075 seconds (300.90 k allocations: 298.888 MiB)
9014
  0.874536 seconds (342.51 k allocations: 338.866 MiB)
6506
  1.016639 seconds (344.22 k allocations: 339.259 MiB, 14.69% gc time)
1505
  0.872043 seconds (244.59 k allocations: 241.428 MiB)
7757
  0.965457 seconds (327.07 k allocations: 322.979 MiB)
5258
  0.881681 seconds (92.70 k allocations: 92.756 MiB)
1506
  0.969213 seconds (312.05 k allocations: 310.202 MiB)
255
  0.951166 seconds (249.67 k allocations: 250.672 MiB)
4008
  0.955737 seconds (287.14 k allocations: 286.726 MiB)
2759
  0.947298 seconds (385.31 k allocations: 380.832 MiB)
6507
  0.957567 seconds (415.84 k allocations: 412.666 MiB)
9015
  0.857789 seconds (554.49 k allocations: 549.044 MiB)
7758
  0.874865 seconds (336.79 k allocations: 334.171 MiB)
5259
  0.869138 seconds (264.05 k allocations: 262.857 MiB)
1507
  0.873125 seconds (258.70 k allocations: 257.932 MiB)
256
  0.868598 seconds (226.85 k allocations: 227.627 MiB)
4009
  0.870598 seconds (242.62 k allocations: 242.921 MiB)
2760
  0.876826 seconds (353.97 k allocations: 349.622 MiB)
6508
  0.896299 seconds (474.92 k allocations: 469.237 MiB)
9016
  0.865571 seconds (554.50 k allocations: 549.069 MiB)
7759
  0.861168 seconds (251.87 k allocations: 249.967 MiB)
257
  0.868731 seconds (266.19 k allocations: 266.295 MiB)
1508
  0.870107 seconds (266.92 k allocations: 268.420 MiB)
5260
  0.866917 seconds (255.23 k allocations: 254.765 MiB)
4010
  0.870940 seconds (286.58 k allocations: 284.966 MiB)
2761
  2.296539 seconds (343.62 k allocations: 338.504 MiB, 30.34% gc time)
  1.560860 seconds (264.52 k allocations: 260.191 MiB, 44.64% gc time)
  2.333339 seconds (376.71 k allocations: 371.364 MiB, 29.86% gc time)
6509
9017
7760
  0.872602 seconds (256.39 k allocations: 251.495 MiB)
1509
  0.958703 seconds (247.89 k allocations: 244.746 MiB)
  0.981393 seconds (329.89 k allocations: 324.493 MiB)
  0.987360 seconds (352.60 k allocations: 350.197 MiB)
5261
4011
258
  0.959363 seconds (201.62 k allocations: 203.464 MiB)
2762
  0.946003 seconds (185.79 k allocations: 188.507 MiB)
  0.941101 seconds (182.99 k allocations: 184.603 MiB)
6510
9018
  0.941795 seconds (200.68 k allocations: 203.142 MiB)
7761
  0.879473 seconds (554.49 k allocations: 549.044 MiB)
1510
  0.873007 seconds (274.90 k allocations: 273.058 MiB)
5262
  0.868253 seconds (190.53 k allocations: 191.276 MiB)
  0.871716 seconds (199.28 k allocations: 200.986 MiB)
4012
259
  0.877852 seconds (196.56 k allocations: 198.614 MiB)
  0.872361 seconds (183.84 k allocations: 186.582 MiB)
6511
2763
  0.860675 seconds (167.91 k allocations: 171.551 MiB)
  0.860355 seconds (179.33 k allocations: 182.622 MiB)
9019
7762
  0.875247 seconds (554.48 k allocations: 549.012 MiB)
1511
  0.856725 seconds (240.35 k allocations: 239.987 MiB)
5263
  0.869945 seconds (189.44 k allocations: 191.470 MiB)
  0.868261 seconds (179.57 k allocations: 182.152 MiB)
4013
260
  0.869065 seconds (176.60 k allocations: 178.309 MiB)
2764
  0.867989 seconds (183.50 k allocations: 185.094 MiB)
7763
  0.876846 seconds (206.83 k allocations: 210.019 MiB)
6512
  0.882862 seconds (281.26 k allocations: 280.195 MiB)
9020
  1.130372 seconds (36.34 k allocations: 34.807 MiB, 22.84% gc time)
  1.327301 seconds (433.06 k allocations: 427.908 MiB, 19.45% gc time)
  1.127894 seconds (34.05 k allocations: 32.593 MiB, 22.89% gc time)
  1.176240 seconds (108.32 k allocations: 106.255 MiB, 21.95% gc time)
4014
261
1512
5264
  0.869510 seconds (317.97 k allocations: 311.637 MiB)
6513
  0.877667 seconds (79.59 k allocations: 80.023 MiB)
4015
  0.878921 seconds (83.83 k allocations: 84.253 MiB)
  0.967237 seconds (439.04 k allocations: 434.108 MiB)
1513
2765
  0.949113 seconds (337.90 k allocations: 336.295 MiB)
7764
  0.941144 seconds (308.83 k allocations: 308.673 MiB)
9021
  0.924447 seconds (291.55 k allocations: 289.881 MiB)
5265
  0.929045 seconds (340.04 k allocations: 336.461 MiB)
262
  0.873612 seconds (554.49 k allocations: 549.024 MiB)
6514
  0.868814 seconds (257.45 k allocations: 255.125 MiB)
4016
  0.870777 seconds (245.91 k allocations: 244.259 MiB)
2766
  0.852495 seconds (143.49 k allocations: 146.434 MiB)
7765
  0.877652 seconds (269.13 k allocations: 269.295 MiB)
1514
  0.868860 seconds (225.44 k allocations: 226.457 MiB)
9022
  0.865083 seconds (300.86 k allocations: 297.566 MiB)
263
  0.880248 seconds (374.23 k allocations: 370.408 MiB)
5266
  0.874906 seconds (554.49 k allocations: 549.024 MiB)
6515
  0.864360 seconds (220.56 k allocations: 218.593 MiB)
  0.865433 seconds (223.20 k allocations: 222.364 MiB)
4017
2767
  0.872262 seconds (234.41 k allocations: 234.660 MiB)
7766
  0.870926 seconds (225.90 k allocations: 226.698 MiB)
1515
  0.866560 seconds (214.42 k allocations: 215.888 MiB)
9023
  0.862925 seconds (234.02 k allocations: 234.847 MiB)
264
  0.864026 seconds (268.55 k allocations: 268.092 MiB)
5267
  1.127623 seconds (38.54 k allocations: 39.341 MiB, 22.13% gc time)
  1.116543 seconds (14.05 k allocations: 14.683 MiB, 22.35% gc time)
  1.112618 seconds (8.63 k allocations: 8.275 MiB, 22.43% gc time)
  1.220774 seconds (350.56 k allocations: 348.982 MiB, 20.44% gc time)
2768
7767
9024
6516
  0.876081 seconds (311.84 k allocations: 305.754 MiB)
1516
  0.874544 seconds (139.66 k allocations: 137.501 MiB)
7768
  0.881512 seconds (153.37 k allocations: 152.024 MiB)
2769
  0.955243 seconds (417.43 k allocations: 412.264 MiB)
4018
  0.886173 seconds (222.79 k allocations: 221.301 MiB)
  0.944371 seconds (347.26 k allocations: 346.027 MiB)
6517
265
  0.956505 seconds (437.16 k allocations: 434.144 MiB)
5268
  0.962555 seconds (554.50 k allocations: 549.069 MiB)
9025
  0.874379 seconds (521.06 k allocations: 514.244 MiB)
1517
  0.857977 seconds (310.01 k allocations: 305.610 MiB)
  0.866140 seconds (345.80 k allocations: 343.522 MiB)
2770
7769
  0.884758 seconds (355.87 k allocations: 352.303 MiB)
4019
  0.876953 seconds (309.64 k allocations: 308.231 MiB)
  0.854066 seconds (276.08 k allocations: 273.786 MiB)
6518
5269
  0.884243 seconds (364.17 k allocations: 362.011 MiB)
266
  0.882294 seconds (554.49 k allocations: 549.024 MiB)
9026
  0.873186 seconds (494.08 k allocations: 488.421 MiB)
1518
  0.864126 seconds (302.38 k allocations: 298.296 MiB)
  0.865286 seconds (303.30 k allocations: 300.559 MiB)
7770
2771
  0.866227 seconds (245.89 k allocations: 245.829 MiB)
5270
  0.875746 seconds (254.12 k allocations: 255.115 MiB)
4020
  0.864954 seconds (240.82 k allocations: 241.345 MiB)
267
  0.876657 seconds (262.25 k allocations: 264.479 MiB)
6519
  2.156591 seconds (283.19 k allocations: 282.107 MiB, 24.62% gc time)
  1.408834 seconds (139.69 k allocations: 137.928 MiB, 37.69% gc time)
9027
1519
  0.877254 seconds (322.43 k allocations: 317.116 MiB)
7771
  0.946258 seconds (236.60 k allocations: 235.176 MiB)
268
  0.955681 seconds (230.94 k allocations: 229.944 MiB)
5271
  0.954050 seconds (227.89 k allocations: 227.188 MiB)
4021
  0.938318 seconds (237.41 k allocations: 236.490 MiB)
9028
  1.003938 seconds (403.46 k allocations: 401.677 MiB)
2772
  0.927385 seconds (255.03 k allocations: 254.956 MiB)
6520
  0.929552 seconds (390.64 k allocations: 386.134 MiB)
1520
  0.858728 seconds (554.49 k allocations: 549.037 MiB)
7772
  0.865678 seconds (423.98 k allocations: 417.115 MiB)
269
  0.868952 seconds (313.16 k allocations: 309.861 MiB)
4022
  0.870402 seconds (237.66 k allocations: 237.771 MiB)
5272
  0.869204 seconds (222.39 k allocations: 222.111 MiB)
9029
  0.872545 seconds (238.12 k allocations: 238.576 MiB)
  0.868246 seconds (231.41 k allocations: 231.005 MiB)
2773
6521
  0.869794 seconds (394.18 k allocations: 390.735 MiB)
1521
  0.863821 seconds (554.49 k allocations: 549.044 MiB)
7773
  0.885625 seconds (411.02 k allocations: 403.505 MiB)
270
  0.895219 seconds (345.71 k allocations: 341.292 MiB)
4023
  0.887104 seconds (213.72 k allocations: 212.442 MiB)
  0.894666 seconds (233.07 k allocations: 234.735 MiB)
2774
6522
  0.885210 seconds (229.08 k allocations: 228.711 MiB)
5273
  0.904428 seconds (283.91 k allocations: 283.812 MiB)
9030
  0.896867 seconds (350.64 k allocations: 347.868 MiB)
1522
  1.295813 seconds (286.86 k allocations: 284.148 MiB, 29.58% gc time)
  1.238810 seconds (126.33 k allocations: 122.267 MiB, 30.94% gc time)
271
7774
  0.871986 seconds (353.76 k allocations: 347.120 MiB)
6523
  0.965462 seconds (368.48 k allocations: 362.583 MiB)
4024
  0.965988 seconds (308.26 k allocations: 305.144 MiB)
2775
  0.932311 seconds (162.57 k allocations: 164.695 MiB)
5274
  0.927086 seconds (159.24 k allocations: 160.469 MiB)
272
  0.953072 seconds (235.72 k allocations: 238.714 MiB)
9031
  0.927510 seconds (189.34 k allocations: 190.847 MiB)
7775
  0.940797 seconds (216.32 k allocations: 220.511 MiB)
1523
  0.881273 seconds (554.49 k allocations: 549.031 MiB)
6524
  0.869927 seconds (364.29 k allocations: 358.568 MiB)
4025
  0.867833 seconds (199.31 k allocations: 200.899 MiB)
2776
  0.861870 seconds (141.92 k allocations: 143.717 MiB)
273
  0.863657 seconds (147.61 k allocations: 150.542 MiB)
9032
  0.853728 seconds (138.06 k allocations: 140.371 MiB)
7776
  0.871466 seconds (184.27 k allocations: 189.665 MiB)
5275
  0.871133 seconds (207.79 k allocations: 211.129 MiB)
1524
  0.897326 seconds (554.48 k allocations: 549.012 MiB)
6525
  0.864614 seconds (366.10 k allocations: 359.091 MiB)
4026
  0.870510 seconds (239.87 k allocations: 238.494 MiB)
2777
  0.866884 seconds (226.21 k allocations: 225.617 MiB)
9033
  0.872840 seconds (245.34 k allocations: 246.533 MiB)
274
  0.864007 seconds (243.35 k allocations: 243.593 MiB)
5276
  0.879058 seconds (321.19 k allocations: 319.460 MiB)
1525
  0.868474 seconds (379.13 k allocations: 375.106 MiB)
7777
  1.201357 seconds (127.20 k allocations: 124.522 MiB, 28.69% gc time)
  1.259351 seconds (304.13 k allocations: 300.822 MiB, 27.37% gc time)
4027
6526
  0.867927 seconds (355.83 k allocations: 349.088 MiB)
9034
  0.928868 seconds (196.43 k allocations: 196.748 MiB)
5277
  0.969361 seconds (372.98 k allocations: 368.328 MiB)
2778
  0.943394 seconds (220.87 k allocations: 221.706 MiB)
275
  0.950550 seconds (253.53 k allocations: 253.156 MiB)
1526
  0.934435 seconds (234.55 k allocations: 235.162 MiB)
7778
  0.933585 seconds (258.05 k allocations: 256.611 MiB)
4028
  0.939793 seconds (320.72 k allocations: 318.005 MiB)
6527
  0.876746 seconds (554.50 k allocations: 549.069 MiB)
9035
  0.865551 seconds (343.25 k allocations: 338.430 MiB)
5278
  0.868635 seconds (288.79 k allocations: 286.513 MiB)
2779
  0.864061 seconds (207.47 k allocations: 208.914 MiB)
276
  0.867636 seconds (217.56 k allocations: 217.502 MiB)
7779
  0.879544 seconds (263.66 k allocations: 264.247 MiB)
1527
  0.868582 seconds (242.38 k allocations: 242.863 MiB)
4029
  0.877186 seconds (347.61 k allocations: 344.949 MiB)
6528
  0.860488 seconds (554.50 k allocations: 549.063 MiB)
9036
  0.862996 seconds (401.05 k allocations: 395.168 MiB)
5279
  0.852646 seconds (216.12 k allocations: 215.760 MiB)
277
  0.869279 seconds (297.62 k allocations: 296.366 MiB)
2780
  0.858272 seconds (192.66 k allocations: 194.899 MiB)
7780
  0.860119 seconds (226.42 k allocations: 226.146 MiB)
1528
  0.877780 seconds (283.31 k allocations: 283.213 MiB)
4030
  0.878555 seconds (350.75 k allocations: 346.717 MiB)
6529
  1.123169 seconds (286.83 k allocations: 284.245 MiB, 21.68% gc time)
9037
  0.856720 seconds (258.00 k allocations: 254.257 MiB)
7781
  0.881907 seconds (79.21 k allocations: 78.441 MiB)
9038
  0.964491 seconds (296.83 k allocations: 292.982 MiB)
5280
  0.983536 seconds (365.71 k allocations: 363.998 MiB)
278
  0.980389 seconds (343.12 k allocations: 340.133 MiB)
2781
  0.940923 seconds (232.44 k allocations: 233.162 MiB)
4031
  0.934052 seconds (241.51 k allocations: 240.779 MiB)
6530
  0.965808 seconds (332.75 k allocations: 333.199 MiB)
1529
  0.871246 seconds (554.50 k allocations: 549.050 MiB)
7782
  0.874461 seconds (297.17 k allocations: 294.357 MiB)
9039
  0.866809 seconds (230.40 k allocations: 230.658 MiB)
5281
  0.872777 seconds (239.02 k allocations: 239.090 MiB)
279
  0.872496 seconds (224.90 k allocations: 225.746 MiB)
2782
  0.875817 seconds (286.55 k allocations: 283.698 MiB)
4032
  0.880377 seconds (316.00 k allocations: 312.073 MiB)
1530
  0.916006 seconds (442.41 k allocations: 439.332 MiB)
6531
  0.861349 seconds (554.49 k allocations: 549.037 MiB)
7783
  0.870647 seconds (314.06 k allocations: 310.707 MiB)
280
  0.884488 seconds (355.32 k allocations: 352.827 MiB)
5282
  0.872321 seconds (279.03 k allocations: 276.127 MiB)
2783
  0.886394 seconds (317.84 k allocations: 315.926 MiB)
9040
  0.875637 seconds (316.26 k allocations: 313.362 MiB)
  0.859268 seconds (286.74 k allocations: 284.505 MiB)
4033
1531
  0.878717 seconds (401.78 k allocations: 396.761 MiB)
6532
  1.322615 seconds (399.84 k allocations: 393.670 MiB, 23.95% gc time)
  1.172791 seconds (108.31 k allocations: 105.044 MiB, 27.01% gc time)
7784
281
  0.875612 seconds (250.97 k allocations: 246.307 MiB)
4034
  0.971111 seconds (360.77 k allocations: 356.499 MiB)
5283
  0.972346 seconds (341.81 k allocations: 337.243 MiB)
2784
  0.950844 seconds (253.83 k allocations: 253.239 MiB)
9041
  0.955241 seconds (275.55 k allocations: 274.235 MiB)
1532
  0.949273 seconds (312.82 k allocations: 310.049 MiB)
  0.936871 seconds (296.30 k allocations: 295.602 MiB)
6533
7785
  0.937658 seconds (328.21 k allocations: 326.399 MiB)
282
  0.871599 seconds (554.50 k allocations: 549.050 MiB)
4035
  0.863785 seconds (407.28 k allocations: 401.136 MiB)
5284
  0.869194 seconds (317.20 k allocations: 313.704 MiB)
2785
  0.869340 seconds (302.39 k allocations: 299.701 MiB)
9042
  0.855207 seconds (239.68 k allocations: 237.443 MiB)
7786
  0.881977 seconds (324.31 k allocations: 323.516 MiB)
1533
  0.864184 seconds (302.20 k allocations: 300.094 MiB)
283
  0.879462 seconds (330.99 k allocations: 331.477 MiB)
6534
  0.883377 seconds (554.50 k allocations: 549.050 MiB)
4036
  0.873522 seconds (460.43 k allocations: 452.917 MiB)
5285
  0.859245 seconds (291.40 k allocations: 289.020 MiB)
2786
  0.860054 seconds (275.38 k allocations: 273.886 MiB)
9043
  0.858076 seconds (263.34 k allocations: 262.545 MiB)
7787
  0.880188 seconds (324.87 k allocations: 322.816 MiB)
1534
  0.873624 seconds (314.73 k allocations: 312.060 MiB)
  0.881407 seconds (321.90 k allocations: 321.276 MiB)
6535
284
  1.310376 seconds (388.42 k allocations: 383.794 MiB, 22.26% gc time)
  1.161417 seconds (4.26 k allocations: 4.162 MiB, 25.11% gc time)
  1.191858 seconds (79.92 k allocations: 77.808 MiB, 24.47% gc time)
  1.256266 seconds (239.97 k allocations: 236.492 MiB, 23.21% gc time)
4037
2787
9044
5286
  0.877863 seconds (416.50 k allocations: 407.155 MiB)
6536
  0.876788 seconds (79.21 k allocations: 78.441 MiB)
2788
  0.880228 seconds (81.31 k allocations: 83.065 MiB)
9045
  0.951636 seconds (335.27 k allocations: 333.618 MiB)
7788
  0.941470 seconds (272.99 k allocations: 274.206 MiB)
1535
  0.946752 seconds (303.25 k allocations: 303.350 MiB)
285
  0.933919 seconds (301.34 k allocations: 298.034 MiB)
4038
  0.943349 seconds (326.19 k allocations: 328.140 MiB)
5287
  0.880221 seconds (554.49 k allocations: 549.037 MiB)
6537
  0.868650 seconds (391.65 k allocations: 386.055 MiB)
2789
  0.877944 seconds (359.96 k allocations: 354.622 MiB)
9046
  0.865879 seconds (223.22 k allocations: 223.946 MiB)
1536
  0.872075 seconds (234.21 k allocations: 234.658 MiB)
7789
  0.861837 seconds (234.80 k allocations: 232.967 MiB)
5288
  0.877905 seconds (274.89 k allocations: 275.186 MiB)
286
  0.869963 seconds (267.52 k allocations: 269.544 MiB)
4039
  0.879616 seconds (554.49 k allocations: 549.044 MiB)
6538
  0.859516 seconds (422.87 k allocations: 413.417 MiB)
2790
  0.870704 seconds (277.57 k allocations: 275.774 MiB)
  0.864039 seconds (232.53 k allocations: 232.784 MiB)
9047
1537
  0.866387 seconds (209.17 k allocations: 210.700 MiB)
7790
  0.854093 seconds (199.28 k allocations: 198.962 MiB)
  0.870715 seconds (218.75 k allocations: 220.239 MiB)
287
  0.870335 seconds (222.78 k allocations: 224.663 MiB)
4040
5289
  1.106715 seconds (299.34 k allocations: 294.833 MiB, 21.38% gc time)
6539
  0.869373 seconds (206.93 k allocations: 205.380 MiB)
2791
  0.975550 seconds (351.95 k allocations: 347.999 MiB)
7791
  0.886186 seconds (81.07 k allocations: 81.629 MiB)
6540
  0.966560 seconds (282.05 k allocations: 281.508 MiB)
1538
  0.964424 seconds (275.75 k allocations: 275.663 MiB)
288
  0.953798 seconds (251.03 k allocations: 252.172 MiB)
9048
  0.933680 seconds (215.65 k allocations: 218.525 MiB)
4041
  0.948285 seconds (353.84 k allocations: 350.852 MiB)
5290
  0.873329 seconds (554.47 k allocations: 548.974 MiB)
2792
  0.869862 seconds (256.85 k allocations: 255.788 MiB)
7792
  0.873464 seconds (194.58 k allocations: 195.160 MiB)
1539
  0.864447 seconds (148.11 k allocations: 148.427 MiB)
4042
  0.878012 seconds (189.68 k allocations: 192.045 MiB)
289
  0.874275 seconds (180.48 k allocations: 183.418 MiB)
9049
  0.870409 seconds (281.21 k allocations: 278.776 MiB)
5291
  0.918231 seconds (432.31 k allocations: 430.912 MiB)
6541
  0.861516 seconds (554.50 k allocations: 549.050 MiB)
2793
  0.859749 seconds (333.39 k allocations: 329.031 MiB)
7793
  0.875810 seconds (263.38 k allocations: 262.200 MiB)
1540
  0.868710 seconds (207.68 k allocations: 207.864 MiB)
290
  0.872125 seconds (223.66 k allocations: 223.340 MiB)
9050
  0.888149 seconds (292.79 k allocations: 293.343 MiB)
4043
  0.861143 seconds (227.51 k allocations: 228.572 MiB)
5292
  0.877118 seconds (454.41 k allocations: 447.141 MiB)
6542
  1.296008 seconds (440.26 k allocations: 433.617 MiB, 23.56% gc time)
  1.202818 seconds (222.28 k allocations: 217.933 MiB, 25.38% gc time)
2794
7794
  0.862947 seconds (214.55 k allocations: 210.213 MiB)
5293
  0.970961 seconds (352.12 k allocations: 350.978 MiB)
  0.957913 seconds (294.60 k allocations: 290.817 MiB)
1541
9051
  0.986155 seconds (379.98 k allocations: 376.432 MiB)
291
  0.974870 seconds (353.95 k allocations: 349.241 MiB)
4044
  0.931901 seconds (328.53 k allocations: 323.885 MiB)
2795
  0.933178 seconds (337.18 k allocations: 334.803 MiB)
7795
  0.950790 seconds (394.44 k allocations: 393.420 MiB)
6543
  0.861067 seconds (554.49 k allocations: 549.037 MiB)
5294
  0.868455 seconds (383.95 k allocations: 380.310 MiB)
1542
  0.877005 seconds (390.03 k allocations: 386.219 MiB)
9052
  0.876443 seconds (324.23 k allocations: 320.632 MiB)
292
  0.879986 seconds (305.59 k allocations: 302.983 MiB)
4045
  0.869457 seconds (290.76 k allocations: 288.959 MiB)
2796
  0.868218 seconds (317.52 k allocations: 316.007 MiB)
7796
  0.877701 seconds (398.77 k allocations: 395.156 MiB)
6544
  0.871100 seconds (554.49 k allocations: 549.044 MiB)
5295
  0.868864 seconds (392.54 k allocations: 385.836 MiB)
1543
  0.872612 seconds (355.79 k allocations: 352.032 MiB)
9053
  0.870348 seconds (296.63 k allocations: 294.197 MiB)
293
  0.868215 seconds (279.94 k allocations: 278.402 MiB)
4046
  0.862014 seconds (305.49 k allocations: 303.054 MiB)
2797
  0.867100 seconds (354.67 k allocations: 351.502 MiB)
7797
  0.874098 seconds (387.93 k allocations: 384.747 MiB)
6545
  1.110977 seconds (66.00 k allocations: 63.183 MiB, 21.22% gc time)
  1.111007 seconds (66.07 k allocations: 63.253 MiB, 21.22% gc time)
  1.147431 seconds (227.84 k allocations: 224.556 MiB, 20.55% gc time)
  1.208243 seconds (454.58 k allocations: 448.305 MiB, 19.51% gc time)
  1.136540 seconds (181.40 k allocations: 178.825 MiB, 20.74% gc time)
294
4047
1544
5296
9054
  0.866757 seconds (369.55 k allocations: 362.213 MiB)
2798
  0.878496 seconds (103.50 k allocations: 105.340 MiB)
9055
  0.876164 seconds (93.08 k allocations: 95.571 MiB)
1545
  0.878728 seconds (102.53 k allocations: 103.564 MiB)
4048
  0.882472 seconds (120.82 k allocations: 122.468 MiB)
295
  0.970716 seconds (476.59 k allocations: 471.694 MiB)
6546
  0.947969 seconds (378.22 k allocations: 377.733 MiB)
7798
  0.930123 seconds (358.82 k allocations: 358.120 MiB)
5297
  0.865697 seconds (554.49 k allocations: 549.024 MiB)
2799
  0.869264 seconds (250.22 k allocations: 248.205 MiB)
9056
  0.875250 seconds (254.47 k allocations: 253.671 MiB)
1546
  0.869490 seconds (197.76 k allocations: 199.598 MiB)
4049
  0.871145 seconds (195.83 k allocations: 197.927 MiB)
296
  0.867616 seconds (201.82 k allocations: 202.596 MiB)
7799
  0.868902 seconds (254.17 k allocations: 252.893 MiB)
5298
  0.927325 seconds (535.36 k allocations: 529.484 MiB)
6547
  0.862693 seconds (554.49 k allocations: 549.018 MiB)
2800
  0.863072 seconds (231.26 k allocations: 230.248 MiB)
1547
  0.871789 seconds (249.79 k allocations: 250.603 MiB)
9057
  0.875017 seconds (251.80 k allocations: 253.951 MiB)
4050
  0.856654 seconds (171.32 k allocations: 174.477 MiB)
7800
  0.864571 seconds (194.69 k allocations: 195.804 MiB)
  0.872156 seconds (210.01 k allocations: 211.871 MiB)
297
5299
  0.872803 seconds (191.63 k allocations: 194.459 MiB)
6548
  1.409061 seconds (416.96 k allocations: 410.112 MiB, 20.32% gc time)
  1.169253 seconds (126.78 k allocations: 121.361 MiB, 24.49% gc time)
2801
6549
  0.862024 seconds (248.87 k allocations: 246.739 MiB)
1548
  0.944518 seconds (225.84 k allocations: 224.875 MiB)
9058
  0.973825 seconds (307.86 k allocations: 306.008 MiB)
7801
  0.890132 seconds (99.89 k allocations: 101.038 MiB)
6550
  0.960902 seconds (246.80 k allocations: 247.941 MiB)
4051
  0.959471 seconds (252.17 k allocations: 253.272 MiB)
298
  0.956844 seconds (292.82 k allocations: 292.355 MiB)
5300
  0.941071 seconds (392.86 k allocations: 388.250 MiB)
2802
  0.870936 seconds (554.49 k allocations: 549.031 MiB)
1549
  0.876735 seconds (320.43 k allocations: 318.023 MiB)
9059
  0.868540 seconds (239.77 k allocations: 239.627 MiB)
7802
  0.864074 seconds (208.65 k allocations: 209.999 MiB)
4052
  0.869890 seconds (227.41 k allocations: 228.117 MiB)
299
  0.871908 seconds (267.62 k allocations: 266.823 MiB)
5301
  0.875548 seconds (349.96 k allocations: 345.784 MiB)
6551
  0.869433 seconds (361.31 k allocations: 356.835 MiB)
2803
  0.863520 seconds (554.49 k allocations: 549.031 MiB)
1550
  0.861546 seconds (311.13 k allocations: 307.704 MiB)
9060
  0.860487 seconds (270.17 k allocations: 267.489 MiB)
7803
  0.868593 seconds (287.61 k allocations: 285.567 MiB)
4053
  0.868843 seconds (269.87 k allocations: 268.763 MiB)
300
  0.863135 seconds (265.70 k allocations: 264.954 MiB)
5302
  0.869392 seconds (395.21 k allocations: 390.307 MiB)
2804
  0.874732 seconds (464.76 k allocations: 457.033 MiB)
6552
  1.160995 seconds (89.26 k allocations: 86.659 MiB, 24.52% gc time)
  1.306279 seconds (486.98 k allocations: 481.986 MiB, 21.79% gc time)
  1.189683 seconds (229.89 k allocations: 227.706 MiB, 23.93% gc time)
  1.161285 seconds (90.25 k allocations: 88.873 MiB, 24.51% gc time)
  1.158829 seconds (82.52 k allocations: 80.318 MiB, 24.56% gc time)
  1.149220 seconds (57.17 k allocations: 55.461 MiB, 24.77% gc time)
301
7804
5303
1551
4054
9061
  0.859652 seconds (429.88 k allocations: 419.959 MiB)
2805
  0.862824 seconds (79.21 k allocations: 78.441 MiB)
  0.871016 seconds (96.60 k allocations: 101.365 MiB)
4055
7805
  0.873235 seconds (98.62 k allocations: 103.475 MiB)
302
  0.879650 seconds (141.97 k allocations: 142.723 MiB)
9062
  0.890506 seconds (165.98 k allocations: 170.758 MiB)
5304
  0.948342 seconds (510.94 k allocations: 505.952 MiB)
6553
  0.931474 seconds (461.86 k allocations: 456.716 MiB)
1552
  0.865016 seconds (554.50 k allocations: 549.050 MiB)
2806
  0.859993 seconds (274.64 k allocations: 272.993 MiB)
7806
  0.863413 seconds (281.59 k allocations: 281.036 MiB)
4056
  0.866647 seconds (270.28 k allocations: 269.003 MiB)
303
  0.862925 seconds (241.48 k allocations: 240.395 MiB)
9063
  0.870829 seconds (286.39 k allocations: 284.763 MiB)
5305
  0.877245 seconds (409.26 k allocations: 404.980 MiB)
6554
  0.873240 seconds (435.86 k allocations: 431.824 MiB)
1553
  0.869042 seconds (554.48 k allocations: 549.012 MiB)
2807
  0.867926 seconds (335.55 k allocations: 333.901 MiB)
7807
  0.870538 seconds (334.07 k allocations: 332.658 MiB)
4057
  0.862413 seconds (298.61 k allocations: 297.518 MiB)
304
  0.859469 seconds (247.86 k allocations: 247.709 MiB)
9064
  0.861468 seconds (223.03 k allocations: 224.119 MiB)
5306
  0.875706 seconds (229.97 k allocations: 230.956 MiB)
6555
  0.864127 seconds (229.57 k allocations: 230.732 MiB)
1554
  1.029225 seconds (217.20 k allocations: 217.675 MiB, 15.93% gc time)
2808
  0.871096 seconds (286.75 k allocations: 282.972 MiB)
305
  0.876306 seconds (79.21 k allocations: 78.435 MiB)
2809
  0.931974 seconds (171.99 k allocations: 172.314 MiB)
9065
  0.957568 seconds (262.92 k allocations: 264.388 MiB)
4058
  0.951928 seconds (232.93 k allocations: 234.668 MiB)
7808
  0.960385 seconds (267.81 k allocations: 270.640 MiB)
6556
  0.934488 seconds (214.94 k allocations: 217.810 MiB)
5307
  0.932498 seconds (233.67 k allocations: 235.893 MiB)
1555
  0.874768 seconds (554.50 k allocations: 549.044 MiB)
306
  0.866947 seconds (329.18 k allocations: 324.998 MiB)
2810
  0.859256 seconds (188.08 k allocations: 190.167 MiB)
4059
  0.868110 seconds (186.87 k allocations: 189.188 MiB)
9066
  0.875562 seconds (203.92 k allocations: 204.447 MiB)
  0.861520 seconds (173.90 k allocations: 174.624 MiB)
6557
5308
  0.886134 seconds (250.12 k allocations: 251.459 MiB)
7809
  0.876691 seconds (285.65 k allocations: 284.431 MiB)
1556
  0.874363 seconds (554.49 k allocations: 549.037 MiB)
307
  0.868908 seconds (341.56 k allocations: 336.830 MiB)
2811
  0.869278 seconds (256.01 k allocations: 255.151 MiB)
4060
  0.873720 seconds (222.82 k allocations: 223.580 MiB)
9067
  0.859017 seconds (170.69 k allocations: 172.643 MiB)
5309
  0.874421 seconds (223.77 k allocations: 226.101 MiB)
6558
  0.870367 seconds (260.94 k allocations: 260.643 MiB)
  1.168356 seconds (172.51 k allocations: 172.345 MiB, 25.70% gc time)
  1.959290 seconds (252.05 k allocations: 251.160 MiB, 15.33% gc time)
7810
308
1557
  0.864043 seconds (332.41 k allocations: 326.674 MiB)
2812
  0.876016 seconds (98.13 k allocations: 99.000 MiB)
309
  0.928177 seconds (210.16 k allocations: 211.258 MiB)
9068
  0.964778 seconds (366.04 k allocations: 363.062 MiB)
4061
  0.955769 seconds (290.68 k allocations: 291.155 MiB)
5310
  0.950263 seconds (267.98 k allocations: 269.593 MiB)
6559
  0.933282 seconds (250.63 k allocations: 250.721 MiB)
  0.939247 seconds (257.92 k allocations: 260.296 MiB)
1558
7811
  0.914650 seconds (554.49 k allocations: 549.031 MiB)
2813
  0.869067 seconds (448.99 k allocations: 444.027 MiB)
310
  0.871032 seconds (283.65 k allocations: 281.595 MiB)
9069
  0.862135 seconds (209.97 k allocations: 211.273 MiB)
4062
  0.855034 seconds (176.01 k allocations: 175.283 MiB)
1559
  0.868943 seconds (215.11 k allocations: 217.775 MiB)
5311
  0.867598 seconds (238.88 k allocations: 238.254 MiB)
7812
  0.874285 seconds (258.40 k allocations: 260.814 MiB)
6560
  0.861063 seconds (500.86 k allocations: 494.961 MiB)
2814
  0.874461 seconds (413.97 k allocations: 404.910 MiB)
311
  0.875027 seconds (212.23 k allocations: 213.262 MiB)
  0.861871 seconds (134.59 k allocations: 137.880 MiB)
4063
5312
  0.863911 seconds (141.75 k allocations: 144.951 MiB)
  0.871249 seconds (162.37 k allocations: 166.948 MiB)
1560
9070
  0.869201 seconds (184.61 k allocations: 186.347 MiB)
7813
  0.883797 seconds (242.95 k allocations: 243.568 MiB)
6561
  1.161162 seconds (335.07 k allocations: 330.330 MiB, 18.29% gc time)
  1.076393 seconds (52.65 k allocations: 50.428 MiB, 19.73% gc time)
4064
2815
  0.870786 seconds (239.15 k allocations: 237.410 MiB)
312
  0.870657 seconds (79.21 k allocations: 78.447 MiB)
2816
  0.875422 seconds (82.22 k allocations: 82.678 MiB)
4065
  0.966542 seconds (340.06 k allocations: 336.948 MiB)
9071
  0.951737 seconds (282.00 k allocations: 281.560 MiB)
5313
  0.974786 seconds (379.28 k allocations: 377.290 MiB)
6562
  0.941673 seconds (267.46 k allocations: 269.243 MiB)
1561
  0.955083 seconds (403.07 k allocations: 399.188 MiB)
7814
  0.867635 seconds (554.48 k allocations: 548.986 MiB)
313
  0.863042 seconds (299.65 k allocations: 295.514 MiB)
4066
  0.876016 seconds (338.79 k allocations: 335.599 MiB)
2817
  0.861560 seconds (199.30 k allocations: 201.068 MiB)
9072
  0.863884 seconds (206.35 k allocations: 207.998 MiB)
5314
  0.868552 seconds (253.34 k allocations: 251.919 MiB)
1562
  0.872709 seconds (276.68 k allocations: 275.669 MiB)
6563
  0.865058 seconds (369.35 k allocations: 365.754 MiB)
7815
  0.870536 seconds (554.50 k allocations: 549.050 MiB)
314
  0.870867 seconds (347.74 k allocations: 344.151 MiB)
4067
  0.855556 seconds (195.92 k allocations: 196.433 MiB)
9073
  0.869256 seconds (256.93 k allocations: 257.432 MiB)
2818
  0.864573 seconds (210.57 k allocations: 212.037 MiB)
5315
  0.864964 seconds (219.98 k allocations: 221.186 MiB)
1563
  0.876646 seconds (289.56 k allocations: 287.984 MiB)
6564
  0.867574 seconds (300.95 k allocations: 299.041 MiB)
7816
  1.084917 seconds (253.28 k allocations: 252.216 MiB, 19.01% gc time)
315
  0.864149 seconds (253.43 k allocations: 251.097 MiB)
4068
  0.874918 seconds (79.22 k allocations: 78.447 MiB)
316
  0.958552 seconds (291.49 k allocations: 290.321 MiB)
9074
  0.951176 seconds (248.75 k allocations: 249.613 MiB)
5316
  0.950485 seconds (245.65 k allocations: 246.834 MiB)
2819
  0.953117 seconds (272.49 k allocations: 272.715 MiB)
1564
  0.932042 seconds (265.33 k allocations: 264.803 MiB)
7817
  0.949828 seconds (349.38 k allocations: 347.861 MiB)
6565
  0.872388 seconds (554.49 k allocations: 549.044 MiB)
4069
  0.870694 seconds (349.02 k allocations: 343.970 MiB)
317
  0.860244 seconds (214.56 k allocations: 214.253 MiB)
  0.864677 seconds (239.71 k allocations: 240.149 MiB)
5317
9075
  0.875275 seconds (257.90 k allocations: 257.318 MiB)
2820
  0.858447 seconds (207.19 k allocations: 207.761 MiB)
7818
  0.872333 seconds (262.68 k allocations: 263.485 MiB)
1565
  0.872547 seconds (373.75 k allocations: 368.742 MiB)
6566
  0.868053 seconds (554.49 k allocations: 549.037 MiB)
4070
  0.862517 seconds (245.28 k allocations: 242.254 MiB)
  0.872546 seconds (316.74 k allocations: 313.201 MiB)
5318
318
  0.865331 seconds (251.22 k allocations: 250.753 MiB)
9076
  0.858738 seconds (189.58 k allocations: 190.719 MiB)
2821
  0.873456 seconds (259.06 k allocations: 258.622 MiB)
7819
  0.885330 seconds (341.35 k allocations: 337.572 MiB)
1566
  1.001720 seconds (259.83 k allocations: 257.114 MiB, 13.96% gc time)
  1.780838 seconds (339.56 k allocations: 336.041 MiB, 7.85% gc time)
4071
6567
  0.876253 seconds (252.53 k allocations: 249.009 MiB)
319
  0.876063 seconds (79.28 k allocations: 79.731 MiB)
4072
  0.968942 seconds (345.17 k allocations: 341.694 MiB)
  0.965447 seconds (331.55 k allocations: 328.768 MiB)
9077
5319
  0.944018 seconds (251.17 k allocations: 252.085 MiB)
2822
  0.949624 seconds (316.08 k allocations: 314.415 MiB)
7820
  0.938904 seconds (336.82 k allocations: 334.443 MiB)
1567
  0.943948 seconds (409.46 k allocations: 404.122 MiB)
6568
  0.869449 seconds (554.49 k allocations: 549.037 MiB)
320
  0.864388 seconds (359.10 k allocations: 355.038 MiB)
4073
  0.861261 seconds (280.18 k allocations: 278.282 MiB)
9078
  0.867304 seconds (276.29 k allocations: 274.743 MiB)
2823
  0.877199 seconds (311.25 k allocations: 308.358 MiB)
5320
  0.869827 seconds (303.11 k allocations: 300.772 MiB)
7821
  0.872126 seconds (369.10 k allocations: 365.333 MiB)
1568
  0.876423 seconds (440.62 k allocations: 436.404 MiB)
6569
  0.869512 seconds (554.49 k allocations: 549.037 MiB)
321
  0.857293 seconds (379.07 k allocations: 375.546 MiB)
4074
  0.856434 seconds (338.62 k allocations: 335.637 MiB)
9079
  0.860898 seconds (312.62 k allocations: 309.497 MiB)
2824
  0.870335 seconds (324.25 k allocations: 320.807 MiB)
5321
  1.844374 seconds (301.88 k allocations: 299.597 MiB, 9.17% gc time)
  1.822356 seconds (252.17 k allocations: 250.777 MiB, 9.28% gc time)
  1.038160 seconds (160.21 k allocations: 158.959 MiB, 16.29% gc time)
  1.805733 seconds (239.60 k allocations: 237.583 MiB, 9.36% gc time)
322
6570
1569
7822
  0.865569 seconds (385.54 k allocations: 377.559 MiB)
4075
  0.875419 seconds (95.39 k allocations: 96.366 MiB)
1570
  0.959145 seconds (433.48 k allocations: 426.190 MiB)
9080
  0.959730 seconds (370.26 k allocations: 365.884 MiB)
2825
  0.935894 seconds (260.44 k allocations: 258.546 MiB)
323
  0.950106 seconds (314.62 k allocations: 315.468 MiB)
5322
  0.934897 seconds (294.59 k allocations: 292.804 MiB)
7823
  0.940927 seconds (310.65 k allocations: 310.813 MiB)
6571
  0.862793 seconds (554.50 k allocations: 549.050 MiB)
4076
  0.861596 seconds (455.77 k allocations: 450.350 MiB)
1571
  0.866532 seconds (429.44 k allocations: 422.498 MiB)
9081
  0.872518 seconds (343.27 k allocations: 338.839 MiB)
2826
  0.872692 seconds (324.52 k allocations: 322.294 MiB)
324
  0.861897 seconds (367.45 k allocations: 363.574 MiB)
7824
  0.899847 seconds (419.81 k allocations: 417.522 MiB)
6572
  0.877346 seconds (456.64 k allocations: 452.954 MiB)
5323
  0.870143 seconds (554.48 k allocations: 548.993 MiB)
4077
  0.870355 seconds (461.81 k allocations: 457.513 MiB)
1572
  0.865226 seconds (438.12 k allocations: 433.600 MiB)
9082
  0.870855 seconds (417.76 k allocations: 412.911 MiB)
2827
  0.864521 seconds (391.46 k allocations: 386.521 MiB)
325
  1.659001 seconds (317.66 k allocations: 313.461 MiB, 11.93% gc time)
  1.063243 seconds (206.01 k allocations: 202.770 MiB, 18.62% gc time)
  1.767911 seconds (383.66 k allocations: 377.804 MiB, 11.20% gc time)
  1.613095 seconds (285.63 k allocations: 281.628 MiB, 12.27% gc time)
4078
7825
5324
6573
  0.876406 seconds (315.18 k allocations: 308.959 MiB)
1573
  0.875372 seconds (79.21 k allocations: 78.435 MiB)
4079
  0.973129 seconds (467.09 k allocations: 459.600 MiB)
9083
  0.953168 seconds (343.26 k allocations: 340.054 MiB)
2828
  0.947838 seconds (314.82 k allocations: 313.029 MiB)
326
  0.928507 seconds (255.21 k allocations: 253.717 MiB)
5325
  0.933932 seconds (286.71 k allocations: 285.262 MiB)
7826
  0.943621 seconds (375.61 k allocations: 372.942 MiB)
6574
  0.874146 seconds (554.49 k allocations: 549.044 MiB)
1574
  0.861198 seconds (377.39 k allocations: 372.534 MiB)
4080
  0.862863 seconds (355.66 k allocations: 351.910 MiB)
9084
  0.869757 seconds (327.52 k allocations: 323.755 MiB)
2829
  0.861899 seconds (276.01 k allocations: 272.184 MiB)
7827
  0.869952 seconds (301.55 k allocations: 299.267 MiB)
5326
  0.879296 seconds (336.23 k allocations: 336.320 MiB)
327
  0.876921 seconds (384.82 k allocations: 381.763 MiB)
6575
  0.872326 seconds (554.49 k allocations: 549.031 MiB)
1575
  0.858856 seconds (398.42 k allocations: 390.198 MiB)
9085
  0.867231 seconds (429.48 k allocations: 425.197 MiB)
4081
  0.879550 seconds (397.02 k allocations: 390.263 MiB)
2830
  1.912786 seconds (305.72 k allocations: 303.084 MiB, 12.32% gc time)
  1.899382 seconds (271.89 k allocations: 269.496 MiB, 12.41% gc time)
  1.872951 seconds (244.79 k allocations: 242.420 MiB, 12.59% gc time)
  1.109026 seconds (142.84 k allocations: 139.870 MiB, 21.26% gc time)
  1.842490 seconds (224.24 k allocations: 221.801 MiB, 12.79% gc time)
328
6576
5327
1576
7828
  0.856102 seconds (358.76 k allocations: 350.683 MiB)
4082
  0.871894 seconds (105.38 k allocations: 108.389 MiB)
5328
  0.959492 seconds (501.05 k allocations: 492.100 MiB)
9086
  0.944468 seconds (299.33 k allocations: 298.025 MiB)
2831
  0.941599 seconds (260.26 k allocations: 259.594 MiB)
  0.940061 seconds (259.23 k allocations: 259.297 MiB)
329
1577
  0.939410 seconds (269.25 k allocations: 269.772 MiB)
  0.944024 seconds (273.14 k allocations: 275.532 MiB)
7829
6577
  0.855708 seconds (554.49 k allocations: 549.037 MiB)
4083
  0.873372 seconds (488.62 k allocations: 483.184 MiB)
5329
  0.866335 seconds (462.51 k allocations: 457.981 MiB)
9087
  0.869214 seconds (303.33 k allocations: 300.605 MiB)
2832
  0.874628 seconds (310.45 k allocations: 310.066 MiB)
  0.871007 seconds (302.32 k allocations: 302.413 MiB)
6578
330
  0.857087 seconds (338.86 k allocations: 336.398 MiB)
7830
  0.882097 seconds (406.73 k allocations: 403.942 MiB)
1578
  0.869253 seconds (554.50 k allocations: 549.050 MiB)
4084
  0.863888 seconds (457.11 k allocations: 453.057 MiB)
5330
  0.867897 seconds (452.49 k allocations: 447.475 MiB)
9088
  0.869260 seconds (304.54 k allocations: 301.780 MiB)
  0.862874 seconds (277.70 k allocations: 274.348 MiB)
331
2833
  0.875601 seconds (309.50 k allocations: 306.919 MiB)
6579
  1.168913 seconds (184.74 k allocations: 183.845 MiB, 25.83% gc time)
  1.831355 seconds (263.91 k allocations: 262.239 MiB, 16.48% gc time)
  1.862219 seconds (284.76 k allocations: 283.414 MiB, 16.21% gc time)
7831
4085
1579
  0.878160 seconds (333.05 k allocations: 326.060 MiB)
5331
  0.877654 seconds (82.87 k allocations: 83.168 MiB)
4086
  0.974988 seconds (452.42 k allocations: 445.543 MiB)
9089
  0.942537 seconds (283.98 k allocations: 283.332 MiB)
332
  0.935001 seconds (245.37 k allocations: 246.550 MiB)
2834
  0.938226 seconds (274.57 k allocations: 274.687 MiB)
6580
  0.938940 seconds (318.98 k allocations: 316.124 MiB)
7832
  0.936227 seconds (341.68 k allocations: 339.281 MiB)
1580
  0.873534 seconds (554.50 k allocations: 549.063 MiB)
5332
  0.864085 seconds (385.96 k allocations: 380.737 MiB)
4087
  0.864067 seconds (309.19 k allocations: 306.056 MiB)
9090
  0.871872 seconds (303.33 k allocations: 300.614 MiB)
333
  0.867966 seconds (269.77 k allocations: 268.662 MiB)
2835
  0.858931 seconds (282.71 k allocations: 278.791 MiB)
7833
  0.874381 seconds (325.15 k allocations: 324.496 MiB)
6581
  0.871016 seconds (366.65 k allocations: 363.163 MiB)
1581
  0.867113 seconds (554.49 k allocations: 549.037 MiB)
5333
  0.857184 seconds (332.50 k allocations: 326.956 MiB)
  0.870553 seconds (415.52 k allocations: 409.880 MiB)
9091
4088
  0.863552 seconds (271.73 k allocations: 270.404 MiB)
334
  0.871083 seconds (270.30 k allocations: 269.200 MiB)
2836
  1.870855 seconds (244.89 k allocations: 243.830 MiB, 10.57% gc time)
  1.859474 seconds (232.68 k allocations: 230.917 MiB, 10.64% gc time)
  1.869494 seconds (243.41 k allocations: 242.419 MiB, 10.58% gc time)
  1.077384 seconds (154.01 k allocations: 153.119 MiB, 18.36% gc time)
5334
6582
7834
1582
  0.866523 seconds (364.60 k allocations: 356.266 MiB)
4089
  0.884752 seconds (98.51 k allocations: 101.810 MiB)
5335
  0.967881 seconds (481.94 k allocations: 473.815 MiB)
9092
  0.940614 seconds (275.93 k allocations: 275.637 MiB)
335
  0.939818 seconds (268.59 k allocations: 265.099 MiB)
7835
  0.940594 seconds (274.34 k allocations: 272.021 MiB)
  0.941663 seconds (275.87 k allocations: 275.288 MiB)
1583
2837
  0.944482 seconds (296.95 k allocations: 297.701 MiB)
6583
  0.862478 seconds (554.49 k allocations: 549.031 MiB)
4090
  0.871795 seconds (440.35 k allocations: 435.645 MiB)
5336
  0.874504 seconds (436.79 k allocations: 429.566 MiB)
9093
  0.880227 seconds (302.78 k allocations: 300.108 MiB)
336
  0.860692 seconds (189.47 k allocations: 190.642 MiB)
7836
  0.869958 seconds (229.59 k allocations: 230.427 MiB)
  0.867704 seconds (227.24 k allocations: 227.303 MiB)
1584
2838
  0.877107 seconds (304.77 k allocations: 302.732 MiB)
6584
  0.864541 seconds (554.49 k allocations: 549.037 MiB)
4091
  0.865397 seconds (372.86 k allocations: 366.786 MiB)
9094
  0.861590 seconds (298.04 k allocations: 295.379 MiB)
5337
  0.871738 seconds (260.81 k allocations: 259.954 MiB)
337
  0.860773 seconds (206.45 k allocations: 206.884 MiB)
1585
  0.866785 seconds (227.80 k allocations: 228.678 MiB)
2839
  0.876729 seconds (306.15 k allocations: 305.096 MiB)
6585
  0.868299 seconds (319.81 k allocations: 318.336 MiB)
  1.038069 seconds (53.94 k allocations: 53.745 MiB, 16.91% gc time)
  1.166191 seconds (254.03 k allocations: 253.468 MiB, 15.05% gc time)
7837
9095
4092
  0.868894 seconds (449.76 k allocations: 438.955 MiB)
338
  0.871400 seconds (79.21 k allocations: 78.441 MiB)
4093
  0.874401 seconds (81.34 k allocations: 81.890 MiB)
9096
  0.960490 seconds (367.97 k allocations: 364.936 MiB)
  0.945831 seconds (293.75 k allocations: 293.111 MiB)
5338
2840
  0.945503 seconds (298.07 k allocations: 298.412 MiB)
1586
  0.934631 seconds (278.55 k allocations: 279.913 MiB)
6586
  0.937858 seconds (321.18 k allocations: 320.865 MiB)
7838
  0.872401 seconds (554.50 k allocations: 549.056 MiB)
339
  0.864607 seconds (409.12 k allocations: 401.692 MiB)
4094
  0.866962 seconds (403.73 k allocations: 397.920 MiB)
9097
  0.866886 seconds (245.31 k allocations: 243.860 MiB)
2841
  0.870035 seconds (255.32 k allocations: 254.858 MiB)
5339
  0.872699 seconds (277.29 k allocations: 276.047 MiB)
1587
  0.870230 seconds (315.48 k allocations: 314.023 MiB)
7839
  0.877161 seconds (327.53 k allocations: 328.193 MiB)
6587
  0.861821 seconds (554.50 k allocations: 549.044 MiB)
340
  0.860455 seconds (420.86 k allocations: 415.537 MiB)
9098
  0.874472 seconds (414.08 k allocations: 409.235 MiB)
4095
  0.867657 seconds (205.05 k allocations: 205.354 MiB)
5340
  0.876337 seconds (222.80 k allocations: 224.961 MiB)
2842
  0.870087 seconds (190.15 k allocations: 192.649 MiB)
1588
  0.877341 seconds (232.47 k allocations: 233.341 MiB)
7840
  0.876977 seconds (238.36 k allocations: 239.170 MiB)
6588
  1.051367 seconds (339.67 k allocations: 334.875 MiB, 17.31% gc time)
341
  0.864318 seconds (174.06 k allocations: 173.927 MiB)
9099
  0.879608 seconds (79.21 k allocations: 78.441 MiB)
342
  0.964694 seconds (288.32 k allocations: 288.529 MiB)
1589
  0.958209 seconds (214.29 k allocations: 216.638 MiB)
4096
  0.953631 seconds (215.06 k allocations: 213.876 MiB)
  0.966013 seconds (246.84 k allocations: 248.096 MiB)
2843
7841
  0.969735 seconds (283.02 k allocations: 284.168 MiB)
6589
  0.963287 seconds (290.45 k allocations: 290.224 MiB)
5341
  0.865600 seconds (554.50 k allocations: 549.069 MiB)
9100
  0.872067 seconds (336.09 k allocations: 331.594 MiB)
343
  0.872644 seconds (301.71 k allocations: 298.896 MiB)
1590
  0.865738 seconds (200.63 k allocations: 202.355 MiB)
4097
  0.868653 seconds (199.84 k allocations: 201.776 MiB)
2844
  0.869088 seconds (206.53 k allocations: 208.358 MiB)
7842
  0.871177 seconds (267.09 k allocations: 265.277 MiB)
5342
  0.878460 seconds (315.29 k allocations: 312.807 MiB)
6590
  0.866501 seconds (554.49 k allocations: 549.037 MiB)
9101
  0.862780 seconds (283.83 k allocations: 280.362 MiB)
  0.871041 seconds (340.11 k allocations: 336.141 MiB)
1591
344
  0.856449 seconds (213.86 k allocations: 215.008 MiB)
4098
  0.865608 seconds (228.73 k allocations: 229.422 MiB)
2845
  0.866782 seconds (238.16 k allocations: 238.620 MiB)
7843
  0.871857 seconds (326.67 k allocations: 323.490 MiB)
6591
  0.878769 seconds (408.16 k allocations: 404.115 MiB)
5343
  1.188548 seconds (373.17 k allocations: 369.399 MiB, 17.29% gc time)
  1.085728 seconds (89.44 k allocations: 88.232 MiB, 18.92% gc time)
  1.077771 seconds (58.79 k allocations: 57.681 MiB, 19.06% gc time)
9102
4099
1592
  0.871616 seconds (302.75 k allocations: 297.093 MiB)
345
  0.874581 seconds (80.30 k allocations: 80.716 MiB)
4100
  0.881218 seconds (91.70 k allocations: 91.801 MiB)
1593
  0.940464 seconds (273.38 k allocations: 273.184 MiB)
2846
  0.975995 seconds (432.73 k allocations: 429.494 MiB)
7844
  0.930618 seconds (288.56 k allocations: 288.040 MiB)
5344
  0.971167 seconds (445.67 k allocations: 440.988 MiB)
6592
  0.930522 seconds (326.49 k allocations: 324.686 MiB)
9103
  0.872324 seconds (554.48 k allocations: 548.986 MiB)
346
  0.871861 seconds (330.43 k allocations: 326.185 MiB)
4101
  0.865800 seconds (241.61 k allocations: 240.156 MiB)
2847
  0.872015 seconds (262.04 k allocations: 262.335 MiB)
1594
  0.868247 seconds (241.95 k allocations: 242.046 MiB)
7845
  0.869160 seconds (298.30 k allocations: 296.149 MiB)
5345
  0.864441 seconds (308.39 k allocations: 305.979 MiB)
9104
  0.877210 seconds (482.46 k allocations: 477.646 MiB)
6593
  0.873141 seconds (554.48 k allocations: 549.005 MiB)
347
  0.857793 seconds (239.44 k allocations: 238.092 MiB)
7846
  0.868967 seconds (274.04 k allocations: 275.032 MiB)
  0.866218 seconds (260.64 k allocations: 260.962 MiB)
2848
4102
  0.873475 seconds (282.21 k allocations: 280.899 MiB)
1595
  0.849107 seconds (207.98 k allocations: 208.506 MiB)
9105
  0.864303 seconds (261.79 k allocations: 262.513 MiB)
5346
  0.874613 seconds (312.34 k allocations: 311.085 MiB)
6594
  1.152069 seconds (358.06 k allocations: 353.596 MiB, 14.80% gc time)
  1.034770 seconds (128.97 k allocations: 124.819 MiB, 16.48% gc time)
348
7847
  0.876715 seconds (223.72 k allocations: 221.427 MiB)
9106
  0.872060 seconds (88.09 k allocations: 86.935 MiB)
349
  0.954421 seconds (335.30 k allocations: 332.268 MiB)
2849
  0.881259 seconds (132.27 k allocations: 132.026 MiB)
  0.938557 seconds (239.24 k allocations: 239.295 MiB)
7848
4103
  0.933091 seconds (243.31 k allocations: 243.544 MiB)
5347
  0.968713 seconds (418.34 k allocations: 416.104 MiB)
6595
  0.960418 seconds (418.58 k allocations: 415.289 MiB)
1596
  0.871387 seconds (541.94 k allocations: 535.611 MiB)
9107
  0.873691 seconds (396.95 k allocations: 391.450 MiB)
350
  0.864609 seconds (210.56 k allocations: 209.215 MiB)
  0.876284 seconds (271.24 k allocations: 271.094 MiB)
4104
2850
  0.870512 seconds (226.85 k allocations: 227.639 MiB)
7849
  0.870330 seconds (236.83 k allocations: 237.374 MiB)
5348
  0.873142 seconds (371.76 k allocations: 365.429 MiB)
  0.874571 seconds (378.14 k allocations: 372.913 MiB)
1597
6596
  0.880785 seconds (547.82 k allocations: 541.256 MiB)
9108
  0.862955 seconds (296.60 k allocations: 292.602 MiB)
351
  0.861519 seconds (229.76 k allocations: 228.818 MiB)
2851
  0.866879 seconds (249.73 k allocations: 250.578 MiB)
4105
  0.853660 seconds (189.13 k allocations: 190.289 MiB)
5349
  0.869976 seconds (256.28 k allocations: 257.202 MiB)
7850
  0.865623 seconds (249.25 k allocations: 248.199 MiB)
1598
  0.876070 seconds (289.31 k allocations: 287.935 MiB)
6597
  1.076965 seconds (308.83 k allocations: 303.987 MiB, 19.37% gc time)
9109
  0.882471 seconds (197.90 k allocations: 196.720 MiB)
352
  0.976523 seconds (362.06 k allocations: 357.691 MiB)
4106
  0.903245 seconds (100.70 k allocations: 100.424 MiB)
9110
  0.960132 seconds (201.25 k allocations: 202.935 MiB)
  0.959823 seconds (199.06 k allocations: 202.205 MiB)
  0.954670 seconds (184.88 k allocations: 187.582 MiB)
2852
1599
5350
  0.963472 seconds (268.66 k allocations: 269.239 MiB)
  0.947298 seconds (248.10 k allocations: 249.665 MiB)
6598
7851
  0.869825 seconds (553.70 k allocations: 546.901 MiB)
353
  0.866026 seconds (233.90 k allocations: 232.597 MiB)
4107
  0.856657 seconds (147.85 k allocations: 150.438 MiB)
5351
  0.873136 seconds (194.63 k allocations: 197.816 MiB)
9111
  0.871857 seconds (181.07 k allocations: 183.811 MiB)
1600
  0.876257 seconds (205.90 k allocations: 207.766 MiB)
2853
  0.878745 seconds (241.39 k allocations: 241.879 MiB)
6599
  0.877150 seconds (326.39 k allocations: 323.410 MiB)
7852
  0.872583 seconds (552.55 k allocations: 545.763 MiB)
354
  0.853568 seconds (311.24 k allocations: 306.604 MiB)
5352
  0.862950 seconds (301.86 k allocations: 299.016 MiB)
4108
  0.872804 seconds (216.71 k allocations: 216.502 MiB)
  0.866665 seconds (201.83 k allocations: 200.129 MiB)
  0.869455 seconds (206.82 k allocations: 206.754 MiB)
9112
  0.875825 seconds (222.56 k allocations: 225.374 MiB)
2854
6600
1601
  0.867447 seconds (267.58 k allocations: 267.136 MiB)
7853
  1.081717 seconds (149.32 k allocations: 145.369 MiB, 16.18% gc time)
  1.170903 seconds (431.69 k allocations: 425.208 MiB, 14.95% gc time)
  1.048024 seconds (9.45 k allocations: 9.189 MiB, 16.70% gc time)
  1.060367 seconds (62.13 k allocations: 60.905 MiB, 16.51% gc time)
4109
6601
5353
355
  0.878486 seconds (380.27 k allocations: 372.491 MiB)
7854
  0.866252 seconds (79.22 k allocations: 78.447 MiB)
5354
  0.877545 seconds (93.69 k allocations: 97.368 MiB)
356
  0.875335 seconds (94.57 k allocations: 95.960 MiB)
4110
  0.883899 seconds (121.42 k allocations: 123.028 MiB)
6602
  0.957692 seconds (413.61 k allocations: 410.185 MiB)
  0.955102 seconds (407.94 k allocations: 404.893 MiB)
2855
1602
  0.969617 seconds (500.93 k allocations: 495.317 MiB)
9113
  0.860241 seconds (554.49 k allocations: 549.018 MiB)
7855
  0.863500 seconds (283.86 k allocations: 281.613 MiB)
5355
  0.866228 seconds (233.06 k allocations: 231.974 MiB)
  0.869868 seconds (251.21 k allocations: 251.889 MiB)
4111
357
  0.884766 seconds (288.45 k allocations: 286.569 MiB)
6603
  0.867341 seconds (224.79 k allocations: 225.841 MiB)
2856
  0.871250 seconds (264.09 k allocations: 263.618 MiB)
1603
  0.870124 seconds (297.21 k allocations: 295.497 MiB)
9114
  0.869426 seconds (554.50 k allocations: 549.050 MiB)
7856
  0.874487 seconds (369.87 k allocations: 363.939 MiB)
5356
  0.870768 seconds (279.30 k allocations: 277.438 MiB)
358
  0.868650 seconds (202.39 k allocations: 204.017 MiB)
4112
  0.870829 seconds (158.44 k allocations: 160.922 MiB)
2857
  0.872095 seconds (166.63 k allocations: 168.921 MiB)
9115
  0.870526 seconds (175.47 k allocations: 177.584 MiB)
1604
  0.895211 seconds (233.63 k allocations: 238.322 MiB)
6604
  1.288354 seconds (289.99 k allocations: 287.386 MiB, 31.85% gc time)
7857
  0.886499 seconds (217.21 k allocations: 216.444 MiB)
359
  0.955341 seconds (164.28 k allocations: 165.958 MiB)
  0.951630 seconds (152.86 k allocations: 152.881 MiB)
  0.971692 seconds (235.23 k allocations: 236.134 MiB)
4113
5357
2858
  0.950862 seconds (155.36 k allocations: 157.956 MiB)
9116
  0.968050 seconds (200.78 k allocations: 204.082 MiB)
1605
  0.947565 seconds (282.09 k allocations: 279.594 MiB)
7858
  0.975504 seconds (343.48 k allocations: 340.961 MiB)
6605
  0.880354 seconds (554.49 k allocations: 549.025 MiB)
360
  0.875569 seconds (274.41 k allocations: 272.595 MiB)
5358
  0.867218 seconds (226.39 k allocations: 226.810 MiB)
4114
  0.871702 seconds (223.38 k allocations: 224.116 MiB)
2859
  0.866532 seconds (205.48 k allocations: 207.159 MiB)
9117
  0.868731 seconds (278.73 k allocations: 274.982 MiB)
7859
  0.875002 seconds (294.91 k allocations: 293.105 MiB)
1606
  0.894565 seconds (348.35 k allocations: 346.857 MiB)
6606
  0.872377 seconds (554.49 k allocations: 549.025 MiB)
361
  0.853691 seconds (300.32 k allocations: 296.176 MiB)
5359
  0.863845 seconds (291.60 k allocations: 289.202 MiB)
4115
  0.870015 seconds (269.87 k allocations: 268.619 MiB)
2860
  0.869945 seconds (257.76 k allocations: 257.197 MiB)
9118
  0.860285 seconds (279.02 k allocations: 275.272 MiB)
7860
  0.871476 seconds (318.75 k allocations: 315.918 MiB)
1607
  0.895400 seconds (377.15 k allocations: 375.685 MiB)
6607
  1.473131 seconds (494.32 k allocations: 486.373 MiB, 29.62% gc time)
  1.374248 seconds (192.16 k allocations: 186.322 MiB, 31.75% gc time)
  1.304977 seconds (70.24 k allocations: 67.195 MiB, 33.44% gc time)
  1.304371 seconds (69.18 k allocations: 66.228 MiB, 33.45% gc time)
  1.391988 seconds (253.27 k allocations: 247.625 MiB, 31.35% gc time)
362
4116
9119
2861
5360
  0.857752 seconds (329.84 k allocations: 322.982 MiB)
7861
  0.968528 seconds (394.77 k allocations: 386.531 MiB)
1608
  0.975234 seconds (399.86 k allocations: 392.817 MiB)
6608
  0.928467 seconds (170.47 k allocations: 173.487 MiB)
363
  0.933420 seconds (193.77 k allocations: 193.502 MiB)
9120
  0.934346 seconds (201.41 k allocations: 202.228 MiB)
  0.934962 seconds (204.84 k allocations: 206.477 MiB)
4117
2862
  0.941898 seconds (323.37 k allocations: 320.540 MiB)
5361
  0.868343 seconds (554.49 k allocations: 549.044 MiB)
7862
  0.873253 seconds (372.62 k allocations: 366.560 MiB)
1609
  0.874108 seconds (271.55 k allocations: 270.004 MiB)
6609
  0.856796 seconds (145.14 k allocations: 146.776 MiB)
  0.868106 seconds (200.15 k allocations: 202.279 MiB)
4118
364
  0.863595 seconds (177.87 k allocations: 180.918 MiB)
2863
  0.864807 seconds (204.43 k allocations: 206.504 MiB)
9121
  0.871109 seconds (340.17 k allocations: 336.586 MiB)
5362
  0.865324 seconds (554.49 k allocations: 549.024 MiB)
7863
  0.864733 seconds (341.50 k allocations: 336.785 MiB)
1610
  0.872551 seconds (225.91 k allocations: 226.335 MiB)
6610
  0.867933 seconds (187.03 k allocations: 189.324 MiB)
  0.868327 seconds (187.15 k allocations: 189.560 MiB)
2864
4119
  0.872210 seconds (206.68 k allocations: 208.483 MiB)
9122
  0.873688 seconds (223.99 k allocations: 225.211 MiB)
365
  0.860400 seconds (285.33 k allocations: 284.093 MiB)
5363
  1.227959 seconds (334.43 k allocations: 332.328 MiB, 13.16% gc time)
  1.076225 seconds (95.09 k allocations: 93.520 MiB, 15.02% gc time)
  1.032610 seconds (47.87 k allocations: 47.097 MiB, 15.65% gc time)
7864
6611
1611
  0.873855 seconds (334.20 k allocations: 328.401 MiB)
9123
  0.890200 seconds (79.97 k allocations: 80.388 MiB)
6612
  0.938617 seconds (207.41 k allocations: 208.650 MiB)
2865
  0.956327 seconds (284.92 k allocations: 285.433 MiB)
4120
  0.935061 seconds (186.47 k allocations: 188.971 MiB)
  0.948448 seconds (232.94 k allocations: 235.103 MiB)
5364
366
  0.935593 seconds (249.13 k allocations: 248.067 MiB)
7865
  0.951330 seconds (362.58 k allocations: 359.267 MiB)
1612
  0.878374 seconds (554.50 k allocations: 549.056 MiB)
9124
  0.876269 seconds (348.06 k allocations: 343.254 MiB)
6613
  0.853641 seconds (157.70 k allocations: 157.421 MiB)
367
  0.870986 seconds (202.76 k allocations: 205.571 MiB)
  0.868487 seconds (193.87 k allocations: 195.031 MiB)
5365
4121
  0.880141 seconds (234.81 k allocations: 236.632 MiB)
2866
  0.868855 seconds (248.12 k allocations: 248.328 MiB)
7866
  0.880191 seconds (416.29 k allocations: 410.656 MiB)
1613
  0.877309 seconds (547.26 k allocations: 540.699 MiB)
9125
  0.883919 seconds (293.95 k allocations: 292.326 MiB)
6614
  0.880773 seconds (224.86 k allocations: 225.340 MiB)
  0.866734 seconds (177.35 k allocations: 177.439 MiB)
  0.871909 seconds (190.05 k allocations: 193.515 MiB)
368
5366
4122
  0.860675 seconds (178.26 k allocations: 180.080 MiB)
7867
  0.875781 seconds (219.79 k allocations: 222.418 MiB)
2867
  0.871891 seconds (275.68 k allocations: 274.890 MiB)
1614
  1.312105 seconds (303.42 k allocations: 298.863 MiB, 33.27% gc time)
9126
  0.884840 seconds (280.75 k allocations: 277.260 MiB)
6615
  0.942810 seconds (213.32 k allocations: 211.680 MiB)
369
  0.952139 seconds (232.37 k allocations: 232.530 MiB)
  0.952668 seconds (232.90 k allocations: 234.405 MiB)
5367
4123
  0.944501 seconds (212.54 k allocations: 213.913 MiB)
  0.931399 seconds (182.44 k allocations: 185.246 MiB)
2868
7868
  0.942007 seconds (274.65 k allocations: 273.711 MiB)
1615
  0.936934 seconds (456.15 k allocations: 450.025 MiB)
9127
  0.877634 seconds (554.49 k allocations: 549.037 MiB)
6616
  0.861125 seconds (286.43 k allocations: 285.488 MiB)
370
  0.862244 seconds (262.19 k allocations: 262.111 MiB)
4124
  0.862132 seconds (213.34 k allocations: 214.513 MiB)
5368
  0.865443 seconds (225.22 k allocations: 224.831 MiB)
7869
  0.867829 seconds (234.43 k allocations: 235.036 MiB)
2869
  0.870220 seconds (313.49 k allocations: 310.865 MiB)
1616
  0.869569 seconds (466.26 k allocations: 459.692 MiB)
9128
  0.873733 seconds (554.48 k allocations: 549.005 MiB)
6617
  0.862190 seconds (326.12 k allocations: 322.225 MiB)
371
  0.856593 seconds (281.16 k allocations: 280.617 MiB)
4125
  0.872372 seconds (279.54 k allocations: 277.861 MiB)
5369
  0.867112 seconds (250.19 k allocations: 249.957 MiB)
7870
  0.866713 seconds (255.94 k allocations: 255.622 MiB)
2870
  0.867554 seconds (286.76 k allocations: 285.296 MiB)
1617
  2.060153 seconds (474.67 k allocations: 467.760 MiB, 16.72% gc time)
  1.207148 seconds (68.23 k allocations: 66.494 MiB, 28.53% gc time)
  1.283433 seconds (393.71 k allocations: 386.302 MiB, 26.83% gc time)
  1.200237 seconds (33.71 k allocations: 32.301 MiB, 28.69% gc time)
6618
4126
372
9129
  0.918423 seconds (262.20 k allocations: 258.270 MiB)
5370
  0.891807 seconds (100.93 k allocations: 101.695 MiB)
9130
  0.887903 seconds (86.69 k allocations: 88.225 MiB)
6619
  0.984452 seconds (451.38 k allocations: 444.729 MiB)
7871
  0.965375 seconds (360.37 k allocations: 357.825 MiB)
2871
  0.963703 seconds (357.64 k allocations: 355.429 MiB)
1618
  0.931236 seconds (308.75 k allocations: 306.348 MiB)
373
  0.934484 seconds (414.20 k allocations: 409.890 MiB)
4127
  0.860045 seconds (465.27 k allocations: 458.969 MiB)
5371
  0.869275 seconds (342.72 k allocations: 338.138 MiB)
9131
  0.870353 seconds (312.03 k allocations: 308.948 MiB)
6620
  0.866504 seconds (281.25 k allocations: 278.293 MiB)
7872
  0.865839 seconds (263.16 k allocations: 261.171 MiB)
2872
  0.869837 seconds (278.07 k allocations: 276.842 MiB)
1619
  0.863692 seconds (307.27 k allocations: 304.945 MiB)
374
  0.868535 seconds (421.75 k allocations: 417.152 MiB)
4128
  0.865584 seconds (517.29 k allocations: 509.243 MiB)
5372
  0.860779 seconds (298.05 k allocations: 294.076 MiB)
9132
  0.872230 seconds (317.80 k allocations: 314.389 MiB)
6621
  0.858570 seconds (234.73 k allocations: 234.893 MiB)
7873
  0.872414 seconds (240.53 k allocations: 240.607 MiB)
1620
  0.869476 seconds (220.92 k allocations: 222.018 MiB)
  0.866163 seconds (214.79 k allocations: 215.759 MiB)
375
2873
  0.859312 seconds (267.25 k allocations: 266.754 MiB)
4129
  1.069661 seconds (8.23 k allocations: 7.902 MiB, 18.64% gc time)
  1.136781 seconds (178.54 k allocations: 172.076 MiB, 17.54% gc time)
  1.204056 seconds (387.61 k allocations: 378.996 MiB, 16.56% gc time)
1621
7874
5373
  0.877868 seconds (261.60 k allocations: 257.678 MiB)
6622
  0.872316 seconds (79.97 k allocations: 80.394 MiB)
5374
  0.875659 seconds (86.93 k allocations: 87.238 MiB)
7875
  0.879100 seconds (90.45 k allocations: 92.031 MiB)
1622
  0.963786 seconds (391.64 k allocations: 388.995 MiB)
2874
  0.957649 seconds (376.06 k allocations: 374.286 MiB)
9133
  0.950354 seconds (370.57 k allocations: 367.991 MiB)
4130
  0.953891 seconds (389.77 k allocations: 387.761 MiB)
376
  0.904416 seconds (554.50 k allocations: 549.050 MiB)
6623
  0.866920 seconds (172.41 k allocations: 171.291 MiB)
1623
  0.873041 seconds (188.80 k allocations: 188.363 MiB)
7876
  0.874073 seconds (176.86 k allocations: 177.136 MiB)
2875
  0.894796 seconds (292.04 k allocations: 292.451 MiB)
5375
  0.870608 seconds (219.38 k allocations: 218.185 MiB)
4131
  0.889891 seconds (315.43 k allocations: 312.724 MiB)
9134
  0.875897 seconds (301.49 k allocations: 299.570 MiB)
377
  0.876117 seconds (324.69 k allocations: 319.332 MiB)
6624
  0.873338 seconds (224.75 k allocations: 222.599 MiB)
7877
  0.883607 seconds (264.31 k allocations: 263.084 MiB)
1624
  0.870518 seconds (155.45 k allocations: 157.892 MiB)
2876
  0.859771 seconds (89.84 k allocations: 94.071 MiB)
4132
  0.863100 seconds (95.61 k allocations: 100.995 MiB)
5376
  0.879558 seconds (121.56 k allocations: 125.991 MiB)
9135
  0.870890 seconds (118.22 k allocations: 123.003 MiB)
378
  1.728521 seconds (97.36 k allocations: 93.186 MiB, 48.88% gc time)
  1.725514 seconds (96.23 k allocations: 92.536 MiB, 48.97% gc time)
2877
6625
  0.886113 seconds (184.95 k allocations: 183.108 MiB)
1625
  0.980059 seconds (264.74 k allocations: 262.105 MiB)
  0.983387 seconds (274.57 k allocations: 273.360 MiB)
9136
4133
  0.957573 seconds (196.73 k allocations: 197.372 MiB)
379
  0.970095 seconds (223.65 k allocations: 225.798 MiB)
7878
  0.952704 seconds (210.95 k allocations: 212.577 MiB)
5377
  0.932975 seconds (205.38 k allocations: 207.409 MiB)
2878
  0.936097 seconds (365.00 k allocations: 360.365 MiB)
6626
  0.881151 seconds (554.49 k allocations: 549.024 MiB)
1626
  0.858043 seconds (159.81 k allocations: 158.019 MiB)
4134
  0.865963 seconds (171.10 k allocations: 171.467 MiB)
9137
  0.871562 seconds (178.56 k allocations: 180.006 MiB)
380
  0.866719 seconds (165.24 k allocations: 167.439 MiB)
7879
  0.889407 seconds (238.08 k allocations: 239.771 MiB)
5378
  0.867400 seconds (206.78 k allocations: 208.785 MiB)
2879
  0.883954 seconds (417.39 k allocations: 410.494 MiB)
6627
  0.906064 seconds (549.70 k allocations: 543.070 MiB)
1627
  0.888930 seconds (225.16 k allocations: 224.243 MiB)
4135
  0.880665 seconds (168.59 k allocations: 169.059 MiB)
381
  0.901428 seconds (238.20 k allocations: 239.521 MiB)
9138
  0.891159 seconds (196.99 k allocations: 197.815 MiB)
5379
  0.938391 seconds (348.46 k allocations: 345.396 MiB)
7880
  0.894938 seconds (361.45 k allocations: 355.546 MiB)
6628
  0.960453 seconds (467.86 k allocations: 463.688 MiB)
2880
  1.701793 seconds (131.27 k allocations: 129.472 MiB, 47.69% gc time)
  1.680847 seconds (66.68 k allocations: 65.012 MiB, 48.29% gc time)
  1.793176 seconds (453.46 k allocations: 445.724 MiB, 45.26% gc time)
  1.714972 seconds (172.39 k allocations: 170.059 MiB, 47.33% gc time)
  1.719226 seconds (187.29 k allocations: 185.559 MiB, 47.21% gc time)
5380
9139
382
4136
1628
  0.880317 seconds (328.12 k allocations: 321.344 MiB)
6629
  0.991238 seconds (538.81 k allocations: 532.623 MiB)
7881
  0.961937 seconds (315.74 k allocations: 312.316 MiB)
2881
  0.930029 seconds (174.17 k allocations: 174.571 MiB)
1629
  0.933776 seconds (191.07 k allocations: 192.160 MiB)
9140
  0.935671 seconds (220.26 k allocations: 221.493 MiB)
4137
  0.958216 seconds (286.95 k allocations: 290.395 MiB)
5381
  0.935613 seconds (315.38 k allocations: 314.093 MiB)
383
  0.875470 seconds (543.51 k allocations: 537.124 MiB)
6630
  0.872882 seconds (477.50 k allocations: 468.553 MiB)
7882
  0.875749 seconds (219.35 k allocations: 220.087 MiB)
2882
  0.879896 seconds (213.62 k allocations: 214.803 MiB)
1630
  0.864427 seconds (163.18 k allocations: 164.253 MiB)
  0.871969 seconds (177.82 k allocations: 179.748 MiB)
9141
5382
  0.882059 seconds (217.07 k allocations: 221.075 MiB)
4138
  0.882629 seconds (277.32 k allocations: 277.694 MiB)
384
  0.873343 seconds (525.69 k allocations: 520.085 MiB)
6631
  0.869996 seconds (437.32 k allocations: 428.663 MiB)
7883
  0.863534 seconds (227.19 k allocations: 227.587 MiB)
9142
  0.871111 seconds (237.48 k allocations: 238.830 MiB)
2883
  0.869763 seconds (230.93 k allocations: 232.743 MiB)
1631
  0.867540 seconds (239.02 k allocations: 240.658 MiB)
4139
  0.872205 seconds (258.86 k allocations: 259.827 MiB)
385
  0.875202 seconds (299.15 k allocations: 298.602 MiB)
5383
  1.450362 seconds (187.75 k allocations: 188.098 MiB, 39.75% gc time)
  1.503799 seconds (237.98 k allocations: 237.392 MiB, 38.34% gc time)
7884
6632
  0.867855 seconds (321.12 k allocations: 315.884 MiB)
9143
  0.960418 seconds (313.02 k allocations: 309.534 MiB)
2884
  0.952425 seconds (195.53 k allocations: 197.285 MiB)
1632
  0.951706 seconds (183.57 k allocations: 186.001 MiB)
386
  0.951529 seconds (184.30 k allocations: 186.907 MiB)
4140
  0.941354 seconds (187.39 k allocations: 188.830 MiB)
  0.949282 seconds (201.72 k allocations: 205.125 MiB)
6633
5384
  0.945364 seconds (247.66 k allocations: 248.100 MiB)
7885
  0.855938 seconds (554.50 k allocations: 549.056 MiB)
9144
  0.855007 seconds (277.73 k allocations: 275.740 MiB)
2885
  0.861784 seconds (140.15 k allocations: 139.389 MiB)
  0.873995 seconds (180.98 k allocations: 182.137 MiB)
5385
  0.879853 seconds (208.78 k allocations: 212.711 MiB)
387
  0.882103 seconds (205.86 k allocations: 208.879 MiB)
1633
4141
  0.882111 seconds (211.19 k allocations: 213.003 MiB)
6634
  0.867812 seconds (231.69 k allocations: 232.796 MiB)
7886
  0.870766 seconds (554.49 k allocations: 549.031 MiB)
9145
  0.865374 seconds (352.24 k allocations: 347.048 MiB)
2886
  0.859689 seconds (206.67 k allocations: 207.945 MiB)
5386
  0.871103 seconds (195.24 k allocations: 197.199 MiB)
388
  0.867083 seconds (182.27 k allocations: 183.747 MiB)
  0.868120 seconds (186.48 k allocations: 188.782 MiB)
4142
1634
  0.860775 seconds (215.94 k allocations: 216.318 MiB)
7887
  0.874237 seconds (245.12 k allocations: 246.877 MiB)
6635
  1.134838 seconds (235.60 k allocations: 235.326 MiB, 23.90% gc time)
9146
  0.860785 seconds (326.83 k allocations: 320.105 MiB)
5387
  0.951200 seconds (413.04 k allocations: 405.241 MiB)
2887
  0.872546 seconds (96.58 k allocations: 96.479 MiB)
9147
  0.946429 seconds (262.31 k allocations: 262.559 MiB)
389
  0.945496 seconds (255.97 k allocations: 255.490 MiB)
1635
  0.950806 seconds (280.13 k allocations: 279.995 MiB)
4143
  0.935879 seconds (252.41 k allocations: 253.665 MiB)
6636
  0.939264 seconds (268.94 k allocations: 270.890 MiB)
7888
  0.860051 seconds (554.49 k allocations: 549.031 MiB)
5388
  0.863769 seconds (460.95 k allocations: 451.273 MiB)
2888
  0.865668 seconds (290.93 k allocations: 288.574 MiB)
9148
  0.868063 seconds (223.74 k allocations: 224.452 MiB)
390
  0.867169 seconds (213.80 k allocations: 215.129 MiB)
1636
  0.868328 seconds (225.63 k allocations: 227.829 MiB)
4144
  0.864178 seconds (226.28 k allocations: 227.414 MiB)
7889
  0.874563 seconds (279.78 k allocations: 280.011 MiB)
6637
  0.868991 seconds (546.98 k allocations: 540.427 MiB)
5389
  0.866747 seconds (452.44 k allocations: 444.594 MiB)
2889
  0.854664 seconds (199.13 k allocations: 199.485 MiB)
9149
  0.862551 seconds (187.96 k allocations: 188.984 MiB)
391
  0.860595 seconds (177.27 k allocations: 176.489 MiB)
  0.860100 seconds (180.07 k allocations: 180.516 MiB)
4145
7890
  0.870000 seconds (216.15 k allocations: 218.944 MiB)
1637
  0.873807 seconds (299.04 k allocations: 298.459 MiB)
6638
  1.148424 seconds (252.09 k allocations: 243.882 MiB, 22.97% gc time)
  1.140864 seconds (215.34 k allocations: 207.693 MiB, 23.13% gc time)
2890
5390
  0.868620 seconds (249.56 k allocations: 247.453 MiB)
7891
  0.873724 seconds (118.98 k allocations: 117.723 MiB)
2891
  0.965206 seconds (283.06 k allocations: 282.268 MiB)
392
  0.951559 seconds (234.29 k allocations: 232.118 MiB)
9150
  0.968161 seconds (281.82 k allocations: 281.437 MiB)
  0.865132 seconds (158.73 k allocations: 160.118 MiB)
1638
5391
  0.976896 seconds (371.74 k allocations: 367.878 MiB)
6639
  1.032843 seconds (616.38 k allocations: 608.280 MiB)
4146
  0.875814 seconds (554.50 k allocations: 549.069 MiB)
7892
  0.856511 seconds (402.68 k allocations: 396.730 MiB)
2892
  0.871927 seconds (247.57 k allocations: 244.633 MiB)
  0.871298 seconds (242.98 k allocations: 241.206 MiB)
393
  0.876266 seconds (257.97 k allocations: 258.579 MiB)
9151
1639
  0.883417 seconds (292.84 k allocations: 290.954 MiB)
5392
  0.875779 seconds (346.09 k allocations: 343.296 MiB)
6640
  0.877047 seconds (408.32 k allocations: 403.058 MiB)
4147
  0.880634 seconds (554.50 k allocations: 549.050 MiB)
7893
  0.867854 seconds (434.70 k allocations: 428.792 MiB)
2893
  0.870727 seconds (263.45 k allocations: 262.267 MiB)
394
  0.867636 seconds (221.13 k allocations: 220.726 MiB)
9152
  0.883135 seconds (262.05 k allocations: 262.510 MiB)
  0.875820 seconds (233.59 k allocations: 234.186 MiB)
1640
5393
  0.875698 seconds (243.04 k allocations: 242.260 MiB)
  0.888276 seconds (256.19 k allocations: 257.428 MiB)
6641
4148
  1.289875 seconds (279.02 k allocations: 276.845 MiB, 27.40% gc time)
7894
  0.873224 seconds (314.19 k allocations: 308.052 MiB)
2894
  0.967555 seconds (391.21 k allocations: 384.433 MiB)
9153
  0.952382 seconds (283.19 k allocations: 281.156 MiB)
395
  0.945842 seconds (249.23 k allocations: 248.853 MiB)
  0.934600 seconds (209.92 k allocations: 210.123 MiB)
1641
  0.944717 seconds (222.85 k allocations: 225.092 MiB)
6642
4149
  0.943616 seconds (337.97 k allocations: 334.306 MiB)
5394
  0.959086 seconds (553.15 k allocations: 546.528 MiB)
7895
  0.854623 seconds (554.49 k allocations: 549.031 MiB)
2895
  0.864692 seconds (390.30 k allocations: 384.890 MiB)
9154
  0.870178 seconds (308.58 k allocations: 306.862 MiB)
396
  0.871560 seconds (270.61 k allocations: 269.491 MiB)
  0.867101 seconds (261.98 k allocations: 261.368 MiB)
1642
4150
  0.881219 seconds (319.47 k allocations: 319.077 MiB)
6643
  0.874410 seconds (380.55 k allocations: 376.283 MiB)
5395
  0.869322 seconds (534.66 k allocations: 526.401 MiB)
7896
  0.864195 seconds (554.49 k allocations: 549.031 MiB)
2896
  0.864790 seconds (436.37 k allocations: 430.374 MiB)
9155
  0.864600 seconds (344.61 k allocations: 341.326 MiB)
397
  0.869956 seconds (330.92 k allocations: 328.408 MiB)
1643
  0.868307 seconds (320.99 k allocations: 317.689 MiB)
4151
  0.864496 seconds (313.27 k allocations: 310.482 MiB)
5396
  0.894490 seconds (367.86 k allocations: 365.352 MiB)
6644
  0.866981 seconds (346.42 k allocations: 345.017 MiB)
7897
  1.268817 seconds (231.65 k allocations: 228.524 MiB, 26.17% gc time)
  1.207608 seconds (113.80 k allocations: 110.316 MiB, 27.50% gc time)
  1.366983 seconds (380.05 k allocations: 375.974 MiB, 24.29% gc time)
398
2897
9156
  0.873102 seconds (332.49 k allocations: 326.736 MiB)
6645
  0.878246 seconds (90.15 k allocations: 91.360 MiB)
399
  0.944713 seconds (246.73 k allocations: 245.065 MiB)
5397
  0.969633 seconds (339.36 k allocations: 337.536 MiB)
1644
  0.955880 seconds (271.70 k allocations: 271.751 MiB)
4152
  0.943858 seconds (248.56 k allocations: 249.792 MiB)
7898
  0.929984 seconds (237.37 k allocations: 238.064 MiB)
9157
  0.930289 seconds (299.89 k allocations: 298.076 MiB)
2898
  0.874407 seconds (554.50 k allocations: 549.069 MiB)
6646
  0.859976 seconds (392.30 k allocations: 385.425 MiB)
400
  0.857683 seconds (226.17 k allocations: 226.601 MiB)
5398
  0.871700 seconds (242.00 k allocations: 241.918 MiB)
4153
  0.862335 seconds (199.79 k allocations: 200.492 MiB)
9158
  0.877758 seconds (249.14 k allocations: 251.596 MiB)
1645
  0.867795 seconds (220.35 k allocations: 223.004 MiB)
  0.863541 seconds (219.94 k allocations: 222.063 MiB)
7899
2899
  0.876563 seconds (554.49 k allocations: 549.037 MiB)
6647
  0.876512 seconds (520.11 k allocations: 513.321 MiB)
401
  0.872635 seconds (223.02 k allocations: 223.593 MiB)
5399
  0.877004 seconds (184.80 k allocations: 187.183 MiB)
4154
  0.865517 seconds (151.44 k allocations: 152.948 MiB)
  2.122732 seconds (147.46 k allocations: 148.187 MiB, 22.51% gc time)
  2.129451 seconds (151.84 k allocations: 153.674 MiB, 22.44% gc time)
  2.141088 seconds (177.94 k allocations: 181.121 MiB, 22.31% gc time)
  1.350454 seconds (69.23 k allocations: 71.243 MiB, 35.38% gc time)
7900
2900
9159
6648
1646
  0.876789 seconds (437.54 k allocations: 427.276 MiB)
402
  0.930459 seconds (223.61 k allocations: 223.964 MiB)
5400
  0.929654 seconds (108.39 k allocations: 110.221 MiB)
9160
  0.933913 seconds (121.15 k allocations: 121.373 MiB)
  0.940840 seconds (131.60 k allocations: 136.433 MiB)
1647
  0.939656 seconds (131.29 k allocations: 136.311 MiB)
4155
  0.941516 seconds (138.20 k allocations: 144.302 MiB)
6649
  0.936515 seconds (136.35 k allocations: 140.527 MiB)
7901
2901
  0.867552 seconds (554.50 k allocations: 549.044 MiB)
403
  0.859934 seconds (129.77 k allocations: 131.725 MiB)
4156
  0.853987 seconds (91.39 k allocations: 93.950 MiB)
9161
  0.870955 seconds (145.50 k allocations: 149.597 MiB)
  0.870721 seconds (143.95 k allocations: 149.472 MiB)
6650
7902
  0.864707 seconds (126.74 k allocations: 133.252 MiB)
2902
  0.863859 seconds (155.85 k allocations: 158.829 MiB)
1648
  0.869191 seconds (185.75 k allocations: 188.818 MiB)
5401
  0.870654 seconds (554.50 k allocations: 549.050 MiB)
404
  0.867896 seconds (237.44 k allocations: 237.183 MiB)
4157
  0.876440 seconds (217.43 k allocations: 217.006 MiB)
  0.873002 seconds (211.67 k allocations: 211.940 MiB)
6651
9162
  0.860754 seconds (196.67 k allocations: 198.715 MiB)
7903
  0.866856 seconds (208.49 k allocations: 210.212 MiB)
2903
  1.815457 seconds (238.26 k allocations: 238.906 MiB, 15.41% gc time)
  1.149152 seconds (134.16 k allocations: 135.410 MiB, 24.34% gc time)
  1.779553 seconds (213.93 k allocations: 214.398 MiB, 15.72% gc time)
1649
405
5402
  0.863183 seconds (388.79 k allocations: 380.618 MiB)
4158
  0.886084 seconds (82.64 k allocations: 82.943 MiB)
5403
  0.938728 seconds (213.22 k allocations: 215.458 MiB)
6652
  0.936662 seconds (184.62 k allocations: 186.983 MiB)
7904
  0.933563 seconds (172.09 k allocations: 175.212 MiB)
2904
  0.945850 seconds (215.28 k allocations: 219.147 MiB)
9163
  0.937995 seconds (255.83 k allocations: 254.466 MiB)
  0.951538 seconds (310.72 k allocations: 310.815 MiB)
406
1650
  0.866596 seconds (554.49 k allocations: 549.037 MiB)
4159
  0.869267 seconds (421.78 k allocations: 415.069 MiB)
5404
  0.874356 seconds (302.42 k allocations: 299.564 MiB)
6653
  0.861473 seconds (233.58 k allocations: 232.643 MiB)
9164
  0.869637 seconds (254.25 k allocations: 255.066 MiB)
7905
  0.862412 seconds (236.23 k allocations: 236.790 MiB)
2905
  1.246174 seconds (475.28 k allocations: 470.609 MiB)
1651
  1.256652 seconds (482.18 k allocations: 479.829 MiB)
407
  0.880779 seconds (554.49 k allocations: 549.024 MiB)
4160
  0.873610 seconds (409.03 k allocations: 404.214 MiB)
6654
  0.869290 seconds (331.37 k allocations: 330.067 MiB)
9165
  0.866163 seconds (333.81 k allocations: 331.358 MiB)
7906
  1.947238 seconds (340.27 k allocations: 337.708 MiB, 17.44% gc time)
  1.554167 seconds (198.24 k allocations: 197.784 MiB, 21.85% gc time)
  1.974945 seconds (364.16 k allocations: 363.020 MiB, 17.19% gc time)
  1.207943 seconds (106.95 k allocations: 111.862 MiB, 28.11% gc time)
  1.540875 seconds (186.16 k allocations: 190.291 MiB, 22.04% gc time)
1652
4161
2906
5405
408
  0.919433 seconds (523.56 k allocations: 509.840 MiB)
6655
  0.882044 seconds (154.71 k allocations: 153.132 MiB)
4162
  0.927545 seconds (197.40 k allocations: 199.074 MiB)
7907
  0.949914 seconds (296.34 k allocations: 296.381 MiB)
  0.931703 seconds (206.94 k allocations: 207.275 MiB)
9166
2907
  0.938080 seconds (224.49 k allocations: 225.532 MiB)
1653
  1.301210 seconds (475.28 k allocations: 470.609 MiB)
409
  1.659669 seconds (557.05 k allocations: 552.719 MiB)
5406
  0.883340 seconds (508.82 k allocations: 502.748 MiB)
6656
  0.873767 seconds (330.06 k allocations: 327.423 MiB)
7908
  0.866472 seconds (276.85 k allocations: 275.457 MiB)
2908
  0.887175 seconds (313.22 k allocations: 312.895 MiB)
  0.913879 seconds (403.72 k allocations: 403.297 MiB)
9167
4163
  1.245029 seconds (554.49 k allocations: 549.018 MiB)
1654
  0.976379 seconds (554.49 k allocations: 549.012 MiB)
410
  0.865486 seconds (513.30 k allocations: 508.194 MiB)
5407
  0.874939 seconds (517.53 k allocations: 512.432 MiB)
6657
  0.853242 seconds (361.17 k allocations: 359.831 MiB)
7909
  0.872808 seconds (359.76 k allocations: 358.667 MiB)
  0.868249 seconds (350.83 k allocations: 350.263 MiB)
9168
2909
  0.886850 seconds (388.16 k allocations: 386.198 MiB)
4164
  1.649777 seconds (338.07 k allocations: 334.440 MiB, 35.45% gc time)
  1.500532 seconds (208.98 k allocations: 206.818 MiB, 38.97% gc time)
  1.830788 seconds (417.28 k allocations: 412.868 MiB, 31.94% gc time)
  1.473866 seconds (187.71 k allocations: 189.340 MiB, 39.68% gc time)
1655
5408
411
6658
  0.876357 seconds (370.98 k allocations: 363.636 MiB)
7910
  0.947547 seconds (406.76 k allocations: 399.254 MiB)
9169
  0.945728 seconds (314.45 k allocations: 311.094 MiB)
2910
  0.946401 seconds (291.55 k allocations: 289.332 MiB)
4165
  0.930551 seconds (240.47 k allocations: 239.420 MiB)
1656
  0.960102 seconds (368.05 k allocations: 364.123 MiB)
5409
  0.936406 seconds (361.07 k allocations: 357.643 MiB)
6659
  0.945529 seconds (458.28 k allocations: 453.315 MiB)
412
  0.867116 seconds (554.49 k allocations: 549.037 MiB)
7911
  0.870543 seconds (470.93 k allocations: 464.852 MiB)
9170
  0.865780 seconds (369.71 k allocations: 365.351 MiB)
2911
  0.855896 seconds (298.43 k allocations: 294.705 MiB)
1657
  0.866308 seconds (339.03 k allocations: 337.596 MiB)
4166
  0.863164 seconds (336.77 k allocations: 334.187 MiB)
5410
  0.874548 seconds (406.38 k allocations: 401.002 MiB)
6660
  0.868331 seconds (457.52 k allocations: 452.572 MiB)
413
  0.867997 seconds (554.49 k allocations: 549.044 MiB)
7912
  0.875301 seconds (445.46 k allocations: 439.256 MiB)
9171
  0.865943 seconds (302.94 k allocations: 300.218 MiB)
  0.870338 seconds (316.84 k allocations: 316.114 MiB)
4167
2912
  0.857410 seconds (260.38 k allocations: 259.708 MiB)
1658
  0.862606 seconds (292.03 k allocations: 290.180 MiB)
5411
  0.877143 seconds (306.18 k allocations: 305.104 MiB)
6661
  0.876090 seconds (297.02 k allocations: 296.519 MiB)
414
  1.518866 seconds (159.73 k allocations: 155.699 MiB, 39.44% gc time)
  1.592043 seconds (342.34 k allocations: 337.244 MiB, 37.63% gc time)
9172
7913
  0.871217 seconds (346.21 k allocations: 339.952 MiB)
4168
  0.984424 seconds (412.78 k allocations: 405.081 MiB)
2913
  0.961085 seconds (264.61 k allocations: 263.354 MiB)
1659
  0.958149 seconds (241.51 k allocations: 241.428 MiB)
415
  0.952619 seconds (228.02 k allocations: 228.731 MiB)
5412
  0.949290 seconds (231.49 k allocations: 232.221 MiB)
6662
  0.938713 seconds (243.46 k allocations: 243.852 MiB)
7914
  0.944836 seconds (298.57 k allocations: 297.996 MiB)
9173
  0.862937 seconds (554.49 k allocations: 549.044 MiB)
4169
  0.871454 seconds (432.58 k allocations: 425.345 MiB)
2914
  0.865366 seconds (255.21 k allocations: 254.394 MiB)
1660
  0.878598 seconds (242.36 k allocations: 242.285 MiB)
  0.871882 seconds (217.95 k allocations: 218.935 MiB)
5413
416
  0.863222 seconds (202.63 k allocations: 204.614 MiB)
6663
  0.866881 seconds (227.93 k allocations: 229.000 MiB)
7915
  0.868946 seconds (260.37 k allocations: 260.213 MiB)
9174
  0.865992 seconds (554.49 k allocations: 549.024 MiB)
4170
  0.878246 seconds (434.54 k allocations: 425.820 MiB)
2915
  0.876500 seconds (266.49 k allocations: 265.190 MiB)
1661
  0.873651 seconds (193.75 k allocations: 194.525 MiB)
5414
  0.890262 seconds (238.71 k allocations: 240.202 MiB)
417
  0.871580 seconds (193.91 k allocations: 195.045 MiB)
9175
  0.869776 seconds (200.85 k allocations: 201.900 MiB)
7916
  0.883918 seconds (222.50 k allocations: 226.444 MiB)
6664
  1.669587 seconds (429.92 k allocations: 423.695 MiB, 31.73% gc time)
  1.509708 seconds (226.68 k allocations: 218.175 MiB, 35.09% gc time)
  1.409279 seconds (48.61 k allocations: 46.532 MiB, 37.59% gc time)
4171
2916
1662
  0.859196 seconds (351.70 k allocations: 345.315 MiB)
5415
  0.966069 seconds (298.30 k allocations: 294.214 MiB)
  0.976047 seconds (339.27 k allocations: 334.975 MiB)
6665
418
  0.934609 seconds (172.73 k allocations: 174.415 MiB)
7917
  0.954763 seconds (243.60 k allocations: 244.853 MiB)
9176
  0.929061 seconds (217.02 k allocations: 215.940 MiB)
4172
  0.933997 seconds (256.49 k allocations: 255.089 MiB)
1663
  0.935799 seconds (271.86 k allocations: 271.200 MiB)
2917
  0.863796 seconds (554.49 k allocations: 549.037 MiB)
5416
  0.860712 seconds (241.46 k allocations: 239.834 MiB)
419
  0.863161 seconds (234.07 k allocations: 232.947 MiB)
7918
  0.860529 seconds (204.75 k allocations: 204.999 MiB)
9177
  0.876781 seconds (285.21 k allocations: 285.871 MiB)
6666
  0.863240 seconds (244.78 k allocations: 244.904 MiB)
4173
  0.872052 seconds (339.20 k allocations: 335.428 MiB)
2918
  0.870221 seconds (374.11 k allocations: 369.039 MiB)
1664
  0.871633 seconds (554.47 k allocations: 548.961 MiB)
5417
  0.860903 seconds (246.77 k allocations: 243.686 MiB)
9178
  0.869140 seconds (281.04 k allocations: 280.333 MiB)
7919
  0.871614 seconds (274.92 k allocations: 274.664 MiB)
420
  0.876066 seconds (288.62 k allocations: 286.727 MiB)
6667
  0.864485 seconds (276.22 k allocations: 275.028 MiB)
4174
  0.870493 seconds (385.83 k allocations: 381.330 MiB)
2919
  0.878140 seconds (394.14 k allocations: 391.887 MiB)
1665
  1.127941 seconds (128.62 k allocations: 128.365 MiB, 14.53% gc time)
  1.129562 seconds (131.38 k allocations: 130.992 MiB, 14.51% gc time)
  1.090980 seconds (59.37 k allocations: 58.032 MiB, 15.03% gc time)
  1.038006 seconds (8.15 k allocations: 7.929 MiB, 15.79% gc time)
  1.223975 seconds (421.95 k allocations: 418.673 MiB, 13.39% gc time)
7920
5418
9179
6668
421
  0.866504 seconds (409.20 k allocations: 400.169 MiB)
4175
  0.874059 seconds (80.56 k allocations: 80.951 MiB)
9180
  0.879935 seconds (87.01 k allocations: 88.539 MiB)
  0.883022 seconds (90.99 k allocations: 93.503 MiB)
7921
6669
  0.880300 seconds (98.04 k allocations: 100.673 MiB)
422
  0.944686 seconds (387.30 k allocations: 384.992 MiB)
1666
  0.928736 seconds (324.97 k allocations: 321.866 MiB)
  0.954533 seconds (441.83 k allocations: 438.567 MiB)
5419
2920
  0.869954 seconds (554.49 k allocations: 549.031 MiB)
4176
  0.858886 seconds (318.47 k allocations: 313.517 MiB)
9181
  0.875558 seconds (290.17 k allocations: 287.857 MiB)
6670
  0.875634 seconds (275.88 k allocations: 273.100 MiB)
7922
  0.887344 seconds (314.31 k allocations: 312.537 MiB)
423
  0.864873 seconds (237.76 k allocations: 235.794 MiB)
1667
  0.868067 seconds (250.51 k allocations: 249.375 MiB)
5420
  0.871403 seconds (269.96 k allocations: 269.399 MiB)
2921
  0.872369 seconds (551.03 k allocations: 544.300 MiB)
4177
  0.865132 seconds (375.70 k allocations: 368.278 MiB)
9182
  0.875458 seconds (303.26 k allocations: 300.379 MiB)
6671
  0.869442 seconds (236.55 k allocations: 236.688 MiB)
7923
  0.872744 seconds (207.92 k allocations: 209.513 MiB)
424
  0.881982 seconds (192.93 k allocations: 195.336 MiB)
  0.870666 seconds (165.01 k allocations: 167.427 MiB)
1668
  0.869658 seconds (167.37 k allocations: 170.144 MiB)
2922
5421
  1.087035 seconds (176.67 k allocations: 177.515 MiB, 20.49% gc time)
4178
  0.878863 seconds (332.42 k allocations: 326.691 MiB)
9183
  0.871798 seconds (79.22 k allocations: 78.447 MiB)
4179
  0.945872 seconds (212.75 k allocations: 213.751 MiB)
1669
  0.948490 seconds (216.48 k allocations: 218.725 MiB)
2923
  0.945038 seconds (200.74 k allocations: 203.856 MiB)
6672
  0.938728 seconds (180.70 k allocations: 183.658 MiB)
7924
  0.944231 seconds (228.76 k allocations: 231.046 MiB)
425
  0.945948 seconds (292.50 k allocations: 293.425 MiB)
5422
  0.872298 seconds (554.50 k allocations: 549.050 MiB)
9184
  0.864167 seconds (440.21 k allocations: 432.646 MiB)
4180
  0.856921 seconds (181.78 k allocations: 184.098 MiB)
1670
  0.870480 seconds (206.51 k allocations: 206.745 MiB)
2924
  0.868674 seconds (200.39 k allocations: 201.071 MiB)
7925
  0.875111 seconds (228.01 k allocations: 230.121 MiB)
6673
  0.871939 seconds (248.22 k allocations: 248.441 MiB)
  0.862864 seconds (243.51 k allocations: 245.280 MiB)
426
5423
  0.883439 seconds (554.49 k allocations: 549.037 MiB)
9185
  0.871795 seconds (451.21 k allocations: 440.545 MiB)
4181
  0.864402 seconds (249.28 k allocations: 248.729 MiB)
1671
  0.866631 seconds (177.79 k allocations: 179.255 MiB)
7926
  0.879247 seconds (219.26 k allocations: 221.590 MiB)
2925
  0.869161 seconds (201.46 k allocations: 201.053 MiB)
  0.871252 seconds (203.69 k allocations: 203.479 MiB)
427
  2.115442 seconds (224.75 k allocations: 228.133 MiB, 19.40% gc time)
  1.290462 seconds (126.65 k allocations: 127.757 MiB, 31.79% gc time)
5424
9186
6674
  0.858090 seconds (415.25 k allocations: 405.939 MiB)
4182
  0.945003 seconds (346.50 k allocations: 341.561 MiB)
1672
  0.953264 seconds (261.62 k allocations: 260.503 MiB)
7927
  0.944447 seconds (202.68 k allocations: 203.072 MiB)
  0.946043 seconds (203.43 k allocations: 205.140 MiB)
2926
  0.943627 seconds (202.16 k allocations: 204.125 MiB)
428
6675
  1.316902 seconds (484.04 k allocations: 480.221 MiB)
5425
  1.327452 seconds (492.68 k allocations: 488.678 MiB)
9187
  0.881963 seconds (554.47 k allocations: 548.980 MiB)
4183
  0.859267 seconds (318.31 k allocations: 317.343 MiB)
7928
  0.870241 seconds (323.38 k allocations: 322.389 MiB)
2927
  0.877094 seconds (338.44 k allocations: 336.984 MiB)
6676
  1.040644 seconds (500.17 k allocations: 495.603 MiB)
1673
  1.021848 seconds (511.95 k allocations: 507.053 MiB)
429
  0.920636 seconds (475.28 k allocations: 470.602 MiB)
9188
  1.060842 seconds (567.03 k allocations: 561.035 MiB)
5426
  0.942565 seconds (554.49 k allocations: 549.031 MiB)
4184
  0.869726 seconds (431.39 k allocations: 427.196 MiB)
7929
  0.865989 seconds (433.38 k allocations: 429.284 MiB)
2928
  0.880509 seconds (490.57 k allocations: 485.422 MiB)
6677
  2.009321 seconds (410.68 k allocations: 406.331 MiB, 23.41% gc time)
  1.970773 seconds (374.99 k allocations: 370.976 MiB, 23.86% gc time)
  1.544109 seconds (217.03 k allocations: 214.535 MiB, 30.46% gc time)
  1.342155 seconds (95.40 k allocations: 92.714 MiB, 35.04% gc time)
  1.599935 seconds (273.42 k allocations: 275.193 MiB, 29.40% gc time)
4185
430
5427
1674
9189
  0.873339 seconds (483.99 k allocations: 471.818 MiB)
7930
  0.955107 seconds (369.65 k allocations: 363.710 MiB)
2929
  0.940620 seconds (204.57 k allocations: 204.688 MiB)
  0.936481 seconds (193.25 k allocations: 193.998 MiB)
5428
4186
  0.958063 seconds (259.83 k allocations: 261.635 MiB)
6678
  0.950226 seconds (250.76 k allocations: 250.686 MiB)
1675
  1.258966 seconds (475.28 k allocations: 470.615 MiB)
431
  1.329246 seconds (539.80 k allocations: 534.992 MiB)
9190
  0.941534 seconds (554.50 k allocations: 549.050 MiB)
7931
  0.870638 seconds (314.72 k allocations: 312.731 MiB)
2930
  0.871097 seconds (271.00 k allocations: 271.080 MiB)
5429
  0.875314 seconds (280.38 k allocations: 280.264 MiB)
6679
  0.873440 seconds (294.54 k allocations: 293.971 MiB)
4187
  0.879817 seconds (336.12 k allocations: 333.938 MiB)
1676
  0.890309 seconds (536.77 k allocations: 530.663 MiB)
432
  0.880748 seconds (527.75 k allocations: 522.225 MiB)
9191
  0.878146 seconds (426.24 k allocations: 419.276 MiB)
7932
  0.874827 seconds (346.60 k allocations: 343.252 MiB)
2931
  0.894699 seconds (402.45 k allocations: 398.113 MiB)
6680
  0.866296 seconds (388.88 k allocations: 386.528 MiB)
4188
  0.853612 seconds (379.57 k allocations: 377.805 MiB)
5430
  2.225996 seconds (410.95 k allocations: 408.030 MiB, 25.45% gc time)
  1.984973 seconds (303.13 k allocations: 300.800 MiB, 28.54% gc time)
  1.931777 seconds (252.83 k allocations: 251.426 MiB, 29.33% gc time)
  1.437557 seconds (91.28 k allocations: 90.229 MiB, 39.41% gc time)
  1.497194 seconds (145.85 k allocations: 145.050 MiB, 37.84% gc time)
2932
1677
7933
9192
433
  0.876528 seconds (480.33 k allocations: 468.238 MiB)
6681
  0.926798 seconds (139.57 k allocations: 143.544 MiB)
5431
  0.933255 seconds (109.18 k allocations: 110.977 MiB)
  0.936219 seconds (114.71 k allocations: 117.620 MiB)
  0.931040 seconds (108.33 k allocations: 110.525 MiB)
7934
1678
  0.941580 seconds (130.66 k allocations: 138.122 MiB)
2933
4189
  0.941034 seconds (133.71 k allocations: 141.287 MiB)
9193
  0.942868 seconds (218.35 k allocations: 220.010 MiB)
434
  0.877021 seconds (554.49 k allocations: 549.024 MiB)
6682
  0.853342 seconds (276.47 k allocations: 274.551 MiB)
5432
  0.868379 seconds (190.67 k allocations: 192.624 MiB)
7935
  0.867508 seconds (181.11 k allocations: 183.653 MiB)
2934
  0.866629 seconds (176.82 k allocations: 179.742 MiB)
1679
  0.867647 seconds (190.80 k allocations: 192.064 MiB)
4190
  0.870762 seconds (216.31 k allocations: 217.887 MiB)
9194
  0.871770 seconds (313.87 k allocations: 312.650 MiB)
435
  0.869972 seconds (554.49 k allocations: 549.018 MiB)
6683
  0.861989 seconds (451.18 k allocations: 443.152 MiB)
5433
  0.860958 seconds (194.58 k allocations: 193.912 MiB)
  0.868788 seconds (218.24 k allocations: 220.289 MiB)
1680
7936
  0.872065 seconds (213.12 k allocations: 215.688 MiB)
2935
  0.869124 seconds (189.05 k allocations: 191.613 MiB)
  1.988509 seconds (161.41 k allocations: 162.823 MiB, 17.45% gc time)
  2.013963 seconds (183.82 k allocations: 185.431 MiB, 17.23% gc time)
  1.242699 seconds (83.38 k allocations: 85.747 MiB, 27.93% gc time)
4191
9195
436
6684
  0.858536 seconds (488.07 k allocations: 475.641 MiB)
5434
  0.931560 seconds (79.58 k allocations: 80.019 MiB)
9196
  0.944186 seconds (105.95 k allocations: 110.231 MiB)
2936
  0.948220 seconds (118.33 k allocations: 123.434 MiB)
  0.936168 seconds (86.36 k allocations: 88.450 MiB)
1681
6685
  0.951001 seconds (129.18 k allocations: 137.909 MiB)
  0.943173 seconds (103.52 k allocations: 111.015 MiB)
7937
  0.940288 seconds (110.53 k allocations: 116.689 MiB)
4192
437
  0.879743 seconds (554.44 k allocations: 548.866 MiB)
5435
  0.865366 seconds (98.74 k allocations: 100.803 MiB)
2937
  0.874310 seconds (128.51 k allocations: 133.135 MiB)
6686
  0.882348 seconds (152.71 k allocations: 157.722 MiB)
  0.871064 seconds (102.94 k allocations: 106.796 MiB)
7938
1682
  0.871222 seconds (109.64 k allocations: 114.400 MiB)
4193
  0.871600 seconds (125.11 k allocations: 129.402 MiB)
  0.881352 seconds (144.65 k allocations: 152.368 MiB)
9197
438
  0.862016 seconds (554.49 k allocations: 549.024 MiB)
5436
  0.876927 seconds (174.08 k allocations: 176.575 MiB)
  0.862751 seconds (99.78 k allocations: 101.733 MiB)
6687
7939
  0.865559 seconds (103.76 k allocations: 107.190 MiB)
2938
  0.874154 seconds (135.23 k allocations: 141.130 MiB)
1683
  0.874113 seconds (156.10 k allocations: 158.862 MiB)
  0.887745 seconds (198.78 k allocations: 204.702 MiB)
9198
4194
  0.879906 seconds (269.39 k allocations: 268.856 MiB)
439
  1.305339 seconds (244.08 k allocations: 243.435 MiB, 34.35% gc time)
5437
  0.882934 seconds (290.81 k allocations: 286.889 MiB)
2939
  0.955499 seconds (200.10 k allocations: 200.240 MiB)
1684
  0.964304 seconds (227.54 k allocations: 229.126 MiB)
7940
  0.941716 seconds (135.54 k allocations: 137.587 MiB)
9199
  0.921276 seconds (111.52 k allocations: 113.559 MiB)
  0.960826 seconds (197.74 k allocations: 201.453 MiB)
5438
6688
  0.936435 seconds (152.69 k allocations: 156.994 MiB)
440
  0.962609 seconds (263.20 k allocations: 265.371 MiB)
4195
  0.865764 seconds (554.49 k allocations: 549.024 MiB)
2940
  0.868737 seconds (235.98 k allocations: 235.802 MiB)
1685
  0.868861 seconds (206.13 k allocations: 207.427 MiB)
7941
  0.865954 seconds (161.80 k allocations: 165.175 MiB)
5439
  0.876850 seconds (201.78 k allocations: 203.621 MiB)
9200
  0.869848 seconds (197.69 k allocations: 198.670 MiB)
4196
  0.877054 seconds (261.75 k allocations: 260.134 MiB)
  0.881467 seconds (269.59 k allocations: 269.827 MiB)
6689
441
  0.864298 seconds (554.49 k allocations: 549.024 MiB)
2941
  0.858541 seconds (255.71 k allocations: 253.454 MiB)
7942
  0.872556 seconds (318.94 k allocations: 316.605 MiB)
1686
  0.856806 seconds (173.74 k allocations: 175.401 MiB)
5440
  0.859691 seconds (177.37 k allocations: 179.048 MiB)
4197
  0.869765 seconds (213.52 k allocations: 217.493 MiB)
9201
  0.880435 seconds (293.27 k allocations: 291.540 MiB)
442
  0.874208 seconds (334.63 k allocations: 331.210 MiB)
6690
  1.168276 seconds (56.04 k allocations: 54.850 MiB, 25.72% gc time)
  1.291051 seconds (326.77 k allocations: 324.951 MiB, 23.27% gc time)
7943
2942
  0.872439 seconds (376.95 k allocations: 369.306 MiB)
9202
  0.965096 seconds (401.29 k allocations: 393.992 MiB)
1687
  0.883955 seconds (83.84 k allocations: 84.278 MiB)
7944
  0.929511 seconds (198.72 k allocations: 200.513 MiB)
5441
  0.950828 seconds (283.81 k allocations: 284.568 MiB)
4198
  0.931422 seconds (274.62 k allocations: 271.084 MiB)
2943
  0.951646 seconds (336.51 k allocations: 335.396 MiB)
443
  0.948477 seconds (339.41 k allocations: 338.347 MiB)
6691
  0.872331 seconds (554.50 k allocations: 549.069 MiB)
9203
  0.871182 seconds (323.41 k allocations: 318.255 MiB)
1688
  0.871900 seconds (316.75 k allocations: 313.276 MiB)
7945
  0.862754 seconds (249.33 k allocations: 248.951 MiB)
5442
  0.872225 seconds (265.30 k allocations: 264.426 MiB)
4199
  0.863910 seconds (264.23 k allocations: 261.125 MiB)
2944
  0.868338 seconds (298.31 k allocations: 295.150 MiB)
444
  0.874456 seconds (316.32 k allocations: 316.227 MiB)
6692
  0.870928 seconds (554.49 k allocations: 549.031 MiB)
9204
  0.857795 seconds (311.26 k allocations: 307.851 MiB)
5443
  0.867800 seconds (259.60 k allocations: 257.378 MiB)
7946
  0.876264 seconds (293.03 k allocations: 292.005 MiB)
1689
  0.867877 seconds (234.58 k allocations: 235.021 MiB)
4200
  0.867365 seconds (260.41 k allocations: 261.148 MiB)
445
  0.863724 seconds (272.89 k allocations: 272.040 MiB)
  0.870640 seconds (282.89 k allocations: 284.172 MiB)
2945
6693
  1.067460 seconds (30.91 k allocations: 29.594 MiB, 18.38% gc time)
  1.231217 seconds (403.68 k allocations: 398.605 MiB, 15.93% gc time)
  1.141199 seconds (231.67 k allocations: 226.647 MiB, 17.19% gc time)
1690
9205
5444
  0.868023 seconds (349.53 k allocations: 343.111 MiB)
446
  0.875360 seconds (84.35 k allocations: 84.584 MiB)
9206
  0.877739 seconds (86.17 k allocations: 87.721 MiB)
1691
  0.972514 seconds (416.98 k allocations: 411.826 MiB)
4201
  0.956263 seconds (338.23 k allocations: 336.659 MiB)
7947
  0.950604 seconds (325.71 k allocations: 324.862 MiB)
6694
  0.946775 seconds (351.13 k allocations: 349.364 MiB)
2946
  0.941763 seconds (452.33 k allocations: 446.374 MiB)
5445
  0.868216 seconds (554.49 k allocations: 549.037 MiB)
447
  0.863128 seconds (328.17 k allocations: 325.431 MiB)
9207
  0.862625 seconds (308.75 k allocations: 307.035 MiB)
1692
  0.867898 seconds (276.95 k allocations: 275.368 MiB)
4202
  0.866291 seconds (257.50 k allocations: 256.963 MiB)
7948
  0.864995 seconds (287.00 k allocations: 284.151 MiB)
  0.873235 seconds (307.95 k allocations: 306.455 MiB)
2947
6695
  0.872322 seconds (462.60 k allocations: 456.204 MiB)
5446
  0.884946 seconds (554.50 k allocations: 549.050 MiB)
448
  0.871028 seconds (364.99 k allocations: 360.687 MiB)
1693
  0.863742 seconds (253.65 k allocations: 251.740 MiB)
9208
  0.876429 seconds (259.83 k allocations: 258.995 MiB)
  0.869450 seconds (223.77 k allocations: 223.331 MiB)
7949
4203
  0.867632 seconds (196.21 k allocations: 198.487 MiB)
2948
  0.871589 seconds (211.97 k allocations: 213.724 MiB)
6696
  0.865964 seconds (367.31 k allocations: 363.826 MiB)
5447
  1.638894 seconds (52.15 k allocations: 51.317 MiB, 46.98% gc time)
  1.746440 seconds (333.96 k allocations: 330.685 MiB, 44.09% gc time)
449
7950
  0.873503 seconds (364.88 k allocations: 357.801 MiB)
2949
  0.977625 seconds (376.84 k allocations: 370.624 MiB)
6697
  0.949302 seconds (216.89 k allocations: 217.717 MiB)
1694
  0.943215 seconds (188.55 k allocations: 189.557 MiB)
9209
  0.949138 seconds (208.53 k allocations: 210.093 MiB)
4204
  0.932143 seconds (171.20 k allocations: 174.547 MiB)
5448
  0.936479 seconds (243.32 k allocations: 242.517 MiB)
7951
  0.942892 seconds (287.98 k allocations: 286.670 MiB)
450
  0.869520 seconds (554.49 k allocations: 549.037 MiB)
2950
  0.875042 seconds (288.02 k allocations: 285.604 MiB)
6698
  0.865909 seconds (203.30 k allocations: 204.683 MiB)
1695
  0.864663 seconds (153.75 k allocations: 155.016 MiB)
  0.875662 seconds (203.85 k allocations: 206.749 MiB)
5449
  0.867101 seconds (161.30 k allocations: 164.136 MiB)
9210
4205
  0.867612 seconds (205.41 k allocations: 207.453 MiB)
7952
  0.883250 seconds (363.88 k allocations: 359.250 MiB)
451
  0.864499 seconds (554.48 k allocations: 549.012 MiB)
2951
  0.870300 seconds (251.39 k allocations: 249.333 MiB)
  0.876404 seconds (277.06 k allocations: 276.456 MiB)
1696
6699
  0.858341 seconds (167.25 k allocations: 170.393 MiB)
5450
  0.874965 seconds (211.29 k allocations: 211.510 MiB)
9211
  0.880007 seconds (234.91 k allocations: 235.520 MiB)
  0.868266 seconds (214.38 k allocations: 215.358 MiB)
4206
7953
  2.089240 seconds (325.60 k allocations: 322.653 MiB, 22.01% gc time)
  1.330007 seconds (246.49 k allocations: 244.329 MiB, 34.58% gc time)
2952
452
  0.865841 seconds (257.86 k allocations: 255.343 MiB)
5451
  0.959151 seconds (276.17 k allocations: 273.048 MiB)
1697
  0.947944 seconds (193.28 k allocations: 193.936 MiB)
9212
  0.986963 seconds (330.74 k allocations: 329.324 MiB)
6700
  0.939353 seconds (192.94 k allocations: 191.505 MiB)
  0.959987 seconds (229.61 k allocations: 230.391 MiB)
453
  0.964636 seconds (244.35 k allocations: 245.907 MiB)
4207
7954
  0.947865 seconds (241.56 k allocations: 242.260 MiB)
2953
  0.878525 seconds (554.50 k allocations: 549.082 MiB)
5452
  0.865138 seconds (283.72 k allocations: 280.274 MiB)
1698
  0.876458 seconds (294.65 k allocations: 292.128 MiB)
9213
  0.876971 seconds (187.73 k allocations: 190.018 MiB)
  0.868732 seconds (149.78 k allocations: 150.331 MiB)
6701
4208
  0.871981 seconds (158.11 k allocations: 160.791 MiB)
7955
  0.865952 seconds (159.81 k allocations: 162.604 MiB)
2954
  0.884116 seconds (207.35 k allocations: 211.948 MiB)
454
  0.877884 seconds (554.50 k allocations: 549.050 MiB)
5453
  0.875055 seconds (249.20 k allocations: 248.473 MiB)
1699
  0.873405 seconds (203.29 k allocations: 204.726 MiB)
9214
  0.866010 seconds (142.13 k allocations: 146.373 MiB)
7956
  0.862009 seconds (129.56 k allocations: 133.232 MiB)
4209
  0.864378 seconds (146.90 k allocations: 150.008 MiB)
  0.874043 seconds (167.04 k allocations: 173.031 MiB)
2955
6702
  0.881350 seconds (260.27 k allocations: 260.093 MiB)
455
  1.684860 seconds (380.31 k allocations: 374.984 MiB, 37.57% gc time)
  1.500246 seconds (36.23 k allocations: 34.660 MiB, 42.19% gc time)
5454
1700
  0.878595 seconds (313.48 k allocations: 308.660 MiB)
7957
  0.873734 seconds (97.76 k allocations: 97.409 MiB)
5455
  0.972549 seconds (300.80 k allocations: 297.973 MiB)
9215
  0.979917 seconds (327.14 k allocations: 325.810 MiB)
6703
  0.964463 seconds (264.71 k allocations: 265.053 MiB)
4210
  0.958285 seconds (253.00 k allocations: 254.016 MiB)
2956
  0.963403 seconds (318.63 k allocations: 318.246 MiB)
456
  0.938645 seconds (316.20 k allocations: 314.882 MiB)
1701
  0.880114 seconds (554.49 k allocations: 549.031 MiB)
7958
  0.888814 seconds (486.93 k allocations: 478.765 MiB)
5456
  0.851701 seconds (167.91 k allocations: 167.175 MiB)
  0.875550 seconds (251.54 k allocations: 250.878 MiB)
2957
6704
  0.875732 seconds (241.14 k allocations: 242.455 MiB)
9216
  0.873488 seconds (233.68 k allocations: 235.503 MiB)
4211
  0.862757 seconds (312.62 k allocations: 308.763 MiB)
1702
  0.878080 seconds (345.80 k allocations: 344.390 MiB)
457
  0.857084 seconds (554.46 k allocations: 548.942 MiB)
7959
  0.887766 seconds (381.49 k allocations: 376.461 MiB)
5457
  0.865626 seconds (191.21 k allocations: 190.687 MiB)
2958
  0.871840 seconds (197.63 k allocations: 198.233 MiB)
9217
  0.873035 seconds (200.34 k allocations: 202.266 MiB)
6705
  0.865073 seconds (190.52 k allocations: 193.041 MiB)
4212
  0.864674 seconds (249.22 k allocations: 248.153 MiB)
  0.886819 seconds (265.04 k allocations: 264.675 MiB)
458
1703
  1.463159 seconds (351.87 k allocations: 346.577 MiB, 41.03% gc time)
7960
  0.864042 seconds (151.51 k allocations: 149.900 MiB)
5458
  0.958125 seconds (222.78 k allocations: 220.720 MiB)
9218
  0.976440 seconds (249.55 k allocations: 247.751 MiB)
  0.981365 seconds (266.89 k allocations: 267.778 MiB)
2959
6706
  0.965782 seconds (226.19 k allocations: 226.969 MiB)
  0.949872 seconds (188.81 k allocations: 191.350 MiB)
4213
459
  0.931132 seconds (163.11 k allocations: 166.980 MiB)
1704
  0.947454 seconds (301.57 k allocations: 299.671 MiB)
7961
  0.888912 seconds (554.49 k allocations: 549.037 MiB)
5459
  0.885540 seconds (134.13 k allocations: 135.904 MiB)
1705
  0.913645 seconds (260.36 k allocations: 259.321 MiB)
  0.889192 seconds (130.38 k allocations: 133.658 MiB)
6707
2960
  0.893140 seconds (145.91 k allocations: 148.950 MiB)
4214
  0.887506 seconds (186.03 k allocations: 186.291 MiB)
460
  0.899309 seconds (225.29 k allocations: 225.248 MiB)
7962
  0.891365 seconds (235.19 k allocations: 234.909 MiB)
9219
  0.879138 seconds (339.43 k allocations: 333.386 MiB)
5460
  0.874141 seconds (170.08 k allocations: 171.513 MiB)
2961
  0.877020 seconds (151.33 k allocations: 153.750 MiB)
4215
  0.867336 seconds (120.09 k allocations: 122.800 MiB)
  0.886295 seconds (169.66 k allocations: 172.211 MiB)
461
6708
  0.867810 seconds (157.96 k allocations: 159.423 MiB)
  0.875800 seconds (183.27 k allocations: 184.997 MiB)
1706
7963
  0.861804 seconds (305.93 k allocations: 303.817 MiB)
9220
  1.144308 seconds (95.00 k allocations: 90.923 MiB, 24.08% gc time)
  1.190745 seconds (292.50 k allocations: 282.534 MiB, 23.14% gc time)
2962
5461
  0.873534 seconds (244.44 k allocations: 242.495 MiB)
1707
  0.879210 seconds (100.65 k allocations: 100.175 MiB)
5462
  0.878207 seconds (109.86 k allocations: 109.180 MiB)
2963
  0.952757 seconds (250.23 k allocations: 248.575 MiB)
  0.978312 seconds (334.97 k allocations: 334.646 MiB)
  0.974136 seconds (320.51 k allocations: 318.510 MiB)
7964
4216
6709
  0.977491 seconds (340.36 k allocations: 340.272 MiB)
462
  0.938813 seconds (243.85 k allocations: 246.898 MiB)
9221
  0.865384 seconds (554.50 k allocations: 549.050 MiB)
1708
  0.868632 seconds (233.87 k allocations: 232.560 MiB)
  0.873307 seconds (266.64 k allocations: 265.400 MiB)
2964
5463
  0.866595 seconds (134.96 k allocations: 138.275 MiB)
7965
  0.869942 seconds (141.02 k allocations: 145.468 MiB)
4217
  0.873208 seconds (155.92 k allocations: 158.685 MiB)
  0.870888 seconds (157.31 k allocations: 159.944 MiB)
463
9222
  0.880117 seconds (185.44 k allocations: 190.989 MiB)
6710
  0.854075 seconds (554.49 k allocations: 549.044 MiB)
1709
  0.857708 seconds (164.70 k allocations: 166.353 MiB)
7966
  0.866027 seconds (154.62 k allocations: 156.886 MiB)
4218
  0.881648 seconds (228.58 k allocations: 231.512 MiB)
2965
  0.874553 seconds (182.05 k allocations: 184.731 MiB)
9223
  0.872660 seconds (217.36 k allocations: 217.484 MiB)
464
  0.893142 seconds (291.28 k allocations: 290.849 MiB)
6711
  0.867315 seconds (290.69 k allocations: 289.252 MiB)
5464
  1.891455 seconds (425.94 k allocations: 421.126 MiB, 40.67% gc time)
  1.753215 seconds (132.79 k allocations: 130.898 MiB, 43.87% gc time)
  1.678660 seconds (17.61 k allocations: 18.247 MiB, 45.82% gc time)
  1.674995 seconds (14.08 k allocations: 14.979 MiB, 45.92% gc time)
1710
4219
7967
6712
  0.916318 seconds (337.76 k allocations: 330.571 MiB)
2966
  0.982706 seconds (464.03 k allocations: 454.046 MiB)
9224
  0.933682 seconds (188.27 k allocations: 189.097 MiB)
5465
  0.955504 seconds (253.66 k allocations: 254.335 MiB)
465
  0.937950 seconds (189.08 k allocations: 190.255 MiB)
1711
  0.942128 seconds (215.67 k allocations: 215.872 MiB)
7968
  0.954483 seconds (255.46 k allocations: 257.790 MiB)
  0.949429 seconds (257.84 k allocations: 258.698 MiB)
6713
4220
  0.886471 seconds (521.40 k allocations: 515.944 MiB)
2967
  0.885940 seconds (464.54 k allocations: 457.513 MiB)
9225
  0.861862 seconds (205.97 k allocations: 203.608 MiB)
1712
  0.871660 seconds (226.60 k allocations: 225.961 MiB)
5466
  0.879666 seconds (247.50 k allocations: 247.373 MiB)
466
  0.875321 seconds (258.38 k allocations: 257.974 MiB)
7969
  0.878094 seconds (340.94 k allocations: 338.363 MiB)
6714
  0.869399 seconds (426.28 k allocations: 420.212 MiB)
4221
  0.886479 seconds (378.88 k allocations: 372.717 MiB)
  0.921466 seconds (499.54 k allocations: 494.997 MiB)
9226
2968
  0.876638 seconds (202.84 k allocations: 203.058 MiB)
1713
  0.877676 seconds (190.40 k allocations: 191.291 MiB)
467
  0.893171 seconds (207.66 k allocations: 208.039 MiB)
5467
  0.900776 seconds (214.02 k allocations: 214.287 MiB)
7970
  0.893668 seconds (201.03 k allocations: 202.053 MiB)
6715
  0.909862 seconds (256.89 k allocations: 256.899 MiB)
4222
  1.646987 seconds (87.33 k allocations: 83.600 MiB, 46.92% gc time)
  1.707260 seconds (170.31 k allocations: 165.608 MiB, 45.27% gc time)
2969
9227
  0.879609 seconds (238.50 k allocations: 236.823 MiB)
7971
  0.973715 seconds (205.68 k allocations: 204.359 MiB)
468
  0.973225 seconds (199.22 k allocations: 198.359 MiB)
6716
  0.975948 seconds (204.06 k allocations: 204.394 MiB)
1714
  0.944373 seconds (129.20 k allocations: 132.952 MiB)
  1.003842 seconds (290.50 k allocations: 292.978 MiB)
4223
5468
  0.962758 seconds (228.99 k allocations: 230.012 MiB)
  0.951160 seconds (223.80 k allocations: 224.573 MiB)
9228
2970
  0.871926 seconds (554.49 k allocations: 549.024 MiB)
7972
  0.873961 seconds (174.68 k allocations: 174.700 MiB)
5469
  0.879986 seconds (185.69 k allocations: 189.100 MiB)
1715
  0.874803 seconds (169.11 k allocations: 170.910 MiB)
469
  0.889549 seconds (207.09 k allocations: 209.922 MiB)
6717
  0.874114 seconds (213.17 k allocations: 213.464 MiB)
2971
  0.884645 seconds (245.92 k allocations: 246.253 MiB)
9229
  0.870932 seconds (246.36 k allocations: 246.812 MiB)
4224
  0.972327 seconds (554.50 k allocations: 549.056 MiB)
7973
  0.885844 seconds (201.36 k allocations: 198.989 MiB)
5470
  0.895555 seconds (207.03 k allocations: 205.841 MiB)
470
  0.910748 seconds (235.82 k allocations: 234.808 MiB)
1716
  0.896065 seconds (183.92 k allocations: 186.547 MiB)
6718
  0.893068 seconds (183.66 k allocations: 186.477 MiB)
2972
  0.897533 seconds (203.74 k allocations: 205.881 MiB)
9230
  0.894286 seconds (248.10 k allocations: 248.508 MiB)
4225
  1.595067 seconds (9.79 k allocations: 9.390 MiB, 44.89% gc time)
  1.823969 seconds (401.50 k allocations: 392.757 MiB, 39.26% gc time)
  1.632095 seconds (50.62 k allocations: 50.916 MiB, 43.87% gc time)
  1.615237 seconds (25.49 k allocations: 25.623 MiB, 44.33% gc time)
4716719

7974
1717
  0.872118 seconds (320.94 k allocations: 314.466 MiB)
2973
  0.961239 seconds (393.69 k allocations: 386.727 MiB)
5471
  0.959489 seconds (289.15 k allocations: 285.642 MiB)
9231
  0.969357 seconds (311.93 k allocations: 308.840 MiB)
4226
  0.938045 seconds (204.52 k allocations: 206.243 MiB)
6720
  0.936680 seconds (222.17 k allocations: 224.534 MiB)
7975
  0.946310 seconds (276.63 k allocations: 276.832 MiB)
  0.943665 seconds (280.68 k allocations: 280.614 MiB)
472
1718
  0.870941 seconds (534.30 k allocations: 528.302 MiB)
2974
  0.879153 seconds (478.28 k allocations: 470.685 MiB)
5472
  0.884521 seconds (283.73 k allocations: 281.686 MiB)
6721
  0.883361 seconds (269.61 k allocations: 268.348 MiB)
9232
  0.874852 seconds (242.15 k allocations: 242.251 MiB)
4227
  0.879296 seconds (278.89 k allocations: 278.806 MiB)
473
  0.863185 seconds (269.33 k allocations: 269.831 MiB)
1719
  0.856298 seconds (369.39 k allocations: 365.760 MiB)
7976
  0.882885 seconds (526.52 k allocations: 520.863 MiB)
2975
  0.865350 seconds (470.51 k allocations: 463.227 MiB)
5473
  0.875032 seconds (335.39 k allocations: 331.129 MiB)
9233
  0.878917 seconds (306.27 k allocations: 304.649 MiB)
6722
  0.876272 seconds (274.62 k allocations: 274.539 MiB)
4228
  0.872217 seconds (256.02 k allocations: 256.938 MiB)
474
  0.871224 seconds (273.92 k allocations: 273.035 MiB)
7977
  0.879760 seconds (291.94 k allocations: 292.913 MiB)
1720
  1.446133 seconds (253.26 k allocations: 253.242 MiB, 31.33% gc time)
  1.332991 seconds (14.39 k allocations: 13.774 MiB, 33.99% gc time)
  1.419519 seconds (225.51 k allocations: 224.336 MiB, 31.92% gc time)
2976
9234
5474
  0.866511 seconds (350.90 k allocations: 344.375 MiB)
6723
  0.938289 seconds (182.93 k allocations: 183.803 MiB)
475
  0.962580 seconds (290.65 k allocations: 289.535 MiB)
4229
  0.935432 seconds (146.00 k allocations: 148.820 MiB)
7978
  0.926072 seconds (127.83 k allocations: 130.394 MiB)
5475
  0.936676 seconds (188.15 k allocations: 189.543 MiB)
2977
  0.955518 seconds (243.61 k allocations: 246.489 MiB)
1721
  0.939011 seconds (221.09 k allocations: 222.661 MiB)
9235
  0.874478 seconds (554.49 k allocations: 549.044 MiB)
6724
  0.869725 seconds (216.59 k allocations: 217.255 MiB)
4230
  0.869593 seconds (201.44 k allocations: 202.944 MiB)
476
  0.867622 seconds (184.59 k allocations: 186.993 MiB)
7979
  0.865389 seconds (168.30 k allocations: 171.606 MiB)
5476
  0.864170 seconds (189.31 k allocations: 190.657 MiB)
9236
  0.871398 seconds (239.29 k allocations: 239.889 MiB)
2978
  0.868510 seconds (280.73 k allocations: 279.718 MiB)
1722
  0.885720 seconds (554.49 k allocations: 549.037 MiB)
6725
  0.869997 seconds (207.36 k allocations: 205.961 MiB)
7980
  0.882280 seconds (241.55 k allocations: 242.518 MiB)
4231
  0.872809 seconds (199.74 k allocations: 200.286 MiB)
  0.884884 seconds (236.43 k allocations: 237.973 MiB)
5477
477
  0.883489 seconds (249.85 k allocations: 249.831 MiB)
9237
  0.882104 seconds (271.01 k allocations: 270.249 MiB)
1723
  1.753714 seconds (260.19 k allocations: 260.086 MiB, 9.50% gc time)
  1.042221 seconds (181.67 k allocations: 182.343 MiB, 15.98% gc time)
2979
6726
  0.887252 seconds (104.02 k allocations: 105.683 MiB)
478
  0.883780 seconds (53.87 k allocations: 56.636 MiB)
2980
  0.961152 seconds (443.48 k allocations: 435.790 MiB)
7981
  0.948456 seconds (296.92 k allocations: 294.542 MiB)
4232
  0.948831 seconds (293.44 k allocations: 292.578 MiB)
5478
  0.942413 seconds (280.26 k allocations: 280.160 MiB)
  0.933779 seconds (269.48 k allocations: 269.980 MiB)
9238
6727
  0.942141 seconds (319.04 k allocations: 318.847 MiB)
1724
  0.877900 seconds (403.50 k allocations: 400.322 MiB)
  0.874254 seconds (388.27 k allocations: 385.891 MiB)
479
2981
  0.869521 seconds (369.52 k allocations: 365.413 MiB)
7982
  0.882167 seconds (279.88 k allocations: 276.953 MiB)
4233
  0.873878 seconds (233.27 k allocations: 231.317 MiB)
  0.877586 seconds (243.92 k allocations: 246.517 MiB)
9239
5479
  0.875269 seconds (241.88 k allocations: 243.574 MiB)
6728
  0.864949 seconds (243.50 k allocations: 245.299 MiB)
1725
  0.868083 seconds (422.63 k allocations: 418.645 MiB)
2982
  0.870156 seconds (410.49 k allocations: 404.396 MiB)
480
  0.877056 seconds (305.15 k allocations: 300.953 MiB)
7983
  0.857131 seconds (131.91 k allocations: 132.901 MiB)
5480
  0.869316 seconds (180.42 k allocations: 181.938 MiB)
4234
  0.874032 seconds (206.74 k allocations: 208.540 MiB)
9240
  0.867664 seconds (198.39 k allocations: 200.738 MiB)
  1.932797 seconds (201.44 k allocations: 202.882 MiB, 10.78% gc time)
  1.069001 seconds (7.10 k allocations: 7.342 MiB, 19.50% gc time)
6729
481
1726
  0.867226 seconds (388.90 k allocations: 380.740 MiB)
2983
  0.880964 seconds (81.42 k allocations: 81.778 MiB)
482
  0.945588 seconds (308.89 k allocations: 307.004 MiB)
7984
  0.932476 seconds (225.24 k allocations: 227.123 MiB)
5481
  0.932666 seconds (212.41 k allocations: 212.572 MiB)
6730
  0.935925 seconds (230.03 k allocations: 230.849 MiB)
4235
  0.937524 seconds (237.60 k allocations: 239.484 MiB)
9241
  0.937046 seconds (286.60 k allocations: 285.347 MiB)
1727
  0.870057 seconds (554.50 k allocations: 549.050 MiB)
2984
  0.862351 seconds (406.87 k allocations: 399.346 MiB)
483
  0.858283 seconds (294.93 k allocations: 292.412 MiB)
7985
  0.865770 seconds (215.26 k allocations: 213.883 MiB)
4236
  0.873465 seconds (242.65 k allocations: 245.190 MiB)
6731
  0.864876 seconds (226.15 k allocations: 225.895 MiB)
  0.871113 seconds (236.04 k allocations: 238.042 MiB)
9242
5482
  0.869136 seconds (247.29 k allocations: 248.935 MiB)
1728
  0.878906 seconds (554.49 k allocations: 549.037 MiB)
2985
  0.873669 seconds (488.83 k allocations: 481.994 MiB)
484
  0.862239 seconds (401.95 k allocations: 394.795 MiB)
7986
  0.872098 seconds (276.68 k allocations: 275.103 MiB)
4237
  0.872853 seconds (272.88 k allocations: 271.649 MiB)
6732
  0.880915 seconds (295.37 k allocations: 293.346 MiB)
9243
  1.450062 seconds (178.03 k allocations: 177.405 MiB, 39.63% gc time)
  2.154533 seconds (257.31 k allocations: 255.898 MiB, 26.67% gc time)
  2.162924 seconds (261.45 k allocations: 261.073 MiB, 26.57% gc time)
2986
1729
5483
  0.880622 seconds (334.94 k allocations: 327.883 MiB)
485
  0.996776 seconds (415.55 k allocations: 407.634 MiB)
7987
  0.936448 seconds (115.53 k allocations: 118.268 MiB)
9244
  0.941799 seconds (127.68 k allocations: 130.082 MiB)
5484
  0.961180 seconds (187.53 k allocations: 191.221 MiB)
  0.968587 seconds (219.13 k allocations: 224.043 MiB)
  0.932219 seconds (129.64 k allocations: 132.253 MiB)
6733
1730
4238
  0.948081 seconds (199.23 k allocations: 202.955 MiB)
2987
  0.873463 seconds (554.49 k allocations: 549.037 MiB)
486
  0.873446 seconds (217.89 k allocations: 218.500 MiB)
7988
  0.874665 seconds (169.19 k allocations: 172.063 MiB)
5485
  0.874628 seconds (156.39 k allocations: 158.771 MiB)
  0.865913 seconds (133.46 k allocations: 135.861 MiB)
9245
1731
  0.888530 seconds (207.94 k allocations: 210.913 MiB)
6734
  0.867888 seconds (170.95 k allocations: 174.477 MiB)
4239
  0.867426 seconds (187.55 k allocations: 190.542 MiB)
2988
  0.871526 seconds (554.49 k allocations: 549.018 MiB)
487
  0.868471 seconds (397.19 k allocations: 390.092 MiB)
7989
  0.863165 seconds (327.24 k allocations: 323.326 MiB)
1732
  0.873733 seconds (268.93 k allocations: 267.700 MiB)
9246
  0.858743 seconds (206.71 k allocations: 205.880 MiB)
  0.872851 seconds (219.76 k allocations: 221.129 MiB)
6735
4240
  0.877513 seconds (229.90 k allocations: 230.896 MiB)
2989
  0.863810 seconds (226.21 k allocations: 227.558 MiB)
5486
  1.552321 seconds (288.01 k allocations: 286.689 MiB, 30.45% gc time)
  1.331072 seconds (67.11 k allocations: 64.246 MiB, 35.51% gc time)
488
7990
  0.862150 seconds (335.67 k allocations: 329.788 MiB)
9247
  0.940483 seconds (240.38 k allocations: 240.013 MiB)
1733
  0.917538 seconds (112.19 k allocations: 113.863 MiB)
489
  0.937191 seconds (170.56 k allocations: 169.900 MiB)
5487
  0.971419 seconds (287.17 k allocations: 287.775 MiB)
6736
  0.971981 seconds (297.69 k allocations: 298.047 MiB)
  0.962820 seconds (269.26 k allocations: 269.108 MiB)
2990
4241
  0.952990 seconds (327.74 k allocations: 325.913 MiB)
7991
  0.878751 seconds (554.49 k allocations: 549.037 MiB)
9248
  0.869761 seconds (413.41 k allocations: 406.995 MiB)
1734
  0.878056 seconds (364.23 k allocations: 358.703 MiB)
490
  0.860754 seconds (217.81 k allocations: 218.796 MiB)
5488
  0.876245 seconds (256.48 k allocations: 255.963 MiB)
6737
  0.876023 seconds (262.06 k allocations: 260.262 MiB)
2991
  0.878391 seconds (279.92 k allocations: 278.764 MiB)
4242
  0.871338 seconds (306.63 k allocations: 304.511 MiB)
7992
  0.872079 seconds (554.50 k allocations: 549.056 MiB)
9249
  0.872265 seconds (383.46 k allocations: 376.924 MiB)
1735
  0.865090 seconds (245.70 k allocations: 244.074 MiB)
491
  0.882231 seconds (301.79 k allocations: 300.361 MiB)
5489
  0.857049 seconds (182.97 k allocations: 183.187 MiB)
4243
  0.888196 seconds (255.63 k allocations: 256.541 MiB)
6738
  0.870899 seconds (243.43 k allocations: 242.618 MiB)
  0.890276 seconds (274.77 k allocations: 276.435 MiB)
7993
2992
  1.561059 seconds (223.79 k allocations: 225.240 MiB, 35.71% gc time)
  1.442223 seconds (6.57 k allocations: 6.281 MiB, 38.65% gc time)
9250
1736
  0.863177 seconds (401.17 k allocations: 392.486 MiB)
5490
  0.926648 seconds (151.99 k allocations: 154.195 MiB)
4244
  0.935799 seconds (122.67 k allocations: 125.093 MiB)
  0.962920 seconds (257.18 k allocations: 257.466 MiB)
492
7994
  0.934722 seconds (120.20 k allocations: 124.331 MiB)
2993
  0.950729 seconds (174.92 k allocations: 179.330 MiB)
  0.937616 seconds (150.58 k allocations: 153.711 MiB)
6739
9251
  0.943545 seconds (209.94 k allocations: 211.971 MiB)
1737
  0.868025 seconds (554.49 k allocations: 549.024 MiB)
5491
  0.862525 seconds (221.41 k allocations: 221.873 MiB)
4245
  0.865634 seconds (147.81 k allocations: 151.624 MiB)
7995
  0.856425 seconds (113.58 k allocations: 114.151 MiB)
1738
  0.867721 seconds (132.70 k allocations: 136.286 MiB)
2994
  0.874911 seconds (157.51 k allocations: 162.681 MiB)
6740
  0.870737 seconds (163.61 k allocations: 167.478 MiB)
  0.880327 seconds (188.43 k allocations: 193.828 MiB)
9252
493
  0.870521 seconds (554.49 k allocations: 549.044 MiB)
5492
  0.862274 seconds (272.22 k allocations: 270.476 MiB)
4246
  0.857655 seconds (204.98 k allocations: 206.313 MiB)
7996
  0.867024 seconds (147.00 k allocations: 147.341 MiB)
  0.868100 seconds (148.30 k allocations: 149.076 MiB)
494
1739
  0.879632 seconds (175.38 k allocations: 179.807 MiB)
2995
  0.871912 seconds (173.93 k allocations: 176.126 MiB)
9253
  0.899387 seconds (223.62 k allocations: 228.759 MiB)
6741
  1.237398 seconds (263.30 k allocations: 261.824 MiB, 30.27% gc time)
5493
  0.867306 seconds (271.88 k allocations: 268.764 MiB)
7997
  0.966476 seconds (307.31 k allocations: 304.066 MiB)
495
  0.933230 seconds (147.14 k allocations: 149.762 MiB)
2996
  0.962050 seconds (253.18 k allocations: 253.858 MiB)
4247
  0.939948 seconds (170.65 k allocations: 172.602 MiB)
1740
  0.944156 seconds (190.85 k allocations: 193.339 MiB)
6742
  0.930268 seconds (220.20 k allocations: 220.406 MiB)
  0.947497 seconds (235.58 k allocations: 236.411 MiB)
5494
9254
  0.869122 seconds (554.49 k allocations: 549.024 MiB)
7998
  0.870798 seconds (290.73 k allocations: 288.197 MiB)
496
  0.868794 seconds (244.30 k allocations: 243.932 MiB)
2997
  0.875078 seconds (236.84 k allocations: 236.990 MiB)
4248
  0.870052 seconds (204.24 k allocations: 204.758 MiB)
  0.873635 seconds (215.95 k allocations: 217.381 MiB)
6743
1741
  0.872484 seconds (273.80 k allocations: 272.906 MiB)
5495
  0.874714 seconds (331.40 k allocations: 328.194 MiB)
9255
  0.867801 seconds (554.49 k allocations: 549.037 MiB)
7999
  0.869843 seconds (331.78 k allocations: 327.487 MiB)
497
  0.867079 seconds (219.11 k allocations: 218.644 MiB)
4249
  0.878594 seconds (264.37 k allocations: 264.551 MiB)
2998
  0.863995 seconds (189.57 k allocations: 191.961 MiB)
1742
  0.872064 seconds (249.39 k allocations: 249.408 MiB)
6744
  0.872486 seconds (288.70 k allocations: 287.182 MiB)
  0.862026 seconds (282.31 k allocations: 280.109 MiB)
9256
5496
  1.221619 seconds (412.35 k allocations: 406.928 MiB, 23.90% gc time)
8000
  0.872643 seconds (239.71 k allocations: 238.141 MiB)
6745
  0.964625 seconds (245.46 k allocations: 241.212 MiB)
  0.961812 seconds (237.23 k allocations: 234.679 MiB)
2999
  0.964718 seconds (243.18 k allocations: 241.786 MiB)
1743
4250
  0.925169 seconds (185.48 k allocations: 185.576 MiB)
5497
  0.953413 seconds (329.04 k allocations: 324.370 MiB)
9257
  1.115988 seconds (713.73 k allocations: 707.516 MiB)
498
  1.050874 seconds (554.49 k allocations: 549.037 MiB)
8001
  0.868462 seconds (554.49 k allocations: 549.037 MiB)
6746
  0.865308 seconds (308.84 k allocations: 307.110 MiB)
1744
  0.866558 seconds (306.59 k allocations: 305.155 MiB)
4251
  0.870678 seconds (316.31 k allocations: 315.838 MiB)
3000
  0.862920 seconds (306.56 k allocations: 306.705 MiB)
5498
  0.876965 seconds (467.20 k allocations: 460.624 MiB)
9258
  0.871050 seconds (554.50 k allocations: 549.044 MiB)
499
  0.859138 seconds (554.49 k allocations: 549.044 MiB)
8002
  0.869946 seconds (554.49 k allocations: 549.044 MiB)
6747
  0.863968 seconds (335.83 k allocations: 334.172 MiB)
1745
  0.869146 seconds (315.93 k allocations: 314.088 MiB)
  0.862796 seconds (301.55 k allocations: 300.372 MiB)
3001
  0.869665 seconds (316.67 k allocations: 317.550 MiB)
5499
4252
  0.868519 seconds (487.66 k allocations: 480.182 MiB)
  1.845466 seconds (413.36 k allocations: 407.335 MiB, 16.15% gc time)
  1.754264 seconds (334.35 k allocations: 329.175 MiB, 16.99% gc time)
  1.170475 seconds (255.86 k allocations: 251.777 MiB, 25.46% gc time)
9259
8003
6748
500
  0.863839 seconds (307.37 k allocations: 301.505 MiB)
5500
  0.884103 seconds (82.81 k allocations: 84.335 MiB)
6749
  0.969302 seconds (384.52 k allocations: 379.361 MiB)
  0.959943 seconds (332.17 k allocations: 329.390 MiB)
1746
3002
  0.964442 seconds (348.65 k allocations: 345.391 MiB)
4253
  0.937270 seconds (318.19 k allocations: 313.990 MiB)
  0.936539 seconds (319.66 k allocations: 314.638 MiB)
8004
9260
  0.936168 seconds (332.05 k allocations: 328.826 MiB)
501
  0.863064 seconds (554.50 k allocations: 549.050 MiB)
5501
  0.862466 seconds (288.51 k allocations: 284.836 MiB)
1747
  0.870365 seconds (333.62 k allocations: 330.645 MiB)
6750
  0.869697 seconds (278.52 k allocations: 276.852 MiB)
  0.864748 seconds (252.02 k allocations: 251.628 MiB)
3003
4254
  0.871533 seconds (331.20 k allocations: 326.406 MiB)
  0.870256 seconds (331.21 k allocations: 325.205 MiB)
  0.869701 seconds (332.72 k allocations: 327.154 MiB)
9261
502
8005
  0.871904 seconds (554.48 k allocations: 549.012 MiB)
5502
  0.851587 seconds (290.93 k allocations: 287.170 MiB)
1748
  0.870413 seconds (340.11 k allocations: 336.883 MiB)
  0.859782 seconds (266.43 k allocations: 263.542 MiB)
6751
3004
  0.869613 seconds (298.07 k allocations: 295.788 MiB)
4255
  0.873105 seconds (321.59 k allocations: 318.488 MiB)
9262
  0.874899 seconds (340.82 k allocations: 338.286 MiB)
  0.872325 seconds (341.71 k allocations: 338.021 MiB)
  1.015735 seconds (10.96 k allocations: 13.076 MiB, 14.70% gc time)
  1.106466 seconds (270.65 k allocations: 270.016 MiB, 13.49% gc time)
8006
503
1749
5503
  0.865355 seconds (312.21 k allocations: 307.347 MiB)
6752
  0.874274 seconds (79.22 k allocations: 78.447 MiB)
5504
  0.875594 seconds (79.99 k allocations: 80.567 MiB)
1750
  0.950145 seconds (378.07 k allocations: 373.384 MiB)
3005
  0.957416 seconds (406.26 k allocations: 401.760 MiB)
4256
  0.930071 seconds (348.46 k allocations: 341.732 MiB)
8007
  0.952127 seconds (434.42 k allocations: 433.986 MiB)
9263
  0.947698 seconds (427.15 k allocations: 424.745 MiB)
504
  0.874096 seconds (554.50 k allocations: 549.050 MiB)
6753
  0.867008 seconds (319.13 k allocations: 314.528 MiB)
1751
  0.867244 seconds (316.79 k allocations: 314.908 MiB)
3006
  0.881008 seconds (352.75 k allocations: 351.966 MiB)
  0.869320 seconds (313.89 k allocations: 310.054 MiB)
5505
4257
  0.873097 seconds (381.82 k allocations: 377.325 MiB)
8008
  0.872078 seconds (394.68 k allocations: 391.047 MiB)
9264
  0.875352 seconds (428.27 k allocations: 424.588 MiB)
505
  0.868045 seconds (551.03 k allocations: 542.939 MiB)
6754
  0.865094 seconds (337.60 k allocations: 335.822 MiB)
1752
  0.869390 seconds (339.59 k allocations: 336.726 MiB)
3007
  0.863094 seconds (304.02 k allocations: 301.463 MiB)
5506
  0.868828 seconds (313.45 k allocations: 309.247 MiB)
4258
  0.875765 seconds (288.26 k allocations: 286.562 MiB)
8009
  0.882519 seconds (305.11 k allocations: 302.871 MiB)
9265
  0.873865 seconds (312.17 k allocations: 309.819 MiB)
506
  1.319249 seconds (300.92 k allocations: 293.398 MiB, 29.19% gc time)
6755
  0.853708 seconds (222.70 k allocations: 219.295 MiB)
8010
  0.974233 seconds (390.04 k allocations: 385.848 MiB)
3008
  0.982101 seconds (337.31 k allocations: 333.014 MiB)
4259
  0.938744 seconds (208.60 k allocations: 208.764 MiB)
5507
  0.957764 seconds (262.89 k allocations: 263.347 MiB)
1753
  0.949782 seconds (288.18 k allocations: 286.485 MiB)
9266
  0.936095 seconds (475.29 k allocations: 470.628 MiB)
6756
  1.020528 seconds (536.92 k allocations: 532.239 MiB)
507
  0.867291 seconds (554.50 k allocations: 549.050 MiB)
8011
  0.868631 seconds (423.00 k allocations: 417.602 MiB)
3009
  0.866058 seconds (320.36 k allocations: 319.545 MiB)
4260
  0.864099 seconds (306.80 k allocations: 306.756 MiB)
5508
  0.869412 seconds (336.26 k allocations: 335.124 MiB)
1754
  0.869160 seconds (389.66 k allocations: 386.414 MiB)
9267
  0.877480 seconds (491.13 k allocations: 486.991 MiB)
6757
  0.865087 seconds (476.44 k allocations: 473.115 MiB)
508
  0.876797 seconds (554.48 k allocations: 549.012 MiB)
8012
  0.868455 seconds (417.42 k allocations: 412.235 MiB)
3010
  0.856591 seconds (315.10 k allocations: 314.505 MiB)
4261
  0.856387 seconds (306.97 k allocations: 306.892 MiB)
5509
  0.862647 seconds (383.41 k allocations: 379.004 MiB)
9268
  0.879742 seconds (413.19 k allocations: 410.117 MiB)
1755
  1.925290 seconds (483.64 k allocations: 478.591 MiB, 10.87% gc time)
  1.139967 seconds (156.95 k allocations: 153.949 MiB, 18.37% gc time)
  1.227991 seconds (393.09 k allocations: 388.155 MiB, 17.05% gc time)
  1.119550 seconds (85.89 k allocations: 83.572 MiB, 18.70% gc time)
  1.909619 seconds (472.44 k allocations: 466.751 MiB, 10.96% gc time)
  1.120438 seconds (88.06 k allocations: 86.046 MiB, 18.69% gc time)
  1.079318 seconds (7.43 k allocations: 7.734 MiB, 19.40% gc time)
509
3011
6758
4262
8013
5510
1756
  0.875655 seconds (541.03 k allocations: 526.381 MiB)
9269
  0.875616 seconds (80.47 k allocations: 80.864 MiB)
4263
  0.875804 seconds (83.54 k allocations: 83.984 MiB)
  0.879656 seconds (84.94 k allocations: 86.679 MiB)
3012
1757
  0.891044 seconds (120.53 k allocations: 125.848 MiB)
5511
  0.921310 seconds (277.53 k allocations: 281.177 MiB)
510
  0.941234 seconds (395.05 k allocations: 390.162 MiB)
8014
  0.945272 seconds (413.21 k allocations: 408.933 MiB)
6759
  0.883175 seconds (554.49 k allocations: 549.024 MiB)
9270
  0.860533 seconds (308.72 k allocations: 304.493 MiB)
  0.866405 seconds (332.91 k allocations: 331.249 MiB)
3013
4264
  0.865874 seconds (282.16 k allocations: 280.345 MiB)
1758
  0.877147 seconds (301.98 k allocations: 298.262 MiB)
  0.875891 seconds (299.02 k allocations: 295.651 MiB)
511
5512
  0.866935 seconds (330.24 k allocations: 326.905 MiB)
6760
  0.866734 seconds (342.20 k allocations: 338.529 MiB)
8015
  0.877723 seconds (536.43 k allocations: 528.935 MiB)
9271
  0.870113 seconds (293.89 k allocations: 290.008 MiB)
4265
  0.870262 seconds (283.59 k allocations: 281.551 MiB)
  0.864488 seconds (258.83 k allocations: 256.794 MiB)
3014
1759
  0.877705 seconds (184.62 k allocations: 187.202 MiB)
6761
  0.873659 seconds (170.63 k allocations: 173.932 MiB)
  0.871936 seconds (168.72 k allocations: 171.149 MiB)
8016
512
  0.864217 seconds (181.54 k allocations: 184.801 MiB)
5513
  1.421411 seconds (252.59 k allocations: 251.574 MiB, 34.88% gc time)
9272
  0.873228 seconds (254.71 k allocations: 252.322 MiB)
1760
  0.960227 seconds (165.69 k allocations: 167.318 MiB)
3015
  0.958101 seconds (144.16 k allocations: 146.900 MiB)
4266
  0.955439 seconds (133.92 k allocations: 136.057 MiB)
8017
  0.958123 seconds (140.30 k allocations: 143.519 MiB)
513
  0.932891 seconds (128.81 k allocations: 131.543 MiB)
  0.949977 seconds (144.22 k allocations: 147.706 MiB)
9273
5514
  0.989121 seconds (286.49 k allocations: 291.361 MiB)
6762
  0.882202 seconds (554.50 k allocations: 549.050 MiB)
1761
  0.871573 seconds (201.51 k allocations: 202.826 MiB)
3016
  0.874045 seconds (152.09 k allocations: 153.282 MiB)
  0.878317 seconds (168.97 k allocations: 172.479 MiB)
  0.863836 seconds (120.84 k allocations: 121.691 MiB)
8018
5515
514
  0.877952 seconds (161.86 k allocations: 166.843 MiB)
4267
  0.868167 seconds (138.55 k allocations: 143.482 MiB)
9274
  0.879414 seconds (337.13 k allocations: 333.687 MiB)
6763
  0.874616 seconds (554.50 k allocations: 549.050 MiB)
1762
  0.882457 seconds (253.11 k allocations: 252.204 MiB)
3017
  0.869649 seconds (136.40 k allocations: 139.457 MiB)
  0.868141 seconds (130.62 k allocations: 132.044 MiB)
9275
8019
  0.878623 seconds (156.27 k allocations: 158.841 MiB)
  0.878339 seconds (159.00 k allocations: 161.580 MiB)
4268
  0.879145 seconds (163.19 k allocations: 166.626 MiB)
515
5516
  0.881518 seconds (259.58 k allocations: 259.462 MiB)
6764
  1.397406 seconds (30.00 k allocations: 29.959 MiB, 38.16% gc time)
  1.588746 seconds (472.03 k allocations: 464.010 MiB, 33.57% gc time)
3018
1763
  0.872708 seconds (207.01 k allocations: 205.448 MiB)
5517
  0.961744 seconds (272.39 k allocations: 269.414 MiB)
516
  0.961025 seconds (224.75 k allocations: 222.791 MiB)
  0.986740 seconds (294.30 k allocations: 291.405 MiB)
9276
4269
  1.006884 seconds (361.85 k allocations: 364.517 MiB)
8020
  0.984846 seconds (334.02 k allocations: 330.353 MiB)
6765
  0.947362 seconds (358.62 k allocations: 355.315 MiB)
1764
  0.944341 seconds (439.32 k allocations: 435.152 MiB)
3019
  0.881826 seconds (554.50 k allocations: 549.050 MiB)
5518
  0.874708 seconds (412.60 k allocations: 407.627 MiB)
517
  0.867931 seconds (312.44 k allocations: 310.553 MiB)
4270
  0.872334 seconds (308.93 k allocations: 305.967 MiB)
9277
  0.876361 seconds (300.31 k allocations: 296.696 MiB)
  0.876694 seconds (304.13 k allocations: 301.697 MiB)
8021
6766
  0.881584 seconds (426.23 k allocations: 419.990 MiB)
1765
  0.864102 seconds (419.71 k allocations: 415.158 MiB)
3020
  0.873061 seconds (554.49 k allocations: 549.031 MiB)
5519
  0.882237 seconds (405.76 k allocations: 399.861 MiB)
518
  0.853197 seconds (243.49 k allocations: 240.735 MiB)
9278
  0.873509 seconds (314.55 k allocations: 312.820 MiB)
4271
  0.883591 seconds (294.92 k allocations: 292.767 MiB)
6767
  0.875881 seconds (269.61 k allocations: 268.718 MiB)
8022
  0.880169 seconds (404.26 k allocations: 397.756 MiB)
3021
  0.871698 seconds (495.05 k allocations: 489.709 MiB)
1766
  1.281625 seconds (124.79 k allocations: 124.512 MiB, 27.82% gc time)
  1.279076 seconds (116.23 k allocations: 115.079 MiB, 27.88% gc time)
  1.285435 seconds (141.76 k allocations: 141.967 MiB, 27.74% gc time)  1.352283 seconds (428.85 k allocations: 422.177 MiB, 26.37% gc time)

  1.258284 seconds (52.39 k allocations: 52.643 MiB, 28.34% gc time)
  1.231724 seconds (30.83 k allocations: 30.170 MiB, 28.95% gc time)
9279
5520
8023
6768
519
4272
  0.857015 seconds (436.74 k allocations: 426.522 MiB)
3022
  0.928552 seconds (81.67 k allocations: 83.232 MiB)
  0.928898 seconds (81.68 k allocations: 83.385 MiB)
9280
5521
  0.956322 seconds (221.28 k allocations: 224.546 MiB)
1767
  0.930133 seconds (89.29 k allocations: 92.298 MiB)
4273
  0.932346 seconds (109.98 k allocations: 113.509 MiB)
8024
  0.937491 seconds (128.38 k allocations: 132.528 MiB)
520
  0.943408 seconds (164.97 k allocations: 170.151 MiB)
6769
  0.866080 seconds (554.49 k allocations: 549.025 MiB)
3023
  0.861629 seconds (141.52 k allocations: 145.425 MiB)
9281
  0.866799 seconds (133.04 k allocations: 137.482 MiB)
1768
  0.861183 seconds (106.09 k allocations: 109.427 MiB)
8025
  0.870281 seconds (138.32 k allocations: 142.901 MiB)
4274
  0.879455 seconds (185.79 k allocations: 189.736 MiB)
5522
  0.871232 seconds (173.98 k allocations: 176.160 MiB)
521
  0.875862 seconds (210.16 k allocations: 212.190 MiB)
6770
  0.873069 seconds (554.50 k allocations: 549.050 MiB)
3024
  0.856612 seconds (156.86 k allocations: 157.657 MiB)
9282
  0.872265 seconds (192.50 k allocations: 195.606 MiB)
1769
  0.873091 seconds (179.92 k allocations: 182.548 MiB)
  0.859429 seconds (110.71 k allocations: 115.060 MiB)
8026
5523
  0.866476 seconds (131.41 k allocations: 135.260 MiB)
4275
  0.881245 seconds (185.48 k allocations: 188.386 MiB)
522
  0.877053 seconds (189.00 k allocations: 191.932 MiB)
6771
  1.088842 seconds (195.81 k allocations: 197.244 MiB, 19.75% gc time)
3025
  0.873416 seconds (410.67 k allocations: 401.579 MiB)
1770
  0.875246 seconds (79.22 k allocations: 78.454 MiB)
3026
  0.937747 seconds (190.75 k allocations: 192.707 MiB)
4276
  0.953791 seconds (260.23 k allocations: 261.836 MiB)
9283
  0.936562 seconds (184.77 k allocations: 184.889 MiB)
523
  0.945796 seconds (212.14 k allocations: 216.171 MiB)
8027
  0.941232 seconds (224.67 k allocations: 225.879 MiB)
6772
  0.949311 seconds (252.05 k allocations: 255.969 MiB)
5524
  0.860294 seconds (554.49 k allocations: 549.037 MiB)
1771
  0.866854 seconds (453.80 k allocations: 444.248 MiB)
3027
  0.860085 seconds (210.58 k allocations: 211.676 MiB)
4277
  0.870242 seconds (227.91 k allocations: 228.456 MiB)
9284
  0.859501 seconds (176.28 k allocations: 177.987 MiB)
8028
  0.864901 seconds (196.06 k allocations: 199.551 MiB)
524
  0.864579 seconds (247.59 k allocations: 246.606 MiB)
5525
  0.883858 seconds (358.10 k allocations: 356.222 MiB)
6773
  0.868844 seconds (554.50 k allocations: 549.063 MiB)
1772
  0.863153 seconds (393.68 k allocations: 388.132 MiB)
3028
  0.866945 seconds (272.02 k allocations: 270.496 MiB)
4278
  0.859162 seconds (192.53 k allocations: 192.135 MiB)
  0.862493 seconds (205.02 k allocations: 207.868 MiB)
8029
9285
  0.862804 seconds (208.15 k allocations: 209.890 MiB)
525
  0.862857 seconds (269.29 k allocations: 268.598 MiB)
5526
  1.083188 seconds (172.11 k allocations: 173.092 MiB, 19.08% gc time)
  1.818677 seconds (251.39 k allocations: 251.641 MiB, 11.37% gc time)
6774
1773
  0.875756 seconds (340.35 k allocations: 334.261 MiB)
3029
  0.878129 seconds (103.29 k allocations: 102.707 MiB)
1774
  0.954846 seconds (290.48 k allocations: 289.365 MiB)
4279
  0.940008 seconds (209.25 k allocations: 210.576 MiB)
9286
  0.953093 seconds (256.05 k allocations: 256.753 MiB)
8030
  0.950871 seconds (249.21 k allocations: 251.634 MiB)
526
  0.950043 seconds (336.91 k allocations: 333.290 MiB)
6775
  0.960442 seconds (359.71 k allocations: 357.753 MiB)
5527
  0.866537 seconds (551.78 k allocations: 545.041 MiB)
3030
  0.875878 seconds (519.33 k allocations: 511.161 MiB)
1775
  0.865218 seconds (291.15 k allocations: 288.775 MiB)
4280
  0.874100 seconds (274.20 k allocations: 272.750 MiB)
9287
  0.878665 seconds (273.30 k allocations: 270.840 MiB)
527
  0.889077 seconds (308.92 k allocations: 307.550 MiB)
8031
  0.880576 seconds (329.74 k allocations: 327.664 MiB)
  0.875039 seconds (330.66 k allocations: 328.681 MiB)
6776
5528
  0.885625 seconds (554.50 k allocations: 549.056 MiB)
3031
  0.873501 seconds (442.22 k allocations: 435.981 MiB)
1776
  0.871430 seconds (324.18 k allocations: 320.374 MiB)
4281
  0.860185 seconds (211.26 k allocations: 211.272 MiB)
8032
  0.870316 seconds (242.03 k allocations: 243.395 MiB)
9288
  0.871659 seconds (259.24 k allocations: 258.801 MiB)
528
  0.859572 seconds (266.54 k allocations: 264.741 MiB)
5529
  1.097935 seconds (210.66 k allocations: 210.047 MiB, 21.28% gc time)
  1.861736 seconds (290.24 k allocations: 288.814 MiB, 12.55% gc time)
3032
6777
  0.868962 seconds (297.84 k allocations: 293.581 MiB)
1777
  0.870078 seconds (79.24 k allocations: 79.703 MiB)
3033
  0.963189 seconds (364.30 k allocations: 360.013 MiB)
  0.945880 seconds (286.39 k allocations: 284.224 MiB)
4282
8033
  0.939438 seconds (256.50 k allocations: 257.213 MiB)
9289
  0.930803 seconds (276.88 k allocations: 275.691 MiB)
5530
  0.938050 seconds (301.05 k allocations: 301.479 MiB)
529
  0.942181 seconds (383.19 k allocations: 379.021 MiB)
6778
  0.868739 seconds (554.50 k allocations: 549.056 MiB)
1778
  0.865232 seconds (411.30 k allocations: 405.040 MiB)
3034
  0.862234 seconds (251.94 k allocations: 250.027 MiB)
8034
  0.872107 seconds (276.64 k allocations: 275.082 MiB)
4283
  0.880690 seconds (298.43 k allocations: 296.102 MiB)
9290
  0.863427 seconds (248.59 k allocations: 247.368 MiB)
530
  0.879367 seconds (340.60 k allocations: 338.054 MiB)
5531
  0.881214 seconds (413.10 k allocations: 407.611 MiB)
6779
  0.888018 seconds (554.50 k allocations: 549.044 MiB)
1779
  0.859521 seconds (386.52 k allocations: 381.465 MiB)
3035
  0.869731 seconds (294.34 k allocations: 291.840 MiB)
8035
  0.866841 seconds (260.25 k allocations: 259.378 MiB)
4284
  2.041369 seconds (229.58 k allocations: 229.010 MiB, 16.89% gc time)
  2.040400 seconds (227.07 k allocations: 226.584 MiB, 16.90% gc time)
  2.025424 seconds (189.66 k allocations: 189.657 MiB, 17.02% gc time)
  1.215386 seconds (75.87 k allocations: 75.534 MiB, 28.37% gc time)
  2.007921 seconds (169.42 k allocations: 169.153 MiB, 17.17% gc time)
9291
5532
1780
531
6780
  0.857852 seconds (428.05 k allocations: 418.204 MiB)
3036
  0.874089 seconds (98.34 k allocations: 100.425 MiB)
1781
  0.945592 seconds (248.29 k allocations: 248.983 MiB)
8036
  0.947669 seconds (244.17 k allocations: 245.220 MiB)
4285
  0.931862 seconds (176.35 k allocations: 179.285 MiB)
5533
  0.942530 seconds (208.27 k allocations: 212.458 MiB)
9292
  0.938601 seconds (219.69 k allocations: 221.137 MiB)
532
  0.955508 seconds (331.54 k allocations: 329.578 MiB)
6781
  0.865785 seconds (554.49 k allocations: 549.037 MiB)
3037
  0.872711 seconds (541.72 k allocations: 533.990 MiB)
1782
  0.868605 seconds (238.92 k allocations: 237.580 MiB)
  0.876969 seconds (279.35 k allocations: 278.857 MiB)
4286
8037
  0.872016 seconds (242.30 k allocations: 242.402 MiB)
9293
  0.872260 seconds (257.78 k allocations: 258.615 MiB)
533
  0.871872 seconds (268.15 k allocations: 268.735 MiB)
5534
  0.878435 seconds (382.74 k allocations: 378.548 MiB)
6782
  0.861723 seconds (554.49 k allocations: 549.037 MiB)
3038
  0.868290 seconds (518.60 k allocations: 510.464 MiB)
1783
  2.019080 seconds (301.41 k allocations: 297.376 MiB, 20.38% gc time)
  2.021965 seconds (307.33 k allocations: 303.039 MiB, 20.35% gc time)
  1.976179 seconds (223.12 k allocations: 221.189 MiB, 20.82% gc time)
  1.943290 seconds (173.82 k allocations: 172.834 MiB, 21.17% gc time)
  1.281733 seconds (53.17 k allocations: 52.528 MiB, 32.10% gc time)
  1.900585 seconds (132.64 k allocations: 131.439 MiB, 21.65% gc time)
  1.909187 seconds (137.37 k allocations: 137.576 MiB, 21.55% gc time)
9294
6783
534
3039
4287
8038
5535
  0.864559 seconds (463.84 k allocations: 452.460 MiB)
1784
  0.947022 seconds (139.85 k allocations: 143.797 MiB)
5536
  0.946471 seconds (114.72 k allocations: 119.953 MiB)
  0.938079 seconds (94.11 k allocations: 95.547 MiB)
9295
535
  0.954376 seconds (142.85 k allocations: 147.228 MiB)
3040
  0.957593 seconds (155.55 k allocations: 160.797 MiB)
6784
  0.959126 seconds (180.78 k allocations: 183.897 MiB)
8039
  0.950594 seconds (186.56 k allocations: 189.613 MiB)
4288
  0.872468 seconds (554.50 k allocations: 549.050 MiB)
1785
  0.864970 seconds (172.04 k allocations: 173.374 MiB)
536
  0.873471 seconds (188.33 k allocations: 191.619 MiB)
9296
  0.873779 seconds (163.29 k allocations: 166.615 MiB)
5537
  0.867127 seconds (132.19 k allocations: 135.800 MiB)
3041
  0.878412 seconds (175.41 k allocations: 178.555 MiB)
  0.872363 seconds (172.51 k allocations: 174.700 MiB)
8040
  0.873388 seconds (177.78 k allocations: 180.890 MiB)
6785
4289
  0.878092 seconds (554.50 k allocations: 549.044 MiB)
1786
  0.877582 seconds (301.10 k allocations: 298.121 MiB)
537
  0.865480 seconds (224.32 k allocations: 224.833 MiB)
3042
  0.861228 seconds (210.32 k allocations: 211.618 MiB)
9297
  0.868596 seconds (211.83 k allocations: 213.230 MiB)
5538
  0.875961 seconds (205.54 k allocations: 207.394 MiB)
  0.864648 seconds (192.85 k allocations: 194.853 MiB)
6786
4290
  0.861391 seconds (194.95 k allocations: 197.638 MiB)
8041
  1.326660 seconds (191.72 k allocations: 193.336 MiB, 34.49% gc time)
1787
  0.871258 seconds (318.43 k allocations: 313.308 MiB)
3043
  0.968174 seconds (258.90 k allocations: 257.695 MiB)
538
  0.943474 seconds (116.17 k allocations: 117.611 MiB)
4291
  0.965687 seconds (190.99 k allocations: 194.255 MiB)
9298
  0.952797 seconds (135.91 k allocations: 139.298 MiB)
5539
  0.951640 seconds (166.52 k allocations: 168.784 MiB)
  0.966661 seconds (189.44 k allocations: 191.930 MiB)
8042
6787
  0.971429 seconds (356.77 k allocations: 352.431 MiB)
1788
  0.878619 seconds (554.50 k allocations: 549.050 MiB)
3044
  0.866817 seconds (216.08 k allocations: 216.763 MiB)
539
  0.880633 seconds (186.13 k allocations: 187.062 MiB)
9299
  0.878560 seconds (178.87 k allocations: 180.289 MiB)
4292
  0.889769 seconds (210.99 k allocations: 214.873 MiB)
6788
  0.875013 seconds (203.51 k allocations: 205.462 MiB)
  0.860072 seconds (188.16 k allocations: 190.022 MiB)
8043
5540
  0.883044 seconds (305.05 k allocations: 302.982 MiB)
1789
  0.875360 seconds (554.49 k allocations: 549.037 MiB)
3045
  0.885472 seconds (347.33 k allocations: 342.361 MiB)
  0.870321 seconds (273.07 k allocations: 271.436 MiB)
540
9300
  0.883165 seconds (263.12 k allocations: 262.113 MiB)
4293
  0.878846 seconds (251.05 k allocations: 250.769 MiB)
6789
  0.877548 seconds (290.56 k allocations: 288.756 MiB)
8044
  0.879883 seconds (362.64 k allocations: 359.116 MiB)
1790
  0.861368 seconds (389.05 k allocations: 385.806 MiB)
5541
  1.352453 seconds (365.56 k allocations: 362.102 MiB, 24.58% gc time)
  1.199871 seconds (115.76 k allocations: 114.800 MiB, 27.70% gc time)
  1.189875 seconds (74.56 k allocations: 72.777 MiB, 27.94% gc time)
541
3046
9301
  0.869387 seconds (380.14 k allocations: 372.372 MiB)
4294
  0.884309 seconds (89.23 k allocations: 90.470 MiB)
542
  0.888915 seconds (91.60 k allocations: 91.695 MiB)
9302
  0.971807 seconds (398.60 k allocations: 394.235 MiB)
6790
  0.950970 seconds (289.51 k allocations: 290.006 MiB)
8045
  0.933446 seconds (273.73 k allocations: 270.214 MiB)
  0.958840 seconds (341.00 k allocations: 339.515 MiB)
3047
1791
  0.953954 seconds (348.37 k allocations: 348.110 MiB)
5542
  0.870138 seconds (554.50 k allocations: 549.056 MiB)
4295
  0.873194 seconds (355.82 k allocations: 350.494 MiB)
543
  0.871842 seconds (277.99 k allocations: 276.191 MiB)
9303
  0.864349 seconds (237.10 k allocations: 236.009 MiB)
8046
  0.883749 seconds (302.18 k allocations: 299.689 MiB)
6791
  0.863201 seconds (238.74 k allocations: 237.927 MiB)
5543
  0.884238 seconds (333.76 k allocations: 331.484 MiB)
3048
  0.875694 seconds (340.57 k allocations: 338.204 MiB)
1792
  0.874996 seconds (554.49 k allocations: 549.025 MiB)
4296
  0.876846 seconds (387.40 k allocations: 382.606 MiB)
544
  0.876226 seconds (268.07 k allocations: 266.696 MiB)
9304
  0.879154 seconds (251.46 k allocations: 250.993 MiB)
6792
  0.866745 seconds (185.58 k allocations: 186.878 MiB)
8047
  0.868969 seconds (194.15 k allocations: 196.492 MiB)
  0.868694 seconds (197.24 k allocations: 198.997 MiB)
5544
3049
  0.872713 seconds (217.76 k allocations: 219.456 MiB)
1793
  1.067591 seconds (166.39 k allocations: 169.060 MiB, 18.99% gc time)
4297
  0.874308 seconds (330.43 k allocations: 324.772 MiB)
545
  0.886986 seconds (79.22 k allocations: 78.447 MiB)
4298
  0.964102 seconds (333.94 k allocations: 330.963 MiB)
6793
  0.932782 seconds (161.59 k allocations: 164.984 MiB)
8048
  0.927452 seconds (142.52 k allocations: 146.911 MiB)
5545
  0.948418 seconds (232.36 k allocations: 236.749 MiB)
9305
  0.942135 seconds (228.19 k allocations: 229.257 MiB)
3050
  0.954536 seconds (310.55 k allocations: 310.693 MiB)
1794
  0.871907 seconds (554.50 k allocations: 549.044 MiB)
546
  0.868644 seconds (397.20 k allocations: 390.147 MiB)
4299
  0.875889 seconds (283.52 k allocations: 281.487 MiB)
  0.860235 seconds (192.80 k allocations: 193.514 MiB)
6794
8049
  0.875494 seconds (253.84 k allocations: 254.671 MiB)
5546
  0.861474 seconds (233.25 k allocations: 231.452 MiB)
1795
  0.874828 seconds (297.02 k allocations: 296.349 MiB)
3051
  0.883005 seconds (342.88 k allocations: 341.638 MiB)
9306
  0.872568 seconds (554.49 k allocations: 549.031 MiB)
547
  0.869662 seconds (430.91 k allocations: 425.153 MiB)
4300
  0.855095 seconds (209.36 k allocations: 208.068 MiB)
5547
  0.869073 seconds (265.48 k allocations: 265.616 MiB)
6795
  0.867246 seconds (230.69 k allocations: 231.276 MiB)
8050
  0.869848 seconds (225.36 k allocations: 226.349 MiB)
1796
  0.864861 seconds (218.55 k allocations: 220.036 MiB)
3052
  0.870742 seconds (245.11 k allocations: 245.613 MiB)
9307
  1.281098 seconds (300.59 k allocations: 298.739 MiB, 21.73% gc time)
  1.148164 seconds (21.25 k allocations: 20.460 MiB, 24.25% gc time)
548
6796
  0.869370 seconds (394.43 k allocations: 386.032 MiB)
8051
  0.933813 seconds (173.88 k allocations: 173.949 MiB)
  0.875066 seconds (79.94 k allocations: 80.491 MiB)
1797
6797
  0.962135 seconds (277.77 k allocations: 278.607 MiB)
4301
  0.957102 seconds (240.88 k allocations: 242.275 MiB)
5548
  0.946423 seconds (216.63 k allocations: 218.012 MiB)
3053
  0.950023 seconds (238.65 k allocations: 240.510 MiB)
9308
  0.942747 seconds (297.34 k allocations: 296.839 MiB)
549
  0.874066 seconds (554.50 k allocations: 549.044 MiB)
8052
  0.866439 seconds (215.70 k allocations: 215.156 MiB)
4302
  0.882046 seconds (272.01 k allocations: 271.682 MiB)
1798
  0.873887 seconds (159.53 k allocations: 161.785 MiB)
  0.872269 seconds (154.73 k allocations: 157.345 MiB)
5549
3054
  0.878887 seconds (177.37 k allocations: 181.660 MiB)
6798
  0.876990 seconds (251.48 k allocations: 250.299 MiB)
  0.885023 seconds (262.87 k allocations: 263.436 MiB)
550
9309
  0.878772 seconds (554.49 k allocations: 549.037 MiB)
8053
  0.868770 seconds (323.17 k allocations: 319.251 MiB)
4303
  0.854741 seconds (154.30 k allocations: 155.365 MiB)
5550
  0.868397 seconds (210.73 k allocations: 212.024 MiB)
  0.870159 seconds (218.14 k allocations: 219.329 MiB)
3055
1799
  0.869104 seconds (230.31 k allocations: 229.868 MiB)
9310
  0.875336 seconds (256.33 k allocations: 256.168 MiB)
6799
  0.870764 seconds (281.74 k allocations: 280.681 MiB)
551
  1.385774 seconds (174.50 k allocations: 168.229 MiB, 36.19% gc time)
  1.475047 seconds (450.07 k allocations: 442.980 MiB, 34.00% gc time)
8054
4304
  0.900537 seconds (279.57 k allocations: 278.933 MiB)
3056
  0.956564 seconds (243.51 k allocations: 241.806 MiB)
5551
  0.962247 seconds (197.91 k allocations: 197.107 MiB)
552
  0.971352 seconds (202.69 k allocations: 201.868 MiB)
6800
  0.922431 seconds (122.50 k allocations: 124.084 MiB)
4305
  0.930822 seconds (162.60 k allocations: 163.858 MiB)
8055
  1.404279 seconds (658.13 k allocations: 652.933 MiB)
1800
  1.422850 seconds (644.90 k allocations: 639.229 MiB)
9311
  0.869535 seconds (554.50 k allocations: 549.050 MiB)
3057
  0.873014 seconds (386.55 k allocations: 382.695 MiB)
5552
  0.864443 seconds (302.83 k allocations: 300.335 MiB)
  0.876319 seconds (328.48 k allocations: 328.663 MiB)
4306
553
  0.889252 seconds (378.46 k allocations: 376.718 MiB)
6801
  0.939091 seconds (554.49 k allocations: 549.037 MiB)
8056
  0.873910 seconds (523.40 k allocations: 517.870 MiB)
1801
  0.876995 seconds (528.24 k allocations: 522.672 MiB)
9312
  0.872894 seconds (554.49 k allocations: 549.037 MiB)
3058
  0.869066 seconds (435.05 k allocations: 430.528 MiB)
5553
  0.874549 seconds (385.50 k allocations: 383.298 MiB)
554
  0.876618 seconds (389.43 k allocations: 387.239 MiB)
4307
  0.870842 seconds (413.98 k allocations: 410.918 MiB)
6802
  2.162355 seconds (493.51 k allocations: 488.242 MiB, 20.10% gc time)
  1.453220 seconds (256.09 k allocations: 253.162 MiB, 29.91% gc time)
  1.826787 seconds (335.28 k allocations: 331.545 MiB, 23.79% gc time)
  1.306444 seconds (23.11 k allocations: 22.244 MiB, 33.27% gc time)
  1.875603 seconds (386.49 k allocations: 381.800 MiB, 23.17% gc time)
  1.304214 seconds (19.53 k allocations: 19.352 MiB, 33.33% gc time)
3059
1802
5554
9313
8057
555
  0.865233 seconds (434.22 k allocations: 424.139 MiB)
4308
  0.964189 seconds (381.45 k allocations: 375.011 MiB)
  0.924102 seconds (172.30 k allocations: 173.776 MiB)
6803
  0.935346 seconds (184.35 k allocations: 186.709 MiB)
5555
3060
  0.934780 seconds (181.48 k allocations: 184.201 MiB)
8058
  0.936212 seconds (204.12 k allocations: 206.035 MiB)
1803
  1.310160 seconds (475.28 k allocations: 470.602 MiB)
556
  1.325456 seconds (478.29 k allocations: 474.880 MiB)
9314
  0.863424 seconds (554.49 k allocations: 549.031 MiB)
4309
  0.860487 seconds (330.33 k allocations: 328.911 MiB)
3061
  0.869766 seconds (336.76 k allocations: 335.246 MiB)
8059
  0.871832 seconds (341.76 k allocations: 340.194 MiB)
1804
  0.890708 seconds (450.97 k allocations: 446.117 MiB)
5556
  1.014500 seconds (554.49 k allocations: 549.031 MiB)
6804
  0.864044 seconds (475.28 k allocations: 470.615 MiB)
9315
  0.878364 seconds (491.12 k allocations: 487.171 MiB)
557
  0.863635 seconds (554.50 k allocations: 549.044 MiB)
4310
  0.864506 seconds (429.85 k allocations: 426.970 MiB)
3062
  0.876958 seconds (444.44 k allocations: 441.085 MiB)
8060
  0.862378 seconds (408.55 k allocations: 405.536 MiB)
1805
  1.689873 seconds (176.49 k allocations: 175.742 MiB, 31.62% gc time)
  2.100762 seconds (414.07 k allocations: 411.004 MiB, 25.43% gc time)
  1.402450 seconds (97.41 k allocations: 97.423 MiB, 38.09% gc time)
  1.970698 seconds (336.77 k allocations: 335.466 MiB, 27.11% gc time)
  1.700089 seconds (191.74 k allocations: 195.827 MiB, 31.43% gc time)
4311
5557
558
6805
9316
  0.881132 seconds (430.48 k allocations: 420.571 MiB)
3063
  0.949061 seconds (249.93 k allocations: 247.928 MiB)
8061
  0.940622 seconds (195.03 k allocations: 194.350 MiB)
4312
  0.934817 seconds (195.49 k allocations: 194.981 MiB)
6806
  1.076144 seconds (497.66 k allocations: 492.909 MiB)
1806
  0.991373 seconds (347.98 k allocations: 346.186 MiB)
9317
  1.082690 seconds (478.75 k allocations: 475.164 MiB)
5558
  1.253300 seconds (554.50 k allocations: 549.044 MiB)
559
  0.947271 seconds (554.49 k allocations: 549.037 MiB)
3064
  0.877161 seconds (386.28 k allocations: 384.023 MiB)
8062
  0.887000 seconds (402.06 k allocations: 399.295 MiB)
4313
  0.875394 seconds (430.75 k allocations: 426.939 MiB)
6807
  0.869734 seconds (427.57 k allocations: 423.542 MiB)
1807
  0.878356 seconds (437.49 k allocations: 434.448 MiB)
9318
  0.857977 seconds (433.45 k allocations: 430.755 MiB)
5559
  0.872538 seconds (554.49 k allocations: 549.031 MiB)
560
  0.881547 seconds (410.02 k allocations: 406.558 MiB)
3065
  0.881043 seconds (383.55 k allocations: 381.405 MiB)
8063
  0.870545 seconds (364.06 k allocations: 362.926 MiB)
4314
  0.883275 seconds (427.49 k allocations: 422.408 MiB)
6808
  1.537866 seconds (221.81 k allocations: 219.109 MiB, 43.71% gc time)  1.844117 seconds (325.57 k allocations: 322.265 MiB, 36.45% gc time)  1.870742 seconds (362.80 k allocations: 359.109 MiB, 35.94% gc time)


  1.809421 seconds (304.76 k allocations: 303.321 MiB, 37.15% gc time)
561
1808
9319
5560
  0.970518 seconds (412.72 k allocations: 409.171 MiB)
3066
  0.958167 seconds (323.64 k allocations: 317.241 MiB)
8064
  0.882254 seconds (35.55 k allocations: 38.068 MiB)
5561
  0.954355 seconds (249.99 k allocations: 248.353 MiB)
6809
  1.009564 seconds (449.25 k allocations: 441.657 MiB)
4315
  0.936780 seconds (207.32 k allocations: 207.898 MiB)
562
  0.945053 seconds (256.68 k allocations: 256.536 MiB)
1809
  0.937521 seconds (325.73 k allocations: 321.555 MiB)
9320
  0.866016 seconds (280.40 k allocations: 275.705 MiB)
8065
  0.870931 seconds (293.71 k allocations: 289.824 MiB)
3067
  0.872907 seconds (264.64 k allocations: 262.190 MiB)
5562
  0.873122 seconds (184.75 k allocations: 185.913 MiB)
6810
  0.883190 seconds (212.46 k allocations: 212.604 MiB)
4316
  0.871974 seconds (215.13 k allocations: 212.904 MiB)
  0.870435 seconds (216.01 k allocations: 213.815 MiB)
9321
1810
  0.899225 seconds (308.35 k allocations: 307.386 MiB)
563
  0.874668 seconds (221.65 k allocations: 218.238 MiB)
5563
  0.885411 seconds (235.00 k allocations: 232.403 MiB)
6811
  0.909806 seconds (332.20 k allocations: 329.282 MiB)
3068
  0.873283 seconds (97.41 k allocations: 102.325 MiB)
  0.868003 seconds (74.33 k allocations: 79.141 MiB)
4317
8066
  0.874728 seconds (93.18 k allocations: 97.406 MiB)
564
  0.888073 seconds (133.54 k allocations: 137.449 MiB)
9322
  0.885773 seconds (141.14 k allocations: 144.894 MiB)
1811
  0.881843 seconds (304.59 k allocations: 300.061 MiB)
6812
  0.943182 seconds (104.76 k allocations: 107.797 MiB)
4318
  0.950478 seconds (109.65 k allocations: 113.885 MiB)
8067
  0.942409 seconds (93.08 k allocations: 95.747 MiB)
  0.943096 seconds (95.19 k allocations: 98.637 MiB)
1812
565
  0.944787 seconds (101.49 k allocations: 106.603 MiB)
3069
  0.970750 seconds (185.24 k allocations: 194.266 MiB)
  0.945757 seconds (140.17 k allocations: 145.180 MiB)
5564
9323
  0.875663 seconds (554.49 k allocations: 549.037 MiB)
6813
  0.884335 seconds (203.91 k allocations: 205.148 MiB)
4319
  0.885591 seconds (155.91 k allocations: 158.131 MiB)
1813
  0.872957 seconds (102.08 k allocations: 104.362 MiB)
  0.885388 seconds (143.15 k allocations: 146.839 MiB)
5565
8068
  0.885125 seconds (148.17 k allocations: 151.279 MiB)
3070
  0.880614 seconds (159.84 k allocations: 162.613 MiB)
  0.905407 seconds (226.75 k allocations: 232.233 MiB)
9324
566
  0.881782 seconds (554.50 k allocations: 549.044 MiB)
6814
  0.859096 seconds (254.18 k allocations: 253.229 MiB)
5566
  0.874037 seconds (219.62 k allocations: 219.096 MiB)
8069
  0.877798 seconds (226.41 k allocations: 226.985 MiB)
4320
  0.874150 seconds (212.30 k allocations: 213.685 MiB)
1814
  0.883240 seconds (237.95 k allocations: 238.416 MiB)
3071
  0.880567 seconds (234.64 k allocations: 235.408 MiB)
9325
  0.888052 seconds (335.94 k allocations: 332.528 MiB)
567
  1.459113 seconds (412.65 k allocations: 405.964 MiB, 28.79% gc time)
  1.286803 seconds (68.98 k allocations: 66.024 MiB, 32.64% gc time)
6815
5567
  0.875853 seconds (290.15 k allocations: 286.240 MiB)
1815
  0.961324 seconds (248.27 k allocations: 246.334 MiB)
8070
  0.983104 seconds (300.80 k allocations: 299.273 MiB)
4321
  0.966252 seconds (248.77 k allocations: 248.409 MiB)
3072
  0.970946 seconds (283.68 k allocations: 282.009 MiB)
  0.945996 seconds (248.00 k allocations: 247.989 MiB)
9326
568
  0.946341 seconds (459.91 k allocations: 453.477 MiB)
6816
  0.930122 seconds (487.16 k allocations: 482.169 MiB)
5568
  0.870659 seconds (554.50 k allocations: 549.063 MiB)
1816
  0.871096 seconds (306.38 k allocations: 304.777 MiB)
4322
  0.884817 seconds (349.96 k allocations: 349.102 MiB)
8071
  0.872304 seconds (272.26 k allocations: 271.021 MiB)
9327
  0.877132 seconds (285.95 k allocations: 286.786 MiB)
3073
  0.880818 seconds (315.67 k allocations: 312.788 MiB)
569
  0.863769 seconds (416.14 k allocations: 411.575 MiB)
5569
  0.870015 seconds (462.58 k allocations: 457.438 MiB)
6817
  0.862222 seconds (554.50 k allocations: 549.044 MiB)
1817
  0.870469 seconds (306.24 k allocations: 304.615 MiB)
8072
  0.877212 seconds (322.24 k allocations: 322.576 MiB)
4323
  0.869951 seconds (264.75 k allocations: 262.465 MiB)
3074
  0.883262 seconds (309.97 k allocations: 309.794 MiB)
9328
  0.877407 seconds (317.56 k allocations: 314.593 MiB)
570
  0.856468 seconds (412.17 k allocations: 407.767 MiB)
5570
  0.876155 seconds (462.69 k allocations: 457.520 MiB)
6818
  1.336436 seconds (434.71 k allocations: 430.740 MiB, 20.37% gc time)
  1.184079 seconds (114.67 k allocations: 115.007 MiB, 23.00% gc time)
  1.158581 seconds (57.65 k allocations: 57.798 MiB, 23.50% gc time)
  1.183939 seconds (114.24 k allocations: 114.584 MiB, 23.00% gc time)
  1.148982 seconds (42.64 k allocations: 40.804 MiB, 23.70% gc time)
3075
8073
9329
4324
1818
  0.881043 seconds (499.38 k allocations: 486.539 MiB)
571
  0.875861 seconds (92.64 k allocations: 94.965 MiB)
  0.878543 seconds (89.97 k allocations: 93.764 MiB)
9330
3076
  0.931111 seconds (257.45 k allocations: 257.919 MiB)
5571
  0.931613 seconds (257.06 k allocations: 258.967 MiB)
6819
  0.928529 seconds (269.05 k allocations: 266.947 MiB)
4325
  0.932630 seconds (289.06 k allocations: 287.483 MiB)
8074
  0.936050 seconds (350.91 k allocations: 349.305 MiB)
1819
  0.870907 seconds (554.49 k allocations: 549.018 MiB)
572
  0.863305 seconds (365.35 k allocations: 359.795 MiB)
9331
  0.870404 seconds (388.46 k allocations: 384.527 MiB)
3077
  0.867735 seconds (255.31 k allocations: 253.450 MiB)
6820
  0.872830 seconds (274.97 k allocations: 274.890 MiB)
5572
  0.859625 seconds (233.89 k allocations: 234.533 MiB)
4326
  0.869491 seconds (313.02 k allocations: 310.431 MiB)
8075
  0.869268 seconds (351.31 k allocations: 349.697 MiB)
1820
  0.873032 seconds (554.49 k allocations: 549.031 MiB)
573
  0.870396 seconds (392.50 k allocations: 386.987 MiB)
9332
  0.871601 seconds (377.38 k allocations: 372.708 MiB)
3078
  0.856619 seconds (187.90 k allocations: 188.933 MiB)
5573
  0.867604 seconds (212.60 k allocations: 215.222 MiB)
6821
  0.867615 seconds (209.64 k allocations: 211.350 MiB)
4327
  0.868631 seconds (245.44 k allocations: 245.791 MiB)
8076
  0.869139 seconds (316.46 k allocations: 313.913 MiB)
  1.241749 seconds (254.59 k allocations: 253.419 MiB, 29.96% gc time)
1821
574
  0.871730 seconds (365.07 k allocations: 357.941 MiB)
5574
  0.969762 seconds (349.47 k allocations: 344.405 MiB)
6822
  0.941012 seconds (178.09 k allocations: 179.350 MiB)
  0.951743 seconds (218.58 k allocations: 220.682 MiB)
3079
9333
  0.949228 seconds (206.60 k allocations: 208.211 MiB)
4328
  0.931040 seconds (163.26 k allocations: 166.947 MiB)
8077
  0.933200 seconds (213.38 k allocations: 215.067 MiB)
1822
  0.938208 seconds (269.50 k allocations: 268.954 MiB)
575
  0.880749 seconds (554.49 k allocations: 549.031 MiB)
5575
  0.870208 seconds (192.95 k allocations: 193.391 MiB)
3080
  0.890289 seconds (315.93 k allocations: 313.718 MiB)
6823
  0.870447 seconds (154.19 k allocations: 157.894 MiB)
9334
  0.871236 seconds (148.79 k allocations: 152.887 MiB)
8078
  0.870187 seconds (151.41 k allocations: 155.591 MiB)
4329
  0.870090 seconds (166.92 k allocations: 170.609 MiB)
1823
  0.872407 seconds (218.25 k allocations: 219.928 MiB)
576
  0.890840 seconds (554.49 k allocations: 549.018 MiB)
5576
  0.865613 seconds (118.64 k allocations: 121.074 MiB)
  0.868573 seconds (128.64 k allocations: 131.398 MiB)
8079
3081
  0.873962 seconds (132.34 k allocations: 136.993 MiB)
  0.868805 seconds (113.95 k allocations: 115.727 MiB)
4330
9335
  0.873348 seconds (131.37 k allocations: 135.198 MiB)
6824
  0.876671 seconds (148.94 k allocations: 153.441 MiB)
1824
  0.871771 seconds (242.40 k allocations: 243.044 MiB)
577
  1.403681 seconds (366.14 k allocations: 360.230 MiB, 38.45% gc time)
5577
  0.878024 seconds (152.63 k allocations: 153.417 MiB)
1825
  0.960466 seconds (187.48 k allocations: 186.945 MiB)
8080
  0.981246 seconds (254.54 k allocations: 256.207 MiB)
9336
  0.965423 seconds (186.37 k allocations: 187.470 MiB)
4331
  0.964453 seconds (188.98 k allocations: 190.164 MiB)
6825
  0.989096 seconds (272.47 k allocations: 273.881 MiB)
3082
  0.927667 seconds (190.93 k allocations: 192.405 MiB)
5578
  0.949864 seconds (226.33 k allocations: 228.917 MiB)
578
  0.873174 seconds (554.49 k allocations: 549.037 MiB)
1826
  0.874279 seconds (218.50 k allocations: 219.080 MiB)
9337
  0.860518 seconds (128.87 k allocations: 131.053 MiB)
4332
  0.877900 seconds (190.89 k allocations: 194.257 MiB)
  0.872884 seconds (161.19 k allocations: 165.484 MiB)
8081
6826
  0.871291 seconds (177.74 k allocations: 180.808 MiB)
579
  0.866505 seconds (206.89 k allocations: 207.660 MiB)
5579
  0.880770 seconds (260.93 k allocations: 262.000 MiB)
3083
  0.871492 seconds (554.50 k allocations: 549.056 MiB)
1827
  0.859668 seconds (169.99 k allocations: 168.979 MiB)
  0.869672 seconds (228.61 k allocations: 229.184 MiB)
8082
4333
  0.878875 seconds (221.79 k allocations: 223.812 MiB)
9338
  0.880994 seconds (222.77 k allocations: 223.702 MiB)
  0.862215 seconds (157.14 k allocations: 160.667 MiB)
6827
580
  0.870431 seconds (224.90 k allocations: 226.124 MiB)
3084
  0.859367 seconds (226.13 k allocations: 227.478 MiB)
5580
  1.219500 seconds (385.84 k allocations: 380.309 MiB, 21.18% gc time)
  1.124969 seconds (86.75 k allocations: 83.018 MiB, 22.96% gc time)
1828
8083
  0.870033 seconds (295.91 k allocations: 291.772 MiB)
581
  0.938721 seconds (260.08 k allocations: 256.432 MiB)
  0.879728 seconds (82.64 k allocations: 84.304 MiB)
1829
9339
  0.878219 seconds (83.73 k allocations: 85.569 MiB)
8084
  0.982513 seconds (390.51 k allocations: 387.910 MiB)
6828
  0.979400 seconds (379.69 k allocations: 376.524 MiB)
4334
  0.942470 seconds (267.79 k allocations: 269.615 MiB)
3085
  0.957804 seconds (448.40 k allocations: 443.846 MiB)
5581
  0.874350 seconds (554.49 k allocations: 549.037 MiB)
582
  0.861617 seconds (294.10 k allocations: 292.807 MiB)
1830
  0.870492 seconds (287.00 k allocations: 284.797 MiB)
8085
  0.865736 seconds (236.93 k allocations: 237.074 MiB)
9340
  0.871822 seconds (224.83 k allocations: 225.660 MiB)
6829
  0.872352 seconds (229.61 k allocations: 230.414 MiB)
4335
  0.877954 seconds (277.67 k allocations: 276.601 MiB)
3086
  0.860416 seconds (313.55 k allocations: 311.130 MiB)
5582
  0.876528 seconds (554.49 k allocations: 549.037 MiB)
583
  0.866842 seconds (207.94 k allocations: 207.752 MiB)
8086
  0.874293 seconds (240.03 k allocations: 241.086 MiB)
1831
  0.857691 seconds (126.68 k allocations: 129.137 MiB)
4336
  0.871913 seconds (176.84 k allocations: 180.984 MiB)
9341
  0.874626 seconds (171.90 k allocations: 176.427 MiB)
6830
  0.869270 seconds (164.36 k allocations: 168.182 MiB)
3087
  0.860233 seconds (183.22 k allocations: 186.420 MiB)
5583
  1.463675 seconds (438.95 k allocations: 432.349 MiB, 30.51% gc time)
  1.303813 seconds (65.88 k allocations: 63.047 MiB, 34.25% gc time)
  1.325601 seconds (124.45 k allocations: 120.413 MiB, 33.69% gc time)
6831
4337
584
  0.867981 seconds (315.83 k allocations: 310.809 MiB)
5584
  0.963594 seconds (262.86 k allocations: 260.328 MiB)
  0.970860 seconds (291.89 k allocations: 289.294 MiB)
9342
3088
  0.963080 seconds (241.88 k allocations: 240.596 MiB)
8087
  0.965276 seconds (252.58 k allocations: 252.239 MiB)
1832
  0.934916 seconds (212.22 k allocations: 211.351 MiB)
6832
  0.936125 seconds (233.61 k allocations: 233.237 MiB)
4338
  0.947367 seconds (311.61 k allocations: 309.271 MiB)
585
  0.878672 seconds (554.49 k allocations: 549.037 MiB)
5585
  0.870662 seconds (287.36 k allocations: 284.969 MiB)
9343
  0.868088 seconds (247.95 k allocations: 247.444 MiB)
3089
  0.866692 seconds (212.32 k allocations: 213.522 MiB)
8088
  0.871093 seconds (224.75 k allocations: 225.602 MiB)
1833
  0.868269 seconds (238.78 k allocations: 237.964 MiB)
4339
  0.865283 seconds (248.38 k allocations: 247.353 MiB)
586
  0.880960 seconds (309.22 k allocations: 308.195 MiB)
6833
  0.871384 seconds (554.50 k allocations: 549.044 MiB)
5586
  0.873466 seconds (317.07 k allocations: 312.180 MiB)
9344
  0.870312 seconds (228.50 k allocations: 227.596 MiB)
3090
  0.873166 seconds (213.84 k allocations: 213.727 MiB)
  0.873928 seconds (215.21 k allocations: 215.181 MiB)
8089
1834
  0.871088 seconds (243.67 k allocations: 243.894 MiB)
587
  0.865164 seconds (268.90 k allocations: 268.229 MiB)
4340
  0.870016 seconds (314.32 k allocations: 311.857 MiB)
6834
  1.419537 seconds (36.09 k allocations: 34.560 MiB, 38.42% gc time)
  1.519738 seconds (175.99 k allocations: 172.109 MiB, 35.89% gc time)
  1.563456 seconds (354.22 k allocations: 348.075 MiB, 34.88% gc time)
  1.502318 seconds (148.47 k allocations: 144.489 MiB, 36.30% gc time)
  1.457208 seconds (74.37 k allocations: 72.418 MiB, 37.43% gc time)
8090
5587
9345
1835
3091
  0.963947 seconds (278.26 k allocations: 273.640 MiB)
6835
  0.971814 seconds (289.03 k allocations: 285.339 MiB)
588
  0.966236 seconds (262.54 k allocations: 260.182 MiB)
4341
  0.925612 seconds (114.20 k allocations: 117.205 MiB)
5588
  0.936668 seconds (171.83 k allocations: 172.498 MiB)
1836
  0.938800 seconds (193.41 k allocations: 194.562 MiB)
9346
  1.200865 seconds (475.28 k allocations: 470.602 MiB)
3092
  1.314641 seconds (564.20 k allocations: 559.543 MiB)
8091
  0.873323 seconds (275.20 k allocations: 274.721 MiB)
6836
  0.865707 seconds (201.96 k allocations: 203.605 MiB)
5589
  0.873141 seconds (222.83 k allocations: 226.216 MiB)
589
  0.868218 seconds (206.71 k allocations: 209.740 MiB)
4342
  0.869776 seconds (232.54 k allocations: 234.617 MiB)
1837
  0.871719 seconds (263.38 k allocations: 264.353 MiB)
9347
  0.871120 seconds (554.49 k allocations: 549.031 MiB)
3093
  0.860606 seconds (554.49 k allocations: 549.037 MiB)
8092
  0.855475 seconds (230.55 k allocations: 230.779 MiB)
5590
  0.871716 seconds (270.97 k allocations: 272.096 MiB)
6837
  0.867706 seconds (215.53 k allocations: 218.016 MiB)
4343
  0.873845 seconds (234.84 k allocations: 236.668 MiB)
  0.871077 seconds (232.06 k allocations: 233.528 MiB)
590
9348
  0.871208 seconds (248.73 k allocations: 250.340 MiB)
1838
  1.665972 seconds (439.83 k allocations: 435.638 MiB, 11.89% gc time)
  1.080865 seconds (47.09 k allocations: 46.284 MiB, 18.33% gc time)
  1.575363 seconds (360.84 k allocations: 357.396 MiB, 12.58% gc time)
  1.064597 seconds (12.73 k allocations: 12.195 MiB, 18.61% gc time)
  1.094050 seconds (88.80 k allocations: 87.628 MiB, 18.11% gc time)
3094
4344
6838
591
8093
  0.872761 seconds (389.34 k allocations: 381.160 MiB)
5591
  0.875387 seconds (95.01 k allocations: 98.460 MiB)
592
  0.883953 seconds (99.19 k allocations: 100.192 MiB)
  0.882734 seconds (99.03 k allocations: 101.398 MiB)
4345
6839
  0.954821 seconds (391.55 k allocations: 388.900 MiB)
1839
  0.951194 seconds (374.63 k allocations: 372.874 MiB)
9349
  0.940285 seconds (363.44 k allocations: 361.128 MiB)
3095
  0.936545 seconds (374.20 k allocations: 370.381 MiB)
8094
  0.868830 seconds (554.50 k allocations: 549.044 MiB)
5592
  0.873445 seconds (386.30 k allocations: 382.469 MiB)
593
  0.871999 seconds (306.89 k allocations: 302.613 MiB)
  0.873234 seconds (313.47 k allocations: 308.929 MiB)
4346
6840
  0.868742 seconds (249.05 k allocations: 248.853 MiB)
1840
  0.871501 seconds (268.45 k allocations: 267.608 MiB)
9350
  0.872856 seconds (364.18 k allocations: 358.156 MiB)
  0.874862 seconds (370.38 k allocations: 365.006 MiB)
8095
3096
  0.856541 seconds (554.49 k allocations: 549.025 MiB)
5593
  0.870553 seconds (330.60 k allocations: 326.352 MiB)
594
  0.869742 seconds (301.83 k allocations: 298.995 MiB)
4347
  0.872493 seconds (291.66 k allocations: 289.451 MiB)
6841
  0.870576 seconds (233.74 k allocations: 234.222 MiB)
9351
  0.873293 seconds (242.39 k allocations: 242.669 MiB)
1841
  0.858294 seconds (238.66 k allocations: 238.055 MiB)
8096
  0.870456 seconds (263.42 k allocations: 264.379 MiB)
  1.129190 seconds (186.39 k allocations: 188.155 MiB, 23.04% gc time)
5594
3097
  0.868698 seconds (328.06 k allocations: 322.520 MiB)
595
  0.932857 seconds (207.54 k allocations: 207.360 MiB)
1842
  0.879743 seconds (82.75 k allocations: 83.227 MiB)
5595
  0.972024 seconds (326.20 k allocations: 324.952 MiB)
  0.946557 seconds (231.75 k allocations: 232.247 MiB)
4348
9352
  0.969447 seconds (327.71 k allocations: 326.753 MiB)
6842
  0.949813 seconds (338.35 k allocations: 335.875 MiB)
8097
  0.943908 seconds (345.80 k allocations: 343.186 MiB)
3098
  0.870510 seconds (554.49 k allocations: 549.018 MiB)
596
  0.864551 seconds (328.00 k allocations: 322.615 MiB)
5596
  0.870298 seconds (353.70 k allocations: 349.873 MiB)
1843
  0.868935 seconds (237.62 k allocations: 236.529 MiB)
9353
  0.872635 seconds (248.81 k allocations: 248.641 MiB)
4349
  0.870416 seconds (250.21 k allocations: 250.160 MiB)
6843
  0.863955 seconds (257.02 k allocations: 256.850 MiB)
8098
  0.869104 seconds (318.69 k allocations: 316.077 MiB)
3099
  0.874126 seconds (554.50 k allocations: 549.050 MiB)
597
  0.869682 seconds (357.59 k allocations: 352.163 MiB)
1844
  0.854813 seconds (210.02 k allocations: 211.161 MiB)
5597
  0.868783 seconds (206.91 k allocations: 208.350 MiB)
4350
  0.865581 seconds (188.44 k allocations: 190.872 MiB)
9354
  0.859774 seconds (181.32 k allocations: 183.018 MiB)
8099
  0.874499 seconds (241.17 k allocations: 242.897 MiB)
6844
  0.870224 seconds (288.67 k allocations: 287.344 MiB)
3100
  1.332743 seconds (376.82 k allocations: 371.644 MiB, 26.25% gc time)
  1.227502 seconds (129.49 k allocations: 123.924 MiB, 28.50% gc time)
1845
598
  0.873412 seconds (235.92 k allocations: 233.110 MiB)
8100
  0.943750 seconds (183.62 k allocations: 182.030 MiB)
5598
  0.981733 seconds (313.59 k allocations: 311.499 MiB)
4351
  0.961409 seconds (214.76 k allocations: 214.647 MiB)
6845
  0.980829 seconds (281.56 k allocations: 282.412 MiB)
9355
  0.964033 seconds (268.47 k allocations: 267.624 MiB)
3101
  0.941192 seconds (238.11 k allocations: 237.517 MiB)
599
  0.943451 seconds (256.94 k allocations: 256.961 MiB)
1846
  0.876760 seconds (554.50 k allocations: 549.044 MiB)
8101
  0.870342 seconds (358.17 k allocations: 351.489 MiB)
5599
  0.873983 seconds (290.53 k allocations: 288.178 MiB)
4352
  0.880394 seconds (291.68 k allocations: 289.431 MiB)
6846
  0.874573 seconds (291.35 k allocations: 290.560 MiB)
9356
  0.869836 seconds (290.90 k allocations: 289.085 MiB)
  0.869928 seconds (295.58 k allocations: 294.925 MiB)
3102
1847
  0.871365 seconds (402.18 k allocations: 397.140 MiB)
600
  0.867743 seconds (551.29 k allocations: 544.579 MiB)
8102
  0.852960 seconds (455.05 k allocations: 448.693 MiB)
5600
  0.858611 seconds (357.24 k allocations: 350.806 MiB)
4353
  0.870080 seconds (382.74 k allocations: 376.588 MiB)
6847
  0.870778 seconds (301.57 k allocations: 299.101 MiB)
  0.871119 seconds (302.32 k allocations: 299.824 MiB)
3103
9357
  0.870419 seconds (315.85 k allocations: 314.357 MiB)
1848
  0.871693 seconds (382.18 k allocations: 379.225 MiB)
601
  1.309831 seconds (444.89 k allocations: 439.040 MiB, 17.64% gc time)
  1.224041 seconds (237.06 k allocations: 230.728 MiB, 18.88% gc time)
  1.091482 seconds (25.80 k allocations: 24.714 MiB, 21.17% gc time)
  1.276070 seconds (381.33 k allocations: 374.222 MiB, 18.11% gc time)
  1.180621 seconds (133.37 k allocations: 129.212 MiB, 19.57% gc time)
9358
8103
5601
6848
4354
  0.870463 seconds (358.40 k allocations: 350.322 MiB)
1849
  0.882721 seconds (87.85 k allocations: 87.924 MiB)
9359
  0.991442 seconds (522.77 k allocations: 512.881 MiB)
3104
  0.952562 seconds (327.11 k allocations: 324.620 MiB)
602
  0.944117 seconds (288.59 k allocations: 284.271 MiB)
4355
  0.947239 seconds (298.55 k allocations: 296.418 MiB)
8104
  0.949745 seconds (309.48 k allocations: 308.291 MiB)
6849
  0.941355 seconds (328.01 k allocations: 327.440 MiB)
5602
  0.871246 seconds (554.50 k allocations: 549.050 MiB)
1850
  0.874418 seconds (419.35 k allocations: 414.109 MiB)
9360
  0.869361 seconds (382.37 k allocations: 376.556 MiB)
3105
  0.879466 seconds (362.41 k allocations: 357.151 MiB)
603
  0.869374 seconds (275.82 k allocations: 274.487 MiB)
  0.863523 seconds (266.82 k allocations: 262.356 MiB)
8105
5603
  0.871410 seconds (294.52 k allocations: 293.964 MiB)
6850
  0.873540 seconds (313.28 k allocations: 313.288 MiB)
4356
  0.865585 seconds (554.49 k allocations: 549.025 MiB)
1851
  0.869842 seconds (392.64 k allocations: 384.541 MiB)
  0.873938 seconds (412.54 k allocations: 406.514 MiB)
9361
3106
  0.869293 seconds (315.26 k allocations: 312.008 MiB)
604
  0.866713 seconds (221.23 k allocations: 219.779 MiB)
4357
  0.881563 seconds (253.59 k allocations: 254.579 MiB)
8106
  0.883186 seconds (265.69 k allocations: 266.346 MiB)
6851
  0.870012 seconds (287.58 k allocations: 286.278 MiB)
5604
  1.229060 seconds (243.54 k allocations: 242.910 MiB, 29.99% gc time)
1852
  0.888594 seconds (293.71 k allocations: 287.181 MiB)
9362
  0.979782 seconds (409.99 k allocations: 402.336 MiB)
605
  1.007532 seconds (467.00 k allocations: 459.588 MiB)
3107
  0.939778 seconds (160.63 k allocations: 160.408 MiB)
5605
  0.939846 seconds (178.00 k allocations: 177.199 MiB)
1853
  0.966105 seconds (252.56 k allocations: 254.867 MiB)
8107
  0.966933 seconds (266.58 k allocations: 268.486 MiB)
4358
  0.971021 seconds (314.47 k allocations: 314.474 MiB)
6852
  0.868717 seconds (554.50 k allocations: 549.075 MiB)
9363
  0.880000 seconds (455.17 k allocations: 446.952 MiB)
606
  0.877241 seconds (298.00 k allocations: 295.330 MiB)
3108
  0.858427 seconds (183.79 k allocations: 186.228 MiB)
5606
  0.862301 seconds (178.04 k allocations: 178.465 MiB)
8108
  0.871685 seconds (227.91 k allocations: 227.589 MiB)
1854
  0.881908 seconds (260.76 k allocations: 262.895 MiB)
  0.871646 seconds (243.88 k allocations: 243.227 MiB)
6853
4359
  0.872684 seconds (554.50 k allocations: 549.050 MiB)
9364
  0.874707 seconds (420.20 k allocations: 412.076 MiB)
607
  0.856156 seconds (243.37 k allocations: 243.061 MiB)
5607
  0.876841 seconds (269.17 k allocations: 267.930 MiB)
3109
  0.871551 seconds (239.55 k allocations: 239.757 MiB)
  1.916756 seconds (225.67 k allocations: 226.611 MiB, 12.79% gc time)
  1.905303 seconds (202.28 k allocations: 202.978 MiB, 12.87% gc time)
  1.104993 seconds (121.33 k allocations: 120.962 MiB, 22.18% gc time)
  1.901465 seconds (201.00 k allocations: 200.612 MiB, 12.89% gc time)
6854
8109
9365
4360
1855
  0.857518 seconds (408.36 k allocations: 399.350 MiB)
5608
  0.880944 seconds (79.22 k allocations: 78.447 MiB)
9366
  0.954511 seconds (381.44 k allocations: 376.416 MiB)
608
  0.935884 seconds (188.17 k allocations: 190.399 MiB)
1856
  0.945268 seconds (222.34 k allocations: 225.759 MiB)
  0.937016 seconds (191.36 k allocations: 192.567 MiB)
8110
3110
  0.940240 seconds (219.80 k allocations: 220.009 MiB)
  0.939495 seconds (224.32 k allocations: 225.334 MiB)
6855
4361
  0.870292 seconds (554.50 k allocations: 549.050 MiB)
5609
  0.875827 seconds (343.69 k allocations: 338.872 MiB)
  0.872647 seconds (312.36 k allocations: 309.013 MiB)
9367
609
  0.865656 seconds (179.49 k allocations: 182.097 MiB)
1857
  0.861150 seconds (165.25 k allocations: 164.989 MiB)
8111
  0.869017 seconds (186.62 k allocations: 190.496 MiB)
3111
  0.876078 seconds (241.76 k allocations: 242.224 MiB)
6856
  0.878162 seconds (279.13 k allocations: 278.193 MiB)
4362
  0.862299 seconds (554.49 k allocations: 549.031 MiB)
5610
  0.870192 seconds (261.16 k allocations: 258.629 MiB)
610
  0.873193 seconds (262.34 k allocations: 261.152 MiB)
9368
  0.872943 seconds (224.48 k allocations: 225.115 MiB)
1858
  0.868935 seconds (171.43 k allocations: 172.076 MiB)
  0.871699 seconds (174.57 k allocations: 175.517 MiB)
8112
3112
  0.891371 seconds (199.01 k allocations: 201.284 MiB)
6857
  0.873802 seconds (194.03 k allocations: 196.711 MiB)
4363
  1.248774 seconds (118.44 k allocations: 113.324 MiB, 30.33% gc time)
  1.436431 seconds (337.31 k allocations: 333.841 MiB, 26.37% gc time)
611
5611
  0.892678 seconds (251.37 k allocations: 249.123 MiB)
9369
  0.948392 seconds (142.79 k allocations: 142.945 MiB)
8113
  0.966023 seconds (191.80 k allocations: 193.705 MiB)
  0.969752 seconds (204.58 k allocations: 207.267 MiB)
1859
6858
  0.964540 seconds (182.32 k allocations: 186.218 MiB)
3113
  0.961301 seconds (188.43 k allocations: 191.057 MiB)
4364
  0.943563 seconds (233.42 k allocations: 233.032 MiB)
612
  0.966548 seconds (368.22 k allocations: 364.654 MiB)
5612
  0.871563 seconds (554.49 k allocations: 549.031 MiB)
9370
  0.870669 seconds (214.25 k allocations: 215.015 MiB)
  0.867007 seconds (187.75 k allocations: 188.590 MiB)
1860
3114
  0.871579 seconds (198.07 k allocations: 199.879 MiB)
8114
  0.871419 seconds (195.36 k allocations: 197.461 MiB)
6859
  0.866177 seconds (182.34 k allocations: 185.192 MiB)
4365
  0.875194 seconds (275.42 k allocations: 274.429 MiB)
613
  0.873083 seconds (405.58 k allocations: 399.160 MiB)
5613
  0.860734 seconds (554.49 k allocations: 549.031 MiB)
9371
  0.872278 seconds (255.67 k allocations: 254.626 MiB)
  0.868160 seconds (226.77 k allocations: 225.752 MiB)
1861
3115
  0.867835 seconds (183.26 k allocations: 184.487 MiB)
8115
  0.874885 seconds (212.53 k allocations: 215.138 MiB)
6860
  0.870578 seconds (200.00 k allocations: 202.096 MiB)
4366
  0.862534 seconds (185.71 k allocations: 188.607 MiB)
614
  0.861483 seconds (308.85 k allocations: 306.613 MiB)
5614
  1.211079 seconds (441.95 k allocations: 437.666 MiB, 14.53% gc time)
  1.071136 seconds (26.28 k allocations: 27.617 MiB, 16.43% gc time)
  1.086862 seconds (56.26 k allocations: 57.517 MiB, 16.19% gc time)
  1.054479 seconds (11.62 k allocations: 12.351 MiB, 16.69% gc time)
9372
4367
8116
1862
  0.862310 seconds (320.05 k allocations: 313.624 MiB)
615
  0.876741 seconds (80.16 k allocations: 80.575 MiB)
4368
  0.877071 seconds (81.37 k allocations: 81.920 MiB)
8117
  0.984443 seconds (523.26 k allocations: 520.361 MiB)
  0.881635 seconds (95.78 k allocations: 98.014 MiB)
6861
1863
  0.959939 seconds (406.43 k allocations: 403.339 MiB)
3116
  0.938525 seconds (353.09 k allocations: 352.462 MiB)
5615
  0.933268 seconds (416.31 k allocations: 411.903 MiB)
9373
  0.866352 seconds (554.51 k allocations: 549.082 MiB)
616
  0.860166 seconds (225.15 k allocations: 224.208 MiB)
8118
  0.867303 seconds (246.75 k allocations: 247.520 MiB)
4369
  0.862312 seconds (200.17 k allocations: 201.897 MiB)
1864
  0.871353 seconds (231.85 k allocations: 232.401 MiB)
6862
  0.868434 seconds (226.12 k allocations: 227.106 MiB)
3117
  0.862007 seconds (255.88 k allocations: 255.761 MiB)
5616
  0.860726 seconds (372.31 k allocations: 367.361 MiB)
9374
  0.856590 seconds (554.50 k allocations: 549.044 MiB)
617
  0.852819 seconds (270.06 k allocations: 268.428 MiB)
8119
  0.876492 seconds (263.18 k allocations: 262.007 MiB)
4370
  0.869348 seconds (182.54 k allocations: 185.027 MiB)
1865
  0.869016 seconds (176.28 k allocations: 177.979 MiB)
3118
  0.873107 seconds (187.60 k allocations: 190.223 MiB)
6863
  0.868201 seconds (200.87 k allocations: 203.075 MiB)
5617
  0.884177 seconds (281.63 k allocations: 280.565 MiB)
9375
  1.256285 seconds (319.76 k allocations: 317.034 MiB, 19.50% gc time)
  1.117065 seconds (35.45 k allocations: 33.985 MiB, 21.93% gc time)
618
6864
  0.862092 seconds (161.28 k allocations: 160.478 MiB)
5618
  0.878442 seconds (76.81 k allocations: 74.922 MiB)
6865
  0.965452 seconds (336.32 k allocations: 334.455 MiB)
3119
  0.957674 seconds (268.36 k allocations: 268.355 MiB)
8120
  0.957292 seconds (268.11 k allocations: 268.326 MiB)
4371
  0.937509 seconds (217.76 k allocations: 219.087 MiB)
9376
  0.951098 seconds (295.23 k allocations: 294.650 MiB)
1866
  0.931866 seconds (314.55 k allocations: 312.088 MiB)
619
  0.872822 seconds (548.11 k allocations: 541.525 MiB)
  0.865264 seconds (212.31 k allocations: 211.876 MiB)
  0.869707 seconds (161.12 k allocations: 162.924 MiB)
  0.868716 seconds (93.84 k allocations: 98.694 MiB)
  0.869160 seconds (67.30 k allocations: 73.440 MiB)
  0.869578 seconds (33.61 k allocations: 41.345 MiB)
  0.863452 seconds (13.65 k allocations: 22.375 MiB)
  0.864902 seconds (4.95 k allocations: 14.187 MiB)
5619
620
6866
3120
8121
4372
9377
1867
  0.857742 seconds (129.96 k allocations: 129.285 MiB)
4373
  0.864874 seconds (137.78 k allocations: 139.394 MiB)
621
  0.870469 seconds (150.67 k allocations: 151.897 MiB)
9378
  0.871065 seconds (152.59 k allocations: 155.161 MiB)
1868
  0.869984 seconds (180.60 k allocations: 182.141 MiB)
8122
  0.870058 seconds (191.98 k allocations: 193.242 MiB)
3121
  0.879437 seconds (303.76 k allocations: 300.381 MiB)
6867
  1.002207 seconds (288.00 k allocations: 285.463 MiB, 14.20% gc time)
5620
  0.899017 seconds (220.16 k allocations: 218.035 MiB)
622
  0.889418 seconds (171.90 k allocations: 172.043 MiB)
1869
  0.916315 seconds (265.49 k allocations: 265.434 MiB)
4374
  0.904094 seconds (210.50 k allocations: 210.560 MiB)
9379
  0.891936 seconds (199.61 k allocations: 200.339 MiB)
8123
  0.892741 seconds (222.47 k allocations: 222.381 MiB)
3122
  0.890988 seconds (317.38 k allocations: 313.363 MiB)
6868
  0.895145 seconds (345.66 k allocations: 343.058 MiB)
5621
  0.869154 seconds (291.41 k allocations: 287.636 MiB)
623
  0.887988 seconds (342.29 k allocations: 340.352 MiB)
1870
  0.877997 seconds (238.98 k allocations: 237.636 MiB)
9380
  0.871293 seconds (175.16 k allocations: 176.749 MiB)
4375
  0.870945 seconds (145.95 k allocations: 147.755 MiB)
3123
  0.888694 seconds (224.15 k allocations: 223.989 MiB)
8124
  0.885856 seconds (276.83 k allocations: 274.572 MiB)
6869
  0.889635 seconds (318.81 k allocations: 316.157 MiB)
5622
  0.877237 seconds (233.67 k allocations: 230.966 MiB)
624
  0.898084 seconds (317.31 k allocations: 315.045 MiB)
1871
  0.892935 seconds (248.71 k allocations: 246.960 MiB)
4376
  0.886994 seconds (250.84 k allocations: 249.176 MiB)
  0.877239 seconds (244.39 k allocations: 243.091 MiB)
8125
9381
  0.894693 seconds (400.16 k allocations: 394.860 MiB)
3124
  1.507785 seconds (233.01 k allocations: 229.315 MiB, 37.99% gc time)
  2.214753 seconds (473.88 k allocations: 468.030 MiB, 25.86% gc time)
  1.456512 seconds (100.37 k allocations: 98.519 MiB, 39.33% gc time)
  1.447731 seconds (72.01 k allocations: 70.131 MiB, 39.57% gc time)
  2.234562 seconds (486.78 k allocations: 481.591 MiB, 25.64% gc time)
  1.503773 seconds (226.00 k allocations: 221.352 MiB, 38.09% gc time)
  1.432462 seconds (38.02 k allocations: 36.342 MiB, 39.99% gc time)
8126
4377
9382
5623
6870
625
1872
  0.869476 seconds (547.75 k allocations: 532.963 MiB)
3125
  0.927351 seconds (178.05 k allocations: 179.149 MiB)
5624
  0.938609 seconds (188.26 k allocations: 189.102 MiB)
4378
  0.930640 seconds (173.31 k allocations: 173.754 MiB)
  0.946371 seconds (206.33 k allocations: 209.171 MiB)
626
6871
  0.935212 seconds (188.92 k allocations: 191.487 MiB)
8127
  1.343167 seconds (475.29 k allocations: 470.621 MiB)
9383
  1.337024 seconds (478.29 k allocations: 474.908 MiB)
1873
  0.871352 seconds (554.50 k allocations: 549.056 MiB)
3126
  0.874359 seconds (369.38 k allocations: 366.279 MiB)
5625
  0.862202 seconds (314.41 k allocations: 313.864 MiB)
627
  0.875689 seconds (353.57 k allocations: 351.510 MiB)
6872
  0.869887 seconds (365.87 k allocations: 363.453 MiB)
8128
  0.942427 seconds (554.50 k allocations: 549.056 MiB)
4379
  0.871822 seconds (492.99 k allocations: 488.779 MiB)
9384
  0.866057 seconds (495.31 k allocations: 491.174 MiB)
1874
  0.868810 seconds (554.47 k allocations: 548.961 MiB)
3127
  0.862205 seconds (435.91 k allocations: 431.290 MiB)
5626
  0.863367 seconds (394.04 k allocations: 391.409 MiB)
628
  0.866426 seconds (367.91 k allocations: 366.586 MiB)
8129
  0.873724 seconds (392.45 k allocations: 390.252 MiB)
6873
  0.862651 seconds (387.32 k allocations: 384.117 MiB)
  1.361091 seconds (268.11 k allocations: 267.397 MiB, 14.16% gc time)
  1.320439 seconds (235.29 k allocations: 234.754 MiB, 14.59% gc time)
  1.063268 seconds (156.19 k allocations: 156.460 MiB, 18.12% gc time)
4380
9385
3128
1875
  0.872442 seconds (346.83 k allocations: 340.491 MiB)
5627
  0.879631 seconds (79.21 k allocations: 78.441 MiB)
3129
  0.947212 seconds (297.54 k allocations: 296.128 MiB)
629
  0.945787 seconds (278.35 k allocations: 277.925 MiB)
8130
  0.941908 seconds (250.54 k allocations: 251.506 MiB)
6874
  0.932363 seconds (224.26 k allocations: 225.303 MiB)
1876
  0.935300 seconds (251.07 k allocations: 252.384 MiB)
  0.933425 seconds (256.36 k allocations: 256.325 MiB)
9386
4381
  0.868532 seconds (554.49 k allocations: 549.025 MiB)
5628
  0.874604 seconds (357.77 k allocations: 352.337 MiB)
3130
  0.864278 seconds (220.12 k allocations: 219.584 MiB)
8131
  0.883366 seconds (281.52 k allocations: 280.965 MiB)
630
  0.871139 seconds (188.70 k allocations: 189.869 MiB)
1877
  0.870817 seconds (200.96 k allocations: 200.542 MiB)
4382
  0.887615 seconds (259.76 k allocations: 261.915 MiB)
6875
  0.886081 seconds (299.27 k allocations: 297.453 MiB)
9387
  0.878853 seconds (554.49 k allocations: 549.018 MiB)
5629
  0.864593 seconds (329.67 k allocations: 323.011 MiB)
3131
  0.888759 seconds (345.66 k allocations: 340.944 MiB)
8132
  0.872894 seconds (194.67 k allocations: 196.625 MiB)
631
  0.870889 seconds (147.70 k allocations: 151.882 MiB)
1878
  0.870805 seconds (142.24 k allocations: 145.595 MiB)
4383
  0.870053 seconds (144.43 k allocations: 147.881 MiB)
9388
  0.905594 seconds (201.77 k allocations: 206.607 MiB)
6876
  1.743830 seconds (307.18 k allocations: 302.395 MiB, 49.49% gc time)
5630
  0.874571 seconds (203.08 k allocations: 202.917 MiB)
3132
  0.977504 seconds (242.74 k allocations: 242.272 MiB)
8133
  0.965090 seconds (181.85 k allocations: 182.956 MiB)
  0.963235 seconds (176.23 k allocations: 177.965 MiB)
632
4384
  0.947958 seconds (162.81 k allocations: 163.870 MiB)
9389
  0.961162 seconds (195.27 k allocations: 197.582 MiB)
1879
  0.970570 seconds (222.73 k allocations: 226.461 MiB)
6877
  0.942982 seconds (365.76 k allocations: 361.079 MiB)
5631
  0.886991 seconds (554.49 k allocations: 549.031 MiB)
3133
  0.883031 seconds (241.67 k allocations: 241.253 MiB)
4385
  0.884665 seconds (204.15 k allocations: 204.289 MiB)
  0.885102 seconds (203.04 k allocations: 204.600 MiB)
633
8134
  0.881704 seconds (194.12 k allocations: 196.292 MiB)
1880
  0.885623 seconds (221.61 k allocations: 222.778 MiB)
9390
  0.889175 seconds (345.04 k allocations: 341.108 MiB)
6878
  0.870650 seconds (529.98 k allocations: 524.365 MiB)
5632
  0.875494 seconds (554.49 k allocations: 549.037 MiB)
3134
  0.882050 seconds (327.70 k allocations: 324.989 MiB)
4386
  0.868585 seconds (239.52 k allocations: 239.544 MiB)
634
  0.891139 seconds (293.91 k allocations: 294.214 MiB)
8135
  0.877935 seconds (247.19 k allocations: 248.475 MiB)
1881
  0.889162 seconds (304.20 k allocations: 303.218 MiB)
9391
  0.878899 seconds (397.39 k allocations: 391.170 MiB)
6879
  0.862568 seconds (501.02 k allocations: 496.636 MiB)
5633
  1.656634 seconds (224.60 k allocations: 222.478 MiB, 42.55% gc time)  1.642991 seconds (178.45 k allocations: 177.090 MiB, 42.91% gc time)
  1.623915 seconds (131.90 k allocations: 130.051 MiB, 43.41% gc time)

  1.627135 seconds (136.19 k allocations: 135.405 MiB, 43.32% gc time)
  1.600302 seconds (105.67 k allocations: 103.310 MiB, 44.05% gc time)
  1.780229 seconds (527.82 k allocations: 522.282 MiB, 39.60% gc time)
4387
635
9392
8136
3135
1882
  0.863270 seconds (402.41 k allocations: 392.440 MiB)
5634
  0.992594 seconds (581.17 k allocations: 575.776 MiB)
6880
  0.932939 seconds (152.72 k allocations: 151.407 MiB)
4388
  0.941990 seconds (172.76 k allocations: 173.222 MiB)
  0.945360 seconds (176.86 k allocations: 178.503 MiB)
3136
1883
  0.947930 seconds (182.33 k allocations: 185.163 MiB)
8137
  0.952206 seconds (194.72 k allocations: 203.330 MiB)
636
  0.942273 seconds (193.41 k allocations: 197.376 MiB)
9393
  0.886307 seconds (554.49 k allocations: 549.018 MiB)
5635
  0.873643 seconds (543.83 k allocations: 536.056 MiB)
6881
  0.866988 seconds (194.62 k allocations: 195.178 MiB)
4389
  0.871645 seconds (193.56 k allocations: 195.571 MiB)
8138
  0.880494 seconds (210.20 k allocations: 212.882 MiB)
  0.870415 seconds (186.45 k allocations: 189.385 MiB)
637
3137
  0.877996 seconds (219.85 k allocations: 222.472 MiB)
1884
  0.879717 seconds (273.08 k allocations: 273.579 MiB)
9394
  0.868377 seconds (554.49 k allocations: 549.018 MiB)
5636
  0.900572 seconds (554.49 k allocations: 549.025 MiB)
6882
  0.877435 seconds (263.48 k allocations: 262.303 MiB)
  0.862829 seconds (212.65 k allocations: 210.950 MiB)
4390
3138
  0.870999 seconds (231.59 k allocations: 234.571 MiB)
8139
  0.872370 seconds (232.91 k allocations: 234.807 MiB)
638
  0.875364 seconds (258.29 k allocations: 259.288 MiB)
1885
  0.873379 seconds (302.60 k allocations: 301.870 MiB)
9395
  1.455472 seconds (231.33 k allocations: 226.335 MiB, 40.10% gc time)
  1.560056 seconds (315.65 k allocations: 313.137 MiB, 37.41% gc time)
6883
5637
  0.869017 seconds (280.46 k allocations: 276.949 MiB)
3139
  0.948565 seconds (243.06 k allocations: 242.576 MiB)
8140
  0.949351 seconds (200.78 k allocations: 201.015 MiB)
4391
  0.966178 seconds (250.81 k allocations: 251.532 MiB)
  0.955180 seconds (215.75 k allocations: 216.892 MiB)
639
1886
  0.940431 seconds (189.90 k allocations: 192.408 MiB)
9396
  0.940277 seconds (274.38 k allocations: 273.411 MiB)
6884
  0.941399 seconds (389.42 k allocations: 384.894 MiB)
5638
  0.866738 seconds (554.47 k allocations: 548.967 MiB)
3140
  0.860109 seconds (349.81 k allocations: 346.136 MiB)
8141
  0.860220 seconds (237.71 k allocations: 237.657 MiB)
4392
  0.871082 seconds (247.05 k allocations: 246.758 MiB)
640
  0.865871 seconds (218.58 k allocations: 218.474 MiB)
9397
  0.870667 seconds (246.27 k allocations: 246.379 MiB)
1887
  0.874692 seconds (321.17 k allocations: 319.443 MiB)
6885
  0.863475 seconds (354.49 k allocations: 351.527 MiB)
5639
  0.860851 seconds (554.49 k allocations: 549.018 MiB)
3141
  0.870529 seconds (418.09 k allocations: 412.845 MiB)
8142
  0.871349 seconds (302.09 k allocations: 299.255 MiB)
4393
  0.870142 seconds (236.15 k allocations: 235.114 MiB)
9398
  0.869676 seconds (235.92 k allocations: 235.085 MiB)
  0.878326 seconds (264.53 k allocations: 265.510 MiB)
1888
641
  0.879653 seconds (350.56 k allocations: 347.589 MiB)
6886
  0.857073 seconds (385.45 k allocations: 381.171 MiB)
5640
  1.171948 seconds (397.06 k allocations: 392.304 MiB, 13.87% gc time)
  1.063606 seconds (203.93 k allocations: 199.205 MiB, 15.28% gc time)
  1.029191 seconds (21.23 k allocations: 20.349 MiB, 15.79% gc time)
3142
4394
8143
  0.864334 seconds (358.66 k allocations: 351.800 MiB)
9399
  0.958126 seconds (418.96 k allocations: 409.691 MiB)
642
  0.872641 seconds (82.27 k allocations: 82.765 MiB)
  0.876403 seconds (84.54 k allocations: 86.296 MiB)
4395
3143
  0.877961 seconds (89.53 k allocations: 92.510 MiB)
8144
  0.976819 seconds (479.62 k allocations: 473.342 MiB)
1889
  0.925978 seconds (311.57 k allocations: 311.489 MiB)
5641
  0.960191 seconds (518.32 k allocations: 514.412 MiB)
6887
  0.872038 seconds (554.47 k allocations: 548.974 MiB)
9400
  0.866749 seconds (228.41 k allocations: 226.112 MiB)
  0.872794 seconds (248.10 k allocations: 248.935 MiB)
8145
3144
  0.869651 seconds (217.09 k allocations: 216.856 MiB)
643
  0.881311 seconds (261.64 k allocations: 263.412 MiB)
4396
  0.857796 seconds (181.15 k allocations: 182.834 MiB)
5642
  0.872173 seconds (244.49 k allocations: 246.088 MiB)
1890
  0.879887 seconds (471.25 k allocations: 462.027 MiB)
6888
  0.874262 seconds (554.49 k allocations: 549.025 MiB)
9401
  0.880019 seconds (190.25 k allocations: 188.359 MiB)
3145
  0.885438 seconds (206.17 k allocations: 207.436 MiB)
  0.875958 seconds (162.15 k allocations: 162.041 MiB)
8146
4397
  0.886564 seconds (199.46 k allocations: 201.384 MiB)
644
  0.870515 seconds (144.38 k allocations: 146.406 MiB)
5643
  0.891578 seconds (213.12 k allocations: 213.571 MiB)
1891
  0.893355 seconds (304.67 k allocations: 302.601 MiB)
6889
  1.267805 seconds (152.66 k allocations: 147.492 MiB, 32.10% gc time)
9402
  0.867266 seconds (255.91 k allocations: 253.478 MiB)
5644
  0.966965 seconds (230.53 k allocations: 230.595 MiB)
645
  0.959104 seconds (177.32 k allocations: 177.405 MiB)
  0.956721 seconds (171.80 k allocations: 172.117 MiB)
  0.960133 seconds (179.86 k allocations: 182.532 MiB)
4398
8147
1892
  0.954182 seconds (213.05 k allocations: 214.582 MiB)
3146
  0.949156 seconds (297.85 k allocations: 294.676 MiB)
  0.959850 seconds (309.80 k allocations: 307.930 MiB)
9403
6890
  0.851637 seconds (554.49 k allocations: 549.025 MiB)
5645
  0.856646 seconds (222.69 k allocations: 223.086 MiB)
4399
  0.868060 seconds (211.08 k allocations: 210.951 MiB)
  0.870977 seconds (220.72 k allocations: 221.505 MiB)
8148
646
  0.871333 seconds (213.92 k allocations: 215.234 MiB)
1893
  0.867988 seconds (221.37 k allocations: 222.559 MiB)
3147
  0.876197 seconds (316.65 k allocations: 313.908 MiB)
6891
  0.873988 seconds (366.63 k allocations: 361.937 MiB)
9404
  0.866076 seconds (554.50 k allocations: 549.044 MiB)
5646
  0.871928 seconds (328.10 k allocations: 323.955 MiB)
4400
  0.874197 seconds (263.29 k allocations: 262.112 MiB)
647
  0.876463 seconds (209.78 k allocations: 211.093 MiB)
8149
  0.877214 seconds (210.15 k allocations: 210.383 MiB)
1894
  0.886170 seconds (241.35 k allocations: 242.889 MiB)
3148
  0.875595 seconds (264.45 k allocations: 263.978 MiB)
  0.871927 seconds (266.89 k allocations: 265.800 MiB)
6892
9405
  1.242982 seconds (206.27 k allocations: 199.842 MiB, 25.82% gc time)
  1.184077 seconds (54.91 k allocations: 52.553 MiB, 27.10% gc time)
  1.204949 seconds (102.29 k allocations: 99.093 MiB, 26.63% gc time)
  1.363350 seconds (489.19 k allocations: 481.758 MiB, 23.54% gc time)
8150
4401
5647
648
  0.876945 seconds (307.54 k allocations: 300.441 MiB)
6893
  0.872468 seconds (82.70 k allocations: 84.239 MiB)
8151
  0.977338 seconds (436.48 k allocations: 430.294 MiB)
3149
  0.976123 seconds (419.36 k allocations: 414.110 MiB)
1895
  0.958656 seconds (353.60 k allocations: 350.139 MiB)
9406
  0.923956 seconds (250.94 k allocations: 249.637 MiB)
5648
  0.931438 seconds (300.35 k allocations: 298.329 MiB)
4402
  0.938874 seconds (370.82 k allocations: 367.170 MiB)
649
  0.879893 seconds (554.50 k allocations: 549.056 MiB)
6894
  0.876836 seconds (370.54 k allocations: 365.971 MiB)
8152
  0.872042 seconds (283.98 k allocations: 280.717 MiB)
1896
  0.882114 seconds (322.73 k allocations: 320.443 MiB)
3150
  0.871553 seconds (251.75 k allocations: 251.461 MiB)
9407
  0.865944 seconds (253.47 k allocations: 253.297 MiB)
4403
  0.861088 seconds (262.69 k allocations: 261.057 MiB)
650
  0.864847 seconds (274.03 k allocations: 274.541 MiB)
5649
  0.883366 seconds (554.50 k allocations: 549.056 MiB)
6895
  0.867649 seconds (279.02 k allocations: 275.770 MiB)
8153
  0.870125 seconds (250.18 k allocations: 248.361 MiB)
3151
  0.886415 seconds (302.69 k allocations: 301.207 MiB)
1897
  0.869033 seconds (209.95 k allocations: 211.432 MiB)
9408
  0.862474 seconds (198.34 k allocations: 200.521 MiB)
5650
  0.856572 seconds (197.97 k allocations: 200.336 MiB)
4404
  0.872660 seconds (266.45 k allocations: 266.073 MiB)
651
  1.242965 seconds (364.79 k allocations: 358.630 MiB, 22.61% gc time)
  1.151484 seconds (81.03 k allocations: 77.577 MiB, 24.41% gc time)
  1.151242 seconds (80.57 k allocations: 77.143 MiB, 24.42% gc time)
6896
1898
9409
  0.877250 seconds (288.37 k allocations: 283.299 MiB)
8154
  0.879725 seconds (92.15 k allocations: 93.283 MiB)
9410
  0.884032 seconds (96.23 k allocations: 96.129 MiB)
1899
  0.982884 seconds (446.65 k allocations: 441.457 MiB)
3152
  0.944625 seconds (259.06 k allocations: 259.667 MiB)
652
  0.960567 seconds (328.13 k allocations: 328.400 MiB)
4405
  0.943359 seconds (339.95 k allocations: 337.433 MiB)
6897
  0.971771 seconds (427.92 k allocations: 426.708 MiB)
5651
  0.882318 seconds (554.50 k allocations: 549.050 MiB)
8155
  0.873385 seconds (388.98 k allocations: 383.796 MiB)
9411
  0.878231 seconds (350.28 k allocations: 346.086 MiB)
1900
  0.876930 seconds (266.10 k allocations: 264.989 MiB)
3153
  0.870661 seconds (234.49 k allocations: 233.681 MiB)
4406
  0.876357 seconds (257.01 k allocations: 257.880 MiB)
653
  0.878104 seconds (338.81 k allocations: 336.339 MiB)
6898
  0.893034 seconds (428.51 k allocations: 423.582 MiB)
5652
  0.880884 seconds (539.56 k allocations: 533.342 MiB)
8156
  0.890000 seconds (382.69 k allocations: 377.787 MiB)
  0.872245 seconds (293.04 k allocations: 290.721 MiB)
9412
1901
  0.862346 seconds (195.03 k allocations: 195.771 MiB)
4407
  0.872283 seconds (229.79 k allocations: 231.634 MiB)
3154
  0.865070 seconds (186.59 k allocations: 189.280 MiB)
654
  0.885956 seconds (223.50 k allocations: 224.759 MiB)
  0.865829 seconds (203.12 k allocations: 204.514 MiB)
5653
6899
  1.453188 seconds (308.29 k allocations: 302.037 MiB, 40.07% gc time)
8157
  0.879672 seconds (197.31 k allocations: 197.397 MiB)
9413
  0.954719 seconds (167.88 k allocations: 169.404 MiB)
4408
  0.963826 seconds (175.02 k allocations: 177.655 MiB)
5654
  0.964426 seconds (171.73 k allocations: 173.470 MiB)
  0.965785 seconds (175.56 k allocations: 178.478 MiB)
3155
655
  0.971113 seconds (213.22 k allocations: 214.743 MiB)
1902
  0.960161 seconds (207.77 k allocations: 209.723 MiB)
6900
  0.943701 seconds (314.65 k allocations: 312.179 MiB)
8158
  0.874467 seconds (554.50 k allocations: 549.044 MiB)
9414
  0.868409 seconds (237.91 k allocations: 237.684 MiB)
4409
  0.868674 seconds (173.59 k allocations: 175.081 MiB)
656
  0.871382 seconds (175.32 k allocations: 178.121 MiB)
3156
  0.861733 seconds (135.24 k allocations: 138.739 MiB)
5655
  0.882186 seconds (213.20 k allocations: 215.977 MiB)
  0.872736 seconds (188.34 k allocations: 189.728 MiB)
1903
6901
  0.883504 seconds (309.77 k allocations: 307.522 MiB)
8159
  0.875962 seconds (554.49 k allocations: 549.037 MiB)
9415
  0.875738 seconds (264.37 k allocations: 261.755 MiB)
4410
  0.878615 seconds (198.47 k allocations: 200.095 MiB)
3157
  0.892679 seconds (214.70 k allocations: 215.806 MiB)
6902
  0.879962 seconds (170.36 k allocations: 172.340 MiB)
657
  0.885734 seconds (189.86 k allocations: 192.399 MiB)
5656
  0.881705 seconds (194.75 k allocations: 197.252 MiB)
1904
  0.872994 seconds (258.92 k allocations: 258.816 MiB)
8160
  1.637449 seconds (161.26 k allocations: 155.570 MiB, 43.58% gc time)
  1.598765 seconds (63.75 k allocations: 61.035 MiB, 44.64% gc time)
  1.737577 seconds (463.75 k allocations: 454.649 MiB, 41.07% gc time)
3158
4411
9416
  0.906151 seconds (304.18 k allocations: 299.715 MiB)
6903
  0.982888 seconds (362.48 k allocations: 355.709 MiB)
  0.951442 seconds (239.86 k allocations: 237.217 MiB)
658
5657
  0.952506 seconds (236.23 k allocations: 235.209 MiB)
8161
  1.003967 seconds (406.34 k allocations: 401.837 MiB)
1905
  0.939024 seconds (231.72 k allocations: 230.006 MiB)
  0.943549 seconds (233.50 k allocations: 232.937 MiB)
4412
9417
  0.946410 seconds (262.27 k allocations: 262.052 MiB)
3159
  0.876606 seconds (548.81 k allocations: 540.806 MiB)
6904
  0.866623 seconds (316.30 k allocations: 311.444 MiB)
659
  0.864196 seconds (228.88 k allocations: 226.714 MiB)
5658
  0.883011 seconds (313.56 k allocations: 310.391 MiB)
8162
  0.869764 seconds (217.44 k allocations: 218.581 MiB)
1906
  0.863964 seconds (221.58 k allocations: 220.294 MiB)
4413
  0.875859 seconds (254.88 k allocations: 254.768 MiB)
3160
  0.888816 seconds (341.26 k allocations: 338.847 MiB)
9418
  0.873691 seconds (508.71 k allocations: 500.994 MiB)
6905
  0.866921 seconds (252.32 k allocations: 248.970 MiB)
  0.873989 seconds (286.93 k allocations: 284.646 MiB)
5659
660
  0.877238 seconds (239.02 k allocations: 237.848 MiB)
8163
  0.870206 seconds (203.64 k allocations: 204.157 MiB)
1907
  0.876001 seconds (232.03 k allocations: 232.749 MiB)
3161
  0.873411 seconds (237.44 k allocations: 238.115 MiB)
4414
  0.890028 seconds (296.78 k allocations: 295.073 MiB)
9419
  1.260104 seconds (95.59 k allocations: 93.958 MiB, 24.60% gc time)
  1.407157 seconds (336.24 k allocations: 330.901 MiB, 22.03% gc time)
  1.308735 seconds (152.87 k allocations: 149.984 MiB, 23.69% gc time)
  1.179471 seconds (29.53 k allocations: 28.340 MiB, 26.28% gc time)
  1.199575 seconds (45.62 k allocations: 45.275 MiB, 25.84% gc time)
8164
661
6906
5660
1908
  0.867527 seconds (372.83 k allocations: 365.352 MiB)
3162
  0.877898 seconds (85.38 k allocations: 86.802 MiB)
662
  0.938168 seconds (304.67 k allocations: 301.733 MiB)
9420
  0.950988 seconds (353.27 k allocations: 350.874 MiB)
4415
  0.926139 seconds (222.65 k allocations: 223.612 MiB)
5661
  0.934960 seconds (275.74 k allocations: 273.383 MiB)
8165
  0.933876 seconds (300.00 k allocations: 296.766 MiB)
1909
  0.943068 seconds (324.02 k allocations: 323.617 MiB)
6907
  0.870850 seconds (554.50 k allocations: 549.050 MiB)
3163
  0.855660 seconds (305.86 k allocations: 301.452 MiB)
9421
  0.871786 seconds (387.87 k allocations: 382.637 MiB)
663
  0.863804 seconds (299.49 k allocations: 296.946 MiB)
4416
  0.858717 seconds (243.60 k allocations: 242.442 MiB)
8166
  0.873566 seconds (304.09 k allocations: 302.943 MiB)
5662
  0.869683 seconds (324.57 k allocations: 321.481 MiB)
1910
  0.876271 seconds (387.01 k allocations: 383.860 MiB)
6908
  0.889083 seconds (554.49 k allocations: 549.025 MiB)
3164
  0.855599 seconds (366.21 k allocations: 360.620 MiB)
9422
  0.862524 seconds (333.84 k allocations: 328.415 MiB)
4417
  0.873015 seconds (371.11 k allocations: 368.116 MiB)
664
  0.864545 seconds (299.74 k allocations: 296.153 MiB)
  0.869400 seconds (313.21 k allocations: 310.356 MiB)
8167
5663
  1.920753 seconds (321.80 k allocations: 320.049 MiB, 10.18% gc time)
  1.138948 seconds (234.93 k allocations: 232.894 MiB, 17.17% gc time)
  1.081867 seconds (56.68 k allocations: 55.507 MiB, 18.08% gc time)
  1.062247 seconds (2.98 k allocations: 2.882 MiB, 18.41% gc time)
  1.929647 seconds (327.87 k allocations: 327.156 MiB, 10.14% gc time)
1911
9423
6909
3165
4418
  0.869067 seconds (435.49 k allocations: 425.331 MiB)
665
  0.869564 seconds (88.92 k allocations: 92.651 MiB)
9424
  0.874452 seconds (90.31 k allocations: 90.484 MiB)
4419
  0.874897 seconds (94.35 k allocations: 95.746 MiB)
3166
  0.943965 seconds (371.10 k allocations: 369.335 MiB)
8168
  0.942180 seconds (358.90 k allocations: 357.823 MiB)
5664
  0.938979 seconds (362.01 k allocations: 359.774 MiB)
1912
  0.941709 seconds (370.69 k allocations: 369.487 MiB)
6910
  0.860007 seconds (554.49 k allocations: 549.031 MiB)
666
  0.854523 seconds (402.97 k allocations: 398.419 MiB)
9425
  0.855758 seconds (368.40 k allocations: 365.505 MiB)
4420
  0.869428 seconds (400.65 k allocations: 395.164 MiB)
3167
  0.863119 seconds (312.24 k allocations: 309.328 MiB)
5665
  0.877413 seconds (361.27 k allocations: 358.900 MiB)
8169
  0.877110 seconds (377.71 k allocations: 376.014 MiB)
  0.875413 seconds (379.11 k allocations: 377.051 MiB)
1913
6911
  0.869395 seconds (554.49 k allocations: 549.037 MiB)
667
  0.854338 seconds (447.88 k allocations: 442.990 MiB)
9426
  0.867057 seconds (405.40 k allocations: 400.942 MiB)
4421
  0.864341 seconds (388.62 k allocations: 385.053 MiB)
3168
  1.804475 seconds (220.14 k allocations: 219.988 MiB, 8.80% gc time)
  1.786292 seconds (179.06 k allocations: 179.436 MiB, 8.89% gc time)
  1.815700 seconds (262.81 k allocations: 262.041 MiB, 8.75% gc time)
  1.026243 seconds (97.54 k allocations: 96.173 MiB, 15.47% gc time)
  1.782030 seconds (178.46 k allocations: 178.028 MiB, 8.91% gc time)
668
8170
5666
1914
6912
  0.863661 seconds (410.65 k allocations: 401.539 MiB)
9427
  0.878489 seconds (90.87 k allocations: 94.494 MiB)
669
  0.946534 seconds (257.35 k allocations: 257.658 MiB)
3169
  0.949752 seconds (251.01 k allocations: 251.775 MiB)
4422
  0.931930 seconds (177.89 k allocations: 177.097 MiB)
5667
  0.940561 seconds (214.04 k allocations: 214.310 MiB)
1915
  0.945658 seconds (238.46 k allocations: 239.069 MiB)
  0.947134 seconds (245.42 k allocations: 247.067 MiB)
8171
6913
  0.856570 seconds (554.49 k allocations: 549.025 MiB)
9428
  0.875023 seconds (518.39 k allocations: 510.266 MiB)
670
  0.869591 seconds (250.96 k allocations: 250.350 MiB)
3170
  0.865663 seconds (188.20 k allocations: 189.222 MiB)
4423
  0.865649 seconds (193.69 k allocations: 193.434 MiB)
8172
  0.871866 seconds (212.83 k allocations: 214.386 MiB)
1916
  0.884272 seconds (268.21 k allocations: 271.231 MiB)
5668
  0.886752 seconds (328.89 k allocations: 327.031 MiB)
6914
  0.861729 seconds (554.50 k allocations: 549.069 MiB)
9429
  0.888397 seconds (479.61 k allocations: 471.702 MiB)
671
  0.873868 seconds (281.09 k allocations: 279.153 MiB)
3171
  0.867669 seconds (212.88 k allocations: 212.835 MiB)
8173
  0.873146 seconds (229.42 k allocations: 231.291 MiB)
4424
  1.992746 seconds (254.45 k allocations: 254.243 MiB, 19.17% gc time)
  1.250172 seconds (127.31 k allocations: 127.505 MiB, 30.56% gc time)
  1.967794 seconds (211.36 k allocations: 211.830 MiB, 19.42% gc time)
  1.960963 seconds (206.82 k allocations: 206.254 MiB, 19.49% gc time)
1917
5669
9430
6915
  0.873747 seconds (381.53 k allocations: 373.684 MiB)
672
  0.937131 seconds (154.82 k allocations: 156.922 MiB)
8174
  0.939916 seconds (146.03 k allocations: 148.662 MiB)
  0.955688 seconds (222.46 k allocations: 224.459 MiB)
4425
3172
  0.932265 seconds (115.99 k allocations: 120.290 MiB)
9431
  0.942357 seconds (159.06 k allocations: 162.923 MiB)
6916
  0.941717 seconds (177.64 k allocations: 179.647 MiB)
1918
  0.947194 seconds (200.70 k allocations: 203.120 MiB)
5670
  0.862643 seconds (554.49 k allocations: 549.037 MiB)
673
  0.867943 seconds (191.99 k allocations: 193.713 MiB)
8175
  0.862185 seconds (135.27 k allocations: 138.381 MiB)
4426
  0.866635 seconds (143.13 k allocations: 147.308 MiB)
3173
  0.878641 seconds (171.80 k allocations: 172.474 MiB)
  0.886094 seconds (188.88 k allocations: 191.422 MiB)
6917
5671
  0.888083 seconds (199.91 k allocations: 203.425 MiB)
9432
  0.873853 seconds (190.98 k allocations: 193.802 MiB)
1919
  0.872095 seconds (554.49 k allocations: 549.012 MiB)
674
  0.862282 seconds (143.72 k allocations: 146.286 MiB)
4427
  0.862795 seconds (126.78 k allocations: 130.234 MiB)
  0.872243 seconds (168.50 k allocations: 173.965 MiB)
3174
8176
  0.863246 seconds (119.78 k allocations: 125.153 MiB)
  0.856415 seconds (107.82 k allocations: 111.315 MiB)
5672
1920
  0.870718 seconds (190.76 k allocations: 192.183 MiB)
  0.892761 seconds (215.79 k allocations: 219.259 MiB)
9433
6918
  1.234566 seconds (22.44 k allocations: 21.472 MiB, 30.44% gc time)
  1.423995 seconds (326.65 k allocations: 323.667 MiB, 26.39% gc time)
3175
675
  0.862521 seconds (369.87 k allocations: 362.574 MiB)
8177
  0.931451 seconds (124.39 k allocations: 124.133 MiB)
9434
  0.939110 seconds (135.55 k allocations: 137.447 MiB)
  0.976025 seconds (306.41 k allocations: 304.606 MiB)
  0.947516 seconds (166.25 k allocations: 170.218 MiB)
6919
4428
1921
  0.929615 seconds (170.04 k allocations: 172.218 MiB)
3176
  0.961626 seconds (250.41 k allocations: 252.969 MiB)
5673
  0.943262 seconds (308.29 k allocations: 306.101 MiB)
676
  0.873132 seconds (554.49 k allocations: 549.025 MiB)
8178
  0.868304 seconds (221.75 k allocations: 222.201 MiB)
9435
  0.869085 seconds (175.63 k allocations: 175.779 MiB)
  0.876105 seconds (202.37 k allocations: 203.978 MiB)
4429
1922
  0.883475 seconds (229.26 k allocations: 231.168 MiB)
6920
  0.867241 seconds (182.55 k allocations: 184.185 MiB)
3177
  0.872372 seconds (208.70 k allocations: 210.617 MiB)
5674
  0.876119 seconds (321.52 k allocations: 318.775 MiB)
677
  0.872462 seconds (554.50 k allocations: 549.056 MiB)
8179
  0.866566 seconds (274.84 k allocations: 272.991 MiB)
9436
  0.873570 seconds (210.88 k allocations: 211.962 MiB)
1923
  0.876956 seconds (204.86 k allocations: 206.384 MiB)
  0.865102 seconds (158.28 k allocations: 159.846 MiB)
3178
4430
  0.874415 seconds (189.73 k allocations: 193.481 MiB)
6921
  0.864762 seconds (170.38 k allocations: 173.931 MiB)
5675
  0.878725 seconds (374.01 k allocations: 368.962 MiB)
678
  1.207377 seconds (344.30 k allocations: 339.327 MiB, 27.84% gc time)
8180
  0.870084 seconds (270.63 k allocations: 267.568 MiB)
9437
  0.960210 seconds (219.81 k allocations: 217.895 MiB)
4431
  0.956750 seconds (205.34 k allocations: 204.217 MiB)
5676
  0.965940 seconds (227.63 k allocations: 228.198 MiB)
  0.980672 seconds (282.96 k allocations: 284.963 MiB)
1924
6922
  0.952779 seconds (250.23 k allocations: 250.150 MiB)
3179
  0.934646 seconds (254.10 k allocations: 254.070 MiB)
679
  0.938423 seconds (317.58 k allocations: 314.960 MiB)
8181
  0.867601 seconds (554.48 k allocations: 549.005 MiB)
9438
  0.863767 seconds (209.52 k allocations: 210.483 MiB)
4432
  0.870327 seconds (204.46 k allocations: 203.389 MiB)
  0.873330 seconds (213.23 k allocations: 214.356 MiB)
1925
6923
  0.873326 seconds (210.94 k allocations: 212.397 MiB)
5677
  0.865030 seconds (211.84 k allocations: 213.410 MiB)
3180
  0.871582 seconds (290.68 k allocations: 287.842 MiB)
680
  0.875711 seconds (303.97 k allocations: 303.179 MiB)
8182
  0.870796 seconds (554.49 k allocations: 549.031 MiB)
9439
  0.865709 seconds (290.82 k allocations: 288.309 MiB)
4433
  0.869450 seconds (244.97 k allocations: 243.387 MiB)
1926
  0.877881 seconds (267.27 k allocations: 266.119 MiB)
6924
  0.860335 seconds (189.01 k allocations: 190.170 MiB)
5678
  0.870456 seconds (223.90 k allocations: 226.183 MiB)
3181
  0.870272 seconds (269.89 k allocations: 269.170 MiB)
  0.867704 seconds (272.89 k allocations: 272.205 MiB)
8183
681
  1.095088 seconds (86.42 k allocations: 86.406 MiB, 15.03% gc time)
  1.237748 seconds (470.12 k allocations: 464.640 MiB, 13.29% gc time)
  1.082476 seconds (51.48 k allocations: 50.537 MiB, 15.20% gc time)
  1.072093 seconds (37.95 k allocations: 40.422 MiB, 15.35% gc time)
  1.083997 seconds (57.47 k allocations: 60.354 MiB, 15.18% gc time)
4434
6925
3182
9440
1927
  0.881591 seconds (358.03 k allocations: 351.191 MiB)
8184
  0.875976 seconds (129.23 k allocations: 127.542 MiB)
3183
  0.883152 seconds (144.13 k allocations: 143.203 MiB)
6926
  0.964490 seconds (438.11 k allocations: 432.037 MiB)
682
  0.950387 seconds (382.68 k allocations: 379.194 MiB)
5679
  0.936665 seconds (391.68 k allocations: 385.540 MiB)
4435
  1.238422 seconds (475.28 k allocations: 470.609 MiB)
9441
  1.354155 seconds (557.06 k allocations: 552.741 MiB)
1928
  0.882982 seconds (513.30 k allocations: 506.831 MiB)
8185
  0.861038 seconds (318.61 k allocations: 316.479 MiB)
3184
  0.877138 seconds (346.53 k allocations: 343.327 MiB)
6927
  0.866420 seconds (305.33 k allocations: 304.082 MiB)
  0.860767 seconds (293.49 k allocations: 292.077 MiB)
683
5680
  0.874477 seconds (497.27 k allocations: 490.562 MiB)
4436
  0.877197 seconds (554.47 k allocations: 548.948 MiB)
9442
  0.873203 seconds (554.47 k allocations: 548.955 MiB)
1929
  0.890056 seconds (434.63 k allocations: 428.658 MiB)
8186
  0.875846 seconds (332.36 k allocations: 330.961 MiB)
3185
  0.869598 seconds (269.86 k allocations: 268.703 MiB)
5681
  0.864672 seconds (261.29 k allocations: 260.700 MiB)
684
  0.874053 seconds (285.02 k allocations: 286.059 MiB)
6928
  0.875293 seconds (401.44 k allocations: 396.418 MiB)
4437
  2.138475 seconds (411.77 k allocations: 407.512 MiB, 31.43% gc time)
  2.023479 seconds (332.84 k allocations: 329.378 MiB, 33.21% gc time)
  1.626757 seconds (75.14 k allocations: 75.448 MiB, 41.31% gc time)
9443
1930
8187
  0.877724 seconds (285.48 k allocations: 280.558 MiB)
3186
  0.987941 seconds (459.67 k allocations: 455.309 MiB)
685
  0.961829 seconds (331.41 k allocations: 327.306 MiB)
5682
  0.972288 seconds (337.41 k allocations: 333.214 MiB)
6929
  0.943218 seconds (257.51 k allocations: 255.738 MiB)
1931
  0.940890 seconds (304.61 k allocations: 300.980 MiB)
  0.941592 seconds (305.86 k allocations: 302.456 MiB)
8188
9444
  0.978412 seconds (414.92 k allocations: 413.021 MiB)
4438
  0.867606 seconds (554.50 k allocations: 549.056 MiB)
3187
  0.871246 seconds (419.96 k allocations: 416.089 MiB)
686
  0.866345 seconds (388.49 k allocations: 383.342 MiB)
5683
  0.885955 seconds (362.77 k allocations: 357.487 MiB)
6930
  0.872042 seconds (270.34 k allocations: 269.230 MiB)
1932
  0.869043 seconds (278.54 k allocations: 276.025 MiB)
9445
  0.878591 seconds (304.77 k allocations: 304.988 MiB)
8189
  0.870418 seconds (329.46 k allocations: 328.783 MiB)
4439
  0.863833 seconds (554.49 k allocations: 549.012 MiB)
3188
  0.866017 seconds (438.11 k allocations: 432.034 MiB)
687
  0.866308 seconds (406.84 k allocations: 400.909 MiB)
5684
  0.875453 seconds (305.92 k allocations: 303.098 MiB)
6931
  0.872208 seconds (273.71 k allocations: 272.454 MiB)
1933
  0.868943 seconds (255.81 k allocations: 255.532 MiB)
8190
  0.864195 seconds (256.15 k allocations: 256.034 MiB)
  0.880113 seconds (273.01 k allocations: 275.993 MiB)
4440
9446
  1.363244 seconds (408.29 k allocations: 403.025 MiB, 23.46% gc time)
  1.255173 seconds (245.62 k allocations: 240.497 MiB, 25.48% gc time)
  1.179509 seconds (98.64 k allocations: 94.614 MiB, 27.12% gc time)
3189
688
5685
  0.875018 seconds (348.66 k allocations: 342.240 MiB)
4441
  0.866158 seconds (104.78 k allocations: 105.363 MiB)
5686
  0.967049 seconds (417.53 k allocations: 410.927 MiB)
6932
  0.941466 seconds (256.59 k allocations: 254.670 MiB)
  0.943281 seconds (262.23 k allocations: 261.414 MiB)
  0.948906 seconds (282.76 k allocations: 283.634 MiB)
9447
8191
1934
  0.926866 seconds (287.26 k allocations: 285.768 MiB)
689
  0.930067 seconds (309.16 k allocations: 308.149 MiB)
3190
  0.866746 seconds (554.49 k allocations: 549.031 MiB)
4442
  0.873381 seconds (487.76 k allocations: 479.562 MiB)
5687
  0.876335 seconds (298.75 k allocations: 296.062 MiB)
6933
  0.866164 seconds (203.02 k allocations: 202.198 MiB)
  0.867933 seconds (208.00 k allocations: 207.383 MiB)
8192
1935
  0.871091 seconds (221.82 k allocations: 222.973 MiB)
9448
  0.860343 seconds (246.95 k allocations: 247.207 MiB)
3191
  0.865317 seconds (258.03 k allocations: 260.451 MiB)
690
  0.870203 seconds (554.50 k allocations: 549.050 MiB)
4443
  0.862857 seconds (469.68 k allocations: 462.253 MiB)
5688
  0.872791 seconds (201.88 k allocations: 203.345 MiB)
  0.867571 seconds (160.33 k allocations: 162.268 MiB)
6934
8193
  0.872186 seconds (167.71 k allocations: 171.043 MiB)
1936
  0.871266 seconds (167.24 k allocations: 170.738 MiB)
9449
  0.854146 seconds (154.90 k allocations: 157.899 MiB)
3192
  0.864504 seconds (204.54 k allocations: 206.804 MiB)
691
  1.053245 seconds (234.77 k allocations: 233.234 MiB, 17.80% gc time)
4444
  0.882679 seconds (264.20 k allocations: 261.418 MiB)
5689
  0.880876 seconds (79.21 k allocations: 78.441 MiB)
4445
  0.957572 seconds (224.94 k allocations: 224.197 MiB)
  0.959825 seconds (232.12 k allocations: 231.117 MiB)
  0.962393 seconds (240.51 k allocations: 241.687 MiB)
9450
1937
8194
  0.933320 seconds (139.52 k allocations: 144.229 MiB)
3193
  0.936263 seconds (195.20 k allocations: 197.690 MiB)
  0.951113 seconds (224.85 k allocations: 229.331 MiB)
692
6935
  0.875446 seconds (554.50 k allocations: 549.056 MiB)
5690
  0.883325 seconds (280.98 k allocations: 278.875 MiB)
4446
  0.872221 seconds (114.82 k allocations: 117.616 MiB)
  0.870110 seconds (109.09 k allocations: 111.240 MiB)
1938
3194
  0.892230 seconds (191.98 k allocations: 196.702 MiB)
9451
  0.872906 seconds (132.56 k allocations: 135.120 MiB)
  0.878256 seconds (140.35 k allocations: 145.137 MiB)
693
  0.890997 seconds (178.37 k allocations: 186.235 MiB)
6936
8195
  0.859754 seconds (554.49 k allocations: 549.018 MiB)
5691
  0.854902 seconds (103.89 k allocations: 105.721 MiB)
3195
  0.870022 seconds (179.07 k allocations: 182.754 MiB)
4447
  0.863664 seconds (113.60 k allocations: 114.149 MiB)
  0.874974 seconds (140.85 k allocations: 143.941 MiB)
6937
694
  0.869203 seconds (129.56 k allocations: 132.228 MiB)
  0.869105 seconds (131.48 k allocations: 134.775 MiB)
8196
  0.878742 seconds (157.08 k allocations: 164.076 MiB)
1939
9452
  1.115572 seconds (286.60 k allocations: 284.129 MiB, 21.29% gc time)
5692
  0.863175 seconds (292.89 k allocations: 288.861 MiB)
3196
  0.891409 seconds (79.22 k allocations: 78.447 MiB)
5693
  0.980975 seconds (335.38 k allocations: 332.334 MiB)
  0.934453 seconds (127.30 k allocations: 129.689 MiB)
6938
  0.934923 seconds (128.20 k allocations: 130.843 MiB)
695
1940
  0.934720 seconds (160.49 k allocations: 163.060 MiB)
9453
  0.950899 seconds (202.92 k allocations: 208.746 MiB)
  0.953565 seconds (214.20 k allocations: 220.320 MiB)
4448
8197
  0.864863 seconds (554.50 k allocations: 549.050 MiB)
3197
  0.860178 seconds (126.53 k allocations: 128.624 MiB)
  0.859522 seconds (120.17 k allocations: 123.901 MiB)
696
1941
  0.864250 seconds (121.18 k allocations: 125.058 MiB)
5694
  0.874415 seconds (161.73 k allocations: 166.518 MiB)
6939
  0.864405 seconds (131.08 k allocations: 133.682 MiB)
4449
  0.869867 seconds (147.63 k allocations: 153.390 MiB)
  0.867739 seconds (151.40 k allocations: 155.895 MiB)
9454
8198
  0.867814 seconds (554.49 k allocations: 549.037 MiB)
3198
  0.859184 seconds (223.20 k allocations: 222.347 MiB)
697
  0.871244 seconds (229.94 k allocations: 230.215 MiB)
1942
  0.874930 seconds (197.25 k allocations: 199.116 MiB)
  0.873072 seconds (193.32 k allocations: 194.246 MiB)
6940
4450
  0.876338 seconds (214.07 k allocations: 215.579 MiB)
9455
  0.871874 seconds (248.09 k allocations: 248.312 MiB)
8199
  1.164595 seconds (329.22 k allocations: 325.941 MiB, 17.75% gc time)
  1.070143 seconds (68.64 k allocations: 66.922 MiB, 19.32% gc time)
  1.919031 seconds (408.75 k allocations: 404.655 MiB, 10.77% gc time)
3199
698
5695
  0.871044 seconds (375.65 k allocations: 368.157 MiB)
1943
  0.873949 seconds (79.22 k allocations: 78.447 MiB)
699
  0.875691 seconds (80.24 k allocations: 80.835 MiB)
3200
  0.957512 seconds (320.96 k allocations: 318.743 MiB)
4451
  0.961478 seconds (335.07 k allocations: 333.620 MiB)
6941
  0.931924 seconds (237.86 k allocations: 239.573 MiB)
8200
  0.962051 seconds (360.54 k allocations: 359.591 MiB)
9456
  0.930336 seconds (306.78 k allocations: 307.108 MiB)
5696
  0.869037 seconds (554.50 k allocations: 549.044 MiB)
1944
  0.862661 seconds (320.26 k allocations: 316.449 MiB)
700
  0.867819 seconds (308.53 k allocations: 305.415 MiB)
3201
  0.857930 seconds (176.75 k allocations: 177.036 MiB)
8201
  0.874398 seconds (239.58 k allocations: 241.001 MiB)
4452
  0.876313 seconds (251.48 k allocations: 252.574 MiB)
6942
  0.872673 seconds (272.42 k allocations: 271.582 MiB)
9457
  0.872289 seconds (334.65 k allocations: 332.537 MiB)
5697
  0.871170 seconds (554.50 k allocations: 549.044 MiB)
1945
  0.865996 seconds (376.33 k allocations: 371.220 MiB)
701
  0.863244 seconds (329.93 k allocations: 325.895 MiB)
3202
  0.867225 seconds (206.41 k allocations: 207.862 MiB)
8202
  0.867485 seconds (183.17 k allocations: 185.821 MiB)
4453
  0.875138 seconds (206.98 k allocations: 208.796 MiB)
  0.860362 seconds (184.60 k allocations: 186.272 MiB)
6943
5698
  0.870867 seconds (211.35 k allocations: 214.553 MiB)
9458
  1.023620 seconds (312.35 k allocations: 309.994 MiB, 15.07% gc time)
1946
  0.865692 seconds (314.37 k allocations: 309.474 MiB)
8203
  0.878579 seconds (79.22 k allocations: 78.454 MiB)
1947
  0.977929 seconds (329.43 k allocations: 326.651 MiB)
4454
  0.953086 seconds (215.40 k allocations: 216.488 MiB)
3203
  0.946605 seconds (195.88 k allocations: 197.983 MiB)
702
  0.975626 seconds (309.27 k allocations: 310.351 MiB)
6944
  0.934057 seconds (197.46 k allocations: 199.854 MiB)
9459
  0.951147 seconds (338.72 k allocations: 336.432 MiB)
5699
  0.872678 seconds (554.49 k allocations: 549.031 MiB)
8204
  0.867872 seconds (223.95 k allocations: 223.065 MiB)
4455
  0.866235 seconds (188.22 k allocations: 189.083 MiB)
  0.877264 seconds (247.03 k allocations: 249.140 MiB)
3204
1948
  0.866616 seconds (186.27 k allocations: 188.783 MiB)
703
  0.869856 seconds (226.30 k allocations: 227.276 MiB)
9460
  0.864504 seconds (239.66 k allocations: 239.034 MiB)
5700
  0.879389 seconds (324.50 k allocations: 321.610 MiB)
6945
  0.868987 seconds (554.50 k allocations: 549.056 MiB)
8205
  0.851686 seconds (219.80 k allocations: 219.090 MiB)
3205
  0.879658 seconds (277.48 k allocations: 276.939 MiB)
4456
  0.865598 seconds (195.40 k allocations: 197.322 MiB)
704
  0.867843 seconds (200.28 k allocations: 202.189 MiB)
1949
  0.865712 seconds (201.66 k allocations: 203.684 MiB)
5701
  0.871832 seconds (263.25 k allocations: 262.841 MiB)
9461
  0.875302 seconds (382.46 k allocations: 377.077 MiB)
6946
  1.336909 seconds (65.58 k allocations: 62.762 MiB, 35.12% gc time)
  1.343578 seconds (86.08 k allocations: 84.864 MiB, 34.95% gc time)
  1.337204 seconds (66.24 k allocations: 63.359 MiB, 35.11% gc time)
  1.481136 seconds (400.86 k allocations: 397.173 MiB, 31.70% gc time)
4457
705
8206
3206
  0.859948 seconds (370.87 k allocations: 363.491 MiB)
5702
  0.941070 seconds (296.93 k allocations: 294.122 MiB)
1950
  0.956881 seconds (271.42 k allocations: 269.893 MiB)
9462
  0.926336 seconds (147.74 k allocations: 150.472 MiB)
706
  0.951429 seconds (242.10 k allocations: 243.446 MiB)
6947
  0.931494 seconds (186.58 k allocations: 188.037 MiB)
4458
  0.934750 seconds (209.20 k allocations: 211.075 MiB)
8207
  0.926724 seconds (219.69 k allocations: 221.317 MiB)
3207
  0.872128 seconds (554.50 k allocations: 549.056 MiB)
5703
  0.870602 seconds (385.83 k allocations: 379.229 MiB)
1951
  0.863939 seconds (178.78 k allocations: 180.010 MiB)
707
  0.873418 seconds (207.95 k allocations: 210.594 MiB)
9463
  0.875532 seconds (208.71 k allocations: 210.274 MiB)
  0.866510 seconds (178.94 k allocations: 180.692 MiB)
  0.862523 seconds (176.24 k allocations: 176.870 MiB)
6948
3208
4459
  0.883785 seconds (301.12 k allocations: 300.456 MiB)
8208
  0.874105 seconds (554.49 k allocations: 549.037 MiB)
5704
  0.869720 seconds (398.09 k allocations: 389.707 MiB)
1952
  0.873625 seconds (250.34 k allocations: 249.710 MiB)
708
  0.872247 seconds (194.64 k allocations: 196.565 MiB)
  0.871776 seconds (190.77 k allocations: 193.016 MiB)
4460
9464
  0.865808 seconds (194.12 k allocations: 195.242 MiB)
3209
  0.865356 seconds (210.67 k allocations: 211.239 MiB)
8209
  0.878173 seconds (254.00 k allocations: 254.147 MiB)
6949
  1.230854 seconds (106.37 k allocations: 101.904 MiB, 28.60% gc time)
  1.304966 seconds (287.05 k allocations: 284.362 MiB, 26.98% gc time)
1953
5705
  0.863715 seconds (299.78 k allocations: 295.443 MiB)
709
  0.949642 seconds (242.67 k allocations: 242.238 MiB)
9465
  0.946227 seconds (171.33 k allocations: 174.110 MiB)
  0.916331 seconds (101.90 k allocations: 103.166 MiB)
  0.939447 seconds (145.80 k allocations: 148.242 MiB)
4461
5706
3210
  0.943979 seconds (176.81 k allocations: 179.937 MiB)
8210
  0.952399 seconds (211.33 k allocations: 215.598 MiB)
6950
  0.934181 seconds (257.12 k allocations: 257.148 MiB)
1954
  0.866569 seconds (554.50 k allocations: 549.044 MiB)
710
  0.872540 seconds (246.51 k allocations: 245.897 MiB)
9466
  0.866999 seconds (141.82 k allocations: 144.656 MiB)
  0.867032 seconds (138.86 k allocations: 141.972 MiB)
4462
3211
  0.871936 seconds (155.84 k allocations: 159.669 MiB)
5707
  0.873776 seconds (173.63 k allocations: 176.886 MiB)
8211
  0.873268 seconds (192.62 k allocations: 195.228 MiB)
6951
  0.872699 seconds (262.06 k allocations: 261.858 MiB)
1955
  0.864413 seconds (554.50 k allocations: 549.056 MiB)
711
  0.858124 seconds (146.21 k allocations: 146.211 MiB)
5708
  0.865254 seconds (171.50 k allocations: 173.050 MiB)
  0.874618 seconds (235.18 k allocations: 237.806 MiB)
4463
  0.866160 seconds (169.51 k allocations: 173.905 MiB)
9467
3212
  0.869865 seconds (192.13 k allocations: 194.553 MiB)
8212
  0.873384 seconds (255.36 k allocations: 255.243 MiB)
6952
  0.877913 seconds (322.15 k allocations: 319.319 MiB)
1956
  1.029399 seconds (11.75 k allocations: 12.492 MiB, 15.55% gc time)
  1.165733 seconds (351.95 k allocations: 349.097 MiB, 13.73% gc time)
712
4464
  0.861069 seconds (354.35 k allocations: 347.773 MiB)
3213
  0.874143 seconds (81.35 k allocations: 81.707 MiB)
713
  0.878365 seconds (90.14 k allocations: 90.304 MiB)
4465
  0.954519 seconds (303.82 k allocations: 302.292 MiB)
9468
  0.967297 seconds (353.58 k allocations: 351.355 MiB)
8213
  0.953031 seconds (309.34 k allocations: 307.964 MiB)
6953
  0.953803 seconds (320.02 k allocations: 319.587 MiB)
5709
  0.941648 seconds (398.09 k allocations: 395.715 MiB)
1957
  0.865799 seconds (554.50 k allocations: 549.050 MiB)
3214
  0.865101 seconds (318.46 k allocations: 314.767 MiB)
714
  0.869404 seconds (275.54 k allocations: 273.856 MiB)
4466
  0.867760 seconds (227.16 k allocations: 227.726 MiB)
9469
  0.876216 seconds (240.40 k allocations: 240.545 MiB)
8214
  0.870620 seconds (231.44 k allocations: 230.980 MiB)
5710
  0.876413 seconds (252.57 k allocations: 253.831 MiB)
6954
  0.880859 seconds (416.87 k allocations: 411.196 MiB)
1958
  0.872425 seconds (554.49 k allocations: 549.018 MiB)
3215
  0.870364 seconds (303.06 k allocations: 301.394 MiB)
4467
  0.866987 seconds (219.16 k allocations: 218.688 MiB)
715
  0.875862 seconds (251.43 k allocations: 252.180 MiB)
9470
  0.862893 seconds (156.28 k allocations: 158.859 MiB)
5711
  0.871961 seconds (184.68 k allocations: 188.669 MiB)
8215
  0.870919 seconds (187.35 k allocations: 190.183 MiB)
6955
  0.873703 seconds (302.95 k allocations: 300.976 MiB)
1959
  1.220699 seconds (394.41 k allocations: 387.270 MiB, 28.28% gc time)
3216
  0.869458 seconds (165.64 k allocations: 165.847 MiB)
1960
  0.962903 seconds (212.64 k allocations: 212.243 MiB)
5712
  0.978886 seconds (271.81 k allocations: 272.716 MiB)
6956
  0.974537 seconds (231.65 k allocations: 232.024 MiB)
  0.962862 seconds (198.57 k allocations: 200.505 MiB)
9471
8216
  0.946740 seconds (182.93 k allocations: 184.569 MiB)
716
  0.957464 seconds (204.99 k allocations: 208.276 MiB)
4468
  0.932961 seconds (281.10 k allocations: 280.067 MiB)
3217
  0.871577 seconds (554.50 k allocations: 549.050 MiB)
1961
  0.862570 seconds (177.91 k allocations: 179.018 MiB)
5713
  0.879658 seconds (274.40 k allocations: 273.976 MiB)
6957
  0.855584 seconds (116.66 k allocations: 119.516 MiB)
717
  0.869932 seconds (164.95 k allocations: 168.360 MiB)
  0.870895 seconds (168.73 k allocations: 172.261 MiB)
8217
9472
  0.868281 seconds (173.00 k allocations: 176.412 MiB)
4469
  0.856960 seconds (243.51 k allocations: 244.101 MiB)
3218
  0.861328 seconds (554.49 k allocations: 549.031 MiB)
1962
  0.863573 seconds (219.12 k allocations: 219.661 MiB)
718
  0.869470 seconds (174.80 k allocations: 177.441 MiB)
8218
  0.867456 seconds (135.94 k allocations: 137.989 MiB)
  0.869151 seconds (140.30 k allocations: 143.550 MiB)
9473
  0.874300 seconds (158.88 k allocations: 165.086 MiB)
6958
  0.856289 seconds (131.38 k allocations: 135.293 MiB)
5714
3219
  0.870841 seconds (156.21 k allocations: 161.720 MiB)
4470
  1.443253 seconds (118.78 k allocations: 118.603 MiB, 30.62% gc time)
  1.636435 seconds (501.37 k allocations: 495.695 MiB, 27.00% gc time)
  1.421753 seconds (95.73 k allocations: 95.279 MiB, 31.08% gc time)
  1.368990 seconds (42.73 k allocations: 43.322 MiB, 32.28% gc time)
  1.337481 seconds (10.98 k allocations: 10.540 MiB, 33.04% gc time)
  1.346995 seconds (21.68 k allocations: 28.783 MiB, 32.81% gc time)
9474
1963
719
4471
6959
8219
  0.867297 seconds (409.64 k allocations: 400.598 MiB)
3220
  0.952569 seconds (396.31 k allocations: 389.238 MiB)
5715
  0.932887 seconds (158.34 k allocations: 161.661 MiB)
720
  0.932438 seconds (150.31 k allocations: 151.746 MiB)
9475
  0.934842 seconds (162.14 k allocations: 164.447 MiB)
1964
  0.939410 seconds (180.97 k allocations: 183.874 MiB)
  0.934173 seconds (177.61 k allocations: 180.782 MiB)
6960
4472
  0.937628 seconds (231.31 k allocations: 232.419 MiB)
8220
  0.863359 seconds (554.49 k allocations: 549.012 MiB)
3221
  0.864150 seconds (436.69 k allocations: 427.881 MiB)
5716
  0.854842 seconds (172.31 k allocations: 173.839 MiB)
9476
  0.871309 seconds (233.78 k allocations: 235.308 MiB)
721
  0.870404 seconds (216.66 k allocations: 217.880 MiB)
1965
  0.859948 seconds (216.18 k allocations: 215.142 MiB)
8221
  0.876630 seconds (253.72 k allocations: 256.152 MiB)
6961
  0.878601 seconds (292.75 k allocations: 293.651 MiB)
4473
  0.865578 seconds (554.50 k allocations: 549.044 MiB)
3222
  0.873132 seconds (481.29 k allocations: 473.262 MiB)
5717
  0.864813 seconds (268.77 k allocations: 267.373 MiB)
9477
  0.871090 seconds (196.32 k allocations: 197.005 MiB)
1966
  0.872879 seconds (198.77 k allocations: 200.752 MiB)
722
  0.875218 seconds (191.46 k allocations: 193.936 MiB)
  0.871273 seconds (184.88 k allocations: 187.156 MiB)
  0.867929 seconds (183.17 k allocations: 184.323 MiB)
4474
6962
8222
  1.109522 seconds (292.48 k allocations: 290.973 MiB, 21.58% gc time)
3223
  0.879631 seconds (225.15 k allocations: 222.817 MiB)
4475
  0.980033 seconds (420.68 k allocations: 415.212 MiB)
5718
  0.880374 seconds (86.57 k allocations: 86.910 MiB)
3224
  0.940521 seconds (178.02 k allocations: 179.491 MiB)
1967
  0.956225 seconds (230.41 k allocations: 231.057 MiB)
9478
  0.968372 seconds (275.28 k allocations: 277.852 MiB)
723
  0.968044 seconds (319.26 k allocations: 317.636 MiB)
6963
  0.961813 seconds (358.06 k allocations: 354.963 MiB)
8223
  0.871538 seconds (554.50 k allocations: 549.069 MiB)
4476
  0.865276 seconds (291.40 k allocations: 287.607 MiB)
3225
  0.888529 seconds (328.33 k allocations: 325.576 MiB)
5719
  0.882248 seconds (263.05 k allocations: 262.091 MiB)
1968
  0.865860 seconds (187.38 k allocations: 189.836 MiB)
9479
  0.872833 seconds (251.71 k allocations: 250.367 MiB)
8224
  0.888733 seconds (291.74 k allocations: 291.297 MiB)
724
  0.875021 seconds (307.14 k allocations: 304.997 MiB)
6964
  0.890285 seconds (554.49 k allocations: 549.037 MiB)
4477
  0.869329 seconds (330.45 k allocations: 325.026 MiB)
3226
  0.873220 seconds (254.26 k allocations: 252.300 MiB)
5720
  0.868599 seconds (236.89 k allocations: 235.855 MiB)
9480
  0.890019 seconds (298.04 k allocations: 298.209 MiB)
1969
  2.235289 seconds (293.47 k allocations: 290.375 MiB, 22.51% gc time)
  2.239920 seconds (295.82 k allocations: 293.852 MiB, 22.46% gc time)
  1.419823 seconds (131.78 k allocations: 132.836 MiB, 35.43% gc time)
  1.982539 seconds (219.19 k allocations: 220.738 MiB, 25.38% gc time)
725
4478
6965
8225
  0.877471 seconds (124.68 k allocations: 125.440 MiB)
726
  0.950482 seconds (196.66 k allocations: 195.744 MiB)
9481
  0.937964 seconds (141.60 k allocations: 141.978 MiB)
  0.983987 seconds (355.31 k allocations: 351.988 MiB)
5721
3227
  0.948569 seconds (170.40 k allocations: 174.826 MiB)
1970
  0.947827 seconds (184.12 k allocations: 186.932 MiB)
4479
  0.952764 seconds (235.59 k allocations: 236.360 MiB)
8226
  0.953281 seconds (338.20 k allocations: 334.750 MiB)
6966
  0.889157 seconds (538.75 k allocations: 528.405 MiB)
727
  0.868644 seconds (215.74 k allocations: 213.988 MiB)
9482
  0.870621 seconds (213.63 k allocations: 212.151 MiB)
  0.874976 seconds (227.27 k allocations: 227.394 MiB)
1971
3228
  0.868887 seconds (211.29 k allocations: 211.485 MiB)
4480
  0.867738 seconds (321.96 k allocations: 318.805 MiB)
8227
  0.871328 seconds (385.85 k allocations: 380.112 MiB)
5722
  0.876997 seconds (426.69 k allocations: 423.060 MiB)
6967
  0.874114 seconds (476.85 k allocations: 469.103 MiB)
728
  0.855127 seconds (244.22 k allocations: 241.412 MiB)
9483
  0.869928 seconds (283.18 k allocations: 282.553 MiB)
3229
  0.866729 seconds (262.59 k allocations: 259.160 MiB)
4481
  0.879422 seconds (291.16 k allocations: 290.560 MiB)
1972
  1.105807 seconds (130.01 k allocations: 132.663 MiB, 19.23% gc time)
  1.105911 seconds (130.55 k allocations: 133.227 MiB, 19.23% gc time)
  1.087941 seconds (117.13 k allocations: 119.205 MiB, 19.55% gc time)
8228
6968
5723
  0.873861 seconds (387.72 k allocations: 379.613 MiB)
729
  0.870262 seconds (197.16 k allocations: 197.433 MiB)
9484
  0.867407 seconds (137.32 k allocations: 137.903 MiB)
4482
  0.887442 seconds (195.95 k allocations: 196.641 MiB)
3230
  0.889509 seconds (203.06 k allocations: 204.849 MiB)
1973
  0.879832 seconds (193.57 k allocations: 194.717 MiB)
  0.881620 seconds (199.79 k allocations: 202.044 MiB)
8229
6969
  0.889720 seconds (305.84 k allocations: 303.751 MiB)
5724
  0.867409 seconds (516.56 k allocations: 509.943 MiB)
730
  0.853636 seconds (228.81 k allocations: 226.503 MiB)
4483
  0.872245 seconds (361.22 k allocations: 355.826 MiB)
9485
  0.866443 seconds (207.68 k allocations: 207.854 MiB)
1974
  0.870170 seconds (221.47 k allocations: 222.453 MiB)
3231
  0.871145 seconds (244.34 k allocations: 243.327 MiB)
6970
  0.876555 seconds (274.08 k allocations: 273.193 MiB)
8230
  0.871512 seconds (325.73 k allocations: 324.009 MiB)
5725
  0.877819 seconds (504.16 k allocations: 498.077 MiB)
731
  0.871434 seconds (333.08 k allocations: 326.319 MiB)
  0.870732 seconds (323.45 k allocations: 317.996 MiB)
4484
9486
  0.870084 seconds (223.69 k allocations: 221.941 MiB)
  0.876320 seconds (247.74 k allocations: 247.035 MiB)
3232
1975
  0.868485 seconds (241.47 k allocations: 240.549 MiB)
8231
  2.357421 seconds (224.75 k allocations: 224.729 MiB, 28.38% gc time)
  1.549484 seconds (43.01 k allocations: 42.590 MiB, 43.17% gc time)
  2.415452 seconds (266.40 k allocations: 267.043 MiB, 27.70% gc time)
732
6971
5726
  0.867607 seconds (413.01 k allocations: 403.818 MiB)
4485
  0.963076 seconds (355.66 k allocations: 350.333 MiB)
9487
  0.943113 seconds (132.38 k allocations: 133.156 MiB)
  0.948738 seconds (146.70 k allocations: 151.401 MiB)
5727
1976
  0.952428 seconds (140.54 k allocations: 143.770 MiB)
3233
  0.951133 seconds (147.97 k allocations: 151.085 MiB)
6972
  0.960119 seconds (168.49 k allocations: 173.328 MiB)
  0.946251 seconds (162.39 k allocations: 166.423 MiB)
8232
733
  0.865176 seconds (554.50 k allocations: 549.063 MiB)
4486
  0.861771 seconds (409.76 k allocations: 402.106 MiB)
9488
  0.859793 seconds (146.52 k allocations: 146.708 MiB)
  0.866814 seconds (169.82 k allocations: 171.474 MiB)
  0.866540 seconds (166.84 k allocations: 170.843 MiB)
8233
3234
1977
  0.863446 seconds (166.93 k allocations: 169.207 MiB)
5728
  0.878897 seconds (229.88 k allocations: 232.102 MiB)
  0.870155 seconds (224.85 k allocations: 225.387 MiB)
734
6973
  0.858143 seconds (554.49 k allocations: 549.031 MiB)
4487
  0.870985 seconds (463.12 k allocations: 453.176 MiB)
9489
  0.870059 seconds (179.64 k allocations: 179.620 MiB)
8234
  0.875572 seconds (189.97 k allocations: 190.895 MiB)
  0.858781 seconds (147.88 k allocations: 148.915 MiB)
3235
5729
  0.880000 seconds (195.46 k allocations: 198.987 MiB)
1978
  0.883075 seconds (198.80 k allocations: 201.139 MiB)
735
  0.879175 seconds (212.02 k allocations: 213.957 MiB)
6974
  1.389696 seconds (330.49 k allocations: 327.334 MiB, 28.17% gc time)
  1.245718 seconds (144.10 k allocations: 137.874 MiB, 31.43% gc time)
4488
9490
  0.867107 seconds (276.85 k allocations: 273.516 MiB)
8235
  0.959181 seconds (250.50 k allocations: 249.700 MiB)
3236
  0.948702 seconds (178.64 k allocations: 179.900 MiB)
736
  0.961040 seconds (211.35 k allocations: 212.604 MiB)
1979
  0.958346 seconds (212.63 k allocations: 212.801 MiB)
5730
  0.930235 seconds (166.62 k allocations: 167.723 MiB)
  0.961741 seconds (224.98 k allocations: 226.662 MiB)
9491
6975
  0.933751 seconds (205.05 k allocations: 207.332 MiB)
4489
  0.874206 seconds (554.50 k allocations: 549.056 MiB)
8236
  0.866006 seconds (261.79 k allocations: 260.491 MiB)
3237
  0.868448 seconds (171.80 k allocations: 173.359 MiB)
  0.879573 seconds (242.00 k allocations: 241.730 MiB)
1980
737
  0.862810 seconds (134.32 k allocations: 137.842 MiB)
9492
  0.865210 seconds (176.06 k allocations: 176.743 MiB)
  0.869864 seconds (180.19 k allocations: 181.964 MiB)
  0.873304 seconds (190.96 k allocations: 196.170 MiB)
4490
6976
5731
  0.872006 seconds (554.49 k allocations: 549.025 MiB)
8237
  0.868192 seconds (300.52 k allocations: 297.561 MiB)
3238
  0.867676 seconds (177.01 k allocations: 179.560 MiB)
1981
  0.865980 seconds (153.56 k allocations: 156.089 MiB)
  0.870904 seconds (175.53 k allocations: 178.898 MiB)
738
9493
  0.860672 seconds (133.28 k allocations: 138.271 MiB)
4491
  0.860105 seconds (144.03 k allocations: 147.518 MiB)
5732
  0.875014 seconds (238.90 k allocations: 239.698 MiB)
6977
  1.404072 seconds (496.43 k allocations: 489.790 MiB, 26.62% gc time)
  1.275582 seconds (119.02 k allocations: 117.562 MiB, 29.30% gc time)
  1.234883 seconds (64.33 k allocations: 61.564 MiB, 30.27% gc time)
  1.272146 seconds (110.93 k allocations: 108.831 MiB, 29.38% gc time)
  1.253112 seconds (77.90 k allocations: 76.266 MiB, 29.83% gc time)
8238
3239
739
6978
5733
  0.869378 seconds (339.11 k allocations: 331.864 MiB)
9494
  0.986763 seconds (475.71 k allocations: 466.448 MiB)
1982
  0.957848 seconds (328.70 k allocations: 324.706 MiB)
4492
  0.932144 seconds (166.63 k allocations: 164.922 MiB)
  0.933847 seconds (170.60 k allocations: 170.059 MiB)
3240
8239
  0.938881 seconds (186.87 k allocations: 187.075 MiB)
  0.937332 seconds (188.91 k allocations: 189.555 MiB)
  0.936925 seconds (190.19 k allocations: 191.377 MiB)
5734
6979
740
  0.875931 seconds (554.50 k allocations: 549.044 MiB)
9495
  0.869239 seconds (300.79 k allocations: 296.538 MiB)
4493
  0.878761 seconds (330.27 k allocations: 327.379 MiB)
1983
  0.869792 seconds (178.41 k allocations: 179.804 MiB)
3241
  0.869656 seconds (182.99 k allocations: 183.138 MiB)
  0.870267 seconds (186.35 k allocations: 187.574 MiB)
6980
741
  0.881526 seconds (238.49 k allocations: 241.511 MiB)
8240
  0.863986 seconds (262.78 k allocations: 262.502 MiB)
5735
  0.873648 seconds (554.49 k allocations: 549.031 MiB)
9496
  0.866869 seconds (342.64 k allocations: 337.882 MiB)
4494
  0.877216 seconds (327.07 k allocations: 323.143 MiB)
1984
  0.874673 seconds (240.64 k allocations: 240.610 MiB)
  0.869656 seconds (226.91 k allocations: 226.686 MiB)
742
3242
  0.870730 seconds (248.40 k allocations: 248.404 MiB)
8241
  0.872417 seconds (309.03 k allocations: 307.846 MiB)
6981
  0.854583 seconds (324.65 k allocations: 324.203 MiB)
5736
  1.080173 seconds (132.15 k allocations: 130.235 MiB, 15.59% gc time)
  1.038464 seconds (75.78 k allocations: 73.661 MiB, 16.22% gc time)
  1.181051 seconds (323.51 k allocations: 321.873 MiB, 14.26% gc time)
1985
4495
9497
  0.901892 seconds (339.71 k allocations: 333.655 MiB)
743
  0.878983 seconds (66.66 k allocations: 65.206 MiB)
4496
  0.887129 seconds (85.58 k allocations: 84.710 MiB)
1986
  0.927316 seconds (212.49 k allocations: 214.903 MiB)
3243
  0.947133 seconds (285.12 k allocations: 284.601 MiB)
6982
  0.952079 seconds (306.16 k allocations: 306.137 MiB)
8242
  0.934595 seconds (256.43 k allocations: 258.697 MiB)
5737
  0.944392 seconds (379.83 k allocations: 375.775 MiB)
9498
  0.875087 seconds (537.72 k allocations: 528.823 MiB)
744
  0.870065 seconds (246.74 k allocations: 242.417 MiB)
  0.884841 seconds (324.92 k allocations: 322.459 MiB)
  0.878122 seconds (285.81 k allocations: 282.445 MiB)
3244
1987
4497
  0.859094 seconds (202.82 k allocations: 202.174 MiB)
5738
  0.873905 seconds (251.94 k allocations: 253.021 MiB)
8243
  0.862245 seconds (247.29 k allocations: 246.296 MiB)
9499
  0.876497 seconds (288.26 k allocations: 289.360 MiB)
6983
  0.867818 seconds (471.22 k allocations: 465.146 MiB)
745
  0.865688 seconds (230.51 k allocations: 228.137 MiB)
3245
  0.868903 seconds (234.52 k allocations: 233.367 MiB)
4498
  0.880295 seconds (265.53 k allocations: 263.212 MiB)
1988
  0.874411 seconds (188.66 k allocations: 188.626 MiB)
5739
  0.887341 seconds (220.09 k allocations: 222.569 MiB)
8244
  0.869433 seconds (191.23 k allocations: 192.661 MiB)
  0.885215 seconds (206.77 k allocations: 209.358 MiB)
6984
9500
  1.485913 seconds (125.10 k allocations: 123.932 MiB, 41.54% gc time)
746
  0.874304 seconds (296.05 k allocations: 291.896 MiB)
4499
  0.987827 seconds (345.45 k allocations: 340.575 MiB)
  0.933994 seconds (95.68 k allocations: 99.233 MiB)
3246
1989
  0.943240 seconds (117.75 k allocations: 121.837 MiB)
  0.950882 seconds (148.40 k allocations: 154.831 MiB)
5740
  0.929650 seconds (101.40 k allocations: 105.240 MiB)
747
8245
  0.951198 seconds (185.05 k allocations: 189.201 MiB)
9501
  0.953231 seconds (234.47 k allocations: 236.682 MiB)
6985
  0.873761 seconds (554.50 k allocations: 549.044 MiB)
4500
  0.870505 seconds (204.63 k allocations: 205.810 MiB)
1990
  0.868002 seconds (168.19 k allocations: 169.888 MiB)
3247
  0.872428 seconds (163.57 k allocations: 165.634 MiB)
  0.861550 seconds (139.35 k allocations: 141.358 MiB)
8246
748
  0.884516 seconds (207.15 k allocations: 211.371 MiB)
5741
  0.877154 seconds (194.46 k allocations: 198.190 MiB)
9502
  0.873260 seconds (339.78 k allocations: 336.201 MiB)
6986
  0.859148 seconds (554.49 k allocations: 549.025 MiB)
4501
  0.882096 seconds (266.22 k allocations: 263.524 MiB)
3248
  0.865951 seconds (200.92 k allocations: 201.217 MiB)
8247
  0.903382 seconds (330.11 k allocations: 328.671 MiB)
1991
  0.892140 seconds (280.66 k allocations: 279.091 MiB)
9503
  0.878592 seconds (278.47 k allocations: 277.164 MiB)
749
  0.870138 seconds (321.10 k allocations: 318.144 MiB)
5742
  0.876798 seconds (359.28 k allocations: 354.873 MiB)
6987
  1.336585 seconds (312.06 k allocations: 309.700 MiB, 35.45% gc time)
4502
  0.860662 seconds (295.00 k allocations: 289.647 MiB)
1992
  0.969949 seconds (401.05 k allocations: 396.382 MiB)
3249
  0.957710 seconds (324.16 k allocations: 320.369 MiB)
8248
  0.946001 seconds (270.47 k allocations: 269.153 MiB)
9504
  0.930286 seconds (244.41 k allocations: 241.962 MiB)
5743
  0.957414 seconds (337.88 k allocations: 335.262 MiB)
750
  0.934034 seconds (313.29 k allocations: 309.479 MiB)
4503
  0.950440 seconds (360.17 k allocations: 359.423 MiB)
6988
  0.872780 seconds (554.50 k allocations: 549.050 MiB)
1993
  0.866836 seconds (354.71 k allocations: 348.960 MiB)
8249
  0.879104 seconds (387.42 k allocations: 383.559 MiB)
3250
  0.876203 seconds (331.29 k allocations: 327.374 MiB)
9505
  0.866129 seconds (266.36 k allocations: 262.971 MiB)
751
  0.867685 seconds (277.16 k allocations: 274.717 MiB)
4504
  0.872629 seconds (300.17 k allocations: 298.131 MiB)
5744
  0.872630 seconds (423.86 k allocations: 419.134 MiB)
6989
  0.856462 seconds (554.50 k allocations: 549.050 MiB)
1994
  0.865246 seconds (340.00 k allocations: 335.513 MiB)
8250
  0.875540 seconds (365.48 k allocations: 362.538 MiB)
3251
  0.880286 seconds (333.53 k allocations: 329.497 MiB)
9506
  0.875016 seconds (288.17 k allocations: 286.279 MiB)
752
  0.868978 seconds (284.57 k allocations: 281.798 MiB)
4505
  0.875823 seconds (302.80 k allocations: 301.868 MiB)
5745
  0.872237 seconds (355.54 k allocations: 353.749 MiB)
6990
  1.511271 seconds (261.73 k allocations: 255.535 MiB, 30.92% gc time)
  1.619923 seconds (468.55 k allocations: 463.119 MiB, 28.85% gc time)
  1.480148 seconds (196.18 k allocations: 191.556 MiB, 31.57% gc time)
  1.389090 seconds (67.94 k allocations: 66.198 MiB, 33.64% gc time)
  1.326862 seconds (16.52 k allocations: 15.758 MiB, 35.22% gc time)
9507
3252
1995
753
8251
  0.873904 seconds (409.54 k allocations: 400.479 MiB)
6991
  0.956015 seconds (359.17 k allocations: 353.721 MiB)
4506
  0.966998 seconds (346.56 k allocations: 341.820 MiB)
5746
  0.933533 seconds (193.76 k allocations: 194.540 MiB)
3253
  0.939845 seconds (234.36 k allocations: 233.564 MiB)
8252
  0.977594 seconds (396.07 k allocations: 392.174 MiB)
754
  1.309571 seconds (475.28 k allocations: 470.609 MiB)
1996
  1.509979 seconds (633.34 k allocations: 626.959 MiB)
9508
  0.872110 seconds (554.50 k allocations: 549.050 MiB)
6992
  0.870885 seconds (423.45 k allocations: 419.429 MiB)
4507
  0.863674 seconds (355.00 k allocations: 352.886 MiB)
  0.874265 seconds (367.58 k allocations: 367.504 MiB)
8253
3254
  0.881045 seconds (504.68 k allocations: 498.935 MiB)
5747
  1.030509 seconds (554.50 k allocations: 549.063 MiB)
755
  1.063099 seconds (553.79 k allocations: 547.013 MiB)
1997
  0.973615 seconds (520.58 k allocations: 515.365 MiB)
9509
  0.875079 seconds (530.15 k allocations: 524.520 MiB)
6993
  0.874211 seconds (446.63 k allocations: 443.005 MiB)
4508
  0.868335 seconds (421.97 k allocations: 418.177 MiB)
3255
  0.872725 seconds (439.77 k allocations: 435.394 MiB)
5748
  1.988139 seconds (458.38 k allocations: 454.593 MiB, 12.78% gc time)
  1.703891 seconds (379.21 k allocations: 376.214 MiB, 14.91% gc time)
  1.319803 seconds (246.08 k allocations: 244.748 MiB, 19.25% gc time)
  1.293339 seconds (188.33 k allocations: 186.893 MiB, 19.64% gc time)
  1.113420 seconds (18.31 k allocations: 18.501 MiB, 22.82% gc time)
  1.251248 seconds (142.28 k allocations: 141.892 MiB, 20.30% gc time)
756
6994
1998
8254
9510
4509
  0.873378 seconds (458.02 k allocations: 446.880 MiB)
3256
  0.875964 seconds (79.22 k allocations: 78.441 MiB)
4510
  0.933584 seconds (154.53 k allocations: 151.928 MiB)
  0.936500 seconds (157.12 k allocations: 158.222 MiB)
9511
757
  0.949183 seconds (222.26 k allocations: 228.154 MiB)
  0.936406 seconds (166.34 k allocations: 168.629 MiB)
5749
  0.937737 seconds (168.52 k allocations: 171.777 MiB)
1999
6995
  0.942362 seconds (202.30 k allocations: 205.905 MiB)
8255
  0.878042 seconds (554.50 k allocations: 549.044 MiB)
3257
  0.861485 seconds (541.97 k allocations: 530.734 MiB)
4511
  0.864488 seconds (171.09 k allocations: 173.882 MiB)
9512
  0.859570 seconds (158.91 k allocations: 157.524 MiB)
8256
  0.871438 seconds (185.01 k allocations: 188.792 MiB)
2000
  0.872378 seconds (190.01 k allocations: 193.777 MiB)
5750
  0.873730 seconds (205.84 k allocations: 207.869 MiB)
758
  0.877723 seconds (217.74 k allocations: 223.123 MiB)
6996
  0.866651 seconds (554.50 k allocations: 549.056 MiB)
3258
  0.867588 seconds (537.20 k allocations: 529.687 MiB)
4512
  0.870467 seconds (231.53 k allocations: 231.732 MiB)
  1.874828 seconds (184.46 k allocations: 185.580 MiB, 8.94% gc time)
  1.879101 seconds (201.16 k allocations: 202.790 MiB, 8.92% gc time)
  1.867491 seconds (162.94 k allocations: 163.730 MiB, 8.97% gc time)
  1.863543 seconds (159.20 k allocations: 158.974 MiB, 8.99% gc time)
  1.826101 seconds (133.17 k allocations: 133.241 MiB, 9.18% gc time)
  1.088446 seconds (57.26 k allocations: 63.031 MiB, 15.40% gc time)
2001
6997
5751
8257
9513
3259
759
  0.900878 seconds (454.05 k allocations: 443.081 MiB)
4513
  0.916012 seconds (176.58 k allocations: 177.740 MiB)
3260
  0.936498 seconds (182.92 k allocations: 181.537 MiB)
  0.945461 seconds (197.77 k allocations: 197.969 MiB)
  0.954381 seconds (226.25 k allocations: 228.335 MiB)
8258
2002
5752
  0.958410 seconds (245.64 k allocations: 247.019 MiB)
6998
  1.267984 seconds (475.28 k allocations: 470.609 MiB)
760
  1.321665 seconds (525.36 k allocations: 521.170 MiB)
9514
  0.873862 seconds (534.73 k allocations: 528.711 MiB)
4514
  0.877385 seconds (281.69 k allocations: 281.135 MiB)
  0.871506 seconds (265.14 k allocations: 264.675 MiB)
8259
2003
  0.871004 seconds (248.66 k allocations: 249.885 MiB)
  0.869614 seconds (254.97 k allocations: 256.063 MiB)
5753
6999
  0.943713 seconds (404.64 k allocations: 405.628 MiB)
3261
  0.892555 seconds (530.84 k allocations: 525.014 MiB)
761
  0.887182 seconds (528.74 k allocations: 523.179 MiB)
9515
  0.878084 seconds (554.50 k allocations: 549.069 MiB)
4515
  0.871309 seconds (293.95 k allocations: 294.097 MiB)
8260
  0.876268 seconds (294.48 k allocations: 294.784 MiB)
  0.871251 seconds (289.74 k allocations: 289.249 MiB)
7000
3262
  0.887179 seconds (339.88 k allocations: 338.584 MiB)
  0.877769 seconds (335.45 k allocations: 334.458 MiB)
2004
5754
  1.901569 seconds (307.47 k allocations: 305.110 MiB, 30.44% gc time)  1.447518 seconds (174.53 k allocations: 174.058 MiB, 39.99% gc time)

  1.844129 seconds (253.65 k allocations: 252.387 MiB, 31.39% gc time)
4516
762
9516
  0.863801 seconds (148.47 k allocations: 146.977 MiB)
2005
  0.955202 seconds (260.98 k allocations: 258.507 MiB)
8261
  0.963675 seconds (291.72 k allocations: 291.781 MiB)
3263
  0.936585 seconds (161.99 k allocations: 164.129 MiB)
5755
  0.986264 seconds (337.76 k allocations: 336.194 MiB)
7001
  0.936464 seconds (180.87 k allocations: 182.565 MiB)
4517
  0.941612 seconds (211.35 k allocations: 213.120 MiB)
763
  0.947047 seconds (300.08 k allocations: 298.238 MiB)
9517
  0.895355 seconds (554.49 k allocations: 549.018 MiB)
2006
  0.874982 seconds (259.23 k allocations: 256.833 MiB)
8262
  0.859447 seconds (157.34 k allocations: 158.232 MiB)
  0.871147 seconds (222.21 k allocations: 221.990 MiB)
5756
3264
  0.874018 seconds (208.87 k allocations: 210.401 MiB)
7002
  0.880437 seconds (246.25 k allocations: 246.360 MiB)
4518
  0.876222 seconds (259.11 k allocations: 258.846 MiB)
764
  0.872563 seconds (315.54 k allocations: 313.019 MiB)
9518
  0.878266 seconds (496.82 k allocations: 489.640 MiB)
2007
  0.873827 seconds (268.26 k allocations: 265.477 MiB)
5757
  0.866122 seconds (200.11 k allocations: 200.433 MiB)
  0.855128 seconds (150.70 k allocations: 151.816 MiB)
8263
3265
  0.876060 seconds (220.05 k allocations: 219.874 MiB)
7003
  1.365800 seconds (211.46 k allocations: 211.835 MiB, 32.13% gc time)
  1.348116 seconds (187.45 k allocations: 187.664 MiB, 32.55% gc time)
  1.316789 seconds (166.56 k allocations: 166.415 MiB, 33.33% gc time)
9519
765
4519
  0.881814 seconds (410.84 k allocations: 401.723 MiB)
2008
  0.939671 seconds (206.93 k allocations: 208.010 MiB)
5758
  0.949581 seconds (194.35 k allocations: 194.926 MiB)
3266
  0.930060 seconds (115.51 k allocations: 117.210 MiB)
766
  0.965945 seconds (226.49 k allocations: 228.483 MiB)
8264
  0.950566 seconds (170.25 k allocations: 174.851 MiB)
7004
  0.945928 seconds (204.16 k allocations: 205.047 MiB)
4520
  0.954206 seconds (221.49 k allocations: 224.251 MiB)
9520
  0.871836 seconds (554.50 k allocations: 549.050 MiB)
2009
  0.864948 seconds (236.91 k allocations: 236.679 MiB)
5759
  0.875718 seconds (187.24 k allocations: 188.096 MiB)
7005
  0.880608 seconds (198.41 k allocations: 200.222 MiB)
3267
  0.877632 seconds (177.29 k allocations: 180.195 MiB)
767
  0.874934 seconds (180.85 k allocations: 183.784 MiB)
8265
  0.870480 seconds (191.50 k allocations: 192.944 MiB)
9521
  0.876889 seconds (208.69 k allocations: 211.995 MiB)
4521
  0.881586 seconds (554.50 k allocations: 549.044 MiB)
2010
  0.855065 seconds (167.26 k allocations: 170.063 MiB)
5760
  0.876637 seconds (165.03 k allocations: 165.621 MiB)
7006
  0.875745 seconds (129.30 k allocations: 131.645 MiB)
  0.894019 seconds (187.58 k allocations: 189.865 MiB)
4522
3268
  0.869584 seconds (121.28 k allocations: 124.335 MiB)
  0.902380 seconds (204.13 k allocations: 209.812 MiB)
8266
768
  0.895827 seconds (177.74 k allocations: 182.366 MiB)
9522
  1.329402 seconds (335.03 k allocations: 330.399 MiB, 34.18% gc time)
2011
  0.874495 seconds (238.77 k allocations: 237.104 MiB)
7007
  0.953239 seconds (213.48 k allocations: 214.277 MiB)
  0.936551 seconds (176.22 k allocations: 175.093 MiB)
  0.949889 seconds (199.23 k allocations: 201.775 MiB)
5761
4523
  0.955305 seconds (211.81 k allocations: 213.178 MiB)
3269
8267
  0.960464 seconds (238.49 k allocations: 240.173 MiB)
769
  1.313362 seconds (475.29 k allocations: 470.621 MiB)
2012
  1.356707 seconds (494.60 k allocations: 491.727 MiB)
9523
  0.873649 seconds (554.50 k allocations: 549.075 MiB)
7008
  0.875059 seconds (349.97 k allocations: 347.734 MiB)
4524
  0.864867 seconds (280.44 k allocations: 280.129 MiB)
5762
  0.868359 seconds (288.22 k allocations: 288.997 MiB)
3270
  0.884201 seconds (345.03 k allocations: 343.537 MiB)
770
  0.939969 seconds (554.50 k allocations: 549.069 MiB)
8268
  0.861673 seconds (475.28 k allocations: 470.609 MiB)
2013
  0.868244 seconds (480.74 k allocations: 477.230 MiB)
9524
  0.880191 seconds (554.49 k allocations: 549.037 MiB)
7009
  0.866870 seconds (365.41 k allocations: 362.654 MiB)
4525
  0.888490 seconds (393.63 k allocations: 392.293 MiB)
5763
  0.871468 seconds (356.84 k allocations: 356.051 MiB)
3271
  0.875125 seconds (387.89 k allocations: 385.952 MiB)
771
  0.874230 seconds (552.87 k allocations: 546.259 MiB)
8269
  0.863874 seconds (475.29 k allocations: 470.634 MiB)
9525
  0.872815 seconds (481.81 k allocations: 478.293 MiB)
2014
  1.507296 seconds (266.60 k allocations: 264.244 MiB, 30.77% gc time)
  1.481816 seconds (219.90 k allocations: 218.334 MiB, 31.30% gc time)
  1.638657 seconds (519.93 k allocations: 513.521 MiB, 28.30% gc time)
  1.464207 seconds (201.20 k allocations: 196.635 MiB, 31.68% gc time)
  1.475593 seconds (212.34 k allocations: 210.144 MiB, 31.43% gc time)
  1.382486 seconds (129.17 k allocations: 132.556 MiB, 33.55% gc time)
4526
3272
7010
772
8270
5764
  0.861954 seconds (483.58 k allocations: 471.358 MiB)
9526
  0.965509 seconds (404.10 k allocations: 396.691 MiB)
2015
  0.939857 seconds (195.65 k allocations: 196.184 MiB)
  0.941985 seconds (201.58 k allocations: 203.010 MiB)
7011
773
  0.954252 seconds (236.28 k allocations: 236.629 MiB)
8271
  0.991543 seconds (402.79 k allocations: 397.401 MiB)
5765
  0.984297 seconds (460.43 k allocations: 456.382 MiB)
4527
  0.977771 seconds (466.37 k allocations: 462.270 MiB)
3273
  0.865667 seconds (554.50 k allocations: 549.050 MiB)
9527
  0.864450 seconds (406.72 k allocations: 403.415 MiB)
2016
  0.880616 seconds (379.30 k allocations: 375.941 MiB)
7012
  0.870322 seconds (337.51 k allocations: 334.925 MiB)
  0.870312 seconds (337.99 k allocations: 335.634 MiB)
8272
774
  0.870261 seconds (414.78 k allocations: 407.657 MiB)
5766
  0.869454 seconds (475.28 k allocations: 470.609 MiB)
3274
  0.879882 seconds (482.18 k allocations: 479.834 MiB)
4528
  0.864344 seconds (554.49 k allocations: 549.037 MiB)
9528
  0.867538 seconds (402.27 k allocations: 397.736 MiB)
2017
  0.875723 seconds (376.90 k allocations: 373.653 MiB)
7013
  0.866013 seconds (312.22 k allocations: 310.714 MiB)
  0.871706 seconds (321.89 k allocations: 322.536 MiB)
8273
775
  0.863971 seconds (317.87 k allocations: 317.721 MiB)
5767
  2.029401 seconds (277.87 k allocations: 276.810 MiB, 16.51% gc time)
  2.029985 seconds (277.87 k allocations: 276.810 MiB, 16.50% gc time)
  1.405851 seconds (198.96 k allocations: 198.642 MiB, 23.83% gc time)
  1.205224 seconds (25.05 k allocations: 24.329 MiB, 27.79% gc time)
3275
4529
9529
2018
  0.867409 seconds (394.41 k allocations: 386.002 MiB)
7014
  0.945404 seconds (184.56 k allocations: 186.593 MiB)
8274
  0.935582 seconds (136.70 k allocations: 139.729 MiB)
5768
  0.949152 seconds (180.14 k allocations: 183.937 MiB)
776
  0.932722 seconds (117.87 k allocations: 120.862 MiB)
  0.934359 seconds (120.76 k allocations: 124.174 MiB)
9530
3276
  0.938009 seconds (149.70 k allocations: 154.127 MiB)
4530
  0.936975 seconds (167.41 k allocations: 171.287 MiB)
2019
  0.881098 seconds (554.50 k allocations: 549.044 MiB)
7015
  0.864368 seconds (212.47 k allocations: 213.309 MiB)
8275
  0.857995 seconds (115.50 k allocations: 118.262 MiB)
9531
  0.860917 seconds (117.44 k allocations: 120.292 MiB)
5769
  0.861347 seconds (124.23 k allocations: 126.967 MiB)
  0.870713 seconds (153.43 k allocations: 158.713 MiB)
  0.872606 seconds (161.62 k allocations: 167.903 MiB)
2020
3277
777
  0.869457 seconds (180.43 k allocations: 183.725 MiB)
4531
  0.874640 seconds (554.50 k allocations: 549.044 MiB)
7016
  0.866269 seconds (275.82 k allocations: 273.932 MiB)
8276
  0.860658 seconds (213.32 k allocations: 214.309 MiB)
9532
  0.862047 seconds (156.68 k allocations: 160.275 MiB)
5770
  0.866789 seconds (159.58 k allocations: 162.005 MiB)
3278
  0.872009 seconds (175.19 k allocations: 178.347 MiB)
2021
  0.875480 seconds (197.27 k allocations: 199.666 MiB)
4532
  0.877026 seconds (216.71 k allocations: 218.455 MiB)
778
  1.251611 seconds (245.82 k allocations: 246.299 MiB, 26.58% gc time)
7017
  0.873438 seconds (425.30 k allocations: 416.984 MiB)
8277
  0.951437 seconds (272.65 k allocations: 270.910 MiB)
5771
  0.956475 seconds (238.16 k allocations: 238.086 MiB)
9533
  0.943487 seconds (163.54 k allocations: 165.616 MiB)
3279
  0.951469 seconds (189.93 k allocations: 192.280 MiB)
  0.942379 seconds (173.99 k allocations: 174.768 MiB)
4533
779
  0.952421 seconds (204.54 k allocations: 207.846 MiB)
2022
  0.943674 seconds (255.50 k allocations: 255.590 MiB)
7018
  0.870849 seconds (554.50 k allocations: 549.044 MiB)
8278
  0.880167 seconds (319.70 k allocations: 315.931 MiB)
5772
  0.872190 seconds (227.99 k allocations: 228.366 MiB)
9534
  0.879810 seconds (175.08 k allocations: 177.898 MiB)
  0.878529 seconds (167.81 k allocations: 171.081 MiB)
3280
  0.873843 seconds (152.73 k allocations: 156.051 MiB)
7019
4534
  0.870682 seconds (152.30 k allocations: 156.635 MiB)
780
  0.884388 seconds (213.11 k allocations: 214.996 MiB)
2023
  0.880442 seconds (554.50 k allocations: 549.069 MiB)
8279
  0.870831 seconds (209.26 k allocations: 210.221 MiB)
9535
  0.870048 seconds (175.08 k allocations: 177.707 MiB)
4535
  0.868048 seconds (163.70 k allocations: 164.562 MiB)
  0.863513 seconds (158.63 k allocations: 158.640 MiB)
3281
  0.870827 seconds (167.93 k allocations: 171.099 MiB)
5773
781
  0.870483 seconds (185.34 k allocations: 187.056 MiB)
  0.892178 seconds (215.89 k allocations: 221.546 MiB)
2024
7020
  1.520352 seconds (329.63 k allocations: 326.545 MiB, 27.49% gc time)
  1.280957 seconds (5.28 k allocations: 5.053 MiB, 32.63% gc time)
8280
9536
  0.883235 seconds (307.76 k allocations: 303.082 MiB)
4536
  0.961428 seconds (288.08 k allocations: 285.668 MiB)
3282
  0.973618 seconds (283.95 k allocations: 281.901 MiB)
2025
  0.942129 seconds (153.42 k allocations: 154.728 MiB)
7021
  0.947707 seconds (165.59 k allocations: 167.759 MiB)
5774
  0.963497 seconds (224.59 k allocations: 228.076 MiB)
782
  0.930345 seconds (161.68 k allocations: 165.545 MiB)
9537
  0.928470 seconds (181.65 k allocations: 184.899 MiB)
8281
  0.873612 seconds (554.49 k allocations: 549.025 MiB)
4537
  0.866558 seconds (212.25 k allocations: 213.099 MiB)
3283
  0.879088 seconds (199.78 k allocations: 201.354 MiB)
7022
  0.882070 seconds (199.29 k allocations: 201.071 MiB)
5775
  0.875069 seconds (173.63 k allocations: 176.666 MiB)
  0.872990 seconds (171.23 k allocations: 174.143 MiB)
2026
783
  0.868828 seconds (198.03 k allocations: 200.391 MiB)
9538
  0.863339 seconds (220.75 k allocations: 222.314 MiB)
8282
  0.872195 seconds (554.49 k allocations: 549.031 MiB)
4538
  0.874739 seconds (211.29 k allocations: 209.728 MiB)
5776
  0.885351 seconds (245.44 k allocations: 246.251 MiB)
7023
  0.885438 seconds (226.28 k allocations: 226.891 MiB)
3284
  0.871796 seconds (154.38 k allocations: 158.270 MiB)
784
  0.866321 seconds (142.57 k allocations: 145.910 MiB)
8283
  0.865068 seconds (151.20 k allocations: 154.360 MiB)
  0.877178 seconds (168.23 k allocations: 173.351 MiB)
9539
2027
  1.208902 seconds (428.25 k allocations: 422.101 MiB, 27.33% gc time)
4539
  0.879949 seconds (230.33 k allocations: 230.395 MiB)
7024
  0.866688 seconds (79.21 k allocations: 78.441 MiB)
4540
  0.970903 seconds (293.88 k allocations: 292.677 MiB)
3285
  0.946662 seconds (203.90 k allocations: 206.700 MiB)
2028
  0.951603 seconds (242.64 k allocations: 241.482 MiB)
9540
  0.959075 seconds (263.69 k allocations: 264.220 MiB)
8284
  1.311242 seconds (499.94 k allocations: 495.419 MiB)
5777
  1.400216 seconds (592.53 k allocations: 586.649 MiB)
785
  0.879348 seconds (554.49 k allocations: 549.018 MiB)
7025
  0.859349 seconds (365.44 k allocations: 362.498 MiB)
4541
  0.863661 seconds (316.95 k allocations: 316.270 MiB)
2029
  0.866713 seconds (322.42 k allocations: 321.694 MiB)
3286
  0.863417 seconds (346.51 k allocations: 343.708 MiB)
8285
  0.872008 seconds (377.56 k allocations: 376.046 MiB)
9541
  0.860718 seconds (554.50 k allocations: 549.050 MiB)
5778
  0.890983 seconds (554.50 k allocations: 549.050 MiB)
786
  0.875545 seconds (553.87 k allocations: 547.183 MiB)
7026
  0.870075 seconds (375.30 k allocations: 370.722 MiB)
4542
  0.871742 seconds (331.12 k allocations: 329.837 MiB)
2030
  0.867067 seconds (312.41 k allocations: 312.090 MiB)
3287
  0.866225 seconds (328.46 k allocations: 327.661 MiB)
8286
  0.874428 seconds (393.58 k allocations: 390.159 MiB)
9542
  1.491839 seconds (346.49 k allocations: 343.858 MiB, 9.98% gc time)
  1.366374 seconds (267.17 k allocations: 265.344 MiB, 10.90% gc time)
  1.025046 seconds (178.81 k allocations: 176.739 MiB, 14.53% gc time)
5779
787
7027
  0.869134 seconds (319.35 k allocations: 314.162 MiB)
4543
  0.883089 seconds (79.25 k allocations: 79.704 MiB)
7028
  0.953613 seconds (308.47 k allocations: 305.364 MiB)
2031
  0.957596 seconds (314.49 k allocations: 312.521 MiB)
3288
  0.945369 seconds (253.69 k allocations: 254.512 MiB)
8287
  0.943609 seconds (273.58 k allocations: 272.511 MiB)
  0.935698 seconds (266.35 k allocations: 263.230 MiB)
788
5780
  0.948778 seconds (301.35 k allocations: 301.883 MiB)
9543
  0.867384 seconds (554.49 k allocations: 549.025 MiB)
4544
  0.873444 seconds (270.35 k allocations: 267.488 MiB)
  0.887606 seconds (368.18 k allocations: 363.031 MiB)
  0.870665 seconds (245.40 k allocations: 245.078 MiB)
2032
7029
3289
  0.873233 seconds (220.44 k allocations: 221.476 MiB)
8288
  0.870110 seconds (219.08 k allocations: 219.145 MiB)
9544
  0.870880 seconds (239.01 k allocations: 238.427 MiB)
  0.878745 seconds (249.25 k allocations: 250.686 MiB)
5781
789
  0.878196 seconds (554.50 k allocations: 549.044 MiB)
4545
  0.881210 seconds (323.59 k allocations: 319.650 MiB)
7030
  0.864154 seconds (200.15 k allocations: 201.715 MiB)
2033
  0.867888 seconds (193.61 k allocations: 195.620 MiB)
3290
  0.879039 seconds (217.10 k allocations: 218.266 MiB)
8289
  0.878802 seconds (239.68 k allocations: 240.058 MiB)
9545
  0.874221 seconds (242.11 k allocations: 242.571 MiB)
790
  2.485522 seconds (283.62 k allocations: 282.500 MiB, 33.82% gc time)  1.710037 seconds (204.36 k allocations: 204.005 MiB, 49.16% gc time)

5782
4546
  0.875235 seconds (70.87 k allocations: 71.503 MiB)
791
  0.959946 seconds (225.66 k allocations: 223.470 MiB)
3291
  0.972065 seconds (275.15 k allocations: 274.722 MiB)
2034
  0.972096 seconds (266.45 k allocations: 266.516 MiB)
  0.944217 seconds (153.45 k allocations: 155.551 MiB)
  0.927369 seconds (112.28 k allocations: 115.445 MiB)
7031
8290
9546
  0.927668 seconds (169.68 k allocations: 172.012 MiB)
5783
  0.935676 seconds (314.00 k allocations: 311.534 MiB)
4547
  0.875363 seconds (452.35 k allocations: 442.848 MiB)
792
  0.865156 seconds (149.60 k allocations: 151.913 MiB)
8291
  0.865361 seconds (122.94 k allocations: 124.150 MiB)
2035
  0.868345 seconds (131.47 k allocations: 133.700 MiB)
3292
  0.865265 seconds (124.72 k allocations: 127.423 MiB)
9547
  0.871662 seconds (200.90 k allocations: 200.511 MiB)
5784
  0.898947 seconds (285.65 k allocations: 285.470 MiB)
7032
  0.872552 seconds (341.73 k allocations: 338.073 MiB)
4548
  0.875502 seconds (385.23 k allocations: 378.625 MiB)
793
  0.875986 seconds (242.25 k allocations: 240.561 MiB)
8292
  0.867561 seconds (179.58 k allocations: 180.783 MiB)
2036
  0.867375 seconds (161.91 k allocations: 162.836 MiB)
3293
  0.878338 seconds (197.78 k allocations: 199.793 MiB)
9548
  0.862258 seconds (168.99 k allocations: 171.214 MiB)
  1.442945 seconds (162.60 k allocations: 165.218 MiB, 37.73% gc time)
  1.424053 seconds (148.51 k allocations: 150.496 MiB, 38.23% gc time)
7033
4549
5785
  0.898208 seconds (405.76 k allocations: 396.885 MiB)
794
  0.946969 seconds (206.02 k allocations: 205.922 MiB)
8293
  0.957058 seconds (214.96 k allocations: 215.868 MiB)
2037
  0.955418 seconds (184.66 k allocations: 187.049 MiB)
  0.953846 seconds (180.55 k allocations: 183.259 MiB)
3294
9549
  0.942495 seconds (184.38 k allocations: 185.937 MiB)
5786
  0.949735 seconds (199.95 k allocations: 203.425 MiB)
4550
  0.966651 seconds (551.48 k allocations: 544.911 MiB)
7034
  0.878773 seconds (554.49 k allocations: 549.012 MiB)
795
  0.874354 seconds (306.14 k allocations: 304.338 MiB)
8294
  0.867923 seconds (258.21 k allocations: 258.674 MiB)
2038
  0.871582 seconds (244.58 k allocations: 245.787 MiB)
3295
  0.865867 seconds (228.72 k allocations: 229.572 MiB)
4551
  0.878456 seconds (281.82 k allocations: 281.799 MiB)
9550
  0.876497 seconds (309.12 k allocations: 306.719 MiB)
5787
  0.876853 seconds (554.49 k allocations: 549.025 MiB)
7035
  0.870953 seconds (554.49 k allocations: 549.025 MiB)
796
  0.863759 seconds (275.15 k allocations: 274.690 MiB)
2039
  0.866610 seconds (267.15 k allocations: 267.195 MiB)
8295
  0.866041 seconds (231.69 k allocations: 233.451 MiB)
3296
  0.870628 seconds (243.11 k allocations: 244.570 MiB)
4552
  0.873519 seconds (263.98 k allocations: 264.718 MiB)
9551
  0.865874 seconds (269.43 k allocations: 270.126 MiB)
5788
  0.874685 seconds (353.42 k allocations: 349.265 MiB)
7036
  1.540889 seconds (356.89 k allocations: 352.616 MiB, 29.59% gc time)
  1.324947 seconds (28.89 k allocations: 27.639 MiB, 34.41% gc time)
8296
797
  0.878060 seconds (286.82 k allocations: 283.052 MiB)
9552
  0.966016 seconds (285.74 k allocations: 283.439 MiB)
2040
  0.960500 seconds (249.73 k allocations: 249.140 MiB)
3297
  0.958062 seconds (222.09 k allocations: 221.640 MiB)
4553
  0.975764 seconds (280.96 k allocations: 280.615 MiB)
5789
  0.946427 seconds (243.43 k allocations: 242.424 MiB)
798
  0.939011 seconds (249.12 k allocations: 248.054 MiB)
8297
  0.989056 seconds (446.30 k allocations: 443.035 MiB)
7037
  0.887202 seconds (554.49 k allocations: 549.018 MiB)
9553
  0.875525 seconds (310.92 k allocations: 307.693 MiB)
3298
  0.897637 seconds (387.64 k allocations: 383.746 MiB)
2041
  0.871017 seconds (248.81 k allocations: 248.452 MiB)
4554
  0.866952 seconds (221.62 k allocations: 221.393 MiB)
5790
  0.875954 seconds (253.14 k allocations: 252.948 MiB)
799
  0.872225 seconds (258.33 k allocations: 258.079 MiB)
8298
  0.889199 seconds (515.41 k allocations: 507.946 MiB)
7038
  0.877389 seconds (554.49 k allocations: 549.018 MiB)
9554
  0.879149 seconds (326.50 k allocations: 323.842 MiB)
3299
  0.869455 seconds (254.46 k allocations: 253.845 MiB)
4555
  0.874765 seconds (266.91 k allocations: 268.394 MiB)
2042
  0.867714 seconds (241.64 k allocations: 241.777 MiB)
5791
  0.864943 seconds (259.36 k allocations: 257.671 MiB)
  0.874152 seconds (274.49 k allocations: 273.467 MiB)
8299
800
  0.905730 seconds (388.22 k allocations: 382.567 MiB)
7039
  1.591276 seconds (123.91 k allocations: 122.259 MiB, 38.26% gc time)
  1.802506 seconds (466.62 k allocations: 461.285 MiB, 33.78% gc time)
  1.530400 seconds (62.82 k allocations: 62.559 MiB, 39.79% gc time)
  1.513394 seconds (44.43 k allocations: 43.790 MiB, 40.23% gc time)
  1.500787 seconds (29.00 k allocations: 28.168 MiB, 40.57% gc time)
9555
3300
4556
2043
5792
  0.908690 seconds (355.28 k allocations: 348.551 MiB)
801
  0.935694 seconds (297.58 k allocations: 292.304 MiB)
7040
  0.961240 seconds (351.97 k allocations: 348.212 MiB)
8300
  0.928502 seconds (166.96 k allocations: 168.879 MiB)
5793
  0.936545 seconds (206.19 k allocations: 205.385 MiB)
3301
  0.942337 seconds (232.51 k allocations: 231.981 MiB)
9556
  0.949732 seconds (254.79 k allocations: 257.147 MiB)
  0.939768 seconds (249.97 k allocations: 250.231 MiB)
2044
4557
  0.886132 seconds (543.25 k allocations: 536.863 MiB)
802
  0.870921 seconds (326.79 k allocations: 321.472 MiB)
8301
  0.884804 seconds (337.96 k allocations: 332.337 MiB)
7041
  0.866453 seconds (186.39 k allocations: 188.713 MiB)
5794
  0.865811 seconds (170.28 k allocations: 172.266 MiB)
3302
  0.869614 seconds (183.32 k allocations: 186.130 MiB)
9557
  0.867230 seconds (222.71 k allocations: 222.777 MiB)
4558
  0.881454 seconds (245.17 k allocations: 246.900 MiB)
2045
  0.888402 seconds (513.48 k allocations: 506.965 MiB)
803
  0.862999 seconds (292.19 k allocations: 288.397 MiB)
8302
  0.861731 seconds (167.20 k allocations: 167.738 MiB)
5795
  0.881642 seconds (231.00 k allocations: 231.419 MiB)
7042
  0.869496 seconds (157.01 k allocations: 159.572 MiB)
3303
  0.875632 seconds (152.00 k allocations: 154.937 MiB)
  0.905799 seconds (171.24 k allocations: 175.301 MiB)
4559
  0.896134 seconds (158.30 k allocations: 161.947 MiB)
9558
2046
  1.479269 seconds (107.10 k allocations: 102.486 MiB, 42.50% gc time)
  1.641932 seconds (281.05 k allocations: 274.412 MiB, 38.29% gc time)
8303
804
  0.879336 seconds (241.39 k allocations: 238.340 MiB)
4560
  0.976299 seconds (346.09 k allocations: 342.392 MiB)
7043
  0.961761 seconds (201.55 k allocations: 203.036 MiB)
5796
  0.961185 seconds (195.91 k allocations: 197.817 MiB)
9559
  0.959677 seconds (195.53 k allocations: 196.412 MiB)
  0.960740 seconds (200.11 k allocations: 201.942 MiB)
2047
3304
  0.939277 seconds (236.85 k allocations: 237.553 MiB)
8304
  0.948655 seconds (324.03 k allocations: 322.362 MiB)
805
  0.872618 seconds (554.49 k allocations: 549.025 MiB)
4561
  0.883132 seconds (379.58 k allocations: 373.220 MiB)
7044
  0.867630 seconds (249.45 k allocations: 248.888 MiB)
5797
  0.872518 seconds (245.65 k allocations: 245.433 MiB)
9560
  0.876446 seconds (239.11 k allocations: 239.349 MiB)
  0.874105 seconds (234.62 k allocations: 235.060 MiB)
3305
2048
  0.868347 seconds (259.49 k allocations: 259.214 MiB)
8305
  0.872996 seconds (352.62 k allocations: 349.750 MiB)
806
  0.867376 seconds (554.49 k allocations: 549.018 MiB)
4562
  0.858202 seconds (236.11 k allocations: 234.714 MiB)
5798
  0.896730 seconds (399.69 k allocations: 395.268 MiB)
7045
  0.869995 seconds (221.27 k allocations: 222.105 MiB)
9561
  0.869083 seconds (195.39 k allocations: 195.031 MiB)
8306
  0.876293 seconds (217.78 k allocations: 219.101 MiB)
3306
  0.885118 seconds (268.08 k allocations: 267.408 MiB)
2049
  0.873116 seconds (277.41 k allocations: 276.542 MiB)
807
  1.355282 seconds (428.64 k allocations: 423.690 MiB, 26.47% gc time)
  1.237175 seconds (56.29 k allocations: 56.457 MiB, 28.99% gc time)
  1.250128 seconds (113.99 k allocations: 112.897 MiB, 28.69% gc time)
  1.229113 seconds (23.34 k allocations: 26.426 MiB, 29.18% gc time)
7046
4563
5799
9562
  0.861036 seconds (359.01 k allocations: 352.228 MiB)
8307
  0.956669 seconds (372.45 k allocations: 366.375 MiB)
3307
  0.945342 seconds (323.20 k allocations: 318.194 MiB)
808
  0.957014 seconds (343.06 k allocations: 338.593 MiB)
2050
  0.935995 seconds (330.68 k allocations: 326.952 MiB)
7047
  1.399443 seconds (408.10 k allocations: 406.095 MiB)
5800
  1.411075 seconds (416.67 k allocations: 414.490 MiB)
9563
  0.870262 seconds (475.28 k allocations: 470.602 MiB)
8308
  1.685070 seconds (633.69 k allocations: 627.421 MiB)
4564
  0.861600 seconds (370.33 k allocations: 367.369 MiB)
3308
  0.860887 seconds (363.96 k allocations: 361.442 MiB)
809
  0.876090 seconds (472.16 k allocations: 465.168 MiB)
7048
  1.209419 seconds (554.50 k allocations: 549.044 MiB)
2051
  0.871643 seconds (498.03 k allocations: 493.606 MiB)
9564
  0.891017 seconds (554.50 k allocations: 549.044 MiB)
5801
  0.935779 seconds (553.77 k allocations: 547.006 MiB)
8309
  0.865745 seconds (320.61 k allocations: 318.547 MiB)
3309
  0.874702 seconds (346.62 k allocations: 346.084 MiB)
4565
  0.861581 seconds (313.52 k allocations: 313.367 MiB)
810
  0.877796 seconds (550.98 k allocations: 544.445 MiB)
7049
  1.380681 seconds (448.62 k allocations: 443.876 MiB, 16.14% gc time)
  1.612729 seconds (527.82 k allocations: 522.279 MiB, 13.82% gc time)
  1.113634 seconds (73.98 k allocations: 75.869 MiB, 20.01% gc time)
  1.104797 seconds (55.78 k allocations: 55.802 MiB, 20.17% gc time)
  1.111326 seconds (68.28 k allocations: 69.217 MiB, 20.05% gc time)
  1.259720 seconds (370.06 k allocations: 366.454 MiB, 17.69% gc time)
  1.099983 seconds (53.43 k allocations: 58.087 MiB, 20.26% gc time)
3310
811
2052
5802
9565
8310
4566
  0.885122 seconds (478.23 k allocations: 466.212 MiB)
7050
  0.871995 seconds (101.67 k allocations: 103.597 MiB)
3311
  0.869873 seconds (96.44 k allocations: 97.566 MiB)
812
  0.878549 seconds (113.45 k allocations: 116.461 MiB)
8311
  0.880842 seconds (186.22 k allocations: 185.054 MiB)
4567
  0.929411 seconds (336.42 k allocations: 335.073 MiB)
9566
  0.931616 seconds (357.81 k allocations: 355.718 MiB)
5803
  0.941142 seconds (416.51 k allocations: 415.737 MiB)
2053
  0.877277 seconds (554.48 k allocations: 549.005 MiB)
7051
  0.861864 seconds (327.27 k allocations: 322.117 MiB)
813
  0.866406 seconds (344.32 k allocations: 341.057 MiB)
3312
  0.868352 seconds (338.05 k allocations: 333.888 MiB)
8312
  0.869731 seconds (312.27 k allocations: 309.334 MiB)
4568
  0.870954 seconds (340.10 k allocations: 337.383 MiB)
9567
  0.869379 seconds (342.32 k allocations: 340.928 MiB)
5804
  0.863119 seconds (357.52 k allocations: 355.664 MiB)
2054
  0.876943 seconds (529.86 k allocations: 522.680 MiB)
7052
  0.865329 seconds (359.47 k allocations: 354.350 MiB)
814
  0.865053 seconds (355.27 k allocations: 350.364 MiB)
3313
  0.859653 seconds (311.43 k allocations: 307.145 MiB)
8313
  0.869077 seconds (228.18 k allocations: 228.878 MiB)
4569
  0.861466 seconds (206.48 k allocations: 207.102 MiB)
5805
  0.876982 seconds (238.05 k allocations: 238.695 MiB)
9568
  0.877017 seconds (283.30 k allocations: 282.172 MiB)
  1.100539 seconds (154.68 k allocations: 153.590 MiB, 15.64% gc time)
2055
7053
  0.863019 seconds (317.07 k allocations: 312.057 MiB)
815
  0.955681 seconds (271.62 k allocations: 269.910 MiB)
8314
  0.953100 seconds (234.92 k allocations: 233.738 MiB)
3314
  0.942919 seconds (181.31 k allocations: 182.605 MiB)
9569
  0.991887 seconds (339.23 k allocations: 337.598 MiB)
4570
  0.962916 seconds (248.39 k allocations: 248.375 MiB)
  0.946693 seconds (221.10 k allocations: 222.335 MiB)
5806
2056
  0.941246 seconds (254.53 k allocations: 254.625 MiB)
7054
  0.879891 seconds (554.49 k allocations: 549.012 MiB)
816
  0.869285 seconds (240.28 k allocations: 238.712 MiB)
3315
  0.877077 seconds (270.02 k allocations: 269.786 MiB)
8315
  0.870833 seconds (193.54 k allocations: 195.562 MiB)
9570
  0.873571 seconds (183.85 k allocations: 184.022 MiB)
4571
  0.887047 seconds (222.49 k allocations: 223.613 MiB)
5807
  0.883402 seconds (250.13 k allocations: 249.036 MiB)
2057
  0.916497 seconds (364.81 k allocations: 362.621 MiB)
7055
  0.875071 seconds (554.49 k allocations: 549.031 MiB)
817
  0.867257 seconds (301.07 k allocations: 296.861 MiB)
3316
  0.868377 seconds (298.14 k allocations: 295.456 MiB)
8316
  0.870260 seconds (274.51 k allocations: 273.024 MiB)
9571
  0.859794 seconds (227.66 k allocations: 228.391 MiB)
4572
  0.863333 seconds (251.69 k allocations: 251.541 MiB)
5808
  0.875053 seconds (327.16 k allocations: 323.957 MiB)
2058
  1.642440 seconds (349.83 k allocations: 345.660 MiB, 37.79% gc time)
  1.498909 seconds (36.25 k allocations: 34.696 MiB, 41.41% gc time)
  1.497865 seconds (32.53 k allocations: 31.135 MiB, 41.44% gc time)
  2.360658 seconds (429.48 k allocations: 424.470 MiB, 26.30% gc time)
3317
8317
7056
818
  0.871573 seconds (414.97 k allocations: 405.690 MiB)
9572
  0.961381 seconds (343.67 k allocations: 338.857 MiB)
4573
  0.969244 seconds (290.83 k allocations: 288.476 MiB)
5809
  0.953648 seconds (212.01 k allocations: 213.248 MiB)
2059
  0.931509 seconds (155.48 k allocations: 155.639 MiB)
3318
  0.941284 seconds (177.48 k allocations: 180.559 MiB)
  0.935971 seconds (177.87 k allocations: 179.847 MiB)
7057
8318
  0.951437 seconds (253.52 k allocations: 256.151 MiB)
819
  0.867260 seconds (554.50 k allocations: 549.063 MiB)
9573
  0.869839 seconds (391.47 k allocations: 384.597 MiB)
4574
  0.872210 seconds (207.73 k allocations: 208.945 MiB)
2060
  0.865054 seconds (156.26 k allocations: 159.874 MiB)
5810
  0.864854 seconds (154.46 k allocations: 157.099 MiB)
3319
  0.867446 seconds (176.63 k allocations: 178.518 MiB)
8319
  0.871428 seconds (256.39 k allocations: 255.020 MiB)
820
  0.895769 seconds (348.42 k allocations: 346.956 MiB)
7058
  0.872208 seconds (554.50 k allocations: 549.050 MiB)
9574
  0.859231 seconds (426.25 k allocations: 419.294 MiB)
4575
  0.875331 seconds (248.54 k allocations: 246.796 MiB)
  0.879269 seconds (262.46 k allocations: 262.267 MiB)
5811
2061
  0.875300 seconds (240.28 k allocations: 240.467 MiB)
3320
  0.874159 seconds (249.09 k allocations: 249.091 MiB)
8320
  0.871628 seconds (259.02 k allocations: 260.001 MiB)
821
  0.875962 seconds (303.62 k allocations: 302.858 MiB)
7059
  1.493200 seconds (217.56 k allocations: 211.037 MiB, 41.39% gc time)
  1.601677 seconds (368.14 k allocations: 363.360 MiB, 38.58% gc time)
4576
9575
  0.895775 seconds (215.99 k allocations: 215.280 MiB)
8321
  0.950795 seconds (244.70 k allocations: 241.691 MiB)
2062
  0.960678 seconds (232.90 k allocations: 231.829 MiB)
  0.977565 seconds (292.40 k allocations: 291.218 MiB)
5812
3321
  0.964629 seconds (254.91 k allocations: 254.484 MiB)
822
  0.934628 seconds (245.33 k allocations: 244.249 MiB)
9576
  0.969589 seconds (329.41 k allocations: 327.349 MiB)
7060
  0.934294 seconds (294.47 k allocations: 294.068 MiB)
4577
  0.869297 seconds (544.89 k allocations: 538.443 MiB)
8322
  0.871662 seconds (410.41 k allocations: 402.913 MiB)
2063
  0.866505 seconds (236.55 k allocations: 235.316 MiB)
3322
  0.881677 seconds (297.61 k allocations: 296.386 MiB)
5813
  0.870957 seconds (237.02 k allocations: 237.346 MiB)
823
  0.865042 seconds (219.96 k allocations: 221.206 MiB)
9577
  0.868599 seconds (274.01 k allocations: 274.342 MiB)
4578
  0.877931 seconds (426.64 k allocations: 420.591 MiB)
7061
  0.870560 seconds (540.83 k allocations: 534.567 MiB)
8323
  0.870447 seconds (430.37 k allocations: 422.624 MiB)
2064
  0.855489 seconds (273.92 k allocations: 271.051 MiB)
3323
  0.865008 seconds (256.41 k allocations: 255.716 MiB)
9578
  0.870432 seconds (268.36 k allocations: 266.104 MiB)
824
  0.877319 seconds (280.29 k allocations: 280.156 MiB)
5814
  0.870856 seconds (266.68 k allocations: 266.095 MiB)
4579
  0.875509 seconds (297.81 k allocations: 296.042 MiB)
7062
  1.560176 seconds (426.53 k allocations: 418.867 MiB, 31.53% gc time)
  1.419476 seconds (129.48 k allocations: 126.366 MiB, 34.66% gc time)
  1.389862 seconds (86.49 k allocations: 84.020 MiB, 35.40% gc time)
  1.384359 seconds (79.74 k allocations: 76.366 MiB, 35.54% gc time)
8324
3324
825
2065
  0.867170 seconds (299.27 k allocations: 293.733 MiB)
9579
  0.965456 seconds (384.23 k allocations: 377.649 MiB)
5815
  0.969392 seconds (313.64 k allocations: 310.295 MiB)
7063
  0.958594 seconds (267.31 k allocations: 266.159 MiB)
4580
  0.929315 seconds (160.67 k allocations: 163.050 MiB)
2066
  0.942034 seconds (216.65 k allocations: 218.035 MiB)
  0.938730 seconds (237.12 k allocations: 236.513 MiB)
826
3325
  0.944078 seconds (254.85 k allocations: 254.956 MiB)
8325
  0.874077 seconds (554.49 k allocations: 549.031 MiB)
9580
  0.860054 seconds (424.12 k allocations: 415.845 MiB)
5816
  0.857641 seconds (231.54 k allocations: 230.501 MiB)
4581
  0.878692 seconds (305.75 k allocations: 304.155 MiB)
7064
  0.872822 seconds (253.13 k allocations: 252.749 MiB)
2067
  0.864057 seconds (231.90 k allocations: 232.614 MiB)
3326
  0.870171 seconds (246.63 k allocations: 249.296 MiB)
827
  0.862799 seconds (265.12 k allocations: 265.988 MiB)
8326
  0.862218 seconds (553.77 k allocations: 546.987 MiB)
9581
  0.873452 seconds (494.68 k allocations: 486.367 MiB)
5817
  0.869609 seconds (248.04 k allocations: 247.531 MiB)
4582
  0.874367 seconds (238.87 k allocations: 238.950 MiB)
7065
  0.868306 seconds (195.34 k allocations: 195.033 MiB)
  0.873320 seconds (202.81 k allocations: 203.392 MiB)
3327
2068
  0.872519 seconds (204.12 k allocations: 204.982 MiB)
  0.884843 seconds (219.36 k allocations: 223.422 MiB)
8327
828
  1.363621 seconds (422.24 k allocations: 416.219 MiB, 20.85% gc time)
  1.200042 seconds (74.28 k allocations: 72.311 MiB, 23.69% gc time)
  1.224522 seconds (140.91 k allocations: 137.388 MiB, 23.22% gc time)
  1.159036 seconds (2.85 k allocations: 2.969 MiB, 24.53% gc time)
9582
4583
7066
5818
  0.875890 seconds (319.90 k allocations: 314.707 MiB)
829
  0.960715 seconds (293.80 k allocations: 289.906 MiB)
3328
  0.962911 seconds (287.17 k allocations: 284.983 MiB)
8328
  0.913012 seconds (103.02 k allocations: 104.032 MiB)
7067
  0.959074 seconds (250.98 k allocations: 251.937 MiB)
2069
  0.936590 seconds (188.33 k allocations: 189.706 MiB)
9583
  0.939236 seconds (212.57 k allocations: 213.096 MiB)
4584
  0.951180 seconds (270.61 k allocations: 273.726 MiB)
5819
  0.878070 seconds (554.50 k allocations: 549.050 MiB)
830
  0.873727 seconds (240.71 k allocations: 239.117 MiB)
  0.879842 seconds (282.73 k allocations: 280.601 MiB)
3329
8329
  0.867554 seconds (171.31 k allocations: 174.204 MiB)
2070
  0.864263 seconds (149.17 k allocations: 153.237 MiB)
9584
  0.870947 seconds (193.18 k allocations: 195.530 MiB)
4585
  0.876775 seconds (281.13 k allocations: 279.872 MiB)
5820
  0.880503 seconds (337.58 k allocations: 334.055 MiB)
7068
  0.875831 seconds (554.47 k allocations: 548.974 MiB)
831
  0.858307 seconds (231.69 k allocations: 229.235 MiB)
3330
  0.866306 seconds (237.37 k allocations: 236.081 MiB)
2071
  0.876501 seconds (258.79 k allocations: 257.992 MiB)
8330
  0.872269 seconds (231.91 k allocations: 232.452 MiB)
9585
  0.870036 seconds (242.21 k allocations: 242.492 MiB)
4586
  0.862194 seconds (242.52 k allocations: 242.976 MiB)
5821
  0.876833 seconds (398.76 k allocations: 393.889 MiB)
7069
  1.657103 seconds (52.52 k allocations: 54.128 MiB, 45.55% gc time)
  1.759419 seconds (360.60 k allocations: 358.589 MiB, 42.90% gc time)
  1.644930 seconds (27.49 k allocations: 26.295 MiB, 45.88% gc time)
  1.643341 seconds (25.11 k allocations: 24.135 MiB, 45.93% gc time)
832
3331
8331
2072
  0.865095 seconds (368.98 k allocations: 361.677 MiB)
9586
  0.948140 seconds (268.16 k allocations: 266.594 MiB)
4587
  0.949800 seconds (235.10 k allocations: 235.143 MiB)
5822
  0.928031 seconds (126.49 k allocations: 130.174 MiB)
833
  0.933360 seconds (159.11 k allocations: 160.358 MiB)
8332
  0.935599 seconds (182.87 k allocations: 183.267 MiB)
  0.937426 seconds (187.97 k allocations: 189.522 MiB)
3332
2073
  0.958201 seconds (276.36 k allocations: 279.223 MiB)
7070
  0.864884 seconds (554.50 k allocations: 549.044 MiB)
9587
  0.869482 seconds (258.04 k allocations: 256.914 MiB)
4588
  0.871850 seconds (222.96 k allocations: 222.313 MiB)
834
  0.892632 seconds (280.86 k allocations: 280.357 MiB)
5823
  0.866739 seconds (182.44 k allocations: 182.690 MiB)
  0.876736 seconds (216.73 k allocations: 218.527 MiB)
3333
8333
  0.883540 seconds (277.76 k allocations: 276.691 MiB)
7071
  0.871450 seconds (274.77 k allocations: 274.029 MiB)
2074
  0.863241 seconds (554.49 k allocations: 549.031 MiB)
9588
  0.859209 seconds (355.04 k allocations: 349.739 MiB)
4589
  0.867390 seconds (258.05 k allocations: 257.105 MiB)
835
  0.860718 seconds (202.19 k allocations: 203.817 MiB)
5824
  0.863852 seconds (216.10 k allocations: 214.863 MiB)
3334
  0.870959 seconds (230.67 k allocations: 231.434 MiB)
  0.876978 seconds (244.94 k allocations: 246.483 MiB)
8334
7072
  0.887590 seconds (321.74 k allocations: 320.184 MiB)
2075
  1.239623 seconds (146.31 k allocations: 141.419 MiB, 29.88% gc time)
  1.374659 seconds (315.80 k allocations: 313.253 MiB, 26.95% gc time)
9589
4590
  0.879340 seconds (179.29 k allocations: 178.944 MiB)
8335
  0.930989 seconds (375.41 k allocations: 369.241 MiB)
5825
  0.962814 seconds (310.69 k allocations: 307.474 MiB)
836
  0.958052 seconds (284.05 k allocations: 282.167 MiB)
7073
  0.929110 seconds (204.90 k allocations: 204.149 MiB)
9590
  0.963972 seconds (288.67 k allocations: 289.388 MiB)
3335
  0.936503 seconds (245.93 k allocations: 246.244 MiB)
4591
  0.950831 seconds (274.31 k allocations: 277.235 MiB)
2076
  0.879803 seconds (499.77 k allocations: 495.286 MiB)
8336
  0.884538 seconds (491.53 k allocations: 484.765 MiB)
5826
  0.881602 seconds (240.67 k allocations: 238.018 MiB)
837
  0.885178 seconds (237.83 k allocations: 237.935 MiB)
7074
  0.881847 seconds (178.52 k allocations: 181.355 MiB)
9591
  0.887641 seconds (195.54 k allocations: 196.621 MiB)
  0.895120 seconds (211.99 k allocations: 214.794 MiB)
2077
  0.881600 seconds (201.03 k allocations: 202.689 MiB)
3336
4592
  0.857790 seconds (510.17 k allocations: 503.770 MiB)
8337
  0.876771 seconds (223.71 k allocations: 224.056 MiB)
7075
  0.870662 seconds (194.24 k allocations: 194.825 MiB)
  0.860593 seconds (157.74 k allocations: 160.011 MiB)
5827
  0.873770 seconds (198.80 k allocations: 200.781 MiB)
838
9592
  0.869684 seconds (203.09 k allocations: 205.060 MiB)
2078
  0.868859 seconds (221.28 k allocations: 222.658 MiB)
  0.867316 seconds (230.82 k allocations: 231.719 MiB)
4593
3337
  1.329304 seconds (373.52 k allocations: 369.716 MiB, 23.33% gc time)
  1.183851 seconds (66.65 k allocations: 65.065 MiB, 26.19% gc time)
7076
8338
  0.873315 seconds (229.62 k allocations: 227.069 MiB)
9593
  0.986057 seconds (418.88 k allocations: 414.885 MiB)
839
  0.891986 seconds (83.57 k allocations: 84.018 MiB)
7077
  0.951880 seconds (201.27 k allocations: 201.743 MiB)
5828
  0.979169 seconds (298.26 k allocations: 298.404 MiB)
  0.959032 seconds (221.16 k allocations: 222.871 MiB)
3338
2079
  0.950475 seconds (219.29 k allocations: 221.961 MiB)
4594
  0.940497 seconds (315.39 k allocations: 312.904 MiB)
8339
  0.873554 seconds (554.49 k allocations: 549.031 MiB)
9594
  0.878306 seconds (294.47 k allocations: 291.768 MiB)
840
  0.866042 seconds (152.01 k allocations: 155.637 MiB)
5829
  0.874315 seconds (161.84 k allocations: 164.001 MiB)
2080
  0.877643 seconds (172.24 k allocations: 175.355 MiB)
7078
  0.873458 seconds (168.16 k allocations: 170.404 MiB)
  0.879024 seconds (181.62 k allocations: 185.604 MiB)
4595
3339
  0.864753 seconds (244.03 k allocations: 244.582 MiB)
8340
  0.870962 seconds (554.49 k allocations: 549.031 MiB)
9595
  0.854081 seconds (202.57 k allocations: 202.622 MiB)
5830
  0.880576 seconds (300.62 k allocations: 299.076 MiB)
841
  0.870963 seconds (186.84 k allocations: 189.148 MiB)
2081
  0.869810 seconds (180.01 k allocations: 182.785 MiB)
3340
  0.868211 seconds (186.63 k allocations: 188.093 MiB)
4596
  0.873526 seconds (214.38 k allocations: 216.023 MiB)
7079
  0.867614 seconds (241.16 k allocations: 241.850 MiB)
8341
  1.802556 seconds (491.45 k allocations: 485.036 MiB, 39.65% gc time)
  1.666037 seconds (184.81 k allocations: 180.534 MiB, 42.90% gc time)
  1.621575 seconds (82.83 k allocations: 81.695 MiB, 44.08% gc time)
  1.594549 seconds (25.75 k allocations: 25.856 MiB, 44.83% gc time)
  1.590938 seconds (21.09 k allocations: 20.262 MiB, 44.93% gc time)
3341
842
4597
2082
9596
  0.888975 seconds (358.26 k allocations: 350.188 MiB)
7080
  0.965523 seconds (495.19 k allocations: 485.129 MiB)
5831
  0.961120 seconds (381.86 k allocations: 375.592 MiB)
8342
  0.930972 seconds (231.94 k allocations: 233.547 MiB)
9597
  0.935458 seconds (236.42 k allocations: 237.993 MiB)
843
  0.935404 seconds (240.24 k allocations: 241.847 MiB)
2083
  0.933918 seconds (250.21 k allocations: 251.533 MiB)
4598
  0.932455 seconds (265.72 k allocations: 266.585 MiB)
3342
  0.885417 seconds (554.50 k allocations: 549.056 MiB)
7081
  0.865169 seconds (504.71 k allocations: 498.794 MiB)
5832
  0.872658 seconds (427.58 k allocations: 419.347 MiB)
8343
  0.874812 seconds (323.08 k allocations: 320.760 MiB)
9598
  0.864265 seconds (274.32 k allocations: 274.277 MiB)
2084
  0.871865 seconds (318.43 k allocations: 317.889 MiB)
844
  0.869604 seconds (354.17 k allocations: 352.287 MiB)
3343
  0.877498 seconds (388.86 k allocations: 385.652 MiB)
4599
  0.873989 seconds (530.99 k allocations: 525.149 MiB)
7082
  0.867550 seconds (507.79 k allocations: 501.695 MiB)
5833
  0.863253 seconds (476.50 k allocations: 468.948 MiB)
8344
  0.863970 seconds (338.76 k allocations: 335.733 MiB)
  0.871859 seconds (352.86 k allocations: 351.778 MiB)
9599
2085
  0.869450 seconds (311.67 k allocations: 311.406 MiB)
3344
  0.865356 seconds (289.91 k allocations: 289.530 MiB)
4600
  0.870147 seconds (302.01 k allocations: 302.522 MiB)
845
  1.123607 seconds (274.57 k allocations: 271.026 MiB, 18.90% gc time)  1.163540 seconds (348.40 k allocations: 344.324 MiB, 18.25% gc time)  1.075751 seconds (220.80 k allocations: 218.353 MiB, 19.74% gc time)


7083
5834
8345
  0.890416 seconds (287.50 k allocations: 283.702 MiB)
9600
  0.879881 seconds (79.22 k allocations: 78.447 MiB)
5835
  0.883749 seconds (83.19 k allocations: 83.662 MiB)
  0.889188 seconds (85.94 k allocations: 88.881 MiB)
8346
7084
  0.953844 seconds (289.45 k allocations: 291.219 MiB)
2086
  0.956512 seconds (298.85 k allocations: 300.379 MiB)
4601
  0.941780 seconds (267.89 k allocations: 269.683 MiB)
846
  0.965063 seconds (373.35 k allocations: 373.263 MiB)
3345
  0.880967 seconds (554.50 k allocations: 549.044 MiB)
9601
  0.854831 seconds (172.66 k allocations: 173.976 MiB)
8347
  0.855430 seconds (125.39 k allocations: 127.726 MiB)
5836
  0.871580 seconds (199.32 k allocations: 202.307 MiB)
2087
  0.869100 seconds (165.30 k allocations: 166.267 MiB)
847
  0.876402 seconds (185.74 k allocations: 189.673 MiB)
4602
  0.874696 seconds (186.32 k allocations: 189.165 MiB)
7085
  0.868356 seconds (205.07 k allocations: 207.323 MiB)
3346
  0.868422 seconds (528.72 k allocations: 520.591 MiB)
9602
  0.857534 seconds (221.30 k allocations: 220.523 MiB)
8348
  0.871021 seconds (224.37 k allocations: 224.885 MiB)
2088
  0.854879 seconds (134.25 k allocations: 136.372 MiB)
5837
  0.866436 seconds (166.80 k allocations: 170.157 MiB)
4603
  0.869840 seconds (177.21 k allocations: 181.521 MiB)
848
  0.867490 seconds (178.94 k allocations: 182.145 MiB)
3347
  0.873317 seconds (260.13 k allocations: 260.012 MiB)
7086
  1.092916 seconds (207.05 k allocations: 206.581 MiB, 19.91% gc time)
9603
  0.873335 seconds (282.17 k allocations: 277.393 MiB)
8349
  0.882221 seconds (79.21 k allocations: 78.435 MiB)
9604
  0.972727 seconds (399.86 k allocations: 395.263 MiB)
2089
  0.951625 seconds (247.27 k allocations: 248.214 MiB)
3348
  0.947287 seconds (227.73 k allocations: 229.676 MiB)
  0.934100 seconds (184.48 k allocations: 187.223 MiB)
4604
849
  0.948650 seconds (281.09 k allocations: 281.092 MiB)
5838
  0.951354 seconds (372.80 k allocations: 370.277 MiB)
7087
  0.862229 seconds (554.50 k allocations: 549.050 MiB)
8350
  0.870556 seconds (336.44 k allocations: 331.979 MiB)
9605
  0.870514 seconds (296.83 k allocations: 294.197 MiB)
2090
  0.869371 seconds (215.49 k allocations: 216.563 MiB)
3349
  0.870554 seconds (218.73 k allocations: 219.835 MiB)
4605
  0.855987 seconds (181.74 k allocations: 183.398 MiB)
5839
  0.871212 seconds (238.47 k allocations: 240.327 MiB)
850
  0.874333 seconds (392.89 k allocations: 388.260 MiB)
7088
  0.871916 seconds (554.49 k allocations: 549.037 MiB)
8351
  0.874957 seconds (333.09 k allocations: 330.149 MiB)
9606
  0.876125 seconds (300.60 k allocations: 297.813 MiB)
2091
  0.860110 seconds (167.81 k allocations: 168.476 MiB)
  0.865832 seconds (185.31 k allocations: 188.462 MiB)
5840
3350
  0.876112 seconds (226.68 k allocations: 228.845 MiB)
4606
  0.864585 seconds (221.54 k allocations: 222.881 MiB)
851
  1.223365 seconds (204.79 k allocations: 204.401 MiB, 29.21% gc time)
  1.993611 seconds (284.29 k allocations: 283.131 MiB, 17.92% gc time)
8352
7089
  0.876575 seconds (302.37 k allocations: 297.914 MiB)
9607
  0.941996 seconds (219.12 k allocations: 218.445 MiB)
5841
  0.957310 seconds (275.69 k allocations: 275.227 MiB)
2092
  0.937950 seconds (170.96 k allocations: 173.924 MiB)
3351
  0.941366 seconds (187.54 k allocations: 189.995 MiB)
4607
  0.936308 seconds (192.39 k allocations: 193.588 MiB)
7090
  0.929540 seconds (205.83 k allocations: 206.623 MiB)
8353
  0.945498 seconds (243.67 k allocations: 245.466 MiB)
852
  0.872274 seconds (554.49 k allocations: 549.037 MiB)
9608
  0.863106 seconds (273.38 k allocations: 271.577 MiB)
5842
  0.866690 seconds (249.60 k allocations: 249.031 MiB)
2093
  0.868592 seconds (186.48 k allocations: 187.589 MiB)
  0.879285 seconds (238.20 k allocations: 239.287 MiB)
4608
3352
  0.865408 seconds (194.33 k allocations: 195.443 MiB)
8354
  0.874742 seconds (230.85 k allocations: 233.045 MiB)
7091
  0.875221 seconds (279.62 k allocations: 278.661 MiB)
853
  0.872034 seconds (554.50 k allocations: 549.044 MiB)
9609
  0.857789 seconds (359.46 k allocations: 353.956 MiB)
5843
  0.870430 seconds (255.38 k allocations: 254.543 MiB)
2094
  0.851014 seconds (137.09 k allocations: 139.088 MiB)
8355
  0.870148 seconds (194.22 k allocations: 196.392 MiB)
4609
  0.876723 seconds (222.41 k allocations: 224.763 MiB)
3353
  0.870579 seconds (255.79 k allocations: 254.453 MiB)
854
  0.874814 seconds (276.70 k allocations: 275.849 MiB)
7092
  1.022822 seconds (289.85 k allocations: 287.221 MiB, 15.14% gc time)
9610
  0.887579 seconds (227.94 k allocations: 225.489 MiB)
8356
  0.962971 seconds (351.06 k allocations: 345.914 MiB)
5844
  0.891952 seconds (99.12 k allocations: 98.901 MiB)
9611
  0.978140 seconds (325.31 k allocations: 322.872 MiB)
2095
  0.941387 seconds (201.38 k allocations: 202.021 MiB)
  0.966658 seconds (273.38 k allocations: 273.651 MiB)
4610
855
  0.945293 seconds (257.35 k allocations: 257.176 MiB)
7093
  0.981478 seconds (369.24 k allocations: 369.328 MiB)
3354
  0.878739 seconds (548.79 k allocations: 542.178 MiB)
8357
  0.888255 seconds (445.94 k allocations: 438.130 MiB)
5845
  0.893422 seconds (305.38 k allocations: 302.380 MiB)
  0.884397 seconds (265.29 k allocations: 262.800 MiB)
2096
9612
  0.884965 seconds (239.22 k allocations: 239.435 MiB)
7094
  0.883324 seconds (235.21 k allocations: 235.778 MiB)
856
  0.921731 seconds (442.77 k allocations: 435.820 MiB)
4611
  0.876175 seconds (443.86 k allocations: 438.269 MiB)
3355
  0.885279 seconds (554.50 k allocations: 549.063 MiB)
8358
  0.870990 seconds (339.46 k allocations: 337.645 MiB)
5846
  0.874401 seconds (280.38 k allocations: 279.618 MiB)
2097
  0.869620 seconds (247.34 k allocations: 244.589 MiB)
  0.871701 seconds (251.43 k allocations: 248.651 MiB)
857
9613
  0.877603 seconds (271.90 k allocations: 272.131 MiB)
7095
  1.166734 seconds (266.34 k allocations: 261.907 MiB, 26.05% gc time)
  1.905972 seconds (352.91 k allocations: 348.603 MiB, 15.95% gc time)
  1.896035 seconds (345.48 k allocations: 340.291 MiB, 16.03% gc time)
8359
3356
4612
  0.881220 seconds (296.15 k allocations: 291.975 MiB)
7096
  0.874450 seconds (94.31 k allocations: 95.328 MiB)
8360
  0.960035 seconds (328.88 k allocations: 324.884 MiB)
2098
  0.977569 seconds (384.38 k allocations: 380.624 MiB)
5847
  0.947572 seconds (274.59 k allocations: 274.503 MiB)
858
  0.969413 seconds (382.49 k allocations: 379.175 MiB)
9614
  0.940609 seconds (327.85 k allocations: 325.846 MiB)
3357
  0.936218 seconds (353.57 k allocations: 350.630 MiB)
4613
  0.879820 seconds (554.50 k allocations: 549.044 MiB)
7097
  0.873449 seconds (429.02 k allocations: 423.389 MiB)
8361
  0.872138 seconds (306.82 k allocations: 303.768 MiB)
2099
  0.870131 seconds (263.88 k allocations: 262.865 MiB)
5848
  0.871963 seconds (264.75 k allocations: 263.875 MiB)
859
  0.876400 seconds (289.87 k allocations: 288.121 MiB)
9615
  0.873952 seconds (298.50 k allocations: 296.554 MiB)
3358
  0.880523 seconds (338.82 k allocations: 336.524 MiB)
4614
  0.887667 seconds (554.49 k allocations: 549.037 MiB)
7098
  0.877570 seconds (404.12 k allocations: 398.095 MiB)
8362
  0.866776 seconds (269.23 k allocations: 266.579 MiB)
5849
  0.891400 seconds (322.09 k allocations: 319.790 MiB)
2100
  2.168343 seconds (281.86 k allocations: 280.237 MiB, 22.07% gc time)
  2.157403 seconds (260.21 k allocations: 259.683 MiB, 22.18% gc time)
  2.133051 seconds (219.86 k allocations: 220.803 MiB, 22.43% gc time)
  2.093206 seconds (183.59 k allocations: 184.904 MiB, 22.86% gc time)
860
  1.356843 seconds (106.48 k allocations: 109.767 MiB, 35.26% gc time)
9616
3359
4615
7099
  0.876219 seconds (415.66 k allocations: 406.345 MiB)
8363
  0.937077 seconds (260.14 k allocations: 258.943 MiB)
5850
  0.941102 seconds (200.68 k allocations: 202.206 MiB)
2101
  0.933519 seconds (155.26 k allocations: 155.243 MiB)
3360
  0.938868 seconds (173.68 k allocations: 174.285 MiB)
4616
  0.941290 seconds (187.79 k allocations: 189.187 MiB)
861
  0.945254 seconds (202.77 k allocations: 204.923 MiB)
9617
  0.933883 seconds (301.79 k allocations: 299.870 MiB)
7100
  0.881497 seconds (554.50 k allocations: 549.044 MiB)
8364
  0.866192 seconds (397.27 k allocations: 390.199 MiB)
5851
  0.880171 seconds (280.91 k allocations: 278.978 MiB)
2102
  0.867054 seconds (183.80 k allocations: 182.568 MiB)
  0.877128 seconds (214.56 k allocations: 216.626 MiB)
862
3361
  0.879501 seconds (227.45 k allocations: 229.572 MiB)
4617
  0.886993 seconds (285.17 k allocations: 285.007 MiB)
9618
  0.875288 seconds (342.12 k allocations: 339.690 MiB)
7101
  0.885313 seconds (554.49 k allocations: 549.031 MiB)
8365
  0.855704 seconds (444.81 k allocations: 437.227 MiB)
5852
  0.866180 seconds (323.13 k allocations: 318.155 MiB)
3362
  0.884024 seconds (367.38 k allocations: 363.121 MiB)
2103
  0.868028 seconds (300.11 k allocations: 298.933 MiB)
4618
  0.870121 seconds (285.40 k allocations: 283.812 MiB)
  0.874205 seconds (288.88 k allocations: 287.904 MiB)
9619
  1.343668 seconds (160.78 k allocations: 161.608 MiB, 33.42% gc time)
  2.098523 seconds (283.40 k allocations: 283.050 MiB, 21.40% gc time)
  1.299213 seconds (96.83 k allocations: 96.489 MiB, 34.56% gc time)
863
8366
7102
5853
  0.862383 seconds (112.76 k allocations: 114.057 MiB)
9620
  0.964824 seconds (359.64 k allocations: 355.384 MiB)
3363
  0.956731 seconds (264.42 k allocations: 264.451 MiB)
2104
  0.945632 seconds (187.06 k allocations: 189.368 MiB)
  0.922075 seconds (107.58 k allocations: 108.401 MiB)
5854
4619
  0.932550 seconds (153.04 k allocations: 155.945 MiB)
8367
  0.938591 seconds (183.41 k allocations: 187.633 MiB)
864
  0.936697 seconds (204.88 k allocations: 207.134 MiB)
7103
  0.870286 seconds (554.49 k allocations: 549.037 MiB)
9621
  0.864975 seconds (261.11 k allocations: 259.843 MiB)
3364
  0.864537 seconds (146.76 k allocations: 148.162 MiB)
5855
  0.868669 seconds (156.82 k allocations: 159.214 MiB)
  0.872144 seconds (173.57 k allocations: 178.056 MiB)
4620
2105
  0.869189 seconds (182.17 k allocations: 183.812 MiB)
865
  0.868548 seconds (203.79 k allocations: 204.689 MiB)
  0.878563 seconds (222.13 k allocations: 225.717 MiB)
7104
8368
  0.869550 seconds (554.49 k allocations: 549.031 MiB)
9622
  1.065878 seconds (286.29 k allocations: 282.739 MiB, 14.66% gc time)
  1.041926 seconds (112.72 k allocations: 112.922 MiB, 14.99% gc time)
  1.045505 seconds (129.92 k allocations: 131.850 MiB, 14.94% gc time)
  1.042633 seconds (115.45 k allocations: 115.598 MiB, 14.98% gc time)
  1.028378 seconds (62.07 k allocations: 63.335 MiB, 15.19% gc time)
  1.024230 seconds (56.59 k allocations: 56.128 MiB, 15.25% gc time)
  1.024340 seconds (56.79 k allocations: 56.562 MiB, 15.25% gc time)
3365
5856
866
7105
8369
4621
2106
  0.886228 seconds (470.40 k allocations: 458.742 MiB)
9623
  0.874815 seconds (85.77 k allocations: 85.950 MiB)
  0.879609 seconds (100.68 k allocations: 105.256 MiB)
  0.880952 seconds (103.86 k allocations: 110.099 MiB)
4622
7106
5857
  0.879176 seconds (93.24 k allocations: 98.535 MiB)
3366
  0.887051 seconds (139.16 k allocations: 142.645 MiB)
  0.881259 seconds (140.35 k allocations: 143.918 MiB)
8370
  0.890454 seconds (151.54 k allocations: 157.264 MiB)
2107
867
  0.883284 seconds (554.49 k allocations: 549.031 MiB)
9624
  0.858808 seconds (80.03 k allocations: 81.674 MiB)
5858
  0.869165 seconds (115.38 k allocations: 120.547 MiB)
4623
  0.871952 seconds (113.61 k allocations: 117.822 MiB)
8371
  0.872859 seconds (117.05 k allocations: 118.851 MiB)
  0.883798 seconds (146.58 k allocations: 153.364 MiB)
7107
2108
  0.876659 seconds (135.66 k allocations: 139.495 MiB)
  0.881951 seconds (144.13 k allocations: 150.749 MiB)
868
3367
  0.866728 seconds (534.55 k allocations: 525.764 MiB)
9625
  0.853510 seconds (180.87 k allocations: 183.066 MiB)
5859
  0.859698 seconds (176.17 k allocations: 178.760 MiB)
4624
  0.858777 seconds (156.79 k allocations: 160.373 MiB)
8372
  0.872726 seconds (160.72 k allocations: 164.327 MiB)
7108
  0.867292 seconds (152.99 k allocations: 155.897 MiB)
  0.870060 seconds (155.78 k allocations: 159.035 MiB)
869
3368
  0.873289 seconds (170.42 k allocations: 174.147 MiB)
2109
  1.331819 seconds (311.97 k allocations: 308.386 MiB, 30.83% gc time)
9626
  0.869846 seconds (63.35 k allocations: 64.311 MiB)
9627
  0.942686 seconds (190.64 k allocations: 191.180 MiB)
5860
  0.945269 seconds (174.95 k allocations: 175.116 MiB)
  0.970674 seconds (278.25 k allocations: 278.977 MiB)
  0.949715 seconds (186.71 k allocations: 189.059 MiB)
7109
8373
4625
  0.944599 seconds (254.50 k allocations: 253.004 MiB)
3369
  1.312346 seconds (475.26 k allocations: 470.558 MiB)
2110
  1.343836 seconds (510.52 k allocations: 506.926 MiB)
870
  0.874499 seconds (395.84 k allocations: 390.211 MiB)
9628
  0.872158 seconds (313.36 k allocations: 311.445 MiB)
5861
  0.867531 seconds (267.84 k allocations: 266.826 MiB)
4626
  0.875142 seconds (296.29 k allocations: 295.474 MiB)
7110
  0.868022 seconds (335.51 k allocations: 333.172 MiB)
3370
  0.933606 seconds (554.49 k allocations: 549.018 MiB)
8374
  0.871211 seconds (502.80 k allocations: 498.161 MiB)
2111
  0.869806 seconds (501.55 k allocations: 497.140 MiB)
871
  0.853944 seconds (331.97 k allocations: 329.251 MiB)
5862
  0.870963 seconds (398.67 k allocations: 395.725 MiB)
9629
  0.869045 seconds (332.50 k allocations: 331.350 MiB)
4627
  0.874040 seconds (354.04 k allocations: 352.132 MiB)
7111
  0.858846 seconds (349.29 k allocations: 347.759 MiB)
3371
  2.083170 seconds (444.64 k allocations: 439.021 MiB, 20.16% gc time)
  1.733826 seconds (311.19 k allocations: 307.264 MiB, 24.22% gc time)
  1.713109 seconds (286.42 k allocations: 282.329 MiB, 24.51% gc time)
  1.278111 seconds (71.42 k allocations: 68.485 MiB, 32.85% gc time)
872
8375
5863
2112
  0.885049 seconds (308.49 k allocations: 303.786 MiB)
9630
  0.965045 seconds (362.90 k allocations: 357.272 MiB)
4628
  0.957339 seconds (263.99 k allocations: 261.568 MiB)
3372
  0.981689 seconds (319.92 k allocations: 317.710 MiB)
7112
  0.931779 seconds (159.97 k allocations: 159.942 MiB)
2113
  0.942091 seconds (186.93 k allocations: 188.378 MiB)
8376
  0.946757 seconds (211.00 k allocations: 212.840 MiB)
  0.945923 seconds (212.59 k allocations: 214.483 MiB)
873
5864
  0.888454 seconds (554.50 k allocations: 549.044 MiB)
9631
  0.882933 seconds (406.69 k allocations: 397.940 MiB)
4629
  0.877312 seconds (270.93 k allocations: 269.411 MiB)
3373
  0.880789 seconds (247.44 k allocations: 247.132 MiB)
2114
  0.880270 seconds (243.93 k allocations: 243.916 MiB)
7113
  0.876316 seconds (237.53 k allocations: 237.939 MiB)
874
  0.880980 seconds (291.80 k allocations: 291.348 MiB)
8377
  0.873617 seconds (383.91 k allocations: 380.899 MiB)
5865
  0.879802 seconds (552.22 k allocations: 545.451 MiB)
9632
  0.875362 seconds (437.56 k allocations: 430.087 MiB)
4630
  0.883625 seconds (359.03 k allocations: 355.014 MiB)
3374
  0.883667 seconds (310.01 k allocations: 308.219 MiB)
  0.872577 seconds (289.41 k allocations: 286.458 MiB)
2115
875
  0.886847 seconds (319.60 k allocations: 318.995 MiB)
7114
  0.867334 seconds (305.28 k allocations: 304.234 MiB)
8378
  0.876769 seconds (359.87 k allocations: 357.885 MiB)
5866
  1.623753 seconds (384.61 k allocations: 378.940 MiB, 37.94% gc time)
  1.509315 seconds (197.18 k allocations: 190.102 MiB, 40.81% gc time)
  1.544016 seconds (267.86 k allocations: 267.194 MiB, 39.90% gc time)
9633
3375
4631
  0.865607 seconds (268.99 k allocations: 265.981 MiB)
2116
  0.955154 seconds (290.00 k allocations: 285.068 MiB)
8379
  0.961281 seconds (289.58 k allocations: 286.060 MiB)
876
  0.936402 seconds (189.44 k allocations: 190.417 MiB)
5867
  1.003528 seconds (409.62 k allocations: 406.173 MiB)
  0.928521 seconds (178.68 k allocations: 180.456 MiB)
7115
9634
  0.943839 seconds (271.18 k allocations: 270.396 MiB)
3376
  0.937130 seconds (369.69 k allocations: 366.067 MiB)
4632
  0.878098 seconds (554.50 k allocations: 549.044 MiB)
2117
  0.866155 seconds (337.86 k allocations: 333.413 MiB)
8380
  0.869100 seconds (264.84 k allocations: 263.604 MiB)
877
  0.872750 seconds (232.12 k allocations: 232.457 MiB)
5868
  0.869409 seconds (197.57 k allocations: 198.375 MiB)
9635
  0.884043 seconds (251.91 k allocations: 253.020 MiB)
7116
  0.870802 seconds (234.78 k allocations: 235.555 MiB)
  0.863676 seconds (234.30 k allocations: 235.017 MiB)
3377
4633
  0.880461 seconds (554.49 k allocations: 549.037 MiB)
2118
  0.854240 seconds (199.93 k allocations: 200.051 MiB)
  0.867877 seconds (266.39 k allocations: 266.253 MiB)
878
8381
  0.876079 seconds (218.43 k allocations: 219.370 MiB)
5869
  0.872698 seconds (196.76 k allocations: 197.585 MiB)
7117
  0.886870 seconds (236.32 k allocations: 238.082 MiB)
9636
  0.869131 seconds (216.17 k allocations: 217.765 MiB)
4634
  0.870982 seconds (239.00 k allocations: 239.776 MiB)
3378
  1.443909 seconds (58.23 k allocations: 56.983 MiB, 39.86% gc time)
  1.575162 seconds (391.01 k allocations: 386.492 MiB, 36.54% gc time)
  1.429489 seconds (22.57 k allocations: 21.625 MiB, 40.26% gc time)
8382
879
2119
  0.866918 seconds (371.07 k allocations: 363.706 MiB)
5870
  0.942831 seconds (216.22 k allocations: 214.462 MiB)
9637
  0.967405 seconds (288.70 k allocations: 287.667 MiB)
7118
  0.955530 seconds (229.62 k allocations: 230.092 MiB)
4635
  0.949880 seconds (213.26 k allocations: 214.627 MiB)
3379
  0.932425 seconds (173.91 k allocations: 175.926 MiB)
  0.933959 seconds (180.36 k allocations: 183.436 MiB)
2120
8383
  0.931894 seconds (203.12 k allocations: 205.458 MiB)
880
  0.863758 seconds (554.49 k allocations: 549.037 MiB)
5871
  0.869866 seconds (212.76 k allocations: 213.591 MiB)
9638
  0.868332 seconds (167.79 k allocations: 169.506 MiB)
4636
  0.865570 seconds (127.82 k allocations: 128.990 MiB)
8384
  0.871202 seconds (140.94 k allocations: 145.412 MiB)
  0.869752 seconds (140.26 k allocations: 143.663 MiB)
2121
3380
  0.866231 seconds (155.39 k allocations: 158.369 MiB)
  0.892996 seconds (253.59 k allocations: 259.041 MiB)
881
7119
  0.871052 seconds (554.50 k allocations: 549.050 MiB)
5872
  0.868499 seconds (235.09 k allocations: 234.956 MiB)
4637
  0.874599 seconds (231.58 k allocations: 231.776 MiB)
  0.853805 seconds (139.21 k allocations: 142.285 MiB)
9639
8385
  0.872776 seconds (203.84 k allocations: 205.593 MiB)
3381
  0.867100 seconds (196.74 k allocations: 198.981 MiB)
2122
  0.870718 seconds (260.73 k allocations: 259.178 MiB)
7120
  0.873266 seconds (279.29 k allocations: 278.359 MiB)
882
  1.188160 seconds (11.28 k allocations: 10.800 MiB, 26.89% gc time)
  1.196232 seconds (29.20 k allocations: 29.195 MiB, 26.71% gc time)
  1.292088 seconds (310.53 k allocations: 309.451 MiB, 24.73% gc time)
5873
4638
9640
  0.894479 seconds (352.20 k allocations: 345.629 MiB)
8386
  0.886430 seconds (79.21 k allocations: 78.441 MiB)
4639
  0.957881 seconds (270.17 k allocations: 269.920 MiB)
3382
  0.953944 seconds (232.65 k allocations: 234.194 MiB)
2123
  0.929018 seconds (144.00 k allocations: 147.110 MiB)
5874
  0.943944 seconds (191.71 k allocations: 195.390 MiB)
883
  0.951001 seconds (229.04 k allocations: 232.509 MiB)
7121
  0.944921 seconds (295.83 k allocations: 294.169 MiB)
9641
  0.878035 seconds (554.49 k allocations: 549.037 MiB)
8387
  0.878699 seconds (392.84 k allocations: 385.910 MiB)
4640
  0.869093 seconds (181.11 k allocations: 182.275 MiB)
3383
  0.863280 seconds (146.68 k allocations: 148.266 MiB)
884
  0.879115 seconds (208.28 k allocations: 211.069 MiB)
2124
  0.873238 seconds (176.16 k allocations: 179.302 MiB)
7122
  0.870300 seconds (185.32 k allocations: 188.243 MiB)
5875
  0.864457 seconds (223.55 k allocations: 224.994 MiB)
9642
  0.869458 seconds (553.52 k allocations: 546.712 MiB)
8388
  0.869969 seconds (222.57 k allocations: 222.966 MiB)
4641
  0.862549 seconds (128.22 k allocations: 131.639 MiB)
885
  0.864602 seconds (125.66 k allocations: 130.621 MiB)
3384
  0.864502 seconds (118.58 k allocations: 124.017 MiB)
5876
  0.868769 seconds (116.03 k allocations: 120.504 MiB)
  0.872558 seconds (123.55 k allocations: 130.291 MiB)
2125
7123
  0.877919 seconds (163.19 k allocations: 167.212 MiB)
9643
  1.286745 seconds (345.12 k allocations: 341.329 MiB, 33.55% gc time)
8389
  0.870260 seconds (280.73 k allocations: 277.240 MiB)
2126
  0.945226 seconds (160.40 k allocations: 159.818 MiB)
886
  0.955081 seconds (180.79 k allocations: 181.946 MiB)
  0.965167 seconds (214.30 k allocations: 216.619 MiB)
4642
3385
  0.930795 seconds (124.27 k allocations: 127.002 MiB)
5877
  0.997955 seconds (356.10 k allocations: 356.378 MiB)
7124
  0.950022 seconds (228.03 k allocations: 229.116 MiB)
9644
  0.942308 seconds (335.97 k allocations: 332.564 MiB)
8390
  0.873287 seconds (554.49 k allocations: 549.031 MiB)
2127
  0.868086 seconds (179.60 k allocations: 178.180 MiB)
4643
  0.870715 seconds (180.97 k allocations: 180.889 MiB)
  0.878462 seconds (229.38 k allocations: 231.480 MiB)
3386
887
  0.876666 seconds (200.27 k allocations: 202.195 MiB)
5878
  0.869602 seconds (218.79 k allocations: 218.860 MiB)
7125
  0.885636 seconds (262.09 k allocations: 262.941 MiB)
9645
  0.870571 seconds (267.88 k allocations: 267.422 MiB)
8391
  0.875295 seconds (554.50 k allocations: 549.050 MiB)
2128
  0.863063 seconds (239.00 k allocations: 236.247 MiB)
888
  0.870347 seconds (254.18 k allocations: 253.412 MiB)
3387
  0.879063 seconds (270.76 k allocations: 269.464 MiB)
4644
  0.854340 seconds (169.18 k allocations: 172.438 MiB)
5879
  0.869825 seconds (256.95 k allocations: 256.608 MiB)
9646
  0.870016 seconds (269.77 k allocations: 267.833 MiB)
8392
  0.875290 seconds (304.10 k allocations: 302.090 MiB)
7126
  1.430666 seconds (372.91 k allocations: 367.918 MiB, 31.32% gc time)
  1.315906 seconds (27.80 k allocations: 26.602 MiB, 34.05% gc time)
3388
2129
  0.858323 seconds (323.64 k allocations: 317.110 MiB)
5880
  0.960262 seconds (348.40 k allocations: 342.184 MiB)
4645
  0.980203 seconds (407.68 k allocations: 401.598 MiB)
889
  0.942594 seconds (227.34 k allocations: 226.701 MiB)
  0.949209 seconds (246.10 k allocations: 247.071 MiB)
8393
9647
  0.953661 seconds (286.15 k allocations: 284.536 MiB)
7127
  0.942323 seconds (318.04 k allocations: 316.455 MiB)
3389
  0.935921 seconds (323.42 k allocations: 321.817 MiB)
2130
  0.854876 seconds (554.49 k allocations: 549.037 MiB)
5881
  0.870621 seconds (411.83 k allocations: 406.877 MiB)
4646
  0.869264 seconds (358.80 k allocations: 353.514 MiB)
890
  0.854468 seconds (207.23 k allocations: 207.417 MiB)
8394
  0.869667 seconds (265.57 k allocations: 264.647 MiB)
9648
  0.880611 seconds (326.92 k allocations: 323.540 MiB)
7128
  0.868974 seconds (306.57 k allocations: 304.280 MiB)
3390
  0.869249 seconds (320.96 k allocations: 318.217 MiB)
2131
  0.867423 seconds (554.50 k allocations: 549.044 MiB)
5882
  0.864112 seconds (365.95 k allocations: 360.162 MiB)
891
  0.882800 seconds (370.89 k allocations: 365.083 MiB)
4647
  0.873005 seconds (298.97 k allocations: 296.453 MiB)
8395
  0.870313 seconds (253.63 k allocations: 253.237 MiB)
9649
  0.879312 seconds (305.80 k allocations: 304.578 MiB)
2132
  0.878035 seconds (316.03 k allocations: 314.520 MiB)
3391
  0.871847 seconds (326.27 k allocations: 324.500 MiB)
7129
  1.196086 seconds (149.65 k allocations: 147.432 MiB, 27.19% gc time)
  1.313127 seconds (325.65 k allocations: 322.684 MiB, 24.77% gc time)
892
5883
  0.865958 seconds (373.24 k allocations: 365.761 MiB)
8396
  0.967541 seconds (388.99 k allocations: 382.215 MiB)
4648
  0.961146 seconds (327.47 k allocations: 323.525 MiB)
9650
  0.933359 seconds (185.54 k allocations: 185.432 MiB)
3392
  0.953941 seconds (258.72 k allocations: 259.340 MiB)
  0.948299 seconds (245.97 k allocations: 246.002 MiB)
2133
7130
  0.925486 seconds (231.28 k allocations: 230.986 MiB)
5884
  0.942964 seconds (285.97 k allocations: 285.940 MiB)
893
  0.865296 seconds (554.49 k allocations: 549.031 MiB)
8397
  0.869584 seconds (413.42 k allocations: 405.609 MiB)
4649
  0.869275 seconds (301.90 k allocations: 299.055 MiB)
9651
  0.866395 seconds (223.77 k allocations: 224.478 MiB)
3393
  0.870790 seconds (214.04 k allocations: 214.142 MiB)
2134
  0.874842 seconds (234.17 k allocations: 234.811 MiB)
7131
  0.878706 seconds (289.01 k allocations: 287.462 MiB)
894
  0.912721 seconds (422.24 k allocations: 418.826 MiB)
5885
  0.869393 seconds (554.50 k allocations: 549.069 MiB)
8398
  0.872034 seconds (446.10 k allocations: 439.686 MiB)
4650
  0.874198 seconds (335.37 k allocations: 329.889 MiB)
  0.872575 seconds (328.36 k allocations: 323.278 MiB)
9652
3394
  0.874696 seconds (301.32 k allocations: 298.900 MiB)
2135
  0.859569 seconds (253.35 k allocations: 254.413 MiB)
895
  0.853314 seconds (265.79 k allocations: 265.258 MiB)
5886
  0.873629 seconds (322.12 k allocations: 321.813 MiB)
7132
  1.259763 seconds (286.56 k allocations: 285.285 MiB, 18.35% gc time)
  1.148555 seconds (139.81 k allocations: 139.359 MiB, 20.13% gc time)
8399
4651
  0.858360 seconds (366.52 k allocations: 359.310 MiB)
3395
  0.971196 seconds (370.81 k allocations: 364.851 MiB)
9653
  0.957624 seconds (261.40 k allocations: 260.310 MiB)
2136
  0.947182 seconds (187.87 k allocations: 190.137 MiB)
896
  0.941287 seconds (171.03 k allocations: 172.985 MiB)
7133
  0.948868 seconds (197.72 k allocations: 201.090 MiB)
5887
  0.937699 seconds (184.81 k allocations: 187.685 MiB)
4652
  0.937181 seconds (223.39 k allocations: 224.792 MiB)
8400
  0.869900 seconds (554.46 k allocations: 548.942 MiB)
3396
  0.860338 seconds (254.42 k allocations: 252.237 MiB)
2137
  0.875436 seconds (330.73 k allocations: 327.860 MiB)
9654
  0.855060 seconds (143.22 k allocations: 146.184 MiB)
5888
  0.876348 seconds (226.49 k allocations: 228.481 MiB)
7134
  0.866031 seconds (207.53 k allocations: 206.856 MiB)
4653
  0.878893 seconds (265.75 k allocations: 265.180 MiB)
8401
  0.889077 seconds (320.25 k allocations: 319.972 MiB)
897
  0.868555 seconds (554.49 k allocations: 549.012 MiB)
3397
  0.853487 seconds (228.22 k allocations: 225.931 MiB)
5889
  0.879138 seconds (365.70 k allocations: 361.323 MiB)
2138
  0.868062 seconds (267.06 k allocations: 267.142 MiB)
9655
  0.874761 seconds (266.25 k allocations: 265.322 MiB)
7135
  0.870342 seconds (262.92 k allocations: 262.303 MiB)
  1.951021 seconds (247.56 k allocations: 247.761 MiB, 15.06% gc time)
  1.167245 seconds (164.33 k allocations: 164.225 MiB, 25.17% gc time)
  1.944439 seconds (243.40 k allocations: 242.525 MiB, 15.11% gc time)
4654
3398
898
8402
  0.867576 seconds (392.19 k allocations: 383.898 MiB)
5890
  0.876982 seconds (79.22 k allocations: 78.454 MiB)
3399
  0.954684 seconds (338.31 k allocations: 335.140 MiB)
9656
  0.961833 seconds (343.31 k allocations: 340.121 MiB)
2139
  0.946412 seconds (256.92 k allocations: 257.606 MiB)
7136
  0.937855 seconds (244.87 k allocations: 242.596 MiB)
  0.939609 seconds (246.36 k allocations: 244.297 MiB)
8403
899
  0.944377 seconds (260.67 k allocations: 264.177 MiB)
4655
  0.874895 seconds (554.49 k allocations: 549.031 MiB)
5891
  0.863931 seconds (439.31 k allocations: 429.919 MiB)
3400
  0.879794 seconds (350.78 k allocations: 345.829 MiB)
9657
  0.866783 seconds (242.31 k allocations: 242.228 MiB)
2140
  0.879117 seconds (259.47 k allocations: 258.827 MiB)
  0.875178 seconds (257.39 k allocations: 255.428 MiB)
8404
4656
  0.882470 seconds (285.25 k allocations: 283.836 MiB)
900
  0.897771 seconds (350.41 k allocations: 351.280 MiB)
7137
  0.863078 seconds (529.38 k allocations: 523.581 MiB)
5892
  0.880370 seconds (435.65 k allocations: 431.262 MiB)
3401
  0.871326 seconds (306.68 k allocations: 302.419 MiB)
9658
  0.872773 seconds (284.29 k allocations: 281.168 MiB)
2141
  0.873396 seconds (207.98 k allocations: 207.078 MiB)
4657
  0.891797 seconds (247.54 k allocations: 246.351 MiB)
8405
  0.872230 seconds (215.57 k allocations: 215.969 MiB)
901
  0.875162 seconds (240.28 k allocations: 239.779 MiB)
7138
  0.866772 seconds (237.33 k allocations: 233.249 MiB)
4658
  0.897420 seconds (295.80 k allocations: 293.044 MiB)
5893
  0.916185 seconds (330.88 k allocations: 325.563 MiB)
9659
  0.890538 seconds (230.24 k allocations: 229.450 MiB)
2142
  0.948403 seconds (377.02 k allocations: 373.748 MiB)
3402
  0.937225 seconds (336.98 k allocations: 334.405 MiB)
902
  0.943530 seconds (344.39 k allocations: 345.367 MiB)
8406
  0.944007 seconds (360.63 k allocations: 359.864 MiB)
7139
  0.865784 seconds (478.00 k allocations: 473.034 MiB)
4659
  0.874652 seconds (440.92 k allocations: 436.312 MiB)
5894
  0.872906 seconds (426.05 k allocations: 422.280 MiB)
9660
  0.872489 seconds (463.82 k allocations: 457.178 MiB)
2143
  0.880862 seconds (386.57 k allocations: 382.908 MiB)
3403
  0.874169 seconds (340.06 k allocations: 338.578 MiB)
7140
  0.882932 seconds (357.14 k allocations: 357.482 MiB)
  0.870439 seconds (340.68 k allocations: 339.981 MiB)
903
8407
  0.862390 seconds (448.60 k allocations: 443.484 MiB)
4660
  0.864232 seconds (429.88 k allocations: 425.755 MiB)
5895
  0.863156 seconds (432.89 k allocations: 428.821 MiB)
9661
  0.884560 seconds (521.02 k allocations: 514.375 MiB)
2144
  0.877770 seconds (368.35 k allocations: 365.476 MiB)
3404
  0.872161 seconds (332.42 k allocations: 331.270 MiB)
904
  0.866765 seconds (323.89 k allocations: 323.300 MiB)
8408
  0.872320 seconds (366.34 k allocations: 364.104 MiB)
7141
  1.289180 seconds (371.28 k allocations: 365.982 MiB, 22.52% gc time)
  1.256659 seconds (314.63 k allocations: 309.168 MiB, 23.10% gc time)
  1.167466 seconds (24.20 k allocations: 23.135 MiB, 24.87% gc time)
  1.288214 seconds (370.18 k allocations: 364.956 MiB, 22.54% gc time)
  1.195967 seconds (152.21 k allocations: 146.923 MiB, 24.28% gc time)
9662
3405
4661
5896
2145
  0.876326 seconds (360.69 k allocations: 353.724 MiB)
7142
  0.880643 seconds (82.07 k allocations: 82.410 MiB)
3406
  0.951377 seconds (362.13 k allocations: 356.711 MiB)
905
  0.966977 seconds (410.68 k allocations: 405.800 MiB)
8409
  0.923559 seconds (240.14 k allocations: 236.661 MiB)
2146
  0.935606 seconds (262.29 k allocations: 262.934 MiB)
  0.933024 seconds (261.50 k allocations: 261.101 MiB)
9663
4662
  0.940816 seconds (307.21 k allocations: 307.515 MiB)
5897
  0.876944 seconds (554.50 k allocations: 549.044 MiB)
7143
  0.869100 seconds (355.20 k allocations: 348.652 MiB)
3407
  0.878625 seconds (358.21 k allocations: 352.958 MiB)
906
  0.869290 seconds (280.42 k allocations: 278.702 MiB)
8410
  0.863831 seconds (220.21 k allocations: 218.805 MiB)
  0.860754 seconds (220.04 k allocations: 218.147 MiB)
2147
5898
  0.871561 seconds (249.88 k allocations: 252.423 MiB)
  0.865094 seconds (233.00 k allocations: 235.188 MiB)
9664
4663
  0.870639 seconds (554.49 k allocations: 549.018 MiB)
7144
  0.859253 seconds (304.28 k allocations: 299.945 MiB)
3408
  0.869871 seconds (302.48 k allocations: 299.605 MiB)
907
  0.868661 seconds (243.72 k allocations: 243.555 MiB)
8411
  0.864825 seconds (186.75 k allocations: 188.003 MiB)
  0.862323 seconds (186.44 k allocations: 187.847 MiB)
4664
  0.870699 seconds (202.81 k allocations: 206.798 MiB)
2148
9665
  0.860057 seconds (213.80 k allocations: 215.668 MiB)
5899
  1.163904 seconds (315.88 k allocations: 314.552 MiB, 15.53% gc time)
  1.054597 seconds (60.53 k allocations: 59.281 MiB, 17.14% gc time)
  1.058436 seconds (67.96 k allocations: 67.598 MiB, 17.08% gc time)
7145
908
8412
  0.873485 seconds (367.62 k allocations: 360.361 MiB)
3409
  0.879515 seconds (117.15 k allocations: 117.185 MiB)
8413
  0.886377 seconds (118.71 k allocations: 118.859 MiB)
7146
  0.959203 seconds (332.07 k allocations: 330.550 MiB)
  0.942144 seconds (248.45 k allocations: 249.467 MiB)
4665
2149
  0.950008 seconds (290.26 k allocations: 290.937 MiB)
9666
  0.953169 seconds (326.15 k allocations: 325.449 MiB)
5900
  0.944344 seconds (525.48 k allocations: 518.822 MiB)
909
  0.870057 seconds (554.49 k allocations: 549.037 MiB)
3410
  0.871309 seconds (384.62 k allocations: 379.458 MiB)
8414
  0.868024 seconds (227.84 k allocations: 227.155 MiB)
  0.869143 seconds (230.44 k allocations: 230.613 MiB)
4666
2150
  0.883301 seconds (281.20 k allocations: 281.039 MiB)
7147
  0.867502 seconds (243.44 k allocations: 242.460 MiB)
5901
  0.879184 seconds (284.95 k allocations: 284.828 MiB)
9667
  0.866120 seconds (504.08 k allocations: 497.123 MiB)
910
  0.879683 seconds (554.50 k allocations: 549.044 MiB)
3411
  0.870197 seconds (376.86 k allocations: 372.020 MiB)
8415
  0.865178 seconds (237.53 k allocations: 237.654 MiB)
4667
  0.868954 seconds (246.87 k allocations: 247.998 MiB)
2151
  0.860795 seconds (196.08 k allocations: 196.950 MiB)
5902
  0.861310 seconds (207.22 k allocations: 207.784 MiB)
9668
  0.882571 seconds (319.68 k allocations: 316.825 MiB)
7148
  1.108349 seconds (350.10 k allocations: 344.702 MiB, 21.95% gc time)
  1.850282 seconds (429.30 k allocations: 423.124 MiB, 13.15% gc time)
3412
911
  0.864103 seconds (276.38 k allocations: 271.912 MiB)
2152
  0.977749 seconds (363.11 k allocations: 361.485 MiB)
4668
  0.880632 seconds (82.36 k allocations: 82.852 MiB)
3413
  0.962310 seconds (284.41 k allocations: 283.740 MiB)
5903
  0.958963 seconds (274.53 k allocations: 274.491 MiB)
9669
  0.959533 seconds (310.29 k allocations: 308.878 MiB)
8416
  0.940578 seconds (428.52 k allocations: 422.170 MiB)
  0.957974 seconds (456.76 k allocations: 451.712 MiB)
912
7149
  0.862040 seconds (554.50 k allocations: 549.050 MiB)
2153
  0.860773 seconds (276.33 k allocations: 273.256 MiB)
3414
  0.865880 seconds (290.40 k allocations: 292.116 MiB)
4669
  0.864270 seconds (264.32 k allocations: 263.293 MiB)
  0.861669 seconds (252.44 k allocations: 251.512 MiB)
5904
9670
  0.872682 seconds (331.60 k allocations: 328.042 MiB)
8417
  0.873203 seconds (440.34 k allocations: 435.968 MiB)
913
  0.877013 seconds (455.25 k allocations: 451.627 MiB)
7150
  0.863542 seconds (554.50 k allocations: 549.056 MiB)
2154
  0.862375 seconds (291.70 k allocations: 290.721 MiB)
4670
  0.869493 seconds (302.84 k allocations: 302.779 MiB)
3415
  0.869624 seconds (298.94 k allocations: 299.228 MiB)
9671
  0.877555 seconds (333.81 k allocations: 331.379 MiB)
5905
  0.856670 seconds (259.51 k allocations: 259.048 MiB)
8418
  0.869223 seconds (373.40 k allocations: 369.435 MiB)
914
  1.150079 seconds (300.21 k allocations: 298.185 MiB, 13.04% gc time)
  1.030608 seconds (51.78 k allocations: 52.210 MiB, 14.55% gc time)
  1.880373 seconds (379.80 k allocations: 376.975 MiB, 7.97% gc time)
  1.016642 seconds (11.72 k allocations: 15.050 MiB, 14.75% gc time)
4671
7151
9672
2155
  0.878014 seconds (200.19 k allocations: 197.700 MiB)
5906
  0.922762 seconds (378.00 k allocations: 371.726 MiB)
3416
  0.920288 seconds (353.69 k allocations: 348.649 MiB)
8419
  0.876726 seconds (170.02 k allocations: 169.413 MiB)
4672
  0.934008 seconds (360.42 k allocations: 357.902 MiB)
915
  0.946402 seconds (383.26 k allocations: 379.950 MiB)
7152
  1.250491 seconds (475.29 k allocations: 470.640 MiB)
2156
  1.288025 seconds (517.84 k allocations: 513.988 MiB)
9673
  0.884049 seconds (415.91 k allocations: 412.199 MiB)
3417
  0.877545 seconds (390.64 k allocations: 388.209 MiB)
5907
  0.869151 seconds (373.60 k allocations: 370.675 MiB)
8420
  0.873373 seconds (422.52 k allocations: 418.709 MiB)
916
  0.876327 seconds (425.70 k allocations: 421.930 MiB)
7153
  0.937813 seconds (550.32 k allocations: 543.824 MiB)
4673
  0.863634 seconds (515.05 k allocations: 509.884 MiB)
2157
  0.879208 seconds (528.83 k allocations: 523.247 MiB)
9674
  0.857843 seconds (399.33 k allocations: 397.764 MiB)
5908
  0.864023 seconds (405.27 k allocations: 400.989 MiB)
8421
  0.871135 seconds (422.56 k allocations: 418.934 MiB)
3418
  0.874522 seconds (450.47 k allocations: 443.006 MiB)
917
  0.877321 seconds (452.17 k allocations: 447.260 MiB)
7154
  0.863066 seconds (441.29 k allocations: 438.258 MiB)
4674
  1.795791 seconds (340.72 k allocations: 338.112 MiB, 25.09% gc time)
  1.836999 seconds (384.11 k allocations: 380.863 MiB, 24.53% gc time)
  1.330459 seconds (94.94 k allocations: 94.332 MiB, 33.87% gc time)
  1.341426 seconds (113.01 k allocations: 113.332 MiB, 33.59% gc time)
  1.312180 seconds (68.51 k allocations: 67.416 MiB, 34.34% gc time)
8422
9675
2158
3419
5909
  0.874083 seconds (428.70 k allocations: 418.820 MiB)
918
  0.944564 seconds (267.18 k allocations: 265.650 MiB)
7155
  0.930752 seconds (199.48 k allocations: 199.824 MiB)
9676
  0.944272 seconds (246.00 k allocations: 246.999 MiB)
4675
  0.924816 seconds (187.41 k allocations: 189.880 MiB)
8423
  0.936807 seconds (262.23 k allocations: 261.606 MiB)
2159
  1.063525 seconds (475.26 k allocations: 470.539 MiB)
5910
  1.144569 seconds (556.22 k allocations: 551.869 MiB)
3420
  0.876320 seconds (554.47 k allocations: 548.974 MiB)
919
  0.864513 seconds (308.47 k allocations: 307.972 MiB)
7156
  0.857742 seconds (263.98 k allocations: 263.144 MiB)
  0.866608 seconds (283.99 k allocations: 284.513 MiB)
4676
8424
  0.877654 seconds (318.56 k allocations: 320.649 MiB)
9677
  0.861800 seconds (312.53 k allocations: 312.612 MiB)
2160
  0.870409 seconds (554.50 k allocations: 549.069 MiB)
5911
  0.869084 seconds (554.50 k allocations: 549.063 MiB)
3421
  0.872924 seconds (554.50 k allocations: 549.056 MiB)
920
  0.855599 seconds (257.58 k allocations: 256.836 MiB)
8425
  0.872797 seconds (322.00 k allocations: 322.327 MiB)
7157
  0.866200 seconds (275.81 k allocations: 278.296 MiB)
4677
  0.869944 seconds (295.53 k allocations: 296.121 MiB)
  0.862736 seconds (289.00 k allocations: 288.716 MiB)
2161
9678
  1.710780 seconds (303.89 k allocations: 301.688 MiB, 12.88% gc time)
  1.206357 seconds (224.86 k allocations: 223.415 MiB, 18.27% gc time)
  1.811653 seconds (383.37 k allocations: 380.363 MiB, 12.17% gc time)
  1.097358 seconds (2.25 k allocations: 2.157 MiB, 20.09% gc time)
7158
3422
921
5912
  0.897730 seconds (465.37 k allocations: 453.970 MiB)
4678
  0.885323 seconds (80.74 k allocations: 81.122 MiB)
5913
  0.894481 seconds (90.40 k allocations: 90.549 MiB)
7159
  0.943367 seconds (232.28 k allocations: 235.079 MiB)
8426
  0.942411 seconds (221.61 k allocations: 225.072 MiB)
2162
  0.937606 seconds (212.64 k allocations: 211.746 MiB)
922
  0.945405 seconds (256.24 k allocations: 254.850 MiB)
3423
  0.960217 seconds (319.78 k allocations: 321.955 MiB)
9679
  0.865954 seconds (554.49 k allocations: 549.025 MiB)
4679
  0.862959 seconds (252.77 k allocations: 251.852 MiB)
5914
  0.855569 seconds (164.74 k allocations: 165.365 MiB)
8427
  0.864664 seconds (196.40 k allocations: 199.504 MiB)
2163
  0.875830 seconds (223.55 k allocations: 225.689 MiB)
7160
  0.870850 seconds (219.05 k allocations: 220.326 MiB)
923
  0.865761 seconds (223.79 k allocations: 225.060 MiB)
3424
  0.868429 seconds (291.02 k allocations: 289.576 MiB)
9680
  0.886052 seconds (554.50 k allocations: 549.050 MiB)
4680
  0.868317 seconds (205.02 k allocations: 204.944 MiB)
8428
  0.862577 seconds (162.95 k allocations: 164.870 MiB)
5915
  0.880763 seconds (215.51 k allocations: 217.804 MiB)
2164
  0.888485 seconds (172.03 k allocations: 175.139 MiB)
924
  0.882866 seconds (155.29 k allocations: 159.312 MiB)
7161
  0.875671 seconds (153.60 k allocations: 156.632 MiB)
9681
  0.890831 seconds (172.75 k allocations: 177.584 MiB)
3425
  1.473753 seconds (350.97 k allocations: 345.679 MiB, 41.05% gc time)
4681
  0.861809 seconds (251.09 k allocations: 247.638 MiB)
2165
  0.978709 seconds (315.39 k allocations: 311.799 MiB)
8429
  0.959155 seconds (184.79 k allocations: 187.016 MiB)
9682
  0.954201 seconds (165.13 k allocations: 165.902 MiB)
925
  0.951064 seconds (166.16 k allocations: 167.087 MiB)
  0.966175 seconds (195.54 k allocations: 198.391 MiB)
3426
  0.966684 seconds (200.98 k allocations: 205.602 MiB)
7162
5916
  0.931411 seconds (223.51 k allocations: 224.949 MiB)
4682
  0.869283 seconds (554.49 k allocations: 549.025 MiB)
2166
  0.874593 seconds (307.95 k allocations: 304.677 MiB)
8430
  0.876581 seconds (252.69 k allocations: 251.952 MiB)
9683
  0.875634 seconds (198.41 k allocations: 200.203 MiB)
  0.866909 seconds (160.59 k allocations: 163.140 MiB)
926
3427
  0.867461 seconds (171.41 k allocations: 174.741 MiB)
4683
  0.866429 seconds (196.36 k allocations: 197.554 MiB)
5917
  0.876572 seconds (251.73 k allocations: 251.946 MiB)
7163
  0.875734 seconds (554.49 k allocations: 549.031 MiB)
2167
  0.859594 seconds (237.08 k allocations: 235.617 MiB)
8431
  0.876369 seconds (242.54 k allocations: 242.266 MiB)
9684
  0.867237 seconds (167.62 k allocations: 168.292 MiB)
4684
  0.857342 seconds (151.99 k allocations: 153.520 MiB)
  0.880092 seconds (205.70 k allocations: 208.735 MiB)
5918
  0.890611 seconds (247.59 k allocations: 251.451 MiB)
927
3428
  0.879059 seconds (310.05 k allocations: 307.765 MiB)
7164
  1.359297 seconds (373.64 k allocations: 367.413 MiB, 35.33% gc time)
2168
  0.867430 seconds (148.97 k allocations: 147.462 MiB)
4685
  0.960436 seconds (236.38 k allocations: 234.944 MiB)
  0.964045 seconds (249.71 k allocations: 249.773 MiB)
5919
8432
  0.964644 seconds (241.07 k allocations: 241.042 MiB)
9685
  0.948242 seconds (208.75 k allocations: 210.290 MiB)
3429
  0.954229 seconds (250.14 k allocations: 250.072 MiB)
928
  0.947767 seconds (316.51 k allocations: 313.790 MiB)
7165
  0.932004 seconds (358.77 k allocations: 354.412 MiB)
2169
  0.866998 seconds (554.50 k allocations: 549.056 MiB)
4686
  0.863014 seconds (233.85 k allocations: 231.323 MiB)
5920
  0.870293 seconds (250.67 k allocations: 250.041 MiB)
8433
  0.871809 seconds (243.74 k allocations: 243.605 MiB)
9686
  0.880960 seconds (265.50 k allocations: 264.617 MiB)
3430
  0.875251 seconds (247.63 k allocations: 247.698 MiB)
929
  0.869557 seconds (310.83 k allocations: 307.136 MiB)
2170
  0.898668 seconds (450.15 k allocations: 446.756 MiB)
7166
  0.859951 seconds (554.50 k allocations: 549.063 MiB)
4687
  0.863116 seconds (260.01 k allocations: 256.386 MiB)
  0.868754 seconds (276.04 k allocations: 275.671 MiB)
8434
  0.881316 seconds (341.78 k allocations: 340.825 MiB)
9687
5921
  0.865597 seconds (231.79 k allocations: 231.118 MiB)
3431
  0.869170 seconds (247.30 k allocations: 247.392 MiB)
930
  0.872863 seconds (376.43 k allocations: 371.132 MiB)
2171
  0.881818 seconds (482.67 k allocations: 476.630 MiB)
7167
  1.437063 seconds (489.05 k allocations: 483.961 MiB, 27.32% gc time)
  1.312433 seconds (163.00 k allocations: 162.294 MiB, 29.92% gc time)
  1.264616 seconds (48.84 k allocations: 46.790 MiB, 31.05% gc time)
  1.280264 seconds (75.86 k allocations: 73.877 MiB, 30.67% gc time)
  1.283091 seconds (80.71 k allocations: 78.621 MiB, 30.60% gc time)
  1.296707 seconds (106.71 k allocations: 107.429 MiB, 30.28% gc time)
3432
931
9688
5922
4688
8435
  0.871019 seconds (428.44 k allocations: 418.590 MiB)
2172
  0.918756 seconds (82.80 k allocations: 83.101 MiB)
  0.961900 seconds (310.31 k allocations: 308.303 MiB)
5923
7168
  0.928784 seconds (104.38 k allocations: 109.028 MiB)
  0.929682 seconds (107.44 k allocations: 113.316 MiB)
3433
4689
  0.937812 seconds (160.82 k allocations: 163.390 MiB)
9689
  0.938806 seconds (180.72 k allocations: 182.598 MiB)
  0.938065 seconds (183.44 k allocations: 185.531 MiB)
8436
932
  0.873629 seconds (554.50 k allocations: 549.044 MiB)
2173
  0.866991 seconds (219.28 k allocations: 219.839 MiB)
5924
  0.870716 seconds (130.91 k allocations: 132.978 MiB)
4690
  0.882425 seconds (181.42 k allocations: 185.191 MiB)
7169
  0.878657 seconds (152.82 k allocations: 157.994 MiB)
  0.862806 seconds (128.76 k allocations: 132.579 MiB)
3434
933
  0.880745 seconds (188.88 k allocations: 192.886 MiB)
9690
  0.864785 seconds (212.55 k allocations: 214.484 MiB)
8437
  0.876097 seconds (554.50 k allocations: 549.050 MiB)
2174
  0.867386 seconds (328.29 k allocations: 324.130 MiB)
5925
  0.862917 seconds (153.42 k allocations: 153.304 MiB)
4691
  0.879902 seconds (189.02 k allocations: 192.456 MiB)
7170
  0.880896 seconds (185.54 k allocations: 189.303 MiB)
3435
  0.874158 seconds (178.31 k allocations: 180.126 MiB)
9691
  0.884483 seconds (199.21 k allocations: 203.984 MiB)
934
  0.876904 seconds (329.53 k allocations: 326.403 MiB)
8438
  1.246973 seconds (284.60 k allocations: 283.415 MiB, 14.20% gc time)
  1.051786 seconds (4.75 k allocations: 4.574 MiB, 16.84% gc time)
7171
2175
  0.855878 seconds (304.78 k allocations: 300.240 MiB)
5926
  0.878791 seconds (85.34 k allocations: 85.528 MiB)
2176
  0.888044 seconds (101.85 k allocations: 101.517 MiB)
7172
  0.951163 seconds (266.19 k allocations: 267.532 MiB)
4692
  0.952867 seconds (270.76 k allocations: 270.851 MiB)
935
  0.954214 seconds (279.64 k allocations: 280.784 MiB)
3436
  0.958246 seconds (345.72 k allocations: 344.178 MiB)
9692
  0.942668 seconds (335.55 k allocations: 334.649 MiB)
8439
  0.866892 seconds (554.50 k allocations: 549.050 MiB)
5927
  0.869886 seconds (387.49 k allocations: 382.210 MiB)
2177
  0.878489 seconds (279.69 k allocations: 277.804 MiB)
7173
  0.871069 seconds (214.46 k allocations: 215.582 MiB)
4693
  0.872083 seconds (211.17 k allocations: 212.609 MiB)
936
  0.877162 seconds (241.29 k allocations: 241.617 MiB)
3437
  0.869666 seconds (302.01 k allocations: 299.889 MiB)
  0.879257 seconds (313.55 k allocations: 312.517 MiB)
8440
9693
  0.853320 seconds (554.48 k allocations: 549.005 MiB)
5928
  0.873735 seconds (426.04 k allocations: 420.488 MiB)
2178
  0.869775 seconds (223.16 k allocations: 222.495 MiB)
4694
  0.874924 seconds (240.37 k allocations: 241.591 MiB)
7174
  0.868430 seconds (202.00 k allocations: 203.837 MiB)
937
  0.857166 seconds (162.85 k allocations: 166.555 MiB)
3438
  2.005147 seconds (232.46 k allocations: 232.132 MiB, 18.53% gc time)
  2.011923 seconds (237.21 k allocations: 237.894 MiB, 18.47% gc time)
  1.242499 seconds (154.30 k allocations: 154.827 MiB, 29.91% gc time)
8441
5929
9694
  0.874508 seconds (350.92 k allocations: 344.382 MiB)
2179
  0.945100 seconds (231.72 k allocations: 231.737 MiB)
4695
  0.940264 seconds (150.91 k allocations: 153.367 MiB)
3439
  0.950888 seconds (177.81 k allocations: 180.513 MiB)
  0.946733 seconds (167.00 k allocations: 170.286 MiB)
  0.932989 seconds (136.74 k allocations: 140.270 MiB)
9695
7175
938
  0.940032 seconds (205.37 k allocations: 207.429 MiB)
8442
  0.942218 seconds (278.87 k allocations: 277.961 MiB)
5930
  0.874838 seconds (554.50 k allocations: 549.044 MiB)
2180
  0.866834 seconds (313.71 k allocations: 310.200 MiB)
4696
  0.872872 seconds (239.56 k allocations: 239.404 MiB)
3440
  0.871870 seconds (205.33 k allocations: 204.388 MiB)
  0.882038 seconds (225.29 k allocations: 226.098 MiB)
  0.869013 seconds (203.56 k allocations: 203.231 MiB)
9696
  0.879209 seconds (220.05 k allocations: 222.019 MiB)
8443
7176
939
  0.860012 seconds (405.16 k allocations: 401.229 MiB)
5931
  0.880457 seconds (554.49 k allocations: 549.037 MiB)
2181
  0.872403 seconds (412.89 k allocations: 406.520 MiB)
4697
  0.869765 seconds (330.17 k allocations: 327.392 MiB)
3441
  0.861036 seconds (260.08 k allocations: 259.210 MiB)
8444
  0.863912 seconds (268.10 k allocations: 265.859 MiB)
9697
  0.885048 seconds (303.58 k allocations: 302.446 MiB)
7177
  0.871479 seconds (317.48 k allocations: 314.698 MiB)
940
  0.855495 seconds (376.80 k allocations: 372.859 MiB)
  1.286387 seconds (55.16 k allocations: 54.152 MiB, 32.02% gc time)
  1.415857 seconds (315.14 k allocations: 312.571 MiB, 29.09% gc time)
5932
4698
2182
  0.864075 seconds (385.20 k allocations: 377.259 MiB)
3442
  0.947132 seconds (217.08 k allocations: 216.503 MiB)
  0.981157 seconds (358.85 k allocations: 354.744 MiB)
8445
7178
  0.947430 seconds (201.50 k allocations: 203.154 MiB)
9698
  0.928565 seconds (153.32 k allocations: 156.023 MiB)
5933
  0.950694 seconds (229.76 k allocations: 231.783 MiB)
941
  0.934657 seconds (198.79 k allocations: 201.145 MiB)
4699
  0.939662 seconds (278.30 k allocations: 277.391 MiB)
2183
  0.867619 seconds (554.50 k allocations: 549.056 MiB)
3443
  0.880807 seconds (238.76 k allocations: 237.253 MiB)
7179
  0.879295 seconds (188.27 k allocations: 189.090 MiB)
  0.892561 seconds (267.48 k allocations: 267.385 MiB)
8446
9699
  0.879539 seconds (181.02 k allocations: 183.738 MiB)
5934
  0.870906 seconds (166.61 k allocations: 168.917 MiB)
  0.873954 seconds (172.68 k allocations: 176.310 MiB)
4700
942
  0.866990 seconds (202.51 k allocations: 204.841 MiB)
2184
  0.868126 seconds (554.49 k allocations: 549.025 MiB)
3444
  0.868852 seconds (205.18 k allocations: 206.333 MiB)
8447
  0.864681 seconds (179.69 k allocations: 179.689 MiB)
5935
  0.871341 seconds (194.32 k allocations: 196.321 MiB)
9700
  0.881797 seconds (228.47 k allocations: 230.389 MiB)
7180
  0.871282 seconds (228.12 k allocations: 229.013 MiB)
943
  0.868200 seconds (233.53 k allocations: 234.359 MiB)
4701
  0.873327 seconds (298.50 k allocations: 296.737 MiB)
2185
  1.221876 seconds (238.24 k allocations: 237.836 MiB, 28.17% gc time)
3445
  0.862337 seconds (281.98 k allocations: 278.405 MiB)
5936
  0.949584 seconds (277.63 k allocations: 275.669 MiB)
9701
  0.954173 seconds (265.99 k allocations: 264.645 MiB)
8448
  0.958115 seconds (253.11 k allocations: 252.499 MiB)
7181
  0.952544 seconds (234.58 k allocations: 234.960 MiB)
944
  0.942374 seconds (217.06 k allocations: 218.362 MiB)
4702
  0.932013 seconds (217.78 k allocations: 218.017 MiB)
3446
  0.936678 seconds (266.39 k allocations: 265.945 MiB)
2186
  0.864210 seconds (554.47 k allocations: 548.961 MiB)
5937
  0.876644 seconds (336.20 k allocations: 331.708 MiB)
9702
  0.870817 seconds (274.96 k allocations: 273.316 MiB)
8449
  0.858890 seconds (152.57 k allocations: 155.142 MiB)
945
  0.879171 seconds (223.19 k allocations: 224.106 MiB)
  0.874387 seconds (206.28 k allocations: 207.234 MiB)
  0.865086 seconds (189.09 k allocations: 189.448 MiB)
4703
7182
3447
  0.871463 seconds (219.37 k allocations: 221.007 MiB)
2187
  0.857372 seconds (554.49 k allocations: 549.031 MiB)
5938
  0.870418 seconds (265.14 k allocations: 262.469 MiB)
9703
  0.869809 seconds (194.97 k allocations: 195.507 MiB)
8450
  0.880228 seconds (226.33 k allocations: 228.130 MiB)
946
  0.867610 seconds (155.43 k allocations: 159.252 MiB)
4704
  0.872120 seconds (182.89 k allocations: 184.501 MiB)
3448
  0.877443 seconds (220.86 k allocations: 222.239 MiB)
7183
  0.872160 seconds (228.99 k allocations: 230.180 MiB)
2188
  1.033545 seconds (16.80 k allocations: 16.115 MiB, 17.17% gc time)
  1.100191 seconds (359.02 k allocations: 353.260 MiB, 16.13% gc time)
5939
8451
  0.867246 seconds (281.03 k allocations: 276.258 MiB)
4705
  0.861010 seconds (84.09 k allocations: 84.333 MiB)
5940
  0.885489 seconds (120.70 k allocations: 119.551 MiB)
8452
  0.988037 seconds (442.42 k allocations: 437.392 MiB)
9704
  0.960618 seconds (319.22 k allocations: 318.444 MiB)
947
  0.961041 seconds (336.96 k allocations: 335.617 MiB)
7184
  0.946320 seconds (320.77 k allocations: 320.326 MiB)
  0.951012 seconds (332.99 k allocations: 334.155 MiB)
2189
3449
  0.870131 seconds (554.50 k allocations: 549.050 MiB)
4706
  0.878116 seconds (452.37 k allocations: 445.691 MiB)
5941
  0.873828 seconds (200.83 k allocations: 199.937 MiB)
  0.885614 seconds (259.62 k allocations: 259.970 MiB)
948
8453
  0.882681 seconds (235.76 k allocations: 237.373 MiB)
9705
  0.875117 seconds (215.94 k allocations: 217.358 MiB)
7185
  0.875802 seconds (255.81 k allocations: 254.494 MiB)
2190
  0.905759 seconds (418.55 k allocations: 412.836 MiB)
3450
  0.870020 seconds (554.49 k allocations: 549.037 MiB)
4707
  0.857668 seconds (443.17 k allocations: 435.460 MiB)
5942
  0.870023 seconds (276.79 k allocations: 275.045 MiB)
8454
  0.871454 seconds (215.42 k allocations: 216.478 MiB)
949
  0.869763 seconds (192.34 k allocations: 193.351 MiB)
  0.874961 seconds (206.87 k allocations: 208.777 MiB)
7186
9706
  0.861696 seconds (176.58 k allocations: 179.877 MiB)
2191
  1.970351 seconds (246.91 k allocations: 247.328 MiB, 17.56% gc time)
  1.223643 seconds (167.82 k allocations: 169.046 MiB, 28.27% gc time)
3451
4708
  0.869344 seconds (344.40 k allocations: 338.125 MiB)
5943
  0.939849 seconds (174.11 k allocations: 175.387 MiB)
  0.957638 seconds (248.00 k allocations: 248.652 MiB)
9707
  0.929929 seconds (119.12 k allocations: 122.852 MiB)
7187
950
  0.942352 seconds (162.65 k allocations: 167.411 MiB)
  0.935035 seconds (145.46 k allocations: 149.647 MiB)
8455
2192
  0.935735 seconds (215.69 k allocations: 217.278 MiB)
3452
  0.931880 seconds (227.13 k allocations: 228.411 MiB)
4709
  0.863409 seconds (554.49 k allocations: 549.037 MiB)
5944
  0.870091 seconds (160.67 k allocations: 162.504 MiB)
  0.871890 seconds (168.50 k allocations: 171.282 MiB)
9708
951
  0.868673 seconds (134.07 k allocations: 136.204 MiB)
  0.869054 seconds (135.72 k allocations: 139.145 MiB)
8456
2193
  0.876901 seconds (169.10 k allocations: 174.973 MiB)
7188
  0.862119 seconds (150.29 k allocations: 153.489 MiB)
3453
  0.864667 seconds (181.11 k allocations: 184.364 MiB)
4710
  0.854408 seconds (554.49 k allocations: 549.025 MiB)
5945
  0.860858 seconds (163.53 k allocations: 166.470 MiB)
952
  0.868161 seconds (142.75 k allocations: 145.544 MiB)
8457
  0.871288 seconds (148.56 k allocations: 152.524 MiB)
2194
  0.873347 seconds (160.62 k allocations: 161.780 MiB)
  0.879491 seconds (173.35 k allocations: 176.459 MiB)
7189
9709
  0.881190 seconds (185.36 k allocations: 188.278 MiB)
3454
  0.870636 seconds (231.03 k allocations: 232.163 MiB)
4711
  1.029687 seconds (265.40 k allocations: 263.817 MiB, 15.48% gc time)
5946
  0.862154 seconds (343.97 k allocations: 337.731 MiB)
8458
  0.881006 seconds (79.22 k allocations: 78.447 MiB)
5947
  0.966317 seconds (310.03 k allocations: 308.081 MiB)
7190
  0.945971 seconds (202.18 k allocations: 203.820 MiB)
2195
  0.960187 seconds (256.35 k allocations: 258.302 MiB)
953
  0.936553 seconds (180.75 k allocations: 183.693 MiB)
9710
  0.946957 seconds (219.67 k allocations: 223.568 MiB)
3455
  0.940780 seconds (262.38 k allocations: 263.396 MiB)
4712
  0.868622 seconds (554.49 k allocations: 549.037 MiB)
8459
  0.864743 seconds (375.19 k allocations: 369.025 MiB)
5948
  0.876103 seconds (202.56 k allocations: 204.007 MiB)
7191
  0.869843 seconds (157.93 k allocations: 160.278 MiB)
954
  0.870648 seconds (160.70 k allocations: 163.096 MiB)
9711
  0.880682 seconds (203.53 k allocations: 207.922 MiB)
  0.863345 seconds (145.49 k allocations: 148.714 MiB)
2196
3456
  0.865005 seconds (187.39 k allocations: 190.423 MiB)
4713
  0.878562 seconds (554.50 k allocations: 549.069 MiB)
8460
  0.854860 seconds (248.60 k allocations: 247.875 MiB)
5949
  0.864656 seconds (147.38 k allocations: 149.963 MiB)
955
  0.866758 seconds (136.71 k allocations: 139.941 MiB)
2197
  0.874119 seconds (166.11 k allocations: 170.729 MiB)
7192
  0.868646 seconds (145.26 k allocations: 149.731 MiB)
4714
  0.870662 seconds (170.64 k allocations: 172.977 MiB)
3457
  0.873939 seconds (188.65 k allocations: 191.606 MiB)
9712
  1.024254 seconds (344.83 k allocations: 339.843 MiB, 15.32% gc time)
8461
  0.869615 seconds (200.13 k allocations: 200.093 MiB)
4715
  0.900748 seconds (145.69 k allocations: 144.511 MiB)
956
  0.949017 seconds (212.10 k allocations: 211.915 MiB)
3458
  0.977462 seconds (323.03 k allocations: 321.926 MiB)
7193
  0.953389 seconds (221.79 k allocations: 222.707 MiB)
5950
  0.952685 seconds (233.69 k allocations: 234.364 MiB)
2198
  0.943077 seconds (240.24 k allocations: 242.008 MiB)
9713
  0.935157 seconds (338.25 k allocations: 335.977 MiB)
8462
  0.870486 seconds (550.57 k allocations: 543.882 MiB)
4716
  0.878259 seconds (502.12 k allocations: 493.298 MiB)
957
  0.866066 seconds (232.84 k allocations: 232.986 MiB)
3459
  0.857365 seconds (167.82 k allocations: 167.269 MiB)
9714
  0.869495 seconds (202.01 k allocations: 203.845 MiB)
5951
  0.870820 seconds (215.09 k allocations: 216.566 MiB)
2199
  0.879104 seconds (257.57 k allocations: 259.846 MiB)
7194
  0.860791 seconds (276.14 k allocations: 276.540 MiB)
8463
  0.871787 seconds (554.50 k allocations: 549.056 MiB)
4717
  0.870438 seconds (424.63 k allocations: 416.335 MiB)
958
  0.869890 seconds (223.14 k allocations: 223.695 MiB)
3460
  0.866349 seconds (179.52 k allocations: 182.115 MiB)
9715
  0.865430 seconds (173.61 k allocations: 175.435 MiB)
2200
  0.870840 seconds (191.88 k allocations: 195.555 MiB)
5952
  0.867330 seconds (222.64 k allocations: 222.725 MiB)
8464
  0.874730 seconds (240.07 k allocations: 242.038 MiB)
7195
  1.631173 seconds (509.44 k allocations: 502.254 MiB, 29.64% gc time)
  1.414307 seconds (94.75 k allocations: 93.142 MiB, 34.18% gc time)
  1.379515 seconds (60.94 k allocations: 59.588 MiB, 35.04% gc time)
  1.433317 seconds (111.44 k allocations: 110.312 MiB, 33.73% gc time)
  1.347957 seconds (22.96 k allocations: 21.907 MiB, 35.86% gc time)
3461
4718
959
5953
7196
  0.863178 seconds (329.54 k allocations: 321.474 MiB)
8465
  0.972382 seconds (452.27 k allocations: 443.998 MiB)
  0.971774 seconds (400.17 k allocations: 393.029 MiB)
2201
9716
  0.933156 seconds (147.82 k allocations: 151.795 MiB)
  0.930885 seconds (139.81 k allocations: 141.812 MiB)
  0.937771 seconds (156.00 k allocations: 158.673 MiB)
960
3462
  0.950331 seconds (202.82 k allocations: 204.927 MiB)
7197
  0.943654 seconds (218.52 k allocations: 220.118 MiB)
5954
4719
  0.869550 seconds (554.49 k allocations: 549.025 MiB)
8466
  0.858059 seconds (333.04 k allocations: 328.692 MiB)
2202
  0.874157 seconds (333.87 k allocations: 329.654 MiB)
9717
  0.866215 seconds (257.33 k allocations: 256.598 MiB)
3463
  0.884717 seconds (319.73 k allocations: 317.716 MiB)
5955
  0.856211 seconds (306.41 k allocations: 303.934 MiB)
961
  0.879630 seconds (340.30 k allocations: 338.984 MiB)
7198
  0.939414 seconds (526.83 k allocations: 521.328 MiB)
4720
  0.888086 seconds (554.49 k allocations: 549.031 MiB)
8467
  0.866657 seconds (463.84 k allocations: 458.253 MiB)
2203
  0.858535 seconds (425.35 k allocations: 420.181 MiB)
9718
  0.867619 seconds (391.92 k allocations: 386.785 MiB)
3464
  0.866229 seconds (331.03 k allocations: 327.303 MiB)
  0.868423 seconds (318.42 k allocations: 316.227 MiB)
962
5956
  0.911477 seconds (338.37 k allocations: 335.910 MiB)
7199
  0.879523 seconds (305.79 k allocations: 304.899 MiB)
4721
  1.522664 seconds (273.10 k allocations: 270.826 MiB, 31.39% gc time)
  1.350422 seconds (63.50 k allocations: 60.784 MiB, 35.39% gc time)
  1.436016 seconds (117.23 k allocations: 116.491 MiB, 33.28% gc time)
8468
9719
2204
  0.887833 seconds (238.42 k allocations: 235.512 MiB)
5957
  0.964982 seconds (313.72 k allocations: 309.001 MiB)
3465
  0.942466 seconds (172.50 k allocations: 172.785 MiB)
7200
  0.954574 seconds (194.99 k allocations: 195.726 MiB)
4722
  0.941169 seconds (157.04 k allocations: 159.590 MiB)
2205
  0.967814 seconds (231.56 k allocations: 233.511 MiB)
963
  0.945809 seconds (212.06 k allocations: 212.616 MiB)
9720
  0.954380 seconds (243.61 k allocations: 244.173 MiB)
8469
  0.890010 seconds (548.20 k allocations: 541.599 MiB)
5958
  0.871790 seconds (266.35 k allocations: 263.632 MiB)
3466
  0.881546 seconds (228.12 k allocations: 228.452 MiB)
7201
  0.865979 seconds (149.36 k allocations: 152.058 MiB)
2206
  0.878935 seconds (188.71 k allocations: 192.337 MiB)
4723
  0.870441 seconds (173.16 k allocations: 175.187 MiB)
9721
  0.885956 seconds (220.83 k allocations: 223.401 MiB)
964
  0.880108 seconds (261.93 k allocations: 261.693 MiB)
8470
  0.866915 seconds (534.67 k allocations: 528.658 MiB)
5959
  0.869590 seconds (327.37 k allocations: 322.046 MiB)
3467
  1.473941 seconds (157.22 k allocations: 159.394 MiB, 37.10% gc time)
  1.457648 seconds (104.03 k allocations: 104.822 MiB, 37.52% gc time)
  1.463237 seconds (117.85 k allocations: 119.269 MiB, 37.37% gc time)
  1.469750 seconds (139.94 k allocations: 141.584 MiB, 37.21% gc time)
  1.452813 seconds (96.96 k allocations: 96.795 MiB, 37.64% gc time)
  1.438423 seconds (88.00 k allocations: 93.314 MiB, 38.02% gc time)
4724
9722
7202
965
2207
8471
  0.872659 seconds (235.62 k allocations: 232.834 MiB)
9723
  1.011478 seconds (587.60 k allocations: 573.567 MiB)
5960
  0.933430 seconds (194.81 k allocations: 196.601 MiB)
3468
  0.930689 seconds (181.74 k allocations: 183.063 MiB)
  0.936170 seconds (195.19 k allocations: 198.491 MiB)
966
2208
  0.932967 seconds (198.36 k allocations: 200.529 MiB)
4725
  0.928892 seconds (339.04 k allocations: 335.340 MiB)
8472
  0.937964 seconds (495.38 k allocations: 488.819 MiB)
7203
  0.900851 seconds (554.49 k allocations: 549.037 MiB)
9724
  0.871744 seconds (235.51 k allocations: 233.094 MiB)
  0.876085 seconds (249.01 k allocations: 247.231 MiB)
  0.882093 seconds (272.37 k allocations: 271.753 MiB)
5961
3469
967
  0.872708 seconds (238.31 k allocations: 238.577 MiB)
2209
  0.879819 seconds (275.57 k allocations: 274.426 MiB)
4726
  0.885274 seconds (419.96 k allocations: 412.770 MiB)
8473
  0.873200 seconds (534.93 k allocations: 529.078 MiB)
7204
  0.890073 seconds (524.54 k allocations: 516.161 MiB)
9725
  0.871858 seconds (214.39 k allocations: 214.096 MiB)
3470
  0.885631 seconds (236.32 k allocations: 237.711 MiB)
  0.881294 seconds (218.24 k allocations: 217.261 MiB)
5962
2210
  0.896158 seconds (234.04 k allocations: 234.661 MiB)
968
  0.870979 seconds (190.69 k allocations: 193.363 MiB)
4727
  1.613306 seconds (171.85 k allocations: 174.105 MiB, 38.38% gc time)
  1.513590 seconds (113.50 k allocations: 117.034 MiB, 40.90% gc time)
8474
7205
  0.854498 seconds (387.08 k allocations: 378.999 MiB)
9726
  0.940523 seconds (120.38 k allocations: 125.213 MiB)
3471
  0.942716 seconds (97.63 k allocations: 102.382 MiB)
  0.944658 seconds (103.71 k allocations: 108.589 MiB)
2211
969
  0.944532 seconds (100.03 k allocations: 105.032 MiB)
5963
  0.943908 seconds (111.49 k allocations: 114.952 MiB)
  0.944123 seconds (113.82 k allocations: 117.894 MiB)
8475
7206
  0.952919 seconds (146.25 k allocations: 153.498 MiB)
4728
  0.864045 seconds (554.49 k allocations: 549.037 MiB)
9727
  0.871723 seconds (156.02 k allocations: 159.292 MiB)
5964
  0.872692 seconds (135.12 k allocations: 138.256 MiB)
3472
  0.868784 seconds (117.62 k allocations: 120.472 MiB)
  0.874748 seconds (135.93 k allocations: 141.784 MiB)
2212
7207
  0.881423 seconds (170.45 k allocations: 173.834 MiB)
  0.871950 seconds (155.22 k allocations: 158.097 MiB)
8476
970
  0.863483 seconds (182.70 k allocations: 185.928 MiB)
4729
  0.864551 seconds (554.50 k allocations: 549.063 MiB)
9728
  0.865770 seconds (231.38 k allocations: 231.401 MiB)
5965
  0.870175 seconds (179.11 k allocations: 180.356 MiB)
2213
  0.877317 seconds (194.04 k allocations: 196.013 MiB)
  0.870427 seconds (160.98 k allocations: 164.522 MiB)
7208
3473
  0.866265 seconds (151.21 k allocations: 154.182 MiB)
  0.871952 seconds (164.12 k allocations: 169.134 MiB)
8477
971
  0.863302 seconds (165.34 k allocations: 169.278 MiB)
4730
  1.045716 seconds (282.57 k allocations: 280.244 MiB, 18.41% gc time)
9729
  0.863126 seconds (252.09 k allocations: 249.811 MiB)
4731
  0.948833 seconds (260.48 k allocations: 259.252 MiB)
5966
  0.878159 seconds (80.53 k allocations: 81.113 MiB)
9730
  0.950324 seconds (221.99 k allocations: 224.021 MiB)
2214
  0.951913 seconds (228.90 k allocations: 229.577 MiB)
3474
  0.943124 seconds (222.32 k allocations: 222.243 MiB)
8478
  0.954007 seconds (260.48 k allocations: 261.386 MiB)
972
  0.968757 seconds (330.52 k allocations: 331.034 MiB)
7209
  0.875902 seconds (554.49 k allocations: 549.018 MiB)
4732
  0.877688 seconds (335.37 k allocations: 330.914 MiB)
  0.864115 seconds (236.43 k allocations: 235.062 MiB)
5967
9731
  0.864152 seconds (202.64 k allocations: 204.264 MiB)
2215
  0.871740 seconds (206.00 k allocations: 207.664 MiB)
3475
  0.869442 seconds (203.25 k allocations: 205.210 MiB)
8479
  0.875569 seconds (274.11 k allocations: 271.986 MiB)
  0.879327 seconds (279.11 k allocations: 278.647 MiB)
7210
973
  0.855887 seconds (554.49 k allocations: 549.031 MiB)
4733
  0.871310 seconds (321.66 k allocations: 317.803 MiB)
  0.860152 seconds (245.18 k allocations: 244.324 MiB)
5968
2216
  0.856372 seconds (181.70 k allocations: 184.201 MiB)
9732
  0.867665 seconds (185.28 k allocations: 186.606 MiB)
8480
  0.870489 seconds (196.38 k allocations: 198.636 MiB)
  0.862710 seconds (182.76 k allocations: 184.529 MiB)
3476
974
  0.876158 seconds (264.68 k allocations: 264.373 MiB)
7211
  1.213816 seconds (413.82 k allocations: 407.087 MiB, 18.76% gc time)
  1.088097 seconds (113.93 k allocations: 109.161 MiB, 20.92% gc time)
4734
2217
  0.870781 seconds (281.69 k allocations: 278.201 MiB)
8481
  0.872075 seconds (79.22 k allocations: 78.447 MiB)
  0.871557 seconds (79.93 k allocations: 80.484 MiB)
2218
4735
  0.964031 seconds (308.41 k allocations: 307.916 MiB)
5969
  0.951111 seconds (269.28 k allocations: 266.995 MiB)
  0.968409 seconds (322.81 k allocations: 320.882 MiB)
  0.966478 seconds (318.02 k allocations: 318.187 MiB)
9733
7212
975
  0.954543 seconds (301.32 k allocations: 301.850 MiB)
3477
  0.870298 seconds (554.49 k allocations: 549.018 MiB)
8482
  0.863091 seconds (288.29 k allocations: 284.620 MiB)
4736
  0.870110 seconds (295.73 k allocations: 293.159 MiB)
2219
  0.881633 seconds (226.21 k allocations: 226.807 MiB)
5970
  0.869280 seconds (158.07 k allocations: 159.337 MiB)
  0.866747 seconds (157.29 k allocations: 157.363 MiB)
3478
976
  0.873681 seconds (171.21 k allocations: 175.933 MiB)
9734
  0.894688 seconds (290.76 k allocations: 289.299 MiB)
7213
  0.877010 seconds (554.50 k allocations: 549.044 MiB)
8483
  0.863275 seconds (242.25 k allocations: 241.780 MiB)
4737
  0.871025 seconds (209.29 k allocations: 209.219 MiB)
9735
  0.875415 seconds (216.27 k allocations: 217.313 MiB)
  0.871760 seconds (206.97 k allocations: 208.541 MiB)
977
5971
  0.863436 seconds (217.32 k allocations: 218.669 MiB)
3479
  0.870066 seconds (262.44 k allocations: 262.012 MiB)
2220
  0.875643 seconds (326.44 k allocations: 324.670 MiB)
7214
  1.589682 seconds (344.83 k allocations: 341.035 MiB, 35.40% gc time)
  1.448378 seconds (101.54 k allocations: 98.595 MiB, 38.85% gc time)
9736
8484
  0.877748 seconds (243.00 k allocations: 239.877 MiB)
4738
  0.956590 seconds (253.60 k allocations: 250.220 MiB)
5972
  0.972288 seconds (301.97 k allocations: 300.367 MiB)
978
  0.961952 seconds (256.52 k allocations: 255.801 MiB)
3480
  0.936550 seconds (187.98 k allocations: 189.166 MiB)
2221
  0.952306 seconds (253.22 k allocations: 254.262 MiB)
7215
  0.933878 seconds (245.30 k allocations: 245.622 MiB)
9737
  0.933917 seconds (329.73 k allocations: 326.606 MiB)
8485
  0.861747 seconds (554.50 k allocations: 549.044 MiB)
4739
  0.867153 seconds (251.87 k allocations: 249.781 MiB)
3481
  0.878417 seconds (282.67 k allocations: 281.902 MiB)
979
  0.871012 seconds (213.32 k allocations: 214.502 MiB)
2222
  0.861837 seconds (203.19 k allocations: 202.534 MiB)
9738
  0.872614 seconds (232.99 k allocations: 233.654 MiB)
5973
  0.885924 seconds (284.94 k allocations: 286.000 MiB)
7216
  0.869605 seconds (331.81 k allocations: 328.581 MiB)
8486
  0.866066 seconds (554.49 k allocations: 549.037 MiB)
4740
  0.870154 seconds (370.28 k allocations: 364.339 MiB)
3482
  0.872699 seconds (342.81 k allocations: 338.200 MiB)
980
  0.869263 seconds (316.51 k allocations: 313.218 MiB)
2223
  0.857438 seconds (275.84 k allocations: 274.476 MiB)
8487
  0.859635 seconds (273.85 k allocations: 272.763 MiB)
9739
  1.144881 seconds (282.78 k allocations: 277.631 MiB, 24.62% gc time)
  1.869355 seconds (378.46 k allocations: 373.019 MiB, 15.08% gc time)
  1.844989 seconds (362.23 k allocations: 356.281 MiB, 15.28% gc time)
4741
7217
5974
  0.877444 seconds (303.03 k allocations: 297.339 MiB)
2224
  0.970264 seconds (377.36 k allocations: 371.101 MiB)
  0.880151 seconds (83.11 k allocations: 83.676 MiB)
3483
4742
  0.969252 seconds (358.81 k allocations: 354.929 MiB)
981
  0.941421 seconds (249.40 k allocations: 250.421 MiB)
9740
  0.935956 seconds (289.17 k allocations: 287.430 MiB)
  0.946616 seconds (318.32 k allocations: 317.590 MiB)
5975
8488
  0.937862 seconds (439.53 k allocations: 434.147 MiB)
7218
  0.859652 seconds (554.50 k allocations: 549.050 MiB)
2225
  0.861842 seconds (282.73 k allocations: 280.723 MiB)
4743
  0.869288 seconds (290.68 k allocations: 289.743 MiB)
3484
  0.869135 seconds (256.50 k allocations: 254.577 MiB)
9741
  0.874591 seconds (277.09 k allocations: 275.697 MiB)
982
  0.865190 seconds (271.64 k allocations: 269.420 MiB)
8489
  0.869893 seconds (307.39 k allocations: 305.049 MiB)
5976
  0.875685 seconds (446.12 k allocations: 440.433 MiB)
7219
  0.872104 seconds (554.49 k allocations: 549.037 MiB)
2226
  0.851886 seconds (336.13 k allocations: 333.045 MiB)
4744
  0.866116 seconds (315.00 k allocations: 313.020 MiB)
3485
  0.861385 seconds (286.18 k allocations: 284.211 MiB)
9742
  0.861405 seconds (285.90 k allocations: 284.136 MiB)
983
  1.813347 seconds (347.34 k allocations: 343.086 MiB, 8.01% gc time)
  1.737144 seconds (246.30 k allocations: 245.185 MiB, 8.36% gc time)
  1.014217 seconds (164.23 k allocations: 162.872 MiB, 14.31% gc time)
  1.730553 seconds (243.88 k allocations: 241.947 MiB, 8.39% gc time)
7220
5977
8490
2227
  0.853508 seconds (347.55 k allocations: 341.160 MiB)
4745
  0.877908 seconds (82.83 k allocations: 84.351 MiB)
2228
  0.945376 seconds (262.35 k allocations: 261.215 MiB)
9743
  0.942120 seconds (240.34 k allocations: 240.275 MiB)
  0.957282 seconds (304.30 k allocations: 305.288 MiB)
984
3486
  0.933572 seconds (237.92 k allocations: 238.321 MiB)
5978
  0.940726 seconds (294.66 k allocations: 292.808 MiB)
8491
  0.947581 seconds (347.98 k allocations: 345.226 MiB)
7221
  0.866037 seconds (554.47 k allocations: 548.961 MiB)
4746
  0.886045 seconds (438.47 k allocations: 432.393 MiB)
2229
  0.864858 seconds (230.13 k allocations: 230.392 MiB)
9744
  0.870818 seconds (228.04 k allocations: 227.359 MiB)
3487
  0.875554 seconds (244.49 k allocations: 244.482 MiB)
985
  0.872460 seconds (253.71 k allocations: 253.519 MiB)
5979
  0.858509 seconds (233.32 k allocations: 232.959 MiB)
8492
  0.871707 seconds (327.81 k allocations: 324.780 MiB)
7222
  0.861374 seconds (554.50 k allocations: 549.050 MiB)
4747
  0.858267 seconds (269.06 k allocations: 266.225 MiB)
9745
  0.870624 seconds (280.21 k allocations: 278.310 MiB)
2230
  0.865797 seconds (236.41 k allocations: 236.582 MiB)
3488
  0.872358 seconds (219.57 k allocations: 220.658 MiB)
986
  0.859034 seconds (166.83 k allocations: 170.357 MiB)
8493
  0.859504 seconds (176.19 k allocations: 178.272 MiB)
5980
  0.874662 seconds (225.90 k allocations: 227.238 MiB)
7223
  1.489959 seconds (411.10 k allocations: 405.693 MiB, 24.97% gc time)
  1.276411 seconds (106.64 k allocations: 103.275 MiB, 29.15% gc time)
  1.236969 seconds (63.12 k allocations: 60.410 MiB, 30.08% gc time)
4748
9746
987
  0.870331 seconds (268.16 k allocations: 263.992 MiB)
2231
  0.975860 seconds (417.64 k allocations: 410.861 MiB)
3489
  0.950780 seconds (240.71 k allocations: 239.272 MiB)
8494
  0.948172 seconds (225.62 k allocations: 225.017 MiB)
5981
  0.976083 seconds (327.97 k allocations: 325.579 MiB)
7224
  0.932614 seconds (221.50 k allocations: 220.204 MiB)
9747
  0.936207 seconds (262.60 k allocations: 260.946 MiB)
  0.937937 seconds (266.62 k allocations: 265.779 MiB)
988
4749
  0.866634 seconds (554.49 k allocations: 549.018 MiB)
2232
  0.865898 seconds (385.30 k allocations: 378.686 MiB)
3490
  0.870138 seconds (284.64 k allocations: 282.534 MiB)
8495
  0.887041 seconds (303.87 k allocations: 301.154 MiB)
5982
  0.870648 seconds (212.71 k allocations: 212.875 MiB)
  0.874646 seconds (225.61 k allocations: 226.951 MiB)
9748
7225
  0.869761 seconds (227.19 k allocations: 228.293 MiB)
989
  0.865981 seconds (234.06 k allocations: 235.063 MiB)
4750
  0.869976 seconds (554.50 k allocations: 549.044 MiB)
2233
  0.870114 seconds (426.54 k allocations: 418.163 MiB)
3491
  0.858280 seconds (321.52 k allocations: 317.843 MiB)
8496
  0.853511 seconds (192.59 k allocations: 192.210 MiB)
9749
  0.880682 seconds (293.95 k allocations: 293.057 MiB)
7226
  0.866671 seconds (247.88 k allocations: 245.492 MiB)
  0.865363 seconds (248.40 k allocations: 246.122 MiB)
4751
  0.880268 seconds (283.13 k allocations: 285.511 MiB)
5983
990
  1.201410 seconds (368.05 k allocations: 364.527 MiB, 20.67% gc time)
  1.109992 seconds (171.07 k allocations: 163.719 MiB, 22.37% gc time)  1.108178 seconds (162.27 k allocations: 155.297 MiB, 22.41% gc time)

3492
8497
2234
  0.857444 seconds (302.72 k allocations: 298.258 MiB)
9750
  0.876484 seconds (86.15 k allocations: 87.533 MiB)
2235
  0.875947 seconds (83.81 k allocations: 85.475 MiB)
3493
  0.876857 seconds (93.79 k allocations: 95.195 MiB)
8498
  0.948920 seconds (314.97 k allocations: 314.350 MiB)
4752
  0.940887 seconds (304.99 k allocations: 303.778 MiB)
991
  0.961525 seconds (397.23 k allocations: 394.701 MiB)
7227
  0.971377 seconds (452.02 k allocations: 449.743 MiB)
5984
  0.865219 seconds (554.49 k allocations: 549.025 MiB)
9751
  0.860045 seconds (297.94 k allocations: 295.078 MiB)
2236
  0.868259 seconds (285.30 k allocations: 283.192 MiB)
  0.866008 seconds (268.45 k allocations: 267.188 MiB)
3494
8499
  0.865313 seconds (236.51 k allocations: 236.840 MiB)
4753
  0.870295 seconds (276.55 k allocations: 275.342 MiB)
992
  0.874339 seconds (330.93 k allocations: 328.802 MiB)
  0.871838 seconds (333.96 k allocations: 331.821 MiB)
7228
5985
  0.855551 seconds (554.49 k allocations: 549.025 MiB)
9752
  0.868818 seconds (380.76 k allocations: 376.322 MiB)
2237
  0.857510 seconds (286.63 k allocations: 284.476 MiB)
3495
  0.856337 seconds (207.53 k allocations: 207.742 MiB)
4754
  0.875889 seconds (262.53 k allocations: 262.990 MiB)
8500
  0.872050 seconds (215.69 k allocations: 217.133 MiB)
  0.862592 seconds (196.27 k allocations: 198.219 MiB)
993
5986
  0.871033 seconds (253.25 k allocations: 253.446 MiB)
7229
  1.076877 seconds (65.49 k allocations: 62.684 MiB, 20.62% gc time)
  1.209300 seconds (312.52 k allocations: 310.148 MiB, 18.36% gc time)
9753
4755
  0.870635 seconds (285.27 k allocations: 280.357 MiB)
2238
  0.874250 seconds (79.22 k allocations: 78.454 MiB)
4756
  0.966619 seconds (401.65 k allocations: 396.978 MiB)
994
  0.938934 seconds (226.31 k allocations: 225.698 MiB)
  0.955685 seconds (286.56 k allocations: 286.120 MiB)
8501
5987
  0.950146 seconds (264.76 k allocations: 266.536 MiB)
3496
  0.947896 seconds (331.57 k allocations: 329.428 MiB)
7230
  0.939712 seconds (338.49 k allocations: 336.221 MiB)
9754
  0.873125 seconds (554.50 k allocations: 549.056 MiB)
2239
  0.864435 seconds (374.06 k allocations: 369.360 MiB)
4757
  0.872949 seconds (371.16 k allocations: 365.347 MiB)
995
  0.866127 seconds (245.49 k allocations: 245.257 MiB)
8502
  0.869266 seconds (251.75 k allocations: 251.439 MiB)
3497
  0.874774 seconds (285.24 k allocations: 283.680 MiB)
5988
  0.874229 seconds (311.73 k allocations: 310.407 MiB)
7231
  0.877321 seconds (375.19 k allocations: 372.546 MiB)
9755
  0.890347 seconds (554.49 k allocations: 549.018 MiB)
2240
  0.874356 seconds (413.59 k allocations: 407.336 MiB)
4758
  0.879340 seconds (372.94 k allocations: 367.228 MiB)
996
  0.858621 seconds (217.74 k allocations: 218.714 MiB)
8503
  0.867291 seconds (244.63 k allocations: 244.641 MiB)
3498
  0.864951 seconds (240.94 k allocations: 241.292 MiB)
5989
  1.995176 seconds (231.09 k allocations: 230.829 MiB, 15.20% gc time)
  1.175765 seconds (112.92 k allocations: 112.271 MiB, 25.79% gc time)
  1.995874 seconds (231.64 k allocations: 231.338 MiB, 15.19% gc time)
9756
7232
2241
  0.872922 seconds (347.76 k allocations: 341.354 MiB)
4759
  0.879772 seconds (79.22 k allocations: 78.447 MiB)
2242
  0.933532 seconds (200.04 k allocations: 201.602 MiB)
8504
  0.956647 seconds (309.21 k allocations: 308.695 MiB)
997
  0.936164 seconds (200.72 k allocations: 203.823 MiB)
5990
  0.936472 seconds (211.74 k allocations: 214.550 MiB)
3499
  0.927413 seconds (200.61 k allocations: 202.872 MiB)
9757
  0.942239 seconds (319.22 k allocations: 317.777 MiB)
7233
  0.863819 seconds (554.49 k allocations: 549.031 MiB)
4760
  0.866054 seconds (353.25 k allocations: 348.027 MiB)
2243
  0.857845 seconds (182.88 k allocations: 183.957 MiB)
8505
  0.866758 seconds (197.24 k allocations: 199.093 MiB)
998
  0.872100 seconds (196.33 k allocations: 198.396 MiB)
  0.862073 seconds (164.55 k allocations: 166.712 MiB)
5991
9758
  0.868214 seconds (184.66 k allocations: 188.819 MiB)
3500
  0.874447 seconds (301.26 k allocations: 299.369 MiB)
7234
  0.869158 seconds (554.49 k allocations: 549.037 MiB)
4761
  0.872609 seconds (257.40 k allocations: 255.076 MiB)
8506
  0.879147 seconds (269.40 k allocations: 269.221 MiB)
999
  0.868063 seconds (223.77 k allocations: 224.515 MiB)
3501
  0.864067 seconds (236.62 k allocations: 236.959 MiB)
9759
  0.863834 seconds (350.51 k allocations: 346.135 MiB)
  0.878752 seconds (367.48 k allocations: 364.089 MiB)
2244
7235
  1.155079 seconds (278.86 k allocations: 277.746 MiB, 13.81% gc time)
  1.017690 seconds (20.12 k allocations: 22.936 MiB, 15.67% gc time)
  1.858550 seconds (358.50 k allocations: 356.634 MiB, 8.58% gc time)
4762
1000
5992
  0.878959 seconds (393.97 k allocations: 384.343 MiB)
3502
  0.874538 seconds (88.15 k allocations: 88.218 MiB)
4763
  0.981223 seconds (516.80 k allocations: 511.367 MiB)
8507
  0.888891 seconds (122.13 k allocations: 127.224 MiB)
5993
  0.952412 seconds (381.33 k allocations: 377.880 MiB)
9760
  0.930102 seconds (325.87 k allocations: 321.314 MiB)
2245
  0.950866 seconds (403.25 k allocations: 401.658 MiB)
  0.938272 seconds (393.88 k allocations: 391.617 MiB)
7236
1001
  0.858872 seconds (554.49 k allocations: 549.037 MiB)
3503
  0.869118 seconds (329.90 k allocations: 326.045 MiB)
  0.875831 seconds (351.78 k allocations: 350.664 MiB)
8508
4764
  0.853803 seconds (249.28 k allocations: 247.674 MiB)
9761
  0.881826 seconds (358.59 k allocations: 357.728 MiB)
5994
  0.869135 seconds (307.20 k allocations: 304.673 MiB)
2246
  0.874530 seconds (343.22 k allocations: 339.329 MiB)
7237
  0.868685 seconds (363.30 k allocations: 359.978 MiB)
1002
  0.868335 seconds (554.49 k allocations: 549.037 MiB)
3504
  0.854942 seconds (293.62 k allocations: 288.514 MiB)
9762
  0.866680 seconds (314.90 k allocations: 311.529 MiB)
4765
  0.884227 seconds (378.36 k allocations: 376.252 MiB)
8509
  0.861646 seconds (256.69 k allocations: 254.934 MiB)
  0.874509 seconds (282.60 k allocations: 282.099 MiB)
2247
7238
  1.848194 seconds (267.08 k allocations: 265.230 MiB, 12.73% gc time)
  1.103597 seconds (188.36 k allocations: 187.272 MiB, 21.32% gc time)
  1.848655 seconds (268.13 k allocations: 266.350 MiB, 12.73% gc time)
1003
3505
5995
  0.873330 seconds (321.97 k allocations: 315.474 MiB)
4766
  0.870785 seconds (86.56 k allocations: 87.921 MiB)
2248
  0.955321 seconds (409.73 k allocations: 403.486 MiB)
9763
  0.960046 seconds (396.41 k allocations: 390.909 MiB)
8510
  0.928641 seconds (282.13 k allocations: 278.073 MiB)
3506
  0.946151 seconds (305.51 k allocations: 306.751 MiB)
  0.943046 seconds (301.07 k allocations: 301.403 MiB)
7239
1004
  0.947357 seconds (328.83 k allocations: 329.409 MiB)
5996
  0.867247 seconds (554.49 k allocations: 549.025 MiB)
4767
  0.870480 seconds (430.01 k allocations: 426.937 MiB)
  0.867103 seconds (414.46 k allocations: 408.240 MiB)
2249
9764
  0.866506 seconds (339.78 k allocations: 335.501 MiB)
8511
  0.871712 seconds (318.37 k allocations: 316.415 MiB)
3507
  0.872375 seconds (321.07 k allocations: 317.958 MiB)
5997
  0.872483 seconds (326.70 k allocations: 324.757 MiB)
1005
  0.881606 seconds (348.10 k allocations: 349.082 MiB)
7240
  0.872537 seconds (554.49 k allocations: 549.025 MiB)
4768
  0.866260 seconds (411.88 k allocations: 408.529 MiB)
9765
  0.891572 seconds (444.60 k allocations: 439.829 MiB)
2250
  0.895161 seconds (434.64 k allocations: 426.279 MiB)
8512
  0.866033 seconds (271.94 k allocations: 271.987 MiB)
3508
  0.863411 seconds (266.07 k allocations: 266.557 MiB)
5998
  2.263246 seconds (301.13 k allocations: 300.293 MiB, 23.66% gc time)
  1.415224 seconds (69.76 k allocations: 68.191 MiB, 37.84% gc time)
  1.472521 seconds (197.37 k allocations: 195.731 MiB, 36.37% gc time)
  2.245518 seconds (286.41 k allocations: 285.224 MiB, 23.85% gc time)
1006
4769
9766
7241
  0.876728 seconds (405.91 k allocations: 397.012 MiB)
2251
  0.952149 seconds (246.95 k allocations: 246.307 MiB)
8513
  0.925343 seconds (93.47 k allocations: 95.943 MiB)
  0.948103 seconds (190.36 k allocations: 193.696 MiB)
9767
3509
  0.939236 seconds (141.84 k allocations: 147.492 MiB)
5999
  0.936695 seconds (143.56 k allocations: 146.864 MiB)
1007
  0.936825 seconds (154.08 k allocations: 157.119 MiB)
4770
  0.944383 seconds (217.42 k allocations: 219.135 MiB)
7242
  0.871028 seconds (554.49 k allocations: 549.037 MiB)
2252
  0.868433 seconds (251.82 k allocations: 250.956 MiB)
8514
  0.862367 seconds (195.16 k allocations: 196.908 MiB)
3510
  0.856649 seconds (129.92 k allocations: 134.688 MiB)
9768
  0.866353 seconds (167.86 k allocations: 169.952 MiB)
4771
  0.862429 seconds (163.53 k allocations: 165.979 MiB)
  0.870956 seconds (185.16 k allocations: 189.567 MiB)
6000
1008
  0.875147 seconds (282.11 k allocations: 281.059 MiB)
7243
  0.875086 seconds (554.50 k allocations: 549.063 MiB)
2253
  0.860487 seconds (257.60 k allocations: 255.275 MiB)
3511
  0.868739 seconds (276.99 k allocations: 276.457 MiB)
8515
  0.854438 seconds (193.68 k allocations: 194.461 MiB)
9769
  0.859749 seconds (220.37 k allocations: 220.174 MiB)
  0.870883 seconds (249.79 k allocations: 250.930 MiB)
4772
  0.862779 seconds (240.08 k allocations: 240.616 MiB)
1009
  1.100627 seconds (216.26 k allocations: 215.350 MiB, 22.21% gc time)
  1.853969 seconds (295.92 k allocations: 294.179 MiB, 13.19% gc time)
6001
2254
7244
  0.905831 seconds (406.60 k allocations: 397.778 MiB)
3512
  0.969952 seconds (388.04 k allocations: 380.104 MiB)
  0.940070 seconds (272.99 k allocations: 270.161 MiB)
8516
9770
  0.940936 seconds (263.89 k allocations: 261.675 MiB)
4773
  0.939906 seconds (286.92 k allocations: 285.105 MiB)
1010
  0.942734 seconds (336.33 k allocations: 333.791 MiB)
7245
  1.229752 seconds (475.29 k allocations: 470.621 MiB)
6002
  1.297793 seconds (544.36 k allocations: 539.363 MiB)
2255
  0.876136 seconds (497.22 k allocations: 490.031 MiB)
3513
  0.880731 seconds (394.55 k allocations: 389.193 MiB)
8517
  0.876914 seconds (353.96 k allocations: 350.478 MiB)
9771
  0.878819 seconds (347.91 k allocations: 346.099 MiB)
1011
  0.878834 seconds (379.04 k allocations: 374.858 MiB)
7246
  0.938503 seconds (549.16 k allocations: 543.945 MiB)
4774
  0.884451 seconds (533.21 k allocations: 527.264 MiB)
6003
  0.889762 seconds (524.20 k allocations: 518.832 MiB)
2256
  0.874481 seconds (482.82 k allocations: 477.649 MiB)
3514
  0.856992 seconds (351.80 k allocations: 348.408 MiB)
8518
  0.875302 seconds (402.68 k allocations: 399.731 MiB)
9772
  0.883587 seconds (421.55 k allocations: 417.961 MiB)
1012
  0.874699 seconds (405.92 k allocations: 401.788 MiB)
7247
  0.860190 seconds (489.49 k allocations: 484.374 MiB)
  1.703877 seconds (331.54 k allocations: 328.029 MiB, 21.48% gc time)
  1.755267 seconds (379.07 k allocations: 374.784 MiB, 20.85% gc time)
  1.233532 seconds (23.97 k allocations: 23.058 MiB, 29.67% gc time)
  1.232063 seconds (21.60 k allocations: 20.797 MiB, 29.71% gc time)
  1.277303 seconds (165.82 k allocations: 164.062 MiB, 28.65% gc time)
8519
3515
4775
2257
6004
9773
  0.880875 seconds (439.84 k allocations: 429.471 MiB)
1013
  0.930013 seconds (137.69 k allocations: 140.537 MiB)
6005
  0.967241 seconds (303.02 k allocations: 301.391 MiB)
7248
  0.930724 seconds (107.31 k allocations: 109.377 MiB)
2258
  0.935298 seconds (117.64 k allocations: 120.659 MiB)
  0.935402 seconds (121.72 k allocations: 125.909 MiB)
8520
3516
  0.937918 seconds (133.09 k allocations: 138.247 MiB)
4776
  0.947055 seconds (246.78 k allocations: 247.231 MiB)
9774
  0.873603 seconds (554.49 k allocations: 549.018 MiB)
1014
  0.871252 seconds (233.40 k allocations: 233.344 MiB)
6006
  0.860756 seconds (142.14 k allocations: 144.974 MiB)
2259
  0.860191 seconds (123.46 k allocations: 126.043 MiB)
  0.876469 seconds (193.19 k allocations: 197.809 MiB)
3517
7249
  0.864655 seconds (150.25 k allocations: 153.272 MiB)
4777
  0.876173 seconds (197.63 k allocations: 201.210 MiB)
8521
  0.875037 seconds (303.47 k allocations: 301.496 MiB)
9775
  0.869887 seconds (554.49 k allocations: 549.018 MiB)
1015
  0.871124 seconds (222.35 k allocations: 222.758 MiB)
7250
  0.855100 seconds (162.41 k allocations: 163.128 MiB)
4778
  0.867260 seconds (187.98 k allocations: 190.232 MiB)
  0.867699 seconds (189.23 k allocations: 191.806 MiB)
  0.854215 seconds (163.35 k allocations: 166.535 MiB)
3518
8522
2260
  0.862299 seconds (226.39 k allocations: 227.542 MiB)
6007
  0.878528 seconds (257.23 k allocations: 258.452 MiB)
9776
  1.211423 seconds (278.70 k allocations: 277.775 MiB, 16.58% gc time)
  1.076118 seconds (109.95 k allocations: 106.708 MiB, 18.66% gc time)
1016
7251
  0.857750 seconds (308.75 k allocations: 304.045 MiB)
4779
  0.938336 seconds (162.80 k allocations: 163.345 MiB)
9777
  0.903750 seconds (83.30 k allocations: 83.762 MiB)
7252
  0.945589 seconds (171.93 k allocations: 174.871 MiB)
  0.954480 seconds (210.82 k allocations: 214.894 MiB)
8523
3519
  0.946833 seconds (182.99 k allocations: 187.070 MiB)
2261
  0.934697 seconds (167.13 k allocations: 172.080 MiB)
6008
  0.941536 seconds (308.13 k allocations: 305.933 MiB)
1017
  0.869491 seconds (554.50 k allocations: 549.050 MiB)
4780
  0.861559 seconds (205.84 k allocations: 206.980 MiB)
9778
  0.865133 seconds (166.04 k allocations: 167.834 MiB)
8524
  0.862552 seconds (149.54 k allocations: 152.241 MiB)
2262
  0.871300 seconds (185.32 k allocations: 189.108 MiB)
  0.861270 seconds (148.15 k allocations: 152.128 MiB)
3520
6009
  0.857234 seconds (227.39 k allocations: 227.255 MiB)
1018
  0.875721 seconds (294.50 k allocations: 294.111 MiB)
7253
  0.868636 seconds (554.50 k allocations: 549.044 MiB)
4781
  0.865153 seconds (241.07 k allocations: 240.683 MiB)
9779
  0.864278 seconds (174.21 k allocations: 175.657 MiB)
  0.868292 seconds (190.96 k allocations: 194.267 MiB)
2263
8525
  0.867401 seconds (185.10 k allocations: 186.454 MiB)
  0.870046 seconds (193.12 k allocations: 195.455 MiB)
6010
3521
  0.877975 seconds (390.35 k allocations: 384.428 MiB)
1019
  1.056581 seconds (46.09 k allocations: 44.127 MiB, 18.40% gc time)
  1.141810 seconds (371.87 k allocations: 365.533 MiB, 17.03% gc time)
  1.918029 seconds (451.42 k allocations: 444.263 MiB, 10.14% gc time)
9780
4782
7254
  0.858486 seconds (289.29 k allocations: 282.964 MiB)
6011
  0.872754 seconds (79.22 k allocations: 78.447 MiB)
9781
  0.968331 seconds (378.80 k allocations: 372.668 MiB)
2264
  0.971327 seconds (384.80 k allocations: 379.812 MiB)
  0.882004 seconds (101.00 k allocations: 103.470 MiB)
8526
4783
  0.973728 seconds (422.71 k allocations: 417.668 MiB)
3522
  0.948589 seconds (454.74 k allocations: 450.964 MiB)
1020
  0.942010 seconds (454.20 k allocations: 449.389 MiB)
7255
  0.864820 seconds (554.49 k allocations: 549.037 MiB)
6012
  0.862807 seconds (299.96 k allocations: 299.857 MiB)
9782
  0.865050 seconds (269.46 k allocations: 266.844 MiB)
8527
  0.866422 seconds (255.48 k allocations: 253.584 MiB)
4784
  0.883426 seconds (329.52 k allocations: 329.720 MiB)
2265
  0.868634 seconds (270.38 k allocations: 269.454 MiB)
3523
  0.869104 seconds (418.92 k allocations: 413.007 MiB)
1021
  0.869293 seconds (444.82 k allocations: 439.187 MiB)
7256
  0.868020 seconds (554.49 k allocations: 549.031 MiB)
6013
  0.866076 seconds (326.93 k allocations: 324.428 MiB)
9783
  0.866414 seconds (286.20 k allocations: 284.223 MiB)
8528
  0.870789 seconds (262.05 k allocations: 259.886 MiB)
2266
  0.876685 seconds (284.59 k allocations: 284.089 MiB)
  0.868319 seconds (253.03 k allocations: 252.503 MiB)
4785
3524
  1.831688 seconds (268.47 k allocations: 266.597 MiB, 8.43% gc time)
  1.830301 seconds (269.20 k allocations: 267.410 MiB, 8.43% gc time)
  1.014633 seconds (142.57 k allocations: 140.829 MiB, 15.22% gc time)
1022
7257
6014
  0.859043 seconds (319.49 k allocations: 314.317 MiB)
9784
  0.879457 seconds (79.22 k allocations: 78.454 MiB)
6015
  0.963976 seconds (321.85 k allocations: 319.393 MiB)
8529
  0.942771 seconds (202.64 k allocations: 203.047 MiB)
  0.950341 seconds (228.04 k allocations: 229.884 MiB)
4786
2267
  0.954325 seconds (250.54 k allocations: 251.696 MiB)
3525
  0.941134 seconds (279.70 k allocations: 277.335 MiB)
1023
  0.947601 seconds (333.76 k allocations: 331.693 MiB)
7258
  0.853587 seconds (554.50 k allocations: 549.044 MiB)
9785
  0.870370 seconds (380.25 k allocations: 375.265 MiB)
6016
  0.865987 seconds (235.14 k allocations: 235.174 MiB)
8530
  0.869078 seconds (213.98 k allocations: 213.877 MiB)
4787
  0.870902 seconds (219.10 k allocations: 220.212 MiB)
2268
  0.866283 seconds (205.02 k allocations: 206.933 MiB)
3526
  0.871510 seconds (318.91 k allocations: 316.062 MiB)
1024
  0.877558 seconds (358.56 k allocations: 355.437 MiB)
7259
  0.870344 seconds (554.50 k allocations: 549.044 MiB)
9786
  0.865441 seconds (405.07 k allocations: 400.438 MiB)
6017
  0.868317 seconds (232.72 k allocations: 232.875 MiB)
4788
  0.865829 seconds (216.18 k allocations: 217.223 MiB)
8531
  0.869707 seconds (219.52 k allocations: 219.359 MiB)
2269
  0.878969 seconds (263.22 k allocations: 262.622 MiB)
3527
  0.870602 seconds (254.87 k allocations: 254.784 MiB)
1025
  0.878139 seconds (319.86 k allocations: 317.163 MiB)
7260
  1.031068 seconds (278.81 k allocations: 276.646 MiB, 16.69% gc time)
9787
  0.877589 seconds (343.15 k allocations: 336.956 MiB)
4789
  0.875543 seconds (79.21 k allocations: 78.441 MiB)
9788
  0.969162 seconds (402.05 k allocations: 396.129 MiB)
8532
  0.952027 seconds (299.28 k allocations: 296.745 MiB)
2270
  0.965279 seconds (351.91 k allocations: 348.519 MiB)
6018
  0.937442 seconds (279.80 k allocations: 279.714 MiB)
1026
  0.932029 seconds (291.07 k allocations: 288.220 MiB)
7261
  0.936153 seconds (314.46 k allocations: 311.998 MiB)
3528
  0.870498 seconds (554.50 k allocations: 549.044 MiB)
4790
  0.863974 seconds (366.59 k allocations: 360.823 MiB)
9789
  0.873672 seconds (312.89 k allocations: 309.611 MiB)
8533
  0.872405 seconds (272.49 k allocations: 271.119 MiB)
2271
  0.872482 seconds (254.29 k allocations: 253.882 MiB)
6019
  0.879155 seconds (299.88 k allocations: 298.906 MiB)
1027
  0.874783 seconds (294.84 k allocations: 294.255 MiB)
7262
  0.878000 seconds (343.19 k allocations: 340.704 MiB)
3529
  0.861478 seconds (554.49 k allocations: 549.025 MiB)
4791
  0.874747 seconds (440.10 k allocations: 435.330 MiB)
9790
  0.873752 seconds (282.44 k allocations: 280.458 MiB)
8534
  0.876378 seconds (276.10 k allocations: 274.582 MiB)
  0.865338 seconds (219.57 k allocations: 219.484 MiB)
2272
6020
  1.832602 seconds (247.09 k allocations: 245.931 MiB, 10.42% gc time)
  1.058183 seconds (154.22 k allocations: 153.249 MiB, 18.05% gc time)
  1.806466 seconds (233.27 k allocations: 231.492 MiB, 10.58% gc time)
  1.830838 seconds (245.95 k allocations: 244.915 MiB, 10.43% gc time)
4792
3530
7263
1028
  0.856543 seconds (356.15 k allocations: 349.414 MiB)
9791
  0.880960 seconds (79.22 k allocations: 78.454 MiB)
4793
  0.928977 seconds (217.90 k allocations: 217.472 MiB)
6021
  0.952288 seconds (296.93 k allocations: 296.955 MiB)
8535
  0.953803 seconds (297.21 k allocations: 297.411 MiB)
2273
  0.939015 seconds (287.28 k allocations: 283.177 MiB)
1029
  0.940650 seconds (310.73 k allocations: 307.027 MiB)
3531
  0.942796 seconds (328.36 k allocations: 326.509 MiB)
7264
  0.856502 seconds (554.49 k allocations: 549.037 MiB)
9792
  0.865976 seconds (382.01 k allocations: 376.510 MiB)
4794
  0.871771 seconds (307.78 k allocations: 304.659 MiB)
  0.863801 seconds (257.67 k allocations: 255.560 MiB)
8536
6022
  0.870412 seconds (265.28 k allocations: 264.378 MiB)
2274
  0.866686 seconds (287.24 k allocations: 284.360 MiB)
3532
  0.868507 seconds (298.46 k allocations: 296.529 MiB)
1030
  0.875575 seconds (333.23 k allocations: 331.190 MiB)
7265
  0.865348 seconds (554.50 k allocations: 549.056 MiB)
9793
  0.870007 seconds (419.01 k allocations: 413.799 MiB)
4795
  0.867771 seconds (326.08 k allocations: 322.217 MiB)
8537
  0.880360 seconds (286.48 k allocations: 284.503 MiB)
  0.870775 seconds (237.35 k allocations: 237.619 MiB)
2275
6023
  1.954003 seconds (189.03 k allocations: 190.372 MiB, 17.53% gc time)
  1.954645 seconds (189.64 k allocations: 190.962 MiB, 17.53% gc time)
  1.948296 seconds (187.04 k allocations: 187.408 MiB, 17.58% gc time)
  1.216470 seconds (113.73 k allocations: 118.530 MiB, 28.16% gc time)
1031
7266
3533
9794
  0.935021 seconds (405.34 k allocations: 396.463 MiB)
4796
  0.956455 seconds (265.12 k allocations: 262.455 MiB)
8538
  0.947777 seconds (179.31 k allocations: 179.314 MiB)
2276
  0.934770 seconds (161.59 k allocations: 161.310 MiB)
  0.961834 seconds (224.34 k allocations: 225.183 MiB)
3534
6024
  0.951003 seconds (204.54 k allocations: 206.421 MiB)
7267
  1.255835 seconds (475.28 k allocations: 470.596 MiB)
1032
  1.301429 seconds (522.39 k allocations: 518.311 MiB)
9795
  0.865842 seconds (466.60 k allocations: 457.892 MiB)
4797
  0.869388 seconds (303.17 k allocations: 301.698 MiB)
2277
  0.870084 seconds (287.60 k allocations: 286.976 MiB)
3535
  0.878960 seconds (310.64 k allocations: 309.194 MiB)
6025
  0.877597 seconds (332.77 k allocations: 330.574 MiB)
7268
  0.939397 seconds (504.96 k allocations: 501.645 MiB)
8539
  0.869160 seconds (508.94 k allocations: 504.042 MiB)
1033
  0.873019 seconds (505.18 k allocations: 500.628 MiB)
9796
  0.863342 seconds (524.40 k allocations: 517.449 MiB)
4798
  0.872696 seconds (409.86 k allocations: 405.190 MiB)
  0.868435 seconds (395.30 k allocations: 391.369 MiB)
2278
3536
  0.859294 seconds (338.73 k allocations: 337.303 MiB)
6026
  0.875306 seconds (349.11 k allocations: 347.426 MiB)
7269
  0.874593 seconds (339.34 k allocations: 338.264 MiB)
8540
  1.597571 seconds (314.41 k allocations: 311.785 MiB, 18.10% gc time)
  1.581194 seconds (300.37 k allocations: 297.107 MiB, 18.28% gc time)
  1.153480 seconds (214.28 k allocations: 209.300 MiB, 25.06% gc time)
1034
4799
9797
  0.858671 seconds (288.52 k allocations: 284.671 MiB)
3537
  0.875793 seconds (79.21 k allocations: 78.441 MiB)
4800
  0.961688 seconds (328.30 k allocations: 325.552 MiB)
2279
  0.945056 seconds (233.29 k allocations: 234.821 MiB)
6027
  0.949374 seconds (253.55 k allocations: 253.155 MiB)
8541
  0.952146 seconds (267.64 k allocations: 268.061 MiB)
7270
  0.931167 seconds (256.56 k allocations: 257.630 MiB)
1035
  0.938004 seconds (339.50 k allocations: 337.179 MiB)
9798
  0.868284 seconds (554.50 k allocations: 549.063 MiB)
3538
  0.864642 seconds (381.66 k allocations: 376.624 MiB)
4801
  0.874279 seconds (254.49 k allocations: 253.670 MiB)
2280
  0.870407 seconds (219.13 k allocations: 220.039 MiB)
6028
  0.870315 seconds (205.43 k allocations: 207.101 MiB)
8542
  0.876306 seconds (239.31 k allocations: 239.733 MiB)
  0.864745 seconds (215.50 k allocations: 216.563 MiB)
7271
1036
  0.873721 seconds (389.45 k allocations: 384.971 MiB)
9799
  0.867094 seconds (554.49 k allocations: 549.031 MiB)
3539
  0.864315 seconds (333.94 k allocations: 330.952 MiB)
4802
  0.862176 seconds (200.84 k allocations: 201.136 MiB)
6029
  0.873413 seconds (241.16 k allocations: 242.366 MiB)
2281
  0.868863 seconds (201.49 k allocations: 203.343 MiB)
8543
  0.866926 seconds (204.33 k allocations: 205.009 MiB)
  0.874463 seconds (232.51 k allocations: 233.322 MiB)
1037
7272
  0.870990 seconds (279.60 k allocations: 278.632 MiB)
9800
  1.592962 seconds (375.06 k allocations: 369.968 MiB, 33.60% gc time)
  1.422370 seconds (53.11 k allocations: 50.829 MiB, 37.63% gc time)
3540
7273
  0.868120 seconds (217.06 k allocations: 215.082 MiB)
4803
  0.969976 seconds (319.99 k allocations: 317.415 MiB)
2282
  0.954469 seconds (240.15 k allocations: 239.908 MiB)
6030
  0.959121 seconds (244.91 k allocations: 244.662 MiB)
8544
  0.959247 seconds (251.63 k allocations: 251.263 MiB)
9801
  0.934056 seconds (197.65 k allocations: 199.795 MiB)
1038
  0.937899 seconds (298.12 k allocations: 296.142 MiB)
  0.935080 seconds (300.71 k allocations: 297.872 MiB)
7274
3541
  0.865528 seconds (554.47 k allocations: 548.974 MiB)
4804
  0.872604 seconds (288.62 k allocations: 286.181 MiB)
2283
  0.876794 seconds (277.13 k allocations: 275.365 MiB)
6031
  0.870673 seconds (209.97 k allocations: 211.271 MiB)
8545
  0.874310 seconds (214.97 k allocations: 216.229 MiB)
  0.870292 seconds (201.76 k allocations: 203.129 MiB)
9802
1039
  0.868285 seconds (262.59 k allocations: 260.954 MiB)
3542
  0.875759 seconds (323.22 k allocations: 320.357 MiB)
7275
  0.856722 seconds (554.49 k allocations: 549.025 MiB)
4805
  0.857458 seconds (302.57 k allocations: 299.527 MiB)
2284
  0.868574 seconds (265.31 k allocations: 264.024 MiB)
6032
  0.867732 seconds (230.86 k allocations: 231.243 MiB)
8546
  0.861310 seconds (192.66 k allocations: 193.669 MiB)
9803
  0.869368 seconds (234.91 k allocations: 235.505 MiB)
1040
  0.857430 seconds (221.73 k allocations: 223.097 MiB)
3543
  0.877074 seconds (377.60 k allocations: 372.428 MiB)
7276
  1.161991 seconds (377.52 k allocations: 373.584 MiB, 13.70% gc time)
  1.030133 seconds (12.53 k allocations: 13.220 MiB, 15.46% gc time)
4806
9804
  0.871541 seconds (304.19 k allocations: 298.449 MiB)
1041
  0.876170 seconds (79.21 k allocations: 78.441 MiB)
4807
  0.977369 seconds (415.58 k allocations: 413.068 MiB)
2285
  0.879823 seconds (85.18 k allocations: 86.959 MiB)
9805
  0.968986 seconds (371.16 k allocations: 366.928 MiB)
8547
  0.944253 seconds (312.43 k allocations: 310.905 MiB)
3544
  1.014781 seconds (586.66 k allocations: 579.654 MiB)
6033
  0.950015 seconds (384.15 k allocations: 383.607 MiB)
7277
  0.882458 seconds (554.50 k allocations: 549.050 MiB)
1042
  0.871665 seconds (357.08 k allocations: 352.823 MiB)
  0.872872 seconds (354.87 k allocations: 351.148 MiB)
4808
2286
  0.877535 seconds (297.65 k allocations: 295.169 MiB)
9806
  0.874616 seconds (258.96 k allocations: 258.362 MiB)
8548
  0.874213 seconds (258.60 k allocations: 258.164 MiB)
3545
  0.878009 seconds (327.88 k allocations: 324.646 MiB)
6034
  0.879224 seconds (431.25 k allocations: 426.201 MiB)
7278
  0.880060 seconds (554.50 k allocations: 549.050 MiB)
1043
  0.860319 seconds (320.07 k allocations: 315.230 MiB)
2287
  0.882718 seconds (368.63 k allocations: 365.571 MiB)
4809
  0.878930 seconds (272.68 k allocations: 271.325 MiB)
9807
  0.867045 seconds (219.90 k allocations: 220.960 MiB)
8549
  0.868405 seconds (226.78 k allocations: 227.762 MiB)
3546
  0.875194 seconds (264.02 k allocations: 263.569 MiB)
6035
  1.626337 seconds (196.92 k allocations: 195.484 MiB, 46.44% gc time)
  2.397756 seconds (284.00 k allocations: 282.846 MiB, 31.50% gc time)
1044
7279
  0.858094 seconds (309.67 k allocations: 303.684 MiB)
4810
  0.961163 seconds (432.28 k allocations: 424.888 MiB)
2288
  0.950208 seconds (196.14 k allocations: 196.672 MiB)
8550
  0.954036 seconds (202.91 k allocations: 204.554 MiB)
  0.950030 seconds (194.18 k allocations: 194.577 MiB)
9808
3547
  0.954068 seconds (208.57 k allocations: 210.320 MiB)
6036
  0.944851 seconds (231.42 k allocations: 232.374 MiB)
1045
  0.990290 seconds (477.96 k allocations: 472.149 MiB)
7280
  0.861081 seconds (554.50 k allocations: 549.075 MiB)
4811
  0.870231 seconds (510.96 k allocations: 501.762 MiB)
2289
  0.874991 seconds (291.43 k allocations: 290.467 MiB)
8551
  0.865278 seconds (246.75 k allocations: 245.252 MiB)
3548
  0.884135 seconds (296.51 k allocations: 295.494 MiB)
9809
  0.872267 seconds (271.41 k allocations: 270.428 MiB)
1046
  0.891389 seconds (475.07 k allocations: 467.970 MiB)
6037
  0.874403 seconds (466.62 k allocations: 462.503 MiB)
7281
  0.881727 seconds (554.49 k allocations: 549.031 MiB)
4812
  0.863650 seconds (486.80 k allocations: 478.648 MiB)
2290
  0.860087 seconds (309.02 k allocations: 304.840 MiB)
  0.875748 seconds (338.83 k allocations: 338.045 MiB)
8552
3549
  0.869264 seconds (322.08 k allocations: 321.374 MiB)
9810
  0.877668 seconds (420.32 k allocations: 414.130 MiB)
1047
  1.489108 seconds (301.19 k allocations: 296.453 MiB, 33.71% gc time)
  2.136677 seconds (392.95 k allocations: 388.135 MiB, 23.49% gc time)
  1.374010 seconds (153.87 k allocations: 148.638 MiB, 36.53% gc time)
  2.116965 seconds (380.81 k allocations: 375.248 MiB, 23.71% gc time)
4813
2291
6038
7282
  0.871430 seconds (382.10 k allocations: 374.226 MiB)
3550
  0.976180 seconds (381.73 k allocations: 374.067 MiB)
  0.974442 seconds (374.30 k allocations: 367.353 MiB)
9811
8553
  0.946374 seconds (212.45 k allocations: 213.650 MiB)
  0.935419 seconds (171.65 k allocations: 174.734 MiB)
1048
6039
  0.935945 seconds (206.38 k allocations: 205.773 MiB)
2292
  0.942332 seconds (222.42 k allocations: 223.725 MiB)
4814
  0.971368 seconds (428.70 k allocations: 423.765 MiB)
7283
  0.867587 seconds (554.50 k allocations: 549.044 MiB)
3551
  0.871968 seconds (338.00 k allocations: 333.603 MiB)
  0.873698 seconds (340.53 k allocations: 337.400 MiB)
8554
9812
  0.869818 seconds (227.48 k allocations: 226.813 MiB)
6040
  0.863422 seconds (204.59 k allocations: 203.870 MiB)
  0.864373 seconds (205.59 k allocations: 204.821 MiB)
2293
4815
  0.877001 seconds (249.33 k allocations: 251.952 MiB)
1049
  0.876606 seconds (462.70 k allocations: 456.307 MiB)
7284
  0.870443 seconds (554.50 k allocations: 549.044 MiB)
3552
  0.880530 seconds (380.26 k allocations: 375.299 MiB)
8555
  0.873562 seconds (310.94 k allocations: 309.138 MiB)
9813
  0.872700 seconds (291.08 k allocations: 288.919 MiB)
1050
  0.863782 seconds (283.12 k allocations: 281.459 MiB)
4816
  0.873721 seconds (332.93 k allocations: 329.315 MiB)
2294
  0.879330 seconds (341.00 k allocations: 337.199 MiB)
  0.880476 seconds (343.80 k allocations: 339.907 MiB)
6041
7285
  1.309252 seconds (38.15 k allocations: 37.748 MiB, 32.54% gc time)
  1.285636 seconds (10.12 k allocations: 9.690 MiB, 33.14% gc time)  1.517737 seconds (311.32 k allocations: 310.208 MiB, 28.07% gc time)

9814
8556
3553
  0.871393 seconds (443.13 k allocations: 432.626 MiB)
1051
  0.953825 seconds (311.88 k allocations: 308.449 MiB)
4817
  0.934225 seconds (131.16 k allocations: 133.229 MiB)
6042
  0.946407 seconds (168.55 k allocations: 172.850 MiB)
2295
  0.935430 seconds (140.39 k allocations: 141.204 MiB)
  0.935933 seconds (140.71 k allocations: 141.528 MiB)
8557
3554
  0.935416 seconds (152.49 k allocations: 155.608 MiB)
9815
  0.956759 seconds (234.19 k allocations: 238.863 MiB)
7286
  0.872242 seconds (554.49 k allocations: 549.037 MiB)
1052
  0.863403 seconds (366.92 k allocations: 361.095 MiB)
4818
  0.860574 seconds (191.81 k allocations: 193.727 MiB)
6043
  0.861740 seconds (154.73 k allocations: 155.969 MiB)
2296
  0.866918 seconds (170.05 k allocations: 172.036 MiB)
  0.868926 seconds (178.06 k allocations: 182.267 MiB)
3555
8558
  0.870567 seconds (205.63 k allocations: 207.672 MiB)
9816
  0.874450 seconds (281.86 k allocations: 280.808 MiB)
7287
  0.872488 seconds (554.49 k allocations: 549.037 MiB)
1053
  0.866224 seconds (416.68 k allocations: 408.757 MiB)
4819
  0.864111 seconds (268.60 k allocations: 267.217 MiB)
6044
  0.865394 seconds (199.05 k allocations: 199.617 MiB)
2297
  0.873107 seconds (216.33 k allocations: 217.538 MiB)
9817
  1.825444 seconds (225.26 k allocations: 226.279 MiB, 8.77% gc time)
  1.820648 seconds (221.86 k allocations: 220.583 MiB, 8.80% gc time)
  1.033543 seconds (142.73 k allocations: 142.247 MiB, 15.49% gc time)
  1.822467 seconds (222.16 k allocations: 220.911 MiB, 8.79% gc time)
1054
3556
8559
7288
  0.864502 seconds (405.14 k allocations: 395.059 MiB)
6045
  0.875951 seconds (100.30 k allocations: 103.530 MiB)
1055
  0.967009 seconds (483.36 k allocations: 473.954 MiB)
4820
  0.940924 seconds (247.66 k allocations: 248.577 MiB)
  0.934564 seconds (230.93 k allocations: 229.410 MiB)
  0.937320 seconds (235.36 k allocations: 235.826 MiB)
8560
2298
3557
  0.935423 seconds (252.08 k allocations: 252.139 MiB)
  0.941429 seconds (259.84 k allocations: 262.132 MiB)
9818
7289
  0.873340 seconds (554.49 k allocations: 549.031 MiB)
6046
  0.883365 seconds (483.76 k allocations: 478.524 MiB)
1056
  0.876142 seconds (441.87 k allocations: 432.948 MiB)
4821
  0.872053 seconds (243.33 k allocations: 241.968 MiB)
8561
  0.882541 seconds (269.02 k allocations: 267.961 MiB)
  0.890708 seconds (286.19 k allocations: 287.333 MiB)
7290
3558
  0.870249 seconds (323.89 k allocations: 322.040 MiB)
2299
  0.916401 seconds (392.59 k allocations: 390.422 MiB)
9819
  0.886922 seconds (554.49 k allocations: 549.025 MiB)
6047
  0.876849 seconds (447.74 k allocations: 442.849 MiB)
4822
  0.879227 seconds (452.85 k allocations: 447.920 MiB)
1057
  0.871940 seconds (329.84 k allocations: 326.010 MiB)
8562
  0.872211 seconds (274.09 k allocations: 271.591 MiB)
3559
  0.889824 seconds (293.06 k allocations: 291.169 MiB)
7291
  0.873551 seconds (276.45 k allocations: 275.464 MiB)
2300
  0.868623 seconds (267.18 k allocations: 267.990 MiB)
9820
  1.186582 seconds (125.02 k allocations: 121.073 MiB, 26.94% gc time)
  1.281188 seconds (232.51 k allocations: 230.766 MiB, 24.95% gc time)
4823
6048
  0.885114 seconds (166.59 k allocations: 166.777 MiB)
8563
  0.946619 seconds (236.68 k allocations: 235.262 MiB)
1058
  0.957008 seconds (209.90 k allocations: 209.798 MiB)
9821
  0.946740 seconds (171.71 k allocations: 172.232 MiB)
7292
  0.923240 seconds (142.45 k allocations: 143.186 MiB)
4824
  0.955518 seconds (204.24 k allocations: 206.146 MiB)
3560
  0.934183 seconds (168.47 k allocations: 172.067 MiB)
  0.980729 seconds (293.79 k allocations: 296.858 MiB)
2301
6049
  0.895939 seconds (546.78 k allocations: 540.259 MiB)
8564
  0.882380 seconds (140.51 k allocations: 142.008 MiB)
7293
  0.909155 seconds (305.40 k allocations: 302.430 MiB)
1059
  0.885374 seconds (109.04 k allocations: 113.480 MiB)
9822
  0.887148 seconds (116.47 k allocations: 119.554 MiB)
6050
  0.895174 seconds (137.19 k allocations: 141.990 MiB)
3561
  0.902272 seconds (161.41 k allocations: 167.774 MiB)
4825
  0.912252 seconds (258.87 k allocations: 258.803 MiB)
2302
  0.876784 seconds (546.13 k allocations: 538.477 MiB)
8565
  0.879516 seconds (324.02 k allocations: 318.839 MiB)
7294
  0.857743 seconds (176.91 k allocations: 178.237 MiB)
1060
  1.247393 seconds (153.29 k allocations: 154.592 MiB, 25.67% gc time)
  1.236053 seconds (136.35 k allocations: 137.165 MiB, 25.90% gc time)
  1.249325 seconds (156.53 k allocations: 157.698 MiB, 25.63% gc time)
  1.248085 seconds (154.51 k allocations: 155.824 MiB, 25.65% gc time)
  1.198363 seconds (105.56 k allocations: 106.692 MiB, 26.72% gc time)
4826
9823
2303
6051
3562
  0.883072 seconds (522.54 k allocations: 508.857 MiB)
8566
  0.874786 seconds (147.75 k allocations: 151.371 MiB)
9824
  0.929805 seconds (160.11 k allocations: 160.931 MiB)
  0.932123 seconds (157.44 k allocations: 158.509 MiB)
1061
4827
  0.942465 seconds (198.96 k allocations: 199.685 MiB)
  0.942496 seconds (201.53 k allocations: 203.510 MiB)
  0.932411 seconds (193.76 k allocations: 194.836 MiB)
6052
  0.952317 seconds (227.85 k allocations: 235.627 MiB)
3563
2304
7295
  0.900790 seconds (554.49 k allocations: 549.025 MiB)
8567
  0.877568 seconds (505.63 k allocations: 496.884 MiB)
9825
  0.878552 seconds (220.12 k allocations: 219.582 MiB)
1062
  0.887113 seconds (227.11 k allocations: 227.695 MiB)
4828
  0.872895 seconds (192.14 k allocations: 193.161 MiB)
  0.884661 seconds (215.19 k allocations: 217.794 MiB)
6053
3564
  0.886883 seconds (261.10 k allocations: 260.735 MiB)
7296
  0.883717 seconds (286.15 k allocations: 286.107 MiB)
2305
  0.890085 seconds (542.61 k allocations: 536.254 MiB)
8568
  0.879606 seconds (444.09 k allocations: 435.146 MiB)
9826
  2.222530 seconds (216.81 k allocations: 216.441 MiB, 30.04% gc time)
  2.261698 seconds (277.31 k allocations: 275.549 MiB, 29.52% gc time)
  2.151595 seconds (152.88 k allocations: 152.765 MiB, 31.03% gc time)
  2.139227 seconds (145.99 k allocations: 145.036 MiB, 31.21% gc time)
  2.197669 seconds (189.33 k allocations: 188.976 MiB, 30.38% gc time)
  1.546591 seconds (47.82 k allocations: 45.938 MiB, 43.17% gc time)
  2.116407 seconds (132.82 k allocations: 131.654 MiB, 31.55% gc time)
3565
2306
8569
4829
1063
7297
6054
  0.871529 seconds (466.76 k allocations: 455.250 MiB)
9827
  0.934678 seconds (104.90 k allocations: 106.686 MiB)
3566
  0.937859 seconds (106.60 k allocations: 109.721 MiB)
4830
  0.940329 seconds (111.00 k allocations: 115.355 MiB)
2307
  0.932561 seconds (102.89 k allocations: 105.309 MiB)
1064
  0.945155 seconds (129.15 k allocations: 135.523 MiB)
7298
  0.945097 seconds (140.34 k allocations: 146.397 MiB)
8570
  0.945333 seconds (194.83 k allocations: 197.518 MiB)
6055
  0.876589 seconds (554.49 k allocations: 549.025 MiB)
9828
  0.866502 seconds (151.53 k allocations: 153.774 MiB)
3567
  0.872427 seconds (151.26 k allocations: 153.681 MiB)
2308
  0.877522 seconds (166.54 k allocations: 170.946 MiB)
4831
  0.873090 seconds (160.49 k allocations: 162.889 MiB)
8571
  0.883718 seconds (207.77 k allocations: 209.535 MiB)
  0.854400 seconds (179.35 k allocations: 180.696 MiB)
7299
1065
  0.874750 seconds (283.83 k allocations: 282.709 MiB)
6056
  0.884666 seconds (554.50 k allocations: 549.056 MiB)
9829
  0.858615 seconds (297.42 k allocations: 294.594 MiB)
3568
  0.870080 seconds (271.63 k allocations: 270.109 MiB)
2309
  0.878050 seconds (269.34 k allocations: 268.105 MiB)
  0.867668 seconds (218.76 k allocations: 219.000 MiB)
8572
4832
  0.860345 seconds (167.49 k allocations: 171.003 MiB)
6057
  0.873764 seconds (177.00 k allocations: 180.267 MiB)
7300
  0.869202 seconds (172.06 k allocations: 175.708 MiB)
1066
  1.037343 seconds (220.21 k allocations: 220.568 MiB, 16.25% gc time)
9830
  0.863659 seconds (301.86 k allocations: 297.451 MiB)
3569
  0.936276 seconds (172.80 k allocations: 175.357 MiB)
2310
  0.920481 seconds (133.91 k allocations: 133.404 MiB)
8573
  0.945198 seconds (172.84 k allocations: 176.964 MiB)
7301
  0.945183 seconds (181.87 k allocations: 183.337 MiB)
1067
  0.956381 seconds (245.41 k allocations: 245.546 MiB)
6058
  1.019565 seconds (529.11 k allocations: 524.562 MiB)
4833
  0.935815 seconds (490.38 k allocations: 486.461 MiB)
9831
  0.866147 seconds (554.50 k allocations: 549.044 MiB)
3570
  0.861872 seconds (341.83 k allocations: 339.912 MiB)
2311
  0.863470 seconds (291.92 k allocations: 291.108 MiB)
7302
  0.879073 seconds (333.76 k allocations: 333.795 MiB)
8574
  0.871945 seconds (318.50 k allocations: 318.139 MiB)
1068
  0.881970 seconds (410.67 k allocations: 405.094 MiB)
6059
  0.862148 seconds (460.56 k allocations: 455.310 MiB)
4834
  0.872480 seconds (511.49 k allocations: 506.674 MiB)
9832
  0.864024 seconds (554.50 k allocations: 549.050 MiB)
3571
  0.863111 seconds (409.93 k allocations: 405.067 MiB)
2312
  0.875460 seconds (349.82 k allocations: 347.717 MiB)
7303
  0.869142 seconds (311.05 k allocations: 309.416 MiB)
8575
  0.873373 seconds (326.79 k allocations: 324.655 MiB)
1069
  0.862954 seconds (327.95 k allocations: 325.955 MiB)
6060
  0.866512 seconds (455.38 k allocations: 449.148 MiB)
4835
  1.942201 seconds (448.19 k allocations: 443.648 MiB, 12.51% gc time)
  1.244377 seconds (369.07 k allocations: 365.301 MiB, 19.53% gc time)
  1.125152 seconds (123.16 k allocations: 121.715 MiB, 21.60% gc time)
  1.108959 seconds (44.45 k allocations: 49.214 MiB, 21.91% gc time)
3572
9833
7304
2313
  0.870949 seconds (409.05 k allocations: 398.857 MiB)
1070
  0.981774 seconds (502.52 k allocations: 497.706 MiB)
8576
  0.951321 seconds (360.35 k allocations: 354.998 MiB)
6061
  0.930445 seconds (259.21 k allocations: 258.405 MiB)
  0.926881 seconds (251.52 k allocations: 249.906 MiB)
9834
4836
  0.953907 seconds (400.36 k allocations: 396.281 MiB)
2314
  1.130945 seconds (481.48 k allocations: 477.748 MiB)
3573
  1.129879 seconds (486.39 k allocations: 482.631 MiB)
7305
  0.870432 seconds (554.49 k allocations: 549.031 MiB)
1071
  0.869203 seconds (439.26 k allocations: 434.548 MiB)
8577
  0.861013 seconds (392.38 k allocations: 389.870 MiB)
6062
  0.866012 seconds (382.60 k allocations: 378.066 MiB)
4837
  0.869427 seconds (397.09 k allocations: 393.342 MiB)
9835
  0.888425 seconds (542.12 k allocations: 535.986 MiB)
2315
  0.864225 seconds (485.42 k allocations: 481.560 MiB)
3574
  0.876072 seconds (501.77 k allocations: 497.381 MiB)
7306
  0.862239 seconds (554.50 k allocations: 549.056 MiB)
1072
  0.874656 seconds (421.14 k allocations: 417.209 MiB)
8578
  0.871168 seconds (405.43 k allocations: 402.301 MiB)
6063
  0.859286 seconds (383.54 k allocations: 381.584 MiB)
4838
  0.881764 seconds (487.45 k allocations: 480.999 MiB)
9836
  2.215864 seconds (455.06 k allocations: 450.182 MiB, 20.60% gc time)
  2.021060 seconds (322.01 k allocations: 318.852 MiB, 22.58% gc time)
  1.500014 seconds (217.78 k allocations: 215.211 MiB, 30.43% gc time)
  1.995292 seconds (297.37 k allocations: 294.148 MiB, 22.87% gc time)
  1.383358 seconds (36.51 k allocations: 41.607 MiB, 32.99% gc time)
2316
3575
7307
8579
1073
  0.862994 seconds (422.27 k allocations: 411.501 MiB)
4839
  0.966006 seconds (506.91 k allocations: 495.131 MiB)
6064
  0.935257 seconds (176.14 k allocations: 176.261 MiB)
8580
  0.931443 seconds (168.73 k allocations: 169.311 MiB)
3576
  0.940492 seconds (183.58 k allocations: 186.207 MiB)
  0.943509 seconds (197.19 k allocations: 200.593 MiB)
2317
7308
  1.320829 seconds (495.42 k allocations: 491.070 MiB)
9837
  1.336009 seconds (509.27 k allocations: 504.516 MiB)
1074
  0.873058 seconds (554.48 k allocations: 548.999 MiB)
4840
  0.862383 seconds (290.84 k allocations: 289.888 MiB)
3577
  0.862337 seconds (278.08 k allocations: 276.620 MiB)
8581
  0.874251 seconds (295.77 k allocations: 296.181 MiB)
7309
  1.054108 seconds (554.25 k allocations: 551.077 MiB)
6065
  1.042215 seconds (554.49 k allocations: 549.031 MiB)
2318
  0.868846 seconds (475.28 k allocations: 470.609 MiB)
1075
  0.930838 seconds (539.64 k allocations: 534.826 MiB)
9838
  0.866320 seconds (554.49 k allocations: 549.037 MiB)
4841
  0.853698 seconds (431.37 k allocations: 428.387 MiB)
3578
  0.875224 seconds (435.92 k allocations: 432.937 MiB)
7310
  0.886821 seconds (457.46 k allocations: 453.728 MiB)
8582
  1.576243 seconds (335.65 k allocations: 333.318 MiB, 11.62% gc time)
  1.343059 seconds (218.36 k allocations: 217.046 MiB, 13.64% gc time)
  1.665236 seconds (414.97 k allocations: 411.847 MiB, 11.00% gc time)
  1.303347 seconds (177.49 k allocations: 176.663 MiB, 14.06% gc time)
  1.050307 seconds (98.39 k allocations: 98.313 MiB, 17.44% gc time)
4842
1076
9839
6066
2319
  0.858118 seconds (417.02 k allocations: 407.643 MiB)
3579
  0.873102 seconds (85.81 k allocations: 88.413 MiB)
4843
  0.945536 seconds (294.84 k allocations: 293.515 MiB)
7311
  0.940789 seconds (226.90 k allocations: 228.714 MiB)
  0.931067 seconds (181.92 k allocations: 184.560 MiB)
8583
1077
  0.937971 seconds (215.21 k allocations: 216.658 MiB)
  0.938037 seconds (217.01 k allocations: 219.531 MiB)
6067
9840
  0.942569 seconds (263.43 k allocations: 264.388 MiB)
2320
  0.880255 seconds (554.50 k allocations: 549.050 MiB)
3580
  0.866941 seconds (519.07 k allocations: 510.925 MiB)
4844
  0.888009 seconds (317.68 k allocations: 314.166 MiB)
  0.864262 seconds (179.43 k allocations: 178.227 MiB)
6068
7312
  0.876696 seconds (227.43 k allocations: 230.602 MiB)
8584
  0.871964 seconds (198.20 k allocations: 201.597 MiB)
1078
  0.870729 seconds (206.91 k allocations: 208.884 MiB)
2321
  0.874774 seconds (222.31 k allocations: 225.037 MiB)
9841
  0.865853 seconds (554.49 k allocations: 549.025 MiB)
3581
  0.864984 seconds (539.63 k allocations: 530.773 MiB)
4845
  2.534042 seconds (273.51 k allocations: 271.896 MiB, 34.48% gc time)
  2.523626 seconds (230.97 k allocations: 229.965 MiB, 34.63% gc time)
  2.511310 seconds (194.92 k allocations: 194.207 MiB, 34.80% gc time)
  2.475386 seconds (138.48 k allocations: 137.766 MiB, 35.30% gc time)
  1.738207 seconds (43.45 k allocations: 41.627 MiB, 50.27% gc time)
  2.494872 seconds (164.75 k allocations: 164.140 MiB, 35.03% gc time)
  2.464378 seconds (133.11 k allocations: 132.351 MiB, 35.46% gc time)
8585
2322
1079
7313
6069
9842
3582
  0.859668 seconds (456.69 k allocations: 445.598 MiB)
4846
  0.931468 seconds (80.82 k allocations: 81.205 MiB)
3583
  0.933690 seconds (82.29 k allocations: 84.015 MiB)
1080
  0.937773 seconds (88.65 k allocations: 92.737 MiB)
9843
  0.934134 seconds (96.08 k allocations: 98.822 MiB)
  0.942991 seconds (106.46 k allocations: 115.067 MiB)
  0.939496 seconds (100.33 k allocations: 105.176 MiB)
7314
8586
2323
  0.943245 seconds (130.83 k allocations: 137.515 MiB)
6070
  0.868977 seconds (554.50 k allocations: 549.044 MiB)
4847
  0.864226 seconds (151.15 k allocations: 154.624 MiB)
3584
  0.857233 seconds (100.18 k allocations: 103.590 MiB)
8587
  0.863820 seconds (125.18 k allocations: 130.063 MiB)
1081
  0.873640 seconds (156.92 k allocations: 161.914 MiB)
  0.864185 seconds (131.26 k allocations: 135.046 MiB)
9844
6071
  0.880892 seconds (214.46 k allocations: 217.344 MiB)
2324
  0.876738 seconds (229.99 k allocations: 231.168 MiB)
7315
  0.870060 seconds (554.49 k allocations: 549.031 MiB)
4848
  0.868400 seconds (224.29 k allocations: 224.614 MiB)
8588
  0.858143 seconds (176.97 k allocations: 177.086 MiB)
  0.859122 seconds (176.49 k allocations: 177.406 MiB)
6072
1082
  0.853031 seconds (165.06 k allocations: 167.275 MiB)
  0.871095 seconds (190.41 k allocations: 193.244 MiB)
9845
3585
  0.871635 seconds (185.92 k allocations: 188.807 MiB)
7316
  0.869596 seconds (185.37 k allocations: 188.470 MiB)
2325
  1.031718 seconds (317.16 k allocations: 313.359 MiB, 15.93% gc time)
4849
  0.864453 seconds (197.25 k allocations: 197.340 MiB)
8589
  0.877020 seconds (79.22 k allocations: 78.447 MiB)
4850
  0.952629 seconds (168.18 k allocations: 168.641 MiB)
  0.954496 seconds (171.87 k allocations: 173.556 MiB)
  0.957161 seconds (179.25 k allocations: 182.386 MiB)
7317
3586
1083
  0.952381 seconds (170.94 k allocations: 174.284 MiB)
6073
  0.963280 seconds (220.87 k allocations: 223.475 MiB)
9846
  0.964967 seconds (328.75 k allocations: 326.912 MiB)
2326
  0.873050 seconds (554.49 k allocations: 549.025 MiB)
8590
  0.873531 seconds (217.31 k allocations: 216.709 MiB)
4851
  0.866777 seconds (129.51 k allocations: 130.418 MiB)
3587
  0.891258 seconds (227.59 k allocations: 229.355 MiB)
7318
  0.877357 seconds (155.60 k allocations: 158.226 MiB)
  0.885753 seconds (180.91 k allocations: 186.204 MiB)
6074
1084
  0.875393 seconds (170.30 k allocations: 173.865 MiB)
9847
  0.870687 seconds (330.63 k allocations: 327.480 MiB)
2327
  0.876552 seconds (554.49 k allocations: 549.031 MiB)
8591
  0.869459 seconds (231.49 k allocations: 231.507 MiB)
4852
  0.872714 seconds (174.63 k allocations: 177.268 MiB)
3588
  0.868889 seconds (129.75 k allocations: 130.848 MiB)
  0.877366 seconds (152.24 k allocations: 156.441 MiB)
  0.874271 seconds (136.38 k allocations: 139.884 MiB)
6075
7319
  0.876650 seconds (139.01 k allocations: 142.864 MiB)
1085
9848
  0.874241 seconds (156.56 k allocations: 160.878 MiB)
2328
  1.443408 seconds (404.61 k allocations: 397.023 MiB, 39.97% gc time)
8592
  0.903485 seconds (142.59 k allocations: 143.821 MiB)
7320
  0.964706 seconds (149.61 k allocations: 150.708 MiB)
9849
  0.991576 seconds (251.45 k allocations: 253.241 MiB)
3589
  0.970923 seconds (153.36 k allocations: 154.650 MiB)
1086
  0.991772 seconds (212.22 k allocations: 212.384 MiB)
6076
  0.985249 seconds (210.52 k allocations: 210.943 MiB)
2329
  0.944741 seconds (180.12 k allocations: 182.032 MiB)
8593
  1.026908 seconds (385.23 k allocations: 382.192 MiB)
4853
  0.877682 seconds (549.61 k allocations: 542.974 MiB)
7321
  0.869726 seconds (240.96 k allocations: 238.135 MiB)
3590
  0.875868 seconds (256.23 k allocations: 254.126 MiB)
9850
  0.884348 seconds (254.28 k allocations: 253.673 MiB)
1087
  0.861700 seconds (183.63 k allocations: 186.246 MiB)
8594
  0.876258 seconds (244.28 k allocations: 244.484 MiB)
2330
  0.882520 seconds (339.16 k allocations: 336.664 MiB)
  0.875766 seconds (339.29 k allocations: 336.345 MiB)
4854
6077
  0.875026 seconds (544.87 k allocations: 536.995 MiB)
7322
  0.867918 seconds (359.87 k allocations: 355.936 MiB)
3591
  0.869947 seconds (332.88 k allocations: 328.710 MiB)
9851
  0.878462 seconds (317.25 k allocations: 313.931 MiB)
1088
  0.872025 seconds (307.31 k allocations: 304.594 MiB)
8595
  0.884166 seconds (345.77 k allocations: 342.793 MiB)
2331
  0.863737 seconds (333.91 k allocations: 331.646 MiB)
4855
  0.867176 seconds (396.08 k allocations: 392.523 MiB)
6078
  1.255801 seconds (258.06 k allocations: 253.631 MiB, 20.79% gc time)
  1.322411 seconds (366.11 k allocations: 362.440 MiB, 19.75% gc time)
  1.125986 seconds (26.37 k allocations: 25.248 MiB, 23.19% gc time)
  1.175030 seconds (103.23 k allocations: 101.435 MiB, 22.22% gc time)
3592
7323
1089
9852
  0.869538 seconds (355.79 k allocations: 349.046 MiB)
8596
  0.873030 seconds (80.13 k allocations: 80.564 MiB)
1090
  0.880165 seconds (93.47 k allocations: 93.505 MiB)
9853
  0.959701 seconds (357.65 k allocations: 355.052 MiB)
2332
  0.953119 seconds (316.44 k allocations: 315.794 MiB)
4856
  0.944723 seconds (291.00 k allocations: 291.652 MiB)
6079
  0.934118 seconds (272.05 k allocations: 271.265 MiB)
3593
  0.940954 seconds (325.51 k allocations: 323.798 MiB)
7324
  0.863678 seconds (554.50 k allocations: 549.044 MiB)
8597
  0.861710 seconds (361.25 k allocations: 355.666 MiB)
1091
  0.861449 seconds (303.84 k allocations: 300.923 MiB)
9854
  0.867430 seconds (249.03 k allocations: 247.426 MiB)
4857
  0.871916 seconds (264.51 k allocations: 263.638 MiB)
2333
  0.871263 seconds (293.27 k allocations: 291.333 MiB)
6080
  0.874775 seconds (340.02 k allocations: 337.492 MiB)
7325
  0.893044 seconds (414.03 k allocations: 410.965 MiB)
3594
  0.864221 seconds (554.49 k allocations: 549.031 MiB)
8598
  0.871121 seconds (412.38 k allocations: 407.428 MiB)
1092
  0.881426 seconds (384.63 k allocations: 379.620 MiB)
9855
  0.872835 seconds (261.53 k allocations: 260.623 MiB)
2334
  0.873299 seconds (255.68 k allocations: 255.119 MiB)
4858
  0.861209 seconds (199.01 k allocations: 201.170 MiB)
6081
  1.954356 seconds (226.02 k allocations: 225.967 MiB, 17.45% gc time)
  1.207797 seconds (146.85 k allocations: 147.554 MiB, 28.24% gc time)
  1.968395 seconds (241.86 k allocations: 242.335 MiB, 17.33% gc time)
8599
3595
7326
  0.898843 seconds (360.11 k allocations: 353.201 MiB)
1093
  0.898205 seconds (65.23 k allocations: 65.061 MiB)
8600
  0.974197 seconds (268.26 k allocations: 266.879 MiB)
4859
  0.974978 seconds (225.70 k allocations: 226.333 MiB)
2335
  0.971537 seconds (214.81 k allocations: 213.644 MiB)
3596
  1.012902 seconds (342.61 k allocations: 343.486 MiB)
9856
  0.983219 seconds (284.10 k allocations: 282.753 MiB)
7327
  1.031484 seconds (379.94 k allocations: 380.755 MiB)
6082
  0.889617 seconds (488.78 k allocations: 483.344 MiB)
1094
  0.901359 seconds (439.99 k allocations: 434.037 MiB)
8601
  0.888489 seconds (378.59 k allocations: 372.647 MiB)
4860
  0.888257 seconds (305.09 k allocations: 301.071 MiB)
3597
  0.877207 seconds (275.62 k allocations: 275.511 MiB)
6083
  0.884476 seconds (306.42 k allocations: 305.162 MiB)
  0.878566 seconds (305.56 k allocations: 304.474 MiB)
7328
9857
  0.873141 seconds (343.46 k allocations: 342.188 MiB)
2336
  0.876322 seconds (456.60 k allocations: 451.116 MiB)
1095
  0.868242 seconds (402.94 k allocations: 399.979 MiB)
8602
  0.876892 seconds (354.32 k allocations: 349.425 MiB)
4861
  0.882795 seconds (274.08 k allocations: 271.407 MiB)
3598
  0.870814 seconds (191.63 k allocations: 192.681 MiB)
6084
  0.879970 seconds (206.07 k allocations: 205.463 MiB)
9858
  0.892182 seconds (235.82 k allocations: 235.357 MiB)
  0.875528 seconds (221.83 k allocations: 220.772 MiB)
2337
7329
  0.871446 seconds (255.89 k allocations: 252.237 MiB)
8603
  0.975044 seconds (452.70 k allocations: 444.441 MiB)
1096
  0.957030 seconds (293.64 k allocations: 291.164 MiB)
4862
  0.956667 seconds (263.05 k allocations: 262.074 MiB)
3599
  0.941154 seconds (211.51 k allocations: 212.935 MiB)
2338
  0.936458 seconds (247.75 k allocations: 245.351 MiB)
9859
  0.957003 seconds (287.33 k allocations: 288.305 MiB)
7330
  0.947118 seconds (279.75 k allocations: 281.226 MiB)
6085
  0.884645 seconds (554.49 k allocations: 549.037 MiB)
8604
  0.878760 seconds (444.05 k allocations: 436.493 MiB)
1097
  0.888421 seconds (340.40 k allocations: 335.929 MiB)
4863
  0.880502 seconds (280.81 k allocations: 279.074 MiB)
3600
  0.881806 seconds (279.92 k allocations: 278.394 MiB)
7331
  0.878095 seconds (275.99 k allocations: 276.052 MiB)
2339
  0.872912 seconds (293.02 k allocations: 292.530 MiB)
9860
  0.879531 seconds (512.12 k allocations: 504.841 MiB)
6086
  0.867993 seconds (552.13 k allocations: 545.379 MiB)
8605
  0.866559 seconds (486.67 k allocations: 477.269 MiB)
1098
  0.878586 seconds (295.37 k allocations: 294.219 MiB)
4864
  0.886278 seconds (295.66 k allocations: 294.667 MiB)
3601
  0.869171 seconds (255.06 k allocations: 253.387 MiB)
2340
  0.884743 seconds (289.40 k allocations: 288.833 MiB)
7332
  0.875053 seconds (282.11 k allocations: 280.842 MiB)
9861
  0.871192 seconds (477.33 k allocations: 471.500 MiB)
  1.361983 seconds (402.41 k allocations: 397.125 MiB, 24.26% gc time)
  1.239447 seconds (135.63 k allocations: 133.584 MiB, 26.66% gc time)
  1.206556 seconds (9.12 k allocations: 10.152 MiB, 27.39% gc time)
  1.226681 seconds (81.19 k allocations: 80.307 MiB, 26.94% gc time)
6087
8606
3602
4865
1099
  0.884098 seconds (369.63 k allocations: 362.288 MiB)
7333
  0.983292 seconds (316.50 k allocations: 311.637 MiB)
9862
  0.937900 seconds (87.09 k allocations: 88.623 MiB)
6088
  1.008543 seconds (380.36 k allocations: 376.788 MiB)
  0.947148 seconds (105.69 k allocations: 109.194 MiB)
  0.944643 seconds (106.21 k allocations: 108.498 MiB)
2341
  0.947672 seconds (108.48 k allocations: 112.260 MiB)
4866
8607
3603
  0.949356 seconds (127.39 k allocations: 132.999 MiB)
1100
  0.898323 seconds (554.50 k allocations: 549.050 MiB)
7334
  0.874671 seconds (112.33 k allocations: 113.821 MiB)
  0.860455 seconds (88.76 k allocations: 89.490 MiB)
8608
2342
  0.879276 seconds (114.66 k allocations: 118.853 MiB)
  0.882072 seconds (119.75 k allocations: 123.988 MiB)
1101
  0.883192 seconds (122.66 k allocations: 129.254 MiB)
4867
3604
  0.873936 seconds (121.52 k allocations: 128.404 MiB)
6089
  0.872636 seconds (199.90 k allocations: 202.383 MiB)
9863
  0.885717 seconds (554.50 k allocations: 549.050 MiB)
7335
  0.869597 seconds (226.24 k allocations: 226.476 MiB)
1102
  0.863874 seconds (176.03 k allocations: 178.589 MiB)
8609
  0.874180 seconds (182.56 k allocations: 185.074 MiB)
3605
  0.870901 seconds (163.06 k allocations: 166.555 MiB)
  0.862664 seconds (136.94 k allocations: 141.708 MiB)
4868
6090
  0.861537 seconds (137.38 k allocations: 141.117 MiB)
9864
  0.870367 seconds (153.33 k allocations: 159.020 MiB)
2343
  1.299603 seconds (286.42 k allocations: 283.952 MiB, 32.20% gc time)
7336
  0.867208 seconds (221.84 k allocations: 220.876 MiB)
8610
  0.971065 seconds (241.34 k allocations: 240.948 MiB)
  0.948419 seconds (139.03 k allocations: 141.938 MiB)
9865
1103
  0.942060 seconds (116.07 k allocations: 118.978 MiB)
6091
  0.963233 seconds (186.64 k allocations: 191.603 MiB)
3606
  0.950661 seconds (160.30 k allocations: 162.891 MiB)
  0.951368 seconds (169.29 k allocations: 172.846 MiB)
2344
4869
  0.953483 seconds (381.77 k allocations: 376.403 MiB)
7337
  0.866810 seconds (554.49 k allocations: 549.037 MiB)
8611
  0.864571 seconds (201.73 k allocations: 203.045 MiB)
1104
  0.855996 seconds (138.47 k allocations: 137.778 MiB)
4870
  0.870199 seconds (184.12 k allocations: 186.568 MiB)
  0.870751 seconds (186.38 k allocations: 189.159 MiB)
9866
  0.862477 seconds (153.66 k allocations: 156.504 MiB)
  0.867131 seconds (168.08 k allocations: 173.523 MiB)
6092
2345
3607
  0.878449 seconds (552.73 k allocations: 546.150 MiB)
7338
  0.864383 seconds (554.50 k allocations: 549.050 MiB)
8612
  0.858942 seconds (186.31 k allocations: 188.454 MiB)
4871
  0.869198 seconds (236.38 k allocations: 238.986 MiB)
1105
  0.872631 seconds (212.34 k allocations: 214.952 MiB)
9867
  0.864133 seconds (205.43 k allocations: 204.682 MiB)
6093
  0.876118 seconds (231.98 k allocations: 235.325 MiB)
2346
  0.875377 seconds (245.08 k allocations: 248.016 MiB)
3608
  0.877874 seconds (441.09 k allocations: 435.625 MiB)
7339
  1.509748 seconds (518.73 k allocations: 512.363 MiB, 26.32% gc time)
  1.388374 seconds (188.06 k allocations: 186.277 MiB, 28.62% gc time)
  1.376233 seconds (173.16 k allocations: 170.833 MiB, 28.87% gc time)
  1.267078 seconds (56.31 k allocations: 59.095 MiB, 31.36% gc time)
  1.348899 seconds (143.82 k allocations: 144.080 MiB, 29.46% gc time)
8613
4872
3609
1106
9868
  0.864219 seconds (424.04 k allocations: 414.501 MiB)
6094
  0.965272 seconds (472.66 k allocations: 462.285 MiB)
2347
  0.939318 seconds (328.54 k allocations: 324.564 MiB)
7340
  0.934094 seconds (215.77 k allocations: 215.601 MiB)
8614
  0.942171 seconds (244.04 k allocations: 244.076 MiB)
  0.936442 seconds (234.71 k allocations: 231.518 MiB)
9869
  0.936971 seconds (243.53 k allocations: 242.661 MiB)
  0.938965 seconds (247.08 k allocations: 248.455 MiB)
1107
4873
3610
  0.863538 seconds (554.49 k allocations: 549.018 MiB)
6095
  0.870371 seconds (455.19 k allocations: 445.559 MiB)
2348
  0.878747 seconds (446.87 k allocations: 437.790 MiB)
7341
  0.852104 seconds (198.69 k allocations: 199.256 MiB)
8615
  0.865714 seconds (244.55 k allocations: 244.561 MiB)
9870
  0.857683 seconds (248.59 k allocations: 247.375 MiB)
4874
  0.868552 seconds (266.65 k allocations: 267.290 MiB)
3611
  0.882296 seconds (335.43 k allocations: 335.725 MiB)
1108
  0.869892 seconds (554.50 k allocations: 549.044 MiB)
6096
  0.863616 seconds (460.36 k allocations: 453.883 MiB)
2349
  0.871471 seconds (426.04 k allocations: 419.253 MiB)
7342
  0.869846 seconds (308.20 k allocations: 305.264 MiB)
8616
  0.857627 seconds (258.07 k allocations: 256.243 MiB)
4875
  0.889097 seconds (347.39 k allocations: 346.815 MiB)
  0.866778 seconds (282.71 k allocations: 283.846 MiB)
9871
3612
  0.869787 seconds (302.24 k allocations: 302.755 MiB)
1109
  1.224831 seconds (215.38 k allocations: 212.963 MiB, 28.19% gc time)
  1.342574 seconds (373.17 k allocations: 369.382 MiB, 25.72% gc time)
  1.216354 seconds (193.22 k allocations: 189.203 MiB, 28.39% gc time)
2350
6097
7343
  0.880697 seconds (290.44 k allocations: 286.506 MiB)
1110
  0.950570 seconds (204.50 k allocations: 203.226 MiB)
8617
  0.961058 seconds (225.67 k allocations: 226.127 MiB)
4876
  0.963846 seconds (228.39 k allocations: 228.899 MiB)
3613
  0.958381 seconds (211.64 k allocations: 213.068 MiB)
9872
  0.933866 seconds (165.96 k allocations: 167.095 MiB)
2351
  0.939360 seconds (194.66 k allocations: 195.948 MiB)
6098
  0.957529 seconds (345.02 k allocations: 341.247 MiB)
7344
  0.872167 seconds (554.50 k allocations: 549.056 MiB)
1111
  0.861113 seconds (251.18 k allocations: 250.350 MiB)
  0.858247 seconds (231.63 k allocations: 230.761 MiB)
8618
4877
  0.869881 seconds (230.46 k allocations: 230.895 MiB)
3614
  0.870412 seconds (230.12 k allocations: 230.721 MiB)
9873
  0.867040 seconds (229.73 k allocations: 230.577 MiB)
2352
  0.864316 seconds (299.61 k allocations: 297.598 MiB)
6099
  0.875203 seconds (496.73 k allocations: 490.099 MiB)
7345
  0.870890 seconds (554.50 k allocations: 549.044 MiB)
1112
  0.864738 seconds (279.59 k allocations: 277.725 MiB)
8619
  0.874893 seconds (325.62 k allocations: 324.396 MiB)
4878
  0.860637 seconds (234.40 k allocations: 235.667 MiB)
3615
  0.861092 seconds (237.00 k allocations: 237.321 MiB)
9874
  0.864080 seconds (264.28 k allocations: 263.597 MiB)
2353
  0.859232 seconds (372.21 k allocations: 367.063 MiB)
6100
  0.872409 seconds (400.05 k allocations: 396.345 MiB)
7346
  1.266795 seconds (435.75 k allocations: 431.729 MiB, 15.27% gc time)
  1.162238 seconds (151.21 k allocations: 150.795 MiB, 16.64% gc time)
  1.159518 seconds (147.76 k allocations: 145.800 MiB, 16.68% gc time)
  1.062688 seconds (39.29 k allocations: 37.559 MiB, 18.20% gc time)
  1.114674 seconds (92.19 k allocations: 89.407 MiB, 17.35% gc time)
3616
8620
4879
1113
9875
  0.870714 seconds (394.28 k allocations: 385.868 MiB)
2354
  0.874044 seconds (79.74 k allocations: 80.176 MiB)
8621
  0.878565 seconds (84.06 k allocations: 84.483 MiB)
  0.880062 seconds (86.37 k allocations: 89.277 MiB)
4880
3617
  0.878642 seconds (91.02 k allocations: 93.955 MiB)
9876
  0.941521 seconds (364.44 k allocations: 363.148 MiB)
6101
  0.963667 seconds (507.00 k allocations: 500.969 MiB)
  0.931346 seconds (360.38 k allocations: 358.326 MiB)
7347
1114
  0.863078 seconds (554.48 k allocations: 548.980 MiB)
2355
  0.867957 seconds (277.80 k allocations: 275.822 MiB)
8622
  0.865569 seconds (247.96 k allocations: 246.225 MiB)
3618
  0.868004 seconds (250.80 k allocations: 250.348 MiB)
4881
  0.861286 seconds (211.84 k allocations: 213.246 MiB)
9877
  0.870240 seconds (275.96 k allocations: 274.785 MiB)
6102
  0.867234 seconds (351.30 k allocations: 345.833 MiB)
1115
  0.872102 seconds (380.29 k allocations: 374.994 MiB)
7348
  0.873133 seconds (554.49 k allocations: 549.031 MiB)
2356
  0.865642 seconds (280.02 k allocations: 277.951 MiB)
8623
  0.871086 seconds (250.63 k allocations: 249.997 MiB)
  0.869134 seconds (237.95 k allocations: 236.308 MiB)
4882
3619
  0.891969 seconds (305.58 k allocations: 302.947 MiB)
  0.867117 seconds (209.46 k allocations: 210.764 MiB)
9878
6103
  0.872199 seconds (218.12 k allocations: 218.404 MiB)
7349
  0.880578 seconds (237.74 k allocations: 238.590 MiB)
  1.314222 seconds (162.68 k allocations: 164.380 MiB, 35.29% gc time)
1116
2357
  0.874163 seconds (334.76 k allocations: 328.915 MiB)
8624
  0.952312 seconds (216.73 k allocations: 217.392 MiB)
4883
  0.949282 seconds (195.68 k allocations: 197.408 MiB)
3620
  0.940090 seconds (136.05 k allocations: 139.323 MiB)
6104
  0.942707 seconds (143.54 k allocations: 147.878 MiB)
9879
  0.928085 seconds (118.04 k allocations: 122.426 MiB)
1117
  0.930753 seconds (159.26 k allocations: 162.091 MiB)
2358
  0.958141 seconds (269.07 k allocations: 271.014 MiB)
7350
  0.858711 seconds (554.49 k allocations: 549.037 MiB)
8625
  0.867576 seconds (209.41 k allocations: 209.177 MiB)
  0.871738 seconds (223.23 k allocations: 224.970 MiB)
3621
4884
  0.860400 seconds (168.14 k allocations: 171.245 MiB)
2359
  0.878252 seconds (225.56 k allocations: 226.388 MiB)
1118
  0.871531 seconds (220.56 k allocations: 221.779 MiB)
9880
  0.876157 seconds (339.23 k allocations: 335.508 MiB)
6105
  0.882047 seconds (381.30 k allocations: 375.962 MiB)
7351
  0.879727 seconds (554.49 k allocations: 549.031 MiB)
8626
  0.857106 seconds (276.97 k allocations: 275.018 MiB)
3622
  0.870145 seconds (275.70 k allocations: 272.763 MiB)
  0.870329 seconds (276.65 k allocations: 275.036 MiB)
9881
4885
  0.881937 seconds (337.87 k allocations: 333.818 MiB)
1119
  1.883229 seconds (381.20 k allocations: 376.717 MiB, 15.53% gc time)
  1.153223 seconds (220.99 k allocations: 218.367 MiB, 25.37% gc time)
  1.838851 seconds (322.52 k allocations: 319.424 MiB, 15.91% gc time)
  1.806072 seconds (300.54 k allocations: 297.218 MiB, 16.20% gc time)
2360
7352
8627
6106
  0.877212 seconds (363.75 k allocations: 355.446 MiB)
9882
  0.882507 seconds (81.06 k allocations: 81.445 MiB)
8628
  0.993959 seconds (505.48 k allocations: 501.926 MiB)
3623
  0.939374 seconds (241.54 k allocations: 241.495 MiB)
1120
  0.962396 seconds (333.92 k allocations: 332.545 MiB)
4886
  0.937308 seconds (269.62 k allocations: 266.285 MiB)
2361
  0.945525 seconds (298.28 k allocations: 296.337 MiB)
7353
  0.949115 seconds (313.67 k allocations: 312.464 MiB)
6107
  0.869307 seconds (554.49 k allocations: 549.012 MiB)
9883
  0.874030 seconds (366.14 k allocations: 359.129 MiB)
8629
  0.872865 seconds (299.57 k allocations: 296.846 MiB)
3624
  0.878931 seconds (248.50 k allocations: 248.157 MiB)
1121
  0.876398 seconds (232.62 k allocations: 233.117 MiB)
4887
  0.869862 seconds (245.76 k allocations: 243.431 MiB)
  0.878045 seconds (252.62 k allocations: 251.398 MiB)
  0.882803 seconds (263.35 k allocations: 263.558 MiB)
2362
7354
6108
  0.863732 seconds (547.63 k allocations: 541.075 MiB)
9884
  0.871121 seconds (376.93 k allocations: 370.693 MiB)
8630
  0.865351 seconds (330.67 k allocations: 326.599 MiB)
3625
  0.867857 seconds (311.20 k allocations: 308.160 MiB)
4888
  2.165331 seconds (267.23 k allocations: 266.239 MiB, 22.95% gc time)
  2.154297 seconds (240.83 k allocations: 239.754 MiB, 23.07% gc time)
  1.367574 seconds (104.73 k allocations: 104.437 MiB, 36.34% gc time)
  2.088822 seconds (184.38 k allocations: 183.541 MiB, 23.79% gc time)
  2.122979 seconds (209.62 k allocations: 210.686 MiB, 23.41% gc time)
6109
7355
9885
1122
2363
  0.876649 seconds (415.04 k allocations: 405.756 MiB)
8631
  0.869376 seconds (165.94 k allocations: 166.334 MiB)
9886
  0.951863 seconds (376.05 k allocations: 371.243 MiB)
3626
  0.931160 seconds (215.54 k allocations: 215.383 MiB)
2364
  0.929667 seconds (218.23 k allocations: 218.133 MiB)
1123
  0.951708 seconds (277.50 k allocations: 279.929 MiB)
4889
  0.954315 seconds (306.40 k allocations: 306.554 MiB)
6110
  0.939222 seconds (366.98 k allocations: 363.459 MiB)
7356
  0.868432 seconds (541.21 k allocations: 534.914 MiB)
8632
  0.866444 seconds (519.59 k allocations: 512.995 MiB)
  0.864548 seconds (319.21 k allocations: 315.592 MiB)
  0.874120 seconds (178.50 k allocations: 181.074 MiB)
  0.873941 seconds (164.38 k allocations: 167.696 MiB)
  0.873768 seconds (142.39 k allocations: 146.795 MiB)
  0.872327 seconds (107.75 k allocations: 113.784 MiB)
  0.875710 seconds (83.49 k allocations: 90.687 MiB)
9887
3627
2365
1124
4890
6111
7357
  0.875273 seconds (553.78 k allocations: 546.994 MiB)
8633
  0.865778 seconds (113.61 k allocations: 116.249 MiB)
6112
  0.883988 seconds (156.77 k allocations: 161.416 MiB)
3628
  0.864192 seconds (89.41 k allocations: 92.225 MiB)
  0.885772 seconds (145.41 k allocations: 152.100 MiB)
2366
4891
  0.876011 seconds (108.47 k allocations: 114.521 MiB)
  0.873665 seconds (107.13 k allocations: 112.183 MiB)
1125
7358
  0.873622 seconds (115.49 k allocations: 121.615 MiB)
9888
  1.370701 seconds (353.87 k allocations: 348.499 MiB, 35.56% gc time)
8634
  0.862878 seconds (237.76 k allocations: 236.111 MiB)
1126
  0.970151 seconds (256.46 k allocations: 255.407 MiB)
3629
  0.962551 seconds (212.67 k allocations: 212.457 MiB)
4892
  0.967718 seconds (225.35 k allocations: 226.010 MiB)
7359
  0.948931 seconds (185.23 k allocations: 187.775 MiB)
9889
  0.936893 seconds (232.47 k allocations: 230.724 MiB)
8635
  1.367074 seconds (482.56 k allocations: 478.805 MiB)
2367
  1.478633 seconds (566.24 k allocations: 561.514 MiB)
6113
  0.869855 seconds (554.50 k allocations: 549.063 MiB)
1127
  0.866983 seconds (398.65 k allocations: 394.291 MiB)
3630
  0.858959 seconds (341.05 k allocations: 339.327 MiB)
4893
  0.869140 seconds (364.75 k allocations: 362.208 MiB)
7360
  0.863587 seconds (369.08 k allocations: 366.540 MiB)
9890
  0.894814 seconds (517.09 k allocations: 510.795 MiB)
8636
  0.867857 seconds (554.49 k allocations: 549.031 MiB)
2368
  0.872740 seconds (554.49 k allocations: 549.031 MiB)
6114
  0.872414 seconds (554.49 k allocations: 549.031 MiB)
1128
  0.865618 seconds (407.17 k allocations: 403.841 MiB)
3631
  0.877712 seconds (419.14 k allocations: 415.479 MiB)
4894
  0.866570 seconds (389.46 k allocations: 385.860 MiB)
9891
  0.870100 seconds (410.31 k allocations: 405.985 MiB)
7361
  0.872969 seconds (549.53 k allocations: 543.067 MiB)
8637
  1.580882 seconds (527.87 k allocations: 522.339 MiB, 11.25% gc time)
  1.234182 seconds (369.55 k allocations: 365.555 MiB, 14.41% gc time)
  1.085605 seconds (103.86 k allocations: 103.314 MiB, 16.39% gc time)
  1.468646 seconds (449.08 k allocations: 444.407 MiB, 12.11% gc time)
  1.069145 seconds (68.42 k allocations: 68.262 MiB, 16.64% gc time)
  1.102633 seconds (159.85 k allocations: 158.084 MiB, 16.13% gc time)
  1.048532 seconds (47.92 k allocations: 46.646 MiB, 16.97% gc time)
1129
3632
4895
9892
7362
6115
2369
  0.870461 seconds (465.55 k allocations: 454.099 MiB)
8638
  0.871514 seconds (282.83 k allocations: 279.403 MiB)
7363
  0.874100 seconds (204.55 k allocations: 203.466 MiB)
9893
  0.881785 seconds (223.39 k allocations: 222.888 MiB)
4896
  0.936020 seconds (386.10 k allocations: 382.464 MiB)
1130
  0.938443 seconds (396.85 k allocations: 392.918 MiB)
2370
  0.977515 seconds (475.28 k allocations: 470.615 MiB)
3633
  1.047867 seconds (552.26 k allocations: 546.898 MiB)
6116
  0.865664 seconds (536.80 k allocations: 530.706 MiB)
8639
  0.876605 seconds (478.19 k allocations: 471.978 MiB)
7364
  0.867417 seconds (421.45 k allocations: 417.740 MiB)
9894
  0.876704 seconds (431.12 k allocations: 425.729 MiB)
4897
  0.877841 seconds (457.95 k allocations: 452.811 MiB)
1131
  0.875053 seconds (477.71 k allocations: 473.113 MiB)
2371
  0.882782 seconds (546.69 k allocations: 540.165 MiB)
3634
  0.880612 seconds (540.76 k allocations: 534.665 MiB)
6117
  0.869121 seconds (546.12 k allocations: 539.616 MiB)
8640
  0.888524 seconds (445.50 k allocations: 441.920 MiB)
7365
  0.905154 seconds (442.93 k allocations: 438.243 MiB)
9895
  0.875830 seconds (364.59 k allocations: 362.063 MiB)
4898
  0.873956 seconds (357.09 k allocations: 355.065 MiB)
1132
  2.298241 seconds (251.32 k allocations: 249.999 MiB, 31.05% gc time)
  2.406895 seconds (342.70 k allocations: 341.485 MiB, 29.65% gc time)
  2.204555 seconds (185.37 k allocations: 185.881 MiB, 32.37% gc time)
  1.637359 seconds (111.80 k allocations: 116.430 MiB, 43.59% gc time)
2372
3635
6118
8641
  0.888577 seconds (421.73 k allocations: 412.175 MiB)
7366
  0.970313 seconds (275.58 k allocations: 273.709 MiB)
9896
  0.953048 seconds (174.07 k allocations: 176.740 MiB)
  0.947480 seconds (146.46 k allocations: 150.467 MiB)
4899
6119
  0.941816 seconds (129.71 k allocations: 133.419 MiB)
1133
  0.944741 seconds (144.09 k allocations: 148.575 MiB)
3636
  0.944115 seconds (169.72 k allocations: 173.298 MiB)
2373
  0.950980 seconds (301.35 k allocations: 299.451 MiB)
8642
  0.883308 seconds (554.49 k allocations: 549.025 MiB)
7367
  0.863183 seconds (212.01 k allocations: 212.867 MiB)
9897
  0.869061 seconds (148.80 k allocations: 151.329 MiB)
  0.875028 seconds (169.97 k allocations: 174.179 MiB)
4900
6120
  0.870203 seconds (137.24 k allocations: 141.859 MiB)
  0.868059 seconds (134.32 k allocations: 137.966 MiB)
3637
1134
  0.879748 seconds (188.17 k allocations: 190.970 MiB)
2374
  0.867337 seconds (183.44 k allocations: 186.544 MiB)
8643
  0.875451 seconds (554.49 k allocations: 549.031 MiB)
7368
  0.861524 seconds (254.34 k allocations: 253.402 MiB)
6121
  0.864391 seconds (207.28 k allocations: 208.528 MiB)
9898
  0.877598 seconds (208.85 k allocations: 210.204 MiB)
1135
  0.860694 seconds (161.71 k allocations: 165.274 MiB)
4901
  0.868644 seconds (172.95 k allocations: 176.218 MiB)
8644
  0.873542 seconds (189.89 k allocations: 192.596 MiB)
2375
  0.875584 seconds (210.49 k allocations: 212.506 MiB)
3638
  1.452010 seconds (239.80 k allocations: 239.315 MiB, 38.70% gc time)
7369
  0.879769 seconds (272.89 k allocations: 269.737 MiB)
6122
  0.947786 seconds (151.88 k allocations: 151.655 MiB)
8645
  0.957408 seconds (162.88 k allocations: 164.816 MiB)
9899
  0.973857 seconds (219.69 k allocations: 223.020 MiB)
1136
  0.965032 seconds (188.49 k allocations: 190.894 MiB)
4902
  0.938114 seconds (154.08 k allocations: 158.150 MiB)
7370
  0.944928 seconds (223.88 k allocations: 225.122 MiB)
3639
  0.950105 seconds (326.68 k allocations: 323.687 MiB)
2376
  0.864996 seconds (554.49 k allocations: 549.031 MiB)
6123
  0.868019 seconds (264.10 k allocations: 262.705 MiB)
9900
  0.868821 seconds (212.11 k allocations: 211.912 MiB)
8646
  0.873682 seconds (219.79 k allocations: 220.675 MiB)
1137
  0.868241 seconds (184.22 k allocations: 185.606 MiB)
4903
  0.868643 seconds (218.78 k allocations: 218.873 MiB)
3640
  0.882023 seconds (256.62 k allocations: 257.706 MiB)
7371
  0.872830 seconds (297.86 k allocations: 296.111 MiB)
2377
  0.856353 seconds (554.49 k allocations: 549.037 MiB)
6124
  0.865453 seconds (252.94 k allocations: 250.798 MiB)
9901
  0.871764 seconds (256.62 k allocations: 255.735 MiB)
8647
  0.866617 seconds (190.61 k allocations: 191.506 MiB)
  0.879515 seconds (226.62 k allocations: 227.988 MiB)
1138
4904
  0.872745 seconds (219.08 k allocations: 220.341 MiB)
3641
  0.884126 seconds (281.36 k allocations: 280.115 MiB)
7372
  0.879155 seconds (303.96 k allocations: 301.920 MiB)
2378
  1.173484 seconds (206.29 k allocations: 199.866 MiB, 22.72% gc time)
  1.149357 seconds (80.40 k allocations: 78.182 MiB, 23.20% gc time)
  1.139975 seconds (33.85 k allocations: 32.388 MiB, 23.39% gc time)
  1.280306 seconds (444.65 k allocations: 439.019 MiB, 20.83% gc time)
8648
9902
6125
1139
  0.860940 seconds (339.99 k allocations: 333.930 MiB)
3642
  0.879068 seconds (83.31 k allocations: 83.586 MiB)
  0.879235 seconds (83.34 k allocations: 83.683 MiB)
8649
9903
  0.879622 seconds (92.84 k allocations: 94.293 MiB)
1140
  0.954084 seconds (344.66 k allocations: 342.794 MiB)
4905
  0.966420 seconds (403.09 k allocations: 401.356 MiB)
2379
  0.958509 seconds (409.61 k allocations: 406.566 MiB)
7373
  0.952278 seconds (488.02 k allocations: 481.760 MiB)
6126
  0.874002 seconds (554.49 k allocations: 549.037 MiB)
3643
  0.868625 seconds (261.20 k allocations: 261.339 MiB)
8650
  0.863642 seconds (222.48 k allocations: 221.892 MiB)
9904
  0.877045 seconds (257.05 k allocations: 258.941 MiB)
1141
  0.871958 seconds (221.66 k allocations: 222.630 MiB)
4906
  0.886890 seconds (290.67 k allocations: 288.869 MiB)
2380
  0.873459 seconds (268.51 k allocations: 267.857 MiB)
7374
  0.870458 seconds (435.65 k allocations: 430.433 MiB)
6127
  0.879525 seconds (554.50 k allocations: 549.050 MiB)
3644
  0.873369 seconds (271.80 k allocations: 268.882 MiB)
9905
  0.883385 seconds (282.50 k allocations: 281.118 MiB)
8651
  0.867634 seconds (171.05 k allocations: 171.574 MiB)
4907
  0.878479 seconds (198.56 k allocations: 199.328 MiB)
7375
  0.895615 seconds (259.53 k allocations: 261.518 MiB)
1142
  0.882595 seconds (225.36 k allocations: 226.554 MiB)
2381
  0.862127 seconds (271.11 k allocations: 270.504 MiB)
6128
  1.502743 seconds (355.32 k allocations: 351.075 MiB, 33.13% gc time)
  1.387246 seconds (85.16 k allocations: 81.514 MiB, 35.89% gc time)
3645
7376
  0.866186 seconds (314.62 k allocations: 309.751 MiB)
8652
  0.955523 seconds (268.87 k allocations: 267.281 MiB)
4908
  0.944295 seconds (207.43 k allocations: 206.219 MiB)
  0.956699 seconds (233.78 k allocations: 235.246 MiB)
2382
  0.935544 seconds (185.93 k allocations: 187.202 MiB)
1143
6129
  0.949296 seconds (308.69 k allocations: 304.885 MiB)
7377
  1.387878 seconds (596.94 k allocations: 590.717 MiB)
9906
  1.317518 seconds (505.38 k allocations: 500.822 MiB)
3646
  0.866930 seconds (554.50 k allocations: 549.044 MiB)
8653
  0.865977 seconds (388.07 k allocations: 382.925 MiB)
  0.880435 seconds (432.44 k allocations: 428.036 MiB)
2383
4909
  0.885209 seconds (362.98 k allocations: 359.289 MiB)
7378
  1.020489 seconds (456.23 k allocations: 451.146 MiB)
1144
  1.263200 seconds (554.49 k allocations: 549.031 MiB)
6130
  0.864904 seconds (413.54 k allocations: 411.527 MiB)
3647
  1.086292 seconds (554.49 k allocations: 549.037 MiB)
9907
  0.858416 seconds (516.16 k allocations: 511.135 MiB)
8654
  0.867544 seconds (508.37 k allocations: 503.487 MiB)
4910
  0.911658 seconds (529.65 k allocations: 523.860 MiB)
2384
  0.925535 seconds (475.28 k allocations: 470.615 MiB)
1145
  0.877663 seconds (424.63 k allocations: 420.730 MiB)
3648
  2.134838 seconds (290.26 k allocations: 287.058 MiB, 30.54% gc time)
  2.407701 seconds (448.88 k allocations: 444.116 MiB, 27.08% gc time)
  2.143971 seconds (299.59 k allocations: 297.218 MiB, 30.41% gc time)
  1.988361 seconds (211.38 k allocations: 208.947 MiB, 32.79% gc time)
  1.781446 seconds (132.34 k allocations: 130.709 MiB, 36.60% gc time)
  2.745463 seconds (669.60 k allocations: 662.283 MiB, 23.75% gc time)
  1.591767 seconds (56.67 k allocations: 60.364 MiB, 40.96% gc time)
2385
8655
6131
9908
4911
1146
7379
  0.885415 seconds (484.89 k allocations: 472.614 MiB)
3649
  0.937510 seconds (192.98 k allocations: 193.419 MiB)
9909
  0.943988 seconds (179.46 k allocations: 180.678 MiB)
  0.941775 seconds (174.87 k allocations: 175.373 MiB)
  0.955576 seconds (204.05 k allocations: 208.173 MiB)
2386
4912
  0.933753 seconds (156.87 k allocations: 160.785 MiB)
7380
6132
  1.350076 seconds (475.28 k allocations: 470.615 MiB)
1147
  1.366858 seconds (488.61 k allocations: 485.984 MiB)
8656
  0.875618 seconds (554.50 k allocations: 549.044 MiB)
3650
  0.870827 seconds (368.44 k allocations: 365.365 MiB)
9910
  0.870994 seconds (336.43 k allocations: 334.913 MiB)
4913
  0.869765 seconds (334.33 k allocations: 333.102 MiB)
7381
  1.020299 seconds (480.90 k allocations: 477.224 MiB)
2387
  0.868150 seconds (445.06 k allocations: 440.296 MiB)
1148
  1.390662 seconds (626.42 k allocations: 619.291 MiB)
6133
  0.865869 seconds (460.46 k allocations: 455.223 MiB)
3651
  0.865743 seconds (354.40 k allocations: 352.145 MiB)
9911
  0.861099 seconds (332.74 k allocations: 331.599 MiB)
4914
  1.294878 seconds (698.83 k allocations: 692.627 MiB)
8657
  1.639093 seconds (260.47 k allocations: 257.403 MiB, 31.61% gc time)
  1.864332 seconds (340.34 k allocations: 337.821 MiB, 27.79% gc time)
  2.166397 seconds (419.83 k allocations: 416.492 MiB, 23.91% gc time)
  1.380134 seconds (103.23 k allocations: 103.070 MiB, 37.54% gc time)
  1.432995 seconds (152.36 k allocations: 151.402 MiB, 36.15% gc time)
1149
2388
3652
7382
6134
  0.868014 seconds (407.77 k allocations: 398.799 MiB)
9912
  0.930748 seconds (142.63 k allocations: 145.269 MiB)
8658
  0.968592 seconds (287.39 k allocations: 286.393 MiB)
4915
  0.931680 seconds (96.81 k allocations: 98.082 MiB)
6135
  0.947621 seconds (159.06 k allocations: 159.087 MiB)
7383
  0.949935 seconds (165.09 k allocations: 166.210 MiB)
3653
  0.955189 seconds (200.81 k allocations: 201.836 MiB)
2389
  0.959093 seconds (218.53 k allocations: 220.191 MiB)
1150
  0.876413 seconds (554.49 k allocations: 549.037 MiB)
9913
  0.861281 seconds (203.84 k allocations: 203.837 MiB)
8659
  0.869385 seconds (239.61 k allocations: 240.701 MiB)
6136
  0.886065 seconds (227.25 k allocations: 227.801 MiB)
4916
  0.871440 seconds (169.39 k allocations: 171.390 MiB)
2390
  0.892398 seconds (237.07 k allocations: 238.783 MiB)
7384
  0.877296 seconds (200.60 k allocations: 202.855 MiB)
3654
  0.874519 seconds (251.31 k allocations: 251.560 MiB)
1151
  0.877671 seconds (554.49 k allocations: 549.012 MiB)
9914
  0.855258 seconds (269.65 k allocations: 266.801 MiB)
6137
  0.871080 seconds (288.80 k allocations: 287.777 MiB)
8660
  0.878229 seconds (219.85 k allocations: 220.743 MiB)
4917
  0.873148 seconds (201.15 k allocations: 202.987 MiB)
  0.869147 seconds (195.44 k allocations: 197.521 MiB)
7385
3655
  0.862699 seconds (196.69 k allocations: 199.092 MiB)
1152
  0.872904 seconds (229.47 k allocations: 230.650 MiB)
2391
  1.489828 seconds (195.70 k allocations: 197.104 MiB, 41.67% gc time)
9915
  0.875864 seconds (314.65 k allocations: 309.684 MiB)
6138
  0.971011 seconds (364.23 k allocations: 357.296 MiB)
8661
  0.956703 seconds (184.16 k allocations: 186.385 MiB)
4918
  0.937323 seconds (128.46 k allocations: 128.376 MiB)
2392
  0.962117 seconds (189.05 k allocations: 191.435 MiB)
3656
  0.945927 seconds (171.18 k allocations: 172.075 MiB)
9916
  0.961593 seconds (204.11 k allocations: 207.447 MiB)
1153
  0.970642 seconds (249.91 k allocations: 253.884 MiB)
7386
  0.867748 seconds (534.05 k allocations: 528.061 MiB)
6139
  0.867378 seconds (341.05 k allocations: 335.126 MiB)
8662
  0.859500 seconds (159.04 k allocations: 159.899 MiB)
2393
  0.869694 seconds (192.67 k allocations: 194.725 MiB)
4919
  0.873715 seconds (198.76 k allocations: 200.739 MiB)
  0.865100 seconds (184.10 k allocations: 184.184 MiB)
3657
7387
  0.871918 seconds (196.47 k allocations: 200.141 MiB)
1154
  0.875100 seconds (234.19 k allocations: 236.393 MiB)
9917
  0.854561 seconds (505.96 k allocations: 499.801 MiB)
6140
  0.863971 seconds (363.05 k allocations: 356.186 MiB)
8663
  0.868092 seconds (244.60 k allocations: 243.009 MiB)
2394
  0.869556 seconds (196.66 k allocations: 198.538 MiB)
4920
  0.871386 seconds (200.98 k allocations: 201.621 MiB)
1155
  0.874171 seconds (209.25 k allocations: 210.942 MiB)
7388
  0.870364 seconds (258.21 k allocations: 257.966 MiB)
9918
  0.883036 seconds (287.54 k allocations: 288.679 MiB)
3658
  1.061678 seconds (83.17 k allocations: 82.406 MiB, 18.33% gc time)
  1.093983 seconds (198.39 k allocations: 198.087 MiB, 17.79% gc time)
8664
6141
  0.863758 seconds (341.14 k allocations: 335.042 MiB)
2395
  0.873210 seconds (79.22 k allocations: 78.447 MiB)
8665
  0.890691 seconds (101.45 k allocations: 101.135 MiB)
6142
  0.944040 seconds (271.78 k allocations: 272.886 MiB)
1156
  0.936195 seconds (232.29 k allocations: 234.052 MiB)
4921
  0.951650 seconds (304.25 k allocations: 305.530 MiB)
7389
  0.931664 seconds (239.99 k allocations: 243.016 MiB)
9919
  0.941648 seconds (338.62 k allocations: 337.562 MiB)
3659
  0.865684 seconds (554.49 k allocations: 549.018 MiB)
2396
  0.863054 seconds (369.12 k allocations: 363.218 MiB)
8666
  0.865220 seconds (256.05 k allocations: 255.185 MiB)
6143
  0.872036 seconds (235.84 k allocations: 236.051 MiB)
  0.866879 seconds (209.06 k allocations: 210.553 MiB)
1157
4922
  0.876559 seconds (279.29 k allocations: 277.983 MiB)
9920
  0.888831 seconds (317.31 k allocations: 316.991 MiB)
7390
  0.875407 seconds (315.42 k allocations: 314.145 MiB)
3660
  0.877866 seconds (554.50 k allocations: 549.044 MiB)
2397
  0.865133 seconds (435.88 k allocations: 430.080 MiB)
8667
  0.859802 seconds (237.88 k allocations: 236.560 MiB)
1158
  0.856684 seconds (209.25 k allocations: 209.371 MiB)
6144
  0.879829 seconds (265.90 k allocations: 266.188 MiB)
4923
  0.869847 seconds (213.60 k allocations: 215.108 MiB)
9921
  0.862580 seconds (203.06 k allocations: 205.209 MiB)
3661
  0.878157 seconds (324.78 k allocations: 321.852 MiB)
7391
  1.206002 seconds (43.95 k allocations: 42.067 MiB, 29.35% gc time)
  1.301892 seconds (304.15 k allocations: 300.718 MiB, 27.19% gc time)
1159
2398
  0.871286 seconds (328.25 k allocations: 322.719 MiB)
9922
  0.945594 seconds (229.54 k allocations: 227.201 MiB)
3662
  0.954333 seconds (244.10 k allocations: 243.761 MiB)
8668
  0.955631 seconds (241.80 k allocations: 241.753 MiB)
4924
  0.933742 seconds (166.10 k allocations: 169.484 MiB)
6145
  0.929880 seconds (200.69 k allocations: 201.551 MiB)
2399
  0.928538 seconds (218.67 k allocations: 218.918 MiB)
1160
  0.945248 seconds (281.64 k allocations: 283.041 MiB)
7392
  0.868342 seconds (554.50 k allocations: 549.056 MiB)
9923
  0.867755 seconds (269.95 k allocations: 268.312 MiB)
3663
  0.864351 seconds (223.98 k allocations: 224.480 MiB)
8669
  0.860311 seconds (173.89 k allocations: 175.526 MiB)
  0.867354 seconds (206.13 k allocations: 208.918 MiB)
6146
4925
  0.854037 seconds (166.86 k allocations: 169.145 MiB)
1161
  0.869176 seconds (254.56 k allocations: 254.498 MiB)
2400
  0.873283 seconds (356.65 k allocations: 352.358 MiB)
7393
  0.861555 seconds (554.49 k allocations: 549.018 MiB)
9924
  0.857359 seconds (244.77 k allocations: 244.201 MiB)
3664
  0.864487 seconds (227.96 k allocations: 228.308 MiB)
8670
  0.864452 seconds (201.09 k allocations: 201.567 MiB)
6147
  0.869299 seconds (219.25 k allocations: 220.350 MiB)
4926
  0.864434 seconds (206.72 k allocations: 208.526 MiB)
1162
  0.870330 seconds (319.72 k allocations: 316.839 MiB)
2401
  0.874904 seconds (354.55 k allocations: 350.341 MiB)
7394
  1.118647 seconds (316.18 k allocations: 313.624 MiB, 13.74% gc time)
  1.006314 seconds (6.35 k allocations: 6.073 MiB, 15.28% gc time)
9925
8671
  0.864150 seconds (365.03 k allocations: 357.953 MiB)
6148
  0.871494 seconds (79.22 k allocations: 78.454 MiB)
8672
  0.880344 seconds (85.16 k allocations: 86.768 MiB)
9926
  0.976853 seconds (435.17 k allocations: 429.227 MiB)
3665
  0.962464 seconds (365.79 k allocations: 363.003 MiB)
4927
  0.942780 seconds (292.61 k allocations: 293.181 MiB)
1163
  0.937024 seconds (305.95 k allocations: 304.910 MiB)
2402
  0.942069 seconds (326.32 k allocations: 327.029 MiB)
7395
  0.861779 seconds (554.49 k allocations: 549.037 MiB)
6149
  0.857123 seconds (300.45 k allocations: 297.485 MiB)
8673
  0.866275 seconds (293.20 k allocations: 290.760 MiB)
9927
  0.873262 seconds (265.52 k allocations: 264.441 MiB)
3666
  0.877448 seconds (272.36 k allocations: 271.145 MiB)
4928
  0.871743 seconds (257.82 k allocations: 257.445 MiB)
1164
  0.871931 seconds (294.97 k allocations: 293.153 MiB)
7396
  0.876322 seconds (304.43 k allocations: 304.829 MiB)
2403
  0.871100 seconds (554.49 k allocations: 549.031 MiB)
6150
  0.872565 seconds (430.42 k allocations: 424.696 MiB)
8674
  0.869799 seconds (320.12 k allocations: 316.513 MiB)
9928
  0.868438 seconds (199.56 k allocations: 201.330 MiB)
3667
  0.856204 seconds (143.87 k allocations: 147.005 MiB)
4929
  0.872995 seconds (192.77 k allocations: 196.400 MiB)
1165
  0.869093 seconds (205.14 k allocations: 205.969 MiB)
2404
  0.876055 seconds (219.50 k allocations: 222.339 MiB)
7397
  1.075212 seconds (30.75 k allocations: 29.424 MiB, 19.35% gc time)
  1.201648 seconds (375.39 k allocations: 370.350 MiB, 17.32% gc time)
3668
6151
  0.861315 seconds (223.71 k allocations: 221.437 MiB)
8675
  0.877235 seconds (79.21 k allocations: 78.441 MiB)
  0.963800 seconds (342.37 k allocations: 339.273 MiB)
3669
1166
  0.939739 seconds (222.34 k allocations: 223.129 MiB)
9929
  0.949164 seconds (255.04 k allocations: 257.042 MiB)
2405
  0.952414 seconds (318.63 k allocations: 316.852 MiB)
4930
  0.951910 seconds (349.05 k allocations: 346.142 MiB)
7398
  0.928993 seconds (349.99 k allocations: 345.999 MiB)
6152
  0.864283 seconds (554.50 k allocations: 549.050 MiB)
8676
  0.858044 seconds (217.05 k allocations: 214.029 MiB)
  0.868637 seconds (269.38 k allocations: 267.900 MiB)
  0.870467 seconds (273.83 k allocations: 273.523 MiB)
2406
3670
1167
  0.869998 seconds (249.70 k allocations: 250.708 MiB)
9930
  0.867008 seconds (283.88 k allocations: 282.372 MiB)
4931
  0.871479 seconds (337.94 k allocations: 334.303 MiB)
7399
  0.869719 seconds (352.56 k allocations: 348.464 MiB)
6153
  0.854200 seconds (554.50 k allocations: 549.044 MiB)
8677
  0.864069 seconds (256.58 k allocations: 253.080 MiB)
  0.862104 seconds (241.73 k allocations: 239.002 MiB)
  0.867266 seconds (264.77 k allocations: 262.349 MiB)
1168
9931
3671
  0.878773 seconds (306.59 k allocations: 306.341 MiB)
2407
  0.861701 seconds (254.20 k allocations: 253.969 MiB)
4932
  0.860195 seconds (283.12 k allocations: 281.852 MiB)
6154
  1.198394 seconds (360.16 k allocations: 355.544 MiB, 26.30% gc time)
  1.960003 seconds (439.62 k allocations: 434.192 MiB, 16.08% gc time)
7400
8678
  0.889501 seconds (213.86 k allocations: 209.553 MiB)
3672
  0.976537 seconds (353.05 k allocations: 350.651 MiB)
9932
  0.909568 seconds (133.08 k allocations: 133.841 MiB)
6155
  1.003138 seconds (404.94 k allocations: 403.109 MiB)
1169
  0.976566 seconds (320.46 k allocations: 318.419 MiB)
2408
  0.944794 seconds (227.77 k allocations: 229.918 MiB)
4933
  0.942614 seconds (405.63 k allocations: 400.247 MiB)
7401
  0.944208 seconds (452.51 k allocations: 446.520 MiB)
8679
  0.868049 seconds (554.48 k allocations: 548.999 MiB)
3673
  0.858476 seconds (326.77 k allocations: 324.265 MiB)
9933
  0.860058 seconds (242.42 k allocations: 239.709 MiB)
2409
  0.868953 seconds (269.17 k allocations: 267.918 MiB)
4934
  0.877774 seconds (312.38 k allocations: 313.292 MiB)
1170
  0.861999 seconds (249.32 k allocations: 249.267 MiB)
6156
  0.873626 seconds (443.64 k allocations: 436.651 MiB)
8680
  0.894438 seconds (491.90 k allocations: 487.915 MiB)
7402
  0.864583 seconds (553.41 k allocations: 546.593 MiB)
3674
  0.863713 seconds (394.78 k allocations: 389.345 MiB)
9934
  0.865596 seconds (307.04 k allocations: 306.061 MiB)
4935
  0.870004 seconds (311.80 k allocations: 310.145 MiB)
2410
  0.860346 seconds (282.28 k allocations: 279.435 MiB)
6157
  0.871991 seconds (319.21 k allocations: 318.809 MiB)
1171
  0.864136 seconds (410.13 k allocations: 404.585 MiB)
  1.296292 seconds (108.21 k allocations: 104.916 MiB, 35.93% gc time)
  1.348540 seconds (290.32 k allocations: 286.017 MiB, 34.54% gc time)
  2.102280 seconds (388.67 k allocations: 384.188 MiB, 22.16% gc time)
8681
9935
3675
7403
  0.861012 seconds (294.11 k allocations: 290.038 MiB)
6158
  0.950613 seconds (262.13 k allocations: 258.385 MiB)
2411
  0.968887 seconds (284.92 k allocations: 281.584 MiB)
1172
  0.993795 seconds (364.63 k allocations: 361.726 MiB)
4936
  0.928754 seconds (149.11 k allocations: 151.982 MiB)
9936
  0.946044 seconds (265.25 k allocations: 262.088 MiB)
  0.956222 seconds (283.17 k allocations: 283.046 MiB)
8682
7404
  0.955922 seconds (332.68 k allocations: 330.658 MiB)
3676
  0.871250 seconds (554.49 k allocations: 549.037 MiB)
6159
  0.863055 seconds (397.68 k allocations: 391.951 MiB)
2412
  0.861288 seconds (250.02 k allocations: 249.430 MiB)
1173
  0.861499 seconds (225.00 k allocations: 224.439 MiB)
  0.867556 seconds (248.35 k allocations: 249.376 MiB)
9937
4937
  0.869014 seconds (287.57 k allocations: 287.119 MiB)
8683
  0.881457 seconds (346.50 k allocations: 343.710 MiB)
  0.868915 seconds (344.99 k allocations: 342.391 MiB)
7405
3677
  0.878715 seconds (554.50 k allocations: 549.056 MiB)
6160
  0.875461 seconds (423.28 k allocations: 418.029 MiB)
2413
  0.881446 seconds (303.08 k allocations: 298.976 MiB)
  0.888360 seconds (326.76 k allocations: 324.195 MiB)
1174
9938
  0.873929 seconds (253.33 k allocations: 252.956 MiB)
4938
  0.868996 seconds (216.85 k allocations: 218.247 MiB)
8684
  0.881309 seconds (239.86 k allocations: 240.458 MiB)
7406
  0.884481 seconds (254.38 k allocations: 254.482 MiB)
3678
  1.302135 seconds (4.81 k allocations: 4.636 MiB, 29.32% gc time)
  1.512397 seconds (370.35 k allocations: 363.927 MiB, 25.24% gc time)
  1.378751 seconds (117.21 k allocations: 113.359 MiB, 27.69% gc time)
2414
1175
6161
  0.867361 seconds (286.17 k allocations: 281.200 MiB)
8685
  0.970680 seconds (379.51 k allocations: 374.421 MiB)
4939
  0.953798 seconds (225.96 k allocations: 223.960 MiB)
3679
  0.962569 seconds (247.59 k allocations: 246.050 MiB)
7407
  0.982425 seconds (323.38 k allocations: 322.427 MiB)
9939
  0.930640 seconds (199.15 k allocations: 198.841 MiB)
6162
  0.946996 seconds (257.85 k allocations: 258.891 MiB)
1176
  0.946831 seconds (286.92 k allocations: 288.082 MiB)
2415
  0.865434 seconds (554.47 k allocations: 548.948 MiB)
8686
  0.867924 seconds (421.99 k allocations: 414.029 MiB)
4940
  0.868870 seconds (243.53 k allocations: 243.211 MiB)
3680
  0.869638 seconds (203.92 k allocations: 204.261 MiB)
  0.871864 seconds (212.64 k allocations: 213.306 MiB)
9940
7408
  0.863478 seconds (183.02 k allocations: 185.845 MiB)
6163
  0.860429 seconds (196.77 k allocations: 199.193 MiB)
1177
  0.872298 seconds (316.19 k allocations: 314.873 MiB)
2416
  0.868892 seconds (554.50 k allocations: 549.044 MiB)
8687
  0.877324 seconds (412.47 k allocations: 406.112 MiB)
4941
  0.852164 seconds (132.08 k allocations: 132.883 MiB)
  0.868837 seconds (218.93 k allocations: 221.025 MiB)
6164
3681
  0.871235 seconds (184.08 k allocations: 186.683 MiB)
9941
  0.870750 seconds (184.38 k allocations: 187.170 MiB)
7409
  0.867553 seconds (184.14 k allocations: 187.085 MiB)
1178
  0.870419 seconds (273.63 k allocations: 272.916 MiB)
2417
  1.428329 seconds (447.35 k allocations: 442.825 MiB, 26.90% gc time)
  1.305030 seconds (102.87 k allocations: 100.878 MiB, 29.44% gc time)
  1.309457 seconds (120.11 k allocations: 120.833 MiB, 29.34% gc time)
  1.293970 seconds (72.49 k allocations: 72.840 MiB, 29.70% gc time)
  1.289486 seconds (66.59 k allocations: 66.190 MiB, 29.80% gc time)
8688
4942
7410
3682
9942
  0.881999 seconds (388.36 k allocations: 380.224 MiB)
6165
  0.956458 seconds (300.13 k allocations: 297.209 MiB)
1179
  0.957309 seconds (267.79 k allocations: 266.434 MiB)
2418
  0.946891 seconds (169.45 k allocations: 167.628 MiB)
  0.949479 seconds (173.65 k allocations: 173.007 MiB)
9943
  0.952941 seconds (178.68 k allocations: 180.111 MiB)
3683
4943
  0.954611 seconds (192.52 k allocations: 193.932 MiB)
8689
  0.966069 seconds (258.02 k allocations: 259.210 MiB)
7411
  0.873382 seconds (554.50 k allocations: 549.050 MiB)
6166
  0.880594 seconds (378.50 k allocations: 372.193 MiB)
1180
  0.877834 seconds (300.84 k allocations: 298.038 MiB)
2419
  0.880916 seconds (220.01 k allocations: 220.887 MiB)
3684
  0.880191 seconds (204.26 k allocations: 205.994 MiB)
  0.870439 seconds (186.28 k allocations: 187.058 MiB)
4944
8690
  0.883148 seconds (219.94 k allocations: 222.620 MiB)
9944
  0.870496 seconds (216.65 k allocations: 218.422 MiB)
7412
  0.864081 seconds (554.50 k allocations: 549.056 MiB)
6167
  0.868349 seconds (346.45 k allocations: 341.515 MiB)
1181
  0.861444 seconds (276.86 k allocations: 275.125 MiB)
2420
  0.872413 seconds (210.12 k allocations: 211.441 MiB)
3685
  0.869893 seconds (200.47 k allocations: 201.133 MiB)
  0.871310 seconds (206.19 k allocations: 207.956 MiB)
4945
8691
  0.881849 seconds (271.24 k allocations: 269.209 MiB)
9945
  0.891747 seconds (294.78 k allocations: 293.157 MiB)
7413
  1.502413 seconds (50.00 k allocations: 47.876 MiB, 43.14% gc time)
  1.528031 seconds (87.70 k allocations: 85.152 MiB, 42.42% gc time)
  1.660972 seconds (316.83 k allocations: 315.493 MiB, 39.03% gc time)
1182
2421
6168
  0.861698 seconds (358.23 k allocations: 351.376 MiB)
3686
  0.939414 seconds (165.94 k allocations: 165.105 MiB)
7414
  0.949719 seconds (183.86 k allocations: 186.115 MiB)
  0.948511 seconds (178.35 k allocations: 179.756 MiB)
4946
8692
  0.958063 seconds (214.21 k allocations: 215.526 MiB)
9946
  0.953887 seconds (257.94 k allocations: 257.547 MiB)
2422
  0.955901 seconds (313.58 k allocations: 310.968 MiB)
1183
  0.954174 seconds (350.99 k allocations: 346.960 MiB)
6169
  0.863101 seconds (554.49 k allocations: 549.037 MiB)
3687
  0.871655 seconds (261.84 k allocations: 259.313 MiB)
8693
  0.867812 seconds (212.86 k allocations: 211.415 MiB)
  0.890628 seconds (335.90 k allocations: 334.193 MiB)
4947
7415
  0.873346 seconds (226.77 k allocations: 227.517 MiB)
9947
  0.868594 seconds (242.16 k allocations: 242.439 MiB)
2423
  0.870764 seconds (335.68 k allocations: 330.879 MiB)
6170
  0.874578 seconds (360.88 k allocations: 356.414 MiB)
1184
  0.872348 seconds (554.49 k allocations: 549.037 MiB)
3688
  0.880472 seconds (299.91 k allocations: 296.990 MiB)
4948
  0.867480 seconds (215.85 k allocations: 215.488 MiB)
  0.881271 seconds (264.13 k allocations: 264.288 MiB)
9948
8694
  0.879417 seconds (259.35 k allocations: 258.704 MiB)
7416
  0.868209 seconds (289.49 k allocations: 287.746 MiB)
2424
  0.866716 seconds (343.42 k allocations: 339.499 MiB)
  1.299241 seconds (266.99 k allocations: 265.120 MiB, 36.57% gc time)
  2.009322 seconds (346.56 k allocations: 343.861 MiB, 23.64% gc time)
1185
6171
3689
  0.864560 seconds (358.82 k allocations: 352.054 MiB)
9949
  0.981372 seconds (327.58 k allocations: 322.235 MiB)
8695
  0.995713 seconds (345.86 k allocations: 341.139 MiB)
4949
  0.969842 seconds (238.87 k allocations: 238.927 MiB)
7417
  0.929340 seconds (111.72 k allocations: 116.201 MiB)
6172
  0.952283 seconds (193.07 k allocations: 196.692 MiB)
2425
  0.936933 seconds (165.18 k allocations: 168.972 MiB)
1186
  0.937980 seconds (231.01 k allocations: 232.150 MiB)
3690
  0.867088 seconds (554.49 k allocations: 549.037 MiB)
9950
  0.867893 seconds (235.30 k allocations: 235.118 MiB)
8696
  0.875935 seconds (183.01 k allocations: 184.080 MiB)
7418
  0.870608 seconds (146.78 k allocations: 149.561 MiB)
4950
  0.883102 seconds (201.15 k allocations: 204.226 MiB)
6173
  0.870216 seconds (162.79 k allocations: 165.257 MiB)
  0.876787 seconds (178.15 k allocations: 182.546 MiB)
1187
2426
  0.861005 seconds (168.08 k allocations: 171.914 MiB)
3691
  0.859481 seconds (554.49 k allocations: 549.025 MiB)
9951
  0.871245 seconds (323.62 k allocations: 319.667 MiB)
8697
  0.860491 seconds (154.59 k allocations: 156.885 MiB)
  0.874321 seconds (213.56 k allocations: 215.869 MiB)
6174
7419
  0.855554 seconds (122.81 k allocations: 125.604 MiB)
3692
  0.870052 seconds (153.89 k allocations: 159.174 MiB)
4951
  0.871429 seconds (155.71 k allocations: 159.897 MiB)
2427
  0.875730 seconds (188.96 k allocations: 191.914 MiB)
1188
  1.267641 seconds (97.25 k allocations: 94.325 MiB, 26.00% gc time)
  1.473921 seconds (477.85 k allocations: 469.601 MiB, 22.36% gc time)
  1.258781 seconds (69.72 k allocations: 69.094 MiB, 26.18% gc time)
4952
8698
9952
  0.864604 seconds (269.38 k allocations: 263.966 MiB)
3693
  0.971433 seconds (343.73 k allocations: 337.717 MiB)
2428
  0.982105 seconds (354.79 k allocations: 348.503 MiB)
7420
  0.952652 seconds (272.31 k allocations: 269.724 MiB)
1189
  0.946222 seconds (342.71 k allocations: 338.499 MiB)
4953
  0.947284 seconds (355.52 k allocations: 352.152 MiB)
8699
  1.276163 seconds (545.29 k allocations: 541.284 MiB)
6175
  1.311055 seconds (554.50 k allocations: 549.056 MiB)
9953
  0.870578 seconds (349.68 k allocations: 347.615 MiB)
  0.869384 seconds (304.19 k allocations: 300.177 MiB)
  0.873181 seconds (313.50 k allocations: 312.184 MiB)
2429
1190
7421
  0.860721 seconds (332.80 k allocations: 329.182 MiB)
4954
  0.965443 seconds (663.77 k allocations: 655.016 MiB)
  0.870592 seconds (402.37 k allocations: 398.532 MiB)
3694
8700
  0.861939 seconds (554.50 k allocations: 549.044 MiB)
6176
  0.859935 seconds (554.50 k allocations: 549.044 MiB)
9954
  0.857859 seconds (384.98 k allocations: 379.887 MiB)
2430
  0.873684 seconds (399.61 k allocations: 394.074 MiB)
7422
  0.870690 seconds (381.98 k allocations: 377.250 MiB)
1191
  0.861023 seconds (359.55 k allocations: 356.000 MiB)
8701
  0.859305 seconds (367.91 k allocations: 364.195 MiB)
  0.867127 seconds (378.59 k allocations: 376.988 MiB)
4955
3695
  1.572933 seconds (411.89 k allocations: 407.487 MiB, 11.81% gc time)
  1.127251 seconds (222.34 k allocations: 220.658 MiB, 16.48% gc time)
  1.096060 seconds (105.36 k allocations: 102.072 MiB, 16.95% gc time)
  1.685976 seconds (491.26 k allocations: 486.101 MiB, 11.02% gc time)
  1.053272 seconds (10.66 k allocations: 10.230 MiB, 17.63% gc time)
  1.100588 seconds (117.52 k allocations: 114.837 MiB, 16.88% gc time)
2431
7423
1192
6177
3696
9955
  0.870194 seconds (436.19 k allocations: 425.997 MiB)
8702
  0.880270 seconds (95.26 k allocations: 97.462 MiB)
  0.879985 seconds (92.39 k allocations: 94.442 MiB)
2432
3697
  0.882373 seconds (95.44 k allocations: 99.229 MiB)
7424
  0.887521 seconds (113.04 k allocations: 117.460 MiB)
1193
  0.946861 seconds (408.91 k allocations: 406.925 MiB)
4956
  0.939787 seconds (442.91 k allocations: 435.954 MiB)
9956
  0.953001 seconds (483.55 k allocations: 478.696 MiB)
6178
  0.866102 seconds (554.50 k allocations: 549.044 MiB)
8703
  0.873432 seconds (280.52 k allocations: 280.013 MiB)
7425
  0.879735 seconds (285.78 k allocations: 286.451 MiB)
  0.872762 seconds (257.94 k allocations: 258.531 MiB)
2433
3698
  0.878380 seconds (281.13 k allocations: 280.950 MiB)
  0.874403 seconds (272.77 k allocations: 271.119 MiB)
4957
1194
  0.865567 seconds (378.17 k allocations: 374.003 MiB)
9957
  0.859780 seconds (407.57 k allocations: 402.323 MiB)
6179
  0.859266 seconds (554.49 k allocations: 549.031 MiB)
8704
  0.872774 seconds (365.10 k allocations: 362.169 MiB)
7426
  0.867773 seconds (258.60 k allocations: 256.401 MiB)
  0.872228 seconds (274.01 k allocations: 272.979 MiB)
2434
3699
  0.865838 seconds (229.26 k allocations: 229.922 MiB)
4958
  0.874347 seconds (243.88 k allocations: 244.084 MiB)
1195
  0.874835 seconds (235.19 k allocations: 235.946 MiB)
9958
  1.462745 seconds (169.96 k allocations: 171.109 MiB, 41.18% gc time)
  2.226984 seconds (249.76 k allocations: 250.068 MiB, 27.05% gc time)
8705
6180
  0.916362 seconds (326.42 k allocations: 320.949 MiB)
7427
  0.959913 seconds (239.87 k allocations: 239.528 MiB)
3700
  0.947567 seconds (168.05 k allocations: 169.705 MiB)
4959
  0.942778 seconds (143.03 k allocations: 144.710 MiB)
9959
  0.973217 seconds (236.11 k allocations: 237.633 MiB)
2435
  0.947974 seconds (171.94 k allocations: 173.968 MiB)
8706
  0.978565 seconds (285.35 k allocations: 286.349 MiB)
1196
  0.978277 seconds (375.09 k allocations: 372.418 MiB)
6181
  0.871176 seconds (554.47 k allocations: 548.974 MiB)
7428
  0.873827 seconds (340.44 k allocations: 337.189 MiB)
4960
  0.880457 seconds (340.74 k allocations: 336.281 MiB)
3701
  0.863272 seconds (192.29 k allocations: 194.344 MiB)
9960
  0.864647 seconds (189.89 k allocations: 191.014 MiB)
8707
  0.869795 seconds (211.39 k allocations: 213.004 MiB)
2436
  0.877075 seconds (280.50 k allocations: 279.331 MiB)
1197
  0.870960 seconds (348.93 k allocations: 345.012 MiB)
6182
  0.875430 seconds (554.50 k allocations: 549.069 MiB)
7429
  0.871425 seconds (311.89 k allocations: 308.457 MiB)
4961
  0.862211 seconds (207.99 k allocations: 207.988 MiB)
9961
  0.877485 seconds (257.07 k allocations: 257.573 MiB)
3702
  0.864158 seconds (183.38 k allocations: 184.801 MiB)
8708
  0.861636 seconds (197.93 k allocations: 198.909 MiB)
  0.881755 seconds (243.03 k allocations: 243.886 MiB)
6183
2437
  0.857557 seconds (217.48 k allocations: 219.204 MiB)
1198
  1.246882 seconds (271.49 k allocations: 269.642 MiB, 30.19% gc time)
7430
  0.871297 seconds (273.77 k allocations: 269.326 MiB)
9962
  0.881394 seconds (79.22 k allocations: 78.447 MiB)
7431
  0.961035 seconds (275.28 k allocations: 273.605 MiB)
3703
  0.995750 seconds (399.98 k allocations: 395.530 MiB)
4962
  0.942246 seconds (183.31 k allocations: 184.704 MiB)
  0.944900 seconds (190.15 k allocations: 193.027 MiB)
1199
8709
  0.952626 seconds (260.19 k allocations: 261.106 MiB)
2438
  0.951467 seconds (284.47 k allocations: 284.509 MiB)
6184
  0.862253 seconds (554.49 k allocations: 549.037 MiB)
9963
  0.873456 seconds (399.01 k allocations: 391.821 MiB)
7432
  0.859064 seconds (202.10 k allocations: 202.354 MiB)
4963
  0.869584 seconds (241.82 k allocations: 242.996 MiB)
3704
  0.862402 seconds (200.38 k allocations: 201.055 MiB)
8710
  0.868189 seconds (231.43 k allocations: 232.213 MiB)
1200
  0.868488 seconds (325.67 k allocations: 322.546 MiB)
2439
  0.860464 seconds (339.18 k allocations: 335.679 MiB)
6185
  0.862748 seconds (554.50 k allocations: 549.050 MiB)
9964
  0.872433 seconds (312.26 k allocations: 308.795 MiB)
7433
  0.868451 seconds (221.08 k allocations: 221.711 MiB)
4964
  0.861626 seconds (179.61 k allocations: 181.021 MiB)
  0.865862 seconds (196.13 k allocations: 199.413 MiB)
8711
3705
  0.867490 seconds (217.42 k allocations: 218.772 MiB)
1201
  0.858552 seconds (231.06 k allocations: 230.805 MiB)
6186
  0.878906 seconds (341.70 k allocations: 339.292 MiB)
2440
  1.007561 seconds (317.79 k allocations: 313.991 MiB, 18.21% gc time)
9965
  0.863371 seconds (194.28 k allocations: 193.267 MiB)
7434
  0.869332 seconds (79.21 k allocations: 78.441 MiB)
9966
  0.967017 seconds (328.75 k allocations: 327.214 MiB)
8712
  0.960486 seconds (285.50 k allocations: 284.758 MiB)
4965
  0.954740 seconds (266.58 k allocations: 266.856 MiB)
  0.931951 seconds (201.22 k allocations: 203.209 MiB)
3706
6187
  0.953474 seconds (320.75 k allocations: 320.276 MiB)
1202
  0.941694 seconds (418.25 k allocations: 412.539 MiB)
2441
  0.878455 seconds (554.50 k allocations: 549.044 MiB)
7435
  0.864164 seconds (347.27 k allocations: 342.492 MiB)
9967
  0.866341 seconds (257.79 k allocations: 256.869 MiB)
8713
  0.864509 seconds (230.66 k allocations: 231.085 MiB)
4966
  0.869384 seconds (245.30 k allocations: 245.258 MiB)
3707
  0.868205 seconds (265.72 k allocations: 263.785 MiB)
  0.871137 seconds (272.28 k allocations: 272.070 MiB)
1203
6188
  0.868937 seconds (386.70 k allocations: 382.357 MiB)
2442
  0.872327 seconds (532.35 k allocations: 526.430 MiB)
7436
  0.863441 seconds (321.31 k allocations: 317.620 MiB)
9968
  0.869038 seconds (277.42 k allocations: 274.403 MiB)
8714
  0.867285 seconds (232.27 k allocations: 231.387 MiB)
4967
  0.866956 seconds (226.44 k allocations: 225.989 MiB)
3708
  0.873282 seconds (275.43 k allocations: 274.278 MiB)
1204
  0.870618 seconds (320.28 k allocations: 317.378 MiB)
2443
  0.860988 seconds (354.79 k allocations: 351.812 MiB)
6189
  1.284532 seconds (157.91 k allocations: 153.753 MiB, 30.93% gc time)
  1.317692 seconds (301.90 k allocations: 295.625 MiB, 30.15% gc time)
7437
8715
  0.870362 seconds (256.66 k allocations: 253.024 MiB)
9969
  0.948367 seconds (269.30 k allocations: 265.254 MiB)
1205
  0.993583 seconds (398.68 k allocations: 396.925 MiB)
3709
  0.982230 seconds (336.80 k allocations: 333.876 MiB)
4968
  0.956047 seconds (256.66 k allocations: 256.138 MiB)
2444
  0.932849 seconds (205.34 k allocations: 207.192 MiB)
6190
  0.945880 seconds (382.33 k allocations: 377.969 MiB)
7438
  0.939314 seconds (448.06 k allocations: 442.288 MiB)
8716
  0.869746 seconds (554.46 k allocations: 548.917 MiB)
9970
  0.869868 seconds (350.78 k allocations: 348.387 MiB)
1206
  0.869410 seconds (295.88 k allocations: 294.637 MiB)
3710
  0.870150 seconds (237.40 k allocations: 235.073 MiB)
  0.871540 seconds (241.47 k allocations: 240.334 MiB)
6191
  0.875631 seconds (254.53 k allocations: 256.678 MiB)
4969
2445
  0.871780 seconds (346.42 k allocations: 342.403 MiB)
7439
  0.867008 seconds (426.84 k allocations: 420.767 MiB)
8717
  0.877963 seconds (554.49 k allocations: 549.031 MiB)
9971
  0.859441 seconds (347.05 k allocations: 343.485 MiB)
1207
  0.859039 seconds (244.36 k allocations: 242.796 MiB)
  0.866887 seconds (284.65 k allocations: 283.904 MiB)
6192
3711
  0.868942 seconds (253.79 k allocations: 252.158 MiB)
  0.876297 seconds (271.49 k allocations: 271.285 MiB)
2446
4970
  0.868925 seconds (323.50 k allocations: 320.444 MiB)
7440
  0.866319 seconds (371.83 k allocations: 368.101 MiB)
8718
  1.217805 seconds (189.67 k allocations: 186.616 MiB, 24.40% gc time)
  1.319384 seconds (446.65 k allocations: 442.183 MiB, 22.52% gc time)
  1.201335 seconds (130.97 k allocations: 127.769 MiB, 24.74% gc time)
  1.161049 seconds (37.36 k allocations: 35.743 MiB, 25.60% gc time)
  1.168714 seconds (46.00 k allocations: 45.236 MiB, 25.43% gc time)
1208
3712
4971
9972
2447
  0.886611 seconds (427.67 k allocations: 417.841 MiB)
6193
  0.875513 seconds (91.50 k allocations: 92.651 MiB)
3713
  0.878225 seconds (93.11 k allocations: 93.150 MiB)
4972
  0.886065 seconds (104.90 k allocations: 105.825 MiB)
2448
  0.946925 seconds (346.61 k allocations: 344.674 MiB)
8719
  0.925576 seconds (249.94 k allocations: 251.126 MiB)
1209
  0.970541 seconds (468.58 k allocations: 465.428 MiB)
7441
  0.938341 seconds (359.73 k allocations: 356.532 MiB)
9973
  0.873053 seconds (550.97 k allocations: 544.270 MiB)
6194
  0.866212 seconds (323.76 k allocations: 318.619 MiB)
3714
  0.866437 seconds (305.77 k allocations: 301.564 MiB)
4973
  0.885750 seconds (333.83 k allocations: 329.801 MiB)
2449
  0.866631 seconds (222.17 k allocations: 223.124 MiB)
  0.863960 seconds (215.69 k allocations: 217.101 MiB)
8720
1210
  0.872069 seconds (371.07 k allocations: 367.222 MiB)
9974
  0.876210 seconds (390.78 k allocations: 387.486 MiB)
7442
  0.855026 seconds (509.90 k allocations: 503.560 MiB)
6195
  0.869147 seconds (318.94 k allocations: 314.976 MiB)
3715
  0.871645 seconds (320.87 k allocations: 317.447 MiB)
4974
  0.870737 seconds (248.77 k allocations: 247.162 MiB)
  0.861804 seconds (213.00 k allocations: 213.048 MiB)
2450
1211
  0.874673 seconds (199.41 k allocations: 200.322 MiB)
8721
  0.868910 seconds (166.63 k allocations: 169.126 MiB)
9975
  0.871314 seconds (187.63 k allocations: 190.616 MiB)
7443
  1.239376 seconds (190.53 k allocations: 183.737 MiB, 32.89% gc time)
6196
  0.866330 seconds (210.83 k allocations: 210.338 MiB)
9976
  0.933374 seconds (130.27 k allocations: 132.201 MiB)
2451
  0.942774 seconds (134.49 k allocations: 133.923 MiB)
1212
  0.925977 seconds (148.70 k allocations: 147.699 MiB)
  0.969525 seconds (197.20 k allocations: 199.128 MiB)
  0.970686 seconds (200.82 k allocations: 203.941 MiB)
6197
8722
3716
  0.967460 seconds (212.60 k allocations: 214.284 MiB)
7444
  0.977419 seconds (263.53 k allocations: 266.880 MiB)
4975
  0.865114 seconds (554.47 k allocations: 548.967 MiB)
9977
  0.870636 seconds (362.42 k allocations: 356.813 MiB)
2452
  0.869209 seconds (225.52 k allocations: 225.957 MiB)
1213
  0.864401 seconds (148.73 k allocations: 150.213 MiB)
8723
  0.866605 seconds (156.64 k allocations: 159.204 MiB)
  0.869003 seconds (165.27 k allocations: 168.804 MiB)
3717
6198
  0.871070 seconds (200.81 k allocations: 203.052 MiB)
7445
  0.869292 seconds (226.01 k allocations: 227.372 MiB)
4976
  0.871237 seconds (554.50 k allocations: 549.050 MiB)
9978
  0.875465 seconds (328.78 k allocations: 324.604 MiB)
2453
  0.875323 seconds (212.39 k allocations: 213.400 MiB)
1214
  0.860980 seconds (124.13 k allocations: 126.674 MiB)
  0.868626 seconds (149.33 k allocations: 154.373 MiB)
  0.866960 seconds (139.22 k allocations: 144.126 MiB)
6199
8724
3718
  0.866564 seconds (174.18 k allocations: 176.356 MiB)
4977
  0.870640 seconds (201.04 k allocations: 203.451 MiB)
7446
  1.617630 seconds (513.99 k allocations: 507.813 MiB, 35.89% gc time)
  1.513376 seconds (236.04 k allocations: 230.754 MiB, 38.36% gc time)
  1.491399 seconds (144.71 k allocations: 142.184 MiB, 38.93% gc time)
  1.476285 seconds (97.59 k allocations: 95.887 MiB, 39.33% gc time)
  1.448872 seconds (19.43 k allocations: 18.748 MiB, 40.07% gc time)
  1.448242 seconds (18.78 k allocations: 18.302 MiB, 40.09% gc time)
4978
9979
1215
8725
3719
2454
  0.865141 seconds (408.78 k allocations: 399.778 MiB)
6200
  0.892477 seconds (429.75 k allocations: 420.010 MiB)
7447
  0.926692 seconds (192.75 k allocations: 194.630 MiB)
9980
  0.933602 seconds (198.52 k allocations: 201.543 MiB)
1216
  0.934561 seconds (199.00 k allocations: 202.181 MiB)
2455
  0.949538 seconds (273.03 k allocations: 271.970 MiB)
  0.951038 seconds (280.90 k allocations: 280.847 MiB)
8726
3720
  0.951327 seconds (319.87 k allocations: 318.408 MiB)
4979
  0.871401 seconds (512.20 k allocations: 507.148 MiB)
6201
  0.870697 seconds (507.75 k allocations: 503.059 MiB)
7448
  0.863716 seconds (336.69 k allocations: 333.574 MiB)
9981
  0.870336 seconds (305.04 k allocations: 303.478 MiB)
1217
  0.874524 seconds (309.33 k allocations: 307.772 MiB)
2456
  0.865979 seconds (290.96 k allocations: 289.141 MiB)
3721
  0.875618 seconds (323.86 k allocations: 323.251 MiB)
  0.867587 seconds (316.59 k allocations: 314.471 MiB)
8727
4980
  0.857056 seconds (507.33 k allocations: 502.493 MiB)
6202
  0.892094 seconds (549.85 k allocations: 543.354 MiB)
7449
  0.864301 seconds (352.32 k allocations: 348.556 MiB)
9982
  0.867342 seconds (293.30 k allocations: 292.258 MiB)
1218
  0.871831 seconds (291.88 k allocations: 291.078 MiB)
2457
  0.870158 seconds (265.03 k allocations: 265.559 MiB)
3722
  0.870675 seconds (272.86 k allocations: 273.218 MiB)
  0.867204 seconds (271.14 k allocations: 270.516 MiB)
4981
8728
  1.254996 seconds (234.51 k allocations: 234.068 MiB, 24.71% gc time)
  1.177068 seconds (161.07 k allocations: 162.633 MiB, 26.35% gc time)
6203
7450
  0.866037 seconds (345.22 k allocations: 338.916 MiB)
9983
  0.941366 seconds (220.72 k allocations: 219.986 MiB)
  0.942060 seconds (223.06 k allocations: 222.411 MiB)
2458
1219
  0.948531 seconds (172.82 k allocations: 175.753 MiB)
4982
  0.942464 seconds (155.62 k allocations: 157.018 MiB)
6204
  0.950463 seconds (217.18 k allocations: 216.104 MiB)
7451
  0.966690 seconds (250.07 k allocations: 251.436 MiB)
  0.968646 seconds (257.12 k allocations: 258.832 MiB)
8729
3723
  0.864178 seconds (554.50 k allocations: 549.075 MiB)
9984
  0.872438 seconds (298.57 k allocations: 295.699 MiB)
2459
  0.880524 seconds (248.30 k allocations: 247.761 MiB)
1220
  0.869057 seconds (177.75 k allocations: 180.429 MiB)
4983
  0.860479 seconds (139.54 k allocations: 142.833 MiB)
6205
  0.871546 seconds (173.11 k allocations: 177.608 MiB)
7452
  0.868361 seconds (208.32 k allocations: 210.244 MiB)
8730
  0.875263 seconds (293.07 k allocations: 291.525 MiB)
3724
  0.874875 seconds (554.50 k allocations: 549.044 MiB)
9985
  0.872025 seconds (266.65 k allocations: 263.918 MiB)
7453
  0.881483 seconds (268.37 k allocations: 266.969 MiB)
2460
  0.878907 seconds (252.88 k allocations: 252.328 MiB)
1221
  0.865091 seconds (252.15 k allocations: 250.594 MiB)
  1.821725 seconds (203.69 k allocations: 203.377 MiB, 17.57% gc time)
  1.852745 seconds (257.85 k allocations: 257.707 MiB, 17.27% gc time)
  1.131525 seconds (118.66 k allocations: 118.190 MiB, 28.29% gc time)
  1.811206 seconds (198.71 k allocations: 197.848 MiB, 17.67% gc time)
3725
8731
4984
9986
6206
  0.757430 seconds (394.67 k allocations: 386.257 MiB)
7454
  0.861966 seconds (79.61 k allocations: 81.285 MiB)
6207
  0.956453 seconds (351.62 k allocations: 347.871 MiB)
2461
  0.942346 seconds (253.76 k allocations: 255.611 MiB)
1222
  0.933153 seconds (191.66 k allocations: 193.944 MiB)
9987
  0.934457 seconds (209.74 k allocations: 210.202 MiB)
  0.937080 seconds (211.61 k allocations: 212.549 MiB)
4985
  0.937076 seconds (220.67 k allocations: 223.411 MiB)
8732
3726
  0.868968 seconds (554.50 k allocations: 549.044 MiB)
7455
  0.863455 seconds (542.96 k allocations: 535.262 MiB)
6208
  0.861985 seconds (273.26 k allocations: 271.682 MiB)
2462
  0.870015 seconds (261.82 k allocations: 262.112 MiB)
1223
  0.862337 seconds (221.99 k allocations: 224.173 MiB)
9988
  0.866778 seconds (239.16 k allocations: 240.798 MiB)
3727
  0.867916 seconds (261.80 k allocations: 262.632 MiB)
8733
  0.868244 seconds (287.38 k allocations: 287.301 MiB)
4986
  0.868221 seconds (554.49 k allocations: 549.025 MiB)
7456
  0.855131 seconds (541.44 k allocations: 535.125 MiB)
6209
  0.861326 seconds (339.32 k allocations: 334.872 MiB)
2463
  1.758245 seconds (270.03 k allocations: 268.740 MiB, 13.92% gc time)
  1.733696 seconds (167.66 k allocations: 167.144 MiB, 14.11% gc time)
  1.741126 seconds (190.57 k allocations: 191.552 MiB, 14.05% gc time)
  1.732065 seconds (166.59 k allocations: 166.325 MiB, 14.13% gc time)
  1.707775 seconds (147.85 k allocations: 147.342 MiB, 14.33% gc time)
  1.079029 seconds (75.41 k allocations: 81.781 MiB, 22.68% gc time)
9989
3728
4987
1224
7457
8734
  0.866128 seconds (452.89 k allocations: 441.969 MiB)
6210
  0.874304 seconds (79.21 k allocations: 78.441 MiB)
7458
  0.948904 seconds (227.24 k allocations: 228.840 MiB)
2464
  0.933142 seconds (138.17 k allocations: 141.338 MiB)
4988
  0.939558 seconds (157.20 k allocations: 162.166 MiB)
9990
  0.940836 seconds (164.12 k allocations: 168.940 MiB)
  0.936311 seconds (160.74 k allocations: 164.641 MiB)
1225
  0.937340 seconds (167.31 k allocations: 172.119 MiB)
8735
3729
  0.863057 seconds (554.50 k allocations: 549.044 MiB)
6211
  0.870670 seconds (342.53 k allocations: 337.757 MiB)
7459
  0.862440 seconds (135.50 k allocations: 138.602 MiB)
4989
  0.867550 seconds (155.06 k allocations: 159.961 MiB)
2465
  0.869921 seconds (155.08 k allocations: 157.720 MiB)
  0.867581 seconds (156.62 k allocations: 157.742 MiB)
  0.875278 seconds (172.72 k allocations: 177.008 MiB)
1226
3730
9991
  0.872130 seconds (176.98 k allocations: 180.412 MiB)
8736
  0.861941 seconds (554.49 k allocations: 549.037 MiB)
6212
  0.861961 seconds (196.45 k allocations: 195.535 MiB)
2466
  0.867852 seconds (202.29 k allocations: 202.523 MiB)
4990
  0.873087 seconds (214.05 k allocations: 215.180 MiB)
7460
  0.870217 seconds (184.59 k allocations: 187.168 MiB)
9992
  0.861489 seconds (158.77 k allocations: 160.204 MiB)
1227
  0.862589 seconds (164.05 k allocations: 166.651 MiB)
8737
  0.877042 seconds (195.58 k allocations: 200.670 MiB)
3731
  1.313545 seconds (268.29 k allocations: 266.593 MiB, 33.15% gc time)
6213
  0.885719 seconds (315.06 k allocations: 310.083 MiB)
2467
  0.875093 seconds (143.50 k allocations: 146.094 MiB)
7461
  0.956187 seconds (191.36 k allocations: 192.051 MiB)
9993
  0.972158 seconds (232.51 k allocations: 234.078 MiB)
  0.970863 seconds (225.74 k allocations: 228.937 MiB)
1228
4991
  0.972094 seconds (235.43 k allocations: 236.001 MiB)
8738
  0.978372 seconds (247.94 k allocations: 249.378 MiB)
3732
  0.944308 seconds (246.69 k allocations: 248.372 MiB)
6214
  0.894736 seconds (504.79 k allocations: 500.074 MiB)
2468
  0.892798 seconds (500.14 k allocations: 495.808 MiB)
7462
  0.870876 seconds (286.74 k allocations: 284.574 MiB)
9994
  0.880467 seconds (289.13 k allocations: 288.268 MiB)
1229
  0.875209 seconds (245.81 k allocations: 246.990 MiB)
  0.868947 seconds (235.15 k allocations: 234.716 MiB)
8739
6215
  0.876771 seconds (270.78 k allocations: 271.254 MiB)
4992
  0.866205 seconds (502.48 k allocations: 495.592 MiB)
3733
  0.865272 seconds (484.03 k allocations: 480.205 MiB)
2469
  0.878022 seconds (502.28 k allocations: 497.852 MiB)
7463
  0.872138 seconds (347.15 k allocations: 345.023 MiB)
1230
  0.870819 seconds (317.24 k allocations: 316.561 MiB)
9995
  0.868334 seconds (301.38 k allocations: 300.254 MiB)
8740
  0.860355 seconds (306.89 k allocations: 305.604 MiB)
4993
  0.856900 seconds (308.87 k allocations: 307.682 MiB)
6216
  0.857315 seconds (380.00 k allocations: 377.164 MiB)
3734
  1.318005 seconds (364.85 k allocations: 360.047 MiB, 20.83% gc time)
  1.135957 seconds (11.89 k allocations: 11.422 MiB, 24.17% gc time)
  1.340610 seconds (391.69 k allocations: 386.932 MiB, 20.48% gc time)
  1.206501 seconds (146.84 k allocations: 143.182 MiB, 22.76% gc time)
1231
7464
2470
9996
  0.873150 seconds (410.79 k allocations: 401.741 MiB)
3735
  0.846274 seconds (79.22 k allocations: 78.441 MiB)
7465
  0.882651 seconds (125.88 k allocations: 126.941 MiB)
1232
  0.966907 seconds (461.65 k allocations: 454.569 MiB)
8741
  0.932506 seconds (293.42 k allocations: 292.555 MiB)
6217
  0.950688 seconds (372.32 k allocations: 370.656 MiB)
4994
  0.934877 seconds (365.42 k allocations: 360.571 MiB)
2471
  0.936817 seconds (374.05 k allocations: 370.165 MiB)
9997
  0.861919 seconds (554.50 k allocations: 549.044 MiB)
3736
  0.873603 seconds (489.81 k allocations: 481.577 MiB)
7466
  0.869418 seconds (329.68 k allocations: 325.647 MiB)
1233
  0.865861 seconds (278.45 k allocations: 276.817 MiB)
8742
  0.861637 seconds (242.14 k allocations: 242.235 MiB)
6218
  0.866619 seconds (258.06 k allocations: 257.676 MiB)
4995
  0.876175 seconds (318.27 k allocations: 316.679 MiB)
2472
  0.875534 seconds (328.23 k allocations: 326.401 MiB)
9998
  0.871711 seconds (554.49 k allocations: 549.025 MiB)
3737
  0.884614 seconds (456.42 k allocations: 449.557 MiB)
7467
  0.860550 seconds (256.60 k allocations: 254.502 MiB)
6219
  0.868178 seconds (275.38 k allocations: 275.106 MiB)
1234
  1.837993 seconds (273.93 k allocations: 272.678 MiB, 11.66% gc time)
  1.827573 seconds (235.65 k allocations: 233.597 MiB, 11.72% gc time)
  1.826664 seconds (234.60 k allocations: 232.531 MiB, 11.73% gc time)
  1.810582 seconds (215.38 k allocations: 212.950 MiB, 11.83% gc time)
  1.079210 seconds (141.54 k allocations: 144.477 MiB, 19.85% gc time)
2473
4996
9999
8743
3738
  0.763689 seconds (395.68 k allocations: 387.223 MiB)
7468
  0.940494 seconds (353.76 k allocations: 348.532 MiB)
6220
  0.952221 seconds (344.91 k allocations: 340.215 MiB)
1235
  0.937562 seconds (266.53 k allocations: 265.399 MiB)
2474
  0.937805 seconds (274.00 k allocations: 271.504 MiB)
4997
  0.929482 seconds (396.07 k allocations: 392.168 MiB)
  1.004161 seconds (476.87 k allocations: 472.306 MiB)
3739
10000
  0.965488 seconds (504.95 k allocations: 499.187 MiB)
8744
  0.878691 seconds (554.49 k allocations: 549.037 MiB)
7469
  0.862155 seconds (477.56 k allocations: 471.208 MiB)
6221
  0.869262 seconds (429.08 k allocations: 424.982 MiB)
1236
  0.866990 seconds (424.84 k allocations: 419.904 MiB)
  0.866552 seconds (429.05 k allocations: 425.293 MiB)
2475
4998
  0.861083 seconds (392.74 k allocations: 387.781 MiB)
  0.866822 seconds (400.81 k allocations: 396.864 MiB)
3740
  0.872868 seconds (446.02 k allocations: 441.512 MiB)
8745
  0.890827 seconds (476.00 k allocations: 472.634 MiB)
7470
  0.856513 seconds (418.37 k allocations: 413.258 MiB)
6222
  0.871698 seconds (371.09 k allocations: 368.193 MiB)
1237
  0.861521 seconds (373.19 k allocations: 367.637 MiB)
2476
  0.861978 seconds (336.28 k allocations: 332.331 MiB)
3741
  1.894411 seconds (389.33 k allocations: 385.720 MiB, 9.53% gc time)
  1.819615 seconds (299.04 k allocations: 296.861 MiB, 9.92% gc time)
  1.048956 seconds (40.22 k allocations: 39.963 MiB, 17.21% gc time)
  1.219278 seconds (220.16 k allocations: 218.869 MiB, 14.81% gc time)
  1.064581 seconds (71.05 k allocations: 70.735 MiB, 16.96% gc time)
4999
6223
7471
1238
8746
  0.870408 seconds (385.62 k allocations: 376.376 MiB)
2477
  0.858416 seconds (84.74 k allocations: 86.179 MiB)
7472
  0.863468 seconds (89.72 k allocations: 92.350 MiB)
6224
  0.876144 seconds (121.03 k allocations: 126.164 MiB)
5000
  0.949324 seconds (343.06 k allocations: 343.712 MiB)
  0.939613 seconds (317.69 k allocations: 317.120 MiB)
3742
1239
  0.953326 seconds (354.94 k allocations: 353.001 MiB)
8747
  0.873530 seconds (475.28 k allocations: 470.596 MiB)
2478
  0.866270 seconds (308.33 k allocations: 305.584 MiB)
6225
  0.882563 seconds (345.74 k allocations: 343.993 MiB)
7473
  0.876817 seconds (347.04 k allocations: 345.428 MiB)
  0.864286 seconds (244.07 k allocations: 242.820 MiB)
3743
  0.863621 seconds (257.02 k allocations: 256.595 MiB)
8748
  0.887321 seconds (291.45 k allocations: 292.178 MiB)
1240
  0.857490 seconds (375.43 k allocations: 370.971 MiB)
2479
  0.852402 seconds (322.95 k allocations: 318.238 MiB)
6226
  0.815759 seconds (134.60 k allocations: 135.297 MiB)
3744
  0.878904 seconds (324.61 k allocations: 321.186 MiB)
7474
  0.818284 seconds (130.04 k allocations: 132.535 MiB)
8749
  0.866932 seconds (211.20 k allocations: 210.379 MiB)
1241
  1.133376 seconds (150.80 k allocations: 149.931 MiB, 24.80% gc time)
2480
  0.881661 seconds (225.73 k allocations: 222.143 MiB)
6227
  0.893643 seconds (136.12 k allocations: 134.121 MiB)
7475
  0.883115 seconds (109.88 k allocations: 109.194 MiB)
2481
  0.953760 seconds (268.97 k allocations: 267.741 MiB)
3745
  0.946615 seconds (256.71 k allocations: 254.962 MiB)
8750
  0.937083 seconds (290.33 k allocations: 288.538 MiB)
1242
  0.864299 seconds (394.55 k allocations: 389.323 MiB)
6228
  0.878920 seconds (308.92 k allocations: 304.551 MiB)
7476
  0.871630 seconds (223.64 k allocations: 221.739 MiB)
2482
  0.866802 seconds (197.87 k allocations: 197.237 MiB)
3746
  0.865903 seconds (241.17 k allocations: 238.857 MiB)
  0.879749 seconds (280.69 k allocations: 278.031 MiB)
1243
  0.870287 seconds (317.58 k allocations: 315.783 MiB)
6229
  0.811578 seconds (88.62 k allocations: 87.431 MiB)
  0.848447 seconds (181.69 k allocations: 181.744 MiB)
3747
7477
  0.878875 seconds (270.22 k allocations: 266.492 MiB)
2483
  0.875083 seconds (276.60 k allocations: 274.014 MiB)
1244
  1.157110 seconds (63.05 k allocations: 62.982 MiB, 26.76% gc time)
  1.187744 seconds (135.24 k allocations: 134.701 MiB, 26.07% gc time)
  1.149551 seconds (50.48 k allocations: 49.752 MiB, 26.93% gc time)
6230
7478
3748
  0.874560 seconds (254.10 k allocations: 248.069 MiB)
2484
  0.817669 seconds (57.45 k allocations: 57.618 MiB)
  0.828366 seconds (78.33 k allocations: 79.746 MiB)
3749
7479
  0.872174 seconds (213.84 k allocations: 210.104 MiB)
6231
  0.933198 seconds (334.79 k allocations: 333.364 MiB)
1245
  0.736604 seconds (160.07 k allocations: 158.273 MiB)
7480
  0.812342 seconds (215.47 k allocations: 212.683 MiB)
3750
  0.868597 seconds (347.60 k allocations: 344.380 MiB)
2485
  0.863378 seconds (272.59 k allocations: 269.974 MiB)
6232
  0.867783 seconds (270.35 k allocations: 268.025 MiB)
1246
  0.821635 seconds (316.86 k allocations: 313.752 MiB)
7481
  1.151479 seconds (236.74 k allocations: 234.440 MiB, 9.62% gc time)
  0.973423 seconds (52.68 k allocations: 51.842 MiB, 11.38% gc time)
  1.123366 seconds (211.12 k allocations: 208.707 MiB, 9.86% gc time)
  0.981526 seconds (58.52 k allocations: 58.750 MiB, 11.29% gc time)
1247
6233
2486
  0.753846 seconds (196.29 k allocations: 191.524 MiB)
7482
  0.863278 seconds (87.79 k allocations: 87.867 MiB)
6234
  0.880589 seconds (111.53 k allocations: 112.002 MiB)
1248
  0.877777 seconds (128.17 k allocations: 128.110 MiB)
2487
  0.821845 seconds (237.64 k allocations: 235.317 MiB)
7483
  0.865119 seconds (141.34 k allocations: 140.357 MiB)
6235
  0.870524 seconds (125.71 k allocations: 125.579 MiB)
1249
  0.868840 seconds (137.37 k allocations: 136.922 MiB)
2488
  0.821770 seconds (237.64 k allocations: 235.317 MiB)
7484
  0.854069 seconds (175.88 k allocations: 173.395 MiB)
6236
  1.479574 seconds (131.76 k allocations: 130.146 MiB, 7.15% gc time)
  1.491761 seconds (138.83 k allocations: 138.129 MiB, 7.09% gc time)
  0.926807 seconds (52.81 k allocations: 51.985 MiB, 11.41% gc time)
7485
2489
1250
  0.878751 seconds (197.47 k allocations: 192.648 MiB)
6237
  0.838451 seconds (47.85 k allocations: 49.676 MiB)
7486
  0.932789 seconds (158.44 k allocations: 156.907 MiB)
  0.937721 seconds (159.48 k allocations: 160.204 MiB)
2490
  0.830277 seconds (114.30 k allocations: 114.583 MiB)
6238
  0.832735 seconds (104.93 k allocations: 105.809 MiB)
7487
  0.841899 seconds (150.21 k allocations: 147.798 MiB)
2491
  0.836625 seconds (86.12 k allocations: 84.937 MiB)
7488
  0.820200 seconds (56.01 k allocations: 56.251 MiB)
6239
  1.201361 seconds (105.03 k allocations: 103.331 MiB, 30.03% gc time)
2492
  0.756826 seconds (79.82 k allocations: 78.844 MiB)
7489
  0.856127 seconds (134.26 k allocations: 132.348 MiB)
6240
  0.923569 seconds (158.43 k allocations: 156.876 MiB)
2493
  0.738958 seconds (158.43 k allocations: 156.876 MiB)
7490
  0.828777 seconds (158.43 k allocations: 156.876 MiB)
6241
  0.831878 seconds (158.43 k allocations: 156.895 MiB)
2494
  0.820133 seconds (158.43 k allocations: 156.895 MiB)
7491
  0.814801 seconds (158.43 k allocations: 156.876 MiB)
6242
  0.835079 seconds (158.43 k allocations: 156.876 MiB)
2495
  0.927601 seconds (52.71 k allocations: 51.854 MiB, 12.08% gc time)
  1.157166 seconds (132.03 k allocations: 130.371 MiB, 9.68% gc time)
6243
7492
  0.825408 seconds (131.62 k allocations: 128.407 MiB)
2496
  0.747270 seconds (1.61 k allocations: 2.954 MiB)
7493
  0.839415 seconds (162.85 k allocations: 162.339 MiB)
6244
  0.822899 seconds (79.22 k allocations: 78.447 MiB)
7494
  0.843443 seconds (103.27 k allocations: 102.871 MiB)
2497
  0.838104 seconds (158.43 k allocations: 156.876 MiB)
6245
  0.824344 seconds (97.03 k allocations: 96.719 MiB)
7495
  0.832603 seconds (99.45 k allocations: 99.210 MiB)
2498
  0.898179 seconds (98.54 k allocations: 97.119 MiB, 9.23% gc time)
6246
  0.720704 seconds (77.94 k allocations: 77.047 MiB)
7496
  0.867647 seconds (120.10 k allocations: 118.784 MiB)
2499
  0.841793 seconds (91.91 k allocations: 91.989 MiB)
6247
  0.743903 seconds (158.43 k allocations: 156.876 MiB)
7497
  0.830038 seconds (95.26 k allocations: 95.018 MiB)
2500
  0.827183 seconds (101.45 k allocations: 101.113 MiB)
6248
  0.826594 seconds (158.43 k allocations: 156.869 MiB)
7498
  0.831975 seconds (116.28 k allocations: 115.140 MiB)
  0.819424 seconds (79.94 k allocations: 80.491 MiB)
6249
  0.984760 seconds (53.40 k allocations: 53.867 MiB, 16.69% gc time)
7499
  0.802501 seconds (69.96 k allocations: 68.191 MiB)
6250
  0.744397 seconds (31.38 k allocations: 31.458 MiB)
7500
  0.821267 seconds (27.13 k allocations: 27.203 MiB)
  0.828166 seconds (724 allocations: 2.050 MiB)
