/home/dswartz/julia-1.9.0/bin/julia
Number of threads: 8
6251
1
2501
750150011251

3751
8751

  1.003902 seconds (210.97 k allocations: 210.460 MiB)
7502
  0.777984 seconds (264.84 k allocations: 49.152 MiB, 17.33% compilation time)
1252
  1.280897 seconds (280.95 k allocations: 70.504 MiB, 17.64% gc time, 10.52% compilation time)
  1.255181 seconds (268.69 k allocations: 52.659 MiB, 18.00% gc time, 10.74% compilation time)
  1.252224 seconds (268.85 k allocations: 51.509 MiB, 18.04% gc time, 10.76% compilation time)
  1.255057 seconds (268.78 k allocations: 52.705 MiB, 18.00% gc time, 10.74% compilation time)
  1.254057 seconds (269.33 k allocations: 51.978 MiB, 18.02% gc time, 10.75% compilation time)
  1.252610 seconds (269.44 k allocations: 52.055 MiB, 18.04% gc time, 10.76% compilation time)
2
3752
8752
5002
6252
2502
  0.964850 seconds (522.62 k allocations: 508.692 MiB)
7503
  1.086346 seconds (507.99 k allocations: 495.701 MiB)
1253
  0.884088 seconds (158.06 k allocations: 155.708 MiB)
  0.893526 seconds (158.58 k allocations: 157.142 MiB)
6253
3
  0.988448 seconds (196.29 k allocations: 194.279 MiB)
  0.996667 seconds (198.46 k allocations: 200.479 MiB)
  0.992577 seconds (198.20 k allocations: 196.683 MiB)
5003
3753
2503
  0.889025 seconds (131.16 k allocations: 132.701 MiB)
  1.029338 seconds (214.87 k allocations: 215.955 MiB)
7504
8753
  0.885588 seconds (193.48 k allocations: 192.096 MiB)
1254
  0.867663 seconds (196.20 k allocations: 196.344 MiB)
7505
  1.004555 seconds (199.74 k allocations: 199.477 MiB)
  1.008266 seconds (192.92 k allocations: 194.265 MiB)
  0.980633 seconds (101.34 k allocations: 103.904 MiB)
  0.987047 seconds (103.13 k allocations: 106.538 MiB)
4
  0.992664 seconds (109.19 k allocations: 113.364 MiB)
  0.985408 seconds (100.25 k allocations: 103.615 MiB)
6254
3754
  0.984740 seconds (131.23 k allocations: 133.954 MiB)
2504
8754
5004
1255
  0.900598 seconds (553.34 k allocations: 545.368 MiB)
7506
  1.318840 seconds (327.48 k allocations: 321.716 MiB, 25.95% gc time)
  1.334761 seconds (412.60 k allocations: 404.378 MiB, 25.64% gc time)
  1.252794 seconds (102.59 k allocations: 103.995 MiB, 27.32% gc time)
  1.316745 seconds (320.31 k allocations: 313.587 MiB, 25.99% gc time)
  1.243553 seconds (79.94 k allocations: 79.866 MiB, 27.52% gc time)
  1.241103 seconds (79.25 k allocations: 78.030 MiB, 27.57% gc time)
  1.240155 seconds (79.36 k allocations: 78.187 MiB, 27.59% gc time)
1256
8755
5005
3755
5
2505
6255
  0.887746 seconds (549.50 k allocations: 534.753 MiB)
7507
  0.892801 seconds (109.24 k allocations: 114.109 MiB)
2506
  0.903470 seconds (110.34 k allocations: 111.301 MiB)
  0.903446 seconds (110.32 k allocations: 111.308 MiB)
8756
5006
  1.025195 seconds (236.34 k allocations: 233.926 MiB)
  1.026544 seconds (237.36 k allocations: 234.957 MiB)
1257
3756
  1.027356 seconds (234.78 k allocations: 233.193 MiB)
6
  1.027967 seconds (239.84 k allocations: 237.893 MiB)
6256
  0.883094 seconds (553.28 k allocations: 545.184 MiB)
7508
  0.875306 seconds (292.96 k allocations: 289.943 MiB)
2507
  1.955663 seconds (258.96 k allocations: 257.176 MiB, 22.34% gc time)
  1.686342 seconds (108.32 k allocations: 109.350 MiB, 25.90% gc time)
  1.684514 seconds (107.70 k allocations: 108.731 MiB, 25.93% gc time)
  1.806928 seconds (176.80 k allocations: 177.360 MiB, 24.18% gc time)
  1.465151 seconds (19.09 k allocations: 19.251 MiB, 29.82% gc time)
  1.675214 seconds (104.06 k allocations: 104.011 MiB, 26.08% gc time)
  1.657225 seconds (102.25 k allocations: 106.839 MiB, 26.36% gc time)
3757
6257
5007
7509
7
8757
1258
  0.898634 seconds (370.58 k allocations: 363.208 MiB)
2508
  0.971369 seconds (174.58 k allocations: 175.389 MiB)
3758
  0.983212 seconds (176.24 k allocations: 175.530 MiB)
  0.989983 seconds (193.38 k allocations: 194.396 MiB)
8758
5008
  1.009895 seconds (259.77 k allocations: 257.797 MiB)
8
  0.981416 seconds (220.93 k allocations: 219.185 MiB)
1259
  1.318062 seconds (474.31 k allocations: 467.549 MiB)
6258
  1.407693 seconds (529.74 k allocations: 524.026 MiB)
7510
  0.911025 seconds (539.71 k allocations: 531.329 MiB)
2509
  0.877738 seconds (344.79 k allocations: 340.228 MiB)
3759
  0.881091 seconds (297.84 k allocations: 295.068 MiB)
8759
  1.941301 seconds (302.93 k allocations: 299.675 MiB, 21.19% gc time)
  1.526956 seconds (109.94 k allocations: 109.394 MiB, 26.93% gc time)
  1.851747 seconds (217.02 k allocations: 215.017 MiB, 22.21% gc time)
  1.880805 seconds (232.80 k allocations: 231.296 MiB, 21.87% gc time)
  1.431889 seconds (59.32 k allocations: 59.770 MiB, 28.72% gc time)
6259
1260
9
7511
5009
  0.883749 seconds (114.14 k allocations: 116.587 MiB)
10
  1.018031 seconds (157.25 k allocations: 158.781 MiB)
  1.022836 seconds (170.62 k allocations: 173.663 MiB)
3760
2510
  1.008434 seconds (109.94 k allocations: 114.326 MiB)
8760
  1.000157 seconds (96.02 k allocations: 98.319 MiB)
5010
  1.004425 seconds (102.77 k allocations: 105.738 MiB)
7512
  1.010498 seconds (138.35 k allocations: 140.785 MiB)
  1.002650 seconds (139.94 k allocations: 142.052 MiB)
1261
6260
  0.879407 seconds (553.18 k allocations: 544.886 MiB)
11
  1.146350 seconds (101.06 k allocations: 103.814 MiB, 19.08% gc time)
  1.137846 seconds (73.54 k allocations: 75.037 MiB, 19.22% gc time)
  1.139588 seconds (76.65 k allocations: 77.991 MiB, 19.19% gc time)
  1.126682 seconds (53.84 k allocations: 54.954 MiB, 19.41% gc time)
  1.092881 seconds (19.51 k allocations: 19.671 MiB, 20.01% gc time)
  1.149642 seconds (118.71 k allocations: 121.947 MiB, 19.02% gc time)
  1.112608 seconds (35.61 k allocations: 36.361 MiB, 19.66% gc time)
8761
7513
6261
5011
2511
1262
3761
  0.857047 seconds (346.73 k allocations: 340.372 MiB)
12
  0.868224 seconds (119.77 k allocations: 122.975 MiB)
1263
  0.875328 seconds (107.85 k allocations: 111.293 MiB)
  0.878567 seconds (120.85 k allocations: 125.099 MiB)
6262
7514
  0.888981 seconds (160.79 k allocations: 162.702 MiB)
5012
  0.892463 seconds (198.72 k allocations: 196.360 MiB)
  0.895012 seconds (208.25 k allocations: 206.454 MiB)
8762
  0.896581 seconds (213.23 k allocations: 212.037 MiB)
3762
2512
  0.884167 seconds (552.74 k allocations: 543.587 MiB)
13
  1.168736 seconds (259.02 k allocations: 256.219 MiB, 18.87% gc time)
  1.158159 seconds (192.47 k allocations: 190.083 MiB, 19.05% gc time)
  1.158388 seconds (193.22 k allocations: 190.877 MiB, 19.04% gc time)
  1.130669 seconds (82.31 k allocations: 83.573 MiB, 19.51% gc time)
  1.114375 seconds (39.91 k allocations: 39.517 MiB, 19.79% gc time)
  1.116726 seconds (41.99 k allocations: 43.911 MiB, 19.75% gc time)
  1.112787 seconds (40.13 k allocations: 39.816 MiB, 19.82% gc time)
6263
7515
1264
8763
2513
5013
3763
  0.893703 seconds (419.48 k allocations: 409.988 MiB)
14
  0.889189 seconds (18.21 k allocations: 25.743 MiB)
8764
  0.887583 seconds (9.74 k allocations: 12.514 MiB)
  0.888875 seconds (11.31 k allocations: 14.301 MiB)
  0.889624 seconds (12.33 k allocations: 15.725 MiB)
  0.889407 seconds (14.26 k allocations: 19.657 MiB)
2514
  0.885420 seconds (14.85 k allocations: 19.966 MiB)
3764
1265
5014
6264
  0.906959 seconds (126.22 k allocations: 128.907 MiB)
7516
  0.879375 seconds (214.62 k allocations: 213.982 MiB)
8765
  0.875987 seconds (182.48 k allocations: 181.747 MiB)
2515
  0.894624 seconds (214.93 k allocations: 215.000 MiB)
5015
  1.283894 seconds (30.20 k allocations: 33.083 MiB, 32.71% gc time)
  1.300644 seconds (43.84 k allocations: 47.388 MiB, 32.29% gc time)
  1.339295 seconds (79.29 k allocations: 83.766 MiB, 31.35% gc time)
  1.302543 seconds (45.06 k allocations: 48.551 MiB, 32.24% gc time)
  1.280925 seconds (29.76 k allocations: 31.423 MiB, 32.78% gc time)
1266
6265
7517
3765
15
  0.887284 seconds (332.91 k allocations: 327.162 MiB)
8766
  0.971585 seconds (79.03 k allocations: 77.845 MiB)
  0.971508 seconds (79.56 k allocations: 79.316 MiB)
  0.984804 seconds (127.93 k allocations: 133.129 MiB)
7518
3766
  0.974331 seconds (82.25 k allocations: 83.775 MiB)
2516
6266
  0.977217 seconds (91.06 k allocations: 93.335 MiB)
1267
  0.985419 seconds (119.62 k allocations: 127.795 MiB)
5016
  0.983861 seconds (137.83 k allocations: 140.128 MiB)
16
  0.879097 seconds (553.35 k allocations: 545.419 MiB)
8767
  1.123746 seconds (91.88 k allocations: 93.802 MiB, 16.77% gc time)
  1.119494 seconds (79.65 k allocations: 79.652 MiB, 16.84% gc time)
  1.113278 seconds (68.72 k allocations: 67.960 MiB, 16.93% gc time)
  1.120923 seconds (82.71 k allocations: 82.567 MiB, 16.82% gc time)
  1.121466 seconds (84.00 k allocations: 85.032 MiB, 16.81% gc time)
  1.124021 seconds (92.93 k allocations: 96.111 MiB, 16.77% gc time)
  1.079574 seconds (40.20 k allocations: 39.882 MiB, 17.46% gc time)
5017
3767
2517
1268
7519
17
6267
  0.868773 seconds (415.72 k allocations: 406.385 MiB)
8768
  0.873273 seconds (83.69 k allocations: 83.523 MiB)
  0.874219 seconds (84.43 k allocations: 84.321 MiB)
7520
1269
  0.879731 seconds (93.54 k allocations: 94.967 MiB)
18
  0.875172 seconds (101.66 k allocations: 102.514 MiB)
6268
  0.893363 seconds (136.10 k allocations: 142.642 MiB)
  0.892773 seconds (133.12 k allocations: 140.726 MiB)
  0.890896 seconds (133.26 k allocations: 136.886 MiB)
5018
3768
2518
  0.874732 seconds (553.23 k allocations: 545.032 MiB)
8769
  1.039212 seconds (108.78 k allocations: 108.808 MiB, 12.68% gc time)
  1.080699 seconds (150.40 k allocations: 151.072 MiB, 12.20% gc time)
  1.077650 seconds (145.99 k allocations: 145.644 MiB, 12.23% gc time)
  1.093639 seconds (195.25 k allocations: 195.177 MiB, 12.05% gc time)
  0.991878 seconds (65.85 k allocations: 65.267 MiB, 13.29% gc time)
  0.983261 seconds (60.05 k allocations: 58.612 MiB, 13.40% gc time)
  1.021055 seconds (91.08 k allocations: 90.772 MiB, 12.91% gc time)
2519
5019
1270
7521
19
3769
6269
  0.872680 seconds (502.13 k allocations: 489.107 MiB)
8770
  0.886038 seconds (94.01 k allocations: 95.869 MiB)
1271
  0.886054 seconds (91.06 k allocations: 91.521 MiB)
  0.892553 seconds (110.83 k allocations: 117.530 MiB)
2520
  0.886576 seconds (93.61 k allocations: 95.900 MiB)
  0.887390 seconds (95.30 k allocations: 98.241 MiB)
7522
6270
3770
  0.892690 seconds (112.10 k allocations: 116.841 MiB)
5020
  0.888226 seconds (203.43 k allocations: 202.784 MiB)
20
  0.878031 seconds (553.16 k allocations: 544.816 MiB)
8771
  1.561944 seconds (154.48 k allocations: 152.502 MiB, 39.57% gc time)
  1.565674 seconds (159.66 k allocations: 159.919 MiB, 39.48% gc time)
  1.566427 seconds (162.02 k allocations: 162.158 MiB, 39.46% gc time)
  1.563414 seconds (156.38 k allocations: 154.399 MiB, 39.53% gc time)
  1.563289 seconds (156.21 k allocations: 154.148 MiB, 39.54% gc time)
  1.537345 seconds (112.86 k allocations: 111.601 MiB, 40.20% gc time)
  1.498346 seconds (79.66 k allocations: 79.077 MiB, 41.25% gc time)
1272
5021
2521
7523
6271
21
3771
  0.876113 seconds (549.50 k allocations: 534.753 MiB)
8772
  0.969200 seconds (84.49 k allocations: 84.318 MiB)
3772
  0.972275 seconds (85.53 k allocations: 86.325 MiB)
  0.975848 seconds (92.39 k allocations: 98.036 MiB)
5022
  0.976483 seconds (91.78 k allocations: 95.276 MiB)
2522
22
  0.979937 seconds (110.14 k allocations: 112.940 MiB)
  0.973943 seconds (114.58 k allocations: 116.901 MiB)
1273
6272
  0.987352 seconds (139.21 k allocations: 142.747 MiB)
7524
  0.883136 seconds (553.23 k allocations: 545.032 MiB)
8773
  0.882080 seconds (226.81 k allocations: 226.631 MiB)
5023
  0.885606 seconds (204.23 k allocations: 204.773 MiB)
23
  0.869172 seconds (146.44 k allocations: 146.750 MiB)
2523
  0.882096 seconds (166.73 k allocations: 169.628 MiB)
  0.879569 seconds (154.27 k allocations: 156.199 MiB)
3773
1274
  1.744837 seconds (114.27 k allocations: 116.492 MiB, 11.55% gc time)
  1.073707 seconds (35.26 k allocations: 38.651 MiB, 18.77% gc time)
  1.751090 seconds (118.17 k allocations: 121.430 MiB, 11.51% gc time)
8774
6273
7525
  0.881690 seconds (307.32 k allocations: 302.659 MiB)
5024
  0.877255 seconds (178.69 k allocations: 179.318 MiB)
8775
  0.985720 seconds (180.82 k allocations: 182.379 MiB)
2524
  0.986881 seconds (174.27 k allocations: 175.871 MiB)
  0.980124 seconds (163.97 k allocations: 163.322 MiB)
3774
7526
  0.994416 seconds (195.53 k allocations: 199.485 MiB)
24
  0.985659 seconds (185.75 k allocations: 186.248 MiB)
6274
  0.992569 seconds (209.94 k allocations: 212.799 MiB)
1275
  0.886423 seconds (502.63 k allocations: 495.555 MiB)
5025
  0.882286 seconds (495.65 k allocations: 488.631 MiB)
8776
  1.069890 seconds (95.58 k allocations: 99.592 MiB, 15.89% gc time)
  1.067984 seconds (86.25 k allocations: 89.375 MiB, 15.92% gc time)
  1.054884 seconds (52.29 k allocations: 52.160 MiB, 16.12% gc time)
  1.054354 seconds (52.30 k allocations: 52.176 MiB, 16.13% gc time)
  1.065494 seconds (77.59 k allocations: 80.048 MiB, 15.96% gc time)
  1.060598 seconds (62.59 k allocations: 64.594 MiB, 16.03% gc time)
2525
1276
7527
3775
25
6275
  0.880267 seconds (396.14 k allocations: 387.639 MiB)
5026
  0.899495 seconds (160.47 k allocations: 163.431 MiB)
8777
  0.892926 seconds (94.07 k allocations: 94.793 MiB)
  0.894568 seconds (96.17 k allocations: 97.717 MiB)
3776
  0.897152 seconds (101.37 k allocations: 106.114 MiB)
1277
7528
  0.897448 seconds (109.35 k allocations: 112.370 MiB)
  0.888625 seconds (107.81 k allocations: 110.192 MiB)
26
6276
  0.898930 seconds (122.70 k allocations: 127.454 MiB)
2526
  0.886920 seconds (553.33 k allocations: 545.336 MiB)
5027
  1.223977 seconds (150.38 k allocations: 148.667 MiB, 19.00% gc time)
  1.237498 seconds (191.44 k allocations: 191.632 MiB, 18.79% gc time)  1.222406 seconds (148.37 k allocations: 146.744 MiB, 19.02% gc time)

  1.234665 seconds (182.42 k allocations: 181.781 MiB, 18.83% gc time)
  1.158328 seconds (98.44 k allocations: 97.674 MiB, 20.08% gc time)
  1.113436 seconds (62.35 k allocations: 61.882 MiB, 20.88% gc time)
  1.107917 seconds (60.03 k allocations: 59.186 MiB, 20.99% gc time)
2527
8778
7529
6277
1278
3777
27
  0.879327 seconds (485.51 k allocations: 473.170 MiB)
5028
  0.843645 seconds (77.29 k allocations: 78.642 MiB)
7530
  0.841874 seconds (72.17 k allocations: 73.470 MiB)
1279
  0.849427 seconds (94.30 k allocations: 96.836 MiB)
6278
  0.850125 seconds (115.77 k allocations: 115.909 MiB)
28
  0.886768 seconds (282.31 k allocations: 283.647 MiB)
3778
  0.882900 seconds (271.93 k allocations: 271.043 MiB)
2528
  0.880891 seconds (301.38 k allocations: 296.539 MiB)
8779
  0.882621 seconds (509.70 k allocations: 499.333 MiB)
5029
  0.868554 seconds (157.50 k allocations: 156.609 MiB)
  0.885744 seconds (259.69 k allocations: 257.775 MiB)
1280
7531
  0.881801 seconds (194.06 k allocations: 194.814 MiB)
6279
  1.233420 seconds (183.15 k allocations: 184.159 MiB, 25.41% gc time)  1.201817 seconds (100.21 k allocations: 102.337 MiB, 26.08% gc time)
  1.217377 seconds (130.12 k allocations: 132.163 MiB, 25.75% gc time)

  1.193809 seconds (93.33 k allocations: 94.509 MiB, 26.25% gc time)
2529
8780
3779
29
  0.877547 seconds (533.29 k allocations: 519.012 MiB)
5030
  0.886458 seconds (121.69 k allocations: 124.802 MiB)
1281
  0.889784 seconds (110.10 k allocations: 112.262 MiB)
  0.895626 seconds (128.78 k allocations: 133.330 MiB)
3780
7532
  0.889945 seconds (113.39 k allocations: 116.151 MiB)
2530
  0.895009 seconds (126.35 k allocations: 130.773 MiB)
6280
  0.895656 seconds (163.49 k allocations: 164.865 MiB)
8781
  0.889656 seconds (242.10 k allocations: 239.840 MiB)
30
  0.885133 seconds (553.33 k allocations: 545.356 MiB)
5031
  0.879746 seconds (225.74 k allocations: 225.617 MiB)
1282
  0.878723 seconds (192.87 k allocations: 193.905 MiB)
3781
  0.876449 seconds (187.01 k allocations: 186.878 MiB)
  0.882757 seconds (200.29 k allocations: 201.716 MiB)
2531
7533
  0.881557 seconds (214.53 k allocations: 213.926 MiB)
6281
  1.801552 seconds (179.04 k allocations: 179.704 MiB, 10.13% gc time)
  1.043943 seconds (63.28 k allocations: 65.489 MiB, 17.49% gc time)
  1.757219 seconds (142.67 k allocations: 143.702 MiB, 10.39% gc time)
5032
8782
31
  0.916103 seconds (303.29 k allocations: 298.814 MiB)
1283
  0.898967 seconds (38.09 k allocations: 38.693 MiB)
5033
  0.984028 seconds (177.71 k allocations: 179.451 MiB)
  0.989368 seconds (201.80 k allocations: 204.996 MiB)
2532
3782
  0.987186 seconds (185.05 k allocations: 188.422 MiB)
7534
  0.983042 seconds (171.87 k allocations: 173.138 MiB)
32
  0.986620 seconds (196.00 k allocations: 197.203 MiB)
  0.984832 seconds (207.80 k allocations: 208.215 MiB)
8783
6282
  0.883230 seconds (499.65 k allocations: 492.621 MiB)
1284
  0.891728 seconds (508.89 k allocations: 501.239 MiB)
5034
  1.110365 seconds (141.46 k allocations: 142.297 MiB, 15.02% gc time)
  1.084999 seconds (91.31 k allocations: 91.869 MiB, 15.37% gc time)
  1.109557 seconds (138.30 k allocations: 139.287 MiB, 15.03% gc time)
  1.048681 seconds (59.46 k allocations: 58.954 MiB, 15.91% gc time)
  1.107076 seconds (131.47 k allocations: 131.587 MiB, 15.07% gc time)
  1.055341 seconds (63.87 k allocations: 64.503 MiB, 15.81% gc time)
6283
2533
8784
33
3783
7535
  0.861415 seconds (395.83 k allocations: 387.364 MiB)
1285
  0.835654 seconds (81.98 k allocations: 83.112 MiB)
6284
  0.839045 seconds (87.62 k allocations: 89.588 MiB)
7536
  0.832729 seconds (96.89 k allocations: 95.747 MiB)
34
  0.859149 seconds (118.95 k allocations: 119.069 MiB)
  0.880420 seconds (148.81 k allocations: 150.428 MiB)
8785
2534
  0.883738 seconds (155.84 k allocations: 158.811 MiB)
3784
  0.886566 seconds (188.38 k allocations: 190.929 MiB)
5035
  0.878392 seconds (491.90 k allocations: 480.293 MiB)
1286
  1.446893 seconds (315.27 k allocations: 310.049 MiB, 21.19% gc time)
  1.307632 seconds (166.51 k allocations: 165.253 MiB, 23.45% gc time)
  1.256695 seconds (126.57 k allocations: 124.542 MiB, 24.40% gc time)
  1.254540 seconds (125.44 k allocations: 123.463 MiB, 24.44% gc time)
  1.315117 seconds (177.85 k allocations: 177.359 MiB, 23.32% gc time)
  1.197528 seconds (78.84 k allocations: 77.988 MiB, 25.61% gc time)
  1.183290 seconds (68.41 k allocations: 67.108 MiB, 25.91% gc time)
2535
8786
7537
6285
3785
5036
35
  0.882611 seconds (510.60 k allocations: 497.210 MiB)
1287
  0.886283 seconds (86.46 k allocations: 89.852 MiB)
8787
  0.885281 seconds (81.76 k allocations: 81.482 MiB)
7538
  0.887401 seconds (88.08 k allocations: 88.543 MiB)
  0.887602 seconds (88.10 k allocations: 88.554 MiB)
3786
6286
  0.899835 seconds (129.02 k allocations: 134.550 MiB)
  0.899952 seconds (129.91 k allocations: 135.737 MiB)
36
2536
  0.974589 seconds (553.18 k allocations: 544.873 MiB)
5037
  0.884064 seconds (553.18 k allocations: 544.873 MiB)
1288
  0.854511 seconds (174.98 k allocations: 175.554 MiB)
6287
  0.866248 seconds (176.01 k allocations: 175.054 MiB)
  0.878508 seconds (210.09 k allocations: 211.925 MiB)
37
7539
  0.881389 seconds (188.79 k allocations: 189.571 MiB)
  0.877775 seconds (175.66 k allocations: 175.243 MiB)
8788
  0.884529 seconds (179.30 k allocations: 180.508 MiB)
2537
3787
  1.330155 seconds (14.35 k allocations: 13.727 MiB, 36.03% gc time)
  2.173379 seconds (145.06 k allocations: 147.238 MiB, 22.05% gc time)
1289
5038
  0.896096 seconds (263.36 k allocations: 260.623 MiB)
6288
  1.040674 seconds (91.09 k allocations: 91.855 MiB)
2538
  1.048874 seconds (105.23 k allocations: 108.802 MiB)
3788
  1.047168 seconds (98.78 k allocations: 101.223 MiB)
8789
  1.041536 seconds (95.15 k allocations: 96.278 MiB)
  1.055638 seconds (123.83 k allocations: 128.736 MiB)
1290
38
  1.056540 seconds (157.23 k allocations: 157.822 MiB)
5039
  1.126142 seconds (461.09 k allocations: 454.880 MiB)
7540
  0.928843 seconds (553.43 k allocations: 545.660 MiB)
6289
  1.425174 seconds (229.15 k allocations: 228.495 MiB, 28.77% gc time)
  1.404452 seconds (146.31 k allocations: 144.695 MiB, 29.20% gc time)
  1.415626 seconds (182.65 k allocations: 180.679 MiB, 28.97% gc time)
  1.414483 seconds (178.73 k allocations: 176.964 MiB, 28.99% gc time)
  1.399838 seconds (136.04 k allocations: 133.686 MiB, 29.29% gc time)
  1.371283 seconds (96.24 k allocations: 94.422 MiB, 29.90% gc time)
  1.267895 seconds (40.22 k allocations: 39.890 MiB, 32.34% gc time)
1291
2539
39
7541
8790
3789
5040
  0.885232 seconds (409.60 k allocations: 400.546 MiB)
6290
  0.981445 seconds (113.58 k allocations: 112.129 MiB)
1292
  0.987764 seconds (119.01 k allocations: 119.560 MiB)
  0.986733 seconds (118.34 k allocations: 119.401 MiB)
2540
  0.989430 seconds (122.38 k allocations: 125.870 MiB)
5041
3790
  0.985892 seconds (126.55 k allocations: 128.493 MiB)
8791
  0.999675 seconds (177.06 k allocations: 180.273 MiB)
7542
  0.962231 seconds (411.50 k allocations: 401.972 MiB)
40
  0.878694 seconds (553.18 k allocations: 544.867 MiB)
6291
  1.065265 seconds (215.91 k allocations: 214.953 MiB, 10.83% gc time)
  1.053129 seconds (146.01 k allocations: 145.606 MiB, 10.95% gc time)
  1.055577 seconds (156.16 k allocations: 156.562 MiB, 10.93% gc time)
  1.045496 seconds (122.03 k allocations: 120.272 MiB, 11.03% gc time)
  1.047408 seconds (125.98 k allocations: 124.119 MiB, 11.01% gc time)
  1.034167 seconds (102.57 k allocations: 100.721 MiB, 11.16% gc time)
  0.987041 seconds (60.46 k allocations: 59.337 MiB, 11.69% gc time)
1293
8792
7543
2541
41
3791
5042
  0.883811 seconds (490.09 k allocations: 477.560 MiB)
6292
  0.880583 seconds (93.94 k allocations: 97.042 MiB)
1294
  0.880913 seconds (86.04 k allocations: 90.538 MiB)
7544
  0.889540 seconds (109.09 k allocations: 113.634 MiB)
42
  0.886352 seconds (101.21 k allocations: 103.405 MiB)
  0.886344 seconds (101.62 k allocations: 103.847 MiB)
8793
2542
  0.890383 seconds (125.68 k allocations: 127.602 MiB)
3792
  0.898654 seconds (205.53 k allocations: 204.995 MiB)
5043
  0.879366 seconds (553.24 k allocations: 545.064 MiB)
6293
  1.022331 seconds (115.62 k allocations: 117.771 MiB, 12.08% gc time)
  1.024204 seconds (124.36 k allocations: 126.118 MiB, 12.06% gc time)
  1.027589 seconds (145.08 k allocations: 148.369 MiB, 12.02% gc time)
  1.018302 seconds (99.86 k allocations: 100.191 MiB, 12.13% gc time)
  1.017437 seconds (97.86 k allocations: 98.371 MiB, 12.14% gc time)
  1.009233 seconds (80.91 k allocations: 81.042 MiB, 12.24% gc time)
  1.006356 seconds (79.49 k allocations: 78.553 MiB, 12.27% gc time)
1295
43
7545
3793
8794
5044
2543
  0.878411 seconds (549.46 k allocations: 534.679 MiB)
6294
  0.883353 seconds (131.71 k allocations: 135.581 MiB)
2544
  0.886238 seconds (108.82 k allocations: 109.785 MiB)
  0.889185 seconds (116.11 k allocations: 119.251 MiB)
  0.888095 seconds (113.02 k allocations: 116.202 MiB)
7546
3794
1296
  0.889303 seconds (130.19 k allocations: 131.970 MiB)
  0.893051 seconds (140.10 k allocations: 142.381 MiB)
8795
5045
  0.885172 seconds (225.28 k allocations: 223.731 MiB)
44
  0.882406 seconds (553.18 k allocations: 544.873 MiB)
6295
  0.882973 seconds (246.13 k allocations: 245.098 MiB)
2545
  0.880588 seconds (165.54 k allocations: 166.490 MiB)
7547
  0.883939 seconds (166.04 k allocations: 166.723 MiB)
3795
  0.882534 seconds (169.53 k allocations: 171.056 MiB)
  1.905188 seconds (157.53 k allocations: 157.769 MiB, 13.45% gc time)  1.086727 seconds (31.57 k allocations: 33.976 MiB, 23.58% gc time)

  1.903929 seconds (156.73 k allocations: 157.046 MiB, 13.46% gc time)
  1.852549 seconds (112.59 k allocations: 115.210 MiB, 13.84% gc time)
1297
6296
8796
5046
45
  0.880926 seconds (312.71 k allocations: 307.830 MiB)
2546
  0.882894 seconds (75.22 k allocations: 75.473 MiB)
6297
  0.973919 seconds (202.20 k allocations: 204.129 MiB)
7548
  0.960742 seconds (162.31 k allocations: 160.817 MiB)
46
  0.977582 seconds (194.86 k allocations: 199.413 MiB)
3796
  0.975887 seconds (199.06 k allocations: 199.488 MiB)
5047
  0.981924 seconds (211.84 k allocations: 213.897 MiB)
1298
  0.986749 seconds (238.55 k allocations: 240.449 MiB)
8797
  0.880877 seconds (538.64 k allocations: 530.240 MiB)
2547
  1.239786 seconds (510.32 k allocations: 501.916 MiB, 18.69% gc time)  1.149980 seconds (75.67 k allocations: 75.846 MiB, 20.15% gc time)

  1.179549 seconds (173.96 k allocations: 173.604 MiB, 19.64% gc time)
  1.155875 seconds (87.25 k allocations: 89.337 MiB, 20.04% gc time)
  1.117195 seconds (39.61 k allocations: 38.880 MiB, 20.74% gc time)
  1.151344 seconds (77.30 k allocations: 77.383 MiB, 20.12% gc time)
  1.135833 seconds (54.54 k allocations: 54.546 MiB, 20.40% gc time)
6298
47
7549
3797
5048
8798
1299
  0.872207 seconds (398.13 k allocations: 389.569 MiB)
2548
  0.878697 seconds (102.53 k allocations: 105.232 MiB)
6299
  0.880362 seconds (104.57 k allocations: 108.232 MiB)
  0.877698 seconds (97.94 k allocations: 99.068 MiB)
48
7550
  0.894319 seconds (142.99 k allocations: 144.525 MiB)
3798
  0.897574 seconds (155.47 k allocations: 157.428 MiB)
8799
  0.916693 seconds (341.65 k allocations: 334.232 MiB)
1300
  0.931187 seconds (376.74 k allocations: 370.369 MiB)
5049
  0.852835 seconds (542.34 k allocations: 532.028 MiB)
2549
  1.321282 seconds (244.46 k allocations: 241.055 MiB, 27.96% gc time)
  1.323585 seconds (257.19 k allocations: 254.460 MiB, 27.91% gc time)
  1.308478 seconds (179.06 k allocations: 175.997 MiB, 28.23% gc time)
  1.308757 seconds (180.02 k allocations: 177.058 MiB, 28.23% gc time)  1.294867 seconds (135.99 k allocations: 133.602 MiB, 28.53% gc time)

  1.260466 seconds (69.86 k allocations: 69.332 MiB, 29.31% gc time)
  1.248536 seconds (60.23 k allocations: 58.921 MiB, 29.59% gc time)
6300
7551
49
8800
5050
3799
1301
  0.853749 seconds (480.25 k allocations: 468.151 MiB)
2550
  0.954608 seconds (79.03 k allocations: 77.870 MiB)
  0.962798 seconds (92.33 k allocations: 97.644 MiB)
50
6301
  0.980619 seconds (135.13 k allocations: 138.427 MiB)
7552
  0.978873 seconds (135.83 k allocations: 135.167 MiB)
  0.978749 seconds (136.73 k allocations: 136.202 MiB)
  0.982360 seconds (140.83 k allocations: 143.910 MiB)
3800
1302
8801
  0.984712 seconds (155.60 k allocations: 158.663 MiB)
5051
  0.860730 seconds (553.35 k allocations: 545.400 MiB)
2551
  1.209113 seconds (82.80 k allocations: 82.765 MiB, 25.12% gc time)
  1.264844 seconds (278.25 k allocations: 275.942 MiB, 24.02% gc time)
  1.240866 seconds (158.83 k allocations: 160.434 MiB, 24.48% gc time)
  1.230252 seconds (121.30 k allocations: 122.051 MiB, 24.69% gc time)
  1.211020 seconds (84.94 k allocations: 84.795 MiB, 25.08% gc time)
  1.203725 seconds (79.17 k allocations: 78.040 MiB, 25.24% gc time)
  1.229650 seconds (120.17 k allocations: 120.936 MiB, 24.70% gc time)
8802
6302
3801
7553
51
5052
1303
  0.884789 seconds (548.81 k allocations: 533.969 MiB)
2552
  0.881192 seconds (89.74 k allocations: 94.534 MiB)
  0.881970 seconds (90.12 k allocations: 95.898 MiB)
52
6303
  0.904656 seconds (141.24 k allocations: 142.146 MiB)
  0.905459 seconds (143.84 k allocations: 145.562 MiB)
3802
  0.903775 seconds (146.33 k allocations: 146.552 MiB)
1304
5053
  0.909213 seconds (175.98 k allocations: 175.965 MiB)
8803
  0.987409 seconds (444.77 k allocations: 436.653 MiB)
7554
  0.865888 seconds (553.22 k allocations: 545.013 MiB)
2553
  0.858730 seconds (335.75 k allocations: 330.642 MiB)
6304
  0.867495 seconds (301.27 k allocations: 297.434 MiB)
53
  1.207396 seconds (195.03 k allocations: 194.540 MiB, 18.34% gc time)
  1.219030 seconds (217.55 k allocations: 217.313 MiB, 18.17% gc time)
  1.178502 seconds (150.19 k allocations: 150.360 MiB, 18.79% gc time)
  1.111783 seconds (111.75 k allocations: 111.173 MiB, 19.92% gc time)
  1.153281 seconds (135.76 k allocations: 135.363 MiB, 19.20% gc time)
5054
8804
3803
1305
7555
  0.876045 seconds (512.60 k allocations: 499.179 MiB)
2554
  0.852624 seconds (288.57 k allocations: 284.529 MiB)
6305
  0.866517 seconds (218.01 k allocations: 218.036 MiB)
54
  0.868649 seconds (187.00 k allocations: 186.897 MiB)
7556
  0.895795 seconds (254.06 k allocations: 253.283 MiB)
3804
  0.900617 seconds (282.50 k allocations: 277.845 MiB)
  0.903412 seconds (287.00 k allocations: 284.289 MiB)
5055
1306
  0.916457 seconds (370.21 k allocations: 364.956 MiB)
8805
  0.858932 seconds (497.24 k allocations: 490.400 MiB)
2555
  0.855418 seconds (464.85 k allocations: 458.173 MiB)
6306
  1.195095 seconds (295.65 k allocations: 289.817 MiB, 20.80% gc time)
  1.209976 seconds (376.55 k allocations: 369.503 MiB, 20.54% gc time)
  1.156281 seconds (123.71 k allocations: 122.807 MiB, 21.49% gc time)
  1.154503 seconds (121.53 k allocations: 119.578 MiB, 21.53% gc time)
  1.132013 seconds (95.31 k allocations: 93.297 MiB, 21.95% gc time)
  1.158176 seconds (128.89 k allocations: 127.852 MiB, 21.46% gc time)
1307
5056
7557
55
8806
3805
  0.855035 seconds (349.38 k allocations: 342.920 MiB)
6307
  0.884843 seconds (107.25 k allocations: 109.750 MiB)
8807
  0.888451 seconds (109.04 k allocations: 110.009 MiB)
5057
  1.054705 seconds (568.09 k allocations: 557.615 MiB)
2556
  1.018759 seconds (306.44 k allocations: 302.086 MiB)
7558
  0.997172 seconds (330.17 k allocations: 324.556 MiB)
56
  1.124519 seconds (485.07 k allocations: 477.450 MiB)
1308
  1.129733 seconds (492.33 k allocations: 485.372 MiB)
3806
  0.865795 seconds (553.17 k allocations: 544.854 MiB)
6308
  1.350768 seconds (340.23 k allocations: 333.496 MiB, 21.22% gc time)  1.449808 seconds (454.70 k allocations: 447.202 MiB, 19.77% gc time)

  1.455756 seconds (458.23 k allocations: 451.811 MiB, 19.69% gc time)
  1.299005 seconds (249.16 k allocations: 245.059 MiB, 22.06% gc time)
  1.256518 seconds (190.59 k allocations: 185.818 MiB, 22.81% gc time)
  1.192168 seconds (60.02 k allocations: 58.550 MiB, 24.04% gc time)
  1.198381 seconds (64.64 k allocations: 64.159 MiB, 23.92% gc time)
7559
5058
8808
57
1309
3807
2557
  0.848415 seconds (477.85 k allocations: 465.850 MiB)
6309
  0.881146 seconds (96.96 k allocations: 102.360 MiB)
3808
  0.890009 seconds (100.51 k allocations: 101.847 MiB)
1310
  0.989554 seconds (243.09 k allocations: 241.725 MiB)
58
  0.995343 seconds (252.65 k allocations: 249.453 MiB)
5059
  1.006561 seconds (270.39 k allocations: 269.908 MiB)
  1.001710 seconds (269.66 k allocations: 267.675 MiB)
7560
8809
  1.012896 seconds (298.98 k allocations: 299.241 MiB)
2558
  0.862376 seconds (553.21 k allocations: 544.975 MiB)
6310
  1.438996 seconds (480.88 k allocations: 474.780 MiB, 25.67% gc time)
  1.428645 seconds (474.20 k allocations: 467.169 MiB, 25.85% gc time)
  1.319210 seconds (181.46 k allocations: 179.537 MiB, 28.00% gc time)  1.338269 seconds (233.86 k allocations: 230.895 MiB, 27.60% gc time)

  1.261091 seconds (88.96 k allocations: 88.539 MiB, 29.29% gc time)
  1.288660 seconds (137.34 k allocations: 136.111 MiB, 28.66% gc time)
  1.248966 seconds (79.30 k allocations: 77.971 MiB, 29.57% gc time)
2559
8810
3809
59
5060
7561
1311
  0.861646 seconds (549.46 k allocations: 534.679 MiB)
6311
  0.974363 seconds (81.17 k allocations: 81.136 MiB)
7562
  0.983531 seconds (90.80 k allocations: 91.353 MiB)
  0.985537 seconds (94.31 k allocations: 98.117 MiB)
60
2560
  0.991542 seconds (117.25 k allocations: 118.665 MiB)
8811
  0.986550 seconds (132.13 k allocations: 132.980 MiB)
1312
  0.998424 seconds (157.88 k allocations: 159.826 MiB)
  0.998311 seconds (160.78 k allocations: 163.008 MiB)
3810
5061
  0.849163 seconds (553.35 k allocations: 545.413 MiB)
6312
  0.845416 seconds (183.22 k allocations: 183.665 MiB)
61
  0.860883 seconds (227.53 k allocations: 228.316 MiB)
7563
  0.860810 seconds (177.92 k allocations: 179.724 MiB)
2561
  1.693622 seconds (135.10 k allocations: 136.060 MiB, 11.14% gc time)
  1.702026 seconds (150.86 k allocations: 153.606 MiB, 11.09% gc time)
  1.672834 seconds (118.80 k allocations: 119.220 MiB, 11.28% gc time)
  1.691428 seconds (133.88 k allocations: 134.852 MiB, 11.16% gc time)
  1.038036 seconds (40.12 k allocations: 41.740 MiB, 18.18% gc time)
6313
1313
8812
5062
3811
  0.860810 seconds (300.46 k allocations: 296.097 MiB)
62
  0.867465 seconds (84.15 k allocations: 85.176 MiB)
6314
  0.957573 seconds (251.82 k allocations: 252.786 MiB)
7564
  0.952500 seconds (221.10 k allocations: 223.166 MiB)
2562
  0.960962 seconds (225.07 k allocations: 223.042 MiB)
  0.962368 seconds (227.13 k allocations: 226.235 MiB)
8813
5063
  0.963864 seconds (257.73 k allocations: 255.036 MiB)
3812
  0.982935 seconds (335.65 k allocations: 330.620 MiB)
1314
  0.861716 seconds (553.19 k allocations: 544.899 MiB)
63
  1.202638 seconds (513.38 k allocations: 505.627 MiB, 15.22% gc time)
  1.120840 seconds (201.05 k allocations: 198.361 MiB, 16.33% gc time)
  1.132646 seconds (252.79 k allocations: 249.104 MiB, 16.16% gc time)
  1.090507 seconds (82.20 k allocations: 83.507 MiB, 16.79% gc time)
  1.077650 seconds (49.17 k allocations: 49.641 MiB, 16.99% gc time)
  1.078811 seconds (50.26 k allocations: 50.737 MiB, 16.97% gc time)
  1.065181 seconds (39.91 k allocations: 39.662 MiB, 17.19% gc time)
6315
2563
7565
3813
8814
1315
5064
  0.853646 seconds (439.66 k allocations: 429.319 MiB)
64
  0.866775 seconds (92.40 k allocations: 94.315 MiB)
  0.869222 seconds (98.81 k allocations: 103.824 MiB)
  0.866475 seconds (88.15 k allocations: 90.494 MiB)
2564
6316
7566
  0.890399 seconds (173.44 k allocations: 173.580 MiB)
1316
  0.891635 seconds (190.71 k allocations: 188.659 MiB)
8815
  0.920070 seconds (313.52 k allocations: 310.840 MiB)
5065
  0.933118 seconds (398.02 k allocations: 390.247 MiB)
3814
  0.853900 seconds (553.17 k allocations: 544.854 MiB)
65
  0.900673 seconds (308.25 k allocations: 304.321 MiB)
2565
  0.876392 seconds (186.29 k allocations: 186.369 MiB)
1317
  0.860562 seconds (137.12 k allocations: 137.859 MiB)
7567
  0.881268 seconds (158.66 k allocations: 159.482 MiB)
8816
  1.708767 seconds (138.44 k allocations: 138.714 MiB, 22.70% gc time)
  1.635169 seconds (94.40 k allocations: 95.325 MiB, 23.72% gc time)
  1.707981 seconds (138.57 k allocations: 138.808 MiB, 22.71% gc time)
5066
6317
3815
  0.895819 seconds (227.52 k allocations: 225.091 MiB)
2566
  1.056058 seconds (328.24 k allocations: 324.899 MiB)
66
  1.044869 seconds (161.28 k allocations: 163.656 MiB)
  1.017626 seconds (109.20 k allocations: 108.647 MiB)
7568
3816
  1.035256 seconds (134.73 k allocations: 137.899 MiB)
8817
  1.060616 seconds (216.59 k allocations: 218.464 MiB)
  1.038030 seconds (180.75 k allocations: 179.279 MiB)
6318
1318
  1.048013 seconds (230.18 k allocations: 228.569 MiB)
5067
  0.865637 seconds (553.24 k allocations: 545.057 MiB)
2567
  1.220918 seconds (154.11 k allocations: 153.362 MiB, 21.83% gc time)
  1.266719 seconds (319.14 k allocations: 313.716 MiB, 21.04% gc time)
  1.204335 seconds (115.28 k allocations: 114.972 MiB, 22.13% gc time)
  1.226338 seconds (165.64 k allocations: 165.672 MiB, 21.73% gc time)
  1.176806 seconds (58.80 k allocations: 58.583 MiB, 22.65% gc time)
  1.157954 seconds (39.76 k allocations: 39.078 MiB, 23.02% gc time)
  1.182522 seconds (67.09 k allocations: 67.835 MiB, 22.54% gc time)
6319
7569
67
1319
8818
5068
3817
  0.868870 seconds (407.77 k allocations: 398.784 MiB)
2568
  0.892404 seconds (97.03 k allocations: 99.987 MiB)
  0.889124 seconds (89.67 k allocations: 90.480 MiB)
  0.894770 seconds (103.25 k allocations: 107.243 MiB)
  0.893813 seconds (99.66 k allocations: 104.314 MiB)
8819
5069
3818
7570
  0.902491 seconds (158.17 k allocations: 158.843 MiB)
1320
  0.974862 seconds (396.54 k allocations: 391.603 MiB)
6320
  0.981046 seconds (412.23 k allocations: 406.384 MiB)
68
  0.882053 seconds (553.21 k allocations: 544.956 MiB)
2569
  1.520593 seconds (328.41 k allocations: 324.585 MiB, 31.03% gc time)  1.507455 seconds (299.79 k allocations: 293.782 MiB, 31.30% gc time)
  1.369385 seconds (109.49 k allocations: 109.451 MiB, 34.46% gc time)

  1.509110 seconds (302.24 k allocations: 296.058 MiB, 31.27% gc time)
  1.344551 seconds (83.20 k allocations: 81.787 MiB, 35.09% gc time)
  1.363375 seconds (100.18 k allocations: 99.321 MiB, 34.61% gc time)
  1.314289 seconds (60.26 k allocations: 58.741 MiB, 35.90% gc time)
6321
1321
3819
5070
8820
69
7571
  0.853845 seconds (486.53 k allocations: 474.172 MiB)
2570
  0.983136 seconds (82.13 k allocations: 82.042 MiB)
1322
  0.997832 seconds (115.99 k allocations: 121.547 MiB)
  0.988860 seconds (87.39 k allocations: 88.472 MiB)
6322
70
  1.005371 seconds (141.26 k allocations: 142.815 MiB)
  0.995989 seconds (140.07 k allocations: 140.189 MiB)
8821
7572
  1.010004 seconds (162.02 k allocations: 164.642 MiB)
3820
  1.022043 seconds (233.23 k allocations: 235.000 MiB)
5071
  0.831547 seconds (553.17 k allocations: 544.854 MiB)
2571
  1.205290 seconds (199.77 k allocations: 198.276 MiB, 24.28% gc time)
  1.178815 seconds (88.36 k allocations: 89.256 MiB, 24.83% gc time)
  1.205388 seconds (199.85 k allocations: 198.392 MiB, 24.28% gc time)
  1.172946 seconds (79.27 k allocations: 78.254 MiB, 24.95% gc time)
  1.179357 seconds (89.59 k allocations: 90.673 MiB, 24.81% gc time)
  1.209472 seconds (222.23 k allocations: 222.414 MiB, 24.20% gc time)
  1.172477 seconds (79.47 k allocations: 78.638 MiB, 24.96% gc time)
6323
7573
71
5072
1323
3821
8822
  0.842021 seconds (549.20 k allocations: 534.378 MiB)
2572
  0.835188 seconds (98.86 k allocations: 101.687 MiB)
6324
  0.843733 seconds (110.28 k allocations: 113.605 MiB)
72
  0.848106 seconds (123.79 k allocations: 128.782 MiB)
7574
  0.888208 seconds (279.56 k allocations: 272.696 MiB)
  0.888609 seconds (283.68 k allocations: 278.784 MiB)
3822
8823
  0.898631 seconds (327.98 k allocations: 323.438 MiB)
  0.898953 seconds (333.54 k allocations: 329.678 MiB)
1324
5073
  0.828973 seconds (553.16 k allocations: 544.810 MiB)
2573
  0.830027 seconds (423.36 k allocations: 416.697 MiB)
6325
  0.821261 seconds (331.60 k allocations: 325.432 MiB)
73
  0.842933 seconds (401.74 k allocations: 396.619 MiB)
7575
  1.792303 seconds (131.32 k allocations: 133.358 MiB, 13.84% gc time)
  1.793236 seconds (133.42 k allocations: 135.359 MiB, 13.83% gc time)
  1.782976 seconds (112.65 k allocations: 113.013 MiB, 13.91% gc time)
  1.781389 seconds (112.97 k allocations: 113.359 MiB, 13.93% gc time)
  1.056012 seconds (36.19 k allocations: 40.213 MiB, 23.49% gc time)
1325
8824
3823
2574
5074
  0.822129 seconds (342.46 k allocations: 336.301 MiB)
6326
  0.950866 seconds (186.88 k allocations: 187.168 MiB)
7576
  0.957100 seconds (202.09 k allocations: 203.938 MiB)
74
  0.974457 seconds (214.99 k allocations: 214.837 MiB)
8825
  0.974328 seconds (214.85 k allocations: 214.489 MiB)
2575
  0.970129 seconds (214.94 k allocations: 214.354 MiB)
1326
  1.275340 seconds (474.15 k allocations: 467.029 MiB)
3824
  1.441864 seconds (553.17 k allocations: 544.854 MiB)
5075
  0.824800 seconds (553.17 k allocations: 544.835 MiB)
6327
  1.829410 seconds (211.73 k allocations: 210.473 MiB, 22.29% gc time)
  1.859619 seconds (262.66 k allocations: 260.418 MiB, 21.93% gc time)
  1.822480 seconds (203.28 k allocations: 201.131 MiB, 22.38% gc time)  1.813177 seconds (197.80 k allocations: 194.629 MiB, 22.49% gc time)

  1.904298 seconds (404.15 k allocations: 397.049 MiB, 21.42% gc time)
  1.498830 seconds (118.92 k allocations: 116.902 MiB, 27.21% gc time)
  1.316718 seconds (40.06 k allocations: 39.401 MiB, 30.98% gc time)
2576
3825
75
8826
5076
1327
7577
  0.849712 seconds (196.26 k allocations: 195.162 MiB)
2577
  1.000334 seconds (308.67 k allocations: 306.184 MiB)
6328
  0.969839 seconds (149.04 k allocations: 148.295 MiB)
5077
  0.971530 seconds (159.89 k allocations: 159.670 MiB)
7578
  0.992177 seconds (201.05 k allocations: 203.719 MiB)
3826
  0.934251 seconds (275.84 k allocations: 270.121 MiB)
76
  1.033837 seconds (370.52 k allocations: 364.131 MiB)
8827
  1.020419 seconds (461.36 k allocations: 454.529 MiB)
1328
  0.834592 seconds (553.16 k allocations: 544.803 MiB)
2578
  1.386650 seconds (321.76 k allocations: 317.225 MiB, 23.16% gc time)
  1.345734 seconds (222.95 k allocations: 220.249 MiB, 23.87% gc time)
  1.329692 seconds (196.32 k allocations: 193.524 MiB, 24.16% gc time)  1.253564 seconds (78.08 k allocations: 78.189 MiB, 25.62% gc time)

  1.201101 seconds (19.50 k allocations: 19.723 MiB, 26.74% gc time)
  1.346810 seconds (224.77 k allocations: 221.953 MiB, 23.85% gc time)
  1.216504 seconds (32.13 k allocations: 33.055 MiB, 26.40% gc time)
6329
7579
8828
5078
3827
1329
77
  0.838738 seconds (342.05 k allocations: 335.889 MiB)
2579
  0.849485 seconds (80.28 k allocations: 80.267 MiB)
78
  0.889420 seconds (131.44 k allocations: 130.205 MiB)
8829
  0.896014 seconds (146.26 k allocations: 146.625 MiB)
5079
  0.891080 seconds (145.84 k allocations: 144.776 MiB)
1330
  0.903540 seconds (176.36 k allocations: 177.479 MiB)
3828
  0.956646 seconds (429.67 k allocations: 425.746 MiB)
6330
  0.976128 seconds (502.97 k allocations: 499.345 MiB)
7580
  0.834970 seconds (553.22 k allocations: 545.000 MiB)
2580
  1.473364 seconds (428.74 k allocations: 420.598 MiB, 34.20% gc time)
  1.418074 seconds (186.62 k allocations: 184.252 MiB, 35.53% gc time)
  1.425849 seconds (209.81 k allocations: 208.871 MiB, 35.34% gc time)
  1.411039 seconds (171.14 k allocations: 167.181 MiB, 35.71% gc time)
  1.420209 seconds (190.95 k allocations: 188.359 MiB, 35.48% gc time)
  1.343023 seconds (43.13 k allocations: 43.663 MiB, 37.52% gc time)
  1.338262 seconds (40.10 k allocations: 39.595 MiB, 37.65% gc time)
8830
5080
3829
1331
6331
79
7581
  0.830832 seconds (409.44 k allocations: 400.379 MiB)
2581
  0.937233 seconds (89.59 k allocations: 94.089 MiB)
6332
  0.937700 seconds (84.29 k allocations: 88.792 MiB)
7582
  0.940467 seconds (92.49 k allocations: 92.726 MiB)
80
  0.955506 seconds (150.82 k allocations: 149.577 MiB)
8831
  0.962561 seconds (187.55 k allocations: 185.728 MiB)
  0.965342 seconds (195.14 k allocations: 194.007 MiB)
3830
1332
  0.968708 seconds (210.70 k allocations: 210.311 MiB)
5081
  0.841128 seconds (553.40 k allocations: 545.590 MiB)
2582
  1.199624 seconds (281.69 k allocations: 278.202 MiB, 21.42% gc time)
  1.186276 seconds (199.26 k allocations: 196.833 MiB, 21.66% gc time)
  1.184750 seconds (192.55 k allocations: 190.472 MiB, 21.69% gc time)
  1.169648 seconds (126.42 k allocations: 125.941 MiB, 21.97% gc time)
  1.157565 seconds (86.86 k allocations: 86.894 MiB, 22.20% gc time)
  1.141194 seconds (59.73 k allocations: 58.506 MiB, 22.52% gc time)
  1.145817 seconds (63.28 k allocations: 63.157 MiB, 22.43% gc time)
7583
3831
5082
8832
1333
6333
81
  0.836930 seconds (473.55 k allocations: 461.750 MiB)
2583
  0.837803 seconds (85.59 k allocations: 89.036 MiB)
6334
  0.843637 seconds (93.47 k allocations: 97.531 MiB)
82
  0.887936 seconds (285.81 k allocations: 285.430 MiB)
  0.855355 seconds (123.85 k allocations: 123.772 MiB)
3832
7584
  0.888494 seconds (280.24 k allocations: 274.768 MiB)
8833
  0.892057 seconds (292.12 k allocations: 287.099 MiB)
1334
  0.897023 seconds (325.73 k allocations: 320.262 MiB)
5083
  0.835567 seconds (553.36 k allocations: 545.451 MiB)
2584
  1.192003 seconds (310.33 k allocations: 304.441 MiB, 19.77% gc time)
  1.199464 seconds (354.91 k allocations: 348.357 MiB, 19.65% gc time)
  1.182267 seconds (259.70 k allocations: 254.811 MiB, 19.94% gc time)
  1.160142 seconds (168.62 k allocations: 167.764 MiB, 20.32% gc time)
  1.136212 seconds (98.54 k allocations: 99.438 MiB, 20.74% gc time)
  1.127446 seconds (82.91 k allocations: 83.380 MiB, 20.90% gc time)
  1.121697 seconds (79.56 k allocations: 78.981 MiB, 21.01% gc time)
6335
7585
3833
5084
8834
83
1335
  0.837218 seconds (548.43 k allocations: 533.589 MiB)
2585
  0.847061 seconds (138.48 k allocations: 142.101 MiB)
7586
  0.842157 seconds (104.48 k allocations: 108.095 MiB)
84
  0.845986 seconds (111.90 k allocations: 116.180 MiB)
6336
  0.892551 seconds (296.44 k allocations: 291.298 MiB)
  0.893816 seconds (298.04 k allocations: 293.784 MiB)
5085
3834
  0.896058 seconds (301.30 k allocations: 297.915 MiB)
8835
  0.899869 seconds (317.52 k allocations: 314.417 MiB)
1336
  0.833194 seconds (553.31 k allocations: 545.298 MiB)
2586
  0.822246 seconds (411.75 k allocations: 404.675 MiB)
85
  0.832850 seconds (422.63 k allocations: 419.273 MiB)
7587
  0.827764 seconds (344.81 k allocations: 339.151 MiB)
6337
  1.832871 seconds (115.14 k allocations: 116.703 MiB, 12.77% gc time)
  1.834930 seconds (117.13 k allocations: 118.572 MiB, 12.76% gc time)
  1.839117 seconds (127.33 k allocations: 130.767 MiB, 12.73% gc time)
  1.103681 seconds (36.24 k allocations: 37.711 MiB, 21.21% gc time)
  1.830448 seconds (115.33 k allocations: 115.584 MiB, 12.79% gc time)
8836
1337
3835
5086
2587
  0.836933 seconds (313.07 k allocations: 308.138 MiB)
86
  0.845036 seconds (77.54 k allocations: 75.201 MiB)
2588
  0.960732 seconds (245.02 k allocations: 246.228 MiB)
  0.950315 seconds (185.49 k allocations: 188.509 MiB)
7588
6338
  0.962012 seconds (202.75 k allocations: 200.413 MiB)
  0.961793 seconds (203.59 k allocations: 201.240 MiB)
1338
8837
  0.966258 seconds (213.14 k allocations: 212.311 MiB)
3836
  0.978165 seconds (265.58 k allocations: 263.503 MiB)
5087
  0.835683 seconds (550.46 k allocations: 541.274 MiB)
87
  1.203011 seconds (513.52 k allocations: 505.699 MiB, 13.83% gc time)
  1.103633 seconds (195.17 k allocations: 193.895 MiB, 15.07% gc time)
  1.097693 seconds (164.63 k allocations: 163.432 MiB, 15.16% gc time)
  1.070882 seconds (62.91 k allocations: 63.695 MiB, 15.54% gc time)
  1.066848 seconds (57.47 k allocations: 57.363 MiB, 15.59% gc time)
  1.081275 seconds (92.65 k allocations: 93.526 MiB, 15.39% gc time)
  1.046825 seconds (39.94 k allocations: 39.462 MiB, 15.89% gc time)
5088
2589
7589
3837
8838
1339
6339
  0.839159 seconds (418.02 k allocations: 408.602 MiB)
88
  0.848370 seconds (132.22 k allocations: 133.657 MiB)
7590
  0.893804 seconds (184.38 k allocations: 185.752 MiB)
3838
  0.894043 seconds (178.29 k allocations: 178.483 MiB)
5089
  0.887773 seconds (163.79 k allocations: 164.347 MiB)
1340
  0.894600 seconds (209.34 k allocations: 207.682 MiB)
8839
  0.931650 seconds (305.47 k allocations: 300.690 MiB)
6340
  1.041130 seconds (425.48 k allocations: 421.401 MiB)
2590
  0.864417 seconds (553.15 k allocations: 544.778 MiB)
89
  1.183567 seconds (87.48 k allocations: 85.952 MiB, 25.51% gc time)
  1.513751 seconds (471.13 k allocations: 461.165 MiB, 19.95% gc time)
  1.149566 seconds (59.65 k allocations: 58.087 MiB, 26.27% gc time)
  1.202378 seconds (107.72 k allocations: 107.741 MiB, 25.11% gc time)
  1.412899 seconds (325.81 k allocations: 319.904 MiB, 21.37% gc time)
  1.206617 seconds (111.29 k allocations: 111.139 MiB, 25.02% gc time)
  1.186903 seconds (90.43 k allocations: 89.955 MiB, 25.44% gc time)
5090
6341
2591
3839
8840
7591
1341
  0.962916 seconds (32.42 k allocations: 35.935 MiB)
  0.965709 seconds (40.74 k allocations: 44.497 MiB)
7592
  0.968613 seconds (40.70 k allocations: 45.748 MiB)
6342
  0.970941 seconds (45.08 k allocations: 48.489 MiB)
2592
5091
  0.982995 seconds (99.42 k allocations: 100.256 MiB)
  0.986093 seconds (102.02 k allocations: 103.245 MiB)
1342
3840
  1.178189 seconds (939.12 k allocations: 919.281 MiB)
90
  1.209470 seconds (553.15 k allocations: 544.797 MiB)
8841
  0.832460 seconds (361.32 k allocations: 356.320 MiB)
7593
  1.545948 seconds (228.47 k allocations: 227.725 MiB, 15.99% gc time)
  1.543889 seconds (223.80 k allocations: 223.242 MiB, 16.01% gc time)
  1.533890 seconds (202.02 k allocations: 201.179 MiB, 16.12% gc time)
  1.270437 seconds (19.45 k allocations: 19.589 MiB, 19.46% gc time)
  1.463797 seconds (98.49 k allocations: 97.428 MiB, 16.89% gc time)
  1.491908 seconds (136.37 k allocations: 134.889 MiB, 16.57% gc time)
  1.527852 seconds (198.91 k allocations: 202.587 MiB, 16.18% gc time)
2593
8842
1343
3841
91
5092
6343
  0.829718 seconds (352.40 k allocations: 345.809 MiB)
7594
  0.838419 seconds (122.20 k allocations: 124.071 MiB)
92
  0.840938 seconds (123.90 k allocations: 126.674 MiB)
2594
  0.940871 seconds (248.20 k allocations: 245.373 MiB)
5093
  0.969150 seconds (294.67 k allocations: 294.527 MiB)
3842
  0.966333 seconds (282.53 k allocations: 281.487 MiB)
  0.964988 seconds (281.56 k allocations: 280.298 MiB)
8843
1344
  0.975971 seconds (416.10 k allocations: 408.847 MiB)
6344
  0.835094 seconds (553.20 k allocations: 544.930 MiB)
7595
  1.466422 seconds (452.75 k allocations: 446.622 MiB, 25.15% gc time)
  1.348192 seconds (178.82 k allocations: 177.058 MiB, 27.35% gc time)
  1.445049 seconds (434.69 k allocations: 428.139 MiB, 25.52% gc time)
  1.326223 seconds (109.80 k allocations: 108.550 MiB, 27.81% gc time)
  1.331678 seconds (121.00 k allocations: 120.496 MiB, 27.69% gc time)
  1.238716 seconds (43.48 k allocations: 47.482 MiB, 29.77% gc time)
  1.267139 seconds (62.65 k allocations: 67.044 MiB, 29.10% gc time)
3843
6345
8844
5094
2595
93
1345
  0.842009 seconds (440.73 k allocations: 430.325 MiB)
7596
  0.852229 seconds (173.43 k allocations: 175.506 MiB)
6346
  0.875909 seconds (178.81 k allocations: 178.002 MiB)
3844
  0.879348 seconds (182.31 k allocations: 183.562 MiB)
8845
  0.895868 seconds (237.97 k allocations: 235.341 MiB)
1346
  0.960000 seconds (408.76 k allocations: 403.468 MiB)
5095
  1.284004 seconds (475.81 k allocations: 469.836 MiB)
2596
  1.315556 seconds (490.50 k allocations: 483.654 MiB)
94
  0.832615 seconds (553.37 k allocations: 545.489 MiB)
7597
  1.527365 seconds (98.69 k allocations: 96.716 MiB, 26.68% gc time)  1.940637 seconds (217.90 k allocations: 214.418 MiB, 21.00% gc time)
  2.017840 seconds (362.77 k allocations: 357.003 MiB, 20.19% gc time)
  1.944607 seconds (219.62 k allocations: 217.263 MiB, 20.96% gc time)

  1.985726 seconds (289.26 k allocations: 285.156 MiB, 20.52% gc time)
  2.031226 seconds (390.81 k allocations: 385.750 MiB, 20.06% gc time)
  1.453235 seconds (63.80 k allocations: 67.462 MiB, 28.04% gc time)
2597
1347
3845
8846
5096
6347
95
  0.834887 seconds (499.11 k allocations: 486.197 MiB)
7598
  0.841986 seconds (143.84 k allocations: 142.572 MiB)
6348
  0.942838 seconds (197.87 k allocations: 195.285 MiB)
1348
  0.962745 seconds (222.12 k allocations: 221.981 MiB)
3846
  0.966364 seconds (230.43 k allocations: 230.902 MiB)
8847
  0.975034 seconds (261.24 k allocations: 261.387 MiB)
5097
  1.278738 seconds (474.29 k allocations: 467.454 MiB)
96
  1.334328 seconds (539.06 k allocations: 531.660 MiB)
2598
  0.832520 seconds (553.18 k allocations: 544.867 MiB)
7599
  1.351059 seconds (250.14 k allocations: 248.535 MiB, 8.20% gc time)
  1.354676 seconds (260.48 k allocations: 259.669 MiB, 8.18% gc time)
  1.339522 seconds (237.14 k allocations: 233.643 MiB, 8.27% gc time)
  1.347822 seconds (244.74 k allocations: 242.126 MiB, 8.22% gc time)
  1.364439 seconds (305.43 k allocations: 303.854 MiB, 8.12% gc time)
  0.931275 seconds (79.28 k allocations: 78.177 MiB, 11.90% gc time)
  0.977136 seconds (139.68 k allocations: 137.483 MiB, 11.34% gc time)
1349
2599
5098
8848
3847
6349
97
  0.835486 seconds (548.13 k allocations: 533.341 MiB)
7600
  0.835935 seconds (211.38 k allocations: 211.845 MiB)
2600
  0.941520 seconds (202.49 k allocations: 200.615 MiB)
1350
  0.946694 seconds (206.07 k allocations: 203.808 MiB)
3848
  0.948390 seconds (208.70 k allocations: 207.352 MiB)
  0.947887 seconds (208.36 k allocations: 207.292 MiB)
8849
6350
  1.204230 seconds (474.15 k allocations: 467.010 MiB)
5099
  1.274054 seconds (553.18 k allocations: 544.867 MiB)
98
  0.831299 seconds (553.18 k allocations: 544.892 MiB)
7601
  0.832396 seconds (257.80 k allocations: 254.619 MiB)
  0.838482 seconds (260.71 k allocations: 259.623 MiB)
  0.841169 seconds (260.01 k allocations: 259.891 MiB)
6351
8850
3849
  0.980735 seconds (414.72 k allocations: 411.471 MiB)
  1.496318 seconds (212.95 k allocations: 211.675 MiB, 9.68% gc time)
  1.747333 seconds (292.14 k allocations: 289.711 MiB, 8.29% gc time)
  1.368294 seconds (134.60 k allocations: 134.809 MiB, 10.58% gc time)
  1.070274 seconds (55.60 k allocations: 56.982 MiB, 13.53% gc time)
2601
5100
1351
7602
99
  0.856001 seconds (261.96 k allocations: 259.256 MiB)
8851
  0.841327 seconds (70.95 k allocations: 73.784 MiB)
7603
  0.844123 seconds (116.44 k allocations: 113.422 MiB)
100
  0.933373 seconds (221.41 k allocations: 219.740 MiB)
1352
  0.959073 seconds (294.33 k allocations: 294.199 MiB)
3850
  0.947495 seconds (251.26 k allocations: 250.272 MiB)
5101
  0.945381 seconds (254.19 k allocations: 252.849 MiB)
2602
  0.974701 seconds (361.18 k allocations: 361.122 MiB)
6352
  0.872325 seconds (499.68 k allocations: 491.697 MiB)
8852
  0.834931 seconds (446.15 k allocations: 440.256 MiB)
7604
  1.052880 seconds (114.03 k allocations: 114.760 MiB, 14.51% gc time)
  1.045044 seconds (93.76 k allocations: 94.153 MiB, 14.62% gc time)
  1.056278 seconds (125.64 k allocations: 127.110 MiB, 14.46% gc time)
  1.055047 seconds (120.73 k allocations: 122.400 MiB, 14.48% gc time)
  1.019174 seconds (51.78 k allocations: 52.731 MiB, 14.99% gc time)
  1.008907 seconds (42.44 k allocations: 42.577 MiB, 15.14% gc time)
2603
101
1353
5102
3851
6353
  0.832780 seconds (304.66 k allocations: 300.142 MiB)
7605
  0.851318 seconds (134.85 k allocations: 137.352 MiB)
102
  0.836815 seconds (93.93 k allocations: 94.311 MiB)
2604
  0.833110 seconds (112.32 k allocations: 111.672 MiB)
  0.879762 seconds (231.37 k allocations: 233.008 MiB)
8853
6354
  0.866295 seconds (160.85 k allocations: 163.747 MiB)
3852
  0.870773 seconds (184.60 k allocations: 187.482 MiB)
1354
  0.864389 seconds (176.03 k allocations: 177.751 MiB)
5103
  0.834385 seconds (553.16 k allocations: 544.829 MiB)
7606
  0.973532 seconds (70.48 k allocations: 69.687 MiB, 11.73% gc time)
  1.052236 seconds (267.23 k allocations: 264.089 MiB, 10.86% gc time)
  1.008207 seconds (110.57 k allocations: 110.479 MiB, 11.33% gc time)
  1.008959 seconds (111.38 k allocations: 111.297 MiB, 11.32% gc time)
  1.021811 seconds (136.34 k allocations: 137.624 MiB, 11.18% gc time)
  0.936066 seconds (39.47 k allocations: 38.741 MiB, 12.20% gc time)
  0.972190 seconds (69.81 k allocations: 69.038 MiB, 11.75% gc time)
2605
6355
103
3853
5104
1355
8854
  0.832974 seconds (411.96 k allocations: 402.791 MiB)
7607
  0.840162 seconds (118.47 k allocations: 121.735 MiB)
2606
  0.843844 seconds (122.50 k allocations: 126.582 MiB)
6356
  0.845659 seconds (130.26 k allocations: 128.874 MiB)
104
  0.864965 seconds (178.01 k allocations: 178.042 MiB)
5105
  0.865724 seconds (187.23 k allocations: 187.848 MiB)
3854
  0.869849 seconds (209.51 k allocations: 210.145 MiB)
1356
  0.867954 seconds (240.90 k allocations: 238.694 MiB)
8855
  0.863301 seconds (553.17 k allocations: 544.848 MiB)
7608
  1.107806 seconds (301.30 k allocations: 295.430 MiB, 10.49% gc time)
  1.106835 seconds (296.93 k allocations: 291.241 MiB, 10.50% gc time)
  1.067616 seconds (135.81 k allocations: 134.609 MiB, 10.89% gc time)
  1.064925 seconds (131.93 k allocations: 129.647 MiB, 10.92% gc time)  1.067619 seconds (135.81 k allocations: 134.609 MiB, 10.89% gc time)
  0.983946 seconds (59.69 k allocations: 58.066 MiB, 11.81% gc time)

  1.000058 seconds (73.09 k allocations: 72.187 MiB, 11.62% gc time)
2607
8856
3855
5106
1357
6357
105
  0.864840 seconds (482.49 k allocations: 470.296 MiB)
7609
  0.850994 seconds (81.26 k allocations: 81.208 MiB)
3856
  0.853774 seconds (86.68 k allocations: 87.393 MiB)
8857
  0.854079 seconds (89.07 k allocations: 90.681 MiB)
  0.856413 seconds (92.12 k allocations: 95.167 MiB)
1358
5107
  0.861946 seconds (115.05 k allocations: 119.057 MiB)
2608
  0.870634 seconds (163.98 k allocations: 170.537 MiB)
106
  0.863536 seconds (176.14 k allocations: 177.039 MiB)
6358
  0.871445 seconds (549.07 k allocations: 539.342 MiB)
7610
  0.822571 seconds (100.92 k allocations: 104.924 MiB)
3857
  0.832813 seconds (103.88 k allocations: 106.292 MiB)
  0.832146 seconds (99.69 k allocations: 103.245 MiB)
8858
5108
  0.836434 seconds (110.46 k allocations: 112.093 MiB)
  1.224059 seconds (114.11 k allocations: 116.251 MiB, 27.12% gc time)
  1.186610 seconds (76.80 k allocations: 78.139 MiB, 27.98% gc time)
  1.216814 seconds (102.51 k allocations: 104.014 MiB, 27.28% gc time)
1359
2609
6359
107
  0.841014 seconds (249.05 k allocations: 246.894 MiB)
3858
  0.884914 seconds (279.85 k allocations: 276.138 MiB)
7611
  0.863351 seconds (111.72 k allocations: 114.999 MiB)
8859
  0.864712 seconds (111.75 k allocations: 114.765 MiB)
5109
  0.868238 seconds (119.60 k allocations: 123.312 MiB)
1360
  0.865200 seconds (116.03 k allocations: 117.195 MiB)
  0.864832 seconds (119.35 k allocations: 120.928 MiB)
2610
108
  0.867168 seconds (134.03 k allocations: 136.466 MiB)
6360
  0.965798 seconds (535.14 k allocations: 525.738 MiB)
3859
  0.883897 seconds (36.97 k allocations: 38.792 MiB)
  0.901987 seconds (90.94 k allocations: 94.187 MiB)
2611
109
  0.897780 seconds (63.62 k allocations: 68.755 MiB)
  0.895667 seconds (51.73 k allocations: 56.594 MiB)
5110
1361
  0.901904 seconds (54.77 k allocations: 58.588 MiB)
6361
  0.966855 seconds (185.69 k allocations: 191.023 MiB)
7612
  0.927351 seconds (75.88 k allocations: 79.575 MiB)
8860
  0.884428 seconds (211.07 k allocations: 210.535 MiB)
1362
  0.874927 seconds (32.13 k allocations: 32.955 MiB)
6362
  0.889857 seconds (105.59 k allocations: 110.380 MiB)
  0.882549 seconds (52.34 k allocations: 59.126 MiB)
3860
5111
  0.880313 seconds (49.09 k allocations: 52.181 MiB)
8861
  0.889534 seconds (91.36 k allocations: 96.054 MiB)
2612
  0.894056 seconds (128.27 k allocations: 129.945 MiB)
  0.886250 seconds (123.33 k allocations: 124.377 MiB)
110
7613
  0.883324 seconds (256.91 k allocations: 254.417 MiB)
1363
  0.881140 seconds (105.70 k allocations: 108.273 MiB)
5112
  0.885336 seconds (116.45 k allocations: 119.568 MiB)
  0.882675 seconds (104.83 k allocations: 107.226 MiB)
3861
6363
  0.996423 seconds (85.54 k allocations: 89.503 MiB, 10.07% gc time)
  0.986126 seconds (64.61 k allocations: 65.795 MiB, 10.17% gc time)
  0.989706 seconds (68.36 k allocations: 71.831 MiB, 10.14% gc time)
  0.985582 seconds (65.41 k allocations: 66.705 MiB, 10.18% gc time)
111
7614
8862
2613
  0.881233 seconds (380.93 k allocations: 373.114 MiB)
1364
  0.880703 seconds (121.03 k allocations: 121.746 MiB)
  0.889480 seconds (157.32 k allocations: 158.926 MiB)
5113
  0.892832 seconds (134.62 k allocations: 138.001 MiB)
6364
3862
  0.883268 seconds (110.47 k allocations: 112.263 MiB)
2614
  0.886463 seconds (119.33 k allocations: 121.734 MiB)
8863
  0.898268 seconds (173.62 k allocations: 177.155 MiB)
7615
  0.893219 seconds (302.57 k allocations: 297.914 MiB)
112
  0.890828 seconds (552.14 k allocations: 542.099 MiB)
1365
  1.178916 seconds (276.57 k allocations: 273.052 MiB, 8.88% gc time)
  1.167133 seconds (250.89 k allocations: 247.234 MiB, 8.97% gc time)
  1.130736 seconds (198.56 k allocations: 195.916 MiB, 9.26% gc time)
  1.125953 seconds (194.32 k allocations: 190.626 MiB, 9.30% gc time)
  1.053718 seconds (117.87 k allocations: 116.234 MiB, 9.94% gc time)
  0.984147 seconds (61.16 k allocations: 59.816 MiB, 10.64% gc time)
  1.023538 seconds (93.53 k allocations: 92.048 MiB, 10.23% gc time)
6365
2615
5114
8864
113
7616
3863
  0.884312 seconds (480.30 k allocations: 468.190 MiB)
1366
  0.889047 seconds (95.07 k allocations: 98.100 MiB)
  0.890037 seconds (96.67 k allocations: 100.408 MiB)
6366
2616
  0.890758 seconds (93.16 k allocations: 97.018 MiB)
8865
  0.890598 seconds (98.33 k allocations: 100.502 MiB)
5115
  0.901003 seconds (128.18 k allocations: 133.721 MiB)
114
  0.894865 seconds (132.66 k allocations: 134.147 MiB)
3864
  0.907805 seconds (187.01 k allocations: 188.354 MiB)
7617
  0.887090 seconds (553.33 k allocations: 545.356 MiB)
1367
  0.880618 seconds (250.98 k allocations: 249.749 MiB)
8866
  0.885507 seconds (246.92 k allocations: 245.610 MiB)
115
  0.888538 seconds (222.05 k allocations: 221.614 MiB)
7618
  1.989379 seconds (110.31 k allocations: 110.731 MiB, 21.64% gc time)
  2.107724 seconds (206.34 k allocations: 206.293 MiB, 20.43% gc time)
  1.989943 seconds (110.55 k allocations: 110.978 MiB, 21.64% gc time)
  2.003482 seconds (123.44 k allocations: 125.740 MiB, 21.49% gc time)
  1.307004 seconds (31.66 k allocations: 33.234 MiB, 32.94% gc time)
3865
5116
1368
2617
6367
  0.874211 seconds (332.76 k allocations: 327.017 MiB)
8867
  0.965871 seconds (93.05 k allocations: 93.709 MiB)
1369
  0.968910 seconds (95.32 k allocations: 96.860 MiB)
6368
  0.969863 seconds (97.07 k allocations: 99.520 MiB)
2618
  0.980203 seconds (134.65 k allocations: 141.390 MiB)
116
  0.976551 seconds (122.90 k allocations: 126.192 MiB)
7619
  0.972750 seconds (134.50 k allocations: 137.086 MiB)
  0.966273 seconds (135.41 k allocations: 137.687 MiB)
3866
5117
  0.881135 seconds (553.20 k allocations: 544.930 MiB)
8868
  1.057489 seconds (111.66 k allocations: 115.213 MiB, 12.10% gc time)
  1.053675 seconds (95.40 k allocations: 97.183 MiB, 12.14% gc time)
  1.054734 seconds (99.43 k allocations: 101.048 MiB, 12.13% gc time)
  1.048451 seconds (77.93 k allocations: 79.212 MiB, 12.21% gc time)
  1.041424 seconds (69.30 k allocations: 68.529 MiB, 12.29% gc time)
  1.011404 seconds (39.96 k allocations: 39.296 MiB, 12.65% gc time)
  1.046405 seconds (74.92 k allocations: 75.337 MiB, 12.23% gc time)
5118
3867
2619
6369
7620
1370
117
  0.881985 seconds (390.03 k allocations: 381.798 MiB)
8869
  0.887699 seconds (79.02 k allocations: 77.812 MiB)
7621
  0.891793 seconds (80.24 k allocations: 79.989 MiB)
  0.891997 seconds (81.16 k allocations: 81.648 MiB)
6370
  0.891419 seconds (83.30 k allocations: 84.902 MiB)
1371
  0.892630 seconds (85.54 k allocations: 88.053 MiB)
  0.893753 seconds (85.66 k allocations: 88.146 MiB)
5119
118
2620
  0.893487 seconds (93.99 k allocations: 98.557 MiB)
3868
  0.900862 seconds (553.38 k allocations: 545.508 MiB)
8870
  1.426327 seconds (84.91 k allocations: 83.490 MiB, 36.23% gc time)
  1.436652 seconds (91.71 k allocations: 91.237 MiB, 35.97% gc time)
  1.437254 seconds (92.05 k allocations: 91.552 MiB, 35.95% gc time)
  1.434746 seconds (90.73 k allocations: 90.293 MiB, 36.01% gc time)
  1.438034 seconds (92.73 k allocations: 92.222 MiB, 35.93% gc time)
  1.436831 seconds (92.48 k allocations: 92.540 MiB, 35.96% gc time)
  1.396231 seconds (60.99 k allocations: 60.463 MiB, 37.01% gc time)
5120
1372
119
3869
6371
2621
7622
  0.879788 seconds (488.55 k allocations: 476.105 MiB)
8871
  0.908991 seconds (80.80 k allocations: 80.772 MiB)
7623
  0.963972 seconds (157.57 k allocations: 160.534 MiB)
6372
  0.966778 seconds (159.90 k allocations: 163.729 MiB)
120
  0.956438 seconds (141.43 k allocations: 140.908 MiB)
2622
  0.971389 seconds (179.09 k allocations: 180.357 MiB)
  0.972769 seconds (181.77 k allocations: 182.982 MiB)
1373
3870
  1.017595 seconds (427.61 k allocations: 420.223 MiB)
5121
  0.888098 seconds (553.35 k allocations: 545.425 MiB)
8872
  1.578560 seconds (400.12 k allocations: 393.439 MiB, 36.42% gc time)
  1.530499 seconds (211.20 k allocations: 209.203 MiB, 37.56% gc time)
  1.525107 seconds (201.51 k allocations: 198.696 MiB, 37.70% gc time)
  1.454555 seconds (79.22 k allocations: 78.035 MiB, 39.52% gc time)
  1.532549 seconds (215.38 k allocations: 214.473 MiB, 37.51% gc time)
  1.477718 seconds (106.80 k allocations: 105.658 MiB, 38.90% gc time)
  1.476014 seconds (104.68 k allocations: 103.745 MiB, 38.95% gc time)
1374
6373
3871
5122
7624
2623
121
  0.878650 seconds (547.48 k allocations: 532.586 MiB)
8873
  0.952448 seconds (79.36 k allocations: 79.389 MiB)
1375
  0.952847 seconds (80.52 k allocations: 80.271 MiB)
  0.955619 seconds (82.44 k allocations: 84.685 MiB)
  0.957700 seconds (87.30 k allocations: 90.606 MiB)
2624
3872
6374
  0.955200 seconds (95.37 k allocations: 97.439 MiB)
  0.962623 seconds (108.21 k allocations: 115.417 MiB)
122
5123
  0.965770 seconds (139.86 k allocations: 144.475 MiB)
7625
  0.877865 seconds (553.22 k allocations: 544.987 MiB)
8874
  0.880671 seconds (101.65 k allocations: 104.400 MiB)
  0.877380 seconds (89.33 k allocations: 89.623 MiB)
1376
123
  0.883001 seconds (98.01 k allocations: 102.885 MiB)
  0.881528 seconds (91.42 k allocations: 93.378 MiB)
  0.881986 seconds (91.82 k allocations: 93.829 MiB)
  0.887113 seconds (104.82 k allocations: 110.272 MiB)
3873
5124
2625
6375
  0.885679 seconds (93.01 k allocations: 97.228 MiB)
7626
  0.984864 seconds (96.13 k allocations: 98.970 MiB, 10.77% gc time)
8875
  0.868620 seconds (235.98 k allocations: 234.412 MiB)
5125
  0.876722 seconds (79.03 k allocations: 77.851 MiB)
8876
  0.968165 seconds (171.81 k allocations: 171.326 MiB)
2626
  0.970318 seconds (173.06 k allocations: 173.531 MiB)
124
  0.976848 seconds (188.88 k allocations: 190.847 MiB)
  0.973687 seconds (182.90 k allocations: 184.841 MiB)
3874
1377
  0.983458 seconds (224.62 k allocations: 225.815 MiB)
  0.979482 seconds (223.22 k allocations: 224.196 MiB)
7627
6376
  0.876216 seconds (553.19 k allocations: 544.911 MiB)
5126
  1.079966 seconds (513.42 k allocations: 505.592 MiB, 9.05% gc time)
  0.993293 seconds (71.12 k allocations: 72.727 MiB, 9.84% gc time)
  0.998831 seconds (96.81 k allocations: 98.520 MiB, 9.78% gc time)
  0.987923 seconds (53.10 k allocations: 54.232 MiB, 9.89% gc time)
  0.997352 seconds (89.29 k allocations: 91.333 MiB, 9.80% gc time)
  0.979738 seconds (39.66 k allocations: 38.972 MiB, 9.97% gc time)
  0.981748 seconds (39.90 k allocations: 40.430 MiB, 9.95% gc time)
3875
8877
125
1378
2627
7628
6377
  0.872129 seconds (399.66 k allocations: 391.036 MiB)
5127
  0.951105 seconds (112.14 k allocations: 115.628 MiB)
8878
  0.954328 seconds (110.29 k allocations: 113.599 MiB)
  0.957220 seconds (118.78 k allocations: 122.973 MiB)
7629
3876
  0.955085 seconds (121.15 k allocations: 122.613 MiB)
  0.956064 seconds (122.77 k allocations: 124.354 MiB)
6378
  0.956892 seconds (127.44 k allocations: 130.545 MiB)
2628
1379
  0.951283 seconds (251.94 k allocations: 249.538 MiB)
126
  0.884874 seconds (553.31 k allocations: 545.298 MiB)
5128
  0.870671 seconds (219.34 k allocations: 219.456 MiB)
8879
  0.872738 seconds (153.40 k allocations: 153.659 MiB)
6379
  0.882457 seconds (185.86 k allocations: 187.037 MiB)
3877
  0.875756 seconds (153.65 k allocations: 153.534 MiB)
2629
  0.893359 seconds (199.62 k allocations: 202.160 MiB)
  0.882128 seconds (162.33 k allocations: 162.975 MiB)
1380
7630
  0.877210 seconds (174.03 k allocations: 174.804 MiB)
127
  0.878340 seconds (521.58 k allocations: 508.601 MiB)
5129
  0.888668 seconds (224.05 k allocations: 223.987 MiB)
7631
  1.550192 seconds (225.50 k allocations: 225.112 MiB, 26.59% gc time)
  1.420667 seconds (151.60 k allocations: 152.170 MiB, 29.02% gc time)
  1.407959 seconds (144.87 k allocations: 144.528 MiB, 29.28% gc time)
  1.388795 seconds (135.41 k allocations: 133.103 MiB, 29.68% gc time)
  1.393392 seconds (139.14 k allocations: 138.173 MiB, 29.58% gc time)
  1.293504 seconds (56.46 k allocations: 55.437 MiB, 31.87% gc time)
  1.342078 seconds (98.24 k allocations: 97.431 MiB, 30.71% gc time)
8880
3878
5130
2630
1381
6380
128
  0.783338 seconds (462.58 k allocations: 451.244 MiB)
7632
  0.893376 seconds (179.92 k allocations: 181.721 MiB)
129
  0.888712 seconds (98.80 k allocations: 97.774 MiB)
5131
  0.957536 seconds (237.08 k allocations: 233.546 MiB)
2631
  0.959712 seconds (238.29 k allocations: 235.689 MiB)
  0.960823 seconds (239.30 k allocations: 237.467 MiB)
1382
3879
  0.962541 seconds (243.67 k allocations: 242.797 MiB)
6381
  0.965301 seconds (253.79 k allocations: 253.471 MiB)
8881
  0.886179 seconds (553.18 k allocations: 544.879 MiB)
7633
  0.872948 seconds (490.22 k allocations: 483.595 MiB)
130
  0.878498 seconds (498.17 k allocations: 490.974 MiB)
5132
  0.862437 seconds (248.13 k allocations: 246.564 MiB)
2632
  0.862729 seconds (243.48 k allocations: 240.629 MiB)
6382
  0.866816 seconds (249.36 k allocations: 247.258 MiB)
1383
  0.878640 seconds (287.16 k allocations: 288.090 MiB)
3880
  0.881550 seconds (311.94 k allocations: 309.141 MiB)
8882
  0.883180 seconds (553.19 k allocations: 544.899 MiB)
7634
  0.839936 seconds (497.25 k allocations: 490.380 MiB)
131
  0.876407 seconds (519.50 k allocations: 510.504 MiB)
5133
  1.962887 seconds (181.50 k allocations: 182.834 MiB, 9.55% gc time)
  1.957498 seconds (162.04 k allocations: 161.753 MiB, 9.57% gc time)
  1.961110 seconds (174.03 k allocations: 174.485 MiB, 9.56% gc time)
  1.952816 seconds (151.89 k allocations: 150.872 MiB, 9.60% gc time)
  1.943282 seconds (142.48 k allocations: 140.853 MiB, 9.64% gc time)
  1.211239 seconds (63.76 k allocations: 63.568 MiB, 15.47% gc time)
2633
7635
1384
6383
3881
8883
  0.890817 seconds (465.36 k allocations: 453.916 MiB)
132
  0.807169 seconds (1.90 k allocations: 2.837 MiB)
7636
  0.956128 seconds (197.07 k allocations: 200.374 MiB)
5134
  0.960178 seconds (172.91 k allocations: 170.904 MiB)
  0.961259 seconds (173.95 k allocations: 172.635 MiB)
  0.960750 seconds (174.16 k allocations: 173.008 MiB)
  0.961040 seconds (176.51 k allocations: 177.536 MiB)
3882
2634
1385
6384
  0.966018 seconds (196.37 k allocations: 197.680 MiB)
8884
  0.880443 seconds (475.51 k allocations: 469.937 MiB)
133
  0.886736 seconds (483.72 k allocations: 477.527 MiB)
7637
  0.878276 seconds (252.25 k allocations: 251.921 MiB)
5135
  0.878674 seconds (190.44 k allocations: 191.279 MiB)
2635
  0.881839 seconds (196.55 k allocations: 198.130 MiB)
3883
  0.880509 seconds (195.46 k allocations: 195.638 MiB)
1386
  0.874401 seconds (202.48 k allocations: 202.102 MiB)
6385
  0.888506 seconds (240.47 k allocations: 240.673 MiB)
8885
  0.858097 seconds (483.58 k allocations: 477.238 MiB)
134
  0.880788 seconds (514.39 k allocations: 506.508 MiB)
7638
  2.172383 seconds (173.06 k allocations: 171.330 MiB, 31.48% gc time)  2.247124 seconds (240.91 k allocations: 238.695 MiB, 30.43% gc time)

  2.170499 seconds (172.05 k allocations: 170.323 MiB, 31.51% gc time)
  2.330329 seconds (338.32 k allocations: 333.107 MiB, 29.34% gc time)
  2.126655 seconds (136.99 k allocations: 135.507 MiB, 32.16% gc time)
  2.123155 seconds (136.24 k allocations: 133.944 MiB, 32.21% gc time)
  1.555339 seconds (28.20 k allocations: 27.534 MiB, 43.97% gc time)
8886
2636
6386
5136
1387
3884
135
  0.784231 seconds (476.38 k allocations: 464.447 MiB)
7639
  0.962878 seconds (115.48 k allocations: 118.844 MiB)
5137
  0.963629 seconds (109.53 k allocations: 114.129 MiB)
8887
  0.957548 seconds (89.77 k allocations: 92.561 MiB)
3885
  0.963798 seconds (106.40 k allocations: 111.900 MiB)
6387
  0.965824 seconds (147.94 k allocations: 147.752 MiB)
2637
  0.965921 seconds (159.58 k allocations: 159.891 MiB)
1388
  0.977914 seconds (198.00 k allocations: 200.064 MiB)
136
  0.885915 seconds (553.18 k allocations: 544.879 MiB)
7640
  0.841876 seconds (148.68 k allocations: 149.375 MiB)
6388
  0.838486 seconds (105.80 k allocations: 105.693 MiB)
2638
  0.850768 seconds (130.96 k allocations: 130.753 MiB)
1389
  0.842056 seconds (127.96 k allocations: 127.652 MiB)
137
  0.882942 seconds (250.34 k allocations: 253.130 MiB)
  0.876235 seconds (210.06 k allocations: 212.333 MiB)
5138
3886
  0.885057 seconds (264.22 k allocations: 264.699 MiB)
8888
  0.874657 seconds (553.18 k allocations: 544.879 MiB)
7641
  0.855744 seconds (278.12 k allocations: 275.717 MiB)
6389
  0.866897 seconds (185.58 k allocations: 186.929 MiB)
2639
  0.858499 seconds (128.27 k allocations: 131.815 MiB)
1390
  0.871216 seconds (132.74 k allocations: 134.653 MiB)
  0.871263 seconds (132.14 k allocations: 134.128 MiB)
  0.873473 seconds (130.20 k allocations: 132.694 MiB)
5139
3887
138
  0.875731 seconds (139.96 k allocations: 142.190 MiB)
8889
  1.349145 seconds (202.49 k allocations: 200.787 MiB, 29.69% gc time)
7642
  0.886162 seconds (179.88 k allocations: 179.500 MiB)
5140
  0.890424 seconds (69.83 k allocations: 67.847 MiB)
7643
  0.967225 seconds (190.79 k allocations: 189.477 MiB)
3888
  1.010402 seconds (380.64 k allocations: 377.023 MiB)
6390
  0.974307 seconds (207.46 k allocations: 208.610 MiB)
8890
  0.973837 seconds (215.25 k allocations: 215.799 MiB)
1391
  0.995493 seconds (280.59 k allocations: 281.746 MiB)
2640
  0.979060 seconds (259.26 k allocations: 259.046 MiB)
139
  0.886057 seconds (542.81 k allocations: 534.278 MiB)
5141
  0.888147 seconds (528.23 k allocations: 518.179 MiB)
7644
  0.882703 seconds (208.78 k allocations: 209.143 MiB)
3889
  0.886124 seconds (200.50 k allocations: 200.993 MiB)
  0.895364 seconds (220.88 k allocations: 222.320 MiB)
8891
6391
  0.884058 seconds (195.62 k allocations: 197.072 MiB)
2641
  0.886802 seconds (214.42 k allocations: 214.807 MiB)
140
  0.882832 seconds (222.50 k allocations: 222.310 MiB)
1392
  0.875156 seconds (535.20 k allocations: 526.627 MiB)
5142
  0.886401 seconds (542.23 k allocations: 533.349 MiB)
7645
  0.874109 seconds (301.52 k allocations: 297.861 MiB)
3890
  1.949009 seconds (228.35 k allocations: 227.613 MiB, 14.22% gc time)
  1.908026 seconds (147.15 k allocations: 146.270 MiB, 14.53% gc time)
  1.929295 seconds (189.04 k allocations: 188.794 MiB, 14.37% gc time)
  1.908183 seconds (147.35 k allocations: 146.505 MiB, 14.53% gc time)
  1.158451 seconds (61.47 k allocations: 60.584 MiB, 23.93% gc time)
  1.888927 seconds (141.28 k allocations: 140.087 MiB, 14.68% gc time)
5143
8892
2642
141
1393
6392
  0.801781 seconds (466.95 k allocations: 455.434 MiB)
7646
  0.895924 seconds (143.67 k allocations: 145.836 MiB)
5144
  0.973703 seconds (230.17 k allocations: 230.812 MiB)
3891
  0.977413 seconds (221.47 k allocations: 222.244 MiB)
8893
  0.991326 seconds (248.04 k allocations: 247.426 MiB)
  0.985527 seconds (242.08 k allocations: 240.173 MiB)
2643
  0.988930 seconds (245.24 k allocations: 243.402 MiB)
6393
1394
  1.003816 seconds (475.92 k allocations: 467.186 MiB)
142
  0.908774 seconds (553.15 k allocations: 544.784 MiB)
7647
  0.897880 seconds (553.15 k allocations: 544.772 MiB)
5145
  0.893788 seconds (367.78 k allocations: 363.479 MiB)
3892
  0.894955 seconds (336.21 k allocations: 333.023 MiB)
8894
  0.897945 seconds (339.06 k allocations: 334.566 MiB)
2644
  0.878376 seconds (331.91 k allocations: 327.485 MiB)
1395
  0.890140 seconds (425.53 k allocations: 418.052 MiB)
6394
  0.901994 seconds (447.99 k allocations: 440.536 MiB)
143
  0.902491 seconds (553.19 k allocations: 544.911 MiB)
7648
  0.898125 seconds (553.20 k allocations: 544.943 MiB)
5146
  2.113033 seconds (411.95 k allocations: 405.563 MiB, 20.29% gc time)
  2.089588 seconds (375.30 k allocations: 368.285 MiB, 20.51% gc time)
  1.958902 seconds (146.66 k allocations: 144.812 MiB, 21.88% gc time)
  1.959972 seconds (147.75 k allocations: 145.854 MiB, 21.87% gc time)
  1.987802 seconds (207.22 k allocations: 205.188 MiB, 21.56% gc time)
  1.417809 seconds (57.01 k allocations: 55.633 MiB, 30.23% gc time)
  1.946003 seconds (136.36 k allocations: 134.088 MiB, 22.03% gc time)
144
2645
7649
1396
6395
8895
3893
  0.882556 seconds (477.05 k allocations: 465.108 MiB)
5147
  0.865888 seconds (98.98 k allocations: 103.084 MiB)
7650
  0.994111 seconds (166.16 k allocations: 167.172 MiB)
6396
  0.999621 seconds (174.46 k allocations: 177.326 MiB)
145
  0.991107 seconds (163.71 k allocations: 163.130 MiB)
  0.997997 seconds (169.26 k allocations: 171.855 MiB)
3894
8896
  0.995904 seconds (170.49 k allocations: 171.605 MiB)
2646
  0.998847 seconds (184.97 k allocations: 187.690 MiB)
1397
  0.884326 seconds (553.22 k allocations: 545.006 MiB)
5148
  0.889139 seconds (553.21 k allocations: 544.962 MiB)
7651
  0.877234 seconds (226.41 k allocations: 227.228 MiB)
6397
  0.883294 seconds (192.61 k allocations: 190.983 MiB)
  0.882228 seconds (191.32 k allocations: 190.110 MiB)
  0.883791 seconds (193.78 k allocations: 193.687 MiB)
146
  0.890253 seconds (213.47 k allocations: 216.810 MiB)
3895
8897
1398
  0.890127 seconds (278.50 k allocations: 275.955 MiB)
2647
  0.875196 seconds (553.21 k allocations: 544.962 MiB)
5149
  0.886892 seconds (553.20 k allocations: 544.943 MiB)
7652
  1.940766 seconds (168.75 k allocations: 168.374 MiB, 18.32% gc time)
  1.229617 seconds (56.69 k allocations: 55.243 MiB, 28.91% gc time)
  1.915570 seconds (135.74 k allocations: 133.075 MiB, 18.56% gc time)
  1.950550 seconds (210.95 k allocations: 211.228 MiB, 18.22% gc time)
  1.943785 seconds (178.99 k allocations: 179.432 MiB, 18.29% gc time)
  1.932839 seconds (149.18 k allocations: 147.192 MiB, 18.39% gc time)
  1.932827 seconds (149.10 k allocations: 147.124 MiB, 18.39% gc time)
5150
8898
3896
2648
1399
6398
147
  0.790713 seconds (520.81 k allocations: 507.028 MiB)
7653
  0.889259 seconds (196.65 k allocations: 197.805 MiB)
5151
  0.978565 seconds (242.10 k allocations: 242.299 MiB)
3897
  0.982219 seconds (240.08 k allocations: 238.932 MiB)
2649
  1.001814 seconds (282.08 k allocations: 280.132 MiB)
8899
  1.024177 seconds (337.19 k allocations: 332.621 MiB)
148
  1.169224 seconds (474.21 k allocations: 467.213 MiB)
1400
  1.191241 seconds (509.65 k allocations: 502.128 MiB)
6399
  0.798309 seconds (553.25 k allocations: 545.089 MiB)
7654
  0.887530 seconds (553.24 k allocations: 545.076 MiB)
5152
  0.874104 seconds (473.20 k allocations: 465.900 MiB)
3898
  0.883162 seconds (442.47 k allocations: 435.006 MiB)
8900
  0.909589 seconds (476.08 k allocations: 470.600 MiB)
2650
  0.871870 seconds (468.07 k allocations: 461.440 MiB)
149
  0.877013 seconds (508.90 k allocations: 501.933 MiB)
1401
  0.861274 seconds (495.13 k allocations: 488.502 MiB)
6400
  0.855755 seconds (553.37 k allocations: 545.470 MiB)
7655
  0.861075 seconds (553.17 k allocations: 544.854 MiB)
5153
  1.680674 seconds (524.31 k allocations: 515.134 MiB, 15.22% gc time)
  1.611577 seconds (346.26 k allocations: 341.514 MiB, 15.87% gc time)
  1.597246 seconds (322.52 k allocations: 317.547 MiB, 16.01% gc time)
  1.384488 seconds (134.93 k allocations: 132.620 MiB, 18.47% gc time)
  1.416554 seconds (164.49 k allocations: 162.141 MiB, 18.06% gc time)
  1.143932 seconds (56.29 k allocations: 55.573 MiB, 22.36% gc time)
  1.565893 seconds (293.38 k allocations: 289.107 MiB, 16.33% gc time)
8901
3899
2651
6401
1402
150
7656
  0.880657 seconds (475.79 k allocations: 463.884 MiB)
5154
  0.887804 seconds (79.04 k allocations: 77.889 MiB)
7657
  0.959999 seconds (166.31 k allocations: 167.304 MiB)
  0.958956 seconds (163.38 k allocations: 163.353 MiB)
8902
6402
  0.958535 seconds (161.11 k allocations: 163.042 MiB)
  0.961587 seconds (168.19 k allocations: 171.882 MiB)
1403
151
  0.962855 seconds (172.57 k allocations: 177.255 MiB)
3900
  0.961822 seconds (198.76 k allocations: 199.661 MiB)
2652
  0.877761 seconds (553.19 k allocations: 544.911 MiB)
5155
  0.884493 seconds (553.19 k allocations: 544.899 MiB)
7658
  0.871919 seconds (165.62 k allocations: 165.399 MiB)
6403
  0.877445 seconds (181.00 k allocations: 184.796 MiB)
8903
  0.880538 seconds (186.06 k allocations: 185.738 MiB)
  0.882814 seconds (191.01 k allocations: 191.394 MiB)
1404
152
  0.884697 seconds (201.41 k allocations: 202.702 MiB)
3901
  0.884049 seconds (229.80 k allocations: 229.633 MiB)
2653
  0.879872 seconds (553.32 k allocations: 545.305 MiB)
5156
  0.894035 seconds (549.94 k allocations: 541.067 MiB)
7659
  0.870970 seconds (140.68 k allocations: 141.556 MiB)
153
  0.881408 seconds (176.30 k allocations: 177.851 MiB)
  0.884011 seconds (182.71 k allocations: 184.423 MiB)
8904
6404
  0.882737 seconds (151.64 k allocations: 153.780 MiB)
  0.880216 seconds (149.88 k allocations: 150.406 MiB)
3902
  1.228899 seconds (75.84 k allocations: 78.193 MiB, 29.24% gc time)
  1.998815 seconds (156.31 k allocations: 158.619 MiB, 17.98% gc time)
2654
5157
1405
  0.786106 seconds (443.12 k allocations: 432.625 MiB)
7660
  1.027266 seconds (115.28 k allocations: 117.423 MiB)
8905
  1.026376 seconds (108.68 k allocations: 112.139 MiB)
3903
  1.018499 seconds (99.29 k allocations: 100.454 MiB)
5158
  1.049932 seconds (182.10 k allocations: 185.618 MiB)
  1.041700 seconds (164.12 k allocations: 166.068 MiB)
154
2655
  1.022060 seconds (226.26 k allocations: 223.787 MiB)
6405
  1.072053 seconds (402.99 k allocations: 395.126 MiB)
1406
  0.786779 seconds (553.23 k allocations: 545.025 MiB)
7661
  0.878772 seconds (215.50 k allocations: 213.685 MiB)
5159
  0.885358 seconds (235.11 k allocations: 234.687 MiB)
3904
  0.886102 seconds (234.39 k allocations: 234.954 MiB)
8906
  0.874707 seconds (171.97 k allocations: 172.564 MiB)
155
  0.889460 seconds (226.90 k allocations: 227.442 MiB)
2656
  0.882087 seconds (232.32 k allocations: 231.192 MiB)
6406
  0.883958 seconds (344.55 k allocations: 338.377 MiB)
1407
  0.875365 seconds (553.24 k allocations: 545.070 MiB)
7662
  0.854028 seconds (243.20 k allocations: 242.245 MiB)
5160
  0.862757 seconds (216.80 k allocations: 216.770 MiB)
3905
  0.857670 seconds (179.63 k allocations: 179.747 MiB)
  0.866502 seconds (217.57 k allocations: 217.839 MiB)
156
8907
  0.861377 seconds (206.05 k allocations: 205.760 MiB)
2657
  0.871261 seconds (263.09 k allocations: 260.099 MiB)
  0.857632 seconds (251.47 k allocations: 247.744 MiB)
6407
1408
  1.150893 seconds (215.72 k allocations: 213.340 MiB, 23.76% gc time)
7663
  0.878344 seconds (302.14 k allocations: 297.721 MiB)
5161
  0.887471 seconds (79.54 k allocations: 79.588 MiB)
7664
  0.977555 seconds (300.71 k allocations: 298.345 MiB)
3906
  0.969591 seconds (262.38 k allocations: 260.186 MiB)
157
  0.986333 seconds (320.19 k allocations: 316.507 MiB)
8908
  0.969831 seconds (271.80 k allocations: 271.180 MiB)
2658
  0.965431 seconds (275.08 k allocations: 272.878 MiB)
1409
  0.963027 seconds (282.46 k allocations: 279.675 MiB)
6408
  0.882502 seconds (553.17 k allocations: 544.835 MiB)
5162
  0.885910 seconds (479.72 k allocations: 471.571 MiB)
7665
  0.880539 seconds (256.29 k allocations: 254.572 MiB)
3907
  0.874821 seconds (201.03 k allocations: 200.243 MiB)
  0.875916 seconds (204.18 k allocations: 203.785 MiB)
158
8909
  0.874812 seconds (227.51 k allocations: 223.879 MiB)
1410
  0.884542 seconds (253.00 k allocations: 251.701 MiB)
2659
  0.878592 seconds (255.15 k allocations: 252.261 MiB)
6409
  0.878248 seconds (553.14 k allocations: 544.753 MiB)
5163
  0.881917 seconds (410.68 k allocations: 402.593 MiB)
7666
  0.881741 seconds (231.44 k allocations: 230.847 MiB)
3908
  0.878009 seconds (195.60 k allocations: 196.340 MiB)
8910
  0.881817 seconds (195.51 k allocations: 196.039 MiB)
159
  0.880055 seconds (190.90 k allocations: 191.463 MiB)
1411
  1.117399 seconds (124.82 k allocations: 124.552 MiB, 22.29% gc time)
  1.891381 seconds (205.44 k allocations: 205.142 MiB, 13.17% gc time)
  1.888482 seconds (204.02 k allocations: 202.561 MiB, 13.19% gc time)
5164
2660
6410
  0.788745 seconds (392.76 k allocations: 384.447 MiB)
7667
  0.890924 seconds (79.04 k allocations: 77.901 MiB)
5165
  0.960328 seconds (172.70 k allocations: 172.190 MiB)
1412
  0.971352 seconds (189.72 k allocations: 190.673 MiB)
  0.996647 seconds (308.88 k allocations: 308.796 MiB)
160
3909
  0.969391 seconds (197.72 k allocations: 196.702 MiB)
2661
  0.995943 seconds (293.80 k allocations: 295.738 MiB)
8911
  0.977790 seconds (228.50 k allocations: 230.622 MiB)
6411
  0.782037 seconds (553.38 k allocations: 545.521 MiB)
7668
  0.879132 seconds (549.39 k allocations: 540.702 MiB)
5166
  0.873686 seconds (231.04 k allocations: 230.398 MiB)
1413
  0.882290 seconds (224.78 k allocations: 225.471 MiB)
3910
  0.869351 seconds (180.88 k allocations: 179.546 MiB)
8912
  0.884242 seconds (220.96 k allocations: 222.609 MiB)
161
  0.882477 seconds (218.47 k allocations: 219.998 MiB)
6412
  0.887877 seconds (275.81 k allocations: 273.373 MiB)
2662
  0.887171 seconds (553.22 k allocations: 545.006 MiB)
7669
  0.864066 seconds (544.46 k allocations: 535.592 MiB)
5167
  1.643983 seconds (190.61 k allocations: 190.527 MiB, 16.73% gc time)
  1.641545 seconds (184.21 k allocations: 183.187 MiB, 16.76% gc time)
  1.611348 seconds (135.99 k allocations: 133.771 MiB, 17.07% gc time)
  1.617367 seconds (139.72 k allocations: 138.508 MiB, 17.01% gc time)
  1.647313 seconds (201.78 k allocations: 202.885 MiB, 16.70% gc time)
  1.625395 seconds (148.90 k allocations: 148.672 MiB, 16.92% gc time)
  1.078012 seconds (57.62 k allocations: 57.089 MiB, 25.52% gc time)
3911
2663
1414
162
7670
8913
6413
  0.878347 seconds (451.32 k allocations: 440.436 MiB)
5168
  0.791705 seconds (567 allocations: 1.555 MiB)
7671
  0.951323 seconds (193.51 k allocations: 189.810 MiB, 3.45% compilation time)
6414
  0.962147 seconds (220.36 k allocations: 217.706 MiB, 3.41% compilation time)
1415
  0.987935 seconds (270.72 k allocations: 261.954 MiB, 3.32% compilation time)
163
  0.998668 seconds (310.56 k allocations: 299.850 MiB, 3.28% compilation time)
8914
  1.002775 seconds (322.75 k allocations: 313.734 MiB, 3.27% compilation time)
2664
  1.021247 seconds (424.35 k allocations: 411.942 MiB, 3.21% compilation time)
3912
  0.876277 seconds (515.56 k allocations: 507.867 MiB)
5169
  0.885236 seconds (532.18 k allocations: 523.546 MiB)
7672
  0.879417 seconds (411.71 k allocations: 404.337 MiB)
1416
  0.882524 seconds (414.20 k allocations: 407.692 MiB)
6415
  0.874877 seconds (276.16 k allocations: 273.186 MiB)
2665
  0.882116 seconds (296.17 k allocations: 293.328 MiB)
  0.878101 seconds (288.26 k allocations: 284.549 MiB)
164
8915
  0.880982 seconds (318.77 k allocations: 314.520 MiB)
3913
  0.879496 seconds (534.28 k allocations: 525.874 MiB)
5170
  0.887135 seconds (553.23 k allocations: 545.019 MiB)
7673
  1.861619 seconds (355.58 k allocations: 349.623 MiB, 14.54% gc time)
  1.849725 seconds (332.66 k allocations: 326.477 MiB, 14.63% gc time)
  1.665949 seconds (178.41 k allocations: 176.406 MiB, 16.24% gc time)
  1.593312 seconds (136.11 k allocations: 134.799 MiB, 16.99% gc time)
  1.736374 seconds (229.78 k allocations: 226.889 MiB, 15.59% gc time)
  1.121996 seconds (56.38 k allocations: 55.084 MiB, 24.12% gc time)
  1.590009 seconds (136.02 k allocations: 134.315 MiB, 17.02% gc time)
5171
3914
2666
8916
1417
165
6416
  0.885524 seconds (462.03 k allocations: 450.736 MiB)
7674
  0.887736 seconds (155.67 k allocations: 158.562 MiB)
166
  0.950683 seconds (188.90 k allocations: 191.309 MiB)
5172
  1.013168 seconds (237.07 k allocations: 233.514 MiB)
2667
  1.014169 seconds (238.53 k allocations: 235.948 MiB)
6417
  1.023406 seconds (253.86 k allocations: 252.839 MiB)
1418
  1.029289 seconds (271.40 k allocations: 271.808 MiB)
  1.029293 seconds (273.95 k allocations: 273.952 MiB)
3915
8917
  0.885046 seconds (553.18 k allocations: 544.873 MiB)
7675
  0.882413 seconds (553.18 k allocations: 544.867 MiB)
167
  0.880109 seconds (548.71 k allocations: 539.369 MiB)
5173
  0.881168 seconds (271.75 k allocations: 271.599 MiB)
2668
  0.883941 seconds (256.03 k allocations: 255.129 MiB)
6418
  0.890807 seconds (271.61 k allocations: 269.798 MiB)
3916
  0.889140 seconds (281.56 k allocations: 279.105 MiB)
8918
  0.912153 seconds (346.73 k allocations: 346.534 MiB)
1419
  0.890974 seconds (553.38 k allocations: 545.495 MiB)
7676
  0.885343 seconds (547.02 k allocations: 538.416 MiB)
168
  0.879377 seconds (516.19 k allocations: 508.726 MiB)
5174
  1.977307 seconds (212.71 k allocations: 210.299 MiB, 25.11% gc time)
  1.973611 seconds (208.36 k allocations: 204.903 MiB, 25.16% gc time)
  1.992263 seconds (249.91 k allocations: 247.100 MiB, 24.92% gc time)
  1.993748 seconds (253.73 k allocations: 250.696 MiB, 24.91% gc time)
  1.916381 seconds (157.50 k allocations: 154.954 MiB, 25.91% gc time)
  1.285240 seconds (79.33 k allocations: 78.807 MiB, 38.64% gc time)
8919
3917
2669
6419
1420
7677
  0.891525 seconds (442.81 k allocations: 432.339 MiB)
169
  0.861012 seconds (66.57 k allocations: 64.741 MiB)
7678
  0.963793 seconds (278.73 k allocations: 278.560 MiB)
5175
  0.965261 seconds (188.96 k allocations: 186.276 MiB)
1421
  0.965744 seconds (194.04 k allocations: 192.133 MiB)
  0.967247 seconds (195.29 k allocations: 193.855 MiB)
2670
8920
  0.969720 seconds (202.16 k allocations: 203.120 MiB)
3918
  0.969816 seconds (218.23 k allocations: 218.270 MiB)
6420
  0.881478 seconds (539.38 k allocations: 530.661 MiB)
170
  0.884638 seconds (549.45 k allocations: 540.076 MiB)
7679
  0.879975 seconds (326.43 k allocations: 322.950 MiB)
5176
  0.877312 seconds (208.98 k allocations: 210.318 MiB)
  0.872377 seconds (185.90 k allocations: 185.495 MiB)
1422
2671
  0.882146 seconds (223.04 k allocations: 222.108 MiB)
  0.881127 seconds (224.72 k allocations: 223.390 MiB)
3919
8921
  0.882268 seconds (237.90 k allocations: 237.036 MiB)
6421
  0.875399 seconds (549.20 k allocations: 540.062 MiB)
171
  0.885244 seconds (553.19 k allocations: 544.911 MiB)
7680
  0.879711 seconds (299.43 k allocations: 295.880 MiB)
5177
  1.885369 seconds (175.28 k allocations: 175.613 MiB, 13.85% gc time)
  1.873225 seconds (136.17 k allocations: 134.525 MiB, 13.94% gc time)
  1.872801 seconds (136.49 k allocations: 134.862 MiB, 13.94% gc time)  1.873047 seconds (136.55 k allocations: 134.946 MiB, 13.94% gc time)

  1.885108 seconds (174.38 k allocations: 175.157 MiB, 13.85% gc time)
  1.103710 seconds (58.61 k allocations: 58.995 MiB, 23.66% gc time)
8922
2672
172
3920
6422
1423
  0.883484 seconds (465.10 k allocations: 453.652 MiB)
7681
  0.891660 seconds (215.71 k allocations: 215.983 MiB)
173
  0.963644 seconds (185.95 k allocations: 186.053 MiB)
1424
  0.970200 seconds (192.12 k allocations: 192.976 MiB)
2673
  0.976413 seconds (206.39 k allocations: 207.607 MiB)
6423
  0.982874 seconds (241.54 k allocations: 240.975 MiB)
5178
  0.994566 seconds (313.63 k allocations: 309.727 MiB)
3921
  0.992735 seconds (320.95 k allocations: 316.523 MiB)
8923
  0.891079 seconds (553.19 k allocations: 544.899 MiB)
7682
  0.876087 seconds (553.19 k allocations: 544.905 MiB)
174
  0.879763 seconds (352.07 k allocations: 347.494 MiB)
1425
  0.882468 seconds (303.88 k allocations: 301.147 MiB)
2674
  0.885368 seconds (278.43 k allocations: 276.546 MiB)
6424
  0.876144 seconds (245.74 k allocations: 245.030 MiB)
5179
  0.878723 seconds (274.98 k allocations: 271.543 MiB)
8924
  0.882374 seconds (290.13 k allocations: 287.029 MiB)
3922
  0.882610 seconds (553.16 k allocations: 544.822 MiB)
7683
  0.875496 seconds (553.16 k allocations: 544.803 MiB)
175
  2.266865 seconds (255.72 k allocations: 254.045 MiB, 19.41% gc time)
  2.254363 seconds (223.77 k allocations: 221.003 MiB, 19.52% gc time)
  2.259991 seconds (237.29 k allocations: 235.163 MiB, 19.47% gc time)
  2.232857 seconds (171.40 k allocations: 169.680 MiB, 19.71% gc time)
  2.224730 seconds (155.30 k allocations: 153.139 MiB, 19.78% gc time)
  2.205638 seconds (135.89 k allocations: 133.410 MiB, 19.95% gc time)
  1.524937 seconds (57.30 k allocations: 56.455 MiB, 28.86% gc time)
6425
2675
7684
5180
1426
8925
3923
  0.776200 seconds (4.80 k allocations: 8.271 MiB)
7685
  0.891462 seconds (507.83 k allocations: 495.556 MiB)
176
  0.957633 seconds (180.00 k allocations: 182.850 MiB)
8926
  0.962909 seconds (179.10 k allocations: 182.968 MiB)
3924
  0.967803 seconds (192.75 k allocations: 192.148 MiB)
2676
  0.973709 seconds (207.27 k allocations: 209.927 MiB)
6426
  1.021610 seconds (428.95 k allocations: 420.562 MiB)
5181
  1.027191 seconds (445.04 k allocations: 438.147 MiB)
1427
  0.783479 seconds (521.36 k allocations: 513.844 MiB)
7686
  0.884158 seconds (553.38 k allocations: 545.508 MiB)
177
  0.896268 seconds (386.26 k allocations: 382.175 MiB)
8927
  0.885784 seconds (349.67 k allocations: 345.941 MiB)
3925
  0.883238 seconds (322.68 k allocations: 318.916 MiB)
6427
  0.895895 seconds (364.33 k allocations: 358.517 MiB)
2677
  0.879661 seconds (379.21 k allocations: 371.657 MiB)
1428
  0.882419 seconds (391.76 k allocations: 384.661 MiB)
5182
  0.868370 seconds (553.34 k allocations: 545.381 MiB)
7687
  1.121690 seconds (233.62 k allocations: 230.717 MiB, 18.28% gc time)
  1.116393 seconds (209.46 k allocations: 205.144 MiB, 18.36% gc time)
  1.060702 seconds (56.48 k allocations: 55.177 MiB, 19.33% gc time)
  1.088221 seconds (111.39 k allocations: 110.134 MiB, 18.84% gc time)
  1.286157 seconds (530.72 k allocations: 522.570 MiB, 15.94% gc time)
  1.118851 seconds (219.06 k allocations: 215.712 MiB, 18.32% gc time)
  1.065521 seconds (60.07 k allocations: 60.002 MiB, 19.24% gc time)
3926
8928
5183
1429
2678
6428
178
  0.884945 seconds (466.21 k allocations: 454.713 MiB)
7688
  0.886866 seconds (109.71 k allocations: 114.555 MiB)
1430
  0.888180 seconds (89.21 k allocations: 92.274 MiB)
  0.886803 seconds (87.73 k allocations: 88.130 MiB)
2679
5184
  0.889811 seconds (96.58 k allocations: 97.629 MiB)
8929
  0.891503 seconds (110.07 k allocations: 111.572 MiB)
179
  0.893009 seconds (124.59 k allocations: 126.501 MiB)
3927
  0.900534 seconds (179.63 k allocations: 180.136 MiB)
6429
  0.884612 seconds (553.20 k allocations: 544.937 MiB)
7689
  0.877895 seconds (177.72 k allocations: 179.650 MiB)
1431
  0.879388 seconds (125.43 k allocations: 129.365 MiB)
2680
  0.878309 seconds (115.41 k allocations: 119.505 MiB)
8930
  0.879069 seconds (118.02 k allocations: 120.643 MiB)
5185
  0.881990 seconds (149.45 k allocations: 150.524 MiB)
  0.889153 seconds (167.49 k allocations: 169.924 MiB)
180
3928
  0.883158 seconds (170.04 k allocations: 170.973 MiB)
6430
  0.883402 seconds (553.20 k allocations: 544.943 MiB)
7690
  0.884554 seconds (218.40 k allocations: 218.579 MiB)
  0.873454 seconds (132.44 k allocations: 135.229 MiB)
1432
2681
  0.877007 seconds (118.55 k allocations: 121.321 MiB)
5186
  0.878459 seconds (121.47 k allocations: 125.141 MiB)
8931
  0.875256 seconds (104.81 k allocations: 107.723 MiB)
181
  0.873048 seconds (106.99 k allocations: 109.888 MiB)
  0.881906 seconds (119.33 k allocations: 124.859 MiB)
6431
3929
  1.066426 seconds (330.38 k allocations: 323.509 MiB, 16.86% gc time)
7691
  0.793249 seconds (2.31 k allocations: 3.450 MiB)
7692
  0.872503 seconds (233.55 k allocations: 233.070 MiB)
5187
  0.986781 seconds (217.46 k allocations: 219.866 MiB)
2682
  0.979290 seconds (177.59 k allocations: 179.028 MiB)
  0.987467 seconds (203.74 k allocations: 206.219 MiB)
8932
3930
  0.989687 seconds (210.53 k allocations: 213.731 MiB)
1433
  0.983463 seconds (197.50 k allocations: 199.790 MiB)
6432
  0.995585 seconds (324.55 k allocations: 319.898 MiB)
182
  0.783247 seconds (523.75 k allocations: 515.662 MiB)
7693
  0.889172 seconds (553.15 k allocations: 544.797 MiB)
5188
  0.876822 seconds (213.14 k allocations: 212.083 MiB)
1434
  0.884079 seconds (218.96 k allocations: 218.647 MiB)
  0.883758 seconds (217.50 k allocations: 217.289 MiB)
3931
8933
  0.884499 seconds (221.31 k allocations: 221.666 MiB)
6433
  0.889193 seconds (265.20 k allocations: 263.483 MiB)
2683
  0.883455 seconds (303.86 k allocations: 300.225 MiB)
183
  0.883854 seconds (553.20 k allocations: 544.930 MiB)
7694
  1.232633 seconds (530.49 k allocations: 521.958 MiB, 14.78% gc time)
  1.081630 seconds (112.65 k allocations: 113.683 MiB, 16.84% gc time)
  1.091660 seconds (174.15 k allocations: 173.769 MiB, 16.68% gc time)
  1.076398 seconds (92.84 k allocations: 92.311 MiB, 16.92% gc time)
  1.063754 seconds (61.84 k allocations: 61.625 MiB, 17.12% gc time)
  1.078034 seconds (97.24 k allocations: 96.764 MiB, 16.89% gc time)
  1.058498 seconds (57.60 k allocations: 57.355 MiB, 17.21% gc time)
5189
8934
184
1435
2684
3932
6434
  0.886707 seconds (451.73 k allocations: 440.874 MiB)
7695
  0.878661 seconds (227.55 k allocations: 226.133 MiB)
5190
  0.886962 seconds (131.84 k allocations: 129.397 MiB)
  0.889141 seconds (134.00 k allocations: 132.452 MiB)
  0.888556 seconds (134.96 k allocations: 134.011 MiB)
8935
  0.889516 seconds (138.17 k allocations: 138.409 MiB)
1436
  0.891206 seconds (142.79 k allocations: 143.825 MiB)
3933
2685
6435
  0.902970 seconds (216.71 k allocations: 215.637 MiB)
185
  0.884000 seconds (526.03 k allocations: 517.973 MiB)
7696
  0.889800 seconds (425.39 k allocations: 415.419 MiB)
5191
  0.877966 seconds (168.49 k allocations: 170.874 MiB)
8936
  0.873688 seconds (133.50 k allocations: 133.537 MiB)
  0.878580 seconds (143.69 k allocations: 145.449 MiB)
  0.879315 seconds (145.54 k allocations: 147.340 MiB)
1437
3934
2686
  0.873752 seconds (151.65 k allocations: 152.653 MiB)
  0.884751 seconds (171.13 k allocations: 174.941 MiB)
186
6436
  0.779575 seconds (540.94 k allocations: 532.471 MiB)
7697
  0.878454 seconds (301.52 k allocations: 298.137 MiB)
5192
  0.878603 seconds (192.14 k allocations: 193.189 MiB)
8937
  0.873776 seconds (132.55 k allocations: 133.506 MiB)
6437
  0.879362 seconds (150.06 k allocations: 153.699 MiB)
1438
  0.872913 seconds (146.90 k allocations: 146.742 MiB)
  0.883151 seconds (165.19 k allocations: 167.319 MiB)
187
3935
  0.878904 seconds (167.45 k allocations: 169.602 MiB)
2687
  1.205268 seconds (222.28 k allocations: 219.597 MiB, 17.57% gc time)
7698
  0.787624 seconds (1 allocation: 12.688 KiB)
7699
  0.870874 seconds (299.37 k allocations: 296.090 MiB)
5193
  0.968562 seconds (209.32 k allocations: 210.923 MiB)
2688
  0.958986 seconds (178.70 k allocations: 177.703 MiB)
188
  0.976696 seconds (214.04 k allocations: 213.738 MiB)
  0.976293 seconds (214.76 k allocations: 215.672 MiB)
1439
6438
  1.004716 seconds (337.70 k allocations: 339.266 MiB)
  0.984706 seconds (243.36 k allocations: 247.474 MiB)
8938
3936
  0.779715 seconds (480.42 k allocations: 474.546 MiB)
7700
  0.879307 seconds (553.30 k allocations: 545.260 MiB)
5194
  0.878962 seconds (250.35 k allocations: 250.109 MiB)
  0.870280 seconds (194.79 k allocations: 195.655 MiB)
2689
189
  0.879239 seconds (201.51 k allocations: 202.891 MiB)
1440
  0.878521 seconds (202.47 k allocations: 201.136 MiB)
8939
  0.882856 seconds (230.31 k allocations: 228.743 MiB)
  0.884753 seconds (235.10 k allocations: 234.255 MiB)
3937
6439
  0.884066 seconds (553.16 k allocations: 544.822 MiB)
7701
  1.230608 seconds (530.40 k allocations: 521.834 MiB, 14.58% gc time)
  1.082970 seconds (145.09 k allocations: 144.726 MiB, 16.57% gc time)
  1.067750 seconds (69.34 k allocations: 69.840 MiB, 16.80% gc time)
  1.067792 seconds (69.50 k allocations: 69.998 MiB, 16.80% gc time)
  1.083469 seconds (147.45 k allocations: 147.102 MiB, 16.56% gc time)
  1.062331 seconds (57.32 k allocations: 57.290 MiB, 16.89% gc time)
  1.060346 seconds (57.36 k allocations: 56.798 MiB, 16.92% gc time)
5195
3938
2690
1441
8940
6440
190
  0.885802 seconds (455.80 k allocations: 444.765 MiB)
7702
  0.876675 seconds (250.23 k allocations: 247.821 MiB)
5196
  0.887296 seconds (142.15 k allocations: 139.262 MiB)
2691
  0.890719 seconds (148.28 k allocations: 146.118 MiB)
  0.892940 seconds (152.83 k allocations: 155.475 MiB)
1442
3939
  0.892154 seconds (159.74 k allocations: 159.064 MiB)
  0.892227 seconds (160.38 k allocations: 159.756 MiB)
  0.891908 seconds (164.22 k allocations: 165.182 MiB)
6441
8941
191
  0.870910 seconds (524.89 k allocations: 516.807 MiB)
7703
  0.864190 seconds (459.44 k allocations: 448.000 MiB)
5197
  0.870506 seconds (239.26 k allocations: 238.306 MiB)
2692
  0.867563 seconds (219.17 k allocations: 218.839 MiB)
  0.874199 seconds (241.50 k allocations: 242.341 MiB)
8942
3940
  0.874308 seconds (252.78 k allocations: 251.736 MiB)
1443
  0.877959 seconds (313.28 k allocations: 309.396 MiB)
6442
  0.875227 seconds (355.69 k allocations: 349.721 MiB)
192
  0.786414 seconds (520.78 k allocations: 512.878 MiB)
7704
  0.893151 seconds (548.46 k allocations: 539.258 MiB)
5198
  0.878379 seconds (352.51 k allocations: 346.661 MiB)
2693
  2.065677 seconds (335.75 k allocations: 330.426 MiB, 11.15% gc time)
  1.910175 seconds (181.87 k allocations: 179.553 MiB, 12.05% gc time)
  1.968548 seconds (207.78 k allocations: 205.575 MiB, 11.70% gc time)
  2.017347 seconds (247.69 k allocations: 244.987 MiB, 11.41% gc time)
  1.326497 seconds (60.43 k allocations: 60.111 MiB, 17.36% gc time)
  1.859831 seconds (139.82 k allocations: 138.641 MiB, 12.38% gc time)
7705
193
8943
1444
6443
3941
  0.788139 seconds (11.43 k allocations: 17.059 MiB)
7706
  0.878881 seconds (479.67 k allocations: 468.593 MiB)
5199
  0.954263 seconds (161.22 k allocations: 159.965 MiB)
  0.954034 seconds (160.97 k allocations: 160.058 MiB)
  0.958923 seconds (173.25 k allocations: 178.235 MiB)
8944
1445
  0.955405 seconds (163.14 k allocations: 164.764 MiB)
2694
194
  0.956206 seconds (170.71 k allocations: 173.048 MiB)
6444
  0.969471 seconds (280.20 k allocations: 277.877 MiB)
3942
  0.776409 seconds (492.92 k allocations: 486.528 MiB)
7707
  0.874408 seconds (553.32 k allocations: 545.311 MiB)
5200
  0.880413 seconds (190.88 k allocations: 191.964 MiB)
  0.881035 seconds (191.96 k allocations: 193.580 MiB)
8945
1446
  0.881295 seconds (187.31 k allocations: 188.111 MiB)
195
  0.881680 seconds (192.33 k allocations: 192.681 MiB)
6445
  0.886362 seconds (204.16 k allocations: 206.250 MiB)
2695
  0.882782 seconds (280.24 k allocations: 277.579 MiB)
3943
  0.883775 seconds (553.18 k allocations: 544.886 MiB)
7708
  1.261165 seconds (530.48 k allocations: 521.939 MiB, 15.00% gc time)
  1.092381 seconds (97.54 k allocations: 99.199 MiB, 17.32% gc time)
  1.091288 seconds (91.77 k allocations: 93.676 MiB, 17.34% gc time)
  1.085707 seconds (73.85 k allocations: 72.932 MiB, 17.43% gc time)
  1.087561 seconds (76.54 k allocations: 76.795 MiB, 17.40% gc time)
  1.071511 seconds (56.79 k allocations: 55.473 MiB, 17.66% gc time)
  1.088024 seconds (77.90 k allocations: 78.330 MiB, 17.39% gc time)
3944
2696
8946
1447
5201
6446
196
  0.885992 seconds (464.25 k allocations: 452.860 MiB)
7709
  0.876435 seconds (105.98 k allocations: 108.532 MiB)
2697
  0.878633 seconds (106.55 k allocations: 107.605 MiB)
  0.877663 seconds (105.08 k allocations: 104.721 MiB)
1448
8947
  0.882481 seconds (121.97 k allocations: 125.542 MiB)
3945
  0.883546 seconds (138.82 k allocations: 140.220 MiB)
6447
  0.887949 seconds (168.02 k allocations: 169.151 MiB)
197
  0.983294 seconds (553.15 k allocations: 544.784 MiB)
5202
  0.839859 seconds (525.69 k allocations: 514.562 MiB)
7710
  0.829554 seconds (176.59 k allocations: 174.616 MiB)
8948
  0.831180 seconds (179.57 k allocations: 178.439 MiB)
3946
  0.882911 seconds (307.40 k allocations: 306.638 MiB)
  0.881123 seconds (300.68 k allocations: 296.901 MiB)
2698
1449
  0.882453 seconds (322.97 k allocations: 318.607 MiB)
6448
  0.874916 seconds (348.46 k allocations: 343.957 MiB)
198
  0.830792 seconds (534.27 k allocations: 525.827 MiB)
5203
  0.772815 seconds (527.67 k allocations: 518.808 MiB)
7711
  0.875527 seconds (464.90 k allocations: 456.803 MiB)
3947
  0.872015 seconds (349.27 k allocations: 344.581 MiB)
8949
  0.866784 seconds (279.05 k allocations: 277.144 MiB)
1450
  0.876313 seconds (299.87 k allocations: 296.843 MiB)
2699
  0.871596 seconds (292.07 k allocations: 289.135 MiB)
6449
  1.926347 seconds (214.33 k allocations: 212.307 MiB, 8.75% gc time)
  1.274396 seconds (135.62 k allocations: 134.749 MiB, 13.23% gc time)
  1.963982 seconds (263.81 k allocations: 260.832 MiB, 8.58% gc time)
7712
5204
199
  0.788678 seconds (29.09 k allocations: 32.749 MiB)
7713
  0.883483 seconds (404.44 k allocations: 396.577 MiB)
3948
  1.040369 seconds (394.92 k allocations: 389.673 MiB)
8950
  1.005564 seconds (199.40 k allocations: 198.642 MiB)
2700
  1.016464 seconds (224.47 k allocations: 226.046 MiB)
1451
  1.008743 seconds (208.65 k allocations: 209.446 MiB)
6450
  1.006928 seconds (248.68 k allocations: 246.390 MiB)
5205
  1.021028 seconds (319.72 k allocations: 315.341 MiB)
200
  0.785401 seconds (495.20 k allocations: 488.389 MiB)
7714
  0.887975 seconds (553.18 k allocations: 544.879 MiB)
3949
  0.873036 seconds (332.05 k allocations: 328.295 MiB)
8951
  0.875015 seconds (238.89 k allocations: 237.672 MiB)
1452
  0.866799 seconds (216.91 k allocations: 215.160 MiB)
5206
  0.885838 seconds (276.21 k allocations: 276.538 MiB)
2701
  0.890623 seconds (311.25 k allocations: 308.685 MiB)
6451
  0.882641 seconds (391.15 k allocations: 384.873 MiB)
201
  0.869835 seconds (553.15 k allocations: 544.791 MiB)
7715
  1.312358 seconds (530.45 k allocations: 521.843 MiB, 14.89% gc time)
  1.133941 seconds (299.80 k allocations: 294.997 MiB, 17.23% gc time)
  1.105607 seconds (126.56 k allocations: 125.734 MiB, 17.67% gc time)
  1.099415 seconds (104.38 k allocations: 103.515 MiB, 17.77% gc time)
  1.107255 seconds (132.88 k allocations: 132.061 MiB, 17.65% gc time)
  1.089820 seconds (81.20 k allocations: 80.234 MiB, 17.93% gc time)
  1.069390 seconds (57.34 k allocations: 56.763 MiB, 18.27% gc time)
3950
5207
8952
1453
6452
202
2702
  0.884154 seconds (466.16 k allocations: 454.663 MiB)
7716
  0.891718 seconds (79.03 k allocations: 77.864 MiB)
5208
  0.892329 seconds (80.33 k allocations: 80.090 MiB)
8953
  0.893600 seconds (82.18 k allocations: 82.822 MiB)
  0.895872 seconds (83.72 k allocations: 84.953 MiB)
2703
1454
  0.899905 seconds (103.55 k allocations: 105.655 MiB)
6453
  0.903244 seconds (133.75 k allocations: 135.562 MiB)
203
  0.976129 seconds (499.43 k allocations: 490.152 MiB)
3951
  0.781617 seconds (553.36 k allocations: 545.451 MiB)
7717
  0.878568 seconds (251.97 k allocations: 251.703 MiB)
5209
  0.880371 seconds (247.91 k allocations: 247.597 MiB)
1455
  0.881418 seconds (251.18 k allocations: 250.431 MiB)
8954
  0.874838 seconds (247.01 k allocations: 245.209 MiB)
6454
  0.880925 seconds (277.70 k allocations: 274.328 MiB)
2704
  0.877042 seconds (347.78 k allocations: 341.128 MiB)
204
  0.888808 seconds (434.66 k allocations: 427.763 MiB)
3952
  0.787314 seconds (553.16 k allocations: 544.803 MiB)
7718
  0.872969 seconds (355.99 k allocations: 351.233 MiB)
5210
  0.871079 seconds (314.44 k allocations: 311.278 MiB)
8955
  0.869896 seconds (308.16 k allocations: 305.025 MiB)
6455
  0.866886 seconds (299.52 k allocations: 295.552 MiB)
2705
  0.869852 seconds (244.89 k allocations: 241.782 MiB)
3953
  0.878033 seconds (255.47 k allocations: 252.885 MiB)
1456
  0.865998 seconds (243.72 k allocations: 241.423 MiB)
  1.316398 seconds (172.90 k allocations: 172.036 MiB, 15.71% gc time)
205
7719
  0.789674 seconds (76 allocations: 1.303 MiB)
7720
  0.890747 seconds (374.74 k allocations: 368.199 MiB)
8956
  0.975774 seconds (326.19 k allocations: 323.952 MiB)
5211
  0.962123 seconds (234.44 k allocations: 234.703 MiB)
2706
  0.960907 seconds (220.08 k allocations: 220.706 MiB)
3954
  0.981475 seconds (295.05 k allocations: 294.707 MiB)
6456
  0.965592 seconds (249.93 k allocations: 250.052 MiB)
1457
  0.977490 seconds (376.74 k allocations: 369.904 MiB)
206
  0.780195 seconds (514.55 k allocations: 506.894 MiB)
7721
  0.885876 seconds (553.17 k allocations: 544.841 MiB)
8957
  0.872602 seconds (310.61 k allocations: 308.124 MiB)
5212
  0.871634 seconds (282.05 k allocations: 280.552 MiB)
2707
  0.878185 seconds (281.89 k allocations: 280.156 MiB)
3955
  0.871511 seconds (266.86 k allocations: 264.306 MiB)
1458
  0.882675 seconds (314.18 k allocations: 311.784 MiB)
6457
  0.874362 seconds (415.70 k allocations: 407.483 MiB)
207
  0.885326 seconds (553.30 k allocations: 545.260 MiB)
7722
  1.092327 seconds (242.03 k allocations: 238.719 MiB, 13.85% gc time)
  1.186333 seconds (530.34 k allocations: 521.758 MiB, 12.76% gc time)
  1.074099 seconds (144.10 k allocations: 142.553 MiB, 14.09% gc time)
  1.087160 seconds (210.27 k allocations: 207.075 MiB, 13.92% gc time)
  1.063166 seconds (103.50 k allocations: 102.650 MiB, 14.23% gc time)
  1.054162 seconds (82.38 k allocations: 81.778 MiB, 14.35% gc time)
  1.033253 seconds (57.33 k allocations: 56.926 MiB, 14.65% gc time)
5213
1459
3956
8958
6458
208
2708
  0.884667 seconds (471.65 k allocations: 459.928 MiB)
7723
  0.877112 seconds (97.89 k allocations: 100.816 MiB)
1460
  0.876204 seconds (95.32 k allocations: 95.628 MiB)
  0.878644 seconds (97.98 k allocations: 100.039 MiB)
2709
6459
  0.885588 seconds (129.07 k allocations: 129.897 MiB)
3957
  0.889408 seconds (145.53 k allocations: 146.659 MiB)
5214
  0.893699 seconds (179.30 k allocations: 180.007 MiB)
8959
  0.876271 seconds (199.55 k allocations: 199.141 MiB)
209
  0.779807 seconds (553.20 k allocations: 544.930 MiB)
7724
  0.877920 seconds (226.44 k allocations: 226.255 MiB)
1461
  0.880056 seconds (218.38 k allocations: 217.118 MiB)
6460
  0.888441 seconds (238.14 k allocations: 237.017 MiB)
2710
  0.877949 seconds (246.52 k allocations: 245.119 MiB)
3958
  0.883842 seconds (290.85 k allocations: 287.311 MiB)
5215
  0.896688 seconds (496.23 k allocations: 486.035 MiB)
8960
  0.883055 seconds (553.34 k allocations: 545.362 MiB)
210
  0.779590 seconds (553.33 k allocations: 545.349 MiB)
7725
  0.870603 seconds (317.02 k allocations: 313.708 MiB)
6461
  0.887095 seconds (372.15 k allocations: 368.703 MiB)
1462
  0.877819 seconds (302.81 k allocations: 299.893 MiB)
2711
  0.879363 seconds (295.02 k allocations: 292.297 MiB)
3959
  0.879804 seconds (282.29 k allocations: 279.921 MiB)
5216
  0.884421 seconds (312.95 k allocations: 309.043 MiB)
8961
  1.389329 seconds (276.55 k allocations: 270.761 MiB, 19.61% gc time)
  1.811315 seconds (356.05 k allocations: 349.073 MiB, 15.04% gc time)
7726
211
  0.871554 seconds (231.87 k allocations: 230.452 MiB)
5217
  0.807426 seconds (12.26 k allocations: 13.944 MiB)
7727
  0.961848 seconds (259.56 k allocations: 257.738 MiB)
1463
  0.980418 seconds (314.36 k allocations: 312.405 MiB)
6462
  0.982247 seconds (315.22 k allocations: 314.201 MiB)
8962
  0.976257 seconds (299.85 k allocations: 298.012 MiB)
2712
  0.974237 seconds (298.69 k allocations: 296.681 MiB)
3960
  0.964824 seconds (395.91 k allocations: 388.286 MiB)
212
  0.781980 seconds (474.16 k allocations: 467.054 MiB)
7728
  0.884596 seconds (559.88 k allocations: 552.526 MiB)
5218
  0.876559 seconds (318.86 k allocations: 315.728 MiB)
1464
  0.879057 seconds (270.61 k allocations: 268.121 MiB)
8963
  0.889716 seconds (302.74 k allocations: 301.074 MiB)
6463
  0.881036 seconds (264.84 k allocations: 263.360 MiB)
2713
  0.882842 seconds (279.29 k allocations: 276.960 MiB)
3961
  0.885538 seconds (425.48 k allocations: 417.823 MiB)
213
  0.884267 seconds (553.20 k allocations: 544.924 MiB)
7729
  1.220251 seconds (530.41 k allocations: 521.869 MiB, 13.79% gc time)
  1.086840 seconds (140.62 k allocations: 140.507 MiB, 15.49% gc time)
  1.076701 seconds (97.62 k allocations: 96.940 MiB, 15.63% gc time)
  1.109833 seconds (275.95 k allocations: 272.232 MiB, 15.17% gc time)
  1.074883 seconds (95.16 k allocations: 93.381 MiB, 15.66% gc time)
  1.081089 seconds (112.73 k allocations: 112.672 MiB, 15.57% gc time)
  1.043187 seconds (57.62 k allocations: 57.494 MiB, 16.14% gc time)
5219
2714
1465
6464
214
3962
8964
  0.781249 seconds (468.57 k allocations: 456.963 MiB)
7730
  0.882544 seconds (85.97 k allocations: 85.722 MiB)
8965
  0.883255 seconds (85.95 k allocations: 86.690 MiB)
2715
  0.886517 seconds (92.97 k allocations: 94.387 MiB)
1466
  0.888796 seconds (100.01 k allocations: 102.123 MiB)
6465
  0.896479 seconds (136.75 k allocations: 138.276 MiB)
215
  0.899731 seconds (146.49 k allocations: 148.573 MiB)
3963
  0.974471 seconds (553.17 k allocations: 544.848 MiB)
5220
  0.779773 seconds (553.17 k allocations: 544.841 MiB)
7731
  0.874266 seconds (188.97 k allocations: 190.167 MiB)
2716
  0.872719 seconds (174.11 k allocations: 174.483 MiB)
  0.883892 seconds (216.49 k allocations: 219.584 MiB)
1467
8966
  0.880980 seconds (200.11 k allocations: 201.317 MiB)
6466
  0.871058 seconds (204.28 k allocations: 203.864 MiB)
216
  0.882273 seconds (221.90 k allocations: 222.967 MiB)
3964
  0.877422 seconds (501.21 k allocations: 490.257 MiB)
5221
  0.779496 seconds (553.18 k allocations: 544.867 MiB)
7732
  0.879501 seconds (342.84 k allocations: 338.606 MiB)
2717
  0.876251 seconds (240.23 k allocations: 240.184 MiB)
1468
  0.875091 seconds (231.72 k allocations: 230.868 MiB)
6467
  0.878675 seconds (253.63 k allocations: 250.397 MiB)
8967
  0.897317 seconds (304.90 k allocations: 301.690 MiB)
3965
  1.750055 seconds (297.34 k allocations: 291.783 MiB, 22.71% gc time)
  1.334299 seconds (218.93 k allocations: 214.592 MiB, 29.79% gc time)
  1.777016 seconds (329.67 k allocations: 323.948 MiB, 22.37% gc time)
5222
7733
217
  0.783963 seconds (3 allocations: 12.844 KiB)
7734
  0.869218 seconds (308.58 k allocations: 304.862 MiB)
2718
  0.972782 seconds (315.85 k allocations: 311.579 MiB)
  0.972813 seconds (315.55 k allocations: 311.395 MiB)
6468
1469
  0.983979 seconds (340.80 k allocations: 337.793 MiB)
8968
  0.956193 seconds (260.07 k allocations: 256.633 MiB)
218
  0.986123 seconds (350.39 k allocations: 347.718 MiB)
3966
  0.969802 seconds (315.04 k allocations: 311.226 MiB)
5223
  0.764484 seconds (491.38 k allocations: 485.131 MiB)
7735
  0.873401 seconds (553.36 k allocations: 545.438 MiB)
2719
  0.873686 seconds (337.28 k allocations: 332.097 MiB)
1470
  0.884461 seconds (362.76 k allocations: 358.721 MiB)
6469
  0.862258 seconds (241.88 k allocations: 241.554 MiB)
8969
  0.883215 seconds (288.42 k allocations: 285.878 MiB)
  0.871901 seconds (262.89 k allocations: 260.708 MiB)
219
5224
  0.880898 seconds (316.37 k allocations: 312.147 MiB)
3967
  0.887800 seconds (553.17 k allocations: 544.848 MiB)
7736
  1.182922 seconds (216.42 k allocations: 213.125 MiB, 21.16% gc time)
  1.325539 seconds (530.35 k allocations: 521.889 MiB, 18.88% gc time)
  1.188690 seconds (245.41 k allocations: 242.073 MiB, 21.05% gc time)
  1.155476 seconds (99.57 k allocations: 100.039 MiB, 21.66% gc time)
  1.145618 seconds (70.81 k allocations: 71.330 MiB, 21.85% gc time)
  1.131694 seconds (56.92 k allocations: 55.971 MiB, 22.11% gc time)
  1.142550 seconds (67.35 k allocations: 68.151 MiB, 21.90% gc time)
8970
220
3968
6470
1471
5225
2720
  0.780877 seconds (468.17 k allocations: 456.617 MiB)
7737
  0.887247 seconds (82.06 k allocations: 81.993 MiB)
5226
  0.887770 seconds (82.05 k allocations: 82.989 MiB)
  0.888849 seconds (83.37 k allocations: 84.509 MiB)
  0.886999 seconds (82.55 k allocations: 85.298 MiB)
221
8971
1472
  0.891159 seconds (90.72 k allocations: 95.436 MiB)
6471
  0.894587 seconds (112.46 k allocations: 116.005 MiB)
3969
  0.964960 seconds (540.95 k allocations: 532.015 MiB)
2721
  0.787598 seconds (553.19 k allocations: 544.911 MiB)
7738
  0.881301 seconds (195.20 k allocations: 196.104 MiB)
5227
  0.881552 seconds (192.44 k allocations: 194.442 MiB)
222
  0.882741 seconds (194.01 k allocations: 194.490 MiB)
1473
  0.888476 seconds (211.17 k allocations: 211.928 MiB)
3970
  0.892612 seconds (241.87 k allocations: 241.129 MiB)
6472
  0.880048 seconds (306.14 k allocations: 301.438 MiB)
8972
  0.880474 seconds (334.48 k allocations: 329.496 MiB)
2722
  0.787444 seconds (553.20 k allocations: 544.937 MiB)
7739
  0.869408 seconds (420.83 k allocations: 413.268 MiB)
223
  1.618696 seconds (274.86 k allocations: 272.363 MiB, 10.21% gc time)
  1.540677 seconds (200.13 k allocations: 198.386 MiB, 10.73% gc time)
  1.500891 seconds (172.84 k allocations: 171.024 MiB, 11.01% gc time)
  1.601586 seconds (257.62 k allocations: 254.625 MiB, 10.32% gc time)
  1.478706 seconds (156.32 k allocations: 154.062 MiB, 11.18% gc time)
  1.455763 seconds (135.75 k allocations: 133.267 MiB, 11.36% gc time)
  1.200281 seconds (57.56 k allocations: 57.446 MiB, 13.77% gc time)
2723
6473
3971
5228
1474
8973
7740
  0.893620 seconds (460.37 k allocations: 449.140 MiB)
224
  0.874551 seconds (73.17 k allocations: 71.040 MiB)
7741
  0.897462 seconds (105.16 k allocations: 105.108 MiB)
3972
  0.943712 seconds (233.15 k allocations: 234.695 MiB)
1475
  0.953634 seconds (247.04 k allocations: 247.772 MiB)
6474
  0.952044 seconds (249.56 k allocations: 246.319 MiB)
  0.957768 seconds (259.25 k allocations: 261.526 MiB)
8974
2724
  0.959323 seconds (275.25 k allocations: 272.973 MiB)
5229
  0.783577 seconds (420.08 k allocations: 413.438 MiB)
7742
  0.884314 seconds (599.69 k allocations: 589.503 MiB)
225
  0.893277 seconds (478.62 k allocations: 467.333 MiB)
3973
  0.882815 seconds (269.70 k allocations: 268.391 MiB)
1476
  0.878547 seconds (214.91 k allocations: 214.539 MiB)
8975
  0.878021 seconds (215.86 k allocations: 215.183 MiB)
6475
  0.884645 seconds (233.62 k allocations: 235.603 MiB)
2725
  0.883136 seconds (251.44 k allocations: 249.956 MiB)
5230
  0.882607 seconds (525.21 k allocations: 517.102 MiB)
7743
  1.272484 seconds (235.43 k allocations: 232.409 MiB, 28.24% gc time)
  1.233758 seconds (61.86 k allocations: 61.408 MiB, 29.13% gc time)
  1.254087 seconds (132.29 k allocations: 132.501 MiB, 28.66% gc time)
  1.237135 seconds (67.11 k allocations: 67.671 MiB, 29.05% gc time)
  1.343614 seconds (520.72 k allocations: 511.569 MiB, 26.75% gc time)
  1.243084 seconds (84.33 k allocations: 85.345 MiB, 28.91% gc time)
  1.226665 seconds (56.67 k allocations: 55.208 MiB, 29.30% gc time)
5231
8976
3974
1477
6476
2726
226
  0.784100 seconds (468.67 k allocations: 457.085 MiB)
7744
  0.888280 seconds (96.39 k allocations: 99.384 MiB)
  0.889133 seconds (95.74 k allocations: 99.712 MiB)
5232
8977
  0.888707 seconds (92.45 k allocations: 95.158 MiB)
1478
  0.894194 seconds (107.95 k allocations: 113.420 MiB)
3975
  0.890416 seconds (122.33 k allocations: 123.276 MiB)
6477
  0.896625 seconds (143.20 k allocations: 145.446 MiB)
2727
  0.969598 seconds (556.31 k allocations: 550.308 MiB)
227
  0.783288 seconds (553.19 k allocations: 544.918 MiB)
7745
  0.878949 seconds (215.58 k allocations: 215.697 MiB)
5233
  0.883830 seconds (216.53 k allocations: 217.587 MiB)
8978
  0.882540 seconds (200.96 k allocations: 201.251 MiB)
3976
  0.886698 seconds (213.66 k allocations: 215.635 MiB)
1479
  0.881315 seconds (204.81 k allocations: 205.724 MiB)
6478
  0.881256 seconds (256.79 k allocations: 255.247 MiB)
2728
  0.882948 seconds (553.22 k allocations: 544.987 MiB)
228
  0.782100 seconds (553.21 k allocations: 544.981 MiB)
7746
  0.871619 seconds (235.41 k allocations: 235.869 MiB)
5234
  0.872456 seconds (192.24 k allocations: 193.099 MiB)
8979
  0.874756 seconds (193.86 k allocations: 195.585 MiB)
6479
  0.880497 seconds (202.39 k allocations: 202.345 MiB)
2729
  0.882930 seconds (210.64 k allocations: 211.244 MiB)
  0.880341 seconds (211.81 k allocations: 211.349 MiB)
3977
1480
  0.878399 seconds (226.90 k allocations: 225.340 MiB)
229
  1.301734 seconds (218.40 k allocations: 215.949 MiB, 13.45% gc time)
7747
  0.860448 seconds (297.14 k allocations: 292.938 MiB)
6480
  0.799513 seconds (11.70 k allocations: 12.268 MiB)
7748
  0.981298 seconds (219.46 k allocations: 219.433 MiB)
8980
  0.982621 seconds (213.74 k allocations: 214.945 MiB)
  0.991728 seconds (252.26 k allocations: 254.478 MiB)
2730
5235
  0.974408 seconds (195.90 k allocations: 197.488 MiB)
  0.985787 seconds (227.93 k allocations: 230.269 MiB)
1481
3978
  0.973880 seconds (233.99 k allocations: 233.471 MiB)
230
  0.782581 seconds (474.19 k allocations: 467.168 MiB)
7749
  0.876421 seconds (566.02 k allocations: 558.479 MiB)
6481
  0.879723 seconds (219.51 k allocations: 220.638 MiB)
8981
  0.878625 seconds (197.08 k allocations: 198.903 MiB)
2731
  0.879050 seconds (188.24 k allocations: 190.182 MiB)
5236
  0.876825 seconds (183.42 k allocations: 184.104 MiB)
1482
  0.878513 seconds (218.73 k allocations: 217.656 MiB)
231
  0.892369 seconds (256.22 k allocations: 255.705 MiB)
3979
  0.886184 seconds (553.15 k allocations: 544.772 MiB)
7750
  1.210368 seconds (118.88 k allocations: 120.864 MiB, 25.25% gc time)
  1.204519 seconds (86.91 k allocations: 87.852 MiB, 25.37% gc time)
  1.388630 seconds (530.51 k allocations: 521.845 MiB, 22.01% gc time)
  1.206460 seconds (94.78 k allocations: 96.606 MiB, 25.33% gc time)
  1.202440 seconds (80.94 k allocations: 80.972 MiB, 25.42% gc time)
  1.193064 seconds (58.31 k allocations: 58.396 MiB, 25.62% gc time)
  1.190384 seconds (57.55 k allocations: 57.295 MiB, 25.68% gc time)
8982
5237
3980
6482
2732
1483
232
  0.782788 seconds (468.08 k allocations: 456.508 MiB)
7751
  0.887052 seconds (80.16 k allocations: 80.187 MiB)
  0.888838 seconds (81.29 k allocations: 82.191 MiB)
5238
  0.888930 seconds (81.44 k allocations: 83.136 MiB)
233
2733
  0.889472 seconds (84.68 k allocations: 86.670 MiB)
  0.893914 seconds (92.53 k allocations: 99.975 MiB)
8983
3981
  0.889921 seconds (98.59 k allocations: 101.976 MiB)
1484
  0.955407 seconds (470.03 k allocations: 461.213 MiB)
6483
  0.779149 seconds (553.53 k allocations: 545.978 MiB)
7752
  0.874722 seconds (227.46 k allocations: 227.320 MiB)
8984
  0.880021 seconds (226.17 k allocations: 225.832 MiB)
1485
  0.870873 seconds (189.52 k allocations: 190.557 MiB)
2734
  0.875784 seconds (209.20 k allocations: 209.172 MiB)
5239
  0.876860 seconds (228.06 k allocations: 226.952 MiB)
3982
  0.881497 seconds (368.69 k allocations: 361.300 MiB)
234
  0.886388 seconds (427.16 k allocations: 419.456 MiB)
6484
  0.783399 seconds (553.18 k allocations: 544.892 MiB)
7753
  0.880966 seconds (306.31 k allocations: 303.759 MiB)
1486
  0.877577 seconds (285.54 k allocations: 283.423 MiB)
8985
  0.881915 seconds (260.05 k allocations: 258.164 MiB)
3983
  0.872962 seconds (238.71 k allocations: 236.326 MiB)
2735
  0.879690 seconds (251.97 k allocations: 249.992 MiB)
5240
  0.873073 seconds (216.53 k allocations: 215.850 MiB)
6485
  0.877016 seconds (243.96 k allocations: 241.872 MiB)
235
  1.202245 seconds (306.75 k allocations: 300.668 MiB, 15.31% gc time)
7754
  0.782386 seconds (4.93 k allocations: 5.945 MiB)
7755
  0.871016 seconds (251.41 k allocations: 250.210 MiB)
6486
  0.963617 seconds (215.01 k allocations: 212.689 MiB)
8986
  0.970209 seconds (231.11 k allocations: 231.506 MiB)
3984
  0.976869 seconds (246.16 k allocations: 246.870 MiB)
5241
  0.982818 seconds (267.93 k allocations: 269.952 MiB)
1487
  0.979753 seconds (273.95 k allocations: 273.017 MiB)
2736
  0.959579 seconds (288.11 k allocations: 285.112 MiB)
236
  0.781921 seconds (515.14 k allocations: 507.451 MiB)
7756
  0.860554 seconds (553.17 k allocations: 544.848 MiB)
6487
  0.866225 seconds (184.74 k allocations: 183.681 MiB)
1488
  0.881886 seconds (242.91 k allocations: 242.771 MiB)
3985
  0.885977 seconds (254.16 k allocations: 254.508 MiB)
8987
  0.877604 seconds (209.02 k allocations: 211.079 MiB)
5242
  0.870113 seconds (194.60 k allocations: 195.783 MiB)
  0.862686 seconds (191.39 k allocations: 192.417 MiB)
2737
237
  0.886354 seconds (553.14 k allocations: 544.759 MiB)
7757
  1.141890 seconds (91.76 k allocations: 93.746 MiB, 22.26% gc time)
  1.134111 seconds (58.81 k allocations: 58.545 MiB, 22.41% gc time)
  1.277196 seconds (530.48 k allocations: 521.880 MiB, 19.90% gc time)
  1.136660 seconds (65.42 k allocations: 67.309 MiB, 22.36% gc time)
  1.141388 seconds (88.75 k allocations: 90.963 MiB, 22.27% gc time)
  1.130637 seconds (56.78 k allocations: 55.552 MiB, 22.48% gc time)
  1.133531 seconds (58.44 k allocations: 58.465 MiB, 22.42% gc time)
6488
2738
8988
1489
238
3986
5243
  0.784006 seconds (468.69 k allocations: 457.082 MiB)
7758
  0.885071 seconds (84.93 k allocations: 89.621 MiB)
8989
  0.887043 seconds (83.85 k allocations: 84.668 MiB)
  0.888305 seconds (85.98 k allocations: 88.844 MiB)
5244
239
  0.890315 seconds (92.82 k allocations: 95.193 MiB)
3987
  0.890681 seconds (104.72 k allocations: 106.345 MiB)
2739
  0.894031 seconds (127.20 k allocations: 128.805 MiB)
1490
  0.897945 seconds (138.87 k allocations: 140.977 MiB)
6489
  0.781810 seconds (553.13 k allocations: 544.714 MiB)
7759
  0.880764 seconds (143.72 k allocations: 147.078 MiB)
8990
  0.878570 seconds (114.67 k allocations: 117.850 MiB)
5245
  0.882107 seconds (120.46 k allocations: 124.362 MiB)
3988
  0.878772 seconds (106.92 k allocations: 109.945 MiB)
1491
  0.885710 seconds (130.21 k allocations: 134.489 MiB)
2740
  0.879754 seconds (124.96 k allocations: 126.718 MiB)
6490
  0.882167 seconds (133.24 k allocations: 135.639 MiB)
240
  0.780546 seconds (553.17 k allocations: 544.835 MiB)
7760
  0.874198 seconds (249.22 k allocations: 248.034 MiB)
5246
  0.875021 seconds (196.47 k allocations: 197.317 MiB)
8991
  0.872816 seconds (178.53 k allocations: 178.702 MiB)
1492
  0.878737 seconds (195.37 k allocations: 195.893 MiB)
2741
  0.872069 seconds (216.53 k allocations: 215.925 MiB)
6491
  0.887987 seconds (254.55 k allocations: 252.106 MiB)
3989
  0.873713 seconds (254.23 k allocations: 251.932 MiB)
241
  1.064214 seconds (235.08 k allocations: 232.379 MiB, 15.50% gc time)
7761
  0.774159 seconds (1 allocation: 12.688 KiB)
7762
  0.886884 seconds (327.50 k allocations: 322.972 MiB)
5247
  0.977299 seconds (323.56 k allocations: 321.770 MiB)
8992
  0.987181 seconds (290.90 k allocations: 290.630 MiB)
2742
  0.976319 seconds (244.03 k allocations: 244.287 MiB)
3990
  0.979012 seconds (253.50 k allocations: 254.352 MiB)
1493
  0.964573 seconds (255.12 k allocations: 254.478 MiB)
242
  0.990084 seconds (334.72 k allocations: 332.845 MiB)
6492
  0.782547 seconds (522.16 k allocations: 514.530 MiB)
7763
  0.878215 seconds (553.34 k allocations: 545.375 MiB)
5248
  0.877612 seconds (381.82 k allocations: 375.960 MiB)
8993
  0.880634 seconds (251.35 k allocations: 249.646 MiB)
  0.880660 seconds (248.89 k allocations: 248.222 MiB)
3991
2743
  0.881265 seconds (249.56 k allocations: 248.754 MiB)
1494
  0.876066 seconds (218.24 k allocations: 218.544 MiB)
243
  0.881309 seconds (236.89 k allocations: 236.179 MiB)
6493
  0.884914 seconds (553.22 k allocations: 545.013 MiB)
7764
  1.198362 seconds (530.47 k allocations: 521.990 MiB, 13.08% gc time)
  1.074819 seconds (267.36 k allocations: 262.943 MiB, 14.58% gc time)
  1.043446 seconds (72.49 k allocations: 74.113 MiB, 15.02% gc time)
  1.045561 seconds (81.02 k allocations: 83.598 MiB, 14.99% gc time)
  1.039200 seconds (59.65 k allocations: 59.586 MiB, 15.08% gc time)
  1.038799 seconds (59.17 k allocations: 59.174 MiB, 15.09% gc time)
  1.035532 seconds (57.54 k allocations: 57.263 MiB, 15.14% gc time)
8994
1495
5249
3992
2744
244
6494
  0.784042 seconds (463.41 k allocations: 452.038 MiB)
7765
  0.884167 seconds (84.43 k allocations: 84.227 MiB)
  0.886040 seconds (85.94 k allocations: 86.612 MiB)
245
2745
  0.886936 seconds (87.52 k allocations: 89.153 MiB)
8995
  0.887402 seconds (91.17 k allocations: 93.634 MiB)
1496
  0.891154 seconds (107.00 k allocations: 109.793 MiB)
3993
  0.896610 seconds (180.15 k allocations: 179.569 MiB)
6495
  1.009913 seconds (558.18 k allocations: 550.871 MiB)
5250
  0.782555 seconds (553.21 k allocations: 544.968 MiB)
7766
  0.870965 seconds (195.26 k allocations: 193.860 MiB)
1497
  0.877717 seconds (213.65 k allocations: 214.904 MiB)
8996
  0.878041 seconds (208.22 k allocations: 208.234 MiB)
3994
  0.886966 seconds (239.62 k allocations: 241.728 MiB)
2746
  0.871774 seconds (209.08 k allocations: 209.786 MiB)
6496
  0.883206 seconds (358.06 k allocations: 352.116 MiB)
246
  0.877427 seconds (545.24 k allocations: 536.084 MiB)
5251
  0.782137 seconds (553.17 k allocations: 544.860 MiB)
7767
  0.878835 seconds (256.94 k allocations: 255.307 MiB)
1498
  0.883533 seconds (255.93 k allocations: 255.388 MiB)
8997
  0.881066 seconds (241.46 k allocations: 241.326 MiB)
3995
  0.878490 seconds (235.30 k allocations: 235.229 MiB)
2747
  0.881790 seconds (263.82 k allocations: 262.326 MiB)
6497
  0.877919 seconds (336.76 k allocations: 330.884 MiB)
247
  1.358768 seconds (298.57 k allocations: 294.120 MiB, 12.04% gc time)
  0.937161 seconds (219.99 k allocations: 216.622 MiB, 17.46% gc time)
5252
7768
  0.861662 seconds (297.49 k allocations: 293.280 MiB)
8998
  0.851657 seconds (79.04 k allocations: 77.895 MiB)
7769
  0.975212 seconds (275.91 k allocations: 273.426 MiB)
  0.981199 seconds (298.05 k allocations: 296.034 MiB)
1499
2748
  0.983572 seconds (285.17 k allocations: 282.990 MiB)
6498
  0.968265 seconds (248.77 k allocations: 247.902 MiB)
248
  1.027387 seconds (460.33 k allocations: 456.241 MiB)
3996
  1.019004 seconds (519.94 k allocations: 510.683 MiB)
5253
  0.782897 seconds (474.17 k allocations: 467.079 MiB)
7770
  0.878395 seconds (586.25 k allocations: 577.545 MiB)
8999
  0.878476 seconds (354.33 k allocations: 349.399 MiB)
2749
  0.886073 seconds (361.90 k allocations: 357.690 MiB)
1500
  0.880584 seconds (316.89 k allocations: 313.392 MiB)
6499
  0.877022 seconds (304.93 k allocations: 301.720 MiB)
249
  0.880890 seconds (353.03 k allocations: 347.479 MiB)
3997
  0.883695 seconds (537.43 k allocations: 528.615 MiB)
5254
  0.886499 seconds (497.98 k allocations: 491.077 MiB)
7771
  0.884187 seconds (489.64 k allocations: 482.840 MiB)
9000
  1.119161 seconds (272.47 k allocations: 268.585 MiB, 14.02% gc time)
  1.128976 seconds (322.29 k allocations: 317.474 MiB, 13.90% gc time)
  1.086875 seconds (180.71 k allocations: 176.124 MiB, 14.44% gc time)
  1.032842 seconds (110.14 k allocations: 107.417 MiB, 15.19% gc time)
  1.102272 seconds (208.24 k allocations: 205.960 MiB, 14.24% gc time)
  1.100167 seconds (205.06 k allocations: 201.804 MiB, 14.26% gc time)
5255
3998
6500
2750
1501
250
  0.780425 seconds (415.66 k allocations: 406.362 MiB)
7772
  0.907135 seconds (395.57 k allocations: 388.133 MiB)
9001
  0.873439 seconds (115.50 k allocations: 114.974 MiB)
  0.874554 seconds (117.36 k allocations: 118.917 MiB)
6501
2751
  0.873863 seconds (119.33 k allocations: 119.384 MiB)
1502
  0.880597 seconds (142.84 k allocations: 145.353 MiB)
251
  0.890759 seconds (222.05 k allocations: 219.707 MiB)
  0.890602 seconds (229.50 k allocations: 227.741 MiB)
3999
5256
  0.779520 seconds (553.18 k allocations: 544.886 MiB)
7773
  0.874837 seconds (361.06 k allocations: 355.092 MiB)
9002
  0.870242 seconds (173.77 k allocations: 173.202 MiB)
  0.870481 seconds (174.13 k allocations: 173.850 MiB)
  0.869306 seconds (169.69 k allocations: 170.376 MiB)
6502
2752
1503
  0.876321 seconds (227.47 k allocations: 226.264 MiB)
4000
  0.875289 seconds (242.81 k allocations: 239.442 MiB)
  0.877389 seconds (247.85 k allocations: 244.876 MiB)
252
5257
  0.782283 seconds (553.13 k allocations: 544.708 MiB)
7774
  0.883246 seconds (386.42 k allocations: 379.506 MiB)
9003
  0.872032 seconds (241.93 k allocations: 239.778 MiB)
6503
  0.879722 seconds (261.53 k allocations: 260.751 MiB)
2753
  0.870450 seconds (266.07 k allocations: 262.381 MiB)
1504
  0.873833 seconds (276.74 k allocations: 273.587 MiB)
5258
  0.882234 seconds (372.02 k allocations: 366.131 MiB)
4001
  1.044336 seconds (105.72 k allocations: 102.176 MiB, 16.73% gc time)
  1.826711 seconds (359.78 k allocations: 354.220 MiB, 9.57% gc time)
  1.394276 seconds (281.15 k allocations: 276.573 MiB, 12.53% gc time)
9004
7775
253
  0.875203 seconds (314.05 k allocations: 309.125 MiB)
2754
  0.880287 seconds (135.41 k allocations: 135.475 MiB)
9005
  0.871824 seconds (99.47 k allocations: 98.373 MiB)
7776
  0.988202 seconds (388.70 k allocations: 383.481 MiB)
5259
  1.012640 seconds (478.25 k allocations: 472.584 MiB)
6504
  0.997590 seconds (405.50 k allocations: 401.540 MiB)
1505
  0.976474 seconds (362.57 k allocations: 359.014 MiB)
4002
  0.974075 seconds (373.81 k allocations: 368.356 MiB)
254
  0.774759 seconds (395.15 k allocations: 389.267 MiB)
7777
  0.886805 seconds (591.40 k allocations: 582.464 MiB)
2755
  0.866056 seconds (549.72 k allocations: 541.601 MiB)
9006
  0.869675 seconds (352.67 k allocations: 349.067 MiB)
5260
  0.876478 seconds (335.50 k allocations: 332.371 MiB)
6505
  0.876044 seconds (328.25 k allocations: 325.201 MiB)
1506
  0.875884 seconds (359.03 k allocations: 354.391 MiB)
4003
  0.880180 seconds (399.21 k allocations: 392.655 MiB)
255
  0.886399 seconds (513.36 k allocations: 505.786 MiB)
7778
  0.895346 seconds (486.56 k allocations: 478.905 MiB)
2756
  1.249462 seconds (476.91 k allocations: 469.845 MiB, 19.37% gc time)
  1.172237 seconds (219.46 k allocations: 217.328 MiB, 20.64% gc time)
  1.157854 seconds (152.63 k allocations: 150.937 MiB, 20.90% gc time)
  1.162765 seconds (170.38 k allocations: 169.233 MiB, 20.81% gc time)
  1.131888 seconds (87.56 k allocations: 87.585 MiB, 21.38% gc time)
  1.126567 seconds (83.16 k allocations: 82.928 MiB, 21.48% gc time)
5261
9007
4004
1507
6506
256
  0.783198 seconds (438.17 k allocations: 427.907 MiB)
7779
  0.894258 seconds (214.71 k allocations: 215.052 MiB)
2757
  0.885624 seconds (101.27 k allocations: 103.776 MiB)
9008
  0.888546 seconds (107.57 k allocations: 110.822 MiB)
5262
  0.886474 seconds (111.06 k allocations: 111.467 MiB)
  0.892734 seconds (122.68 k allocations: 127.180 MiB)
6507
4005
  0.892137 seconds (144.40 k allocations: 145.660 MiB)
  0.893502 seconds (146.40 k allocations: 147.814 MiB)
257
1508
  0.781466 seconds (553.34 k allocations: 545.387 MiB)
7780
  0.875710 seconds (127.04 k allocations: 129.945 MiB)
9009
  0.877309 seconds (118.82 k allocations: 121.934 MiB)
5263
  0.885709 seconds (161.47 k allocations: 166.168 MiB)
  0.876361 seconds (109.50 k allocations: 113.956 MiB)
2758
6508
  0.882076 seconds (141.86 k allocations: 143.561 MiB)
1509
  0.883899 seconds (155.60 k allocations: 157.829 MiB)
4006
  0.869410 seconds (158.56 k allocations: 160.400 MiB)
258
  0.767736 seconds (553.39 k allocations: 545.540 MiB)
7781
  0.860490 seconds (230.30 k allocations: 229.952 MiB)
2759
  0.858443 seconds (213.79 k allocations: 213.906 MiB)
6509
  0.878844 seconds (261.52 k allocations: 259.350 MiB)
4007
  1.553672 seconds (270.92 k allocations: 266.905 MiB, 18.14% gc time)
  1.555573 seconds (272.80 k allocations: 268.688 MiB, 18.11% gc time)
  1.527400 seconds (242.65 k allocations: 238.585 MiB, 18.45% gc time)
  1.497424 seconds (219.40 k allocations: 215.350 MiB, 18.82% gc time)
  1.064057 seconds (141.16 k allocations: 138.770 MiB, 26.48% gc time)
1510
9010
259
7782
5264
  0.889886 seconds (388.92 k allocations: 379.534 MiB)
6510
  0.814007 seconds (8.76 k allocations: 9.417 MiB)
7783
  1.005199 seconds (542.17 k allocations: 530.628 MiB)
2760
  0.982020 seconds (285.77 k allocations: 285.037 MiB)
4008
  0.970775 seconds (227.64 k allocations: 224.255 MiB)
  0.975064 seconds (232.14 k allocations: 231.934 MiB)
5265
260
  0.975032 seconds (233.96 k allocations: 232.319 MiB)
9011
  0.980103 seconds (277.44 k allocations: 275.025 MiB)
1511
  0.783209 seconds (474.19 k allocations: 467.156 MiB)
7784
  0.874385 seconds (559.54 k allocations: 552.300 MiB)
6511
  0.879646 seconds (435.87 k allocations: 427.688 MiB)
2761
  0.879612 seconds (250.13 k allocations: 249.728 MiB)
4009
  0.877468 seconds (227.58 k allocations: 225.458 MiB)
  0.877366 seconds (228.76 k allocations: 227.532 MiB)
261
  0.880029 seconds (234.17 k allocations: 233.698 MiB)
9012
5266
  0.883776 seconds (302.90 k allocations: 299.303 MiB)
1512
  0.880203 seconds (553.18 k allocations: 544.886 MiB)
7785
  1.086790 seconds (321.30 k allocations: 314.605 MiB, 15.08% gc time)
  1.218808 seconds (530.44 k allocations: 521.902 MiB, 13.45% gc time)
  1.051444 seconds (106.22 k allocations: 106.285 MiB, 15.59% gc time)
  1.039298 seconds (66.53 k allocations: 67.124 MiB, 15.77% gc time)
  1.049365 seconds (99.09 k allocations: 99.617 MiB, 15.62% gc time)
  1.033393 seconds (56.67 k allocations: 55.346 MiB, 15.86% gc time)
  1.032981 seconds (56.92 k allocations: 55.798 MiB, 15.87% gc time)
6512
262
5267
1513
9013
2762
4010
  0.782146 seconds (472.03 k allocations: 460.299 MiB)
7786
  0.877648 seconds (87.53 k allocations: 89.653 MiB)
4011
  0.873398 seconds (80.43 k allocations: 80.197 MiB)
2763
  0.881960 seconds (93.08 k allocations: 96.965 MiB)
9014
  0.882386 seconds (95.55 k allocations: 99.103 MiB)
  0.885203 seconds (104.51 k allocations: 111.065 MiB)
263
5268
  0.887689 seconds (136.76 k allocations: 139.620 MiB)
1514
  1.005037 seconds (553.35 k allocations: 545.400 MiB)
6513
  0.782427 seconds (553.38 k allocations: 545.502 MiB)
7787
  0.872348 seconds (167.65 k allocations: 166.149 MiB)
264
  0.881158 seconds (201.78 k allocations: 204.678 MiB)
4012
  0.878653 seconds (180.50 k allocations: 184.125 MiB)
9015
  0.878726 seconds (184.15 k allocations: 184.913 MiB)
5269
  0.881392 seconds (193.96 k allocations: 195.301 MiB)
2764
  0.884448 seconds (256.57 k allocations: 255.028 MiB)
1515
  0.878391 seconds (553.21 k allocations: 544.968 MiB)
6514
  0.780734 seconds (553.24 k allocations: 545.051 MiB)
7788
  0.871474 seconds (224.61 k allocations: 225.539 MiB)
265
  0.871201 seconds (205.22 k allocations: 205.514 MiB)
9016
  0.882259 seconds (210.32 k allocations: 211.387 MiB)
  0.879307 seconds (200.79 k allocations: 201.954 MiB)
4013
5270
  0.879813 seconds (203.71 k allocations: 204.545 MiB)
2765
  0.892136 seconds (242.43 k allocations: 241.375 MiB)
1516
  0.874460 seconds (244.37 k allocations: 241.959 MiB)
6515
  0.961802 seconds (244.84 k allocations: 241.178 MiB, 18.33% gc time)
7789
  0.782842 seconds (1 allocation: 12.688 KiB)
7790
  0.872494 seconds (280.75 k allocations: 278.240 MiB)
5271
  0.990434 seconds (199.48 k allocations: 199.131 MiB)
6516
  0.999404 seconds (211.38 k allocations: 211.508 MiB)
9017
  0.997776 seconds (208.44 k allocations: 208.464 MiB)
2766
  1.001924 seconds (219.50 k allocations: 220.051 MiB)
4014
  0.999575 seconds (240.78 k allocations: 240.181 MiB)
1517
  1.012233 seconds (271.53 k allocations: 273.053 MiB)
266
  0.785592 seconds (484.93 k allocations: 478.592 MiB)
7791
  0.878275 seconds (553.35 k allocations: 545.419 MiB)
5272
  0.873368 seconds (243.33 k allocations: 243.804 MiB)
6517
  0.876051 seconds (212.60 k allocations: 214.186 MiB)
9018
  0.876197 seconds (204.96 k allocations: 206.813 MiB)
2767
  0.881217 seconds (225.84 k allocations: 226.555 MiB)
4015
  0.879307 seconds (244.34 k allocations: 242.775 MiB)
267
  0.883775 seconds (273.61 k allocations: 271.769 MiB)
1518
  0.886278 seconds (553.25 k allocations: 545.089 MiB)
7792
  1.230151 seconds (529.98 k allocations: 521.571 MiB, 12.50% gc time)
  1.059650 seconds (126.01 k allocations: 126.509 MiB, 14.51% gc time)
  1.049973 seconds (85.33 k allocations: 85.177 MiB, 14.64% gc time)
  1.067769 seconds (177.22 k allocations: 176.786 MiB, 14.40% gc time)
  1.054821 seconds (102.49 k allocations: 103.055 MiB, 14.57% gc time)
  1.035506 seconds (56.56 k allocations: 55.663 MiB, 14.84% gc time)
  1.038666 seconds (57.93 k allocations: 58.397 MiB, 14.80% gc time)
5273
268
4016
6518
2768
9019
1519
  0.780209 seconds (470.27 k allocations: 458.589 MiB)
7793
  0.881772 seconds (82.76 k allocations: 83.834 MiB)
  0.882852 seconds (82.51 k allocations: 83.643 MiB)
269
6519
  0.882196 seconds (82.44 k allocations: 84.608 MiB)
2769
  0.886534 seconds (92.71 k allocations: 95.421 MiB)
  0.888290 seconds (97.41 k allocations: 100.821 MiB)
9020
  0.888935 seconds (101.78 k allocations: 105.992 MiB)
5274
4017
  0.885710 seconds (109.43 k allocations: 113.110 MiB)
1520
  0.773570 seconds (553.29 k allocations: 545.229 MiB)
7794
  0.869319 seconds (123.49 k allocations: 126.490 MiB)
2770
  0.876968 seconds (139.65 k allocations: 142.948 MiB)
6520
  0.873671 seconds (118.65 k allocations: 121.367 MiB)
9021
  0.878171 seconds (134.99 k allocations: 137.999 MiB)
5275
  0.876749 seconds (134.45 k allocations: 136.058 MiB)
4018
  0.880629 seconds (163.51 k allocations: 164.892 MiB)
1521
  0.870436 seconds (253.30 k allocations: 250.563 MiB)
270
  0.781482 seconds (553.19 k allocations: 544.911 MiB)
7795
  0.870731 seconds (162.66 k allocations: 162.770 MiB)
  0.880853 seconds (214.84 k allocations: 216.105 MiB)
9022
2771
  0.880161 seconds (196.18 k allocations: 198.064 MiB)
6521
  0.878692 seconds (185.57 k allocations: 183.965 MiB)
  0.888160 seconds (208.36 k allocations: 208.376 MiB)
5276
  0.884284 seconds (196.22 k allocations: 197.489 MiB)
4019
1522
  0.871146 seconds (262.93 k allocations: 260.237 MiB)
271
  0.955154 seconds (252.42 k allocations: 248.964 MiB, 18.04% gc time)
7796
  0.775196 seconds (1 allocation: 12.688 KiB)
7797
  0.873606 seconds (286.22 k allocations: 283.541 MiB)
6522
  0.973447 seconds (229.61 k allocations: 229.158 MiB)
  0.980733 seconds (257.89 k allocations: 258.684 MiB)
  0.977934 seconds (242.81 k allocations: 244.895 MiB)
4020
9023
5277
  0.968427 seconds (216.80 k allocations: 217.379 MiB)
1523
  0.978521 seconds (257.56 k allocations: 258.635 MiB)
  0.951228 seconds (211.39 k allocations: 212.921 MiB)
2772
272
  0.776430 seconds (492.04 k allocations: 485.336 MiB)
7798
  0.862722 seconds (553.15 k allocations: 544.784 MiB)
6523
  0.853144 seconds (158.04 k allocations: 155.663 MiB)
273
  0.863387 seconds (172.22 k allocations: 172.669 MiB)
  0.867997 seconds (187.59 k allocations: 190.658 MiB)
1524
9024
  0.860599 seconds (167.63 k allocations: 167.970 MiB)
2773
  0.870279 seconds (194.74 k allocations: 198.545 MiB)
  0.869605 seconds (192.36 k allocations: 196.566 MiB)
4021
5278
  0.779940 seconds (553.25 k allocations: 545.089 MiB)
7799
  1.188428 seconds (530.46 k allocations: 522.040 MiB, 12.86% gc time)
  1.040879 seconds (60.80 k allocations: 61.614 MiB, 14.68% gc time)
  1.036973 seconds (56.39 k allocations: 54.932 MiB, 14.74% gc time)
  1.037993 seconds (56.54 k allocations: 55.094 MiB, 14.72% gc time)
  1.046484 seconds (93.48 k allocations: 96.613 MiB, 14.60% gc time)
  1.039445 seconds (57.64 k allocations: 57.629 MiB, 14.70% gc time)
  1.040289 seconds (59.39 k allocations: 60.575 MiB, 14.69% gc time)
5279
9025
6524
1525
2774
274
4022
  0.782498 seconds (466.29 k allocations: 454.802 MiB)
7800
  0.884827 seconds (87.76 k allocations: 91.098 MiB)
9026
  0.887178 seconds (90.95 k allocations: 96.388 MiB)
5280
  0.887754 seconds (91.77 k allocations: 92.002 MiB)
  0.890101 seconds (94.53 k allocations: 97.553 MiB)
6525
4023
  0.892031 seconds (118.22 k allocations: 119.291 MiB)
  0.893181 seconds (122.80 k allocations: 124.632 MiB)
1526
2775
  0.898529 seconds (157.06 k allocations: 158.850 MiB)
275
  0.781662 seconds (553.52 k allocations: 545.965 MiB)
7801
  0.871950 seconds (160.37 k allocations: 163.010 MiB)
9027
  0.878087 seconds (155.62 k allocations: 158.268 MiB)
5281
  0.873744 seconds (122.68 k allocations: 125.300 MiB)
6526
  0.887841 seconds (176.32 k allocations: 178.874 MiB)
  0.879706 seconds (153.54 k allocations: 154.322 MiB)
4024
  0.883043 seconds (161.38 k allocations: 164.052 MiB)
2776
1527
  0.880033 seconds (253.63 k allocations: 250.934 MiB)
276
  0.780409 seconds (553.22 k allocations: 544.994 MiB)
7802
  0.869825 seconds (244.59 k allocations: 243.611 MiB)
  0.856477 seconds (160.03 k allocations: 160.438 MiB)
9028
6527
  0.857212 seconds (149.07 k allocations: 148.042 MiB)
  0.875260 seconds (217.74 k allocations: 219.596 MiB)
1528
5282
  0.869141 seconds (192.07 k allocations: 192.394 MiB)
2777
  0.871931 seconds (205.58 k allocations: 206.337 MiB)
4025
  0.855601 seconds (279.68 k allocations: 275.842 MiB)
277
  0.995309 seconds (239.18 k allocations: 235.912 MiB, 21.81% gc time)
7803
  0.772859 seconds (1 allocation: 12.688 KiB)
7804
  0.871970 seconds (300.95 k allocations: 297.579 MiB)
6528
  0.964504 seconds (300.74 k allocations: 299.540 MiB)
9029
  0.967278 seconds (266.09 k allocations: 264.965 MiB)
5283
  0.951297 seconds (216.20 k allocations: 215.691 MiB)
2778
  0.971844 seconds (280.47 k allocations: 280.677 MiB)
1529
  0.966623 seconds (268.18 k allocations: 268.975 MiB)
4026
  0.944921 seconds (233.39 k allocations: 234.221 MiB)
278
  0.782690 seconds (500.25 k allocations: 493.498 MiB)
7805
  0.887166 seconds (553.30 k allocations: 545.267 MiB)
6529
  0.878261 seconds (276.21 k allocations: 274.900 MiB)
9030
  0.871255 seconds (190.12 k allocations: 191.011 MiB)
2779
  0.877500 seconds (207.81 k allocations: 210.181 MiB)
5284
  0.871521 seconds (195.21 k allocations: 194.251 MiB)
279
  0.882031 seconds (237.95 k allocations: 237.389 MiB)
4027
  0.883534 seconds (247.16 k allocations: 247.191 MiB)
1530
  0.881058 seconds (553.20 k allocations: 544.924 MiB)
7806
  1.050498 seconds (165.73 k allocations: 165.710 MiB, 14.70% gc time)
  1.038563 seconds (95.70 k allocations: 96.225 MiB, 14.86% gc time)
  1.042140 seconds (112.44 k allocations: 113.482 MiB, 14.81% gc time)
  1.161231 seconds (529.97 k allocations: 521.465 MiB, 13.29% gc time)
  1.024298 seconds (56.18 k allocations: 54.834 MiB, 15.07% gc time)
  1.023313 seconds (56.51 k allocations: 55.578 MiB, 15.09% gc time)
  1.033478 seconds (77.81 k allocations: 78.855 MiB, 14.94% gc time)
9031
5285
2780
6530
280
1531
4028
  0.781058 seconds (463.95 k allocations: 452.548 MiB)
7807
  0.887191 seconds (80.33 k allocations: 80.339 MiB)
281
  0.891871 seconds (86.29 k allocations: 89.475 MiB)
  0.891206 seconds (84.71 k allocations: 86.498 MiB)
  0.891547 seconds (85.28 k allocations: 87.318 MiB)
1532
5286
  0.890520 seconds (87.02 k allocations: 89.439 MiB)
4029
  0.891172 seconds (88.54 k allocations: 91.385 MiB)
  0.889595 seconds (90.22 k allocations: 93.808 MiB)
2781
9032
6531
  0.781858 seconds (553.19 k allocations: 544.899 MiB)
7808
  0.872831 seconds (103.41 k allocations: 103.644 MiB)
2782
  0.876926 seconds (107.20 k allocations: 108.266 MiB)
4030
  0.879249 seconds (112.09 k allocations: 113.973 MiB)
  0.879860 seconds (113.73 k allocations: 116.896 MiB)
5287
9033
  0.879363 seconds (119.31 k allocations: 121.712 MiB)
6532
  0.883360 seconds (137.47 k allocations: 140.089 MiB)
1533
  0.879850 seconds (290.69 k allocations: 286.480 MiB)
282
  0.782053 seconds (553.23 k allocations: 545.038 MiB)
7809
  0.879237 seconds (192.06 k allocations: 193.345 MiB)
2783
  0.873645 seconds (137.77 k allocations: 136.251 MiB)
6533
  0.878370 seconds (148.81 k allocations: 151.458 MiB)
5288
  0.878455 seconds (149.25 k allocations: 150.470 MiB)
  0.884600 seconds (175.20 k allocations: 179.907 MiB)
9034
4031
  0.890134 seconds (214.05 k allocations: 213.231 MiB)
1534
  0.869395 seconds (262.37 k allocations: 259.543 MiB)
283
  1.007583 seconds (255.73 k allocations: 251.990 MiB, 22.49% gc time)
7810
  0.786247 seconds (1 allocation: 12.688 KiB)
7811
  0.869245 seconds (255.47 k allocations: 254.014 MiB)
6534
  0.887079 seconds (216.48 k allocations: 212.837 MiB)
4032
  0.969366 seconds (335.63 k allocations: 333.957 MiB)
5289
  0.975672 seconds (338.79 k allocations: 337.966 MiB)
9035
  0.977801 seconds (338.38 k allocations: 336.121 MiB)
  0.971289 seconds (324.60 k allocations: 322.291 MiB)
1535
2784
  0.948029 seconds (290.51 k allocations: 289.770 MiB)
284
  0.782871 seconds (469.05 k allocations: 462.328 MiB)
7812
  0.887566 seconds (543.32 k allocations: 534.370 MiB)
6535
  0.880877 seconds (534.12 k allocations: 525.332 MiB)
4033
  0.871572 seconds (305.75 k allocations: 304.146 MiB)
5290
  0.875940 seconds (294.64 k allocations: 293.280 MiB)
9036
  0.869860 seconds (270.44 k allocations: 268.618 MiB)
285
  0.877880 seconds (298.21 k allocations: 296.231 MiB)
2785
  0.884013 seconds (373.59 k allocations: 368.126 MiB)
1536
  0.818607 seconds (553.18 k allocations: 544.879 MiB)
7813
  1.145388 seconds (451.47 k allocations: 444.129 MiB, 13.40% gc time)
  1.073004 seconds (151.48 k allocations: 150.877 MiB, 14.30% gc time)
  1.191241 seconds (510.06 k allocations: 501.415 MiB, 12.88% gc time)
  1.064654 seconds (109.57 k allocations: 109.532 MiB, 14.41% gc time)
  1.052766 seconds (77.06 k allocations: 76.176 MiB, 14.57% gc time)
  1.035799 seconds (56.79 k allocations: 55.544 MiB, 14.81% gc time)
  1.060612 seconds (95.77 k allocations: 95.317 MiB, 14.47% gc time)
5291
4034
6536
1537
286
9037
2786
  0.780539 seconds (470.71 k allocations: 459.024 MiB)
7814
  0.886429 seconds (83.30 k allocations: 85.605 MiB)
6537
  0.888218 seconds (84.09 k allocations: 87.414 MiB)
5292
  0.888171 seconds (85.76 k allocations: 87.549 MiB)
9038
  0.890946 seconds (91.59 k allocations: 94.095 MiB)
4035
  0.888508 seconds (99.41 k allocations: 101.363 MiB)
  0.892095 seconds (103.42 k allocations: 107.298 MiB)
2787
1538
  0.896698 seconds (125.72 k allocations: 129.716 MiB)
287
  0.773222 seconds (553.18 k allocations: 544.867 MiB)
7815
  0.865043 seconds (114.88 k allocations: 117.067 MiB)
6538
  0.869506 seconds (124.24 k allocations: 128.229 MiB)
9039
  0.873899 seconds (125.39 k allocations: 129.085 MiB)
  0.870048 seconds (112.18 k allocations: 114.108 MiB)
  0.871202 seconds (115.35 k allocations: 118.326 MiB)
4036
2788
5293
  0.869500 seconds (118.05 k allocations: 121.320 MiB)
1539
  0.867002 seconds (188.07 k allocations: 188.161 MiB)
288
  0.780546 seconds (553.17 k allocations: 544.860 MiB)
7816
  0.869200 seconds (211.12 k allocations: 211.589 MiB)
9040
  0.873402 seconds (207.99 k allocations: 208.351 MiB)
6539
  0.885919 seconds (235.88 k allocations: 234.822 MiB)
5294
  0.880850 seconds (242.12 k allocations: 240.561 MiB)
2789
  0.880171 seconds (256.43 k allocations: 254.061 MiB)
4037
  0.878615 seconds (259.16 k allocations: 256.440 MiB)
1540
  1.488605 seconds (258.67 k allocations: 255.707 MiB, 16.60% gc time)
  1.032012 seconds (180.79 k allocations: 179.082 MiB, 23.95% gc time)
289
7817
  0.773511 seconds (1 allocation: 12.688 KiB)
7818
  0.874320 seconds (336.79 k allocations: 331.866 MiB)
6540
  0.875736 seconds (212.10 k allocations: 209.840 MiB)
290
  0.884571 seconds (239.55 k allocations: 238.314 MiB)
4038
  1.050352 seconds (516.59 k allocations: 510.551 MiB)
9041
  1.049578 seconds (430.31 k allocations: 426.515 MiB)
5295
  1.039091 seconds (397.71 k allocations: 393.861 MiB)
2790
  1.030285 seconds (399.88 k allocations: 395.691 MiB)
1541
  0.774174 seconds (497.17 k allocations: 490.255 MiB)
7819
  0.868647 seconds (508.62 k allocations: 500.236 MiB)
6541
  0.868426 seconds (452.39 k allocations: 446.224 MiB)
291
  0.874553 seconds (473.57 k allocations: 466.268 MiB)
4039
  0.870318 seconds (427.25 k allocations: 421.436 MiB)
9042
  0.870220 seconds (383.42 k allocations: 379.248 MiB)
5296
  0.875901 seconds (400.36 k allocations: 395.245 MiB)
2791
  0.878675 seconds (434.76 k allocations: 427.920 MiB)
1542
  0.820585 seconds (553.38 k allocations: 545.508 MiB)
7820
  1.217986 seconds (372.67 k allocations: 366.896 MiB, 11.31% gc time)
  1.073490 seconds (192.92 k allocations: 189.278 MiB, 12.84% gc time)
  1.270038 seconds (495.34 k allocations: 486.731 MiB, 10.85% gc time)
  1.054124 seconds (121.12 k allocations: 119.326 MiB, 13.07% gc time)
  1.227704 seconds (383.35 k allocations: 378.296 MiB, 11.22% gc time)
  1.034763 seconds (72.76 k allocations: 71.981 MiB, 13.32% gc time)
  1.020965 seconds (57.11 k allocations: 56.039 MiB, 13.50% gc time)
1543
9043
4040
6542
2792
292
5297
  0.782976 seconds (463.99 k allocations: 452.604 MiB)
7821
  0.881560 seconds (272.26 k allocations: 270.094 MiB)
4041
  0.890420 seconds (139.66 k allocations: 141.713 MiB)
  0.888722 seconds (138.71 k allocations: 136.873 MiB)
6543
  0.889680 seconds (139.99 k allocations: 138.850 MiB)
  0.892330 seconds (143.87 k allocations: 146.195 MiB)
5298
2793
293
  0.890574 seconds (155.38 k allocations: 155.835 MiB)
9044
  0.894469 seconds (170.39 k allocations: 171.182 MiB)
1544
  0.778467 seconds (553.16 k allocations: 544.822 MiB)
7822
  0.871079 seconds (444.57 k allocations: 435.009 MiB)
4042
  0.858699 seconds (128.44 k allocations: 127.395 MiB)
294
  0.865524 seconds (142.10 k allocations: 141.436 MiB)
5299
  0.866526 seconds (148.77 k allocations: 148.822 MiB)
9045
  0.869061 seconds (157.19 k allocations: 157.855 MiB)
  0.870770 seconds (161.90 k allocations: 165.044 MiB)
6544
2794
  0.868804 seconds (189.27 k allocations: 189.279 MiB)
1545
  0.758360 seconds (553.17 k allocations: 544.854 MiB)
7823
  0.867963 seconds (379.22 k allocations: 372.446 MiB)
4043
  0.846293 seconds (163.06 k allocations: 165.360 MiB)
295
  0.851451 seconds (132.57 k allocations: 135.911 MiB)
5300
  0.851071 seconds (121.13 k allocations: 124.726 MiB)
  0.848312 seconds (113.14 k allocations: 116.122 MiB)
9046
6545
  0.852625 seconds (141.20 k allocations: 143.499 MiB)
2795
  0.857339 seconds (169.77 k allocations: 170.594 MiB)
1546
  0.988367 seconds (246.70 k allocations: 242.976 MiB, 21.25% gc time)
7824
  0.778033 seconds (1 allocation: 12.688 KiB)
7825
  0.871099 seconds (280.08 k allocations: 277.564 MiB)
6546
  0.981410 seconds (266.11 k allocations: 265.193 MiB)
5301
  0.964363 seconds (189.55 k allocations: 188.012 MiB)
  0.989126 seconds (276.91 k allocations: 277.456 MiB)
2796
  0.965827 seconds (193.02 k allocations: 193.299 MiB)
9047
296
  0.970299 seconds (224.38 k allocations: 224.350 MiB)
1547
  0.984359 seconds (273.25 k allocations: 275.782 MiB)
4044
  0.781993 seconds (484.36 k allocations: 478.084 MiB)
7826
  0.884205 seconds (553.21 k allocations: 544.962 MiB)
6547
  0.877140 seconds (213.43 k allocations: 214.830 MiB)
5302
  0.878317 seconds (188.97 k allocations: 189.972 MiB)
  0.876929 seconds (184.52 k allocations: 185.432 MiB)
2797
9048
  0.887482 seconds (221.88 k allocations: 223.434 MiB)
297
  0.883762 seconds (227.56 k allocations: 227.456 MiB)
  0.881054 seconds (230.23 k allocations: 229.709 MiB)
1548
4045
  0.819627 seconds (553.20 k allocations: 544.924 MiB)
7827
  1.060037 seconds (156.05 k allocations: 156.413 MiB, 14.68% gc time)
  1.197805 seconds (530.55 k allocations: 521.978 MiB, 12.99% gc time)
  1.051679 seconds (103.04 k allocations: 103.204 MiB, 14.80% gc time)
  1.037634 seconds (57.66 k allocations: 57.377 MiB, 15.00% gc time)
  1.050137 seconds (96.72 k allocations: 97.334 MiB, 14.82% gc time)
  1.035179 seconds (56.88 k allocations: 55.594 MiB, 15.03% gc time)
  1.042349 seconds (67.89 k allocations: 68.674 MiB, 14.93% gc time)
5303
298
4046
6548
9049
1549
2798
  0.782833 seconds (465.06 k allocations: 453.612 MiB)
7828
  0.887551 seconds (89.34 k allocations: 91.395 MiB)
2799
  0.887170 seconds (86.05 k allocations: 87.998 MiB)
  0.888276 seconds (88.29 k allocations: 90.134 MiB)
  0.887479 seconds (86.81 k allocations: 90.354 MiB)
6549
299
1550
  0.889098 seconds (91.44 k allocations: 96.196 MiB)
5304
  0.887626 seconds (114.48 k allocations: 116.816 MiB)
9050
  0.895197 seconds (147.02 k allocations: 150.147 MiB)
4047
  0.781298 seconds (553.38 k allocations: 545.502 MiB)
7829
  0.875896 seconds (199.10 k allocations: 200.078 MiB)
2800
  0.883111 seconds (195.18 k allocations: 196.085 MiB)
1551
  0.882872 seconds (191.65 k allocations: 192.404 MiB)
5305
  0.883789 seconds (196.29 k allocations: 196.649 MiB)
4048
  0.871314 seconds (179.44 k allocations: 179.358 MiB)
9051
  0.888000 seconds (260.44 k allocations: 259.088 MiB)
6550
  0.874597 seconds (303.95 k allocations: 299.227 MiB)
300
  0.792357 seconds (553.31 k allocations: 545.279 MiB)
7830
  0.882885 seconds (326.35 k allocations: 321.858 MiB)
2801
  0.888419 seconds (301.01 k allocations: 297.481 MiB)
5306
  0.888451 seconds (293.34 k allocations: 289.926 MiB)
9052
  0.883788 seconds (293.20 k allocations: 289.569 MiB)
  0.881971 seconds (293.37 k allocations: 289.057 MiB)
  1.531824 seconds (222.43 k allocations: 221.538 MiB, 22.29% gc time)
  1.511738 seconds (206.20 k allocations: 204.828 MiB, 22.59% gc time)
  1.126354 seconds (127.45 k allocations: 127.340 MiB, 30.32% gc time)
4049
1552
6551
301
7831
  0.780529 seconds (242 allocations: 1.466 MiB)
7832
  0.871457 seconds (398.61 k allocations: 391.060 MiB)
2802
  0.979371 seconds (397.22 k allocations: 391.916 MiB)
5307
  1.015349 seconds (343.67 k allocations: 341.690 MiB)
9053
  1.010632 seconds (263.19 k allocations: 263.211 MiB)
4050
  1.013231 seconds (272.46 k allocations: 269.403 MiB)
302
  1.022051 seconds (291.56 k allocations: 292.398 MiB)
1553
  1.018272 seconds (295.22 k allocations: 293.203 MiB)
6552
  0.782275 seconds (487.67 k allocations: 481.317 MiB)
7833
  0.882054 seconds (553.24 k allocations: 545.064 MiB)
2803
  0.881349 seconds (553.23 k allocations: 545.019 MiB)
5308
  0.882851 seconds (345.86 k allocations: 342.511 MiB)
9054
  0.881018 seconds (284.61 k allocations: 282.414 MiB)
303
  0.884055 seconds (291.07 k allocations: 289.612 MiB)
4051
  0.880607 seconds (294.75 k allocations: 292.866 MiB)
6553
  0.881297 seconds (310.24 k allocations: 307.448 MiB)
1554
  0.827154 seconds (553.17 k allocations: 544.835 MiB)
7834
  1.292023 seconds (530.40 k allocations: 521.837 MiB, 13.38% gc time)
  1.155277 seconds (451.40 k allocations: 444.029 MiB, 14.96% gc time)
  1.080414 seconds (170.31 k allocations: 168.870 MiB, 16.00% gc time)
  1.062981 seconds (84.56 k allocations: 84.520 MiB, 16.26% gc time)
  1.064375 seconds (88.35 k allocations: 88.440 MiB, 16.24% gc time)
  1.055085 seconds (65.82 k allocations: 65.692 MiB, 16.38% gc time)
  1.046313 seconds (57.19 k allocations: 56.367 MiB, 16.52% gc time)
5309
9055
4052
6554
304
1555
2804
  0.783116 seconds (470.66 k allocations: 458.962 MiB)
7835
  0.888304 seconds (79.02 k allocations: 77.838 MiB)
  0.890093 seconds (79.20 k allocations: 79.442 MiB)
9056
1556
  0.891365 seconds (82.23 k allocations: 82.921 MiB)
2805
  0.894178 seconds (87.42 k allocations: 90.059 MiB)
5310
  0.892514 seconds (91.59 k allocations: 93.744 MiB)
4053
  0.899047 seconds (111.08 k allocations: 115.890 MiB)
  0.898088 seconds (110.03 k allocations: 113.660 MiB)
305
6555
  0.780730 seconds (553.18 k allocations: 544.867 MiB)
7836
  0.877465 seconds (103.52 k allocations: 107.428 MiB)
9057
  0.879177 seconds (98.35 k allocations: 102.258 MiB)
  0.873242 seconds (82.88 k allocations: 83.486 MiB)
1557
306
  0.879196 seconds (95.04 k allocations: 98.611 MiB)
  0.877983 seconds (91.95 k allocations: 95.624 MiB)
5311
4054
  0.879578 seconds (121.45 k allocations: 123.411 MiB)
6556
  0.888481 seconds (148.81 k allocations: 154.241 MiB)
2806
  0.781537 seconds (553.17 k allocations: 544.848 MiB)
7837
  0.872920 seconds (104.34 k allocations: 108.193 MiB)
  0.872569 seconds (102.17 k allocations: 103.687 MiB)
9058
307
  0.876896 seconds (106.79 k allocations: 109.109 MiB)
4055
  0.870640 seconds (93.86 k allocations: 95.246 MiB)
  0.879642 seconds (114.82 k allocations: 118.702 MiB)
6557
  0.879624 seconds (116.04 k allocations: 120.830 MiB)
1558
5312
  0.882305 seconds (147.67 k allocations: 149.697 MiB)
2807
  0.967956 seconds (273.27 k allocations: 268.693 MiB, 19.17% gc time)
7838
  0.873223 seconds (241.28 k allocations: 239.481 MiB)
6558
  0.807035 seconds (14.27 k allocations: 14.649 MiB)
7839
  0.966377 seconds (222.90 k allocations: 222.619 MiB)
2808
  0.979775 seconds (278.99 k allocations: 279.687 MiB)
  0.967188 seconds (221.15 k allocations: 222.121 MiB)
9059
4056
  0.967920 seconds (226.74 k allocations: 228.027 MiB)
5313
  0.962969 seconds (221.56 k allocations: 221.632 MiB)
1559
  0.969420 seconds (268.96 k allocations: 267.986 MiB)
308
  0.780424 seconds (474.17 k allocations: 467.079 MiB)
7840
  0.874187 seconds (565.61 k allocations: 558.012 MiB)
6559
  0.879416 seconds (210.85 k allocations: 212.715 MiB)
  0.876384 seconds (194.66 k allocations: 194.947 MiB)
2809
9060
  0.879345 seconds (199.31 k allocations: 201.214 MiB)
4057
  0.877468 seconds (196.10 k allocations: 196.720 MiB)
1560
  0.881905 seconds (215.45 k allocations: 216.201 MiB)
5314
  0.879004 seconds (239.06 k allocations: 238.540 MiB)
309
  0.820235 seconds (553.36 k allocations: 545.451 MiB)
7841
  1.043555 seconds (107.95 k allocations: 109.504 MiB, 14.34% gc time)
  1.175412 seconds (530.23 k allocations: 522.002 MiB, 12.74% gc time)
  1.043957 seconds (109.92 k allocations: 111.376 MiB, 14.34% gc time)
  1.039345 seconds (88.19 k allocations: 89.319 MiB, 14.40% gc time)
  1.033132 seconds (65.65 k allocations: 66.803 MiB, 14.49% gc time)
  1.031082 seconds (62.49 k allocations: 62.706 MiB, 14.52% gc time)
  1.025376 seconds (57.41 k allocations: 57.509 MiB, 14.60% gc time)
4058
5315
2810
6560
310
1561
9061
  0.783737 seconds (466.59 k allocations: 455.075 MiB)
7842
  0.881240 seconds (86.49 k allocations: 89.883 MiB)
311
  0.886692 seconds (90.92 k allocations: 92.676 MiB)
  0.886879 seconds (91.31 k allocations: 93.955 MiB)
6561
  0.886984 seconds (92.05 k allocations: 94.483 MiB)
4059
1562
  0.889601 seconds (105.25 k allocations: 108.146 MiB)
  0.886124 seconds (107.79 k allocations: 110.376 MiB)
5316
9062
  0.890752 seconds (119.20 k allocations: 123.558 MiB)
2811
  0.782203 seconds (553.23 k allocations: 545.019 MiB)
7843
  0.879840 seconds (100.35 k allocations: 104.360 MiB)
4060
  0.879716 seconds (93.83 k allocations: 97.902 MiB)
  0.876714 seconds (82.12 k allocations: 83.970 MiB)
1563
9063
  0.881204 seconds (95.92 k allocations: 101.910 MiB)
6562
  0.880862 seconds (102.09 k allocations: 103.910 MiB)
  0.881264 seconds (104.84 k allocations: 107.172 MiB)
5317
312
  0.882832 seconds (124.94 k allocations: 127.799 MiB)
2812
  0.781248 seconds (553.22 k allocations: 544.994 MiB)
7844
  0.872838 seconds (120.64 k allocations: 121.356 MiB)
6563
  0.879509 seconds (138.90 k allocations: 142.233 MiB)
4061
  0.885037 seconds (150.25 k allocations: 154.090 MiB)
1564
  0.886272 seconds (152.51 k allocations: 154.809 MiB)
9064
  0.882510 seconds (153.19 k allocations: 153.993 MiB)
  0.886963 seconds (162.64 k allocations: 165.077 MiB)
2813
5318
  0.870789 seconds (254.49 k allocations: 251.692 MiB)
313
  0.949265 seconds (266.62 k allocations: 262.084 MiB, 17.67% gc time)
7845
  0.873928 seconds (246.50 k allocations: 244.456 MiB)
  0.795995 seconds (53 allocations: 55.852 KiB)
6564
7846
  0.975837 seconds (255.62 k allocations: 255.553 MiB)
4062
  0.982340 seconds (248.66 k allocations: 248.705 MiB)
9065
  0.996206 seconds (302.56 k allocations: 303.657 MiB)
2814
  0.980854 seconds (244.17 k allocations: 245.246 MiB)
5319
  0.991113 seconds (307.81 k allocations: 305.893 MiB)
1565
  0.972831 seconds (331.30 k allocations: 328.129 MiB)
314
  0.781223 seconds (474.18 k allocations: 467.124 MiB)
7847
  0.884611 seconds (553.20 k allocations: 544.949 MiB)
6565
  0.877057 seconds (301.34 k allocations: 298.910 MiB)
4063
  0.882968 seconds (243.61 k allocations: 243.417 MiB)
  0.880576 seconds (232.38 k allocations: 231.208 MiB)
2815
9066
  0.882353 seconds (238.98 k allocations: 238.550 MiB)
5320
  0.879040 seconds (255.63 k allocations: 254.278 MiB)
1566
  0.871171 seconds (260.95 k allocations: 259.102 MiB)
315
  0.781945 seconds (553.18 k allocations: 544.892 MiB)
7848
  1.058510 seconds (212.25 k allocations: 210.278 MiB, 13.68% gc time)
  1.037505 seconds (85.85 k allocations: 85.627 MiB, 13.96% gc time)
  1.184159 seconds (529.98 k allocations: 521.494 MiB, 12.23% gc time)
  1.040255 seconds (95.71 k allocations: 97.500 MiB, 13.92% gc time)
  1.037190 seconds (85.07 k allocations: 84.914 MiB, 13.97% gc time)
  1.025646 seconds (57.08 k allocations: 57.348 MiB, 14.12% gc time)
  1.023536 seconds (56.91 k allocations: 56.583 MiB, 14.15% gc time)
4064
2816
6566
316
9067
1567
5321
  0.762558 seconds (471.64 k allocations: 459.906 MiB)
7849
  0.862992 seconds (107.87 k allocations: 112.790 MiB)
4065
  0.863965 seconds (94.70 k allocations: 97.485 MiB)
9068
  0.867222 seconds (114.05 k allocations: 113.327 MiB)
5322
  0.884672 seconds (156.94 k allocations: 159.030 MiB)
  0.883929 seconds (155.93 k allocations: 159.034 MiB)
6567
317
  0.883046 seconds (167.30 k allocations: 168.473 MiB)
1568
  0.890352 seconds (214.47 k allocations: 214.602 MiB)
2817
  0.781190 seconds (553.17 k allocations: 544.860 MiB)
7850
  0.871272 seconds (218.48 k allocations: 217.433 MiB)
9069
  0.879128 seconds (260.48 k allocations: 259.832 MiB)
4066
  0.885874 seconds (217.68 k allocations: 217.434 MiB)
5323
  0.881280 seconds (194.47 k allocations: 195.344 MiB)
  0.878174 seconds (186.53 k allocations: 187.006 MiB)
6568
1569
  0.881947 seconds (237.34 k allocations: 236.051 MiB)
2818
  0.878477 seconds (335.35 k allocations: 329.630 MiB)
318
  0.782328 seconds (553.43 k allocations: 545.679 MiB)
7851
  0.878027 seconds (339.60 k allocations: 334.544 MiB)
9070
  0.882732 seconds (332.32 k allocations: 327.317 MiB)
4067
  0.877656 seconds (269.66 k allocations: 266.258 MiB)
  0.878910 seconds (272.69 k allocations: 270.450 MiB)
6569
1570
  0.888162 seconds (324.34 k allocations: 319.736 MiB)
2819
  1.349853 seconds (276.52 k allocations: 273.770 MiB, 12.26% gc time)
  0.948276 seconds (165.13 k allocations: 163.767 MiB, 17.45% gc time)
  1.310824 seconds (244.40 k allocations: 241.821 MiB, 12.63% gc time)
7852
5324
319
  0.882230 seconds (341.84 k allocations: 335.704 MiB)
9071
  0.809355 seconds (14.70 k allocations: 15.045 MiB)
7853
  0.880274 seconds (193.60 k allocations: 193.369 MiB)
5325
  0.889410 seconds (218.75 k allocations: 215.953 MiB)
320
  0.982637 seconds (501.96 k allocations: 495.417 MiB)
4068
  0.954979 seconds (357.00 k allocations: 353.992 MiB)
1571
  0.971922 seconds (416.83 k allocations: 413.448 MiB)
6570
  0.961569 seconds (410.39 k allocations: 407.023 MiB)
2820
  0.782553 seconds (435.83 k allocations: 429.462 MiB)
7854
  0.878848 seconds (536.76 k allocations: 529.505 MiB)
9072
  0.879513 seconds (504.69 k allocations: 496.263 MiB)
5326
  0.873428 seconds (455.55 k allocations: 447.313 MiB)
321
  0.882982 seconds (364.70 k allocations: 360.386 MiB)
4069
  0.877176 seconds (337.29 k allocations: 333.908 MiB)
1572
  0.876001 seconds (343.24 k allocations: 339.376 MiB)
6571
  0.885928 seconds (423.68 k allocations: 417.352 MiB)
2821
  0.782476 seconds (553.20 k allocations: 544.924 MiB)
7855
  1.202809 seconds (500.88 k allocations: 492.660 MiB, 13.50% gc time)
  1.164762 seconds (424.10 k allocations: 416.926 MiB, 13.94% gc time)
  1.077942 seconds (113.29 k allocations: 113.187 MiB, 15.07% gc time)
  1.073146 seconds (96.56 k allocations: 96.091 MiB, 15.13% gc time)
  1.123214 seconds (323.55 k allocations: 316.863 MiB, 14.46% gc time)
  1.043813 seconds (56.80 k allocations: 55.799 MiB, 15.56% gc time)
  1.067519 seconds (84.15 k allocations: 83.493 MiB, 15.21% gc time)
1573
5327
4070
2822
322
6572
9073
  0.782919 seconds (467.04 k allocations: 455.530 MiB)
7856
  0.888037 seconds (80.29 k allocations: 81.506 MiB)
4071
  0.889894 seconds (81.10 k allocations: 82.036 MiB)
  0.890972 seconds (83.00 k allocations: 85.203 MiB)
  0.891403 seconds (84.21 k allocations: 88.134 MiB)
  0.889023 seconds (83.65 k allocations: 85.366 MiB)
323
5328
2823
9074
  0.889864 seconds (89.28 k allocations: 92.649 MiB)
6573
  0.893462 seconds (103.68 k allocations: 107.397 MiB)
1574
  0.782161 seconds (553.37 k allocations: 545.489 MiB)
7857
  0.872799 seconds (85.29 k allocations: 86.290 MiB)
324
  0.879409 seconds (109.59 k allocations: 115.414 MiB)
  0.876496 seconds (90.41 k allocations: 93.106 MiB)
4072
9075
  0.872802 seconds (97.64 k allocations: 98.641 MiB)
  0.881909 seconds (110.53 k allocations: 114.361 MiB)
1575
  0.879599 seconds (109.41 k allocations: 113.093 MiB)
2824
  0.883115 seconds (118.72 k allocations: 124.188 MiB)
6574
5329
  0.766949 seconds (553.20 k allocations: 544.949 MiB)
7858
  0.872488 seconds (148.96 k allocations: 152.151 MiB)
325
  0.870972 seconds (130.56 k allocations: 134.272 MiB)
9076
  0.869982 seconds (103.94 k allocations: 106.169 MiB)
  0.870560 seconds (105.14 k allocations: 107.416 MiB)
6575
5330
  0.866939 seconds (103.01 k allocations: 106.309 MiB)
4073
  0.878478 seconds (127.64 k allocations: 132.126 MiB)
1576
  0.876137 seconds (138.65 k allocations: 141.188 MiB)
2825
  0.954675 seconds (266.36 k allocations: 262.145 MiB, 17.83% gc time)
7859
  0.772416 seconds (1 allocation: 12.688 KiB)
7860
  0.872735 seconds (275.23 k allocations: 272.950 MiB)
9077
  0.963374 seconds (257.07 k allocations: 256.561 MiB)
1577
  0.987522 seconds (338.07 k allocations: 336.297 MiB)
6576
  0.969309 seconds (234.05 k allocations: 235.302 MiB)
4074
  0.961660 seconds (221.70 k allocations: 220.779 MiB)
5331
  0.968085 seconds (234.89 k allocations: 235.608 MiB)
2826
  0.992995 seconds (389.74 k allocations: 384.861 MiB)
326
  0.782412 seconds (506.46 k allocations: 499.576 MiB)
7861
  0.884660 seconds (553.36 k allocations: 545.451 MiB)
9078
  0.881114 seconds (314.31 k allocations: 311.361 MiB)
1578
  0.873459 seconds (252.76 k allocations: 252.230 MiB)
6577
  0.877663 seconds (238.19 k allocations: 236.818 MiB)
4075
  0.882982 seconds (258.66 k allocations: 257.365 MiB)
2827
  0.882682 seconds (266.60 k allocations: 264.716 MiB)
5332
  0.883214 seconds (402.37 k allocations: 394.500 MiB)
327
  0.885464 seconds (553.21 k allocations: 544.956 MiB)
7862
  1.206689 seconds (530.47 k allocations: 521.990 MiB, 14.25% gc time)
  1.090105 seconds (206.83 k allocations: 205.048 MiB, 15.78% gc time)
  1.066799 seconds (96.84 k allocations: 96.145 MiB, 16.12% gc time)
  1.087261 seconds (190.55 k allocations: 188.281 MiB, 15.82% gc time)
  1.072464 seconds (116.93 k allocations: 116.613 MiB, 16.04% gc time)
  1.062770 seconds (88.69 k allocations: 87.230 MiB, 16.18% gc time)
  1.037690 seconds (57.49 k allocations: 57.183 MiB, 16.57% gc time)
5333
9079
4076
2828
1579
328
6578
  0.782787 seconds (455.95 k allocations: 444.883 MiB)
7863
  0.877557 seconds (119.97 k allocations: 124.354 MiB)
329
  0.885170 seconds (114.58 k allocations: 117.745 MiB)
  0.887440 seconds (122.34 k allocations: 126.099 MiB)
1580
2829
  0.883774 seconds (108.45 k allocations: 111.402 MiB)
5334
  0.883522 seconds (111.14 k allocations: 114.970 MiB)
4077
  0.883058 seconds (142.33 k allocations: 143.433 MiB)
6579
  0.988270 seconds (553.31 k allocations: 546.267 MiB)
9080
  0.782400 seconds (553.21 k allocations: 544.956 MiB)
7864
  0.880057 seconds (172.16 k allocations: 172.860 MiB)
1581
  0.879595 seconds (166.71 k allocations: 167.453 MiB)
  0.880216 seconds (168.11 k allocations: 168.813 MiB)
4078
330
  0.882487 seconds (175.68 k allocations: 176.787 MiB)
5335
  0.878465 seconds (181.50 k allocations: 182.154 MiB)
6580
  0.889133 seconds (217.11 k allocations: 218.496 MiB)
2830
  0.881895 seconds (526.02 k allocations: 516.557 MiB)
9081
  0.781571 seconds (553.23 k allocations: 545.038 MiB)
7865
  0.871712 seconds (313.80 k allocations: 309.658 MiB)
1582
  0.879203 seconds (321.93 k allocations: 318.397 MiB)
4079
  0.883674 seconds (285.46 k allocations: 283.284 MiB)
2831
  0.879535 seconds (275.68 k allocations: 273.672 MiB)
5336
  0.873642 seconds (278.03 k allocations: 274.695 MiB)
6581
  0.875063 seconds (259.71 k allocations: 256.923 MiB)
331
  0.881216 seconds (250.02 k allocations: 247.419 MiB)
9082
  1.047021 seconds (177.59 k allocations: 176.829 MiB, 25.31% gc time)
7866
  0.765461 seconds (1 allocation: 12.688 KiB)
7867
  0.878579 seconds (386.17 k allocations: 379.100 MiB)
1583
  0.977653 seconds (358.06 k allocations: 354.404 MiB)
4080
  0.961678 seconds (226.90 k allocations: 227.414 MiB)
5337
  0.975680 seconds (282.59 k allocations: 282.956 MiB)
2832
  0.963594 seconds (231.82 k allocations: 232.900 MiB)
6582
  0.958078 seconds (230.26 k allocations: 229.953 MiB)
332
  0.962001 seconds (254.60 k allocations: 254.207 MiB)
9083
  0.781710 seconds (515.77 k allocations: 508.172 MiB)
7868
  0.879495 seconds (553.22 k allocations: 545.000 MiB)
1584
  0.882335 seconds (310.49 k allocations: 307.670 MiB)
4081
  0.876982 seconds (205.83 k allocations: 206.071 MiB)
2833
  0.881577 seconds (218.05 k allocations: 218.735 MiB)
5338
  0.873408 seconds (191.37 k allocations: 191.739 MiB)
333
  0.881040 seconds (219.14 k allocations: 220.560 MiB)
6583
  0.877664 seconds (234.96 k allocations: 234.252 MiB)
9084
  0.826255 seconds (553.19 k allocations: 544.905 MiB)
7869
  1.062360 seconds (117.86 k allocations: 118.690 MiB, 14.81% gc time)
  1.207559 seconds (530.44 k allocations: 521.917 MiB, 13.03% gc time)
  1.067559 seconds (146.93 k allocations: 147.743 MiB, 14.74% gc time)
  1.050715 seconds (72.59 k allocations: 71.866 MiB, 14.97% gc time)
  1.035767 seconds (56.83 k allocations: 55.640 MiB, 15.19% gc time)
  1.050859 seconds (72.92 k allocations: 72.339 MiB, 14.97% gc time)
  1.054045 seconds (80.22 k allocations: 81.840 MiB, 14.93% gc time)
5339
2834
1585
9085
334
4082
6584
  0.782874 seconds (469.88 k allocations: 458.240 MiB)
7870
  0.887482 seconds (90.08 k allocations: 94.542 MiB)
2835
  0.886645 seconds (83.67 k allocations: 84.490 MiB)
  0.885219 seconds (82.44 k allocations: 83.412 MiB)
5340
9086
  0.891658 seconds (96.53 k allocations: 103.654 MiB)
335
  0.889441 seconds (95.09 k allocations: 98.761 MiB)
4083
  0.891723 seconds (104.90 k allocations: 109.146 MiB)
6585
  0.891270 seconds (138.71 k allocations: 141.259 MiB)
1586
  0.780514 seconds (553.33 k allocations: 545.336 MiB)
7871
  0.871362 seconds (115.96 k allocations: 116.845 MiB)
  0.876419 seconds (132.36 k allocations: 137.117 MiB)
9087
2836
  0.876720 seconds (125.16 k allocations: 128.815 MiB)
5341
  0.874452 seconds (126.64 k allocations: 127.530 MiB)
  0.880714 seconds (140.78 k allocations: 144.130 MiB)
1587
4084
  0.879037 seconds (139.33 k allocations: 142.883 MiB)
6586
  0.878331 seconds (324.49 k allocations: 318.595 MiB)
336
  0.781286 seconds (553.15 k allocations: 544.772 MiB)
7872
  0.878372 seconds (171.13 k allocations: 172.120 MiB)
  0.878700 seconds (169.82 k allocations: 171.818 MiB)
5342
9088
  0.875968 seconds (153.13 k allocations: 153.219 MiB)
  0.880654 seconds (160.98 k allocations: 162.667 MiB)
6587
  0.881467 seconds (163.56 k allocations: 166.346 MiB)
1588
4085
  0.879429 seconds (175.04 k allocations: 175.952 MiB)
2837
  0.873755 seconds (226.95 k allocations: 225.424 MiB)
337
  0.998933 seconds (283.80 k allocations: 278.600 MiB, 21.44% gc time)
7873
  0.775022 seconds (1 allocation: 12.688 KiB)
7874
  0.924771 seconds (305.77 k allocations: 303.371 MiB)
4086
  0.981043 seconds (246.00 k allocations: 245.930 MiB)
5343
  0.978813 seconds (227.12 k allocations: 227.621 MiB)
9089
  0.978998 seconds (227.54 k allocations: 226.577 MiB)
6588
  0.992465 seconds (266.32 k allocations: 268.382 MiB)
2838
  0.985041 seconds (247.23 k allocations: 247.401 MiB)
1589
  0.967210 seconds (240.50 k allocations: 240.719 MiB)
338
  0.781772 seconds (553.18 k allocations: 544.886 MiB)
7875
  0.878471 seconds (553.18 k allocations: 544.886 MiB)
4087
  0.867204 seconds (239.34 k allocations: 239.587 MiB)
5344
  0.868097 seconds (200.92 k allocations: 202.568 MiB)
9090
  0.876131 seconds (212.42 k allocations: 212.111 MiB)
2839
  0.876255 seconds (217.22 k allocations: 216.455 MiB)
1590
  0.881168 seconds (235.20 k allocations: 234.636 MiB)
  0.873085 seconds (228.38 k allocations: 227.396 MiB)
6589
339
  0.776939 seconds (553.17 k allocations: 544.848 MiB)
7876
  1.057640 seconds (192.16 k allocations: 190.984 MiB, 14.25% gc time)
  1.132968 seconds (530.55 k allocations: 521.953 MiB, 13.30% gc time)
  1.051150 seconds (152.82 k allocations: 152.111 MiB, 14.34% gc time)
  1.034434 seconds (68.74 k allocations: 70.422 MiB, 14.57% gc time)
  1.032372 seconds (62.72 k allocations: 63.568 MiB, 14.60% gc time)
  1.028851 seconds (57.04 k allocations: 55.973 MiB, 14.65% gc time)
  1.028175 seconds (57.28 k allocations: 56.454 MiB, 14.66% gc time)
5345
9091
2840
1591
340
4088
6590
  0.783181 seconds (472.07 k allocations: 460.326 MiB)
7877
  0.887537 seconds (87.52 k allocations: 89.705 MiB)
  0.887179 seconds (86.28 k allocations: 88.516 MiB)
  0.887545 seconds (86.74 k allocations: 89.277 MiB)
2841
341
9092
  0.889506 seconds (91.47 k allocations: 93.979 MiB)
1592
  0.890918 seconds (103.62 k allocations: 106.631 MiB)
4089
  0.893903 seconds (124.01 k allocations: 127.157 MiB)
5346
  0.893982 seconds (169.96 k allocations: 170.904 MiB)
6591
  0.781840 seconds (553.20 k allocations: 544.930 MiB)
7878
  0.877787 seconds (139.17 k allocations: 142.756 MiB)
2842
  0.877604 seconds (122.33 k allocations: 125.173 MiB)
9093
  0.879976 seconds (125.98 k allocations: 129.630 MiB)
1593
  0.879124 seconds (115.63 k allocations: 118.315 MiB)
  0.878977 seconds (117.12 k allocations: 120.683 MiB)
4090
5347
  0.879239 seconds (141.95 k allocations: 144.571 MiB)
342
  0.887978 seconds (231.37 k allocations: 229.884 MiB)
6592
  0.765216 seconds (553.48 k allocations: 545.838 MiB)
7879
  0.845850 seconds (143.81 k allocations: 143.523 MiB)
9094
  0.850367 seconds (146.01 k allocations: 145.411 MiB)
5348
  0.856632 seconds (159.94 k allocations: 159.709 MiB)
4091
  0.874985 seconds (244.99 k allocations: 246.984 MiB)
2843
  0.880719 seconds (255.48 k allocations: 255.562 MiB)
1594
  0.875084 seconds (254.36 k allocations: 251.803 MiB)
6593
  0.866229 seconds (269.76 k allocations: 266.303 MiB)
343
  0.962522 seconds (261.04 k allocations: 256.727 MiB, 20.23% gc time)
7880
  0.774819 seconds (1 allocation: 12.688 KiB)
7881
  0.885754 seconds (281.33 k allocations: 278.785 MiB)
9095
  0.891847 seconds (266.02 k allocations: 262.690 MiB)
5349
  0.892902 seconds (269.01 k allocations: 266.531 MiB)
4092
  0.969063 seconds (415.40 k allocations: 410.027 MiB)
  0.968761 seconds (414.60 k allocations: 409.270 MiB)
1595
2844
  0.958004 seconds (383.65 k allocations: 380.366 MiB)
6594
  0.954663 seconds (387.25 k allocations: 383.552 MiB)
344
  0.782563 seconds (478.34 k allocations: 470.218 MiB)
7882
  0.878219 seconds (434.88 k allocations: 429.601 MiB)
9096
  0.877987 seconds (412.86 k allocations: 407.084 MiB)
5350
  0.880937 seconds (423.37 k allocations: 418.169 MiB)
4093
  0.878366 seconds (373.00 k allocations: 368.264 MiB)
  0.879020 seconds (372.37 k allocations: 368.628 MiB)
2845
1596
  0.876693 seconds (375.94 k allocations: 370.637 MiB)
345
  0.891312 seconds (420.67 k allocations: 416.096 MiB)
6595
  0.799950 seconds (553.42 k allocations: 545.628 MiB)
7883
  1.178324 seconds (410.42 k allocations: 405.553 MiB, 12.70% gc time)
  1.164540 seconds (376.20 k allocations: 371.574 MiB, 12.85% gc time)
  1.160228 seconds (372.77 k allocations: 367.061 MiB, 12.90% gc time)
  1.062581 seconds (134.50 k allocations: 132.333 MiB, 14.08% gc time)
  1.062291 seconds (133.75 k allocations: 131.615 MiB, 14.08% gc time)
  1.026170 seconds (57.16 k allocations: 56.264 MiB, 14.58% gc time)
  1.036908 seconds (69.43 k allocations: 69.245 MiB, 14.43% gc time)
1597
4094
9097
346
5351
6596
2846
  0.778986 seconds (464.71 k allocations: 453.268 MiB)
7884
  0.888193 seconds (94.02 k allocations: 98.283 MiB)
347
  0.890861 seconds (100.59 k allocations: 105.588 MiB)
4095
  0.887760 seconds (87.46 k allocations: 90.385 MiB)
9098
  0.890372 seconds (94.74 k allocations: 98.364 MiB)
2847
  0.893136 seconds (110.44 k allocations: 114.389 MiB)
5352
  0.894611 seconds (134.41 k allocations: 135.841 MiB)
6597
  0.899268 seconds (180.59 k allocations: 181.044 MiB)
1598
  0.781299 seconds (553.22 k allocations: 545.000 MiB)
7885
  0.871921 seconds (120.60 k allocations: 122.489 MiB)
  0.881746 seconds (172.60 k allocations: 175.708 MiB)
5353
  0.879400 seconds (155.35 k allocations: 158.845 MiB)
4096
9099
  0.876808 seconds (134.44 k allocations: 137.864 MiB)
6598
  0.879069 seconds (156.15 k allocations: 158.438 MiB)
2848
  0.879446 seconds (169.14 k allocations: 170.625 MiB)
1599
  0.880622 seconds (295.98 k allocations: 291.737 MiB)
348
  0.781264 seconds (553.35 k allocations: 545.425 MiB)
7886
  0.878680 seconds (240.92 k allocations: 240.108 MiB)
5354
  0.877125 seconds (194.01 k allocations: 194.994 MiB)
6599
  0.879454 seconds (189.90 k allocations: 190.865 MiB)
2849
  0.876422 seconds (199.06 k allocations: 198.202 MiB)
9100
  0.890478 seconds (219.70 k allocations: 220.180 MiB)
1600
  0.884934 seconds (227.17 k allocations: 226.260 MiB)
4097
  0.872196 seconds (274.35 k allocations: 271.163 MiB)
349
  0.973377 seconds (225.58 k allocations: 223.305 MiB, 19.45% gc time)
7887
  0.854568 seconds (287.06 k allocations: 283.277 MiB)
5355
  0.776205 seconds (2.40 k allocations: 3.292 MiB)
7888
  0.985940 seconds (294.19 k allocations: 293.282 MiB)
2850
  0.974741 seconds (227.37 k allocations: 227.910 MiB)
  0.976746 seconds (233.23 k allocations: 233.913 MiB)
6600
1601
  0.977765 seconds (243.33 k allocations: 242.722 MiB)
4098
  0.968745 seconds (258.82 k allocations: 257.276 MiB)
350
  1.013572 seconds (436.22 k allocations: 429.249 MiB)
9101
  0.782169 seconds (474.15 k allocations: 467.016 MiB)
7889
  0.879217 seconds (553.17 k allocations: 544.848 MiB)
5356
  0.879325 seconds (308.94 k allocations: 306.148 MiB)
2851
  0.878236 seconds (276.75 k allocations: 275.099 MiB)
1602
  0.880627 seconds (234.47 k allocations: 233.199 MiB)
4099
  0.872051 seconds (223.39 k allocations: 222.357 MiB)
351
  0.891461 seconds (275.44 k allocations: 274.391 MiB)
6601
  0.884385 seconds (401.63 k allocations: 393.742 MiB)
9102
  0.817087 seconds (553.18 k allocations: 544.867 MiB)
7890
  1.261288 seconds (530.52 k allocations: 521.994 MiB, 12.42% gc time)
  1.081474 seconds (140.81 k allocations: 139.412 MiB, 14.48% gc time)
  1.087344 seconds (172.34 k allocations: 172.051 MiB, 14.40% gc time)
  1.082900 seconds (146.15 k allocations: 144.665 MiB, 14.46% gc time)
  1.036355 seconds (56.93 k allocations: 55.768 MiB, 15.11% gc time)
  1.071273 seconds (104.12 k allocations: 103.472 MiB, 14.62% gc time)
  1.067021 seconds (95.45 k allocations: 94.052 MiB, 14.68% gc time)
4100
9103
352
2852
5357
1603
6602
  0.759494 seconds (472.67 k allocations: 460.906 MiB)
7891
  0.846928 seconds (107.91 k allocations: 107.933 MiB)
  0.849682 seconds (113.61 k allocations: 114.914 MiB)
9104
4101
  0.880038 seconds (197.86 k allocations: 199.653 MiB)
  0.879716 seconds (195.49 k allocations: 197.076 MiB)
  0.877153 seconds (187.89 k allocations: 187.578 MiB)
2853
353
1604
  0.880154 seconds (243.11 k allocations: 241.012 MiB)
6603
  0.958726 seconds (553.17 k allocations: 544.835 MiB)
5358
  0.752080 seconds (553.17 k allocations: 544.854 MiB)
7892
  0.854571 seconds (333.05 k allocations: 329.321 MiB)
  0.851909 seconds (316.44 k allocations: 312.694 MiB)
4102
9105
  0.871688 seconds (305.73 k allocations: 301.565 MiB)
1605
  0.882185 seconds (341.67 k allocations: 336.929 MiB)
2854
  0.873170 seconds (338.93 k allocations: 335.312 MiB)
  0.872921 seconds (341.71 k allocations: 338.890 MiB)
6604
354
  0.866626 seconds (544.23 k allocations: 535.197 MiB)
5359
  0.781006 seconds (553.21 k allocations: 544.975 MiB)
7893
  0.878134 seconds (449.62 k allocations: 440.820 MiB)
  0.877975 seconds (445.77 k allocations: 437.114 MiB)
9106
4103
  1.493735 seconds (302.79 k allocations: 298.631 MiB, 12.70% gc time)
  1.490197 seconds (297.32 k allocations: 292.135 MiB, 12.73% gc time)  1.403829 seconds (187.30 k allocations: 183.451 MiB, 13.51% gc time)

  1.495781 seconds (307.67 k allocations: 304.502 MiB, 12.68% gc time)
  0.971588 seconds (108.73 k allocations: 106.043 MiB, 19.53% gc time)
  1.453997 seconds (251.73 k allocations: 246.352 MiB, 13.05% gc time)
5360
7894
1606
6605
2855
355
  0.770481 seconds (1.96 k allocations: 4.335 MiB)
7895
  0.871883 seconds (435.31 k allocations: 426.112 MiB)
9107
  1.019188 seconds (462.64 k allocations: 454.478 MiB)
4104
  0.972929 seconds (177.10 k allocations: 178.531 MiB)
356
  0.973455 seconds (181.85 k allocations: 180.405 MiB)
1607
  0.975400 seconds (191.33 k allocations: 190.473 MiB)
  0.974953 seconds (193.00 k allocations: 192.591 MiB)
2856
6606
  1.009887 seconds (394.39 k allocations: 390.397 MiB)
5361
  0.768295 seconds (505.09 k allocations: 497.845 MiB)
7896
  0.851172 seconds (553.16 k allocations: 544.803 MiB)
9108
  0.858279 seconds (306.23 k allocations: 303.597 MiB)
4105
  0.872498 seconds (245.35 k allocations: 243.873 MiB)
1608
  0.882905 seconds (273.92 k allocations: 273.420 MiB)
  0.876904 seconds (256.43 k allocations: 253.232 MiB)
357
6607
  0.880164 seconds (265.28 k allocations: 263.882 MiB)
2857
  0.863539 seconds (309.17 k allocations: 305.643 MiB)
5362
  0.777735 seconds (553.54 k allocations: 546.028 MiB)
7897
  1.107851 seconds (330.47 k allocations: 323.396 MiB, 14.56% gc time)
  1.276768 seconds (530.84 k allocations: 523.109 MiB, 12.63% gc time)
  1.062868 seconds (93.11 k allocations: 92.633 MiB, 15.17% gc time)
  1.072858 seconds (130.33 k allocations: 130.702 MiB, 15.03% gc time)
  1.038421 seconds (56.66 k allocations: 55.400 MiB, 15.53% gc time)
  1.048552 seconds (64.10 k allocations: 63.772 MiB, 15.38% gc time)
  1.065418 seconds (99.83 k allocations: 100.819 MiB, 15.14% gc time)
4106
6608
1609
2858
9109
5363
358
  0.783421 seconds (465.83 k allocations: 454.358 MiB)
7898
  0.887563 seconds (85.74 k allocations: 89.206 MiB)
4107
  0.887176 seconds (84.36 k allocations: 85.228 MiB)
9110
  0.889631 seconds (88.20 k allocations: 89.856 MiB)
1610
  0.890673 seconds (92.62 k allocations: 95.086 MiB)
2859
  0.892162 seconds (100.73 k allocations: 103.821 MiB)
  0.892562 seconds (101.94 k allocations: 105.150 MiB)
6609
359
  0.896460 seconds (172.72 k allocations: 173.459 MiB)
5364
  0.781754 seconds (553.17 k allocations: 544.841 MiB)
7899
  0.879871 seconds (121.36 k allocations: 124.454 MiB)
  0.878467 seconds (110.41 k allocations: 113.492 MiB)
  0.879704 seconds (116.47 k allocations: 119.403 MiB)
4108
1611
9111
  0.876647 seconds (97.47 k allocations: 102.429 MiB)
2860
  0.876189 seconds (100.37 k allocations: 103.744 MiB)
360
  0.882361 seconds (134.83 k allocations: 137.731 MiB)
6610
  0.885665 seconds (200.42 k allocations: 200.251 MiB)
5365
  0.773319 seconds (553.36 k allocations: 545.438 MiB)
7900
  0.872284 seconds (234.30 k allocations: 233.789 MiB)
361
  0.873158 seconds (190.88 k allocations: 191.981 MiB)
6611
  0.869994 seconds (145.95 k allocations: 147.538 MiB)
9112
  0.876261 seconds (159.09 k allocations: 162.285 MiB)
5366
  0.877717 seconds (179.79 k allocations: 180.641 MiB)
  0.880162 seconds (186.11 k allocations: 186.779 MiB)
4109
2861
  0.879675 seconds (201.68 k allocations: 201.612 MiB)
1612
  1.037358 seconds (204.09 k allocations: 202.701 MiB, 24.49% gc time)
7901
  0.789070 seconds (1 allocation: 12.688 KiB)
7902
  0.873665 seconds (138.64 k allocations: 138.573 MiB)
1613
  0.988466 seconds (382.75 k allocations: 379.319 MiB)
9113
  0.975521 seconds (263.63 k allocations: 265.089 MiB)
5367
  0.958032 seconds (197.89 k allocations: 199.490 MiB)
6612
  0.977345 seconds (265.19 k allocations: 266.114 MiB)
362
  0.964078 seconds (230.53 k allocations: 230.263 MiB)
2862
  0.964753 seconds (240.57 k allocations: 240.860 MiB)
4110
  0.781532 seconds (531.20 k allocations: 522.859 MiB)
7903
  0.762570 seconds (506.02 k allocations: 498.546 MiB)
1614
  0.876438 seconds (248.38 k allocations: 248.267 MiB)
9114
  0.882574 seconds (206.58 k allocations: 206.797 MiB)
5368
  0.884679 seconds (209.17 k allocations: 210.241 MiB)
6613
  0.880633 seconds (195.04 k allocations: 196.855 MiB)
  0.877880 seconds (191.76 k allocations: 192.048 MiB)
363
  0.877244 seconds (195.65 k allocations: 196.946 MiB)
2863
4111
  0.776936 seconds (504.34 k allocations: 497.493 MiB)
7904
  1.265962 seconds (530.62 k allocations: 522.408 MiB, 12.91% gc time)
  1.056256 seconds (180.13 k allocations: 179.492 MiB, 15.47% gc time)
  1.040146 seconds (76.79 k allocations: 79.375 MiB, 15.71% gc time)
  1.034218 seconds (56.56 k allocations: 55.070 MiB, 15.80% gc time)
  1.034753 seconds (56.89 k allocations: 55.741 MiB, 15.79% gc time)
  1.035997 seconds (57.62 k allocations: 57.892 MiB, 15.77% gc time)
  1.033937 seconds (57.45 k allocations: 56.941 MiB, 15.80% gc time)
5369
9115
4112
2864
6614
364
1615
  0.783440 seconds (462.36 k allocations: 451.039 MiB)
7905
  0.890113 seconds (109.65 k allocations: 114.517 MiB)
  0.883867 seconds (82.27 k allocations: 84.371 MiB)
5370
4113
  0.889072 seconds (92.14 k allocations: 96.080 MiB)
9116
  0.892926 seconds (105.38 k allocations: 109.729 MiB)
2865
  0.894998 seconds (136.51 k allocations: 136.848 MiB)
  0.900460 seconds (146.32 k allocations: 149.590 MiB)
365
6615
  0.903086 seconds (183.87 k allocations: 184.185 MiB)
1616
  0.783273 seconds (553.19 k allocations: 544.905 MiB)
7906
  0.884801 seconds (218.56 k allocations: 218.709 MiB)
4114
  0.885143 seconds (205.07 k allocations: 205.572 MiB)
9117
  0.888173 seconds (192.64 k allocations: 193.417 MiB)
2866
  0.885113 seconds (188.75 k allocations: 189.429 MiB)
5371
  0.883836 seconds (197.59 k allocations: 196.734 MiB)
1617
  0.887121 seconds (216.52 k allocations: 215.869 MiB)
6616
  0.872841 seconds (280.21 k allocations: 276.935 MiB)
366
  0.787116 seconds (553.48 k allocations: 545.832 MiB)
7907
  0.880560 seconds (332.86 k allocations: 328.151 MiB)
4115
  1.619703 seconds (256.50 k allocations: 254.821 MiB, 27.06% gc time)
  1.610091 seconds (234.36 k allocations: 232.425 MiB, 27.22% gc time)
  1.591097 seconds (197.16 k allocations: 195.645 MiB, 27.55% gc time)
  1.573471 seconds (174.29 k allocations: 171.338 MiB, 27.86% gc time)
  1.579526 seconds (179.48 k allocations: 177.603 MiB, 27.75% gc time)
  1.190580 seconds (57.25 k allocations: 56.304 MiB, 36.81% gc time)
  1.528252 seconds (136.66 k allocations: 134.947 MiB, 28.68% gc time)
9118
1618
2867
5372
7908
367
6617
  0.876354 seconds (487.46 k allocations: 475.067 MiB)
4116
  0.847274 seconds (80.31 k allocations: 79.045 MiB)
7909
  0.931364 seconds (224.39 k allocations: 226.459 MiB)
368
  0.960972 seconds (225.53 k allocations: 226.130 MiB)
2868
  0.957523 seconds (212.16 k allocations: 210.586 MiB)
5373
  0.964664 seconds (234.09 k allocations: 236.319 MiB)
1619
  0.962205 seconds (230.52 k allocations: 230.206 MiB)
9119
  0.959882 seconds (244.04 k allocations: 242.940 MiB)
6618
  0.782035 seconds (474.17 k allocations: 467.079 MiB)
7910
  0.876876 seconds (598.06 k allocations: 587.867 MiB)
4117
  0.777539 seconds (170.66 k allocations: 170.176 MiB)
1620
  0.888894 seconds (491.45 k allocations: 481.781 MiB)
369
  0.872398 seconds (278.83 k allocations: 276.897 MiB)
2869
  0.876985 seconds (292.32 k allocations: 293.234 MiB)
5374
  0.872156 seconds (282.12 k allocations: 280.781 MiB)
9120
  0.880801 seconds (345.05 k allocations: 340.779 MiB)
6619
  0.784840 seconds (520.66 k allocations: 512.749 MiB)
7911
  1.277828 seconds (530.48 k allocations: 521.939 MiB, 11.99% gc time)
  1.200640 seconds (446.71 k allocations: 438.560 MiB, 12.76% gc time)
  1.108925 seconds (160.75 k allocations: 158.508 MiB, 13.82% gc time)
  1.081975 seconds (126.28 k allocations: 124.330 MiB, 14.16% gc time)
  1.044702 seconds (66.66 k allocations: 66.042 MiB, 14.67% gc time)
  1.031549 seconds (56.83 k allocations: 55.583 MiB, 14.85% gc time)
  1.137648 seconds (223.78 k allocations: 220.528 MiB, 13.47% gc time)
5375
9121
6620
1621
2870
370
4118
  0.781207 seconds (465.04 k allocations: 453.562 MiB)
7912
  0.789176 seconds (80.49 k allocations: 82.894 MiB)
1622
  0.889721 seconds (163.14 k allocations: 164.471 MiB)
  0.888073 seconds (158.51 k allocations: 157.784 MiB)
  0.886400 seconds (159.07 k allocations: 158.583 MiB)
5376
2871
  0.890300 seconds (161.93 k allocations: 166.269 MiB)
4119
6621
  0.892849 seconds (186.51 k allocations: 187.177 MiB)
  0.892297 seconds (186.77 k allocations: 187.410 MiB)
9122
371
  0.780978 seconds (553.37 k allocations: 545.482 MiB)
7913
  0.885872 seconds (553.24 k allocations: 545.057 MiB)
1623
  0.876130 seconds (195.46 k allocations: 196.331 MiB)
4120
  0.877853 seconds (192.66 k allocations: 194.646 MiB)
2872
  0.881681 seconds (197.93 k allocations: 199.437 MiB)
6622
  0.881583 seconds (199.26 k allocations: 200.462 MiB)
  0.874668 seconds (186.18 k allocations: 187.040 MiB)
9123
5377
  0.874627 seconds (214.37 k allocations: 214.797 MiB)
372
  0.781846 seconds (553.30 k allocations: 545.267 MiB)
7914
  0.890329 seconds (553.31 k allocations: 545.286 MiB)
1624
  1.749486 seconds (191.83 k allocations: 193.277 MiB, 23.79% gc time)
  1.745784 seconds (171.75 k allocations: 171.603 MiB, 23.84% gc time)
  1.745451 seconds (170.54 k allocations: 170.441 MiB, 23.84% gc time)
  1.736012 seconds (147.45 k allocations: 145.997 MiB, 23.97% gc time)
  1.741126 seconds (157.61 k allocations: 157.080 MiB, 23.90% gc time)
  1.722449 seconds (135.24 k allocations: 133.364 MiB, 24.16% gc time)
  1.200348 seconds (56.82 k allocations: 56.894 MiB, 34.67% gc time)
6623
7915
373
2873
5378
4121
9124
  0.780999 seconds (473.37 k allocations: 461.576 MiB)
1625
  0.868166 seconds (97.69 k allocations: 100.591 MiB)
7916
  0.979188 seconds (171.56 k allocations: 171.070 MiB)
6624
  0.987580 seconds (181.72 k allocations: 183.067 MiB)
5379
  0.990677 seconds (191.51 k allocations: 192.201 MiB)
  0.993506 seconds (196.51 k allocations: 197.654 MiB)
9125
374
  1.011431 seconds (326.38 k allocations: 322.040 MiB)
2874
  1.021971 seconds (448.83 k allocations: 440.210 MiB)
4122
  0.882701 seconds (553.23 k allocations: 545.025 MiB)
1626
  0.781529 seconds (553.21 k allocations: 544.975 MiB)
7917
  0.873617 seconds (332.54 k allocations: 328.823 MiB)
6625
  0.878255 seconds (282.27 k allocations: 280.416 MiB)
5380
  0.876638 seconds (271.93 k allocations: 269.091 MiB)
9126
  0.884713 seconds (296.05 k allocations: 294.710 MiB)
375
  0.885090 seconds (345.27 k allocations: 340.333 MiB)
2875
  0.881897 seconds (406.40 k allocations: 398.584 MiB)
4123
  0.884195 seconds (553.31 k allocations: 545.286 MiB)
1627
  0.886089 seconds (553.30 k allocations: 545.260 MiB)
7918
  1.699701 seconds (311.26 k allocations: 307.192 MiB, 10.30% gc time)
  1.646429 seconds (192.57 k allocations: 191.128 MiB, 10.63% gc time)
  1.611829 seconds (135.60 k allocations: 133.066 MiB, 10.86% gc time)
  1.691249 seconds (279.73 k allocations: 275.856 MiB, 10.35% gc time)
  1.631542 seconds (159.96 k allocations: 157.591 MiB, 10.73% gc time)
  1.635502 seconds (167.11 k allocations: 165.720 MiB, 10.70% gc time)
  1.051303 seconds (56.81 k allocations: 55.542 MiB, 16.65% gc time)
4124
5381
9127
6626
2876
376
1628
  0.784928 seconds (465.41 k allocations: 453.951 MiB)
7919
  0.896636 seconds (79.03 k allocations: 77.851 MiB)
1629
  0.963980 seconds (180.14 k allocations: 182.988 MiB)
4125
  0.963360 seconds (164.45 k allocations: 165.274 MiB)
9128
  0.970376 seconds (180.18 k allocations: 181.292 MiB)
5382
  0.977116 seconds (206.56 k allocations: 206.324 MiB)
6627
  0.984100 seconds (243.23 k allocations: 241.159 MiB)
2877
  0.992683 seconds (289.53 k allocations: 287.641 MiB)
377
  0.785877 seconds (553.15 k allocations: 544.797 MiB)
7920
  0.791426 seconds (549.37 k allocations: 540.175 MiB)
1630
  0.886709 seconds (279.62 k allocations: 278.165 MiB)
4126
  0.889255 seconds (254.78 k allocations: 254.125 MiB)
9129
  0.895494 seconds (258.74 k allocations: 257.663 MiB)
5383
  0.893030 seconds (257.58 k allocations: 256.362 MiB)
6628
  0.888312 seconds (256.53 k allocations: 255.084 MiB)
2878
  0.879104 seconds (512.21 k allocations: 502.033 MiB)
378
  0.787887 seconds (553.17 k allocations: 544.835 MiB)
7921
  0.891204 seconds (553.20 k allocations: 544.949 MiB)
1631
  1.862616 seconds (219.91 k allocations: 217.384 MiB, 34.58% gc time)
  1.887997 seconds (308.01 k allocations: 305.108 MiB, 34.12% gc time)
  1.881642 seconds (282.20 k allocations: 279.193 MiB, 34.23% gc time)
  1.855893 seconds (209.04 k allocations: 204.591 MiB, 34.71% gc time)
  1.858144 seconds (210.24 k allocations: 207.085 MiB, 34.67% gc time)
  1.783457 seconds (136.38 k allocations: 134.367 MiB, 36.12% gc time)
  1.420161 seconds (57.58 k allocations: 56.941 MiB, 45.36% gc time)
5384
9130
7922
4127
2879
6629
379
  0.886851 seconds (477.93 k allocations: 465.921 MiB)
1632
  0.869292 seconds (85.51 k allocations: 85.277 MiB)
7923
  0.967600 seconds (167.88 k allocations: 169.963 MiB)
2880
  0.969297 seconds (167.44 k allocations: 166.849 MiB)
6630
  0.970666 seconds (170.85 k allocations: 171.155 MiB)
5385
  0.971360 seconds (174.38 k allocations: 175.472 MiB)
4128
  0.966451 seconds (177.11 k allocations: 177.930 MiB)
  0.973682 seconds (185.05 k allocations: 187.666 MiB)
380
9131
  0.780338 seconds (474.17 k allocations: 467.092 MiB)
7924
  0.877554 seconds (588.64 k allocations: 580.162 MiB)
1633
  0.879947 seconds (200.86 k allocations: 203.104 MiB)
  0.873611 seconds (166.62 k allocations: 168.343 MiB)
2881
5386
  0.880686 seconds (184.18 k allocations: 186.626 MiB)
6631
  0.879671 seconds (183.00 k allocations: 184.059 MiB)
  0.880120 seconds (187.34 k allocations: 189.216 MiB)
381
4129
  0.888418 seconds (251.22 k allocations: 250.118 MiB)
9132
  0.885451 seconds (508.34 k allocations: 500.971 MiB)
7925
  0.883969 seconds (497.78 k allocations: 490.631 MiB)
1634
  1.250275 seconds (198.77 k allocations: 198.281 MiB, 23.73% gc time)
  1.228075 seconds (150.47 k allocations: 149.603 MiB, 24.16% gc time)
  1.193998 seconds (119.97 k allocations: 118.102 MiB, 24.85% gc time)
  1.215698 seconds (137.71 k allocations: 136.241 MiB, 24.41% gc time)
  1.243898 seconds (183.17 k allocations: 182.496 MiB, 23.86% gc time)
  1.171320 seconds (102.75 k allocations: 101.230 MiB, 25.33% gc time)
9133
5387
4130
2882
382
6632
  0.781879 seconds (425.05 k allocations: 415.332 MiB)
7926
  0.890389 seconds (79.27 k allocations: 80.532 MiB)
4131
  0.891457 seconds (82.35 k allocations: 81.998 MiB)
6633
  0.895574 seconds (86.96 k allocations: 88.680 MiB)
5388
  0.894115 seconds (90.20 k allocations: 91.589 MiB)
383
  0.900917 seconds (122.37 k allocations: 123.376 MiB)
2883
  0.905694 seconds (139.92 k allocations: 141.184 MiB)
9134
  0.999565 seconds (695.74 k allocations: 681.374 MiB)
1635
  0.775477 seconds (553.21 k allocations: 544.968 MiB)
7927
  0.868872 seconds (191.13 k allocations: 190.032 MiB)
  0.868430 seconds (185.67 k allocations: 185.766 MiB)
4132
384
  0.872591 seconds (202.84 k allocations: 204.409 MiB)
6634
  0.870875 seconds (189.16 k allocations: 189.942 MiB)
5389
  0.867034 seconds (178.56 k allocations: 179.593 MiB)
2884
  0.871094 seconds (230.66 k allocations: 229.213 MiB)
9135
  0.882749 seconds (491.86 k allocations: 482.606 MiB)
1636
  0.780316 seconds (553.21 k allocations: 544.968 MiB)
7928
  0.872666 seconds (234.80 k allocations: 233.998 MiB)
  0.872090 seconds (231.54 k allocations: 231.005 MiB)
385
6635
  0.877355 seconds (227.56 k allocations: 227.842 MiB)
4133
  0.878404 seconds (172.39 k allocations: 172.618 MiB)
  0.881429 seconds (174.88 k allocations: 175.809 MiB)
2885
5390
  0.881872 seconds (163.87 k allocations: 165.214 MiB)
9136
  0.882948 seconds (179.85 k allocations: 180.256 MiB)
1637
  1.036003 seconds (295.37 k allocations: 289.596 MiB, 24.22% gc time)
7929
  0.822403 seconds (1 allocation: 12.688 KiB)
7930
  0.928093 seconds (239.87 k allocations: 239.100 MiB)
9137
  0.908904 seconds (108.06 k allocations: 110.260 MiB)
1638
  0.970105 seconds (281.29 k allocations: 278.250 MiB)
6636
  0.971641 seconds (282.37 k allocations: 281.481 MiB)
386
  0.977872 seconds (297.21 k allocations: 296.642 MiB)
2886
  0.987160 seconds (341.28 k allocations: 337.367 MiB)
4134
  0.985706 seconds (345.77 k allocations: 342.636 MiB)
5391
  0.774052 seconds (467.85 k allocations: 461.192 MiB)
7931
  0.869605 seconds (484.63 k allocations: 478.224 MiB)
9138
  0.880756 seconds (500.74 k allocations: 493.467 MiB)
1639
  0.876755 seconds (297.60 k allocations: 296.427 MiB)
6637
  0.878107 seconds (292.23 k allocations: 291.025 MiB)
387
  0.875817 seconds (280.54 k allocations: 279.600 MiB)
  0.862276 seconds (248.80 k allocations: 247.594 MiB)
2887
4135
  0.862377 seconds (254.06 k allocations: 253.790 MiB)
5392
  0.853352 seconds (553.21 k allocations: 544.962 MiB)
7932
  0.765506 seconds (446.72 k allocations: 439.544 MiB)
1640
  1.034601 seconds (69.95 k allocations: 71.399 MiB, 15.01% gc time)
  1.124197 seconds (483.64 k allocations: 477.108 MiB, 13.81% gc time)
  1.027797 seconds (62.09 k allocations: 61.463 MiB, 15.11% gc time)
  1.031699 seconds (64.98 k allocations: 65.548 MiB, 15.05% gc time)
  1.037971 seconds (83.45 k allocations: 86.846 MiB, 14.96% gc time)
  1.034407 seconds (69.98 k allocations: 72.219 MiB, 15.01% gc time)
4136
5393
9139
388
2888
6638
  0.782411 seconds (466.58 k allocations: 455.057 MiB)
7933
  0.893374 seconds (93.61 k allocations: 95.484 MiB)
  0.897809 seconds (112.00 k allocations: 116.745 MiB)
  0.893635 seconds (92.91 k allocations: 95.277 MiB)
1641
5394
9140
  0.897142 seconds (99.96 k allocations: 104.526 MiB)
4137
  0.897253 seconds (108.98 k allocations: 112.939 MiB)
  0.890205 seconds (102.39 k allocations: 104.715 MiB)
2889
  0.891245 seconds (111.22 k allocations: 114.618 MiB)
389
6639
  0.782107 seconds (553.21 k allocations: 544.968 MiB)
7934
  0.882242 seconds (204.14 k allocations: 204.923 MiB)
1642
  0.881465 seconds (175.45 k allocations: 176.019 MiB)
4138
  0.882869 seconds (178.05 k allocations: 179.488 MiB)
6640
  0.880610 seconds (173.30 k allocations: 174.681 MiB)
9141
  0.881083 seconds (180.86 k allocations: 181.671 MiB)
5395
  0.879951 seconds (191.01 k allocations: 191.256 MiB)
2890
  0.872442 seconds (300.17 k allocations: 295.473 MiB)
390
  0.782995 seconds (553.20 k allocations: 544.943 MiB)
7935
  0.883241 seconds (319.83 k allocations: 315.628 MiB)
1643
  0.875963 seconds (226.66 k allocations: 224.992 MiB)
  0.883461 seconds (239.23 k allocations: 239.196 MiB)
2891
9142
  0.890934 seconds (271.38 k allocations: 268.556 MiB)
5396
  0.894066 seconds (328.17 k allocations: 322.714 MiB)
4139
  1.550181 seconds (299.40 k allocations: 294.942 MiB, 23.73% gc time)
  1.145853 seconds (185.72 k allocations: 182.698 MiB, 32.10% gc time)
  1.510351 seconds (264.96 k allocations: 260.734 MiB, 24.35% gc time)
7936
6641
391
  0.897891 seconds (325.73 k allocations: 320.301 MiB)
9143
  0.874497 seconds (169.56 k allocations: 168.222 MiB)
5397
  0.907936 seconds (154.64 k allocations: 153.705 MiB)
7937
  1.055494 seconds (515.48 k allocations: 507.343 MiB)
  1.029987 seconds (389.81 k allocations: 384.650 MiB)
2892
1644
  1.025064 seconds (320.70 k allocations: 316.794 MiB)
392
  1.024632 seconds (327.02 k allocations: 322.635 MiB)
6642
  1.033737 seconds (346.80 k allocations: 345.019 MiB)
4140
  0.794541 seconds (395.15 k allocations: 389.273 MiB)
7938
  0.886228 seconds (507.82 k allocations: 501.497 MiB)
5398
  0.890104 seconds (527.24 k allocations: 518.895 MiB)
9144
  0.786005 seconds (308.01 k allocations: 303.022 MiB)
1645
  0.891497 seconds (465.22 k allocations: 459.329 MiB)
2893
  0.881599 seconds (391.60 k allocations: 386.268 MiB)
6643
  0.892754 seconds (407.46 k allocations: 403.639 MiB)
393
  0.885812 seconds (553.39 k allocations: 545.552 MiB)
4141
  0.777235 seconds (316.15 k allocations: 311.524 MiB)
1646
  0.889884 seconds (514.60 k allocations: 507.072 MiB)
7939
  0.888548 seconds (483.54 k allocations: 476.127 MiB)
9145
  0.877083 seconds (440.28 k allocations: 434.484 MiB)
5399
  1.921516 seconds (342.50 k allocations: 337.591 MiB, 15.31% gc time)
  1.802819 seconds (188.34 k allocations: 185.372 MiB, 16.32% gc time)
  1.126989 seconds (23.61 k allocations: 22.633 MiB, 26.11% gc time)
  1.887720 seconds (270.42 k allocations: 267.387 MiB, 15.59% gc time)
  1.882762 seconds (267.58 k allocations: 263.462 MiB, 15.63% gc time)
4142
1647
2894
6644
394
  0.772250 seconds (416.72 k allocations: 407.375 MiB)
7940
  1.006565 seconds (234.02 k allocations: 233.556 MiB)
9146
  1.005858 seconds (203.07 k allocations: 203.708 MiB)
5400
  0.980105 seconds (101.79 k allocations: 101.687 MiB)
395
  0.983653 seconds (120.17 k allocations: 120.259 MiB)
  0.984836 seconds (120.58 k allocations: 120.693 MiB)
6645
4143
  0.989427 seconds (143.09 k allocations: 144.113 MiB)
2895
  1.131510 seconds (563.74 k allocations: 559.905 MiB)
1648
  0.781772 seconds (553.18 k allocations: 544.867 MiB)
7941
  0.884919 seconds (231.64 k allocations: 232.192 MiB)
6646
  0.884385 seconds (215.98 k allocations: 214.526 MiB)
9147
  0.894104 seconds (232.23 k allocations: 232.320 MiB)
4144
  0.909136 seconds (272.06 k allocations: 272.652 MiB)
5401
  0.883630 seconds (261.97 k allocations: 260.316 MiB)
2896
  0.879532 seconds (280.62 k allocations: 277.919 MiB)
396
  0.953558 seconds (504.56 k allocations: 494.671 MiB)
1649
  0.790135 seconds (553.18 k allocations: 544.892 MiB)
7942
  0.878459 seconds (325.10 k allocations: 321.637 MiB)
6647
  1.397057 seconds (293.16 k allocations: 290.889 MiB, 21.66% gc time)
  1.367905 seconds (264.29 k allocations: 262.009 MiB, 22.12% gc time)
  1.356017 seconds (249.96 k allocations: 244.863 MiB, 22.32% gc time)
  1.360191 seconds (257.97 k allocations: 253.852 MiB, 22.25% gc time)
  1.279196 seconds (135.82 k allocations: 133.320 MiB, 23.66% gc time)
  1.301775 seconds (159.03 k allocations: 156.855 MiB, 23.25% gc time)
  1.088134 seconds (57.65 k allocations: 57.364 MiB, 27.81% gc time)
2897
1650
4145
7943
397
9148
5402
  0.763566 seconds (220.54 k allocations: 218.398 MiB)
7944
  0.870073 seconds (541.63 k allocations: 529.158 MiB)
6648
  0.879646 seconds (202.35 k allocations: 204.229 MiB)
398
  0.889771 seconds (204.71 k allocations: 205.112 MiB)
1651
  0.959854 seconds (346.87 k allocations: 344.609 MiB)
2898
  0.958368 seconds (331.16 k allocations: 326.904 MiB)
5403
  0.963090 seconds (338.94 k allocations: 335.322 MiB)
  0.967729 seconds (346.44 k allocations: 345.832 MiB)
9149
4146
  0.782089 seconds (552.69 k allocations: 543.554 MiB)
7945
  0.878661 seconds (553.22 k allocations: 545.013 MiB)
6649
  0.880388 seconds (480.94 k allocations: 474.728 MiB)
399
  0.884061 seconds (483.51 k allocations: 476.929 MiB)
1652
  0.889971 seconds (370.55 k allocations: 367.128 MiB)
2899
  0.881872 seconds (329.72 k allocations: 327.838 MiB)
4147
  0.879105 seconds (333.30 k allocations: 329.823 MiB)
9150
  0.886780 seconds (344.58 k allocations: 342.823 MiB)
5404
  0.890903 seconds (553.17 k allocations: 544.848 MiB)
7946
  1.373320 seconds (530.42 k allocations: 521.873 MiB, 18.28% gc time)
  1.280102 seconds (372.43 k allocations: 366.253 MiB, 19.62% gc time)
  1.283575 seconds (374.16 k allocations: 369.114 MiB, 19.56% gc time)
  1.192607 seconds (138.84 k allocations: 137.510 MiB, 21.06% gc time)
  1.180707 seconds (114.26 k allocations: 112.757 MiB, 21.27% gc time)
  1.128628 seconds (56.84 k allocations: 55.593 MiB, 22.25% gc time)
  1.165240 seconds (88.32 k allocations: 86.968 MiB, 21.55% gc time)
9151
4148
1653
2900
400
5405
6650
  0.783208 seconds (482.56 k allocations: 470.341 MiB)
7947
  0.890739 seconds (83.50 k allocations: 84.559 MiB)
9152
  0.892305 seconds (84.48 k allocations: 86.479 MiB)
4149
  0.893297 seconds (86.11 k allocations: 89.024 MiB)
5406
  0.895735 seconds (94.26 k allocations: 97.800 MiB)
2901
  0.968839 seconds (396.54 k allocations: 391.717 MiB)
1654
  0.976036 seconds (404.63 k allocations: 400.508 MiB)
401
  1.021203 seconds (532.79 k allocations: 522.889 MiB)
6651
  0.775687 seconds (553.17 k allocations: 544.841 MiB)
7948
  0.871112 seconds (323.81 k allocations: 322.414 MiB)
9153
  0.871233 seconds (320.07 k allocations: 316.132 MiB)
  0.873755 seconds (323.32 k allocations: 321.414 MiB)
4150
5407
  0.873810 seconds (333.11 k allocations: 330.611 MiB)
2902
  0.875838 seconds (478.02 k allocations: 470.950 MiB)
1655
  0.874700 seconds (468.79 k allocations: 461.882 MiB)
402
  0.871443 seconds (538.60 k allocations: 528.476 MiB)
6652
  0.779069 seconds (553.19 k allocations: 544.918 MiB)
7949
  0.877757 seconds (335.22 k allocations: 333.349 MiB)
9154
  0.881060 seconds (327.36 k allocations: 324.354 MiB)
5408
  0.883425 seconds (331.55 k allocations: 329.388 MiB)
4151
  0.882505 seconds (337.71 k allocations: 335.047 MiB)
2903
  0.880031 seconds (293.14 k allocations: 289.126 MiB)
1656
  0.907825 seconds (302.85 k allocations: 298.234 MiB)
403
  0.870767 seconds (249.05 k allocations: 246.867 MiB)
6653
  0.958214 seconds (226.21 k allocations: 223.808 MiB, 18.18% gc time)
7950
  0.774257 seconds (1 allocation: 12.688 KiB)
7951
  0.878589 seconds (317.02 k allocations: 312.928 MiB)
2904
  0.862038 seconds (159.42 k allocations: 158.218 MiB)
1657
  0.965399 seconds (252.01 k allocations: 249.029 MiB)
6654
  0.975496 seconds (260.20 k allocations: 257.848 MiB)
404
  1.034404 seconds (440.14 k allocations: 437.163 MiB)
9155
  1.036564 seconds (443.51 k allocations: 438.901 MiB)
  1.038535 seconds (451.07 k allocations: 447.067 MiB)
4152
5409
  0.784517 seconds (498.45 k allocations: 491.453 MiB)
7952
  0.884829 seconds (535.24 k allocations: 526.655 MiB)
2905
  0.880393 seconds (525.08 k allocations: 516.678 MiB)
1658
  0.873032 seconds (368.50 k allocations: 362.942 MiB)
405
  0.895570 seconds (411.67 k allocations: 406.464 MiB)
6655
  0.882869 seconds (337.51 k allocations: 334.017 MiB)
9156
  0.879128 seconds (344.16 k allocations: 338.975 MiB)
4153
  0.883614 seconds (365.53 k allocations: 360.455 MiB)
5410
  0.885334 seconds (553.20 k allocations: 544.937 MiB)
7953
  1.299199 seconds (502.84 k allocations: 494.561 MiB, 15.66% gc time)
  1.259502 seconds (451.50 k allocations: 444.219 MiB, 16.16% gc time)
  1.120143 seconds (154.73 k allocations: 152.725 MiB, 18.17% gc time)
  1.138486 seconds (243.45 k allocations: 238.887 MiB, 17.87% gc time)
  1.098438 seconds (74.82 k allocations: 75.062 MiB, 18.52% gc time)
  1.093422 seconds (64.37 k allocations: 63.915 MiB, 18.61% gc time)
  1.085536 seconds (56.97 k allocations: 55.718 MiB, 18.75% gc time)
9157
4154
5411
406
1659
6656
2906
  0.781577 seconds (470.03 k allocations: 458.383 MiB)
7954
  0.783719 seconds (130.80 k allocations: 134.743 MiB)
1660
  0.784945 seconds (96.38 k allocations: 95.717 MiB)
407
  0.889170 seconds (238.26 k allocations: 237.370 MiB)
  0.891532 seconds (240.31 k allocations: 240.261 MiB)
  0.893096 seconds (238.24 k allocations: 236.763 MiB)
  0.892820 seconds (238.37 k allocations: 237.034 MiB)
9158
4155
5412
6657
  0.957499 seconds (553.29 k allocations: 545.222 MiB)
2907
  0.781309 seconds (553.29 k allocations: 545.241 MiB)
7955
  0.882343 seconds (497.84 k allocations: 490.880 MiB)
1661
  0.883802 seconds (508.40 k allocations: 500.724 MiB)
408
  0.877316 seconds (318.32 k allocations: 315.016 MiB)
4156
  0.881296 seconds (322.15 k allocations: 320.919 MiB)
9159
  0.880845 seconds (325.77 k allocations: 323.188 MiB)
5413
  0.884336 seconds (334.45 k allocations: 332.465 MiB)
6658
  0.879845 seconds (552.70 k allocations: 543.771 MiB)
2908
  0.781416 seconds (553.46 k allocations: 545.749 MiB)
7956
  0.880181 seconds (520.60 k allocations: 512.993 MiB)
1662
  0.873306 seconds (514.92 k allocations: 506.348 MiB)
409
  1.463286 seconds (226.84 k allocations: 224.699 MiB, 13.48% gc time)
  1.469659 seconds (238.00 k allocations: 236.648 MiB, 13.43% gc time)
  1.468537 seconds (235.49 k allocations: 234.217 MiB, 13.44% gc time)
  1.385073 seconds (147.69 k allocations: 145.585 MiB, 14.24% gc time)
  1.460891 seconds (225.09 k allocations: 220.868 MiB, 13.51% gc time)
  0.928271 seconds (69.81 k allocations: 70.001 MiB, 21.25% gc time)
6659
2909
9160
7957
4157
5414
  0.787329 seconds (59.16 k allocations: 62.724 MiB)
7958
  0.884033 seconds (488.21 k allocations: 476.721 MiB)
1663
  0.965044 seconds (233.16 k allocations: 234.865 MiB)
410
  0.965174 seconds (182.44 k allocations: 183.617 MiB)
2910
  0.966575 seconds (186.73 k allocations: 186.260 MiB)
  0.965378 seconds (187.58 k allocations: 186.767 MiB)
9161
4158
  0.970965 seconds (203.66 k allocations: 205.685 MiB)
6660
  0.985419 seconds (320.22 k allocations: 315.767 MiB)
5415
  0.786369 seconds (509.95 k allocations: 502.562 MiB)
7959
  0.883635 seconds (553.22 k allocations: 545.013 MiB)
1664
  0.875803 seconds (318.77 k allocations: 315.647 MiB)
411
  0.881811 seconds (260.81 k allocations: 259.953 MiB)
2911
  0.876257 seconds (246.03 k allocations: 244.373 MiB)
  0.880972 seconds (256.32 k allocations: 256.392 MiB)
6661
9162
  0.879075 seconds (267.62 k allocations: 265.766 MiB)
4159
  0.884237 seconds (553.21 k allocations: 544.962 MiB)
5416
  0.889095 seconds (553.35 k allocations: 545.406 MiB)
7960
  0.779922 seconds (489.77 k allocations: 483.339 MiB)
1665
  1.285511 seconds (318.96 k allocations: 314.694 MiB, 20.20% gc time)
  1.263372 seconds (215.20 k allocations: 214.146 MiB, 20.55% gc time)
  1.255651 seconds (190.68 k allocations: 188.246 MiB, 20.68% gc time)
  1.253742 seconds (189.58 k allocations: 185.944 MiB, 20.71% gc time)
  1.252912 seconds (189.69 k allocations: 186.121 MiB, 20.72% gc time)
  1.146000 seconds (110.75 k allocations: 108.145 MiB, 22.65% gc time)
9163
2912
4160
6662
412
5417
  0.771589 seconds (411.29 k allocations: 402.172 MiB)
7961
  0.874788 seconds (395.74 k allocations: 388.236 MiB)
1666
  0.890148 seconds (165.54 k allocations: 165.294 MiB)
5418
  0.960309 seconds (259.16 k allocations: 260.763 MiB)
413
  0.996036 seconds (284.65 k allocations: 282.505 MiB)
6663
  1.025534 seconds (343.59 k allocations: 339.932 MiB)
9164
  1.024947 seconds (349.07 k allocations: 344.961 MiB)
2913
  1.026425 seconds (386.25 k allocations: 380.311 MiB)
4161
  0.782650 seconds (553.21 k allocations: 544.968 MiB)
7962
  0.880199 seconds (553.24 k allocations: 545.057 MiB)
1667
  0.880627 seconds (552.26 k allocations: 543.138 MiB)
5419
  0.881082 seconds (416.42 k allocations: 410.123 MiB)
414
  0.883938 seconds (404.35 k allocations: 398.326 MiB)
6664
  0.885012 seconds (329.64 k allocations: 326.602 MiB)
  0.880696 seconds (320.71 k allocations: 316.509 MiB)
9165
  0.884586 seconds (324.60 k allocations: 322.845 MiB)
4162
2914
  0.781578 seconds (553.35 k allocations: 545.419 MiB)
7963
  0.882116 seconds (553.35 k allocations: 545.406 MiB)
1668
  0.887766 seconds (553.36 k allocations: 545.438 MiB)
5420
  1.767983 seconds (232.57 k allocations: 231.660 MiB, 9.93% gc time)
  1.765807 seconds (227.19 k allocations: 225.371 MiB, 9.94% gc time)
  1.756192 seconds (214.70 k allocations: 211.026 MiB, 10.00% gc time)
  1.777718 seconds (272.97 k allocations: 271.699 MiB, 9.88% gc time)
  1.761311 seconds (219.37 k allocations: 216.728 MiB, 9.97% gc time)
  1.050475 seconds (56.93 k allocations: 55.635 MiB, 16.72% gc time)
  1.395987 seconds (136.15 k allocations: 133.840 MiB, 12.58% gc time)
4163
9166
7964
1669
6665
2915
415
  0.868558 seconds (467.77 k allocations: 456.201 MiB)
5421
  0.833108 seconds (59.91 k allocations: 58.346 MiB)
416
  0.880689 seconds (142.11 k allocations: 139.250 MiB)
7965
  0.886064 seconds (156.25 k allocations: 153.769 MiB)
1670
  0.934818 seconds (286.25 k allocations: 280.393 MiB)
  0.937425 seconds (287.36 k allocations: 281.835 MiB)
9167
4164
  0.947304 seconds (334.74 k allocations: 330.002 MiB)
2916
  0.963031 seconds (404.63 k allocations: 399.125 MiB)
6666
  0.878286 seconds (533.82 k allocations: 525.401 MiB)
5422
  0.786314 seconds (303.31 k allocations: 299.292 MiB)
7966
  0.880299 seconds (567.03 k allocations: 555.950 MiB)
417
  0.880745 seconds (500.59 k allocations: 490.422 MiB)
1671
  0.877763 seconds (335.44 k allocations: 331.129 MiB)
9168
  0.881704 seconds (344.03 k allocations: 340.351 MiB)
4165
  0.878700 seconds (348.24 k allocations: 344.128 MiB)
2917
  0.885004 seconds (432.48 k allocations: 425.726 MiB)
6667
  0.880307 seconds (461.15 k allocations: 454.810 MiB)
5423
  0.886910 seconds (464.40 k allocations: 457.694 MiB)
7967
  0.875785 seconds (478.68 k allocations: 470.145 MiB)
418
  1.921191 seconds (382.82 k allocations: 376.569 MiB, 10.86% gc time)
  1.886788 seconds (216.37 k allocations: 215.091 MiB, 11.06% gc time)
  1.882003 seconds (201.32 k allocations: 199.405 MiB, 11.09% gc time)
  1.874208 seconds (183.13 k allocations: 180.868 MiB, 11.13% gc time)
  1.090637 seconds (29.21 k allocations: 28.127 MiB, 19.13% gc time)
  1.851093 seconds (155.27 k allocations: 153.223 MiB, 11.27% gc time)
5424
9169
4166
1672
2918
6668
  0.764915 seconds (446.67 k allocations: 436.026 MiB)
7968
  0.863363 seconds (79.06 k allocations: 77.952 MiB)
5425
  0.982749 seconds (280.62 k allocations: 280.388 MiB)
  0.958821 seconds (158.57 k allocations: 157.209 MiB)
419
4167
  0.961768 seconds (162.94 k allocations: 162.392 MiB)
9170
  0.969381 seconds (180.66 k allocations: 180.353 MiB)
  0.969884 seconds (181.61 k allocations: 184.944 MiB)
  0.968555 seconds (181.79 k allocations: 181.791 MiB)
1673
6669
2919
  0.758926 seconds (553.21 k allocations: 544.962 MiB)
7969
  0.878337 seconds (553.22 k allocations: 544.987 MiB)
5426
  0.773978 seconds (86.87 k allocations: 88.816 MiB)
1674
  0.869937 seconds (295.73 k allocations: 295.775 MiB)
4168
  0.869597 seconds (279.78 k allocations: 280.289 MiB)
420
  0.874370 seconds (276.37 k allocations: 275.573 MiB)
9171
  0.876739 seconds (342.55 k allocations: 337.424 MiB)
2920
  0.881390 seconds (358.79 k allocations: 353.959 MiB)
6670
  0.782525 seconds (553.18 k allocations: 544.879 MiB)
7970
  0.879679 seconds (476.39 k allocations: 470.433 MiB)
1675
  0.885078 seconds (482.25 k allocations: 475.801 MiB)
5427
  0.875127 seconds (260.16 k allocations: 258.089 MiB)
421
  0.876953 seconds (253.03 k allocations: 251.001 MiB)
  0.871773 seconds (234.85 k allocations: 232.367 MiB)
9172
4169
  0.879281 seconds (250.66 k allocations: 248.283 MiB)
  0.878004 seconds (253.52 k allocations: 250.488 MiB)
2921
6671
  0.991890 seconds (197.75 k allocations: 196.174 MiB, 20.97% gc time)
7971
  0.794052 seconds (1 allocation: 12.688 KiB)
7972
  0.878835 seconds (318.48 k allocations: 314.369 MiB)
5428
  0.972132 seconds (382.94 k allocations: 377.031 MiB)
422
  0.982898 seconds (403.67 k allocations: 399.099 MiB)
1676
  0.965062 seconds (274.61 k allocations: 272.944 MiB)
  0.966562 seconds (278.99 k allocations: 277.618 MiB)
4170
9173
  0.962293 seconds (284.05 k allocations: 281.534 MiB)
  0.961793 seconds (288.01 k allocations: 286.250 MiB)
6672
2922
  0.781153 seconds (479.82 k allocations: 473.734 MiB)
7973
  0.752853 seconds (317.73 k allocations: 312.421 MiB)
423
  0.881747 seconds (576.49 k allocations: 568.248 MiB)
5429
  0.769842 seconds (284.92 k allocations: 281.787 MiB)
1677
  0.877301 seconds (338.54 k allocations: 335.309 MiB)
  0.877919 seconds (338.95 k allocations: 336.643 MiB)
4171
9174
  0.871548 seconds (323.47 k allocations: 321.657 MiB)
2923
  0.876284 seconds (348.74 k allocations: 345.567 MiB)
6673
  0.887214 seconds (553.18 k allocations: 544.873 MiB)
7974
  1.214464 seconds (392.63 k allocations: 386.809 MiB, 14.36% gc time)
  1.195061 seconds (372.45 k allocations: 366.274 MiB, 14.60% gc time)
  1.230780 seconds (428.84 k allocations: 422.696 MiB, 14.17% gc time)
  1.067377 seconds (85.59 k allocations: 86.580 MiB, 16.34% gc time)
  1.059588 seconds (64.54 k allocations: 65.214 MiB, 16.46% gc time)
  1.055570 seconds (59.96 k allocations: 59.931 MiB, 16.52% gc time)
  1.050907 seconds (56.96 k allocations: 55.894 MiB, 16.60% gc time)
9175
1678
2924
424
6674
4172
5430
  0.782150 seconds (471.88 k allocations: 460.140 MiB)
7975
  0.888054 seconds (99.81 k allocations: 100.170 MiB)
2925
  0.895312 seconds (119.27 k allocations: 124.680 MiB)
4173
  0.890660 seconds (101.64 k allocations: 103.883 MiB)
9176
  0.894755 seconds (114.30 k allocations: 117.004 MiB)
6675
  1.025819 seconds (416.01 k allocations: 411.955 MiB)
1679
  1.000230 seconds (397.00 k allocations: 392.290 MiB)
425
  1.026889 seconds (416.90 k allocations: 413.555 MiB)
5431
  0.782041 seconds (553.33 k allocations: 545.356 MiB)
7976
  0.881095 seconds (331.69 k allocations: 329.943 MiB)
2926
  0.879919 seconds (326.76 k allocations: 323.821 MiB)
9177
  0.884277 seconds (334.98 k allocations: 332.664 MiB)
4174
  0.883721 seconds (357.84 k allocations: 354.302 MiB)
6676
  0.883191 seconds (467.09 k allocations: 460.509 MiB)
1680
  0.886649 seconds (473.04 k allocations: 465.985 MiB)
  0.873452 seconds (463.55 k allocations: 456.669 MiB)
5432
426
  0.781113 seconds (553.19 k allocations: 544.918 MiB)
7977
  0.870801 seconds (318.75 k allocations: 315.112 MiB)
  0.876981 seconds (327.35 k allocations: 325.249 MiB)
4175
9178
  0.875790 seconds (331.09 k allocations: 327.664 MiB)
6677
  0.917264 seconds (395.08 k allocations: 393.543 MiB)
2927
  0.877034 seconds (345.23 k allocations: 338.930 MiB)
1681
  0.870693 seconds (279.95 k allocations: 276.626 MiB)
5433
  1.044870 seconds (253.62 k allocations: 249.068 MiB, 25.98% gc time)
  1.316799 seconds (332.85 k allocations: 327.050 MiB, 20.62% gc time)
7978
427
  0.785810 seconds (11.13 k allocations: 11.881 MiB)
7979
  0.948726 seconds (333.75 k allocations: 330.164 MiB)
9179
  0.870926 seconds (91.11 k allocations: 90.360 MiB)
428
  1.007452 seconds (425.86 k allocations: 421.463 MiB)
4176
  0.961822 seconds (268.67 k allocations: 267.140 MiB)
5434
  0.992907 seconds (347.18 k allocations: 345.811 MiB)
2928
  1.015752 seconds (432.70 k allocations: 430.171 MiB)
6678
  1.000958 seconds (390.18 k allocations: 387.977 MiB)
1682
  0.782156 seconds (553.32 k allocations: 545.324 MiB)
7980
  0.878525 seconds (486.85 k allocations: 480.754 MiB)
9180
  0.880668 seconds (490.80 k allocations: 483.785 MiB)
429
  0.876074 seconds (307.23 k allocations: 304.340 MiB)
4177
  0.880510 seconds (301.46 k allocations: 299.833 MiB)
5435
  0.884555 seconds (306.08 k allocations: 304.031 MiB)
2929
  0.879975 seconds (306.73 k allocations: 304.427 MiB)
6679
  0.879991 seconds (324.81 k allocations: 321.500 MiB)
1683
  0.782771 seconds (553.21 k allocations: 544.968 MiB)
7981
  1.123350 seconds (469.65 k allocations: 462.777 MiB, 12.15% gc time)
  1.052638 seconds (170.03 k allocations: 168.614 MiB, 12.97% gc time)
  1.042385 seconds (120.93 k allocations: 120.429 MiB, 13.10% gc time)
  1.031823 seconds (82.60 k allocations: 82.635 MiB, 13.23% gc time)
  1.107490 seconds (444.19 k allocations: 436.257 MiB, 12.33% gc time)
  1.017020 seconds (57.01 k allocations: 55.927 MiB, 13.42% gc time)
  1.022415 seconds (61.48 k allocations: 61.532 MiB, 13.35% gc time)
5436
4178
430
1684
2930
9181
6680
  0.781597 seconds (475.58 k allocations: 463.698 MiB)
7982
  0.890045 seconds (82.96 k allocations: 84.081 MiB)
9182
  0.890039 seconds (81.87 k allocations: 82.790 MiB)
  0.891244 seconds (83.42 k allocations: 84.758 MiB)
  0.891486 seconds (83.91 k allocations: 86.606 MiB)
  0.891792 seconds (85.34 k allocations: 88.906 MiB)
2931
431
4179
5437
  0.891543 seconds (93.15 k allocations: 97.489 MiB)
1685
  0.894548 seconds (137.01 k allocations: 139.240 MiB)
6681
  0.782087 seconds (553.16 k allocations: 544.810 MiB)
7983
  0.871686 seconds (91.42 k allocations: 92.179 MiB)
2932
  0.876187 seconds (102.33 k allocations: 108.494 MiB)
  0.874076 seconds (93.02 k allocations: 95.598 MiB)
9183
  0.871819 seconds (89.38 k allocations: 91.938 MiB)
432
1686
  0.879189 seconds (112.83 k allocations: 116.680 MiB)
4180
  0.880824 seconds (123.10 k allocations: 127.514 MiB)
5438
  0.883587 seconds (202.37 k allocations: 201.920 MiB)
6682
  0.783037 seconds (553.21 k allocations: 544.968 MiB)
7984
  0.758411 seconds (104.32 k allocations: 104.496 MiB)
1687
  1.495849 seconds (175.62 k allocations: 176.145 MiB, 11.63% gc time)
  1.495718 seconds (174.99 k allocations: 175.550 MiB, 11.63% gc time)
  1.494521 seconds (168.36 k allocations: 169.171 MiB, 11.64% gc time)
  1.491851 seconds (159.48 k allocations: 158.269 MiB, 11.66% gc time)
  1.487500 seconds (150.65 k allocations: 148.655 MiB, 11.69% gc time)
  1.474377 seconds (135.83 k allocations: 133.288 MiB, 11.80% gc time)
  0.944774 seconds (57.57 k allocations: 57.194 MiB, 18.41% gc time)
433
2933
6683
7985
9184
5439
4181
  0.795932 seconds (189.40 k allocations: 188.594 MiB)
7986
  0.880415 seconds (509.54 k allocations: 497.169 MiB)
1688
  0.855021 seconds (162.00 k allocations: 163.128 MiB)
434
  0.958915 seconds (251.25 k allocations: 250.765 MiB)
2934
  0.963059 seconds (252.29 k allocations: 252.724 MiB)
6684
  0.964803 seconds (263.31 k allocations: 260.599 MiB)
9185
  0.967022 seconds (267.07 k allocations: 265.132 MiB)
5440
  0.971519 seconds (290.07 k allocations: 288.161 MiB)
4182
  0.777005 seconds (525.78 k allocations: 517.664 MiB)
7987
  0.871707 seconds (539.44 k allocations: 530.736 MiB)
1689
  0.879715 seconds (547.42 k allocations: 538.133 MiB)
  0.879579 seconds (224.23 k allocations: 224.862 MiB)
  0.882536 seconds (188.00 k allocations: 189.885 MiB)
  0.878965 seconds (164.90 k allocations: 166.299 MiB)
  0.877370 seconds (160.15 k allocations: 161.481 MiB)
  0.886022 seconds (164.39 k allocations: 167.714 MiB)
435
2935
6685
9186
4183
5441
  0.882481 seconds (553.35 k allocations: 545.406 MiB)
7988
  1.396563 seconds (530.02 k allocations: 520.956 MiB, 11.74% gc time)
  1.059403 seconds (59.85 k allocations: 59.521 MiB, 15.48% gc time)
  1.059505 seconds (60.02 k allocations: 59.657 MiB, 15.48% gc time)
  1.060414 seconds (60.95 k allocations: 60.565 MiB, 15.47% gc time)
  1.060466 seconds (61.01 k allocations: 60.625 MiB, 15.46% gc time)
  1.053225 seconds (56.70 k allocations: 55.366 MiB, 15.57% gc time)
  1.060625 seconds (61.98 k allocations: 62.893 MiB, 15.46% gc time)
5442
9187
4184
2936
6686
436
1690
  0.784708 seconds (460.29 k allocations: 449.044 MiB)
7989
  0.884267 seconds (98.76 k allocations: 101.622 MiB)
4185
  0.885022 seconds (96.49 k allocations: 100.424 MiB)
9188
  0.887087 seconds (98.78 k allocations: 99.916 MiB)
2937
  0.889786 seconds (113.81 k allocations: 115.347 MiB)
6687
  0.892304 seconds (125.93 k allocations: 127.965 MiB)
  0.898576 seconds (143.13 k allocations: 149.022 MiB)
5443
437
  0.950623 seconds (553.22 k allocations: 544.994 MiB)
1691
  0.781679 seconds (553.23 k allocations: 545.025 MiB)
7990
  0.877837 seconds (213.18 k allocations: 213.341 MiB)
  0.879862 seconds (216.98 k allocations: 217.953 MiB)
9189
4186
  0.875012 seconds (181.63 k allocations: 183.896 MiB)
2938
  0.874547 seconds (189.39 k allocations: 187.998 MiB)
438
  0.881671 seconds (213.16 k allocations: 213.945 MiB)
6688
  0.883350 seconds (228.44 k allocations: 228.405 MiB)
5444
  0.880690 seconds (548.02 k allocations: 539.085 MiB)
1692
  0.780762 seconds (553.34 k allocations: 545.381 MiB)
7991
  0.872174 seconds (237.21 k allocations: 237.561 MiB)
4187
  0.873669 seconds (203.97 k allocations: 204.280 MiB)
439
  0.884143 seconds (225.69 k allocations: 227.311 MiB)
2939
  0.874226 seconds (186.85 k allocations: 187.455 MiB)
6689
  0.880054 seconds (203.03 k allocations: 203.923 MiB)
5445
  0.872239 seconds (197.54 k allocations: 197.454 MiB)
9190
  0.873526 seconds (200.04 k allocations: 199.577 MiB)
1693
  0.944951 seconds (233.47 k allocations: 230.400 MiB, 17.01% gc time)
7992
  0.773367 seconds (281.65 k allocations: 278.074 MiB)
5446
  0.805008 seconds (134.02 k allocations: 134.136 MiB)
440
  0.795896 seconds (112.14 k allocations: 110.501 MiB)
7993
  0.896917 seconds (318.60 k allocations: 316.489 MiB)
  0.892071 seconds (300.08 k allocations: 297.525 MiB)
6690
2940
  0.895090 seconds (313.53 k allocations: 309.916 MiB)
1694
  0.976472 seconds (555.04 k allocations: 549.347 MiB)
4188
  0.975322 seconds (521.50 k allocations: 515.788 MiB)
9191
  0.878836 seconds (553.19 k allocations: 544.899 MiB)
5447
  0.782517 seconds (393.40 k allocations: 386.558 MiB)
7994
  0.880344 seconds (583.73 k allocations: 575.342 MiB)
441
  0.875659 seconds (425.97 k allocations: 421.192 MiB)
2941
  0.884339 seconds (435.84 k allocations: 430.417 MiB)
6691
  0.880755 seconds (450.80 k allocations: 443.505 MiB)
1695
  0.880930 seconds (493.89 k allocations: 485.950 MiB)
4189
  0.877823 seconds (498.35 k allocations: 491.223 MiB)
9192
  0.872319 seconds (480.82 k allocations: 474.657 MiB)
5448
  0.882245 seconds (494.34 k allocations: 487.345 MiB)
7995
  1.807485 seconds (284.93 k allocations: 279.318 MiB, 10.23% gc time)
  1.914123 seconds (530.43 k allocations: 521.886 MiB, 9.66% gc time)
  1.838402 seconds (346.31 k allocations: 341.490 MiB, 10.06% gc time)
  1.826469 seconds (317.25 k allocations: 312.598 MiB, 10.12% gc time)
  1.753201 seconds (158.42 k allocations: 156.116 MiB, 10.54% gc time)
  1.734612 seconds (135.73 k allocations: 133.235 MiB, 10.66% gc time)
  1.060942 seconds (12.87 k allocations: 12.551 MiB, 17.42% gc time)
1696
442
4190
9193
2942
5449
6692
  0.784481 seconds (477.04 k allocations: 465.095 MiB)
7996
  0.849243 seconds (80.92 k allocations: 80.902 MiB)
443
  0.888560 seconds (125.12 k allocations: 124.175 MiB)
5450
  0.964908 seconds (239.05 k allocations: 236.989 MiB)
1697
  0.970913 seconds (245.80 k allocations: 244.426 MiB)
9194
  0.973243 seconds (249.10 k allocations: 248.563 MiB)
4191
  0.974039 seconds (254.22 k allocations: 254.525 MiB)
2943
  0.972659 seconds (259.64 k allocations: 259.835 MiB)
6693
  0.782439 seconds (553.52 k allocations: 545.971 MiB)
7997
  0.882337 seconds (503.71 k allocations: 496.962 MiB)
444
  0.869118 seconds (483.05 k allocations: 477.293 MiB)
5451
  0.880590 seconds (275.20 k allocations: 275.270 MiB)
1698
  0.875414 seconds (247.41 k allocations: 247.208 MiB)
  0.876643 seconds (250.00 k allocations: 250.625 MiB)
9195
4192
  0.878075 seconds (262.33 k allocations: 262.198 MiB)
  0.876356 seconds (265.38 k allocations: 264.821 MiB)
2944
6694
  0.763083 seconds (553.33 k allocations: 545.362 MiB)
7998
  0.847473 seconds (488.42 k allocations: 481.858 MiB)
5452
  0.864053 seconds (510.93 k allocations: 503.149 MiB)
445
  1.385889 seconds (172.74 k allocations: 174.379 MiB, 11.54% gc time)
  1.383944 seconds (164.89 k allocations: 164.400 MiB, 11.56% gc time)
  1.382487 seconds (161.01 k allocations: 160.706 MiB, 11.57% gc time)
  1.377538 seconds (150.65 k allocations: 148.388 MiB, 11.61% gc time)
  1.376007 seconds (150.76 k allocations: 148.533 MiB, 11.62% gc time)
  0.930186 seconds (72.13 k allocations: 71.384 MiB, 17.19% gc time)
9196
7999
2945
1699
6695
4193
  0.873679 seconds (451.85 k allocations: 440.966 MiB)
5453
  0.796171 seconds (3.52 k allocations: 5.587 MiB)
8000
  0.969025 seconds (252.55 k allocations: 253.505 MiB)
446
  0.968879 seconds (180.60 k allocations: 179.511 MiB)
2946
  0.972148 seconds (185.74 k allocations: 187.853 MiB)
9197
  0.970783 seconds (186.26 k allocations: 186.796 MiB)
1700
  0.980606 seconds (235.82 k allocations: 235.294 MiB)
  0.978388 seconds (237.96 k allocations: 236.440 MiB)
6696
4194
  0.781452 seconds (474.14 k allocations: 466.991 MiB)
8001
  0.876379 seconds (553.17 k allocations: 544.829 MiB)
5454
  0.871058 seconds (273.54 k allocations: 272.315 MiB)
447
  0.878386 seconds (208.66 k allocations: 208.765 MiB)
9198
  0.880662 seconds (213.70 k allocations: 214.582 MiB)
  0.879601 seconds (211.11 k allocations: 212.172 MiB)
2947
1701
  0.881434 seconds (251.91 k allocations: 249.839 MiB)
  0.882208 seconds (255.21 k allocations: 253.834 MiB)
4195
6697
  0.875533 seconds (553.34 k allocations: 545.387 MiB)
8002
  1.248728 seconds (530.52 k allocations: 522.369 MiB, 14.36% gc time)
  1.064165 seconds (102.24 k allocations: 103.765 MiB, 16.86% gc time)
  1.050648 seconds (56.39 k allocations: 55.028 MiB, 17.07% gc time)
  1.051630 seconds (56.44 k allocations: 56.307 MiB, 17.06% gc time)
  1.083846 seconds (222.42 k allocations: 220.024 MiB, 16.55% gc time)
  1.060066 seconds (84.16 k allocations: 85.260 MiB, 16.92% gc time)
  1.049981 seconds (57.13 k allocations: 56.403 MiB, 17.08% gc time)
5455
9199
4196
1702
2948
448
6698
  0.772556 seconds (461.09 k allocations: 449.836 MiB)
8003
  0.781653 seconds (79.63 k allocations: 79.663 MiB)
5456
  0.783322 seconds (83.16 k allocations: 82.772 MiB)
449
  0.882682 seconds (241.57 k allocations: 240.228 MiB)
  0.881765 seconds (239.23 k allocations: 238.591 MiB)
2949
6699
  0.885028 seconds (245.04 k allocations: 246.731 MiB)
9200
  0.887089 seconds (251.67 k allocations: 255.295 MiB)
4197
  0.887959 seconds (280.27 k allocations: 278.743 MiB)
1703
  0.781721 seconds (553.14 k allocations: 544.765 MiB)
8004
  0.877465 seconds (499.02 k allocations: 492.033 MiB)
5457
  0.879862 seconds (514.45 k allocations: 506.558 MiB)
450
  0.878854 seconds (229.12 k allocations: 225.908 MiB)
  0.879333 seconds (229.76 k allocations: 226.618 MiB)
9201
2950
  0.887615 seconds (258.77 k allocations: 256.239 MiB)
4198
  0.879296 seconds (256.35 k allocations: 253.726 MiB)
1704
  0.893731 seconds (286.26 k allocations: 284.553 MiB)
6700
  0.784272 seconds (553.31 k allocations: 545.292 MiB)
8005
  0.869976 seconds (528.16 k allocations: 520.271 MiB)
5458
  1.559681 seconds (200.18 k allocations: 198.479 MiB, 14.55% gc time)
  1.590261 seconds (378.46 k allocations: 371.523 MiB, 14.27% gc time)
  1.559232 seconds (198.60 k allocations: 196.972 MiB, 14.55% gc time)
  1.543416 seconds (156.47 k allocations: 154.372 MiB, 14.70% gc time)
  1.548868 seconds (165.93 k allocations: 164.651 MiB, 14.65% gc time)
  1.518939 seconds (136.07 k allocations: 133.711 MiB, 14.94% gc time)
  1.009983 seconds (57.32 k allocations: 56.392 MiB, 22.47% gc time)
9202
8006
2951
451
6701
1705
4199
  0.720235 seconds (471.12 k allocations: 459.428 MiB)
5459
  0.755153 seconds (79.05 k allocations: 77.908 MiB)
8007
  0.856160 seconds (158.27 k allocations: 157.182 MiB)
452
  0.953756 seconds (237.13 k allocations: 233.692 MiB)
1706
  0.958995 seconds (241.40 k allocations: 238.763 MiB)
  0.960005 seconds (242.74 k allocations: 241.008 MiB)
  0.959616 seconds (242.96 k allocations: 241.314 MiB)
9203
2952
4200
  0.964970 seconds (277.24 k allocations: 276.070 MiB)
6702
  0.769730 seconds (553.22 k allocations: 545.013 MiB)
5460
  0.781977 seconds (553.21 k allocations: 544.968 MiB)
8008
  0.880007 seconds (553.18 k allocations: 544.873 MiB)
453
  0.871511 seconds (246.82 k allocations: 244.025 MiB)
9204
  0.872974 seconds (247.72 k allocations: 245.877 MiB)
1707
  0.878642 seconds (261.75 k allocations: 260.307 MiB)
4201
  0.886982 seconds (294.65 k allocations: 292.744 MiB)
2953
  0.883960 seconds (310.14 k allocations: 307.329 MiB)
6703
  0.879035 seconds (553.14 k allocations: 544.746 MiB)
5461
  0.889872 seconds (553.14 k allocations: 544.740 MiB)
8009
  1.639681 seconds (530.09 k allocations: 521.874 MiB, 9.77% gc time)
  1.545407 seconds (199.44 k allocations: 199.315 MiB, 10.37% gc time)
  1.532469 seconds (153.02 k allocations: 152.440 MiB, 10.46% gc time)
  1.538359 seconds (169.85 k allocations: 169.774 MiB, 10.42% gc time)
  1.523978 seconds (135.98 k allocations: 135.055 MiB, 10.52% gc time)
  1.521138 seconds (135.41 k allocations: 133.289 MiB, 10.54% gc time)
  1.030881 seconds (56.51 k allocations: 55.680 MiB, 15.55% gc time)
9205
1708
454
6704
2954
4202
5462
  0.768078 seconds (470.18 k allocations: 458.517 MiB)
8010
  0.761417 seconds (79.02 k allocations: 77.832 MiB)
5463
  0.960129 seconds (158.06 k allocations: 155.695 MiB)
1709
  0.969999 seconds (169.34 k allocations: 171.170 MiB)
455
  1.012966 seconds (279.11 k allocations: 273.507 MiB)
9206
  1.018841 seconds (296.52 k allocations: 292.390 MiB)
  1.018696 seconds (296.61 k allocations: 292.451 MiB)
2955
6705
  1.039057 seconds (400.02 k allocations: 394.627 MiB)
4203
  0.747464 seconds (553.17 k allocations: 544.841 MiB)
8011
  0.846060 seconds (553.15 k allocations: 544.778 MiB)
5464
  0.862291 seconds (437.26 k allocations: 429.961 MiB)
  0.860408 seconds (425.39 k allocations: 418.326 MiB)
1710
456
  0.857181 seconds (311.50 k allocations: 305.743 MiB)
9207
  0.880450 seconds (370.94 k allocations: 366.078 MiB)
  0.879681 seconds (369.89 k allocations: 365.070 MiB)
2956
6706
  0.862830 seconds (351.88 k allocations: 348.632 MiB)
4204
  0.781377 seconds (553.21 k allocations: 544.956 MiB)
8012
  0.878303 seconds (553.20 k allocations: 544.949 MiB)
5465
  1.331171 seconds (233.18 k allocations: 230.017 MiB, 12.44% gc time)
  1.380733 seconds (434.32 k allocations: 426.702 MiB, 12.00% gc time)
  1.382896 seconds (437.69 k allocations: 431.145 MiB, 11.98% gc time)
  1.291483 seconds (135.65 k allocations: 133.028 MiB, 12.83% gc time)
  1.307754 seconds (159.65 k allocations: 158.508 MiB, 12.67% gc time)
  1.295722 seconds (137.78 k allocations: 136.420 MiB, 12.78% gc time)
  0.948665 seconds (57.17 k allocations: 56.191 MiB, 17.46% gc time)
9208
8013
4205
6707
457
1711
2957
  0.775027 seconds (481.43 k allocations: 469.267 MiB)
5466
  0.793960 seconds (115.06 k allocations: 117.257 MiB)
8014
  0.848614 seconds (176.47 k allocations: 176.151 MiB)
458
  0.891255 seconds (244.25 k allocations: 244.464 MiB)
  0.890883 seconds (242.76 k allocations: 243.048 MiB)
9209
4206
  0.897818 seconds (306.84 k allocations: 302.657 MiB)
2958
  0.972073 seconds (489.03 k allocations: 482.875 MiB)
6708
  0.971830 seconds (485.13 k allocations: 480.157 MiB)
1712
  0.876752 seconds (553.35 k allocations: 545.425 MiB)
5467
  0.780010 seconds (476.05 k allocations: 469.860 MiB)
8015
  0.874298 seconds (482.15 k allocations: 474.466 MiB)
459
  0.868908 seconds (390.35 k allocations: 384.619 MiB)
  0.869230 seconds (390.81 k allocations: 385.094 MiB)
9210
4207
  0.880338 seconds (498.94 k allocations: 489.501 MiB)
2959
  0.865703 seconds (462.84 k allocations: 456.204 MiB)
6709
  0.872054 seconds (488.63 k allocations: 480.627 MiB)
1713
  0.862927 seconds (474.96 k allocations: 469.001 MiB)
5468
  0.871314 seconds (486.73 k allocations: 480.039 MiB)
8016
  1.178163 seconds (342.81 k allocations: 335.690 MiB, 17.79% gc time)
  1.178517 seconds (343.38 k allocations: 336.210 MiB, 17.79% gc time)
  1.203073 seconds (431.07 k allocations: 423.582 MiB, 17.43% gc time)
  1.075795 seconds (133.05 k allocations: 129.308 MiB, 19.49% gc time)
  1.129681 seconds (251.05 k allocations: 244.705 MiB, 18.56% gc time)
  1.090928 seconds (151.53 k allocations: 148.571 MiB, 19.22% gc time)
9211
4208
1714
2960
6710
460
  0.783481 seconds (394.23 k allocations: 384.609 MiB)
8017
  0.881749 seconds (118.56 k allocations: 120.840 MiB)
6711
  0.889397 seconds (125.91 k allocations: 128.901 MiB)
  0.882058 seconds (96.30 k allocations: 97.867 MiB)
2961
1715
  0.883605 seconds (102.14 k allocations: 104.535 MiB)
4209
  0.884215 seconds (109.42 k allocations: 112.486 MiB)
9212
  0.887625 seconds (173.32 k allocations: 173.382 MiB)
461
  1.002708 seconds (811.57 k allocations: 793.806 MiB)
5469
  0.782006 seconds (553.25 k allocations: 545.083 MiB)
8018
  0.879872 seconds (204.26 k allocations: 205.061 MiB)
6712
  0.873304 seconds (151.78 k allocations: 152.190 MiB)
1716
  0.876859 seconds (159.91 k allocations: 161.004 MiB)
4210
  0.875309 seconds (156.19 k allocations: 157.198 MiB)
9213
  0.883681 seconds (190.83 k allocations: 192.580 MiB)
2962
  0.870455 seconds (228.54 k allocations: 227.205 MiB)
462
  0.873851 seconds (289.57 k allocations: 285.397 MiB)
5470
  0.745916 seconds (553.21 k allocations: 544.962 MiB)
8019
  0.833149 seconds (213.97 k allocations: 213.110 MiB)
9214
  0.825476 seconds (158.62 k allocations: 157.455 MiB)
5471
  0.873236 seconds (279.89 k allocations: 279.363 MiB)
6713
  0.829747 seconds (202.17 k allocations: 199.842 MiB)
  0.884289 seconds (288.42 k allocations: 286.990 MiB)
4211
2963
  0.877750 seconds (276.13 k allocations: 274.182 MiB)
1717
  0.869559 seconds (285.26 k allocations: 282.682 MiB)
463
  1.083204 seconds (48.29 k allocations: 47.251 MiB, 18.46% gc time)
  1.478382 seconds (219.28 k allocations: 218.324 MiB, 13.52% gc time)
5472
8020
  0.878910 seconds (376.72 k allocations: 369.088 MiB)
9215
  0.850692 seconds (78.06 k allocations: 76.933 MiB)
8021
  0.882286 seconds (157.17 k allocations: 159.742 MiB)
4212
  0.879702 seconds (139.45 k allocations: 141.319 MiB)
5473
  0.992242 seconds (380.77 k allocations: 379.367 MiB)
6714
  0.997219 seconds (367.98 k allocations: 365.666 MiB)
  0.984497 seconds (336.78 k allocations: 335.552 MiB)
2964
  0.976561 seconds (331.84 k allocations: 329.352 MiB)
1718
464
  0.782921 seconds (330.70 k allocations: 327.804 MiB)
8022
  0.878420 seconds (598.07 k allocations: 587.862 MiB)
9216
  0.878064 seconds (474.17 k allocations: 467.098 MiB)
5474
  0.888259 seconds (483.10 k allocations: 477.863 MiB)
4213
  0.872735 seconds (319.37 k allocations: 315.748 MiB)
  0.879662 seconds (334.61 k allocations: 333.052 MiB)
465
6715
  0.883758 seconds (338.82 k allocations: 337.578 MiB)
2965
  0.880139 seconds (344.30 k allocations: 341.378 MiB)
1719
  0.843186 seconds (521.68 k allocations: 513.791 MiB)
8023
  0.834907 seconds (502.74 k allocations: 495.427 MiB)
9217
  1.215899 seconds (414.17 k allocations: 408.445 MiB, 15.10% gc time)
  1.209163 seconds (407.36 k allocations: 400.684 MiB, 15.18% gc time)
  1.081179 seconds (108.89 k allocations: 107.641 MiB, 16.98% gc time)
  1.094368 seconds (152.71 k allocations: 152.096 MiB, 16.77% gc time)
  1.067056 seconds (92.00 k allocations: 90.385 MiB, 17.20% gc time)
  1.083037 seconds (111.59 k allocations: 111.581 MiB, 16.95% gc time)
5475
4214
6716
1720
2966
466
  0.782307 seconds (430.37 k allocations: 420.429 MiB)
8024
  0.784035 seconds (82.13 k allocations: 84.526 MiB)
5476
  0.785973 seconds (82.95 k allocations: 82.642 MiB)
  0.787680 seconds (83.17 k allocations: 84.078 MiB)
467
4215
  0.901122 seconds (523.51 k allocations: 516.071 MiB)
9218
  0.891549 seconds (350.42 k allocations: 345.295 MiB)
  0.889735 seconds (350.58 k allocations: 345.444 MiB)
  0.891985 seconds (352.84 k allocations: 349.516 MiB)
6717
2967
1721
  0.781677 seconds (553.23 k allocations: 545.025 MiB)
8025
  0.877173 seconds (420.39 k allocations: 415.859 MiB)
5477
  0.880629 seconds (418.35 k allocations: 413.662 MiB)
4216
  0.879537 seconds (438.34 k allocations: 431.596 MiB)
468
  0.884973 seconds (363.61 k allocations: 358.055 MiB)
9219
  0.873684 seconds (287.31 k allocations: 282.332 MiB)
1722
  0.882367 seconds (303.38 k allocations: 299.914 MiB)
6718
  0.887303 seconds (317.52 k allocations: 314.473 MiB)
2968
  0.785103 seconds (553.35 k allocations: 545.406 MiB)
8026
  0.880847 seconds (472.61 k allocations: 466.222 MiB)
5478
  0.774135 seconds (189.35 k allocations: 189.361 MiB)
1723
  0.884415 seconds (390.42 k allocations: 383.965 MiB)
4217
  1.477050 seconds (254.68 k allocations: 252.619 MiB, 10.54% gc time)
  1.464791 seconds (216.77 k allocations: 213.878 MiB, 10.63% gc time)
  1.463015 seconds (214.73 k allocations: 211.958 MiB, 10.64% gc time)
  0.938642 seconds (111.73 k allocations: 109.957 MiB, 16.59% gc time)
  1.443401 seconds (191.18 k allocations: 188.499 MiB, 10.79% gc time)
9220
8027
2969
469
6719
  0.861501 seconds (410.55 k allocations: 401.448 MiB)
5479
  0.789398 seconds (9.46 k allocations: 10.041 MiB)
8028
  0.850491 seconds (163.07 k allocations: 162.895 MiB)
470
  0.875577 seconds (227.54 k allocations: 229.276 MiB)
4218
  0.974126 seconds (537.15 k allocations: 530.180 MiB)
1724
  0.958881 seconds (353.54 k allocations: 349.360 MiB)
9221
  0.964698 seconds (364.96 k allocations: 362.530 MiB)
  0.960498 seconds (364.51 k allocations: 360.583 MiB)
2970
6720
  0.773203 seconds (481.02 k allocations: 474.886 MiB)
5480
  0.781521 seconds (489.83 k allocations: 482.090 MiB)
8029
  0.879933 seconds (492.69 k allocations: 486.111 MiB)
471
  0.881263 seconds (496.19 k allocations: 489.246 MiB)
4219
  0.885925 seconds (429.45 k allocations: 423.571 MiB)
1725
  0.878498 seconds (349.69 k allocations: 346.977 MiB)
9222
  0.873721 seconds (344.12 k allocations: 340.186 MiB)
6721
  0.880727 seconds (362.36 k allocations: 359.857 MiB)
2971
  0.877324 seconds (491.03 k allocations: 484.400 MiB)
5481
  0.885340 seconds (502.47 k allocations: 495.094 MiB)
8030
  1.700921 seconds (215.93 k allocations: 213.489 MiB, 9.99% gc time)
  1.794045 seconds (474.18 k allocations: 466.967 MiB, 9.47% gc time)
  1.775613 seconds (451.46 k allocations: 444.017 MiB, 9.57% gc time)
  1.683509 seconds (148.40 k allocations: 147.621 MiB, 10.10% gc time)
  1.675609 seconds (135.66 k allocations: 132.983 MiB, 10.14% gc time)
  1.678217 seconds (136.83 k allocations: 135.322 MiB, 10.13% gc time)
  1.026822 seconds (20.53 k allocations: 19.649 MiB, 16.55% gc time)
6722
4220
1726
472
9223
2972
5482
  0.775171 seconds (466.48 k allocations: 454.987 MiB)
8031
  0.876667 seconds (80.24 k allocations: 81.460 MiB)
5483
  0.927826 seconds (149.56 k allocations: 146.361 MiB)
4221
  0.961429 seconds (196.19 k allocations: 195.680 MiB)
6723
  0.969068 seconds (213.50 k allocations: 213.236 MiB)
2973
  1.026031 seconds (396.08 k allocations: 395.098 MiB)
473
  1.036278 seconds (414.15 k allocations: 408.518 MiB)
9224
  1.039450 seconds (420.79 k allocations: 415.872 MiB)
1727
  0.781373 seconds (553.24 k allocations: 545.057 MiB)
8032
  0.872001 seconds (544.91 k allocations: 536.015 MiB)
5484
  0.880986 seconds (471.63 k allocations: 464.865 MiB)
  0.773693 seconds (158.42 k allocations: 156.727 MiB)
4222
1728
  0.879826 seconds (468.50 k allocations: 461.663 MiB)
6724
  0.889703 seconds (515.20 k allocations: 506.116 MiB)
2974
  0.873335 seconds (467.91 k allocations: 461.073 MiB)
474
  0.877333 seconds (474.18 k allocations: 468.078 MiB)
9225
  0.781455 seconds (553.22 k allocations: 545.000 MiB)
8033
  0.877484 seconds (553.23 k allocations: 545.019 MiB)
5485
  1.435068 seconds (383.54 k allocations: 378.403 MiB, 10.91% gc time)
  1.431253 seconds (372.00 k allocations: 366.136 MiB, 10.94% gc time)
  1.249529 seconds (144.88 k allocations: 143.085 MiB, 12.53% gc time)
  1.393837 seconds (281.13 k allocations: 274.681 MiB, 11.23% gc time)
  1.406029 seconds (307.73 k allocations: 303.394 MiB, 11.13% gc time)
  0.939489 seconds (57.01 k allocations: 55.980 MiB, 16.66% gc time)
  1.237341 seconds (136.18 k allocations: 134.081 MiB, 12.65% gc time)
8034
9226
4223
1729
6725
2975
475
  0.851105 seconds (473.37 k allocations: 461.575 MiB)
5486
  0.783596 seconds (27.12 k allocations: 33.069 MiB)
476
  0.827093 seconds (143.15 k allocations: 140.257 MiB)
8035
  0.890266 seconds (243.80 k allocations: 244.930 MiB)
2976
  0.960109 seconds (316.72 k allocations: 314.480 MiB)
1730
  0.960569 seconds (316.77 k allocations: 313.032 MiB)
6726
  1.018335 seconds (462.51 k allocations: 453.495 MiB)
9227
  1.021976 seconds (474.18 k allocations: 465.670 MiB)
4224
  0.782013 seconds (391.48 k allocations: 384.695 MiB)
8036
  0.885512 seconds (544.17 k allocations: 536.255 MiB)
5487
  0.880644 seconds (533.88 k allocations: 525.141 MiB)
477
  0.883013 seconds (553.17 k allocations: 544.841 MiB)
2977
  0.776497 seconds (275.70 k allocations: 271.524 MiB)
4225
  0.874201 seconds (510.58 k allocations: 500.953 MiB)
6727
  0.878460 seconds (519.50 k allocations: 510.436 MiB)
1731
  0.883533 seconds (554.88 k allocations: 547.768 MiB)
9228
  0.886142 seconds (513.70 k allocations: 505.136 MiB)
8037
  0.878017 seconds (436.24 k allocations: 430.768 MiB)
5488
  0.873128 seconds (434.65 k allocations: 428.992 MiB)
478
  1.176415 seconds (407.40 k allocations: 400.679 MiB, 14.24% gc time)
  1.146673 seconds (309.10 k allocations: 303.399 MiB, 14.61% gc time)
  1.106143 seconds (212.99 k allocations: 209.042 MiB, 15.15% gc time)
  1.043943 seconds (134.08 k allocations: 131.365 MiB, 16.05% gc time)
  1.109617 seconds (215.49 k allocations: 212.833 MiB, 15.10% gc time)
4226
2978
1732
6728
9229
  0.782132 seconds (371.88 k allocations: 364.459 MiB)
8038
  0.775172 seconds (173.78 k allocations: 173.432 MiB)
4227
  0.910177 seconds (468.82 k allocations: 460.431 MiB)
  0.874237 seconds (268.64 k allocations: 267.352 MiB)
5489
9230
  0.900525 seconds (324.81 k allocations: 320.868 MiB)
479
  0.888807 seconds (304.48 k allocations: 298.717 MiB)
  0.891395 seconds (308.58 k allocations: 304.810 MiB)
1733
2979
  0.895979 seconds (351.24 k allocations: 346.651 MiB)
6729
  0.754518 seconds (524.23 k allocations: 516.512 MiB)
8039
  0.746371 seconds (361.00 k allocations: 355.218 MiB)
5490
  0.851617 seconds (556.29 k allocations: 549.220 MiB)
4228
  0.852574 seconds (475.85 k allocations: 466.936 MiB)
9231
  0.866550 seconds (324.96 k allocations: 322.302 MiB)
480
  0.862257 seconds (302.54 k allocations: 299.408 MiB)
1734
  0.865290 seconds (330.30 k allocations: 325.705 MiB)
6730
  0.875599 seconds (351.38 k allocations: 348.104 MiB)
2980
  0.780518 seconds (553.18 k allocations: 544.879 MiB)
8040
  0.880033 seconds (487.44 k allocations: 480.994 MiB)
5491
  0.881809 seconds (496.62 k allocations: 489.860 MiB)
4229
  0.756715 seconds (202.10 k allocations: 200.405 MiB)
1735
  1.841147 seconds (401.53 k allocations: 395.900 MiB, 9.16% gc time)
  1.818256 seconds (285.70 k allocations: 283.867 MiB, 9.28% gc time)
  1.801677 seconds (246.13 k allocations: 242.351 MiB, 9.37% gc time)
  1.045372 seconds (35.48 k allocations: 34.014 MiB, 16.14% gc time)
  1.282070 seconds (167.46 k allocations: 164.889 MiB, 13.16% gc time)
  1.802640 seconds (246.44 k allocations: 242.675 MiB, 9.36% gc time)
5492
9232
8041
481
2981
6731
  0.778131 seconds (443.64 k allocations: 433.127 MiB)
4230
  0.868690 seconds (84.16 k allocations: 86.421 MiB)
8042
  0.880574 seconds (102.35 k allocations: 104.822 MiB)
5493
  0.899102 seconds (156.22 k allocations: 153.695 MiB)
482
  0.965289 seconds (311.46 k allocations: 309.365 MiB)
9233
  1.027024 seconds (526.32 k allocations: 520.849 MiB)
1736
  1.022161 seconds (424.46 k allocations: 417.041 MiB)
6732
  1.028158 seconds (439.17 k allocations: 433.320 MiB)
2982
  0.735612 seconds (553.20 k allocations: 544.937 MiB)
4231
  0.737239 seconds (459.71 k allocations: 453.488 MiB)
8043
  0.827240 seconds (513.03 k allocations: 505.478 MiB)
5494
  0.828948 seconds (427.34 k allocations: 419.281 MiB)
9234
  0.885995 seconds (541.57 k allocations: 533.785 MiB)
483
  0.872756 seconds (451.77 k allocations: 444.611 MiB)
1737
  0.871923 seconds (430.81 k allocations: 425.555 MiB)
6733
  0.873260 seconds (437.48 k allocations: 431.683 MiB)
2983
  0.854965 seconds (553.17 k allocations: 544.848 MiB)
4232
  0.869761 seconds (553.17 k allocations: 544.848 MiB)
8044
  1.702516 seconds (530.53 k allocations: 521.966 MiB, 10.52% gc time)
  1.603448 seconds (401.18 k allocations: 394.979 MiB, 11.17% gc time)
  1.492221 seconds (135.79 k allocations: 133.392 MiB, 12.00% gc time)
  1.522593 seconds (209.36 k allocations: 206.181 MiB, 11.76% gc time)
  1.569725 seconds (351.52 k allocations: 345.517 MiB, 11.41% gc time)
  1.492009 seconds (135.91 k allocations: 133.572 MiB, 12.00% gc time)
  1.057623 seconds (57.13 k allocations: 56.077 MiB, 16.94% gc time)
5495
9235
6734
2984
484
4233
1738
  0.782687 seconds (465.29 k allocations: 453.833 MiB)
8045
  0.889887 seconds (114.22 k allocations: 116.397 MiB)
4234
  0.887838 seconds (96.28 k allocations: 96.552 MiB)
485
  0.964977 seconds (279.13 k allocations: 278.710 MiB)
  0.966910 seconds (286.20 k allocations: 287.029 MiB)
9236
5496
  0.987035 seconds (335.48 k allocations: 330.938 MiB)
6735
  0.997041 seconds (375.82 k allocations: 370.536 MiB)
2985
  0.988701 seconds (382.76 k allocations: 376.972 MiB)
1739
  0.781652 seconds (553.23 k allocations: 545.025 MiB)
8046
  0.881624 seconds (484.03 k allocations: 477.745 MiB)
4235
  0.760913 seconds (80.80 k allocations: 80.530 MiB)
1740
  0.879918 seconds (487.35 k allocations: 482.035 MiB)
486
  0.877384 seconds (464.32 k allocations: 456.008 MiB)
5497
  0.879246 seconds (467.56 k allocations: 460.137 MiB)
9237
  0.883181 seconds (439.62 k allocations: 434.416 MiB)
6736
  0.894097 seconds (497.18 k allocations: 489.291 MiB)
2986
  0.782336 seconds (553.38 k allocations: 545.495 MiB)
8047
  0.877195 seconds (422.32 k allocations: 417.726 MiB)
4236
  0.876613 seconds (418.40 k allocations: 412.783 MiB)
487
  0.875348 seconds (373.64 k allocations: 368.692 MiB)
1741
  0.862721 seconds (263.77 k allocations: 261.307 MiB)
5498
  0.870917 seconds (275.80 k allocations: 272.578 MiB)
9238
  0.869836 seconds (218.26 k allocations: 217.306 MiB)
6737
  0.879511 seconds (226.10 k allocations: 224.579 MiB)
2987
  0.943825 seconds (185.34 k allocations: 184.362 MiB, 17.76% gc time)
8048
  0.776992 seconds (333.25 k allocations: 327.465 MiB)
4237
  0.785082 seconds (82.16 k allocations: 82.047 MiB)
8049
  0.866522 seconds (249.30 k allocations: 247.884 MiB)
488
  0.887003 seconds (228.06 k allocations: 227.715 MiB)
1742
  0.994342 seconds (452.31 k allocations: 449.422 MiB)
5499
  0.983972 seconds (355.12 k allocations: 353.731 MiB)
6738
  0.976370 seconds (350.46 k allocations: 346.574 MiB)
2988
  0.985011 seconds (363.19 k allocations: 360.997 MiB)
9239
  0.782092 seconds (469.92 k allocations: 462.034 MiB)
8050
  0.881134 seconds (576.08 k allocations: 568.225 MiB)
4238
  0.895310 seconds (522.02 k allocations: 514.126 MiB)
489
  0.879185 seconds (501.03 k allocations: 493.798 MiB)
1743
  0.877958 seconds (406.33 k allocations: 401.374 MiB)
5500
  0.870935 seconds (341.15 k allocations: 336.321 MiB)
9240
  0.874569 seconds (345.82 k allocations: 341.745 MiB)
  0.878126 seconds (353.14 k allocations: 352.134 MiB)
2989
6739
  0.856662 seconds (494.55 k allocations: 487.728 MiB)
8051
  0.851376 seconds (485.55 k allocations: 478.863 MiB)
4239
  1.126925 seconds (432.12 k allocations: 424.328 MiB, 13.40% gc time)
  1.050529 seconds (201.83 k allocations: 198.777 MiB, 14.38% gc time)
  1.147798 seconds (457.45 k allocations: 449.776 MiB, 13.16% gc time)
  1.030034 seconds (122.17 k allocations: 121.321 MiB, 14.66% gc time)
  1.028224 seconds (119.95 k allocations: 117.986 MiB, 14.69% gc time)
  1.023905 seconds (116.93 k allocations: 114.357 MiB, 14.75% gc time)
9241
5501
1744
490
2990
6740
  0.774591 seconds (405.57 k allocations: 396.697 MiB)
8052
  0.884594 seconds (120.07 k allocations: 123.267 MiB)
9242
  0.889388 seconds (96.33 k allocations: 97.872 MiB)
  0.889762 seconds (96.35 k allocations: 98.842 MiB)
  0.888335 seconds (94.15 k allocations: 95.496 MiB)
6741
2991
5502
  0.891148 seconds (112.39 k allocations: 113.798 MiB)
  0.890321 seconds (113.34 k allocations: 114.865 MiB)
491
1745
  1.002236 seconds (752.59 k allocations: 735.735 MiB)
4240
  0.782743 seconds (553.35 k allocations: 545.413 MiB)
8053
  0.785369 seconds (79.02 k allocations: 77.838 MiB)
4241
  0.883204 seconds (270.80 k allocations: 269.670 MiB)
9243
  0.878987 seconds (216.94 k allocations: 215.823 MiB)
5503
  0.884594 seconds (238.64 k allocations: 240.027 MiB)
6742
  0.883600 seconds (231.81 k allocations: 232.017 MiB)
2992
  0.874922 seconds (243.17 k allocations: 241.436 MiB)
492
  0.895019 seconds (308.25 k allocations: 305.948 MiB)
1746
  0.784938 seconds (553.34 k allocations: 545.375 MiB)
8054
  0.881275 seconds (451.97 k allocations: 442.136 MiB)
4242
  0.869256 seconds (214.98 k allocations: 216.245 MiB)
9244
  0.871963 seconds (210.16 k allocations: 210.177 MiB)
  0.871970 seconds (209.57 k allocations: 209.359 MiB)
5504
6743
  0.883775 seconds (230.39 k allocations: 230.316 MiB)
  0.877703 seconds (217.09 k allocations: 216.372 MiB)
2993
1747
  0.890788 seconds (251.66 k allocations: 250.200 MiB)
493
  1.190611 seconds (222.78 k allocations: 219.162 MiB, 29.97% gc time)
  1.561340 seconds (302.13 k allocations: 297.269 MiB, 22.85% gc time)
4243
8055
  0.872320 seconds (294.54 k allocations: 290.443 MiB)
5505
  0.853772 seconds (79.03 k allocations: 77.876 MiB)
8056
  0.892686 seconds (125.74 k allocations: 124.777 MiB)
4244
  0.988852 seconds (329.13 k allocations: 327.763 MiB)
9245
  0.994287 seconds (324.73 k allocations: 320.870 MiB)
1748
  1.003062 seconds (349.80 k allocations: 349.525 MiB)
  0.998701 seconds (333.86 k allocations: 332.762 MiB)
6744
2994
  0.990162 seconds (323.70 k allocations: 322.875 MiB)
494
  0.776547 seconds (552.56 k allocations: 543.317 MiB)
5506
  0.782868 seconds (523.45 k allocations: 515.421 MiB)
8057
  0.777508 seconds (508.05 k allocations: 498.455 MiB)
4245
  0.888943 seconds (305.62 k allocations: 303.970 MiB)
9246
  0.877030 seconds (242.04 k allocations: 239.220 MiB)
495
  0.884792 seconds (254.33 k allocations: 253.231 MiB)
  0.885983 seconds (256.39 k allocations: 255.528 MiB)
  0.885712 seconds (257.05 k allocations: 257.081 MiB)
2995
6745
1749
  0.785330 seconds (445.67 k allocations: 438.790 MiB)
8058
  0.878471 seconds (583.83 k allocations: 574.236 MiB)
5507
  1.261598 seconds (478.38 k allocations: 470.830 MiB, 15.46% gc time)
  1.082932 seconds (103.96 k allocations: 103.899 MiB, 18.01% gc time)
  1.081370 seconds (100.64 k allocations: 100.774 MiB, 18.03% gc time)
  1.082988 seconds (104.24 k allocations: 104.230 MiB, 18.00% gc time)
  1.073219 seconds (85.10 k allocations: 84.795 MiB, 18.17% gc time)
  1.070289 seconds (84.04 k allocations: 82.582 MiB, 18.22% gc time)
4246
9247
496
1750
2996
6746
  0.759114 seconds (429.21 k allocations: 419.309 MiB)
8059
  0.777947 seconds (244.28 k allocations: 243.314 MiB)
5508
  0.762790 seconds (104.96 k allocations: 103.616 MiB)
497
  0.773783 seconds (123.99 k allocations: 127.714 MiB)
4247
  0.875657 seconds (316.07 k allocations: 311.257 MiB)
  0.882899 seconds (323.43 k allocations: 321.735 MiB)
  0.886216 seconds (329.79 k allocations: 331.184 MiB)
9248
  0.883283 seconds (322.81 k allocations: 322.632 MiB)
2997
1751
6747
  0.782407 seconds (553.15 k allocations: 544.778 MiB)
8060
  0.879368 seconds (450.58 k allocations: 444.689 MiB)
5509
  0.882297 seconds (426.46 k allocations: 421.382 MiB)
4248
  0.878441 seconds (444.62 k allocations: 438.529 MiB)
498
  0.780236 seconds (145.67 k allocations: 145.838 MiB)
1752
  0.872461 seconds (399.33 k allocations: 394.477 MiB)
  0.878015 seconds (409.03 k allocations: 407.136 MiB)
2998
9249
  0.879349 seconds (418.88 k allocations: 413.956 MiB)
6748
  0.780818 seconds (553.19 k allocations: 544.918 MiB)
8061
  0.884228 seconds (441.63 k allocations: 435.130 MiB)
5510
  0.880818 seconds (377.00 k allocations: 373.059 MiB)
4249
  0.883638 seconds (385.08 k allocations: 380.510 MiB)
1753
  0.883251 seconds (403.36 k allocations: 397.792 MiB)
499
  0.874236 seconds (267.18 k allocations: 265.542 MiB)
9250
  0.874042 seconds (256.24 k allocations: 253.588 MiB)
  0.887515 seconds (267.80 k allocations: 266.281 MiB)
2999
6749
  1.082893 seconds (194.19 k allocations: 188.832 MiB, 18.98% gc time)
  1.388507 seconds (332.55 k allocations: 326.399 MiB, 14.80% gc time)
5511
8062
  0.778756 seconds (223.34 k allocations: 221.076 MiB)
4250
  0.789120 seconds (79.03 k allocations: 77.870 MiB)
5512
  0.850823 seconds (189.67 k allocations: 188.372 MiB)
500
  0.896808 seconds (303.81 k allocations: 301.025 MiB)
9251
  0.863590 seconds (243.99 k allocations: 239.881 MiB)
8063
  1.000492 seconds (632.13 k allocations: 623.323 MiB)
1754
  0.986117 seconds (487.90 k allocations: 482.610 MiB)
3000
  0.997801 seconds (499.18 k allocations: 493.215 MiB)
6750
  0.902426 seconds (553.18 k allocations: 544.867 MiB)
4251
  0.784402 seconds (280.33 k allocations: 274.939 MiB)
8064
  0.890755 seconds (530.64 k allocations: 522.390 MiB)
5513
  0.889691 seconds (513.42 k allocations: 504.676 MiB)
501
  0.891023 seconds (485.18 k allocations: 478.635 MiB)
9252
  0.885797 seconds (422.81 k allocations: 416.928 MiB)
1755
  0.890619 seconds (432.75 k allocations: 426.226 MiB)
3001
  0.893609 seconds (464.70 k allocations: 457.790 MiB)
6751
  0.797295 seconds (435.39 k allocations: 427.950 MiB)
8065
  1.467523 seconds (574.12 k allocations: 564.893 MiB, 21.20% gc time)
  1.381583 seconds (409.03 k allocations: 401.510 MiB, 22.52% gc time)
  1.318263 seconds (310.74 k allocations: 306.256 MiB, 23.61% gc time)
  1.198362 seconds (68.36 k allocations: 67.951 MiB, 25.97% gc time)
  1.206579 seconds (79.73 k allocations: 80.240 MiB, 25.79% gc time)
  1.299864 seconds (272.82 k allocations: 267.328 MiB, 23.94% gc time)
  1.185541 seconds (56.96 k allocations: 56.726 MiB, 26.25% gc time)
5514
4252
9253
1756
3002
502
6752
  0.758441 seconds (477.48 k allocations: 465.508 MiB)
8066
  0.841189 seconds (109.23 k allocations: 114.124 MiB)
5515
  0.890355 seconds (151.71 k allocations: 153.339 MiB)
  0.887872 seconds (147.41 k allocations: 145.252 MiB)
6753
503
  0.895537 seconds (172.75 k allocations: 171.768 MiB)
3003
  0.899012 seconds (183.99 k allocations: 183.504 MiB)
1757
  0.951212 seconds (429.97 k allocations: 421.096 MiB)
9254
  0.960692 seconds (454.85 k allocations: 450.787 MiB)
4253
  0.737725 seconds (553.16 k allocations: 544.822 MiB)
8067
  0.841095 seconds (533.91 k allocations: 523.469 MiB)
5516
  0.881413 seconds (361.77 k allocations: 358.700 MiB)
6754
  0.868526 seconds (289.20 k allocations: 286.202 MiB)
  0.867296 seconds (282.05 k allocations: 279.062 MiB)
1758
504
  0.874948 seconds (302.22 k allocations: 301.044 MiB)
3004
  0.845385 seconds (275.44 k allocations: 272.704 MiB)
  0.848719 seconds (281.46 k allocations: 279.384 MiB)
9255
4254
  0.793018 seconds (553.52 k allocations: 545.959 MiB)
8068
  0.887628 seconds (553.53 k allocations: 545.997 MiB)
5517
  1.274792 seconds (171.67 k allocations: 172.366 MiB, 15.46% gc time)
  1.265580 seconds (153.52 k allocations: 152.587 MiB, 15.58% gc time)
  1.350055 seconds (270.96 k allocations: 268.653 MiB, 14.60% gc time)
  1.261644 seconds (149.84 k allocations: 147.786 MiB, 15.63% gc time)
  1.263123 seconds (151.15 k allocations: 149.061 MiB, 15.61% gc time)
  0.980742 seconds (56.91 k allocations: 55.616 MiB, 20.10% gc time)
  1.242606 seconds (136.00 k allocations: 133.580 MiB, 15.87% gc time)
9256
8069
1759
4255
3005
505
6755
  0.763207 seconds (30.60 k allocations: 36.634 MiB)
506
  0.875869 seconds (528.31 k allocations: 515.141 MiB)
  0.791905 seconds (49.63 k allocations: 50.711 MiB)
5518
8070
  0.886894 seconds (240.46 k allocations: 238.023 MiB)
  0.888561 seconds (241.95 k allocations: 240.289 MiB)
4256
  0.884282 seconds (238.41 k allocations: 236.846 MiB)
  0.891893 seconds (244.68 k allocations: 245.079 MiB)
  0.892451 seconds (245.27 k allocations: 245.673 MiB)
3006
6756
9257
1760
  0.775083 seconds (395.52 k allocations: 390.929 MiB)
5519
  0.781537 seconds (402.82 k allocations: 397.661 MiB)
8071
  0.879980 seconds (644.31 k allocations: 634.619 MiB)
507
  0.792666 seconds (221.66 k allocations: 218.742 MiB)
9258
  0.872580 seconds (318.44 k allocations: 314.810 MiB)
6757
  0.879568 seconds (325.32 k allocations: 322.451 MiB)
3007
  0.883806 seconds (332.27 k allocations: 330.063 MiB)
4257
  0.887220 seconds (355.96 k allocations: 352.507 MiB)
1761
  0.781594 seconds (474.18 k allocations: 467.117 MiB)
8072
  1.445852 seconds (530.53 k allocations: 522.007 MiB, 24.55% gc time)
  1.328375 seconds (372.69 k allocations: 366.598 MiB, 26.73% gc time)
  1.383163 seconds (435.39 k allocations: 427.825 MiB, 25.67% gc time)
  1.228391 seconds (56.53 k allocations: 55.133 MiB, 28.90% gc time)
  1.244640 seconds (86.00 k allocations: 85.840 MiB, 28.52% gc time)
  1.242902 seconds (81.87 k allocations: 82.128 MiB, 28.56% gc time)
  1.233350 seconds (61.25 k allocations: 61.186 MiB, 28.78% gc time)
5520
9259
4258
1762
508
6758
3008
  0.788226 seconds (490.51 k allocations: 477.984 MiB)
8073
  0.784571 seconds (83.17 k allocations: 83.046 MiB)
9260
  0.846364 seconds (159.35 k allocations: 159.412 MiB)
5521
  0.880522 seconds (208.33 k allocations: 206.015 MiB)
509
  0.887167 seconds (222.08 k allocations: 220.197 MiB)
  0.889594 seconds (227.14 k allocations: 225.987 MiB)
6759
3009
  0.894173 seconds (251.58 k allocations: 250.422 MiB)
4259
  0.894795 seconds (277.97 k allocations: 275.502 MiB)
1763
  0.781697 seconds (553.24 k allocations: 545.064 MiB)
8074
  0.881621 seconds (544.63 k allocations: 535.825 MiB)
9261
  0.874649 seconds (427.50 k allocations: 418.419 MiB)
5522
  0.872711 seconds (211.79 k allocations: 209.346 MiB)
6760
  0.874821 seconds (214.90 k allocations: 213.318 MiB)
  0.873989 seconds (214.00 k allocations: 212.570 MiB)
4260
  0.881122 seconds (232.69 k allocations: 235.914 MiB)
  0.874123 seconds (220.53 k allocations: 220.337 MiB)
510
1764
3010
  0.770752 seconds (553.19 k allocations: 544.918 MiB)
8075
  0.858019 seconds (544.27 k allocations: 535.340 MiB)
9262
  1.567632 seconds (392.85 k allocations: 385.249 MiB, 13.48% gc time)
  1.522900 seconds (218.15 k allocations: 215.590 MiB, 13.88% gc time)
  1.525409 seconds (221.88 k allocations: 220.395 MiB, 13.85% gc time)
  1.482579 seconds (155.31 k allocations: 153.019 MiB, 14.25% gc time)
  1.487173 seconds (160.32 k allocations: 159.157 MiB, 14.21% gc time)
  0.981038 seconds (57.19 k allocations: 56.313 MiB, 21.54% gc time)
  1.459350 seconds (136.44 k allocations: 134.590 MiB, 14.48% gc time)
4261
5523
1765
6761
511
3011
8076
  0.777844 seconds (463.76 k allocations: 452.379 MiB)
9263
  0.807998 seconds (79.03 k allocations: 77.844 MiB)
8077
  0.827721 seconds (100.71 k allocations: 102.056 MiB)
512
  0.849718 seconds (158.69 k allocations: 157.320 MiB)
  0.849347 seconds (160.57 k allocations: 160.022 MiB)
5524
4262
  0.890426 seconds (373.93 k allocations: 371.370 MiB)
3012
  0.951432 seconds (476.26 k allocations: 470.250 MiB)
6762
  0.959622 seconds (485.36 k allocations: 481.179 MiB)
1766
  0.881275 seconds (553.20 k allocations: 544.943 MiB)
9264
  0.782641 seconds (362.68 k allocations: 357.456 MiB)
8078
  0.775078 seconds (279.73 k allocations: 276.626 MiB)
4263
  0.879320 seconds (500.70 k allocations: 493.982 MiB)
513
  0.878491 seconds (442.49 k allocations: 436.910 MiB)
5525
  0.883800 seconds (479.61 k allocations: 472.334 MiB)
3013
  0.879824 seconds (483.55 k allocations: 477.471 MiB)
6763
  0.880920 seconds (486.16 k allocations: 479.738 MiB)
1767
  0.828362 seconds (472.49 k allocations: 465.893 MiB)
9265
  0.875163 seconds (508.38 k allocations: 499.983 MiB)
8079
  0.872901 seconds (501.41 k allocations: 494.299 MiB)
4264
  1.956118 seconds (347.20 k allocations: 342.096 MiB, 18.30% gc time)
  1.844604 seconds (163.10 k allocations: 160.257 MiB, 19.40% gc time)
  1.979058 seconds (407.06 k allocations: 400.601 MiB, 18.08% gc time)
  1.934937 seconds (321.27 k allocations: 316.036 MiB, 18.50% gc time)
  1.208893 seconds (78.87 k allocations: 76.486 MiB, 29.60% gc time)
  1.854903 seconds (175.48 k allocations: 173.965 MiB, 19.29% gc time)
3014
514
5526
1768
6764
9266
  0.782272 seconds (455.60 k allocations: 444.578 MiB)
8080
  0.893424 seconds (82.77 k allocations: 82.658 MiB)
9267
  0.990940 seconds (321.22 k allocations: 319.155 MiB)
4265
  0.968099 seconds (175.04 k allocations: 176.965 MiB)
515
  0.974296 seconds (190.47 k allocations: 192.697 MiB)
  0.975788 seconds (195.03 k allocations: 197.996 MiB)
5527
1769
  0.977494 seconds (218.97 k allocations: 219.527 MiB)
6765
  0.977936 seconds (256.46 k allocations: 255.168 MiB)
3015
  0.781000 seconds (553.34 k allocations: 545.387 MiB)
8081
  0.873467 seconds (553.34 k allocations: 545.375 MiB)
9268
  0.881299 seconds (274.37 k allocations: 273.085 MiB)
4266
  0.873104 seconds (196.93 k allocations: 196.266 MiB)
516
  0.877119 seconds (205.71 k allocations: 206.855 MiB)
5528
  0.882178 seconds (225.60 k allocations: 225.647 MiB)
1770
  0.886796 seconds (257.44 k allocations: 255.855 MiB)
6766
  0.880342 seconds (314.78 k allocations: 310.497 MiB)
3016
  0.771638 seconds (553.13 k allocations: 544.721 MiB)
8082
  0.743719 seconds (189.72 k allocations: 189.893 MiB)
4267
  0.840694 seconds (587.20 k allocations: 577.422 MiB)
9269
  2.075531 seconds (274.03 k allocations: 272.541 MiB, 22.57% gc time)
  2.070964 seconds (254.74 k allocations: 252.904 MiB, 22.62% gc time)
  2.064132 seconds (235.14 k allocations: 232.949 MiB, 22.69% gc time)
  2.048448 seconds (214.82 k allocations: 211.084 MiB, 22.87% gc time)
  2.060206 seconds (227.66 k allocations: 224.579 MiB, 22.74% gc time)
  1.271331 seconds (19.67 k allocations: 18.902 MiB, 36.85% gc time)
  1.631095 seconds (136.19 k allocations: 133.691 MiB, 28.72% gc time)
4268
5529
3017
1771
517
6767
8083
  0.881539 seconds (475.53 k allocations: 463.624 MiB)
9270
  0.879344 seconds (84.01 k allocations: 85.036 MiB)
518
  0.889596 seconds (96.48 k allocations: 99.156 MiB)
5530
  0.893146 seconds (111.83 k allocations: 111.219 MiB)
4269
  0.909096 seconds (155.63 k allocations: 157.787 MiB)
8084
  0.997802 seconds (395.13 k allocations: 389.190 MiB)
1772
  1.010565 seconds (405.46 k allocations: 402.491 MiB)
3018
  1.037057 seconds (442.61 k allocations: 440.329 MiB)
6768
  0.884247 seconds (553.21 k allocations: 544.962 MiB)
9271
  0.796536 seconds (275.68 k allocations: 271.513 MiB)
8085
  0.886750 seconds (457.49 k allocations: 451.399 MiB)
519
  0.889217 seconds (442.09 k allocations: 437.682 MiB)
5531
  0.886937 seconds (440.83 k allocations: 436.248 MiB)
4270
  0.884084 seconds (460.39 k allocations: 454.163 MiB)
1773
  0.884142 seconds (454.42 k allocations: 448.217 MiB)
6769
  0.871827 seconds (484.31 k allocations: 476.565 MiB)
3019
  0.882173 seconds (512.59 k allocations: 505.040 MiB)
9272
  0.886249 seconds (515.99 k allocations: 507.032 MiB)
8086
  0.874337 seconds (402.15 k allocations: 397.117 MiB)
520
  0.878916 seconds (395.77 k allocations: 390.767 MiB)
5532
  1.769544 seconds (143.29 k allocations: 142.317 MiB, 12.49% gc time)  1.102388 seconds (36.03 k allocations: 36.478 MiB, 20.06% gc time)
  1.931073 seconds (380.14 k allocations: 375.601 MiB, 11.45% gc time)

  1.818103 seconds (239.06 k allocations: 236.444 MiB, 12.16% gc time)
  1.789654 seconds (168.09 k allocations: 167.231 MiB, 12.35% gc time)
9273
3020
1774
6770
4271
  0.783750 seconds (458.62 k allocations: 447.462 MiB)
8087
  0.871147 seconds (96.89 k allocations: 101.044 MiB)
5533
  0.894499 seconds (117.41 k allocations: 118.234 MiB)
9274
  0.953139 seconds (266.03 k allocations: 267.630 MiB)
521
  0.959051 seconds (256.23 k allocations: 254.342 MiB)
  0.957069 seconds (257.39 k allocations: 255.199 MiB)
4272
  0.961726 seconds (261.65 k allocations: 262.738 MiB)
6771
  0.960668 seconds (266.10 k allocations: 265.511 MiB)
3021
1775
  0.781847 seconds (553.33 k allocations: 545.343 MiB)
8088
  0.776708 seconds (506.45 k allocations: 499.225 MiB)
5534
  0.775257 seconds (176.31 k allocations: 177.168 MiB)
4273
  0.881334 seconds (592.60 k allocations: 583.000 MiB)
9275
  0.872631 seconds (379.00 k allocations: 375.623 MiB)
522
  0.880530 seconds (348.85 k allocations: 345.300 MiB)
  0.881615 seconds (350.35 k allocations: 346.887 MiB)
  0.880635 seconds (352.34 k allocations: 349.310 MiB)
3022
6772
1776
  0.767937 seconds (553.33 k allocations: 545.349 MiB)
8089
  0.851950 seconds (553.23 k allocations: 545.019 MiB)
5535
  1.451633 seconds (503.72 k allocations: 495.380 MiB, 10.79% gc time)
  1.412725 seconds (434.62 k allocations: 427.031 MiB, 11.09% gc time)
  1.332740 seconds (138.66 k allocations: 137.335 MiB, 11.76% gc time)
  1.365210 seconds (245.36 k allocations: 242.031 MiB, 11.48% gc time)
  1.329886 seconds (138.27 k allocations: 135.895 MiB, 11.78% gc time)
  1.332015 seconds (138.57 k allocations: 136.435 MiB, 11.76% gc time)
  0.868107 seconds (59.55 k allocations: 58.542 MiB, 18.05% gc time)
4274
9276
8090
1777
523
3023
6773
  0.770808 seconds (7.91 k allocations: 11.261 MiB)
8091
  0.798170 seconds (42.48 k allocations: 45.331 MiB)
  0.879721 seconds (529.28 k allocations: 516.462 MiB)
524
5536
  0.856894 seconds (228.14 k allocations: 222.539 MiB)
4275
  0.884282 seconds (282.23 k allocations: 283.921 MiB)
  0.887970 seconds (297.55 k allocations: 300.780 MiB)
3024
6774
  0.889734 seconds (313.86 k allocations: 310.081 MiB)
1778
  0.962473 seconds (553.22 k allocations: 545.000 MiB)
9277
  0.781309 seconds (470.29 k allocations: 463.623 MiB)
8092
  0.773394 seconds (424.34 k allocations: 418.386 MiB)
5537
  0.881396 seconds (545.82 k allocations: 536.857 MiB)
525
  0.879422 seconds (380.09 k allocations: 375.056 MiB)
4276
  0.880496 seconds (350.09 k allocations: 346.125 MiB)
3025
  0.885243 seconds (368.21 k allocations: 363.276 MiB)
6775
  0.888056 seconds (420.55 k allocations: 414.362 MiB)
1779
  0.887585 seconds (553.22 k allocations: 545.000 MiB)
9278
  0.886873 seconds (501.69 k allocations: 494.731 MiB)
8093
  0.877652 seconds (487.00 k allocations: 480.429 MiB)
5538
  1.133628 seconds (310.62 k allocations: 305.176 MiB, 13.45% gc time)
  1.113184 seconds (231.19 k allocations: 227.944 MiB, 13.70% gc time)
  1.088208 seconds (192.79 k allocations: 188.747 MiB, 14.01% gc time)
  1.025922 seconds (113.92 k allocations: 110.981 MiB, 14.86% gc time)
  1.158312 seconds (428.30 k allocations: 419.950 MiB, 13.16% gc time)
  1.105909 seconds (214.19 k allocations: 210.529 MiB, 13.79% gc time)
4277
9279
3026
526
6776
1780
  0.760971 seconds (407.34 k allocations: 398.366 MiB)
8094
  0.793108 seconds (404.66 k allocations: 395.569 MiB)
5539
  0.766531 seconds (147.29 k allocations: 149.101 MiB)
4278
  0.782243 seconds (186.15 k allocations: 183.590 MiB)
527
  0.871964 seconds (333.18 k allocations: 332.637 MiB)
9280
  0.884934 seconds (342.24 k allocations: 337.393 MiB)
3027
  0.888846 seconds (351.01 k allocations: 346.777 MiB)
6777
  0.890794 seconds (366.06 k allocations: 362.173 MiB)
1781
  0.781266 seconds (536.76 k allocations: 528.167 MiB)
8095
  0.878033 seconds (520.61 k allocations: 511.704 MiB)
5540
  0.877288 seconds (471.44 k allocations: 464.436 MiB)
4279
  0.776768 seconds (235.49 k allocations: 233.260 MiB)
9281
  0.878806 seconds (527.78 k allocations: 520.338 MiB)
528
  0.873884 seconds (400.61 k allocations: 395.715 MiB)
6778
  0.872938 seconds (400.18 k allocations: 395.086 MiB)
  0.882442 seconds (412.49 k allocations: 409.524 MiB)
1782
3028
  0.781487 seconds (553.36 k allocations: 545.438 MiB)
8096
  0.871795 seconds (496.50 k allocations: 488.053 MiB)
5541
  0.877613 seconds (410.93 k allocations: 405.856 MiB)
4280
  0.879771 seconds (415.94 k allocations: 410.416 MiB)
9282
  0.873929 seconds (430.16 k allocations: 424.984 MiB)
529
  0.877749 seconds (264.21 k allocations: 262.693 MiB)
6779
  0.881840 seconds (269.42 k allocations: 267.462 MiB)
1783
  0.881641 seconds (275.70 k allocations: 273.241 MiB)
3029
  1.148306 seconds (193.80 k allocations: 189.497 MiB, 23.39% gc time)
  1.386442 seconds (300.46 k allocations: 295.734 MiB, 19.37% gc time)
5542
8097
  0.857723 seconds (74.30 k allocations: 74.773 MiB)
  0.872308 seconds (127.41 k allocations: 128.850 MiB)
530
6780
  0.843820 seconds (54.50 k allocations: 54.140 MiB)
8098
  0.871352 seconds (147.84 k allocations: 145.670 MiB)
5543
  0.971255 seconds (495.68 k allocations: 490.530 MiB)
4281
  0.965064 seconds (449.28 k allocations: 445.934 MiB)
9283
  0.973980 seconds (468.77 k allocations: 463.144 MiB)
1784
  0.976528 seconds (501.88 k allocations: 494.562 MiB)
3030
  0.776653 seconds (346.55 k allocations: 341.754 MiB)
8099
  0.880059 seconds (476.10 k allocations: 469.161 MiB)
531
  0.880850 seconds (473.23 k allocations: 467.399 MiB)
6781
  0.877794 seconds (443.56 k allocations: 435.563 MiB)
5544
  0.877764 seconds (384.98 k allocations: 378.508 MiB)
  0.882597 seconds (397.69 k allocations: 392.800 MiB)
9284
4282
  0.879952 seconds (419.64 k allocations: 413.661 MiB)
1785
  0.883603 seconds (480.49 k allocations: 471.641 MiB)
3031
  0.776427 seconds (553.18 k allocations: 544.886 MiB)
8100
  1.118677 seconds (316.95 k allocations: 311.182 MiB, 13.34% gc time)
  1.162261 seconds (427.55 k allocations: 420.221 MiB, 12.84% gc time)
  1.161165 seconds (426.09 k allocations: 418.825 MiB, 12.85% gc time)
  1.077789 seconds (167.94 k allocations: 164.105 MiB, 13.84% gc time)
  1.078042 seconds (168.59 k allocations: 164.778 MiB, 13.84% gc time)
  1.042386 seconds (77.93 k allocations: 76.891 MiB, 14.31% gc time)
  1.024993 seconds (56.98 k allocations: 55.727 MiB, 14.56% gc time)
3032
1786
9285
4283
532
5545
6782
  0.778226 seconds (480.66 k allocations: 468.553 MiB)
8101
  0.776856 seconds (115.86 k allocations: 119.222 MiB)
5546
  0.792628 seconds (114.39 k allocations: 112.730 MiB)
9286
  0.882714 seconds (322.78 k allocations: 323.369 MiB)
6783
  0.888583 seconds (277.95 k allocations: 279.012 MiB)
533
  0.889689 seconds (275.98 k allocations: 277.212 MiB)
4284
  0.887814 seconds (282.23 k allocations: 280.521 MiB)
1787
  0.894033 seconds (299.74 k allocations: 298.256 MiB)
3033
  0.776684 seconds (553.53 k allocations: 545.997 MiB)
8102
  0.882921 seconds (508.73 k allocations: 501.659 MiB)
5547
  0.775219 seconds (99.35 k allocations: 99.502 MiB)
1788
  0.885855 seconds (517.11 k allocations: 510.451 MiB)
9287
  0.893672 seconds (423.29 k allocations: 418.815 MiB)
6784
  0.875354 seconds (322.64 k allocations: 318.634 MiB)
534
  0.889649 seconds (355.32 k allocations: 354.573 MiB)
4285
  0.887724 seconds (351.33 k allocations: 348.054 MiB)
3034
  0.779157 seconds (553.20 k allocations: 544.943 MiB)
8103
  0.880731 seconds (449.87 k allocations: 444.061 MiB)
5548
  0.889757 seconds (441.75 k allocations: 436.042 MiB)
1789
  0.882546 seconds (439.81 k allocations: 434.001 MiB)
9288
  1.647127 seconds (215.33 k allocations: 214.947 MiB, 22.53% gc time)
  1.637294 seconds (194.89 k allocations: 192.968 MiB, 22.66% gc time)
  1.636515 seconds (194.26 k allocations: 192.362 MiB, 22.68% gc time)
  1.147589 seconds (96.95 k allocations: 95.895 MiB, 32.34% gc time)
  1.611997 seconds (176.00 k allocations: 173.763 MiB, 23.02% gc time)
8104
4286
535
3035
6785
  0.776919 seconds (428.44 k allocations: 418.568 MiB)
5549
  0.788325 seconds (82.63 k allocations: 82.502 MiB)
8105
  0.857529 seconds (163.67 k allocations: 164.722 MiB)
536
  0.891499 seconds (281.97 k allocations: 282.579 MiB)
1790
  0.878324 seconds (205.41 k allocations: 204.192 MiB)
4287
  0.985552 seconds (477.00 k allocations: 473.627 MiB)
9289
  0.972033 seconds (404.54 k allocations: 400.491 MiB)
3036
  0.991098 seconds (463.44 k allocations: 456.580 MiB)
6786
  0.744281 seconds (474.17 k allocations: 467.092 MiB)
8106
  0.843329 seconds (563.04 k allocations: 555.386 MiB)
5550
  0.742494 seconds (395.17 k allocations: 389.336 MiB)
4288
  0.879139 seconds (526.14 k allocations: 519.354 MiB)
537
  0.881560 seconds (503.46 k allocations: 497.398 MiB)
1791
  0.831019 seconds (394.06 k allocations: 388.536 MiB)
9290
  0.882113 seconds (496.70 k allocations: 488.949 MiB)
3037
  0.877898 seconds (492.02 k allocations: 485.456 MiB)
6787
  0.851429 seconds (488.98 k allocations: 482.753 MiB)
8107
  0.848324 seconds (482.69 k allocations: 476.505 MiB)
5551
  1.507150 seconds (502.92 k allocations: 494.640 MiB, 24.65% gc time)
  1.337335 seconds (263.87 k allocations: 258.012 MiB, 27.78% gc time)
  1.367084 seconds (298.37 k allocations: 293.191 MiB, 27.18% gc time)
  1.387995 seconds (346.42 k allocations: 340.434 MiB, 26.77% gc time)
  1.265403 seconds (128.05 k allocations: 125.815 MiB, 29.36% gc time)
  1.246281 seconds (108.82 k allocations: 106.693 MiB, 29.81% gc time)
4289
9291
538
1792
3038
6788
  0.779494 seconds (431.74 k allocations: 421.721 MiB)
8108
  0.883012 seconds (137.22 k allocations: 139.654 MiB)
6789
  0.892407 seconds (111.12 k allocations: 110.771 MiB)
3039
  0.899627 seconds (133.41 k allocations: 133.110 MiB)
9292
  0.904689 seconds (149.86 k allocations: 149.811 MiB)
4290
  1.037485 seconds (708.87 k allocations: 696.776 MiB)
5552
  0.995314 seconds (429.80 k allocations: 423.381 MiB)
1793
  1.007005 seconds (439.38 k allocations: 434.744 MiB)
539
  0.782545 seconds (553.19 k allocations: 544.905 MiB)
8109
  0.887157 seconds (338.43 k allocations: 335.162 MiB)
3040
  0.883324 seconds (321.42 k allocations: 317.471 MiB)
9293
  0.925366 seconds (445.69 k allocations: 441.190 MiB)
  0.888710 seconds (331.71 k allocations: 329.330 MiB)
6790
4291
  0.879446 seconds (425.54 k allocations: 417.255 MiB)
5553
  0.876984 seconds (432.73 k allocations: 425.104 MiB)
1794
  0.877312 seconds (447.57 k allocations: 440.280 MiB)
540
  0.762815 seconds (553.24 k allocations: 545.070 MiB)
8110
  0.884257 seconds (357.45 k allocations: 352.346 MiB)
6791
  0.888164 seconds (362.06 k allocations: 357.804 MiB)
3041
  0.867288 seconds (303.32 k allocations: 300.375 MiB)
4292
  0.751932 seconds (128.82 k allocations: 129.730 MiB)
1795
  0.873464 seconds (306.55 k allocations: 303.231 MiB)
  0.856390 seconds (274.10 k allocations: 271.243 MiB)
5554
9294
  0.888561 seconds (273.77 k allocations: 270.181 MiB)
541
  1.277317 seconds (222.88 k allocations: 220.287 MiB, 39.08% gc time)
8111
  0.888490 seconds (295.07 k allocations: 290.937 MiB)
1796
  0.840104 seconds (37.27 k allocations: 36.673 MiB)
8112
  0.883939 seconds (126.75 k allocations: 126.985 MiB)
4293
  0.963416 seconds (259.55 k allocations: 257.523 MiB)
9295
  0.993595 seconds (332.15 k allocations: 330.454 MiB)
5555
  1.010514 seconds (375.10 k allocations: 372.593 MiB)
  0.974324 seconds (283.59 k allocations: 281.544 MiB)
  1.012273 seconds (379.88 k allocations: 378.569 MiB)
542
3042
6792
  0.786113 seconds (402.13 k allocations: 397.156 MiB)
8113
  0.774053 seconds (181.44 k allocations: 180.739 MiB)
9296
  0.892785 seconds (492.87 k allocations: 485.968 MiB)
4294
  0.943839 seconds (600.90 k allocations: 592.805 MiB)
1797
  0.895268 seconds (406.48 k allocations: 401.552 MiB)
5556
  0.881107 seconds (351.01 k allocations: 347.016 MiB)
543
  0.887173 seconds (360.54 k allocations: 357.432 MiB)
3043
  0.894823 seconds (431.57 k allocations: 425.209 MiB)
6793
  0.882062 seconds (553.36 k allocations: 545.444 MiB)
8114
  0.783732 seconds (365.25 k allocations: 359.762 MiB)
1798
  1.361286 seconds (450.65 k allocations: 444.920 MiB, 18.23% gc time)
  1.345149 seconds (414.29 k allocations: 408.934 MiB, 18.44% gc time)
  1.231532 seconds (156.26 k allocations: 155.205 MiB, 20.15% gc time)
  1.223305 seconds (138.70 k allocations: 137.175 MiB, 20.28% gc time)
  1.118438 seconds (64.34 k allocations: 64.017 MiB, 22.18% gc time)
  1.197351 seconds (102.55 k allocations: 101.814 MiB, 20.72% gc time)
5557
9297
4295
3044
544
6794
  0.777853 seconds (486.74 k allocations: 474.358 MiB)
8115
  0.760773 seconds (126.38 k allocations: 129.263 MiB)
545
  0.858298 seconds (158.04 k allocations: 155.651 MiB)
4296
  0.888347 seconds (206.02 k allocations: 207.516 MiB)
3045
  0.890937 seconds (210.04 k allocations: 211.118 MiB)
5558
  0.887789 seconds (204.40 k allocations: 205.482 MiB)
9298
  0.893196 seconds (255.94 k allocations: 253.360 MiB)
6795
  0.961078 seconds (557.51 k allocations: 551.522 MiB)
1799
  0.777593 seconds (544.81 k allocations: 536.035 MiB)
8116
  0.880166 seconds (553.25 k allocations: 545.108 MiB)
546
  0.883462 seconds (354.15 k allocations: 350.575 MiB)
4297
  0.871163 seconds (266.45 k allocations: 262.951 MiB)
9299
  0.882656 seconds (290.04 k allocations: 290.019 MiB)
3046
  0.883551 seconds (293.46 k allocations: 293.055 MiB)
5559
  0.881754 seconds (344.11 k allocations: 339.014 MiB)
6796
  0.884875 seconds (448.60 k allocations: 439.960 MiB)
1800
  0.784003 seconds (553.21 k allocations: 544.949 MiB)
8117
  0.876474 seconds (553.19 k allocations: 544.892 MiB)
547
  1.530795 seconds (272.09 k allocations: 268.477 MiB, 16.78% gc time)
  1.555663 seconds (334.58 k allocations: 330.481 MiB, 16.51% gc time)
  1.458763 seconds (161.32 k allocations: 159.984 MiB, 17.60% gc time)
  1.518268 seconds (237.49 k allocations: 234.103 MiB, 16.91% gc time)  1.431956 seconds (150.38 k allocations: 148.366 MiB, 17.93% gc time)

  1.392714 seconds (135.55 k allocations: 132.920 MiB, 18.44% gc time)
  1.017698 seconds (57.44 k allocations: 57.017 MiB, 25.23% gc time)
1801
9300
3047
6797
5560
8118
4298
  0.758006 seconds (475.28 k allocations: 463.399 MiB)
548
  0.785825 seconds (79.07 k allocations: 79.130 MiB)
8119
  0.856522 seconds (158.05 k allocations: 155.682 MiB)
9301
  0.953849 seconds (237.06 k allocations: 233.470 MiB)
  0.959945 seconds (248.06 k allocations: 251.089 MiB)
5561
1802
  0.964790 seconds (252.16 k allocations: 253.609 MiB)
3048
  0.975065 seconds (288.55 k allocations: 285.739 MiB)
  0.973616 seconds (289.25 k allocations: 286.508 MiB)
4299
6798
  0.890735 seconds (553.18 k allocations: 544.867 MiB)
549
  0.782260 seconds (477.41 k allocations: 471.125 MiB)
8120
  0.780560 seconds (553.19 k allocations: 544.911 MiB)
9302
  0.877779 seconds (329.22 k allocations: 325.353 MiB)
  0.883382 seconds (337.11 k allocations: 333.725 MiB)
5562
1803
  0.884655 seconds (307.92 k allocations: 305.782 MiB)
3049
  0.881927 seconds (301.50 k allocations: 299.444 MiB)
4300
  0.877196 seconds (353.65 k allocations: 349.134 MiB)
6799
  0.876877 seconds (475.42 k allocations: 469.548 MiB)
550
  0.887068 seconds (490.50 k allocations: 483.769 MiB)
8121
  2.001391 seconds (530.58 k allocations: 522.079 MiB, 14.65% gc time)
  1.801016 seconds (292.94 k allocations: 288.432 MiB, 16.28% gc time)
  1.778428 seconds (199.02 k allocations: 197.296 MiB, 16.49% gc time)
  1.772801 seconds (182.29 k allocations: 180.096 MiB, 16.54% gc time)
  1.749871 seconds (137.35 k allocations: 135.897 MiB, 16.76% gc time)
  1.746431 seconds (136.23 k allocations: 134.164 MiB, 16.79% gc time)
  1.154996 seconds (10.98 k allocations: 11.230 MiB, 25.39% gc time)
5563
9303
4301
3050
1804
6800
551
  0.764285 seconds (475.00 k allocations: 463.136 MiB)
8122
  0.875832 seconds (153.59 k allocations: 156.558 MiB)
552
  0.972625 seconds (167.58 k allocations: 168.467 MiB)
  0.977482 seconds (176.62 k allocations: 180.513 MiB)
9304
  0.973462 seconds (166.17 k allocations: 167.829 MiB)
5564
4302
  0.979346 seconds (186.55 k allocations: 188.350 MiB)
3051
  0.979287 seconds (197.47 k allocations: 197.364 MiB)
1805
  0.981622 seconds (218.70 k allocations: 218.642 MiB)
6801
  0.777503 seconds (553.31 k allocations: 545.286 MiB)
8123
  0.873628 seconds (553.33 k allocations: 545.356 MiB)
553
  0.775264 seconds (94.77 k allocations: 93.909 MiB)
1806
  0.877579 seconds (264.32 k allocations: 264.467 MiB)
  0.886470 seconds (312.29 k allocations: 312.537 MiB)
9305
5565
  0.882157 seconds (261.51 k allocations: 260.079 MiB)
3052
  0.888132 seconds (278.96 k allocations: 280.191 MiB)
4303
  0.889618 seconds (292.55 k allocations: 291.740 MiB)
6802
  0.776248 seconds (553.15 k allocations: 544.784 MiB)
8124
  0.872342 seconds (474.15 k allocations: 467.029 MiB)
554
  0.879177 seconds (480.82 k allocations: 474.416 MiB)
1807
  0.877261 seconds (217.33 k allocations: 217.090 MiB)
5566
  0.879439 seconds (198.47 k allocations: 198.796 MiB)
  0.872337 seconds (171.42 k allocations: 171.153 MiB)
9306
6803
  0.882025 seconds (179.49 k allocations: 180.209 MiB)
  0.879309 seconds (178.11 k allocations: 178.604 MiB)
3053
4304
  1.151542 seconds (194.63 k allocations: 193.212 MiB, 32.38% gc time)
8125
  0.759137 seconds (318.71 k allocations: 313.559 MiB)
555
  0.778094 seconds (79.03 k allocations: 77.851 MiB)
8126
  0.860246 seconds (181.07 k allocations: 181.708 MiB)
9307
  0.866734 seconds (187.17 k allocations: 187.297 MiB)
3054
  0.880450 seconds (227.90 k allocations: 226.034 MiB)
5567
  0.988599 seconds (599.11 k allocations: 592.031 MiB)
1808
  0.968821 seconds (438.81 k allocations: 435.962 MiB)
6804
  0.969169 seconds (440.11 k allocations: 436.981 MiB)
4305
  0.780209 seconds (474.14 k allocations: 466.984 MiB)
8127
  0.877984 seconds (567.95 k allocations: 560.678 MiB)
556
  0.774461 seconds (419.44 k allocations: 412.859 MiB)
9308
  0.883276 seconds (497.24 k allocations: 490.760 MiB)
3055
  0.883177 seconds (498.97 k allocations: 492.191 MiB)
5568
  0.877499 seconds (429.43 k allocations: 423.666 MiB)
1809
  0.875329 seconds (414.08 k allocations: 410.001 MiB)
6805
  0.880104 seconds (433.05 k allocations: 427.905 MiB)
4306
  0.881077 seconds (486.79 k allocations: 479.371 MiB)
8128
  0.873580 seconds (460.18 k allocations: 453.683 MiB)
557
  1.368875 seconds (519.41 k allocations: 510.133 MiB, 19.88% gc time)
  1.228677 seconds (352.48 k allocations: 344.922 MiB, 22.15% gc time)
  1.252676 seconds (386.78 k allocations: 379.991 MiB, 21.72% gc time)
  1.153377 seconds (124.78 k allocations: 121.566 MiB, 23.59% gc time)
  1.171768 seconds (161.09 k allocations: 158.927 MiB, 23.22% gc time)
  1.159398 seconds (130.72 k allocations: 128.877 MiB, 23.47% gc time)
9309
5569
3056
6806
4307
1810
  0.780892 seconds (405.31 k allocations: 395.232 MiB)
8129
  0.799477 seconds (79.68 k allocations: 79.691 MiB)
5570
  0.947687 seconds (567.65 k allocations: 554.970 MiB)
558
  0.894138 seconds (188.01 k allocations: 186.591 MiB)
4308
  0.895364 seconds (193.00 k allocations: 191.113 MiB)
6807
  0.904540 seconds (218.31 k allocations: 217.540 MiB)
  0.904335 seconds (220.41 k allocations: 220.484 MiB)
9310
3057
  0.912211 seconds (283.92 k allocations: 281.071 MiB)
1811
  0.775158 seconds (553.18 k allocations: 544.886 MiB)
8130
  0.877110 seconds (552.99 k allocations: 544.387 MiB)
5571
  0.872636 seconds (220.49 k allocations: 220.297 MiB)
4309
  0.894802 seconds (327.24 k allocations: 324.677 MiB)
559
  0.880417 seconds (224.37 k allocations: 224.763 MiB)
  0.875293 seconds (207.25 k allocations: 208.070 MiB)
6808
3058
  0.878179 seconds (245.85 k allocations: 244.880 MiB)
1812
  0.879221 seconds (290.45 k allocations: 287.299 MiB)
9311
  0.771544 seconds (553.17 k allocations: 544.835 MiB)
8131
  0.882981 seconds (553.18 k allocations: 544.886 MiB)
5572
  1.428101 seconds (160.90 k allocations: 159.638 MiB, 12.00% gc time)
  1.465840 seconds (273.80 k allocations: 271.359 MiB, 11.69% gc time)
  1.432394 seconds (173.89 k allocations: 174.509 MiB, 11.96% gc time)
  1.426537 seconds (157.74 k allocations: 156.544 MiB, 12.01% gc time)
  1.419356 seconds (145.04 k allocations: 143.224 MiB, 12.07% gc time)
  0.948339 seconds (57.32 k allocations: 56.496 MiB, 18.07% gc time)
  1.406304 seconds (136.49 k allocations: 134.590 MiB, 12.18% gc time)
4310
9312
8132
1813
6809
3059
560
  0.779693 seconds (186.13 k allocations: 185.485 MiB)
4311
  0.785602 seconds (53.62 k allocations: 52.311 MiB)
8133
  0.883875 seconds (559.52 k allocations: 545.939 MiB)
5573
  0.856918 seconds (226.85 k allocations: 224.938 MiB)
9313
  0.871247 seconds (258.35 k allocations: 254.834 MiB)
561
  0.961894 seconds (395.72 k allocations: 392.157 MiB)
  0.960350 seconds (395.64 k allocations: 390.549 MiB)
3060
6810
  0.963414 seconds (398.06 k allocations: 393.913 MiB)
1814
  0.778437 seconds (523.33 k allocations: 514.267 MiB)
4312
  0.777859 seconds (471.41 k allocations: 464.347 MiB)
8134
  0.779434 seconds (490.20 k allocations: 482.363 MiB)
5574
  0.775311 seconds (478.49 k allocations: 471.197 MiB)
9314
  0.879906 seconds (553.20 k allocations: 544.918 MiB)
562
  0.874261 seconds (394.64 k allocations: 388.780 MiB)
6811
  0.880360 seconds (401.73 k allocations: 397.769 MiB)
3061
  0.885392 seconds (417.81 k allocations: 412.913 MiB)
1815
  0.776873 seconds (422.12 k allocations: 416.300 MiB)
8135
  1.313163 seconds (433.08 k allocations: 425.541 MiB, 14.47% gc time)
  1.375065 seconds (580.74 k allocations: 570.550 MiB, 13.82% gc time)
  1.266645 seconds (372.55 k allocations: 366.367 MiB, 15.00% gc time)
  1.051413 seconds (64.16 k allocations: 63.687 MiB, 18.07% gc time)
  1.044190 seconds (56.89 k allocations: 55.771 MiB, 18.20% gc time)
  1.115984 seconds (291.01 k allocations: 285.708 MiB, 17.03% gc time)
  1.055315 seconds (72.51 k allocations: 73.455 MiB, 18.00% gc time)
5575
9315
6812
4313
3062
1816
563
  0.778023 seconds (464.95 k allocations: 453.527 MiB)
8136
  0.776162 seconds (114.50 k allocations: 116.678 MiB)
564
  0.880944 seconds (203.24 k allocations: 205.041 MiB)
6813
  0.884137 seconds (206.02 k allocations: 208.714 MiB)
1817
  0.872102 seconds (170.32 k allocations: 169.425 MiB)
9316
  0.873298 seconds (184.41 k allocations: 183.885 MiB)
  0.874946 seconds (187.78 k allocations: 188.026 MiB)
4314
  0.885499 seconds (208.17 k allocations: 211.356 MiB)
5576
3063
  0.776781 seconds (553.18 k allocations: 544.867 MiB)
8137
  0.879603 seconds (553.16 k allocations: 544.810 MiB)
565
  0.779451 seconds (119.38 k allocations: 122.329 MiB)
1818
  0.881772 seconds (268.95 k allocations: 268.910 MiB)
6814
  0.876802 seconds (244.49 k allocations: 242.804 MiB)
  0.882898 seconds (260.20 k allocations: 261.584 MiB)
3064
9317
  0.881490 seconds (257.88 k allocations: 257.963 MiB)
4315
  0.884210 seconds (292.82 k allocations: 291.191 MiB)
5577
  0.776180 seconds (553.48 k allocations: 545.832 MiB)
8138
  0.873316 seconds (480.43 k allocations: 474.953 MiB)
566
  0.884152 seconds (488.03 k allocations: 482.022 MiB)
1819
  1.606059 seconds (194.83 k allocations: 191.917 MiB, 18.19% gc time)
  1.608565 seconds (200.50 k allocations: 199.800 MiB, 18.16% gc time)
  1.605774 seconds (194.57 k allocations: 191.645 MiB, 18.19% gc time)
  1.593755 seconds (181.46 k allocations: 178.034 MiB, 18.33% gc time)
  1.611997 seconds (216.03 k allocations: 216.046 MiB, 18.12% gc time)
  1.064572 seconds (103.03 k allocations: 101.259 MiB, 27.44% gc time)
9318
3065
4316
6815
5578
8139
  0.757533 seconds (424.10 k allocations: 414.419 MiB)
567
  0.802415 seconds (79.03 k allocations: 77.844 MiB)
8140
  0.850777 seconds (146.89 k allocations: 148.681 MiB)
3066
  0.853755 seconds (149.98 k allocations: 151.412 MiB)
9319
  0.857410 seconds (172.09 k allocations: 169.883 MiB)
4317
  0.982908 seconds (678.62 k allocations: 667.862 MiB)
1820
  0.957619 seconds (435.89 k allocations: 429.231 MiB)
6816
  0.962649 seconds (443.96 k allocations: 437.972 MiB)
5579
  0.879265 seconds (553.22 k allocations: 544.987 MiB)
568
  0.776044 seconds (462.31 k allocations: 453.800 MiB)
8141
  0.879344 seconds (415.22 k allocations: 410.928 MiB)
3067
  0.878313 seconds (405.63 k allocations: 401.518 MiB)
9320
  0.879986 seconds (418.23 k allocations: 413.334 MiB)
4318
  0.881952 seconds (478.66 k allocations: 470.380 MiB)
1821
  0.875345 seconds (432.54 k allocations: 427.237 MiB)
6817
  0.888802 seconds (473.29 k allocations: 465.978 MiB)
5580
  0.872380 seconds (505.40 k allocations: 498.217 MiB)
569
  0.881390 seconds (518.44 k allocations: 510.435 MiB)
8142
  1.756578 seconds (387.82 k allocations: 382.216 MiB, 9.27% gc time)
  1.758191 seconds (389.36 k allocations: 383.684 MiB, 9.26% gc time)
  1.738608 seconds (363.60 k allocations: 356.794 MiB, 9.36% gc time)
  1.683928 seconds (226.78 k allocations: 222.628 MiB, 9.67% gc time)
  1.638439 seconds (135.83 k allocations: 133.234 MiB, 9.93% gc time)
  1.655447 seconds (155.45 k allocations: 153.543 MiB, 9.83% gc time)
  1.005427 seconds (31.24 k allocations: 30.606 MiB, 16.19% gc time)
5581
9321
4319
570
3068
1822
6818
  0.757322 seconds (466.05 k allocations: 454.581 MiB)
8143
  0.856542 seconds (79.03 k allocations: 77.851 MiB)
6819
  0.877823 seconds (101.96 k allocations: 100.764 MiB)
571
  0.960371 seconds (237.64 k allocations: 236.482 MiB)
9322
  0.961226 seconds (238.51 k allocations: 236.198 MiB)
  0.961248 seconds (239.37 k allocations: 237.670 MiB)
  0.960619 seconds (240.47 k allocations: 239.663 MiB)
3069
1823
4320
  0.966958 seconds (259.53 k allocations: 259.264 MiB)
5582
  0.776654 seconds (553.32 k allocations: 545.317 MiB)
8144
  0.882248 seconds (492.42 k allocations: 486.061 MiB)
6820
  0.870451 seconds (476.96 k allocations: 471.056 MiB)
572
  0.779146 seconds (84.38 k allocations: 86.186 MiB)
1824
  0.793452 seconds (131.50 k allocations: 134.703 MiB)
9323
  0.880223 seconds (415.52 k allocations: 412.433 MiB)
4321
  0.882457 seconds (408.94 k allocations: 403.454 MiB)
5583
  0.887126 seconds (414.47 k allocations: 410.948 MiB)
3070
  0.776744 seconds (553.20 k allocations: 544.937 MiB)
8145
  0.877781 seconds (352.00 k allocations: 349.358 MiB)
6821
  0.878808 seconds (334.98 k allocations: 331.934 MiB)
9324
  0.884463 seconds (343.80 k allocations: 342.561 MiB)
1825
  0.875724 seconds (338.98 k allocations: 336.501 MiB)
573
  0.880038 seconds (239.41 k allocations: 238.433 MiB)
4322
  0.879416 seconds (212.56 k allocations: 212.505 MiB)
3071
  0.883914 seconds (216.40 k allocations: 215.935 MiB)
5584
  0.985058 seconds (171.08 k allocations: 171.366 MiB, 21.02% gc time)
8146
  0.776368 seconds (125.77 k allocations: 127.692 MiB)
4323
  0.785531 seconds (71.31 k allocations: 69.207 MiB)
8147
  0.877131 seconds (426.52 k allocations: 419.895 MiB)
1826
  0.879331 seconds (301.34 k allocations: 298.682 MiB)
9325
  0.860644 seconds (246.56 k allocations: 244.821 MiB)
5585
  0.884648 seconds (311.76 k allocations: 311.046 MiB)
574
  0.974033 seconds (584.28 k allocations: 578.945 MiB)
6822
  0.965253 seconds (511.38 k allocations: 505.323 MiB)
3072
  0.775696 seconds (403.79 k allocations: 399.191 MiB)
8148
  0.878513 seconds (608.58 k allocations: 598.364 MiB)
4324
  0.882160 seconds (540.99 k allocations: 531.288 MiB)
1827
  0.880068 seconds (405.18 k allocations: 400.086 MiB)
9326
  0.883728 seconds (415.19 k allocations: 410.632 MiB)
5586
  0.886087 seconds (435.91 k allocations: 430.201 MiB)
575
  0.879331 seconds (506.68 k allocations: 499.340 MiB)
6823
  0.885039 seconds (507.51 k allocations: 499.888 MiB)
3073
  0.880688 seconds (538.61 k allocations: 529.939 MiB)
8149
  0.879089 seconds (520.96 k allocations: 512.791 MiB)
4325
  1.162850 seconds (452.44 k allocations: 444.395 MiB, 12.10% gc time)
  1.108440 seconds (261.26 k allocations: 259.123 MiB, 12.69% gc time)
  1.099688 seconds (240.57 k allocations: 238.093 MiB, 12.79% gc time)
  0.993586 seconds (68.24 k allocations: 67.516 MiB, 14.16% gc time)
  1.019407 seconds (101.59 k allocations: 100.900 MiB, 13.80% gc time)
  1.087795 seconds (226.99 k allocations: 224.431 MiB, 12.93% gc time)
1828
3074
9327
5587
6824
576
  0.785355 seconds (454.13 k allocations: 443.158 MiB)
8150
  0.784449 seconds (182.00 k allocations: 183.734 MiB)
4326
  0.766486 seconds (81.99 k allocations: 81.653 MiB)
577
  0.786104 seconds (127.23 k allocations: 125.928 MiB)
9328
  0.887777 seconds (316.08 k allocations: 311.295 MiB)
  0.889125 seconds (316.63 k allocations: 312.762 MiB)
6825
3075
  0.893249 seconds (324.76 k allocations: 322.821 MiB)
1829
  0.892577 seconds (331.55 k allocations: 329.093 MiB)
5588
  0.777088 seconds (553.17 k allocations: 544.829 MiB)
8151
  0.781280 seconds (419.94 k allocations: 415.406 MiB)
4327
  0.880448 seconds (494.92 k allocations: 488.512 MiB)
578
  0.761548 seconds (166.53 k allocations: 165.157 MiB)
1830
  0.881516 seconds (507.27 k allocations: 501.133 MiB)
9329
  0.880092 seconds (397.70 k allocations: 394.490 MiB)
6826
  0.883079 seconds (401.62 k allocations: 396.770 MiB)
5589
  0.892571 seconds (421.59 k allocations: 420.601 MiB)
3076
  0.765259 seconds (553.37 k allocations: 545.470 MiB)
8152
  0.868119 seconds (553.20 k allocations: 544.943 MiB)
4328
  1.579270 seconds (389.76 k allocations: 385.314 MiB, 10.15% gc time)
  1.576320 seconds (385.06 k allocations: 379.601 MiB, 10.17% gc time)
  1.574100 seconds (384.44 k allocations: 377.782 MiB, 10.18% gc time)
  1.469093 seconds (160.00 k allocations: 158.710 MiB, 10.91% gc time)
  1.463392 seconds (147.68 k allocations: 145.707 MiB, 10.95% gc time)
  1.461599 seconds (147.99 k allocations: 145.144 MiB, 10.97% gc time)
  0.938515 seconds (69.14 k allocations: 67.587 MiB, 17.08% gc time)
5590
9330
1831
579
6827
3077
8153
  0.877460 seconds (517.98 k allocations: 504.288 MiB)
4329
  0.792537 seconds (16.38 k allocations: 16.681 MiB)
8154
  0.860394 seconds (176.41 k allocations: 178.132 MiB)
3078
  0.860889 seconds (167.48 k allocations: 165.690 MiB)
  0.866711 seconds (178.00 k allocations: 179.428 MiB)
580
5591
  0.955301 seconds (399.75 k allocations: 397.277 MiB)
  0.957551 seconds (405.63 k allocations: 403.274 MiB)
6828
1832
  0.971066 seconds (441.20 k allocations: 436.436 MiB)
9331
  0.776162 seconds (473.36 k allocations: 465.249 MiB)
8155
  0.775444 seconds (325.69 k allocations: 321.731 MiB)
3079
  0.876355 seconds (601.18 k allocations: 592.973 MiB)
4330
  0.757017 seconds (237.10 k allocations: 233.590 MiB)
9332
  0.879002 seconds (491.79 k allocations: 484.965 MiB)
  0.878962 seconds (493.02 k allocations: 487.097 MiB)
5592
581
  0.880807 seconds (495.49 k allocations: 488.791 MiB)
6829
  0.883264 seconds (497.34 k allocations: 491.540 MiB)
1833
  0.857385 seconds (545.43 k allocations: 536.563 MiB)
8156
  1.215199 seconds (482.80 k allocations: 475.338 MiB, 12.60% gc time)
  1.190092 seconds (451.52 k allocations: 444.192 MiB, 12.87% gc time)
  1.119412 seconds (249.41 k allocations: 246.494 MiB, 13.68% gc time)
  1.103660 seconds (214.61 k allocations: 210.696 MiB, 13.87% gc time)
  1.010859 seconds (56.77 k allocations: 55.444 MiB, 15.15% gc time)
  1.010151 seconds (56.91 k allocations: 55.694 MiB, 15.16% gc time)
  1.104953 seconds (215.22 k allocations: 211.887 MiB, 13.86% gc time)
4331
6830
5593
9333
3080
1834
582
  0.778146 seconds (464.33 k allocations: 452.924 MiB)
8157
  0.792420 seconds (79.61 k allocations: 79.620 MiB)
5594
  0.890467 seconds (173.15 k allocations: 176.227 MiB)
  0.891789 seconds (178.09 k allocations: 181.486 MiB)
6831
1835
  0.894493 seconds (177.02 k allocations: 175.829 MiB)
3081
  0.897203 seconds (182.85 k allocations: 182.381 MiB)
9334
  0.900853 seconds (212.12 k allocations: 211.413 MiB)
583
  0.994881 seconds (553.19 k allocations: 544.892 MiB)
4332
  0.776954 seconds (553.18 k allocations: 544.886 MiB)
8158
  0.777775 seconds (553.19 k allocations: 544.899 MiB)
5595
  0.873977 seconds (284.55 k allocations: 283.804 MiB)
1836
  0.775484 seconds (166.73 k allocations: 164.932 MiB)
4333
  0.885083 seconds (296.58 k allocations: 296.281 MiB)
6832
  0.871463 seconds (264.47 k allocations: 262.865 MiB)
584
  0.880247 seconds (280.81 k allocations: 280.696 MiB)
  0.881487 seconds (285.86 k allocations: 286.476 MiB)
9335
3082
  0.775617 seconds (553.40 k allocations: 545.565 MiB)
8159
  0.887990 seconds (553.40 k allocations: 545.571 MiB)
5596
  1.633015 seconds (220.59 k allocations: 220.813 MiB, 19.28% gc time)
  1.619167 seconds (139.99 k allocations: 141.242 MiB, 19.45% gc time)
  1.616814 seconds (135.11 k allocations: 132.880 MiB, 19.47% gc time)
  1.615991 seconds (135.15 k allocations: 132.924 MiB, 19.48% gc time)
  1.615373 seconds (135.16 k allocations: 132.927 MiB, 19.49% gc time)
  1.620720 seconds (145.70 k allocations: 146.654 MiB, 19.43% gc time)
  1.094387 seconds (56.53 k allocations: 55.609 MiB, 28.77% gc time)
8160
4334
9336
1837
6833
3083
585
  0.778718 seconds (471.88 k allocations: 460.143 MiB)
5597
  0.776248 seconds (91.11 k allocations: 94.318 MiB)
8161
  0.852215 seconds (160.07 k allocations: 160.043 MiB)
6834
  0.873354 seconds (187.51 k allocations: 189.752 MiB)
4335
  0.877117 seconds (204.52 k allocations: 202.120 MiB)
586
  0.964833 seconds (397.07 k allocations: 392.663 MiB)
3084
  0.979284 seconds (419.29 k allocations: 418.630 MiB)
9337
  0.986253 seconds (439.77 k allocations: 434.330 MiB)
1838
  0.777338 seconds (474.38 k allocations: 467.746 MiB)
8162
  0.885813 seconds (595.74 k allocations: 587.060 MiB)
5598
  0.881516 seconds (444.80 k allocations: 439.301 MiB)
6835
  0.879441 seconds (424.11 k allocations: 419.308 MiB)
4336
  0.877642 seconds (433.14 k allocations: 427.766 MiB)
587
  0.795760 seconds (246.17 k allocations: 244.308 MiB)
9338
  0.873281 seconds (514.17 k allocations: 506.659 MiB)
3085
  0.883718 seconds (515.05 k allocations: 507.280 MiB)
1839
  0.881942 seconds (518.49 k allocations: 510.796 MiB)
8163
  0.883701 seconds (509.25 k allocations: 501.714 MiB)
5599
  1.231887 seconds (261.21 k allocations: 257.629 MiB, 18.04% gc time)
  1.252181 seconds (339.75 k allocations: 335.228 MiB, 17.74% gc time)
  1.212570 seconds (236.75 k allocations: 231.982 MiB, 18.32% gc time)
  1.142367 seconds (120.65 k allocations: 118.731 MiB, 19.45% gc time)
  1.230526 seconds (259.81 k allocations: 256.450 MiB, 18.06% gc time)
  1.111310 seconds (80.83 k allocations: 79.510 MiB, 19.99% gc time)
4337
3086
9339
6836
1840
588
  0.780488 seconds (444.25 k allocations: 433.701 MiB)
8164
  0.781395 seconds (81.41 k allocations: 82.582 MiB)
3087
  0.784108 seconds (84.08 k allocations: 83.656 MiB)
4338
  0.889461 seconds (378.35 k allocations: 376.035 MiB)
5600
  0.869863 seconds (245.47 k allocations: 244.996 MiB)
589
  0.878746 seconds (267.12 k allocations: 266.681 MiB)
1841
  0.879008 seconds (281.66 k allocations: 279.122 MiB)
6837
  0.886505 seconds (305.80 k allocations: 304.465 MiB)
9340
  0.756509 seconds (553.18 k allocations: 544.879 MiB)
8165
  0.743036 seconds (475.41 k allocations: 469.482 MiB)
3088
  0.757365 seconds (495.26 k allocations: 488.244 MiB)
4339
  0.748842 seconds (251.91 k allocations: 250.168 MiB)
1842
  0.778981 seconds (282.28 k allocations: 277.758 MiB)
9341
  0.846672 seconds (431.54 k allocations: 426.483 MiB)
590
  0.845370 seconds (409.99 k allocations: 405.591 MiB)
6838
  0.870044 seconds (493.03 k allocations: 489.712 MiB)
5601
  0.777882 seconds (553.16 k allocations: 544.810 MiB)
8166
  0.879910 seconds (493.09 k allocations: 486.353 MiB)
3089
  0.878569 seconds (487.90 k allocations: 481.139 MiB)
4340
  0.893107 seconds (438.06 k allocations: 431.230 MiB)
1843
  0.881636 seconds (402.61 k allocations: 396.141 MiB)
9342
  1.541706 seconds (208.19 k allocations: 206.680 MiB, 13.09% gc time)
  1.555157 seconds (234.90 k allocations: 233.445 MiB, 12.98% gc time)
  1.533568 seconds (202.95 k allocations: 200.414 MiB, 13.16% gc time)
  0.985613 seconds (124.79 k allocations: 123.663 MiB, 20.48% gc time)
591
8167
6839
5602
  0.788923 seconds (2.10 k allocations: 4.469 MiB)
8168
  0.880002 seconds (409.57 k allocations: 401.503 MiB)
3090
  0.882728 seconds (341.15 k allocations: 335.783 MiB)
4341
  0.871853 seconds (213.99 k allocations: 210.171 MiB)
6840
  0.887089 seconds (245.35 k allocations: 241.168 MiB)
592
  0.977785 seconds (437.24 k allocations: 434.315 MiB)
9343
  0.982861 seconds (451.25 k allocations: 449.990 MiB)
1844
  0.977044 seconds (422.81 k allocations: 418.889 MiB)
5603
  0.779640 seconds (467.73 k allocations: 461.161 MiB)
8169
  0.779608 seconds (450.27 k allocations: 444.203 MiB)
3091
  0.880327 seconds (521.90 k allocations: 512.987 MiB)
4342
  0.886542 seconds (475.17 k allocations: 468.046 MiB)
6841
  0.881683 seconds (475.18 k allocations: 467.812 MiB)
593
  0.875060 seconds (430.49 k allocations: 424.197 MiB)
1845
  0.878289 seconds (433.29 k allocations: 427.944 MiB)
9344
  0.871348 seconds (476.94 k allocations: 469.478 MiB)
5604
  0.871635 seconds (485.93 k allocations: 479.917 MiB)
8170
  0.871983 seconds (483.60 k allocations: 477.469 MiB)
3092
  1.189473 seconds (501.57 k allocations: 491.516 MiB, 12.69% gc time)
  1.053335 seconds (160.59 k allocations: 156.930 MiB, 14.33% gc time)
  1.053776 seconds (161.35 k allocations: 157.629 MiB, 14.33% gc time)
  1.132619 seconds (357.95 k allocations: 351.606 MiB, 13.33% gc time)
  1.136816 seconds (361.31 k allocations: 356.063 MiB, 13.28% gc time)
  1.020446 seconds (120.86 k allocations: 117.700 MiB, 14.79% gc time)
4343
9345
1846
6842
594
5605
  0.777798 seconds (402.10 k allocations: 393.368 MiB)
8171
  0.823521 seconds (453.12 k allocations: 441.959 MiB)
3093
  0.788499 seconds (128.24 k allocations: 125.911 MiB)
5606
  0.888315 seconds (237.70 k allocations: 236.533 MiB)
595
  0.890792 seconds (240.78 k allocations: 238.031 MiB)
  0.890752 seconds (241.76 k allocations: 239.654 MiB)
9346
4344
  0.893047 seconds (250.18 k allocations: 248.970 MiB)
  0.894352 seconds (256.72 k allocations: 255.442 MiB)
1847
6843
  0.776207 seconds (545.40 k allocations: 536.375 MiB)
8172
  0.874562 seconds (521.98 k allocations: 513.973 MiB)
3094
  0.883414 seconds (528.45 k allocations: 519.940 MiB)
5607
  0.873750 seconds (256.07 k allocations: 255.346 MiB)
596
  0.877037 seconds (254.41 k allocations: 253.523 MiB)
  0.874288 seconds (247.72 k allocations: 246.840 MiB)
4345
1848
  0.881381 seconds (266.68 k allocations: 267.224 MiB)
9347
  0.877336 seconds (273.95 k allocations: 272.705 MiB)
6844
  0.776463 seconds (553.16 k allocations: 544.797 MiB)
8173
  0.775681 seconds (527.40 k allocations: 519.255 MiB)
3095
  0.882737 seconds (553.19 k allocations: 544.911 MiB)
5608
  1.835960 seconds (240.94 k allocations: 239.717 MiB, 16.54% gc time)
  1.834232 seconds (234.72 k allocations: 233.766 MiB, 16.55% gc time)
  1.832059 seconds (229.02 k allocations: 227.140 MiB, 16.57% gc time)
  1.820893 seconds (214.76 k allocations: 211.041 MiB, 16.68% gc time)
  1.135556 seconds (56.84 k allocations: 55.480 MiB, 26.74% gc time)
  1.298078 seconds (136.03 k allocations: 133.525 MiB, 23.39% gc time)
  1.826040 seconds (217.74 k allocations: 215.207 MiB, 16.63% gc time)
9348
8174
3096
6845
4346
597
1849
  0.778147 seconds (458.47 k allocations: 447.320 MiB)
5609
  0.847737 seconds (115.52 k allocations: 120.099 MiB)
8175
  0.854196 seconds (103.56 k allocations: 107.195 MiB)
4347
  0.876556 seconds (163.33 k allocations: 161.727 MiB)
6846
  0.890884 seconds (214.74 k allocations: 211.879 MiB)
3097
  0.897564 seconds (248.00 k allocations: 244.677 MiB)
598
  0.963048 seconds (482.33 k allocations: 478.837 MiB)
9349
  0.980884 seconds (505.86 k allocations: 498.693 MiB)
1850
  0.881822 seconds (553.36 k allocations: 545.425 MiB)
5610
  0.776178 seconds (414.76 k allocations: 407.284 MiB)
8176
  0.774537 seconds (381.99 k allocations: 375.713 MiB)
4348
  0.779890 seconds (258.56 k allocations: 255.302 MiB)
9350
  0.891277 seconds (458.64 k allocations: 453.501 MiB)
6847
  0.888157 seconds (452.00 k allocations: 446.973 MiB)
  0.794886 seconds (285.24 k allocations: 282.619 MiB)
3098
1851
  0.887808 seconds (483.40 k allocations: 476.744 MiB)
599
  0.874946 seconds (509.24 k allocations: 500.941 MiB)
5611
  0.882620 seconds (440.76 k allocations: 435.163 MiB)
8177
  0.881107 seconds (441.24 k allocations: 435.389 MiB)
4349
  1.952454 seconds (364.87 k allocations: 358.235 MiB, 14.13% gc time)
  1.924146 seconds (240.35 k allocations: 237.927 MiB, 14.33% gc time)
  1.911962 seconds (206.04 k allocations: 203.865 MiB, 14.42% gc time)
  1.906971 seconds (199.22 k allocations: 196.172 MiB, 14.46% gc time)
  1.141579 seconds (3.17 k allocations: 3.155 MiB, 24.16% gc time)
  1.889292 seconds (185.07 k allocations: 181.392 MiB, 14.60% gc time)
5612
3099
9351
1852
6848
600
  0.780395 seconds (420.73 k allocations: 411.202 MiB)
8178
  0.871568 seconds (115.47 k allocations: 118.879 MiB)
6849
  0.855075 seconds (98.96 k allocations: 97.972 MiB)
9352
  0.886144 seconds (138.30 k allocations: 137.823 MiB)
5613
  0.987406 seconds (526.01 k allocations: 515.965 MiB)
4350
  0.966367 seconds (395.60 k allocations: 392.199 MiB)
  0.962598 seconds (389.98 k allocations: 385.304 MiB)
601
  0.967211 seconds (397.51 k allocations: 395.720 MiB)
1853
3100
  0.777431 seconds (553.24 k allocations: 545.045 MiB)
8179
  0.778649 seconds (79.02 k allocations: 77.832 MiB)
1854
  0.881985 seconds (436.72 k allocations: 431.497 MiB)
6850
  0.873900 seconds (399.49 k allocations: 394.429 MiB)
  0.881800 seconds (418.06 k allocations: 414.379 MiB)
5614
9353
  0.879608 seconds (437.27 k allocations: 428.330 MiB)
4351
  0.873126 seconds (441.14 k allocations: 435.457 MiB)
602
  0.882426 seconds (474.76 k allocations: 467.406 MiB)
3101
  0.776663 seconds (553.19 k allocations: 544.911 MiB)
8180
  0.862782 seconds (339.69 k allocations: 335.383 MiB)
6851
  0.868174 seconds (347.99 k allocations: 344.330 MiB)
1855
  0.873430 seconds (319.57 k allocations: 316.888 MiB)
5615
  0.881243 seconds (313.52 k allocations: 309.846 MiB)
9354
  0.877016 seconds (260.25 k allocations: 257.653 MiB)
4352
  0.855375 seconds (193.93 k allocations: 194.029 MiB)
603
  0.862806 seconds (221.09 k allocations: 219.807 MiB)
3102
  1.031964 seconds (76.95 k allocations: 73.651 MiB, 16.26% gc time)
  1.494143 seconds (314.29 k allocations: 308.946 MiB, 11.23% gc time)
4353
8181
  0.861487 seconds (154.06 k allocations: 154.792 MiB)
6852
  0.890630 seconds (284.88 k allocations: 282.218 MiB)
5616
  0.850953 seconds (92.97 k allocations: 93.492 MiB)
604
  0.872291 seconds (158.09 k allocations: 158.045 MiB)
3103
  0.887538 seconds (239.86 k allocations: 237.264 MiB)
9355
  0.880182 seconds (310.11 k allocations: 304.615 MiB)
8182
  0.890108 seconds (363.61 k allocations: 357.999 MiB)
4354
  0.974490 seconds (614.26 k allocations: 607.412 MiB)
1856
  0.780354 seconds (367.22 k allocations: 361.704 MiB)
5617
  0.775477 seconds (206.38 k allocations: 203.414 MiB)
9356
  0.775766 seconds (174.71 k allocations: 173.097 MiB)
8183
  0.772997 seconds (168.51 k allocations: 166.920 MiB)
4355
  0.880428 seconds (575.48 k allocations: 566.422 MiB)
6853
  0.890839 seconds (607.53 k allocations: 597.351 MiB)
605
  0.888079 seconds (585.66 k allocations: 576.197 MiB)
3104
  0.880902 seconds (553.30 k allocations: 545.241 MiB)
1857
  0.882064 seconds (538.28 k allocations: 529.634 MiB)
5618
  0.881582 seconds (416.15 k allocations: 409.561 MiB)
9357
  0.879117 seconds (382.98 k allocations: 378.829 MiB)
8184
  0.880085 seconds (364.54 k allocations: 358.983 MiB)
4356
  0.876298 seconds (331.50 k allocations: 327.152 MiB)
6854
  0.873057 seconds (325.20 k allocations: 322.101 MiB)
606
  0.890348 seconds (372.46 k allocations: 367.153 MiB)
3105
  1.154821 seconds (228.73 k allocations: 225.182 MiB, 18.10% gc time)
  1.089418 seconds (71.01 k allocations: 69.986 MiB, 19.19% gc time)
  1.873052 seconds (314.47 k allocations: 310.462 MiB, 11.16% gc time)
9358
5619
1858
  0.778969 seconds (364.31 k allocations: 357.199 MiB)
8185
  0.792001 seconds (90.47 k allocations: 90.001 MiB)
9359
  0.868656 seconds (277.05 k allocations: 275.666 MiB)
4357
  0.879677 seconds (291.38 k allocations: 287.932 MiB)
  0.888344 seconds (314.88 k allocations: 313.810 MiB)
6855
607
  0.893750 seconds (347.86 k allocations: 342.722 MiB)
5620
  0.968558 seconds (505.83 k allocations: 500.977 MiB)
3106
  0.962679 seconds (488.36 k allocations: 481.570 MiB)
1859
  0.778531 seconds (553.16 k allocations: 544.803 MiB)
8186
  0.774030 seconds (389.89 k allocations: 384.410 MiB)
4358
  0.898505 seconds (590.97 k allocations: 580.284 MiB)
9360
  0.880046 seconds (407.87 k allocations: 401.407 MiB)
6856
  0.886163 seconds (416.66 k allocations: 410.814 MiB)
608
  0.885873 seconds (468.36 k allocations: 461.256 MiB)
5621
  0.889102 seconds (483.58 k allocations: 476.064 MiB)
3107
  0.887232 seconds (488.51 k allocations: 481.790 MiB)
1860
  0.773238 seconds (553.17 k allocations: 544.835 MiB)
8187
  0.869473 seconds (553.18 k allocations: 544.879 MiB)
4359
  0.900090 seconds (491.95 k allocations: 484.289 MiB)
9361
  0.770460 seconds (196.74 k allocations: 194.933 MiB)
3108
  0.861000 seconds (369.81 k allocations: 365.971 MiB)
609
  0.874880 seconds (399.30 k allocations: 395.180 MiB)
6857
  0.863136 seconds (398.74 k allocations: 393.417 MiB)
5622
  1.901531 seconds (355.01 k allocations: 349.103 MiB, 19.80% gc time)
  1.234993 seconds (197.28 k allocations: 193.695 MiB, 30.49% gc time)
  1.480829 seconds (276.75 k allocations: 272.059 MiB, 25.43% gc time)
4360
8188
1861
  0.883164 seconds (349.87 k allocations: 343.390 MiB)
3109
  0.856254 seconds (191.88 k allocations: 191.978 MiB)
9362
  0.855996 seconds (150.54 k allocations: 150.941 MiB)
610
  0.864470 seconds (187.75 k allocations: 186.331 MiB)
5623
  0.857189 seconds (200.68 k allocations: 197.216 MiB)
8189
  0.888958 seconds (346.10 k allocations: 341.053 MiB)
4361
  0.977071 seconds (562.82 k allocations: 555.547 MiB)
6858
  0.967445 seconds (514.03 k allocations: 506.150 MiB)
1862
  0.778160 seconds (232.70 k allocations: 229.600 MiB)
5624
  0.776907 seconds (215.17 k allocations: 212.601 MiB)
8190
  0.883433 seconds (547.33 k allocations: 538.580 MiB)
3110
  0.880231 seconds (526.16 k allocations: 518.128 MiB)
9363
  0.880750 seconds (509.56 k allocations: 502.505 MiB)
611
  0.879368 seconds (537.60 k allocations: 529.076 MiB)
4362
  0.871847 seconds (490.62 k allocations: 482.846 MiB)
6859
  0.879406 seconds (533.57 k allocations: 524.982 MiB)
1863
  0.882447 seconds (485.61 k allocations: 478.314 MiB)
5625
  0.882211 seconds (460.19 k allocations: 452.749 MiB)
8191
  0.772421 seconds (218.97 k allocations: 215.033 MiB)
4363
  0.857191 seconds (353.40 k allocations: 349.141 MiB)
3111
  0.854836 seconds (401.56 k allocations: 396.257 MiB)
  1.123140 seconds (434.29 k allocations: 430.003 MiB, 12.51% gc time)
  0.949517 seconds (164.79 k allocations: 162.973 MiB, 14.80% gc time)
  0.993158 seconds (222.95 k allocations: 219.861 MiB, 14.15% gc time)
9364
1864
612
6860
  0.807854 seconds (243.57 k allocations: 240.462 MiB)
8192
  0.776469 seconds (61.30 k allocations: 64.535 MiB)
3112
  0.883992 seconds (531.28 k allocations: 519.106 MiB)
5626
  0.787947 seconds (88.00 k allocations: 88.435 MiB)
9365
  0.805119 seconds (196.07 k allocations: 191.588 MiB)
613
  0.896549 seconds (479.76 k allocations: 475.040 MiB)
  0.888786 seconds (404.45 k allocations: 402.656 MiB)
4364
  0.894466 seconds (398.50 k allocations: 395.487 MiB)
6861
1865
  0.778631 seconds (413.00 k allocations: 407.028 MiB)
8193
  0.778985 seconds (318.38 k allocations: 315.044 MiB)
5627
  0.885680 seconds (514.79 k allocations: 507.721 MiB)
3113
  0.882477 seconds (453.91 k allocations: 448.351 MiB)
9366
  0.882106 seconds (488.39 k allocations: 480.172 MiB)
614
  0.877784 seconds (386.15 k allocations: 379.817 MiB)
  0.883246 seconds (395.07 k allocations: 391.783 MiB)
6862
4365
  0.881794 seconds (398.14 k allocations: 393.326 MiB)
1866
  0.777614 seconds (517.54 k allocations: 510.242 MiB)
8194
  0.883103 seconds (553.39 k allocations: 545.533 MiB)
5628
  0.884046 seconds (491.25 k allocations: 483.734 MiB)
3114
  0.872508 seconds (453.76 k allocations: 447.599 MiB)
9367
  1.791844 seconds (274.66 k allocations: 270.427 MiB, 11.41% gc time)
  1.845425 seconds (466.29 k allocations: 456.245 MiB, 11.08% gc time)
  1.786040 seconds (270.51 k allocations: 265.217 MiB, 11.45% gc time)
  1.794473 seconds (278.75 k allocations: 275.545 MiB, 11.40% gc time)
  1.062652 seconds (112.79 k allocations: 109.994 MiB, 19.25% gc time)
  1.201706 seconds (192.35 k allocations: 188.942 MiB, 17.02% gc time)
6863
1867
5629
615
8195
4366
  0.778199 seconds (481.46 k allocations: 469.319 MiB)
3115
  0.851789 seconds (107.90 k allocations: 111.621 MiB)
5630
  0.905263 seconds (157.13 k allocations: 153.938 MiB)
8196
  0.908709 seconds (163.30 k allocations: 162.075 MiB)
6864
  1.021834 seconds (551.78 k allocations: 544.616 MiB)
9368
  1.012770 seconds (363.29 k allocations: 357.877 MiB)
4367
  1.016742 seconds (378.92 k allocations: 373.863 MiB)
1868
  1.023088 seconds (402.73 k allocations: 397.598 MiB)
616
  0.883456 seconds (553.36 k allocations: 545.444 MiB)
3116
  0.776807 seconds (402.94 k allocations: 397.980 MiB)
8197
  0.887590 seconds (621.73 k allocations: 610.591 MiB)
5631
  0.879176 seconds (551.52 k allocations: 542.552 MiB)
6865
  0.881466 seconds (479.58 k allocations: 470.723 MiB)
9369
  0.877390 seconds (383.96 k allocations: 380.205 MiB)
4368
  0.880979 seconds (395.84 k allocations: 391.342 MiB)
1869
  0.874174 seconds (392.02 k allocations: 387.456 MiB)
617
  0.874838 seconds (553.37 k allocations: 545.457 MiB)
3117
  0.776572 seconds (484.67 k allocations: 477.062 MiB)
8198
  1.665162 seconds (527.22 k allocations: 517.783 MiB, 8.95% gc time)
  1.540756 seconds (295.27 k allocations: 289.408 MiB, 9.67% gc time)
  1.598557 seconds (447.57 k allocations: 439.426 MiB, 9.32% gc time)
  1.495202 seconds (136.41 k allocations: 135.032 MiB, 9.97% gc time)
  1.506979 seconds (165.34 k allocations: 163.999 MiB, 9.89% gc time)
  0.896924 seconds (12.34 k allocations: 12.047 MiB, 16.61% gc time)
  1.492412 seconds (136.26 k allocations: 134.252 MiB, 9.98% gc time)
3118
618
5632
9370
4369
6866
1870
  0.765097 seconds (471.20 k allocations: 459.465 MiB)
8199
  0.850010 seconds (80.59 k allocations: 80.583 MiB)
  0.851559 seconds (81.78 k allocations: 82.673 MiB)
4370
619
  0.867783 seconds (139.75 k allocations: 145.287 MiB)
3119
  0.949587 seconds (316.10 k allocations: 311.352 MiB)
6867
  0.959481 seconds (330.92 k allocations: 326.508 MiB)
  0.962715 seconds (331.94 k allocations: 328.737 MiB)
1871
5633
  0.969943 seconds (358.14 k allocations: 355.768 MiB)
9371
  0.776035 seconds (553.32 k allocations: 545.311 MiB)
8200
  0.876676 seconds (410.11 k allocations: 406.286 MiB)
4371
  0.879221 seconds (411.02 k allocations: 406.961 MiB)
620
  0.889764 seconds (453.33 k allocations: 447.187 MiB)
3120
  0.878368 seconds (367.93 k allocations: 364.644 MiB)
6868
  0.874836 seconds (335.12 k allocations: 330.556 MiB)
9372
  0.884758 seconds (348.31 k allocations: 345.378 MiB)
1872
  0.890259 seconds (373.40 k allocations: 370.389 MiB)
5634
  0.777078 seconds (553.20 k allocations: 544.918 MiB)
8201
  0.877875 seconds (434.69 k allocations: 429.482 MiB)
4372
  0.876004 seconds (423.87 k allocations: 418.900 MiB)
621
  0.889700 seconds (423.97 k allocations: 419.164 MiB)
3121
  0.871260 seconds (226.01 k allocations: 225.572 MiB)
6869
  0.873600 seconds (175.77 k allocations: 176.025 MiB)
1873
  0.887106 seconds (190.09 k allocations: 191.912 MiB)
9373
  0.889867 seconds (202.08 k allocations: 201.950 MiB)
5635
  0.944571 seconds (303.33 k allocations: 297.649 MiB, 17.60% gc time)
8202
  0.763280 seconds (1 allocation: 12.688 KiB)
8203
  0.870023 seconds (272.62 k allocations: 270.446 MiB)
4373
  0.895114 seconds (232.42 k allocations: 230.929 MiB)
622
  0.913396 seconds (292.71 k allocations: 293.328 MiB)
9374
  0.984553 seconds (391.02 k allocations: 388.425 MiB)
3122
  0.975194 seconds (344.02 k allocations: 343.203 MiB)
6870
  0.973426 seconds (340.29 k allocations: 339.378 MiB)
1874
  0.971041 seconds (339.73 k allocations: 338.572 MiB)
5636
  0.777474 seconds (534.88 k allocations: 526.350 MiB)
8204
  0.775811 seconds (513.49 k allocations: 504.647 MiB)
4374
  0.764698 seconds (158.07 k allocations: 155.746 MiB)
6871
  0.779548 seconds (173.06 k allocations: 171.128 MiB)
  0.880435 seconds (498.39 k allocations: 492.433 MiB)
5637
623
  0.894007 seconds (555.48 k allocations: 547.809 MiB)
9375
  0.890474 seconds (471.29 k allocations: 465.605 MiB)
3123
  0.895496 seconds (462.00 k allocations: 455.226 MiB)
1875
  0.896904 seconds (511.76 k allocations: 504.278 MiB)
8205
  0.915358 seconds (520.63 k allocations: 512.504 MiB)
4375
  1.175862 seconds (254.31 k allocations: 250.012 MiB, 17.21% gc time)
  1.203669 seconds (294.95 k allocations: 291.145 MiB, 16.82% gc time)
  1.093892 seconds (64.80 k allocations: 63.992 MiB, 18.50% gc time)
  1.223882 seconds (338.77 k allocations: 334.292 MiB, 16.54% gc time)
  1.096352 seconds (67.44 k allocations: 69.223 MiB, 18.46% gc time)
  1.093517 seconds (65.61 k allocations: 65.256 MiB, 18.51% gc time)
9376
5638
6872
1876
624
3124
  0.777505 seconds (441.80 k allocations: 431.349 MiB)
8206
  0.789377 seconds (94.21 k allocations: 96.039 MiB)
5639
  0.790047 seconds (84.98 k allocations: 84.672 MiB)
6873
  0.888566 seconds (397.36 k allocations: 391.942 MiB)
9377
  0.886962 seconds (339.01 k allocations: 338.331 MiB)
4376
  0.896089 seconds (329.84 k allocations: 328.107 MiB)
625
  0.895454 seconds (338.87 k allocations: 334.056 MiB)
1877
  0.902955 seconds (375.85 k allocations: 370.686 MiB)
3125
  0.767334 seconds (553.36 k allocations: 545.451 MiB)
8207
  0.753010 seconds (93.50 k allocations: 94.163 MiB)
1878
  0.855499 seconds (458.82 k allocations: 452.644 MiB)
6874
  0.872876 seconds (498.84 k allocations: 493.133 MiB)
5640
  0.865414 seconds (463.44 k allocations: 453.597 MiB)
9378
  0.873983 seconds (428.21 k allocations: 420.897 MiB)
4377
  0.854751 seconds (357.29 k allocations: 351.571 MiB)
  0.855462 seconds (359.56 k allocations: 354.481 MiB)
626
3126
  0.801879 seconds (553.22 k allocations: 544.987 MiB)
8208
  0.897581 seconds (428.45 k allocations: 422.588 MiB)
1879
  0.903902 seconds (401.85 k allocations: 395.895 MiB)
5641
  0.888588 seconds (282.04 k allocations: 278.965 MiB)
  0.879784 seconds (263.59 k allocations: 260.953 MiB)
9379
6875
  0.887611 seconds (266.62 k allocations: 263.764 MiB)
4378
  1.542900 seconds (229.64 k allocations: 228.232 MiB, 17.79% gc time)
  1.504714 seconds (214.40 k allocations: 212.430 MiB, 18.24% gc time)
  1.050136 seconds (136.05 k allocations: 135.455 MiB, 26.13% gc time)
3127
627
8209
  0.772640 seconds (1 allocation: 12.688 KiB)
8210
  0.881212 seconds (412.72 k allocations: 404.469 MiB)
1880
  0.856182 seconds (180.40 k allocations: 180.740 MiB)
9380
  0.892446 seconds (319.56 k allocations: 317.324 MiB)
5642
  0.867570 seconds (203.33 k allocations: 202.165 MiB)
  0.870466 seconds (207.38 k allocations: 208.006 MiB)
628
3128
  0.975984 seconds (514.20 k allocations: 510.218 MiB)
4379
  0.970784 seconds (487.44 k allocations: 483.136 MiB)
6876
  0.746731 seconds (439.32 k allocations: 431.743 MiB)
1881
  0.859326 seconds (564.94 k allocations: 556.347 MiB)
8211
  0.856185 seconds (396.53 k allocations: 390.773 MiB)
9381
  0.857657 seconds (357.82 k allocations: 354.710 MiB)
5643
  0.761688 seconds (207.47 k allocations: 204.950 MiB)
6877
  0.871266 seconds (409.49 k allocations: 403.656 MiB)
629
  0.873066 seconds (420.77 k allocations: 415.443 MiB)
3129
  0.847591 seconds (549.62 k allocations: 541.411 MiB)
4380
  0.773675 seconds (467.15 k allocations: 459.274 MiB)
8212
  0.874916 seconds (560.73 k allocations: 553.309 MiB)
1882
  0.996245 seconds (121.64 k allocations: 118.694 MiB, 17.71% gc time)
  1.106505 seconds (357.65 k allocations: 351.630 MiB, 15.94% gc time)
  1.092284 seconds (288.35 k allocations: 284.074 MiB, 16.15% gc time)
  1.066471 seconds (214.80 k allocations: 211.433 MiB, 16.54% gc time)
  1.078398 seconds (240.38 k allocations: 237.124 MiB, 16.36% gc time)
  1.050202 seconds (191.33 k allocations: 186.957 MiB, 16.80% gc time)
5644
4381
3130
6878
9382
630
  0.777968 seconds (438.32 k allocations: 426.798 MiB)
8213
  0.784844 seconds (92.21 k allocations: 94.162 MiB)
4382
  0.783933 seconds (84.21 k allocations: 83.852 MiB)
6879
  0.784921 seconds (88.84 k allocations: 89.242 MiB)
631
  0.919419 seconds (689.47 k allocations: 672.332 MiB)
1883
  0.877769 seconds (431.09 k allocations: 428.505 MiB)
9383
  0.895748 seconds (441.37 k allocations: 436.907 MiB)
5645
  0.892364 seconds (441.51 k allocations: 434.349 MiB)
3131
  0.778513 seconds (553.17 k allocations: 544.841 MiB)
8214
  0.780436 seconds (397.98 k allocations: 393.373 MiB)
4383
  0.776716 seconds (311.77 k allocations: 305.237 MiB)
1884
  0.879302 seconds (522.22 k allocations: 513.021 MiB)
6880
  0.879683 seconds (523.62 k allocations: 515.377 MiB)
632
  0.885911 seconds (485.51 k allocations: 478.139 MiB)
9384
  0.879739 seconds (432.41 k allocations: 427.129 MiB)
  0.876523 seconds (430.93 k allocations: 425.441 MiB)
5646
3132
  0.761655 seconds (553.21 k allocations: 544.956 MiB)
8215
  0.754730 seconds (449.52 k allocations: 441.527 MiB)
1885
  0.860270 seconds (609.19 k allocations: 598.507 MiB)
4384
  1.780488 seconds (451.45 k allocations: 444.119 MiB, 10.11% gc time)
  1.781774 seconds (451.52 k allocations: 444.190 MiB, 10.11% gc time)
  1.672691 seconds (214.49 k allocations: 210.656 MiB, 10.76% gc time)
  1.703287 seconds (283.94 k allocations: 279.576 MiB, 10.57% gc time)
  1.670729 seconds (214.73 k allocations: 210.909 MiB, 10.78% gc time)
  1.015736 seconds (53.15 k allocations: 51.385 MiB, 17.73% gc time)
  1.161806 seconds (136.18 k allocations: 134.125 MiB, 15.50% gc time)
9385
3133
5647
6881
633
8216
1886
  0.781200 seconds (466.18 k allocations: 454.706 MiB)
4385
  0.784343 seconds (110.78 k allocations: 113.120 MiB)
8217
  0.878734 seconds (235.21 k allocations: 236.846 MiB)
1887
  0.875880 seconds (176.47 k allocations: 174.282 MiB)
6882
  0.890433 seconds (216.37 k allocations: 213.423 MiB)
9386
  0.972430 seconds (407.22 k allocations: 403.185 MiB)
3134
  0.987374 seconds (417.90 k allocations: 413.531 MiB)
634
  0.997932 seconds (445.40 k allocations: 439.651 MiB)
5648
  0.777616 seconds (474.34 k allocations: 467.632 MiB)
8218
  0.883335 seconds (592.96 k allocations: 584.392 MiB)
4386
  0.885908 seconds (455.64 k allocations: 450.062 MiB)
1888
  0.885323 seconds (444.54 k allocations: 437.843 MiB)
6883
  0.879954 seconds (432.73 k allocations: 426.318 MiB)
9387
  0.876065 seconds (360.93 k allocations: 355.315 MiB)
635
  0.890332 seconds (393.43 k allocations: 388.619 MiB)
3135
  0.885809 seconds (403.16 k allocations: 396.449 MiB)
5649
  0.868280 seconds (519.63 k allocations: 512.142 MiB)
8219
  0.868266 seconds (516.07 k allocations: 508.484 MiB)
4387
  1.184378 seconds (279.47 k allocations: 274.324 MiB, 19.42% gc time)
  1.254776 seconds (412.11 k allocations: 405.811 MiB, 18.33% gc time)
  1.118120 seconds (118.50 k allocations: 117.845 MiB, 20.57% gc time)
  1.084217 seconds (71.60 k allocations: 70.493 MiB, 21.21% gc time)
  1.122843 seconds (131.20 k allocations: 131.180 MiB, 20.48% gc time)
  1.103479 seconds (91.39 k allocations: 90.768 MiB, 20.84% gc time)
5650
9388
6884
3136
1889
636
  0.777571 seconds (444.97 k allocations: 434.399 MiB)
8220
  0.788423 seconds (80.19 k allocations: 80.170 MiB)
637
  0.885246 seconds (159.37 k allocations: 158.209 MiB)
6885
  0.890674 seconds (162.40 k allocations: 162.101 MiB)
9389
  0.892669 seconds (165.86 k allocations: 166.388 MiB)
5651
  0.894640 seconds (185.39 k allocations: 184.807 MiB)
  0.897090 seconds (186.04 k allocations: 185.546 MiB)
1890
3137
  0.987503 seconds (643.84 k allocations: 639.010 MiB)
4388
  0.779659 seconds (553.25 k allocations: 545.083 MiB)
8221
  0.881760 seconds (553.23 k allocations: 545.013 MiB)
638
  0.872322 seconds (267.96 k allocations: 268.114 MiB)
6886
  0.872315 seconds (258.86 k allocations: 259.171 MiB)
9390
  0.884658 seconds (288.78 k allocations: 286.348 MiB)
3138
  0.888734 seconds (297.95 k allocations: 297.344 MiB)
5652
  0.883020 seconds (298.23 k allocations: 296.170 MiB)
1891
  0.886372 seconds (553.25 k allocations: 545.083 MiB)
4389
  0.776796 seconds (553.24 k allocations: 545.051 MiB)
8222
  0.872427 seconds (553.24 k allocations: 545.057 MiB)
639
  1.422657 seconds (214.29 k allocations: 210.505 MiB, 12.08% gc time)
  1.443141 seconds (288.02 k allocations: 285.959 MiB, 11.91% gc time)  1.439256 seconds (271.52 k allocations: 268.959 MiB, 11.94% gc time)

  1.425167 seconds (217.65 k allocations: 216.138 MiB, 12.06% gc time)
  1.421492 seconds (214.41 k allocations: 210.599 MiB, 12.09% gc time)
  1.328339 seconds (135.72 k allocations: 133.204 MiB, 12.94% gc time)
  0.897031 seconds (57.29 k allocations: 56.809 MiB, 19.16% gc time)
1892
3139
9391
4390
5653
8223
6887
  0.755503 seconds (468.64 k allocations: 457.045 MiB)
640
  0.780911 seconds (114.37 k allocations: 119.006 MiB)
8224
  0.852197 seconds (158.06 k allocations: 155.720 MiB)
9392
  0.856088 seconds (159.68 k allocations: 158.253 MiB)
5654
  0.960926 seconds (316.11 k allocations: 311.384 MiB)
4391
  0.968388 seconds (322.99 k allocations: 318.956 MiB)
6888
  0.970896 seconds (328.79 k allocations: 325.516 MiB)
1893
  0.974437 seconds (334.60 k allocations: 335.768 MiB)
3140
  0.777543 seconds (474.31 k allocations: 467.530 MiB)
8225
  0.880435 seconds (557.91 k allocations: 550.749 MiB)
641
  0.774373 seconds (474.30 k allocations: 467.492 MiB)
9393
  0.883492 seconds (553.32 k allocations: 545.311 MiB)
5655
  0.882244 seconds (350.91 k allocations: 348.620 MiB)
4392
  0.882008 seconds (334.43 k allocations: 331.383 MiB)
  0.881066 seconds (333.53 k allocations: 330.526 MiB)
1894
3141
  0.872340 seconds (330.37 k allocations: 328.237 MiB)
6889
  0.873320 seconds (474.58 k allocations: 468.986 MiB)
642
  0.881190 seconds (486.75 k allocations: 480.409 MiB)
8226
  1.750409 seconds (451.49 k allocations: 444.106 MiB, 9.54% gc time)
  1.858980 seconds (530.62 k allocations: 522.373 MiB, 8.99% gc time)
  1.643035 seconds (197.69 k allocations: 196.005 MiB, 10.17% gc time)
  1.612376 seconds (154.54 k allocations: 152.455 MiB, 10.36% gc time)
  1.635253 seconds (180.95 k allocations: 178.862 MiB, 10.22% gc time)
  1.589745 seconds (136.05 k allocations: 133.804 MiB, 10.51% gc time)
  1.003228 seconds (8.74 k allocations: 9.154 MiB, 16.65% gc time)
5656
4393
9394
643
6890
1895
3142
  0.766888 seconds (459.75 k allocations: 448.533 MiB)
8227
  0.880835 seconds (137.56 k allocations: 141.183 MiB)
644
  0.902286 seconds (121.28 k allocations: 119.221 MiB)
6891
  0.913486 seconds (154.38 k allocations: 151.942 MiB)
4394
  1.010795 seconds (316.11 k allocations: 311.365 MiB)
1896
  1.016545 seconds (322.87 k allocations: 318.846 MiB)
  1.019480 seconds (324.04 k allocations: 320.837 MiB)
9395
3143
  1.020019 seconds (329.43 k allocations: 327.088 MiB)
5657
  0.778762 seconds (553.17 k allocations: 544.854 MiB)
8228
  0.873854 seconds (494.50 k allocations: 486.700 MiB)
645
  0.880623 seconds (450.91 k allocations: 444.771 MiB)
6892
  0.776247 seconds (147.98 k allocations: 145.798 MiB)
  0.883469 seconds (465.60 k allocations: 459.359 MiB)
5658
4395
  0.880043 seconds (413.09 k allocations: 410.143 MiB)
1897
  0.881744 seconds (402.45 k allocations: 397.238 MiB)
9396
  0.889713 seconds (425.26 k allocations: 420.035 MiB)
3144
  0.775868 seconds (553.19 k allocations: 544.892 MiB)
8229
  0.781324 seconds (319.14 k allocations: 315.452 MiB)
4396
  1.639216 seconds (372.37 k allocations: 366.155 MiB, 21.79% gc time)
  1.652019 seconds (396.27 k allocations: 391.491 MiB, 21.62% gc time)
  1.679842 seconds (502.39 k allocations: 494.261 MiB, 21.26% gc time)
  1.539237 seconds (146.20 k allocations: 144.335 MiB, 23.20% gc time)
  1.545742 seconds (160.28 k allocations: 159.029 MiB, 23.11% gc time)
  1.529505 seconds (135.80 k allocations: 133.215 MiB, 23.35% gc time)
  1.138436 seconds (57.12 k allocations: 56.095 MiB, 31.37% gc time)
5659
9397
8230
6893
646
1898
3145
  0.775889 seconds (124.77 k allocations: 126.746 MiB)
8231
  0.862139 seconds (500.37 k allocations: 488.419 MiB)
4397
  0.853180 seconds (170.65 k allocations: 170.212 MiB)
5660
  0.854660 seconds (171.27 k allocations: 171.798 MiB)
  0.854096 seconds (170.30 k allocations: 171.192 MiB)
647
6894
  0.957628 seconds (406.49 k allocations: 402.510 MiB)
9398
  0.970510 seconds (423.54 k allocations: 417.340 MiB)
1899
  0.973263 seconds (426.93 k allocations: 421.582 MiB)
3146
  0.777426 seconds (510.71 k allocations: 503.177 MiB)
8232
  0.882749 seconds (553.15 k allocations: 544.778 MiB)
4398
  0.757317 seconds (205.13 k allocations: 201.963 MiB)
9399
  0.880974 seconds (426.83 k allocations: 422.917 MiB)
  0.879176 seconds (424.76 k allocations: 420.683 MiB)
5661
648
  0.879592 seconds (439.15 k allocations: 434.297 MiB)
6895
  0.873298 seconds (474.16 k allocations: 467.035 MiB)
1900
  0.884010 seconds (489.18 k allocations: 482.410 MiB)
3147
  0.880905 seconds (553.17 k allocations: 544.854 MiB)
8233
  1.243926 seconds (515.87 k allocations: 506.986 MiB, 12.18% gc time)
  1.171597 seconds (257.71 k allocations: 255.697 MiB, 12.93% gc time)
  1.168680 seconds (252.62 k allocations: 248.404 MiB, 12.96% gc time)
  1.167951 seconds (252.18 k allocations: 248.045 MiB, 12.97% gc time)
  1.052628 seconds (72.44 k allocations: 71.754 MiB, 14.39% gc time)
  1.124673 seconds (214.71 k allocations: 211.083 MiB, 13.47% gc time)
  1.034538 seconds (56.80 k allocations: 55.610 MiB, 14.64% gc time)
9400
6896
3148
649
1901
5662
4399
  0.768781 seconds (471.53 k allocations: 459.793 MiB)
8234
  0.775264 seconds (85.12 k allocations: 84.883 MiB)
9401
  0.777840 seconds (87.41 k allocations: 88.052 MiB)
5663
  0.777916 seconds (102.51 k allocations: 102.246 MiB)
4400
  0.875296 seconds (324.62 k allocations: 321.892 MiB)
6897
  0.877170 seconds (325.80 k allocations: 322.767 MiB)
650
  0.876563 seconds (326.60 k allocations: 324.543 MiB)
  0.879103 seconds (330.68 k allocations: 329.407 MiB)
1902
3149
  0.756786 seconds (553.18 k allocations: 544.860 MiB)
8235
  0.858508 seconds (409.58 k allocations: 405.529 MiB)
9402
  0.859350 seconds (407.08 k allocations: 402.905 MiB)
5664
  0.859828 seconds (418.85 k allocations: 413.926 MiB)
4401
  0.858265 seconds (320.14 k allocations: 318.925 MiB)
6898
  0.859084 seconds (318.33 k allocations: 315.752 MiB)
651
  0.864218 seconds (330.94 k allocations: 327.572 MiB)
1903
  0.868425 seconds (352.14 k allocations: 348.831 MiB)
3150
  0.780747 seconds (553.18 k allocations: 544.867 MiB)
8236
  0.878127 seconds (422.38 k allocations: 417.715 MiB)
9403
  0.881764 seconds (419.09 k allocations: 414.372 MiB)
5665
  0.886721 seconds (434.57 k allocations: 428.953 MiB)
4402
  0.873741 seconds (218.59 k allocations: 218.441 MiB)
6899
  0.880425 seconds (209.16 k allocations: 209.169 MiB)
  0.879700 seconds (203.77 k allocations: 203.367 MiB)
1904
652
  0.883685 seconds (208.11 k allocations: 208.015 MiB)
3151
  0.967943 seconds (179.30 k allocations: 179.313 MiB, 19.70% gc time)
8237
  0.788655 seconds (1 allocation: 12.688 KiB)
8238
  0.884291 seconds (348.63 k allocations: 343.182 MiB)
9404
  0.996990 seconds (361.71 k allocations: 357.920 MiB)
5666
  0.970392 seconds (193.91 k allocations: 193.431 MiB)
1905
  0.998686 seconds (306.36 k allocations: 305.706 MiB)
4403
  0.977128 seconds (216.20 k allocations: 215.517 MiB)
3152
  0.981205 seconds (237.38 k allocations: 236.777 MiB)
653
  0.981353 seconds (248.69 k allocations: 248.598 MiB)
6900
  0.759864 seconds (481.87 k allocations: 475.631 MiB)
8239
  0.855498 seconds (553.17 k allocations: 544.848 MiB)
9405
  0.740848 seconds (172.85 k allocations: 172.278 MiB)
4404
  0.851494 seconds (399.45 k allocations: 395.019 MiB)
5667
  0.851886 seconds (298.44 k allocations: 296.898 MiB)
1906
  0.842590 seconds (268.75 k allocations: 265.782 MiB)
654
  0.850514 seconds (288.15 k allocations: 287.810 MiB)
3153
  0.848837 seconds (299.76 k allocations: 297.457 MiB)
6901
  0.878182 seconds (553.19 k allocations: 544.899 MiB)
8240
  1.196192 seconds (510.38 k allocations: 501.738 MiB, 12.59% gc time)
  1.150054 seconds (451.42 k allocations: 444.092 MiB, 13.10% gc time)
  1.059039 seconds (180.62 k allocations: 178.774 MiB, 14.22% gc time)
  1.038021 seconds (70.06 k allocations: 71.995 MiB, 14.51% gc time)  1.034543 seconds (62.39 k allocations: 62.311 MiB, 14.56% gc time)

  1.035840 seconds (64.21 k allocations: 64.098 MiB, 14.54% gc time)
  1.028768 seconds (57.16 k allocations: 56.300 MiB, 14.64% gc time)
9406
4405
5668
655
3154
1907
6902
  0.777738 seconds (467.25 k allocations: 455.694 MiB)
8241
  0.786810 seconds (83.55 k allocations: 84.624 MiB)
656
  0.789687 seconds (86.77 k allocations: 88.685 MiB)
9407
  0.792631 seconds (92.92 k allocations: 95.570 MiB)
4406
  0.893295 seconds (320.92 k allocations: 318.477 MiB)
5669
  0.894412 seconds (321.26 k allocations: 319.771 MiB)
3155
  0.896553 seconds (331.32 k allocations: 327.955 MiB)
  0.896088 seconds (333.90 k allocations: 331.362 MiB)
1908
6903
  0.792967 seconds (553.22 k allocations: 545.000 MiB)
8242
  0.879364 seconds (405.85 k allocations: 401.925 MiB)
9408
  0.881655 seconds (408.16 k allocations: 403.871 MiB)
4407
  0.878691 seconds (420.24 k allocations: 415.207 MiB)
657
  0.872111 seconds (330.15 k allocations: 325.983 MiB)
3156
  0.877982 seconds (345.08 k allocations: 342.476 MiB)
5670
  0.876188 seconds (339.19 k allocations: 336.981 MiB)
1909
  0.873191 seconds (342.27 k allocations: 339.693 MiB)
6904
  0.758136 seconds (553.33 k allocations: 545.343 MiB)
8243
  0.857563 seconds (436.97 k allocations: 432.076 MiB)
9409
  0.754734 seconds (93.72 k allocations: 94.119 MiB)
1910
  0.860874 seconds (437.64 k allocations: 433.430 MiB)
4408
  0.849629 seconds (446.43 k allocations: 439.375 MiB)
658
  0.857834 seconds (214.04 k allocations: 214.827 MiB)
3157
  0.865697 seconds (212.38 k allocations: 212.974 MiB)
5671
  0.851441 seconds (196.17 k allocations: 196.001 MiB)
6905
  1.130117 seconds (293.81 k allocations: 288.186 MiB, 31.79% gc time)
8244
  0.884267 seconds (216.17 k allocations: 215.431 MiB)
4409
  0.847701 seconds (49.22 k allocations: 49.337 MiB)
6906
  0.857737 seconds (66.28 k allocations: 67.870 MiB)
659
  0.887842 seconds (150.82 k allocations: 150.971 MiB)
3158
  0.902812 seconds (314.07 k allocations: 308.192 MiB)
8245
  0.985023 seconds (433.75 k allocations: 429.854 MiB)
1911
  1.038412 seconds (560.95 k allocations: 555.000 MiB)
9410
  1.043279 seconds (561.63 k allocations: 555.440 MiB)
5672
  0.784892 seconds (337.61 k allocations: 333.195 MiB)
660
  0.883301 seconds (478.75 k allocations: 472.945 MiB)
4410
  0.781981 seconds (268.86 k allocations: 266.193 MiB)
8246
  0.889326 seconds (467.27 k allocations: 462.752 MiB)
6907
  0.877070 seconds (480.49 k allocations: 472.910 MiB)
3159
  0.759686 seconds (260.37 k allocations: 256.636 MiB)
9411
  0.778004 seconds (380.60 k allocations: 373.912 MiB)
5673
  0.884414 seconds (652.04 k allocations: 640.754 MiB)
1912
  0.865505 seconds (553.20 k allocations: 544.930 MiB)
661
  0.858979 seconds (367.23 k allocations: 362.995 MiB)
4411
  0.860458 seconds (345.38 k allocations: 341.826 MiB)
8247
  0.863295 seconds (299.78 k allocations: 296.934 MiB)
6908
  0.863355 seconds (299.83 k allocations: 296.762 MiB)
3160
  0.858221 seconds (312.34 k allocations: 308.566 MiB)
9412
  1.844530 seconds (363.27 k allocations: 357.318 MiB, 11.50% gc time)
  1.790638 seconds (301.95 k allocations: 297.377 MiB, 11.85% gc time)
  1.068782 seconds (223.13 k allocations: 219.747 MiB, 19.85% gc time)
662
5674
1913
  0.777583 seconds (313.87 k allocations: 307.718 MiB)
8248
  0.784383 seconds (86.53 k allocations: 87.510 MiB)
663
  0.866003 seconds (260.03 k allocations: 258.184 MiB)
6909
  0.997847 seconds (646.83 k allocations: 637.162 MiB)
4412
  0.972126 seconds (393.33 k allocations: 388.907 MiB)
3161
  0.963878 seconds (359.40 k allocations: 356.205 MiB)
9413
  0.960804 seconds (365.99 k allocations: 362.305 MiB)
5675
  0.960380 seconds (380.33 k allocations: 375.788 MiB)
1914
  0.776684 seconds (553.16 k allocations: 544.803 MiB)
8249
  0.777844 seconds (350.90 k allocations: 344.943 MiB)
4413
  0.888864 seconds (520.94 k allocations: 514.097 MiB)
664
  0.879483 seconds (527.46 k allocations: 520.103 MiB)
6910
  0.796429 seconds (299.17 k allocations: 294.015 MiB)
1915
  0.879514 seconds (439.48 k allocations: 432.962 MiB)
3162
  0.885047 seconds (451.44 k allocations: 445.372 MiB)
9414
  0.881933 seconds (455.76 k allocations: 449.258 MiB)
5676
  0.777649 seconds (553.16 k allocations: 544.822 MiB)
8250
  0.880838 seconds (465.63 k allocations: 459.059 MiB)
4414
  0.872752 seconds (424.46 k allocations: 418.441 MiB)
6911
  0.871291 seconds (426.88 k allocations: 420.519 MiB)
665
  0.773666 seconds (189.01 k allocations: 188.515 MiB)
3163
  0.879317 seconds (545.05 k allocations: 534.862 MiB)
1916
  1.986996 seconds (427.26 k allocations: 420.938 MiB, 13.24% gc time)
  1.953033 seconds (395.98 k allocations: 389.769 MiB, 13.47% gc time)
  1.174568 seconds (80.86 k allocations: 80.823 MiB, 22.40% gc time)
  1.148890 seconds (28.23 k allocations: 27.065 MiB, 22.90% gc time)
  1.171498 seconds (73.63 k allocations: 72.686 MiB, 22.45% gc time)
  1.513360 seconds (317.49 k allocations: 312.490 MiB, 17.38% gc time)
3164
5677
4415
9415
8251
6912
  0.760107 seconds (440.57 k allocations: 430.184 MiB)
666
  0.784456 seconds (79.03 k allocations: 77.870 MiB)
6913
  0.862392 seconds (162.38 k allocations: 162.272 MiB)
9416
  0.865984 seconds (165.51 k allocations: 166.295 MiB)
  0.867667 seconds (169.73 k allocations: 172.452 MiB)
8252
5678
  0.870032 seconds (193.70 k allocations: 192.792 MiB)
4416
  0.890019 seconds (277.19 k allocations: 274.906 MiB)
3165
  0.986433 seconds (680.86 k allocations: 674.437 MiB)
1917
  0.880796 seconds (553.24 k allocations: 545.064 MiB)
667
  0.777142 seconds (204.02 k allocations: 203.473 MiB)
8253
  0.878313 seconds (575.99 k allocations: 567.837 MiB)
6914
  0.877651 seconds (346.04 k allocations: 342.620 MiB)
9417
  0.882715 seconds (358.19 k allocations: 356.462 MiB)
5679
  0.883460 seconds (358.41 k allocations: 355.205 MiB)
4417
  0.872560 seconds (357.98 k allocations: 354.898 MiB)
3166
  0.883634 seconds (553.33 k allocations: 545.356 MiB)
1918
  0.868020 seconds (553.36 k allocations: 545.425 MiB)
668
  0.867439 seconds (486.79 k allocations: 480.722 MiB)
8254
  0.872402 seconds (489.94 k allocations: 483.795 MiB)
6915
  0.855622 seconds (273.77 k allocations: 272.479 MiB)
5680
  1.636422 seconds (257.67 k allocations: 255.610 MiB, 10.09% gc time)
  1.635708 seconds (256.78 k allocations: 254.753 MiB, 10.09% gc time)
  1.630996 seconds (252.86 k allocations: 249.793 MiB, 10.12% gc time)
  1.549515 seconds (173.95 k allocations: 172.072 MiB, 10.65% gc time)
  0.907452 seconds (95.50 k allocations: 95.109 MiB, 18.19% gc time)
9418
3167
669
4418
1919
  0.780716 seconds (421.95 k allocations: 412.366 MiB)
8255
  0.785752 seconds (96.49 k allocations: 98.224 MiB)
670
  0.941380 seconds (372.64 k allocations: 368.379 MiB)
6916
  0.924598 seconds (205.75 k allocations: 207.190 MiB)
4419
  0.918084 seconds (202.01 k allocations: 199.768 MiB)
3168
  1.031157 seconds (411.62 k allocations: 408.674 MiB)
5681
  1.030992 seconds (406.96 k allocations: 401.537 MiB)
1920
  1.036579 seconds (416.29 k allocations: 411.456 MiB)
9419
  0.776984 seconds (553.19 k allocations: 544.911 MiB)
8256
  0.875849 seconds (553.22 k allocations: 544.994 MiB)
671
  0.779312 seconds (376.44 k allocations: 371.367 MiB)
4420
  0.776617 seconds (386.28 k allocations: 380.543 MiB)
3169
  0.880691 seconds (609.35 k allocations: 601.126 MiB)
6917
  0.880996 seconds (416.63 k allocations: 412.213 MiB)
5682
  0.879837 seconds (405.33 k allocations: 399.979 MiB)
9420
  0.882574 seconds (410.94 k allocations: 406.381 MiB)
1921
  0.776463 seconds (553.20 k allocations: 544.918 MiB)
8257
  0.872365 seconds (473.54 k allocations: 466.768 MiB)
672
  0.882655 seconds (439.92 k allocations: 434.368 MiB)
4421
  0.879810 seconds (435.67 k allocations: 430.079 MiB)
3170
  1.460821 seconds (420.50 k allocations: 414.380 MiB, 13.37% gc time)
  1.321025 seconds (185.71 k allocations: 184.217 MiB, 14.78% gc time)
  1.333763 seconds (209.77 k allocations: 208.427 MiB, 14.64% gc time)
  1.316678 seconds (183.84 k allocations: 181.230 MiB, 14.83% gc time)
  0.957034 seconds (105.87 k allocations: 105.114 MiB, 20.40% gc time)
9421
1922
5683
8258
6918
  0.789920 seconds (407.95 k allocations: 398.966 MiB)
  0.786532 seconds (525 allocations: 1.453 MiB)
  0.883108 seconds (275.45 k allocations: 272.819 MiB)
  0.859693 seconds (125.39 k allocations: 128.957 MiB)
  0.849363 seconds (2.11 k allocations: 5.823 MiB)
673
8259
4422
3171
6919
  0.958196 seconds (177.57 k allocations: 174.926 MiB)
  0.963176 seconds (187.75 k allocations: 189.300 MiB)
1923
5684
  1.017870 seconds (542.56 k allocations: 536.011 MiB)
9422
  0.782040 seconds (110.00 k allocations: 109.920 MiB)
8260
  0.778123 seconds (79.03 k allocations: 77.851 MiB)
9423
  0.882560 seconds (240.20 k allocations: 239.036 MiB)
6920
  0.885348 seconds (246.72 k allocations: 247.530 MiB)
674
  0.886404 seconds (250.91 k allocations: 250.059 MiB)
3172
  0.892636 seconds (280.53 k allocations: 279.385 MiB)
  0.879631 seconds (243.00 k allocations: 240.298 MiB)
4423
5685
  0.886354 seconds (285.93 k allocations: 283.429 MiB)
1924
  0.886448 seconds (553.54 k allocations: 546.028 MiB)
8261
  0.777521 seconds (15.15 k allocations: 16.775 MiB)
1925
  0.881604 seconds (421.70 k allocations: 412.910 MiB)
9424
  0.872983 seconds (156.40 k allocations: 158.791 MiB)
675
  0.875094 seconds (133.93 k allocations: 134.726 MiB)
  1.120607 seconds (137.53 k allocations: 139.818 MiB, 19.90% gc time)
  1.107781 seconds (120.26 k allocations: 119.787 MiB, 20.14% gc time)
  1.118838 seconds (133.22 k allocations: 134.563 MiB, 19.94% gc time)
6921
5686
3173
4424
  0.778530 seconds (397.68 k allocations: 389.135 MiB)
8262
  0.803894 seconds (151.55 k allocations: 153.450 MiB)
9425
  0.794298 seconds (89.51 k allocations: 91.384 MiB)
4425
  0.795352 seconds (92.08 k allocations: 93.641 MiB)
5687
  0.891453 seconds (316.18 k allocations: 311.594 MiB)
3174
  0.941250 seconds (524.71 k allocations: 519.492 MiB)
  0.903391 seconds (339.65 k allocations: 339.937 MiB)
1926
676
  0.938153 seconds (408.66 k allocations: 403.117 MiB)
6922
  0.798707 seconds (553.24 k allocations: 545.064 MiB)
8263
  0.799517 seconds (395.15 k allocations: 389.267 MiB)
4426
  0.800329 seconds (395.85 k allocations: 390.965 MiB)
9426
  0.905297 seconds (553.22 k allocations: 544.994 MiB)
5688
  0.759536 seconds (283.88 k allocations: 281.786 MiB)
677
  0.798729 seconds (349.05 k allocations: 343.914 MiB)
6923
  0.897846 seconds (573.89 k allocations: 563.751 MiB)
3175
  0.879144 seconds (528.24 k allocations: 519.854 MiB)
1927
  0.782264 seconds (553.21 k allocations: 544.956 MiB)
8264
  0.886560 seconds (474.17 k allocations: 467.067 MiB)
4427
  0.895089 seconds (480.50 k allocations: 475.328 MiB)
9427
  1.632647 seconds (451.54 k allocations: 443.173 MiB, 14.88% gc time)
  1.479769 seconds (194.97 k allocations: 190.768 MiB, 16.42% gc time)
  1.597070 seconds (362.41 k allocations: 355.682 MiB, 15.21% gc time)
  1.569619 seconds (313.86 k allocations: 308.009 MiB, 15.48% gc time)
  1.522716 seconds (243.72 k allocations: 238.697 MiB, 15.95% gc time)
  1.017881 seconds (116.53 k allocations: 113.774 MiB, 23.87% gc time)
5689
8265
6924
1928
678
3176
  0.767562 seconds (1 allocation: 12.688 KiB)
8266
  0.855108 seconds (408.77 k allocations: 400.699 MiB)
4428
  0.849806 seconds (158.82 k allocations: 157.596 MiB)
679
  0.850673 seconds (160.92 k allocations: 159.370 MiB)
6925
  0.987840 seconds (664.24 k allocations: 651.814 MiB)
9428
  0.953172 seconds (359.28 k allocations: 356.073 MiB)
3177
  0.956550 seconds (367.42 k allocations: 363.583 MiB)
1929
  0.963641 seconds (395.60 k allocations: 390.319 MiB)
5690
  0.778928 seconds (477.99 k allocations: 471.886 MiB)
8267
  0.889606 seconds (553.17 k allocations: 544.854 MiB)
4429
  0.880618 seconds (476.14 k allocations: 470.176 MiB)
680
  0.882068 seconds (477.33 k allocations: 471.151 MiB)
6926
  0.795207 seconds (222.64 k allocations: 222.034 MiB)
1930
  0.871526 seconds (465.83 k allocations: 456.977 MiB)
9429
  0.882522 seconds (473.13 k allocations: 466.175 MiB)
5691
  0.886594 seconds (486.75 k allocations: 480.235 MiB)
3178
  0.881739 seconds (553.28 k allocations: 545.178 MiB)
8268
  1.231433 seconds (530.58 k allocations: 522.182 MiB, 13.14% gc time)
  1.098040 seconds (205.18 k allocations: 200.839 MiB, 14.74% gc time)
  1.032571 seconds (56.39 k allocations: 54.953 MiB, 15.67% gc time)
  1.127318 seconds (259.38 k allocations: 257.437 MiB, 14.36% gc time)
  1.044169 seconds (69.25 k allocations: 68.454 MiB, 15.50% gc time)
  1.123060 seconds (248.89 k allocations: 246.140 MiB, 14.41% gc time)
  1.114949 seconds (233.55 k allocations: 230.483 MiB, 14.52% gc time)
5692
6927
3179
681
4430
9430
1931
  0.777899 seconds (485.45 k allocations: 473.113 MiB)
8269
  0.786766 seconds (92.36 k allocations: 94.259 MiB)
3180
  0.787681 seconds (90.67 k allocations: 93.662 MiB)
682
  0.788866 seconds (92.36 k allocations: 96.291 MiB)
4431
  0.787349 seconds (95.02 k allocations: 97.449 MiB)
6928
  0.892679 seconds (425.19 k allocations: 425.411 MiB)
5693
  0.889986 seconds (403.95 k allocations: 399.923 MiB)
9431
  0.893146 seconds (420.24 k allocations: 415.269 MiB)
1932
  0.763972 seconds (553.22 k allocations: 544.981 MiB)
8270
  0.764859 seconds (321.67 k allocations: 317.837 MiB)
683
  0.765708 seconds (321.40 k allocations: 318.566 MiB)
4432
  0.869311 seconds (480.21 k allocations: 475.181 MiB)
3181
  0.868489 seconds (480.11 k allocations: 473.642 MiB)
6929
  0.870045 seconds (426.51 k allocations: 421.643 MiB)
5694
  0.867530 seconds (407.89 k allocations: 403.620 MiB)
9432
  0.869913 seconds (418.57 k allocations: 413.705 MiB)
1933
  0.777666 seconds (553.24 k allocations: 545.057 MiB)
8271
  0.871051 seconds (478.69 k allocations: 472.820 MiB)
684
  0.880017 seconds (487.40 k allocations: 480.908 MiB)
4433
  0.886294 seconds (401.50 k allocations: 396.432 MiB)
3182
  0.886738 seconds (406.29 k allocations: 400.819 MiB)
6930
  1.513423 seconds (272.14 k allocations: 269.101 MiB, 13.41% gc time)
  1.485952 seconds (220.22 k allocations: 216.947 MiB, 13.66% gc time)
  1.489032 seconds (221.15 k allocations: 219.044 MiB, 13.63% gc time)
  0.979688 seconds (142.22 k allocations: 140.498 MiB, 20.71% gc time)
5695
9433
1934
8272
  0.758218 seconds (374.35 k allocations: 366.817 MiB)
685
  0.784141 seconds (79.02 k allocations: 77.819 MiB)
8273
  0.868528 seconds (336.14 k allocations: 332.204 MiB)
4434
  0.869436 seconds (284.40 k allocations: 283.688 MiB)
  0.861191 seconds (242.79 k allocations: 243.570 MiB)
3183
6931
  0.854621 seconds (220.79 k allocations: 219.899 MiB)
5696
  0.954700 seconds (474.34 k allocations: 468.448 MiB)
9434
  0.975581 seconds (505.00 k allocations: 497.543 MiB)
1935
  0.877519 seconds (553.18 k allocations: 544.873 MiB)
686
  0.776652 seconds (445.64 k allocations: 438.782 MiB)
8274
  0.775680 seconds (359.50 k allocations: 354.070 MiB)
4435
  0.877798 seconds (405.71 k allocations: 400.545 MiB)
6932
  0.771331 seconds (269.76 k allocations: 267.026 MiB)
9435
  0.879894 seconds (408.00 k allocations: 404.740 MiB)
3184
  0.877607 seconds (422.17 k allocations: 418.127 MiB)
5697
  0.880886 seconds (553.23 k allocations: 545.025 MiB)
1936
  0.754823 seconds (462.52 k allocations: 456.212 MiB)
687
  0.868811 seconds (512.52 k allocations: 505.048 MiB)
8275
  0.868927 seconds (503.76 k allocations: 496.419 MiB)
4436
  1.661186 seconds (267.50 k allocations: 263.633 MiB, 9.59% gc time)
  1.662266 seconds (268.81 k allocations: 266.091 MiB, 9.59% gc time)
  1.660408 seconds (266.80 k allocations: 262.938 MiB, 9.60% gc time)
  1.527454 seconds (171.29 k allocations: 168.146 MiB, 10.43% gc time)
  1.641822 seconds (250.44 k allocations: 246.183 MiB, 9.71% gc time)
  1.016131 seconds (93.15 k allocations: 91.990 MiB, 15.68% gc time)
9436
5698
6933
3185
1937
688
  0.776423 seconds (431.41 k allocations: 421.425 MiB)
8276
  0.882456 seconds (82.22 k allocations: 84.573 MiB)
6934
  0.881075 seconds (82.44 k allocations: 82.157 MiB)
  0.885317 seconds (85.05 k allocations: 88.058 MiB)
3186
1938
  0.889665 seconds (117.25 k allocations: 117.488 MiB)
5699
  0.997400 seconds (609.12 k allocations: 601.438 MiB)
4437
  0.989024 seconds (440.49 k allocations: 433.728 MiB)
689
  0.994157 seconds (446.51 k allocations: 441.690 MiB)
9437
  0.776395 seconds (553.23 k allocations: 545.013 MiB)
8277
  0.792547 seconds (172.51 k allocations: 169.757 MiB)
4438
  0.760410 seconds (82.55 k allocations: 83.416 MiB)
690
  0.879599 seconds (360.48 k allocations: 359.517 MiB)
6935
  0.878831 seconds (359.74 k allocations: 357.342 MiB)
  0.879000 seconds (362.52 k allocations: 361.060 MiB)
1939
3187
  0.881028 seconds (409.91 k allocations: 406.207 MiB)
5700
  0.869057 seconds (553.25 k allocations: 545.108 MiB)
9438
  0.768395 seconds (553.25 k allocations: 545.102 MiB)
8278
  0.873832 seconds (262.43 k allocations: 261.686 MiB)
4439
  0.860870 seconds (171.16 k allocations: 171.651 MiB)
6936
  0.862480 seconds (176.54 k allocations: 176.544 MiB)
691
  0.869037 seconds (191.46 k allocations: 193.058 MiB)
3188
  0.871825 seconds (202.97 k allocations: 205.364 MiB)
1940
  0.881926 seconds (252.45 k allocations: 251.233 MiB)
5701
  0.875474 seconds (294.73 k allocations: 291.696 MiB)
9439
  1.049548 seconds (167.66 k allocations: 161.427 MiB, 16.20% gc time)
  1.447071 seconds (342.73 k allocations: 336.473 MiB, 11.75% gc time)
4440
8279
  0.874661 seconds (251.67 k allocations: 249.419 MiB)
3189
  0.890877 seconds (79.03 k allocations: 77.844 MiB)
4441
  0.938700 seconds (165.82 k allocations: 165.550 MiB)
5702
  0.965519 seconds (233.33 k allocations: 232.405 MiB)
692
  0.981814 seconds (299.19 k allocations: 298.849 MiB)
6937
  0.930282 seconds (195.59 k allocations: 193.417 MiB)
8280
  1.063832 seconds (578.93 k allocations: 572.253 MiB)
1941
  1.056558 seconds (542.65 k allocations: 536.055 MiB)
9440
  0.886469 seconds (553.21 k allocations: 544.949 MiB)
3190
  0.772701 seconds (207.10 k allocations: 206.067 MiB)
6938
  0.781287 seconds (232.12 k allocations: 232.250 MiB)
5703
  0.778905 seconds (277.86 k allocations: 273.348 MiB)
8281
  0.880404 seconds (613.92 k allocations: 604.510 MiB)
4442
  0.884126 seconds (540.24 k allocations: 532.531 MiB)
693
  0.881626 seconds (488.08 k allocations: 481.641 MiB)
1942
  0.879441 seconds (485.73 k allocations: 479.160 MiB)
9441
  0.758485 seconds (395.76 k allocations: 391.287 MiB)
3191
  0.772514 seconds (294.76 k allocations: 289.951 MiB)
4443
  0.874056 seconds (456.99 k allocations: 451.818 MiB)
6939
  0.879128 seconds (467.30 k allocations: 461.470 MiB)
5704
  0.761138 seconds (287.12 k allocations: 284.360 MiB)
694
  0.877454 seconds (514.73 k allocations: 506.618 MiB)
8282
  1.731448 seconds (250.33 k allocations: 246.717 MiB, 15.19% gc time)
  1.135339 seconds (171.57 k allocations: 169.125 MiB, 23.16% gc time)
  1.736174 seconds (253.71 k allocations: 251.182 MiB, 15.15% gc time)
9442
3192
1943
  0.880693 seconds (349.38 k allocations: 342.912 MiB)
4444
  0.846091 seconds (145.99 k allocations: 146.837 MiB)
695
  0.872749 seconds (155.13 k allocations: 155.358 MiB)
8283
  0.890029 seconds (187.04 k allocations: 185.642 MiB)
3193
  0.967105 seconds (450.96 k allocations: 445.366 MiB)
6940
  0.960872 seconds (373.63 k allocations: 368.662 MiB)
1944
  0.990582 seconds (469.81 k allocations: 465.416 MiB)
5705
  0.967201 seconds (406.59 k allocations: 401.023 MiB)
9443
  0.782962 seconds (321.68 k allocations: 317.002 MiB)
8284
  0.881513 seconds (527.00 k allocations: 519.914 MiB)
4445
  0.876571 seconds (538.61 k allocations: 530.221 MiB)
696
  0.779235 seconds (200.36 k allocations: 198.780 MiB)
5706
  0.874222 seconds (493.95 k allocations: 487.437 MiB)
3194
  0.869610 seconds (455.89 k allocations: 447.784 MiB)
6941
  0.867128 seconds (444.41 k allocations: 438.997 MiB)
1945
  0.871455 seconds (479.20 k allocations: 472.066 MiB)
9444
  0.766925 seconds (494.32 k allocations: 486.591 MiB)
8285
  1.168208 seconds (504.26 k allocations: 495.876 MiB, 11.44% gc time)
  1.080944 seconds (260.38 k allocations: 256.054 MiB, 12.37% gc time)
  1.090862 seconds (295.37 k allocations: 291.751 MiB, 12.25% gc time)
  1.069369 seconds (221.33 k allocations: 217.499 MiB, 12.50% gc time)  1.010747 seconds (77.45 k allocations: 76.336 MiB, 13.22% gc time)
  0.998470 seconds (63.79 k allocations: 62.138 MiB, 13.39% gc time)

  1.057897 seconds (185.78 k allocations: 181.309 MiB, 12.64% gc time)
9445
4446
3195
697
5707
6942
1946
  0.778021 seconds (502.14 k allocations: 489.110 MiB)
8286
  0.787234 seconds (81.93 k allocations: 83.102 MiB)
698
  0.791179 seconds (88.77 k allocations: 88.193 MiB)
5708
  0.882829 seconds (239.16 k allocations: 238.026 MiB)
6943
  0.890305 seconds (250.49 k allocations: 252.277 MiB)
9446
  0.891871 seconds (253.02 k allocations: 251.991 MiB)
1947
  0.895625 seconds (270.97 k allocations: 268.927 MiB)
4447
  0.904466 seconds (306.34 k allocations: 303.772 MiB)
3196
  0.775637 seconds (553.17 k allocations: 544.854 MiB)
8287
  0.879779 seconds (481.29 k allocations: 475.056 MiB)
699
  0.761344 seconds (83.40 k allocations: 83.000 MiB)
3197
  0.883117 seconds (487.60 k allocations: 482.185 MiB)
5709
  0.872827 seconds (312.30 k allocations: 308.059 MiB)
6944
  0.885772 seconds (348.41 k allocations: 344.840 MiB)
9447
  0.881831 seconds (328.82 k allocations: 324.676 MiB)
1948
  0.886340 seconds (347.08 k allocations: 344.339 MiB)
4448
  0.777047 seconds (553.35 k allocations: 545.413 MiB)
8288
  0.768388 seconds (91.56 k allocations: 91.061 MiB)
1949
  0.869152 seconds (425.14 k allocations: 418.442 MiB)
3198
  0.869363 seconds (413.00 k allocations: 405.513 MiB)
5710
  0.875314 seconds (339.71 k allocations: 335.158 MiB)
700
  1.481111 seconds (218.98 k allocations: 219.365 MiB, 13.58% gc time)
  1.475336 seconds (200.78 k allocations: 200.739 MiB, 13.64% gc time)
  1.459783 seconds (185.09 k allocations: 183.321 MiB, 13.78% gc time)
  0.957107 seconds (106.68 k allocations: 106.356 MiB, 21.02% gc time)
9448
4449
6945
8289
  0.779608 seconds (113.58 k allocations: 114.830 MiB)
4450
  0.788371 seconds (53.77 k allocations: 53.700 MiB)
8290
  0.884085 seconds (487.69 k allocations: 477.230 MiB)
1950
  0.856932 seconds (249.26 k allocations: 247.600 MiB)
5711
  0.867660 seconds (283.87 k allocations: 279.276 MiB)
6946
  0.978416 seconds (504.41 k allocations: 499.862 MiB)
3199
  0.963258 seconds (415.96 k allocations: 413.778 MiB)
701
  0.967606 seconds (428.64 k allocations: 424.463 MiB)
9449
  0.881163 seconds (512.43 k allocations: 503.896 MiB)
4451
  0.880655 seconds (431.27 k allocations: 425.052 MiB)
8291
  0.889345 seconds (448.60 k allocations: 441.393 MiB)
1951
  0.882580 seconds (434.32 k allocations: 427.733 MiB)
5712
  0.880783 seconds (511.09 k allocations: 500.923 MiB)
6947
  0.878823 seconds (426.44 k allocations: 421.613 MiB)
3200
  0.873774 seconds (409.42 k allocations: 405.068 MiB)
702
  0.879466 seconds (440.11 k allocations: 434.217 MiB)
9450
  0.881802 seconds (528.94 k allocations: 519.654 MiB)
4452
  0.880138 seconds (386.93 k allocations: 380.337 MiB)
8292
  1.199511 seconds (338.64 k allocations: 333.916 MiB, 16.53% gc time)
  1.223104 seconds (399.95 k allocations: 395.040 MiB, 16.22% gc time)
  1.164204 seconds (294.21 k allocations: 290.165 MiB, 17.04% gc time)
  1.088291 seconds (82.43 k allocations: 82.094 MiB, 18.22% gc time)
  1.068143 seconds (57.34 k allocations: 56.866 MiB, 18.57% gc time)
  1.087349 seconds (81.53 k allocations: 81.539 MiB, 18.24% gc time)
5713
703
9451
3201
6948
1952
  0.767101 seconds (468.44 k allocations: 456.832 MiB)
4453
  0.769671 seconds (86.67 k allocations: 86.410 MiB)
  0.776938 seconds (102.27 k allocations: 108.397 MiB)
6949
8293
  0.780517 seconds (108.41 k allocations: 109.179 MiB)
704
  0.880611 seconds (324.94 k allocations: 321.055 MiB)
9452
  0.884002 seconds (327.62 k allocations: 325.840 MiB)
  0.883761 seconds (327.15 k allocations: 324.540 MiB)
5714
3202
  1.009231 seconds (553.34 k allocations: 545.381 MiB)
1953
  0.777572 seconds (328.20 k allocations: 325.720 MiB)
8294
  0.779197 seconds (330.18 k allocations: 326.178 MiB)
705
  0.887377 seconds (599.85 k allocations: 591.868 MiB)
4454
  0.879589 seconds (559.78 k allocations: 552.761 MiB)
6950
  0.881579 seconds (399.61 k allocations: 394.701 MiB)
3203
  0.885538 seconds (402.63 k allocations: 398.548 MiB)
5715
  0.882476 seconds (402.11 k allocations: 397.844 MiB)
9453
  0.884255 seconds (553.18 k allocations: 544.860 MiB)
1954
  0.886810 seconds (454.13 k allocations: 448.073 MiB)
8295
  0.884791 seconds (432.28 k allocations: 427.277 MiB)
706
  0.885576 seconds (439.08 k allocations: 433.543 MiB)
4455
  1.211296 seconds (165.35 k allocations: 166.200 MiB, 23.80% gc time)
  1.332760 seconds (388.97 k allocations: 384.386 MiB, 21.63% gc time)
  1.199933 seconds (152.04 k allocations: 150.985 MiB, 24.02% gc time)
  1.206772 seconds (157.69 k allocations: 157.615 MiB, 23.89% gc time)
  1.066385 seconds (73.34 k allocations: 73.551 MiB, 27.03% gc time)
9454
5716
6951
3204
1955
  0.762143 seconds (447.59 k allocations: 436.900 MiB)
8296
  0.767930 seconds (187.48 k allocations: 188.948 MiB)
6952
  0.867483 seconds (160.94 k allocations: 159.638 MiB)
9455
  0.876416 seconds (171.32 k allocations: 170.588 MiB)
3205
  0.878156 seconds (178.90 k allocations: 178.830 MiB)
5717
  0.882216 seconds (208.01 k allocations: 206.441 MiB)
1956
  0.943641 seconds (486.04 k allocations: 479.626 MiB)
707
  0.954023 seconds (510.34 k allocations: 506.293 MiB)
4456
  0.763129 seconds (553.16 k allocations: 544.822 MiB)
8297
  0.871524 seconds (553.17 k allocations: 544.848 MiB)
6953
  0.774345 seconds (158.06 k allocations: 155.701 MiB)
4457
  0.872004 seconds (373.90 k allocations: 370.346 MiB)
9456
  0.869136 seconds (347.16 k allocations: 343.332 MiB)
  0.874599 seconds (366.26 k allocations: 363.412 MiB)
5718
3206
  0.880076 seconds (415.62 k allocations: 409.610 MiB)
1957
  0.869992 seconds (506.53 k allocations: 496.660 MiB)
708
  0.777239 seconds (553.21 k allocations: 544.975 MiB)
8298
  0.872990 seconds (553.22 k allocations: 544.981 MiB)
6954
  0.791471 seconds (202.19 k allocations: 199.150 MiB)
3207
  1.579854 seconds (272.19 k allocations: 269.577 MiB, 9.65% gc time)
  1.586366 seconds (307.97 k allocations: 306.013 MiB, 9.61% gc time)
  1.572957 seconds (238.44 k allocations: 236.028 MiB, 9.69% gc time)
  1.553345 seconds (184.92 k allocations: 182.383 MiB, 9.82% gc time)
  1.520632 seconds (143.81 k allocations: 142.037 MiB, 10.03% gc time)
  1.033896 seconds (65.51 k allocations: 65.649 MiB, 14.75% gc time)
9457
5719
709
4458
8299
1958
  0.778800 seconds (2 allocations: 12.766 KiB)
8300
  0.886804 seconds (492.18 k allocations: 480.582 MiB)
6955
  0.843027 seconds (124.90 k allocations: 122.737 MiB)
4459
  0.858656 seconds (167.68 k allocations: 164.676 MiB)
9458
  0.860310 seconds (173.73 k allocations: 171.532 MiB)
5720
  0.866589 seconds (196.74 k allocations: 194.535 MiB)
710
  0.971592 seconds (474.19 k allocations: 467.149 MiB)
1959
  0.986458 seconds (516.37 k allocations: 516.172 MiB)
3208
  0.766154 seconds (508.06 k allocations: 501.085 MiB)
8301
  0.754639 seconds (433.66 k allocations: 425.637 MiB)
6956
  0.770859 seconds (319.64 k allocations: 316.288 MiB)
5721
  0.873347 seconds (464.85 k allocations: 459.936 MiB)
4460
  0.865399 seconds (414.40 k allocations: 408.961 MiB)
711
  0.872640 seconds (420.76 k allocations: 417.249 MiB)
9459
  0.772183 seconds (321.80 k allocations: 317.591 MiB)
3209
  0.864069 seconds (548.13 k allocations: 540.396 MiB)
1960
  0.881408 seconds (482.04 k allocations: 476.158 MiB)
8302
  0.879253 seconds (478.65 k allocations: 472.674 MiB)
6957
  1.445881 seconds (265.45 k allocations: 261.900 MiB, 35.08% gc time)
  1.550768 seconds (507.78 k allocations: 499.299 MiB, 32.71% gc time)
  1.431178 seconds (230.85 k allocations: 227.637 MiB, 35.44% gc time)
  1.349094 seconds (112.70 k allocations: 109.869 MiB, 37.59% gc time)
  1.424495 seconds (219.77 k allocations: 215.883 MiB, 35.60% gc time)
  1.390913 seconds (168.29 k allocations: 164.863 MiB, 36.46% gc time)
5722
1961
4461
3210
9460
712
  0.776576 seconds (413.49 k allocations: 404.261 MiB)
8303
  0.841256 seconds (86.18 k allocations: 87.122 MiB)
713
  0.861575 seconds (112.05 k allocations: 110.430 MiB)
9461
  0.864504 seconds (120.39 k allocations: 119.374 MiB)
4462
  0.997142 seconds (638.05 k allocations: 625.509 MiB)
6958
  0.962024 seconds (351.10 k allocations: 348.239 MiB)
1962
  0.965264 seconds (359.61 k allocations: 357.373 MiB)
3211
  0.977506 seconds (402.80 k allocations: 399.678 MiB)
5723
  0.775916 seconds (553.16 k allocations: 544.797 MiB)
8304
  0.873716 seconds (457.24 k allocations: 451.075 MiB)
714
  0.875209 seconds (431.14 k allocations: 424.916 MiB)
4463
  0.873270 seconds (438.91 k allocations: 432.068 MiB)
9462
  0.877326 seconds (437.89 k allocations: 431.578 MiB)
6959
  0.871705 seconds (366.94 k allocations: 363.430 MiB)
1963
  0.869736 seconds (363.49 k allocations: 359.869 MiB)
3212
  0.879725 seconds (406.70 k allocations: 400.994 MiB)
5724
  0.768214 seconds (553.15 k allocations: 544.791 MiB)
8305
  0.870315 seconds (476.50 k allocations: 469.453 MiB)
715
  0.870978 seconds (427.12 k allocations: 420.719 MiB)
9463
  0.879873 seconds (433.49 k allocations: 427.847 MiB)
4464
  0.873669 seconds (291.03 k allocations: 287.373 MiB)
6960
  1.515998 seconds (251.32 k allocations: 249.133 MiB, 12.48% gc time)
  1.502901 seconds (221.55 k allocations: 219.388 MiB, 12.59% gc time)
  1.494792 seconds (213.50 k allocations: 210.484 MiB, 12.66% gc time)
  1.069324 seconds (135.39 k allocations: 134.000 MiB, 17.70% gc time)
1964
3213
5725
8306
  0.792164 seconds (391.50 k allocations: 383.220 MiB)
716
  0.784124 seconds (79.19 k allocations: 79.216 MiB)
8307
  0.851589 seconds (159.91 k allocations: 158.703 MiB)
3214
  0.854312 seconds (161.66 k allocations: 161.363 MiB)
5726
  0.964575 seconds (434.05 k allocations: 430.366 MiB)
9464
  0.967234 seconds (437.51 k allocations: 434.593 MiB)
4465
  0.963194 seconds (411.34 k allocations: 409.353 MiB)
6961
  0.965994 seconds (435.62 k allocations: 428.671 MiB)
1965
  0.775374 seconds (474.15 k allocations: 467.010 MiB)
8308
  0.878970 seconds (593.49 k allocations: 584.456 MiB)
717
  0.756186 seconds (195.13 k allocations: 192.407 MiB)
6962
  0.877487 seconds (519.53 k allocations: 511.437 MiB)
3215
  0.881895 seconds (526.47 k allocations: 519.091 MiB)
5727
  0.876919 seconds (441.71 k allocations: 436.241 MiB)
  0.879492 seconds (444.86 k allocations: 440.160 MiB)
9465
4466
  0.877127 seconds (489.12 k allocations: 481.115 MiB)
1966
  0.874952 seconds (516.90 k allocations: 509.132 MiB)
8309
  0.855884 seconds (489.73 k allocations: 482.909 MiB)
718
  1.151547 seconds (437.21 k allocations: 429.456 MiB, 13.90% gc time)
  1.113367 seconds (347.03 k allocations: 340.693 MiB, 14.38% gc time)
  1.113756 seconds (347.08 k allocations: 340.743 MiB, 14.37% gc time)
  1.001576 seconds (110.24 k allocations: 107.473 MiB, 15.98% gc time)
  1.037614 seconds (157.57 k allocations: 154.004 MiB, 15.42% gc time)
  1.037315 seconds (157.33 k allocations: 153.969 MiB, 15.43% gc time)
5728
9466
1967
3216
4467
6963
  0.779172 seconds (403.93 k allocations: 395.104 MiB)
8310
  0.790121 seconds (371.91 k allocations: 364.219 MiB)
719
  0.789314 seconds (169.99 k allocations: 169.560 MiB)
  0.785820 seconds (165.02 k allocations: 162.514 MiB)
  0.787510 seconds (167.23 k allocations: 167.625 MiB)
5729
3217
4468
  0.782182 seconds (172.16 k allocations: 172.201 MiB)
6964
  0.885460 seconds (507.13 k allocations: 504.759 MiB)
9467
  0.893827 seconds (500.97 k allocations: 494.958 MiB)
1968
  0.776635 seconds (504.37 k allocations: 497.278 MiB)
8311
  0.881613 seconds (551.39 k allocations: 540.357 MiB)
720
  0.881079 seconds (338.20 k allocations: 335.068 MiB)
4469
  0.880329 seconds (336.77 k allocations: 333.444 MiB)
  0.883213 seconds (340.68 k allocations: 338.826 MiB)
3218
5730
  0.872203 seconds (372.80 k allocations: 367.742 MiB)
6965
  0.879905 seconds (465.14 k allocations: 458.456 MiB)
9468
  0.882137 seconds (481.88 k allocations: 474.241 MiB)
1969
  0.776106 seconds (553.21 k allocations: 544.962 MiB)
8312
  0.757378 seconds (553.18 k allocations: 544.886 MiB)
721
  0.881912 seconds (363.35 k allocations: 360.251 MiB)
  0.879498 seconds (359.78 k allocations: 355.344 MiB)
4470
  0.880884 seconds (361.38 k allocations: 357.875 MiB)
3219
5731
  0.872296 seconds (339.79 k allocations: 335.027 MiB)
6966
  0.870131 seconds (300.44 k allocations: 297.125 MiB)
9469
  0.879650 seconds (316.70 k allocations: 312.421 MiB)
1970
  1.167500 seconds (305.94 k allocations: 301.269 MiB, 14.46% gc time)
  1.033138 seconds (227.34 k allocations: 223.776 MiB, 16.34% gc time)
8313
722
  0.774612 seconds (25.24 k allocations: 27.844 MiB)
723
  0.795221 seconds (45.86 k allocations: 46.100 MiB)
8314
  0.882999 seconds (386.31 k allocations: 380.227 MiB)
5732
  0.995485 seconds (408.79 k allocations: 405.223 MiB)
4471
  0.985527 seconds (328.08 k allocations: 326.546 MiB)
9470
  1.002593 seconds (390.46 k allocations: 388.441 MiB)
3220
  0.976630 seconds (294.71 k allocations: 292.912 MiB)
6967
  0.976107 seconds (353.99 k allocations: 349.376 MiB)
1971
  0.775958 seconds (493.53 k allocations: 485.778 MiB)
724
  0.776407 seconds (455.54 k allocations: 449.176 MiB)
8315
  0.883188 seconds (553.15 k allocations: 544.778 MiB)
5733
  0.872584 seconds (294.42 k allocations: 292.019 MiB)
9471
  0.880967 seconds (324.98 k allocations: 323.498 MiB)
4472
  0.869559 seconds (274.55 k allocations: 272.540 MiB)
6968
  0.882138 seconds (314.79 k allocations: 313.240 MiB)
3221
  0.884380 seconds (397.82 k allocations: 391.224 MiB)
1972
  0.874928 seconds (506.13 k allocations: 498.829 MiB)
725
  0.882076 seconds (506.97 k allocations: 499.389 MiB)
8316
  1.204825 seconds (477.30 k allocations: 469.763 MiB, 11.80% gc time)
  1.065947 seconds (174.99 k allocations: 174.325 MiB, 13.34% gc time)
  1.059618 seconds (145.40 k allocations: 144.785 MiB, 13.42% gc time)
  1.045928 seconds (107.14 k allocations: 105.700 MiB, 13.59% gc time)
  1.054195 seconds (126.70 k allocations: 125.670 MiB, 13.49% gc time)
  1.025159 seconds (82.57 k allocations: 81.018 MiB, 13.87% gc time)
9472
5734
3222
1973
6969
4473
  0.757554 seconds (451.75 k allocations: 440.872 MiB)
726
  0.797008 seconds (231.12 k allocations: 230.714 MiB)
8317
  0.780162 seconds (91.55 k allocations: 93.247 MiB)
6970
  0.885154 seconds (237.07 k allocations: 233.489 MiB)
4474
  0.892690 seconds (244.87 k allocations: 241.948 MiB)
3223
  0.892000 seconds (247.39 k allocations: 245.344 MiB)
9473
  0.893485 seconds (250.94 k allocations: 249.729 MiB)
5735
  0.896058 seconds (259.53 k allocations: 258.960 MiB)
1974
  0.777163 seconds (407.03 k allocations: 401.833 MiB)
8318
  0.882659 seconds (567.16 k allocations: 559.229 MiB)
727
  0.897498 seconds (553.18 k allocations: 544.879 MiB)
6971
  0.880022 seconds (237.07 k allocations: 233.489 MiB)
9474
  0.881522 seconds (237.73 k allocations: 235.109 MiB)
  0.887936 seconds (256.23 k allocations: 257.827 MiB)
5736
4475
  0.890932 seconds (269.79 k allocations: 267.784 MiB)
1975
  0.904507 seconds (311.21 k allocations: 312.058 MiB)
3224
  0.779928 seconds (498.08 k allocations: 491.154 MiB)
8319
  0.757545 seconds (474.15 k allocations: 467.035 MiB)
6972
  0.877332 seconds (563.24 k allocations: 555.474 MiB)
728
  1.789509 seconds (226.19 k allocations: 223.116 MiB, 18.60% gc time)
  1.788324 seconds (223.67 k allocations: 220.695 MiB, 18.61% gc time)
  1.786206 seconds (221.26 k allocations: 217.158 MiB, 18.63% gc time)
  1.765786 seconds (200.91 k allocations: 196.433 MiB, 18.85% gc time)
  1.788236 seconds (223.75 k allocations: 219.609 MiB, 18.61% gc time)
  1.192379 seconds (122.76 k allocations: 120.329 MiB, 27.91% gc time)
3225
5737
9475
1976
4476
8320
  0.868351 seconds (398.33 k allocations: 388.534 MiB)
6973
  0.905616 seconds (429.77 k allocations: 419.683 MiB)
729
  0.878778 seconds (146.31 k allocations: 148.262 MiB)
8321
  0.908207 seconds (207.39 k allocations: 204.037 MiB)
1977
  0.985308 seconds (322.52 k allocations: 320.119 MiB)
3226
  0.997800 seconds (335.34 k allocations: 333.383 MiB)
  0.994388 seconds (333.06 k allocations: 329.268 MiB)
  0.998095 seconds (335.95 k allocations: 335.074 MiB)
9476
4477
5738
  0.782585 seconds (366.31 k allocations: 360.590 MiB)
8322
  0.889385 seconds (548.76 k allocations: 540.628 MiB)
6974
  0.885888 seconds (562.74 k allocations: 552.759 MiB)
730
  0.786277 seconds (249.39 k allocations: 247.716 MiB)
5739
  0.783634 seconds (240.56 k allocations: 239.042 MiB)
9477
  0.945963 seconds (711.21 k allocations: 700.467 MiB)
1978
  0.898926 seconds (451.41 k allocations: 447.690 MiB)
3227
  0.893498 seconds (426.85 k allocations: 421.511 MiB)
4478
  0.783761 seconds (494.09 k allocations: 486.358 MiB)
8323
  0.778400 seconds (454.12 k allocations: 447.851 MiB)
6975
  1.307237 seconds (337.09 k allocations: 330.818 MiB, 20.69% gc time)
  1.308445 seconds (337.32 k allocations: 331.341 MiB, 20.67% gc time)
  1.385929 seconds (495.42 k allocations: 487.155 MiB, 19.51% gc time)
  1.163364 seconds (130.90 k allocations: 129.687 MiB, 23.25% gc time)
  1.145094 seconds (100.46 k allocations: 98.083 MiB, 23.62% gc time)
  1.150766 seconds (105.99 k allocations: 104.611 MiB, 23.50% gc time)
5740
9478
4479
3228
1979
731
  0.779120 seconds (425.72 k allocations: 415.953 MiB)
8324
  0.769537 seconds (80.46 k allocations: 80.444 MiB)
1980
  0.785317 seconds (97.56 k allocations: 97.895 MiB)
5741
  0.868955 seconds (447.63 k allocations: 440.002 MiB)
6976
  0.852753 seconds (276.61 k allocations: 272.456 MiB)
732
  0.869145 seconds (308.56 k allocations: 305.246 MiB)
3229
  0.886646 seconds (369.67 k allocations: 365.918 MiB)
  0.885986 seconds (370.75 k allocations: 366.660 MiB)
4480
9479
  0.775635 seconds (553.22 k allocations: 544.987 MiB)
8325
  0.791319 seconds (326.03 k allocations: 319.109 MiB)
6977
  0.776792 seconds (190.88 k allocations: 189.537 MiB)
733
  0.883777 seconds (545.86 k allocations: 537.839 MiB)
1981
  0.882803 seconds (555.52 k allocations: 546.847 MiB)
5742
  0.887626 seconds (450.27 k allocations: 444.452 MiB)
3230
  0.881750 seconds (420.31 k allocations: 415.605 MiB)
4481
  0.886831 seconds (441.51 k allocations: 435.703 MiB)
9480
  0.777624 seconds (553.26 k allocations: 545.127 MiB)
8326
  0.778145 seconds (338.68 k allocations: 335.654 MiB)
1982
  1.760072 seconds (520.01 k allocations: 511.387 MiB, 10.88% gc time)
  1.711718 seconds (374.67 k allocations: 369.848 MiB, 11.18% gc time)
  1.608249 seconds (161.41 k allocations: 160.235 MiB, 11.90% gc time)
  1.708416 seconds (372.53 k allocations: 366.558 MiB, 11.20% gc time)
  1.600204 seconds (143.30 k allocations: 141.748 MiB, 11.96% gc time)
  1.592311 seconds (135.84 k allocations: 133.512 MiB, 12.02% gc time)
  1.071948 seconds (57.45 k allocations: 57.155 MiB, 17.86% gc time)
6978
9481
3231
734
5743
4482
8327
  0.788636 seconds (1 allocation: 12.688 KiB)
8328
  0.887421 seconds (482.96 k allocations: 471.731 MiB)
1983
  0.863178 seconds (169.52 k allocations: 171.562 MiB)
735
  0.863803 seconds (168.78 k allocations: 170.640 MiB)
6979
  0.899633 seconds (270.37 k allocations: 265.153 MiB)
9482
  0.902098 seconds (279.40 k allocations: 274.846 MiB)
4483
  0.965026 seconds (461.07 k allocations: 457.012 MiB)
3232
  1.024500 seconds (553.20 k allocations: 544.949 MiB)
5744
  0.760941 seconds (489.36 k allocations: 482.860 MiB)
8329
  0.872439 seconds (534.77 k allocations: 525.281 MiB)
1984
  0.870945 seconds (427.44 k allocations: 420.360 MiB)
736
  0.870399 seconds (424.42 k allocations: 417.202 MiB)
6980
  0.890016 seconds (432.61 k allocations: 426.270 MiB)
9483
  0.891850 seconds (434.44 k allocations: 427.755 MiB)
4484
  0.881534 seconds (475.73 k allocations: 467.021 MiB)
3233
  0.880373 seconds (553.15 k allocations: 544.778 MiB)
5745
  0.891641 seconds (553.16 k allocations: 544.822 MiB)
8330
  1.447915 seconds (508.50 k allocations: 498.864 MiB, 22.79% gc time)
  1.389078 seconds (403.37 k allocations: 397.042 MiB, 23.75% gc time)
  1.314244 seconds (178.02 k allocations: 174.785 MiB, 25.11% gc time)
  1.315898 seconds (181.45 k allocations: 179.318 MiB, 25.08% gc time)
  1.313300 seconds (176.89 k allocations: 173.763 MiB, 25.13% gc time)
  1.273889 seconds (135.56 k allocations: 132.472 MiB, 25.90% gc time)
  1.212961 seconds (57.01 k allocations: 55.853 MiB, 27.20% gc time)
1985
737
6981
3234
4485
9484
5746
  0.777637 seconds (468.59 k allocations: 456.992 MiB)
8331
  0.784360 seconds (88.49 k allocations: 89.344 MiB)
9485
  0.783784 seconds (84.89 k allocations: 84.405 MiB)
3235
  0.870142 seconds (241.56 k allocations: 239.016 MiB)
1986
  0.876200 seconds (255.19 k allocations: 251.823 MiB)
6982
  0.891986 seconds (282.93 k allocations: 281.806 MiB)
4486
  0.894030 seconds (291.63 k allocations: 291.111 MiB)
5747
  0.976223 seconds (566.56 k allocations: 560.147 MiB)
738
  0.758901 seconds (553.21 k allocations: 544.949 MiB)
8332
  0.758227 seconds (158.07 k allocations: 155.746 MiB)
  0.848901 seconds (487.57 k allocations: 482.124 MiB)
5748
3236
  0.856566 seconds (511.89 k allocations: 504.201 MiB)
9486
  0.735042 seconds (269.35 k allocations: 262.938 MiB)
739
  0.852766 seconds (469.96 k allocations: 464.538 MiB)
1987
  0.860337 seconds (471.35 k allocations: 464.374 MiB)
4487
  0.867735 seconds (487.18 k allocations: 482.973 MiB)
6983
  0.774148 seconds (553.30 k allocations: 545.260 MiB)
8333
  0.761173 seconds (169.90 k allocations: 168.492 MiB)
1988
  0.755942 seconds (120.68 k allocations: 119.925 MiB)
6984
  0.878873 seconds (464.43 k allocations: 457.743 MiB)
3237
  0.881993 seconds (467.30 k allocations: 461.480 MiB)
5749
  0.884916 seconds (437.75 k allocations: 432.006 MiB)
9487
  0.876052 seconds (277.03 k allocations: 274.678 MiB)
  1.564538 seconds (259.17 k allocations: 256.481 MiB, 11.17% gc time)
  1.056618 seconds (180.80 k allocations: 179.241 MiB, 16.54% gc time)
740
8334
4488
  0.786237 seconds (10.71 k allocations: 11.488 MiB)
8335
  0.887941 seconds (370.68 k allocations: 364.310 MiB)
1989
  0.871563 seconds (225.25 k allocations: 223.673 MiB)
9488
  0.872530 seconds (226.14 k allocations: 224.290 MiB)
3238
  0.871619 seconds (226.60 k allocations: 225.674 MiB)
5750
  0.892090 seconds (308.28 k allocations: 307.310 MiB)
6985
  0.860786 seconds (237.06 k allocations: 235.243 MiB)
4489
  0.879032 seconds (427.13 k allocations: 418.136 MiB)
741
  0.759909 seconds (172.89 k allocations: 171.588 MiB)
9489
  0.762100 seconds (75.48 k allocations: 74.436 MiB)
4490
  0.870992 seconds (599.05 k allocations: 589.020 MiB)
8336
  0.780826 seconds (149.91 k allocations: 147.703 MiB)
742
  0.870260 seconds (509.72 k allocations: 501.340 MiB)
1990
  0.864511 seconds (400.49 k allocations: 394.371 MiB)
  0.870084 seconds (427.05 k allocations: 421.987 MiB)
5751
3239
  0.868425 seconds (424.43 k allocations: 419.552 MiB)
6986
  0.766105 seconds (284.05 k allocations: 278.959 MiB)
8337
  0.866394 seconds (548.27 k allocations: 540.138 MiB)
9490
  1.167990 seconds (483.41 k allocations: 475.188 MiB, 17.04% gc time)
  1.117273 seconds (243.84 k allocations: 240.192 MiB, 17.81% gc time)
  1.079837 seconds (96.51 k allocations: 96.772 MiB, 18.43% gc time)
  1.110252 seconds (210.44 k allocations: 207.029 MiB, 17.93% gc time)
  1.075321 seconds (88.07 k allocations: 86.261 MiB, 18.51% gc time)
  1.074435 seconds (88.25 k allocations: 86.513 MiB, 18.52% gc time)
4491
5752
3240
743
1991
6987
  0.778800 seconds (422.85 k allocations: 413.241 MiB)
8338
  0.781892 seconds (79.02 k allocations: 77.832 MiB)
6988
  0.898785 seconds (384.70 k allocations: 378.682 MiB)
9491
  0.891401 seconds (213.99 k allocations: 216.328 MiB)
744
  0.891338 seconds (209.85 k allocations: 208.453 MiB)
1992
  0.895859 seconds (219.81 k allocations: 221.430 MiB)
3241
  0.897196 seconds (236.37 k allocations: 235.881 MiB)
5753
  0.899782 seconds (247.59 k allocations: 248.016 MiB)
4492
  0.776935 seconds (553.41 k allocations: 545.590 MiB)
8339
  0.784792 seconds (133.77 k allocations: 135.113 MiB)
1993
  0.883900 seconds (556.30 k allocations: 548.342 MiB)
6989
  0.803978 seconds (140.50 k allocations: 141.109 MiB)
3242
  0.879501 seconds (459.15 k allocations: 450.699 MiB)
9492
  0.876801 seconds (367.69 k allocations: 362.932 MiB)
745
  0.875821 seconds (369.58 k allocations: 364.552 MiB)
4493
  0.890093 seconds (429.00 k allocations: 422.394 MiB)
5754
  0.779674 seconds (553.19 k allocations: 544.899 MiB)
8340
  0.879806 seconds (411.81 k allocations: 406.638 MiB)
1994
  0.871072 seconds (369.87 k allocations: 366.258 MiB)
6990
  0.875825 seconds (367.30 k allocations: 361.535 MiB)
3243
  0.869226 seconds (328.87 k allocations: 323.543 MiB)
9493
  1.630543 seconds (263.85 k allocations: 261.094 MiB, 16.05% gc time)
  1.600727 seconds (225.00 k allocations: 222.714 MiB, 16.35% gc time)
  1.594313 seconds (221.76 k allocations: 218.361 MiB, 16.41% gc time)
  1.147347 seconds (143.11 k allocations: 140.897 MiB, 22.81% gc time)
5755
4494
746
8341
  0.796323 seconds (366.98 k allocations: 359.749 MiB)
1995
  0.777122 seconds (103.57 k allocations: 103.780 MiB)
8342
  0.879859 seconds (257.05 k allocations: 255.368 MiB)
4495
  0.895383 seconds (233.81 k allocations: 231.668 MiB)
9494
  0.975845 seconds (405.65 k allocations: 400.780 MiB)
3244
  0.991053 seconds (461.63 k allocations: 457.769 MiB)
6991
  0.978636 seconds (412.17 k allocations: 406.522 MiB)
747
  0.981544 seconds (449.02 k allocations: 441.543 MiB)
5756
  0.779796 seconds (533.37 k allocations: 524.888 MiB)
1996
  0.777009 seconds (529.30 k allocations: 520.816 MiB)
8343
  0.778605 seconds (525.27 k allocations: 517.172 MiB)
4496
  0.775372 seconds (512.68 k allocations: 502.907 MiB)
9495
  0.882708 seconds (434.74 k allocations: 428.588 MiB)
3245
  0.880182 seconds (416.96 k allocations: 411.348 MiB)
6992
  0.887348 seconds (439.93 k allocations: 433.084 MiB)
748
  0.888146 seconds (464.06 k allocations: 455.953 MiB)
5757
  0.884093 seconds (528.01 k allocations: 519.789 MiB)
1997
  0.874931 seconds (528.74 k allocations: 520.249 MiB)
8344
  1.820922 seconds (502.68 k allocations: 494.372 MiB, 13.41% gc time)
  1.780441 seconds (451.38 k allocations: 444.071 MiB, 13.72% gc time)
  1.562726 seconds (135.69 k allocations: 133.318 MiB, 15.63% gc time)
  1.619971 seconds (281.24 k allocations: 276.192 MiB, 15.08% gc time)
  1.614196 seconds (260.33 k allocations: 255.015 MiB, 15.13% gc time)
  1.570594 seconds (143.82 k allocations: 142.321 MiB, 15.55% gc time)
  1.008801 seconds (38.31 k allocations: 36.892 MiB, 24.21% gc time)
1998
9496
4497
5758
749
3246
6993
  0.780658 seconds (462.15 k allocations: 450.839 MiB)
8345
  0.868685 seconds (90.04 k allocations: 93.297 MiB)
4498
  0.868577 seconds (84.99 k allocations: 85.837 MiB)
9497
  0.870680 seconds (93.30 k allocations: 94.791 MiB)
6994
  0.879495 seconds (115.27 k allocations: 120.468 MiB)
750
  0.894514 seconds (233.02 k allocations: 229.223 MiB)
1999
  0.968174 seconds (444.31 k allocations: 441.000 MiB)
3247
  0.977776 seconds (481.77 k allocations: 474.171 MiB)
5759
  0.776919 seconds (553.21 k allocations: 544.949 MiB)
8346
  0.779786 seconds (212.78 k allocations: 209.531 MiB)
2000
  0.880993 seconds (427.66 k allocations: 421.854 MiB)
4499
  0.879004 seconds (410.21 k allocations: 404.887 MiB)
9498
  0.879415 seconds (407.27 k allocations: 403.101 MiB)
6995
  0.880747 seconds (429.61 k allocations: 421.033 MiB)
751
  0.878763 seconds (398.56 k allocations: 392.296 MiB)
3248
  0.877431 seconds (389.35 k allocations: 384.491 MiB)
5760
  0.779911 seconds (553.20 k allocations: 544.924 MiB)
8347
  0.883759 seconds (521.58 k allocations: 512.585 MiB)
2001
  0.885110 seconds (430.68 k allocations: 423.543 MiB)
4500
  1.502277 seconds (215.61 k allocations: 213.010 MiB, 15.70% gc time)
  1.535892 seconds (247.49 k allocations: 244.749 MiB, 15.36% gc time)
  1.622254 seconds (405.43 k allocations: 398.069 MiB, 14.54% gc time)
  1.446418 seconds (166.64 k allocations: 164.899 MiB, 16.31% gc time)
  1.427993 seconds (152.34 k allocations: 150.179 MiB, 16.52% gc time)
  1.105440 seconds (74.11 k allocations: 74.049 MiB, 21.34% gc time)
9499
3249
752
6996
5761
8348
  0.798334 seconds (448.76 k allocations: 438.003 MiB)
2002
  0.785879 seconds (80.02 k allocations: 80.423 MiB)
8349
  0.857943 seconds (159.30 k allocations: 158.486 MiB)
5762
  0.859580 seconds (160.55 k allocations: 160.688 MiB)
3250
  0.859205 seconds (166.72 k allocations: 166.333 MiB)
6997
  0.878804 seconds (229.87 k allocations: 228.981 MiB)
753
  0.970770 seconds (563.86 k allocations: 559.340 MiB)
4501
  0.970064 seconds (499.87 k allocations: 499.080 MiB)
9500
  0.780632 seconds (474.13 k allocations: 466.952 MiB)
8350
  0.885391 seconds (603.65 k allocations: 594.098 MiB)
2003
  0.757125 seconds (158.07 k allocations: 155.746 MiB)
9501
  0.775815 seconds (180.28 k allocations: 179.233 MiB)
4502
  0.880146 seconds (417.88 k allocations: 413.201 MiB)
  0.884819 seconds (428.86 k allocations: 425.471 MiB)
6998
5763
  0.881428 seconds (480.53 k allocations: 473.932 MiB)
754
  0.879273 seconds (510.66 k allocations: 501.543 MiB)
3251
  0.881343 seconds (522.69 k allocations: 514.691 MiB)
8351
  0.881226 seconds (510.26 k allocations: 502.540 MiB)
2004
  1.155857 seconds (262.18 k allocations: 259.005 MiB, 19.18% gc time)
  1.132499 seconds (136.01 k allocations: 134.598 MiB, 19.58% gc time)
  1.151444 seconds (235.18 k allocations: 231.941 MiB, 19.26% gc time)
  1.114567 seconds (89.43 k allocations: 88.747 MiB, 19.90% gc time)
  1.108146 seconds (83.21 k allocations: 81.649 MiB, 20.01% gc time)
  1.131240 seconds (132.75 k allocations: 131.543 MiB, 19.60% gc time)
5764
9502
3252
6999
755
4503
  0.774618 seconds (435.58 k allocations: 425.398 MiB)
8352
  0.781858 seconds (79.04 k allocations: 77.889 MiB)
7000
  0.882770 seconds (158.10 k allocations: 155.835 MiB)
  0.882756 seconds (158.62 k allocations: 157.262 MiB)
9503
3253
  0.915082 seconds (315.49 k allocations: 315.756 MiB)
2005
  0.891353 seconds (179.25 k allocations: 179.024 MiB)
5765
  0.895964 seconds (194.35 k allocations: 194.443 MiB)
4504
  1.009612 seconds (553.22 k allocations: 544.994 MiB)
756
  0.776190 seconds (553.21 k allocations: 544.975 MiB)
8353
  0.881481 seconds (553.17 k allocations: 544.848 MiB)
7001
  0.779364 seconds (172.53 k allocations: 170.548 MiB)
2006
  0.872617 seconds (337.46 k allocations: 335.482 MiB)
3254
  0.878871 seconds (356.57 k allocations: 355.990 MiB)
9504
  0.888001 seconds (369.71 k allocations: 367.188 MiB)
5766
  0.932979 seconds (530.01 k allocations: 520.325 MiB)
4505
  0.871398 seconds (553.21 k allocations: 544.962 MiB)
757
  0.775867 seconds (553.24 k allocations: 545.051 MiB)
8354
  0.758599 seconds (490.01 k allocations: 483.546 MiB)
7002
  1.678344 seconds (530.38 k allocations: 521.965 MiB, 9.89% gc time)
  1.593387 seconds (326.63 k allocations: 322.726 MiB, 10.42% gc time)
  1.570419 seconds (269.81 k allocations: 264.989 MiB, 10.57% gc time)
  1.579111 seconds (287.50 k allocations: 283.085 MiB, 10.51% gc time)
  1.526546 seconds (214.60 k allocations: 211.009 MiB, 10.87% gc time)
  1.429546 seconds (135.91 k allocations: 133.794 MiB, 11.61% gc time)
  1.046793 seconds (57.55 k allocations: 57.521 MiB, 15.86% gc time)
3255
8355
758
9505
5767
4506
2007
  0.756804 seconds (132.18 k allocations: 133.819 MiB)
8356
  0.864963 seconds (530.07 k allocations: 516.847 MiB)
7003
  0.870228 seconds (158.06 k allocations: 155.714 MiB)
9506
  0.872375 seconds (159.31 k allocations: 157.872 MiB)
  0.872735 seconds (161.64 k allocations: 161.044 MiB)
4507
5768
  0.876826 seconds (169.53 k allocations: 169.619 MiB)
759
  0.964946 seconds (484.39 k allocations: 482.974 MiB)
3256
  0.970646 seconds (483.93 k allocations: 478.617 MiB)
2008
  0.776707 seconds (535.38 k allocations: 527.152 MiB)
8357
  0.774806 seconds (526.81 k allocations: 518.735 MiB)
7004
  0.878828 seconds (329.29 k allocations: 327.953 MiB)
9507
  0.881859 seconds (325.43 k allocations: 324.051 MiB)
  0.880413 seconds (323.56 k allocations: 320.753 MiB)
5769
4508
  0.883022 seconds (337.44 k allocations: 335.061 MiB)
760
  0.872319 seconds (483.99 k allocations: 478.012 MiB)
3257
  0.882557 seconds (499.13 k allocations: 492.271 MiB)
2009
  0.880622 seconds (520.88 k allocations: 513.301 MiB)
8358
  0.880455 seconds (511.10 k allocations: 503.691 MiB)
7005
  1.125759 seconds (240.19 k allocations: 237.508 MiB, 13.86% gc time)
  1.132359 seconds (261.41 k allocations: 260.262 MiB, 13.78% gc time)
  1.125974 seconds (240.69 k allocations: 237.996 MiB, 13.86% gc time)
  1.122435 seconds (238.90 k allocations: 235.029 MiB, 13.90% gc time)
  1.052111 seconds (105.02 k allocations: 103.817 MiB, 14.83% gc time)
  1.031234 seconds (81.34 k allocations: 80.047 MiB, 15.13% gc time)
9508
5770
3258
2010
761
4509
  0.780170 seconds (443.37 k allocations: 432.859 MiB)
8359
  0.785836 seconds (79.17 k allocations: 78.301 MiB)
4510
  0.890525 seconds (290.25 k allocations: 289.841 MiB)
7006
  0.887034 seconds (174.87 k allocations: 173.077 MiB)
3259
  0.888994 seconds (177.67 k allocations: 176.709 MiB)
9509
  0.892713 seconds (190.99 k allocations: 190.489 MiB)
5771
  0.891914 seconds (196.35 k allocations: 196.731 MiB)
2011
  0.895739 seconds (217.68 k allocations: 218.108 MiB)
762
  0.773293 seconds (553.23 k allocations: 545.019 MiB)
8360
  0.874151 seconds (553.23 k allocations: 545.038 MiB)
4511
  0.789097 seconds (112.50 k allocations: 112.122 MiB)
5772
  0.873710 seconds (344.55 k allocations: 342.479 MiB)
7007
  0.873028 seconds (280.08 k allocations: 280.589 MiB)
3260
  0.878331 seconds (289.52 k allocations: 289.382 MiB)
9510
  0.868076 seconds (273.08 k allocations: 271.015 MiB)
  0.875452 seconds (281.83 k allocations: 281.133 MiB)
763
2012
  0.775231 seconds (553.20 k allocations: 544.943 MiB)
8361
  0.758107 seconds (157.68 k allocations: 158.045 MiB)
7008
  0.884036 seconds (543.24 k allocations: 535.398 MiB)
4512
  0.882541 seconds (552.56 k allocations: 544.097 MiB)
5773
  0.871495 seconds (232.02 k allocations: 228.531 MiB)
  0.878951 seconds (250.19 k allocations: 250.518 MiB)
764
3261
  0.873518 seconds (236.16 k allocations: 234.466 MiB)
  0.876687 seconds (238.29 k allocations: 237.948 MiB)
9511
2013
  1.352153 seconds (268.99 k allocations: 265.764 MiB, 13.08% gc time)
  1.049128 seconds (141.59 k allocations: 139.562 MiB, 16.86% gc time)
7009
8362
  0.777086 seconds (325.37 k allocations: 319.935 MiB)
4513
  0.774919 seconds (115.98 k allocations: 116.880 MiB)
7010
  0.851494 seconds (158.05 k allocations: 155.676 MiB)
8363
  0.882129 seconds (191.39 k allocations: 192.280 MiB)
2014
  1.005118 seconds (488.20 k allocations: 483.412 MiB)
5774
  0.995446 seconds (428.12 k allocations: 425.907 MiB)
3262
  0.982539 seconds (371.15 k allocations: 367.863 MiB)
9512
  0.990499 seconds (401.96 k allocations: 398.332 MiB)
765
  0.875732 seconds (550.27 k allocations: 541.729 MiB)
4514
  0.862700 seconds (535.14 k allocations: 526.986 MiB)
  0.774580 seconds (403.53 k allocations: 399.986 MiB)
  0.768358 seconds (396.59 k allocations: 393.397 MiB)
7011
8364
2015
  0.748217 seconds (251.59 k allocations: 246.245 MiB)
766
  0.876014 seconds (460.65 k allocations: 455.861 MiB)
5775
  0.876320 seconds (443.05 k allocations: 438.788 MiB)
3263
  0.866753 seconds (418.34 k allocations: 414.903 MiB)
9513
  0.880904 seconds (552.79 k allocations: 543.858 MiB)
4515
  0.885070 seconds (374.26 k allocations: 369.480 MiB)
8365
  0.886168 seconds (373.77 k allocations: 370.029 MiB)
2016
  0.886845 seconds (376.36 k allocations: 372.272 MiB)
7012
  0.777546 seconds (178.63 k allocations: 178.640 MiB)
5776
  0.874586 seconds (400.38 k allocations: 395.917 MiB)
767
  1.722864 seconds (302.86 k allocations: 297.054 MiB, 9.53% gc time)
  1.721936 seconds (303.05 k allocations: 297.256 MiB, 9.54% gc time)
  1.048201 seconds (224.19 k allocations: 219.532 MiB, 15.67% gc time)
9514
4516
3264
  0.796752 seconds (399.55 k allocations: 390.992 MiB)
2017
  0.784573 seconds (97.74 k allocations: 98.191 MiB)
4517
  0.887707 seconds (271.86 k allocations: 269.452 MiB)
8366
  0.891963 seconds (261.23 k allocations: 259.084 MiB)
7013
  0.980233 seconds (423.26 k allocations: 418.780 MiB)
768
  0.993803 seconds (443.02 k allocations: 438.690 MiB)
5777
  0.970521 seconds (384.22 k allocations: 378.512 MiB)
3265
  0.974301 seconds (389.09 k allocations: 385.373 MiB)
9515
  0.880581 seconds (553.17 k allocations: 544.829 MiB)
2018
  0.774297 seconds (384.37 k allocations: 378.852 MiB)
8367
  0.773204 seconds (400.66 k allocations: 394.196 MiB)
7014
  0.876742 seconds (625.45 k allocations: 615.943 MiB)
4518
  0.771836 seconds (422.84 k allocations: 417.132 MiB)
769
  0.878726 seconds (446.07 k allocations: 440.402 MiB)
5778
  0.871199 seconds (412.42 k allocations: 406.746 MiB)
9516
  0.877458 seconds (425.08 k allocations: 419.826 MiB)
3266
  0.773240 seconds (377.20 k allocations: 372.343 MiB)
8368
  0.873085 seconds (593.60 k allocations: 583.806 MiB)
2019
  0.878669 seconds (497.31 k allocations: 490.445 MiB)
7015
  0.882922 seconds (500.25 k allocations: 491.964 MiB)
4519
  1.857214 seconds (344.70 k allocations: 339.912 MiB, 12.95% gc time)
  1.843165 seconds (314.17 k allocations: 309.466 MiB, 13.04% gc time)
  1.966768 seconds (530.07 k allocations: 521.503 MiB, 12.22% gc time)
  1.816298 seconds (293.25 k allocations: 288.213 MiB, 13.24% gc time)
  1.237695 seconds (213.80 k allocations: 209.250 MiB, 19.42% gc time)
  1.177724 seconds (135.10 k allocations: 131.988 MiB, 20.41% gc time)
  1.113933 seconds (12.32 k allocations: 12.099 MiB, 21.58% gc time)
5779
9517
8369
7016
770
3267
2020
  0.784833 seconds (4 allocations: 12.922 KiB)
8370
  0.888076 seconds (496.46 k allocations: 484.638 MiB)
4520
  0.859898 seconds (150.69 k allocations: 147.421 MiB)
771
  0.888917 seconds (190.26 k allocations: 188.977 MiB)
7017
  0.890989 seconds (200.31 k allocations: 198.326 MiB)
2021
  0.956432 seconds (396.75 k allocations: 393.436 MiB)
9518
  0.961556 seconds (402.53 k allocations: 399.955 MiB)
5780
  0.962362 seconds (407.21 k allocations: 402.967 MiB)
3268
  0.776119 seconds (466.99 k allocations: 459.163 MiB)
4521
  0.742740 seconds (303.23 k allocations: 299.039 MiB)
7018
  0.880735 seconds (620.27 k allocations: 611.538 MiB)
8371
  0.758508 seconds (237.09 k allocations: 233.571 MiB)
3269
  0.772705 seconds (256.65 k allocations: 255.713 MiB)
9519
  0.864812 seconds (542.50 k allocations: 536.877 MiB)
772
  0.870505 seconds (590.55 k allocations: 581.388 MiB)
2022
  0.872267 seconds (557.76 k allocations: 550.484 MiB)
5781
  0.776198 seconds (394.58 k allocations: 387.724 MiB)
8372
  0.881320 seconds (558.38 k allocations: 549.804 MiB)
4522
  1.134935 seconds (247.78 k allocations: 243.733 MiB, 13.46% gc time)
  1.133431 seconds (244.86 k allocations: 240.952 MiB, 13.48% gc time)
  1.214205 seconds (505.40 k allocations: 497.860 MiB, 12.58% gc time)
  1.035159 seconds (98.44 k allocations: 96.166 MiB, 14.76% gc time)
  1.103577 seconds (180.58 k allocations: 178.211 MiB, 13.84% gc time)
  1.098028 seconds (177.93 k allocations: 174.565 MiB, 13.91% gc time)
5782
9520
2023
7019
3270
773
  0.778475 seconds (417.63 k allocations: 408.248 MiB)
8373
  0.800595 seconds (320.64 k allocations: 315.243 MiB)
4523
  0.786362 seconds (121.26 k allocations: 122.993 MiB)
  0.787153 seconds (123.34 k allocations: 125.220 MiB)
7020
774
  0.794578 seconds (163.47 k allocations: 161.749 MiB)
5783
  0.887036 seconds (415.95 k allocations: 415.371 MiB)
3271
  0.896113 seconds (416.45 k allocations: 410.703 MiB)
2024
  0.895680 seconds (418.33 k allocations: 413.452 MiB)
9521
  0.775082 seconds (551.49 k allocations: 542.383 MiB)
8374
  0.776215 seconds (333.24 k allocations: 329.021 MiB)
775
  0.885138 seconds (517.20 k allocations: 509.749 MiB)
4524
  0.884593 seconds (448.38 k allocations: 442.805 MiB)
7021
  0.881755 seconds (458.91 k allocations: 452.650 MiB)
5784
  0.873027 seconds (435.31 k allocations: 430.535 MiB)
3272
  0.878280 seconds (423.96 k allocations: 418.211 MiB)
9522
  0.883059 seconds (433.85 k allocations: 428.663 MiB)
2025
  0.780180 seconds (553.44 k allocations: 545.705 MiB)
8375
  0.872275 seconds (553.60 k allocations: 546.200 MiB)
776
  1.748092 seconds (372.44 k allocations: 366.862 MiB, 13.93% gc time)  1.749669 seconds (372.42 k allocations: 366.849 MiB, 13.91% gc time)
  1.787442 seconds (465.23 k allocations: 458.112 MiB, 13.62% gc time)
  1.675125 seconds (200.22 k allocations: 197.720 MiB, 14.53% gc time)

  1.652874 seconds (147.38 k allocations: 145.922 MiB, 14.73% gc time)
  1.640370 seconds (135.74 k allocations: 133.639 MiB, 14.84% gc time)
  1.120539 seconds (57.26 k allocations: 57.017 MiB, 21.73% gc time)
3273
2026
7022
9523
5785
8376
4525
  0.758613 seconds (469.94 k allocations: 458.278 MiB)
777
  0.784659 seconds (90.77 k allocations: 92.755 MiB)
8377
  0.922178 seconds (158.06 k allocations: 155.714 MiB)
4526
  0.981763 seconds (229.21 k allocations: 228.531 MiB)
9524
  0.984982 seconds (239.99 k allocations: 238.615 MiB)
2027
  0.992144 seconds (258.55 k allocations: 258.615 MiB)
5786
  1.012777 seconds (345.95 k allocations: 348.154 MiB)
7023
  1.018657 seconds (442.90 k allocations: 434.573 MiB)
3274
  0.776583 seconds (474.20 k allocations: 467.175 MiB)
8378
  0.884963 seconds (555.75 k allocations: 548.437 MiB)
778
  0.780171 seconds (494.22 k allocations: 485.470 MiB)
4527
  0.762643 seconds (253.13 k allocations: 248.865 MiB)
7024
  0.784739 seconds (310.54 k allocations: 307.654 MiB)
2028
  0.878350 seconds (515.49 k allocations: 509.686 MiB)
9525
  0.883021 seconds (483.61 k allocations: 477.709 MiB)
5787
  0.879135 seconds (507.72 k allocations: 499.322 MiB)
3275
  0.756303 seconds (483.88 k allocations: 477.988 MiB)
779
  0.877915 seconds (553.38 k allocations: 545.514 MiB)
8379
  1.694079 seconds (492.04 k allocations: 483.187 MiB, 10.99% gc time)
  1.646897 seconds (386.54 k allocations: 381.024 MiB, 11.30% gc time)
  1.629672 seconds (372.62 k allocations: 366.428 MiB, 11.42% gc time)
  1.557936 seconds (215.35 k allocations: 211.747 MiB, 11.95% gc time)
  1.541777 seconds (177.75 k allocations: 174.604 MiB, 12.07% gc time)
  1.507700 seconds (136.00 k allocations: 133.611 MiB, 12.34% gc time)
  1.037719 seconds (57.38 k allocations: 56.629 MiB, 17.94% gc time)
4528
9526
5788
2029
7025
3276
780
  0.778434 seconds (465.25 k allocations: 453.796 MiB)
8380
  0.856384 seconds (79.14 k allocations: 79.185 MiB)
7026
  0.859113 seconds (83.24 k allocations: 88.973 MiB)
3277
  0.859933 seconds (89.59 k allocations: 90.304 MiB)
9527
  0.863397 seconds (101.87 k allocations: 103.004 MiB)
5789
  0.888827 seconds (231.24 k allocations: 227.786 MiB)
781
  0.965682 seconds (474.30 k allocations: 467.499 MiB)
2030
  0.968488 seconds (477.87 k allocations: 471.942 MiB)
4529
  0.777232 seconds (553.34 k allocations: 545.368 MiB)
8381
  0.775320 seconds (276.90 k allocations: 274.113 MiB)
9528
  0.778624 seconds (277.76 k allocations: 274.726 MiB)
5790
  0.834081 seconds (395.15 k allocations: 389.260 MiB)
782
  0.878914 seconds (465.10 k allocations: 462.100 MiB)
7027
  0.878535 seconds (458.65 k allocations: 455.682 MiB)
3278
  0.881908 seconds (477.32 k allocations: 471.290 MiB)
2031
  0.883066 seconds (480.11 k allocations: 473.757 MiB)
4530
  0.775604 seconds (553.30 k allocations: 545.267 MiB)
8382
  0.869257 seconds (481.47 k allocations: 475.516 MiB)
9529
  0.873786 seconds (484.93 k allocations: 478.580 MiB)
5791
  0.867824 seconds (343.52 k allocations: 338.969 MiB)
  0.875181 seconds (353.70 k allocations: 350.145 MiB)
7028
  1.477598 seconds (188.81 k allocations: 187.840 MiB, 10.86% gc time)
  1.575591 seconds (342.77 k allocations: 338.631 MiB, 10.19% gc time)
  1.472317 seconds (184.75 k allocations: 182.734 MiB, 10.90% gc time)
  1.018124 seconds (106.23 k allocations: 105.644 MiB, 15.77% gc time)
783
2032
4531
3279
8383
  0.785063 seconds (3 allocations: 12.844 KiB)
8384
  0.877633 seconds (429.08 k allocations: 420.268 MiB)
9530
  0.875356 seconds (353.37 k allocations: 347.565 MiB)
5792
  0.853205 seconds (192.22 k allocations: 193.095 MiB)
2033
  0.875526 seconds (264.42 k allocations: 259.564 MiB)
784
  0.959174 seconds (395.99 k allocations: 391.328 MiB)
7029
  0.961211 seconds (398.10 k allocations: 393.130 MiB)
4532
  0.963791 seconds (409.42 k allocations: 404.949 MiB)
3280
  0.776495 seconds (451.24 k allocations: 445.439 MiB)
8385
  0.871257 seconds (493.47 k allocations: 485.799 MiB)
  0.791175 seconds (316.16 k allocations: 311.465 MiB)
9531
785
  0.883133 seconds (515.74 k allocations: 506.865 MiB)
5793
  0.883206 seconds (545.41 k allocations: 537.478 MiB)
2034
  0.871034 seconds (401.48 k allocations: 396.437 MiB)
7030
  0.881566 seconds (414.47 k allocations: 411.072 MiB)
4533
  0.878123 seconds (418.33 k allocations: 413.331 MiB)
3281
  0.773583 seconds (360.91 k allocations: 355.441 MiB)
9532
  0.882094 seconds (564.84 k allocations: 556.986 MiB)
8386
  1.788852 seconds (372.25 k allocations: 366.166 MiB, 9.25% gc time)
  1.688780 seconds (157.77 k allocations: 156.731 MiB, 9.80% gc time)
  1.817846 seconds (409.54 k allocations: 403.059 MiB, 9.10% gc time)
  1.852268 seconds (495.68 k allocations: 487.649 MiB, 8.93% gc time)
  1.674911 seconds (135.59 k allocations: 133.103 MiB, 9.88% gc time)
  1.682129 seconds (142.38 k allocations: 140.861 MiB, 9.84% gc time)
  1.016913 seconds (5.58 k allocations: 5.527 MiB, 16.27% gc time)
5794
9533
4534
7031
3282
786
2035
  0.776475 seconds (464.69 k allocations: 453.242 MiB)
8387
  0.783548 seconds (108.88 k allocations: 113.751 MiB)
9534
  0.848997 seconds (157.17 k allocations: 153.612 MiB)
3283
  0.850620 seconds (159.15 k allocations: 157.709 MiB)
787
  0.850408 seconds (162.69 k allocations: 162.108 MiB)
  0.854678 seconds (165.62 k allocations: 167.759 MiB)
7032
  0.853069 seconds (167.81 k allocations: 168.971 MiB)
4535
2036
  0.968522 seconds (555.11 k allocations: 549.203 MiB)
5795
  0.776622 seconds (553.19 k allocations: 544.899 MiB)
8388
  0.878620 seconds (550.47 k allocations: 540.368 MiB)
9535
  0.871785 seconds (235.66 k allocations: 230.916 MiB)
788
  0.879257 seconds (243.29 k allocations: 242.876 MiB)
  0.880184 seconds (245.76 k allocations: 246.754 MiB)
7033
3284
  0.881499 seconds (252.06 k allocations: 250.860 MiB)
4536
  0.882278 seconds (259.86 k allocations: 259.353 MiB)
2037
  0.877181 seconds (533.18 k allocations: 523.359 MiB)
5796
  0.775975 seconds (553.21 k allocations: 544.975 MiB)
8389
  0.879064 seconds (551.14 k allocations: 542.029 MiB)
9536
  1.602530 seconds (292.17 k allocations: 289.916 MiB, 9.56% gc time)
  1.596654 seconds (280.01 k allocations: 277.048 MiB, 9.60% gc time)
  1.577979 seconds (258.54 k allocations: 255.289 MiB, 9.71% gc time)
  1.549571 seconds (216.81 k allocations: 213.132 MiB, 9.89% gc time)
  1.496781 seconds (135.87 k allocations: 133.330 MiB, 10.24% gc time)
  1.533359 seconds (184.12 k allocations: 181.061 MiB, 9.99% gc time)
  1.032529 seconds (57.19 k allocations: 56.213 MiB, 14.84% gc time)
4537
5797
3285
7034
2038
8390
789
  0.783055 seconds (4.74 k allocations: 9.463 MiB)
  0.866948 seconds (466.50 k allocations: 455.713 MiB)
8391
9537
  0.877311 seconds (164.38 k allocations: 166.690 MiB)
5798
  0.879719 seconds (165.41 k allocations: 163.745 MiB)
7035
  0.982364 seconds (321.17 k allocations: 321.134 MiB)
4538
  0.987080 seconds (328.66 k allocations: 324.379 MiB)
  0.988712 seconds (328.85 k allocations: 324.605 MiB)
2039
3286
  0.993954 seconds (349.18 k allocations: 346.063 MiB)
790
  0.776353 seconds (477.92 k allocations: 471.887 MiB)
8392
  0.779278 seconds (403.90 k allocations: 398.876 MiB)
5799
  0.880546 seconds (566.00 k allocations: 558.241 MiB)
9538
  0.880899 seconds (553.37 k allocations: 545.476 MiB)
7036
  0.777208 seconds (253.91 k allocations: 252.211 MiB)
3287
  0.871119 seconds (406.89 k allocations: 402.053 MiB)
2040
  0.881467 seconds (441.63 k allocations: 438.639 MiB)
4539
  0.875650 seconds (431.42 k allocations: 426.273 MiB)
791
  0.880723 seconds (553.33 k allocations: 545.349 MiB)
8393
  1.321234 seconds (461.44 k allocations: 454.838 MiB, 18.05% gc time)
  1.310214 seconds (451.47 k allocations: 444.062 MiB, 18.20% gc time)
  1.217652 seconds (309.19 k allocations: 304.722 MiB, 19.59% gc time)
  1.117752 seconds (73.59 k allocations: 72.744 MiB, 21.34% gc time)
  1.202260 seconds (293.70 k allocations: 288.788 MiB, 19.84% gc time)
  1.118285 seconds (74.55 k allocations: 73.915 MiB, 21.33% gc time)
  1.103785 seconds (57.03 k allocations: 56.057 MiB, 21.61% gc time)
9539
7037
5800
2041
4540
3288
792
  0.774139 seconds (465.44 k allocations: 453.987 MiB)
8394
  0.768108 seconds (79.02 k allocations: 77.819 MiB)
2042
  0.773915 seconds (83.71 k allocations: 83.292 MiB)
793
  0.852062 seconds (237.22 k allocations: 233.952 MiB)
7038
  0.872644 seconds (263.40 k allocations: 259.990 MiB)
3289
  0.883451 seconds (287.17 k allocations: 289.836 MiB)
4541
  0.882848 seconds (284.81 k allocations: 282.443 MiB)
  0.886170 seconds (293.00 k allocations: 296.091 MiB)
9540
5801
  0.776906 seconds (553.30 k allocations: 545.260 MiB)
8395
  0.879296 seconds (474.15 k allocations: 467.010 MiB)
2043
  0.885666 seconds (480.74 k allocations: 474.297 MiB)
794
  0.879108 seconds (357.49 k allocations: 352.451 MiB)
7039
  0.879455 seconds (308.01 k allocations: 306.069 MiB)
3290
  0.881486 seconds (305.24 k allocations: 301.944 MiB)
4542
  0.884609 seconds (313.36 k allocations: 310.745 MiB)
9541
  0.887801 seconds (374.24 k allocations: 368.802 MiB)
5802
  0.776983 seconds (553.20 k allocations: 544.924 MiB)
8396
  0.872944 seconds (499.47 k allocations: 492.531 MiB)
2044
  0.793333 seconds (145.94 k allocations: 145.314 MiB)
  0.876990 seconds (490.47 k allocations: 483.628 MiB)
4543
795
  0.872001 seconds (255.04 k allocations: 254.143 MiB)
7040
  0.884860 seconds (214.26 k allocations: 214.873 MiB)
3291
  0.879068 seconds (180.31 k allocations: 180.955 MiB)
9542
  0.882096 seconds (189.89 k allocations: 189.837 MiB)
5803
  1.084020 seconds (171.95 k allocations: 171.445 MiB, 18.46% gc time)
8397
  0.770668 seconds (343.86 k allocations: 337.660 MiB)
2045
  0.782604 seconds (79.05 k allocations: 77.914 MiB)
8398
  0.836378 seconds (167.62 k allocations: 168.577 MiB)
796
  0.854022 seconds (210.75 k allocations: 210.812 MiB)
9543
  0.847098 seconds (185.97 k allocations: 185.649 MiB)
3292
  0.862764 seconds (266.13 k allocations: 264.588 MiB)
7041
  0.963076 seconds (536.63 k allocations: 531.758 MiB)
4544
  0.956736 seconds (499.20 k allocations: 493.245 MiB)
5804
  0.763735 seconds (385.44 k allocations: 379.134 MiB)
8399
  0.863656 seconds (558.77 k allocations: 551.194 MiB)
2046
  0.790159 seconds (372.17 k allocations: 367.486 MiB)
797
  0.867352 seconds (420.40 k allocations: 415.863 MiB)
9544
  0.873405 seconds (423.88 k allocations: 418.957 MiB)
3293
  0.874718 seconds (450.87 k allocations: 444.569 MiB)
7042
  0.874525 seconds (487.87 k allocations: 481.437 MiB)
4545
  0.876811 seconds (491.94 k allocations: 485.084 MiB)
5805
  0.882011 seconds (475.68 k allocations: 468.715 MiB)
8400
  0.879979 seconds (469.36 k allocations: 462.403 MiB)
2047
  0.756261 seconds (244.93 k allocations: 243.175 MiB)
9545
  0.875552 seconds (556.09 k allocations: 546.169 MiB)
798
  1.160799 seconds (367.43 k allocations: 361.187 MiB, 13.02% gc time)
  1.057846 seconds (211.85 k allocations: 207.865 MiB, 14.29% gc time)
  1.035193 seconds (184.88 k allocations: 180.872 MiB, 14.60% gc time)
  1.140244 seconds (343.18 k allocations: 336.768 MiB, 13.26% gc time)
3294
4546
5806
7043
  0.777969 seconds (350.03 k allocations: 342.315 MiB)
8401
  0.798364 seconds (297.19 k allocations: 291.519 MiB)
9546
  0.788149 seconds (150.43 k allocations: 150.862 MiB)
5807
  0.795345 seconds (172.64 k allocations: 170.662 MiB)
4547
  0.934368 seconds (701.02 k allocations: 685.930 MiB)
2048
  0.883744 seconds (384.39 k allocations: 381.384 MiB)
799
  0.899753 seconds (420.87 k allocations: 414.837 MiB)
3295
  0.896434 seconds (427.22 k allocations: 420.677 MiB)
7044
  0.775551 seconds (541.06 k allocations: 532.290 MiB)
8402
  0.875107 seconds (514.56 k allocations: 505.889 MiB)
9547
  0.748271 seconds (123.31 k allocations: 121.224 MiB)
7045
  0.876548 seconds (468.51 k allocations: 461.608 MiB)
5808
  0.784820 seconds (230.43 k allocations: 228.110 MiB)
800
  0.875376 seconds (492.26 k allocations: 485.082 MiB)
4548
  0.886215 seconds (658.83 k allocations: 644.959 MiB)
2049
  0.865426 seconds (522.01 k allocations: 513.771 MiB)
3296
  0.768182 seconds (553.17 k allocations: 544.829 MiB)
8403
  0.775640 seconds (233.98 k allocations: 230.817 MiB)
4549
  0.876132 seconds (520.17 k allocations: 510.332 MiB)
9548
  1.662810 seconds (355.32 k allocations: 352.388 MiB, 8.81% gc time)
  1.655702 seconds (331.48 k allocations: 328.387 MiB, 8.85% gc time)
  1.590909 seconds (200.69 k allocations: 197.659 MiB, 9.21% gc time)
  1.551879 seconds (152.73 k allocations: 150.557 MiB, 9.44% gc time)
  1.642885 seconds (301.32 k allocations: 296.195 MiB, 8.91% gc time)
  1.026967 seconds (74.16 k allocations: 73.389 MiB, 14.26% gc time)
5809
8404
2050
801
3297
7046
  0.767267 seconds (15.82 k allocations: 20.054 MiB)
8405
  0.882979 seconds (495.61 k allocations: 483.843 MiB)
4550
  0.860832 seconds (158.07 k allocations: 155.740 MiB)
7047
  0.880922 seconds (182.25 k allocations: 179.855 MiB)
802
  0.948707 seconds (412.80 k allocations: 410.121 MiB)
9549
  0.955689 seconds (371.25 k allocations: 370.105 MiB)
5810
  0.965143 seconds (395.59 k allocations: 389.481 MiB)
3298
  0.968418 seconds (415.24 k allocations: 409.293 MiB)
2051
  0.776347 seconds (521.24 k allocations: 513.348 MiB)
8406
  0.880996 seconds (553.18 k allocations: 544.879 MiB)
4551
  0.755442 seconds (155.70 k allocations: 152.177 MiB)
2052
  0.883048 seconds (512.44 k allocations: 504.909 MiB)
7048
  0.879652 seconds (503.61 k allocations: 496.160 MiB)
803
  0.877573 seconds (495.05 k allocations: 486.009 MiB)
9550
  0.883351 seconds (476.94 k allocations: 469.661 MiB)
5811
  0.874267 seconds (462.76 k allocations: 455.891 MiB)
3299
  0.871311 seconds (553.20 k allocations: 544.930 MiB)
8407
  0.767183 seconds (505.14 k allocations: 496.711 MiB)
4552
  1.030637 seconds (94.67 k allocations: 93.816 MiB, 15.00% gc time)
  1.061784 seconds (176.73 k allocations: 173.527 MiB, 14.56% gc time)
  1.022238 seconds (85.60 k allocations: 83.863 MiB, 15.12% gc time)
  1.128588 seconds (385.47 k allocations: 379.938 MiB, 13.70% gc time)
  1.114950 seconds (347.43 k allocations: 341.391 MiB, 13.86% gc time)
  1.067803 seconds (198.64 k allocations: 195.802 MiB, 14.48% gc time)
9551
5812
2053
7049
3300
804
  0.776991 seconds (434.51 k allocations: 424.363 MiB)
8408
  0.780090 seconds (79.02 k allocations: 77.832 MiB)
3301
  0.782228 seconds (79.56 k allocations: 79.273 MiB)
7050
  0.785105 seconds (84.82 k allocations: 85.360 MiB)
  0.785497 seconds (85.36 k allocations: 86.047 MiB)
805
5813
  0.882435 seconds (508.75 k allocations: 505.250 MiB)
4553
  0.883330 seconds (422.21 k allocations: 417.374 MiB)
9552
  0.886956 seconds (436.98 k allocations: 431.260 MiB)
2054
  0.776850 seconds (553.23 k allocations: 545.032 MiB)
8409
  0.774777 seconds (328.42 k allocations: 326.964 MiB)
3302
  0.776516 seconds (323.80 k allocations: 321.096 MiB)
7051
  0.883130 seconds (475.02 k allocations: 469.241 MiB)
5814
  0.883115 seconds (476.11 k allocations: 470.040 MiB)
806
  0.880736 seconds (455.10 k allocations: 449.042 MiB)
4554
  0.876343 seconds (422.18 k allocations: 417.288 MiB)
9553
  0.880969 seconds (442.35 k allocations: 436.360 MiB)
2055
  0.775513 seconds (553.16 k allocations: 544.816 MiB)
8410
  0.879655 seconds (488.54 k allocations: 481.953 MiB)
  0.768390 seconds (316.61 k allocations: 312.742 MiB)
3303
807
  0.872868 seconds (486.09 k allocations: 480.354 MiB)
7052
  0.880768 seconds (421.95 k allocations: 416.819 MiB)
5815
  0.877077 seconds (300.18 k allocations: 295.871 MiB)
4555
  0.882914 seconds (294.57 k allocations: 290.285 MiB)
9554
  1.580876 seconds (295.74 k allocations: 291.177 MiB, 10.12% gc time)
  1.024873 seconds (217.38 k allocations: 214.006 MiB, 15.60% gc time)
8411
2056
  0.775118 seconds (304.33 k allocations: 299.811 MiB)
3304
  0.783327 seconds (79.97 k allocations: 80.005 MiB)
8412
  0.870158 seconds (299.45 k allocations: 295.908 MiB)
7053
  0.900845 seconds (386.02 k allocations: 380.969 MiB)
808
  0.989716 seconds (406.51 k allocations: 402.827 MiB)
4556
  0.985034 seconds (384.39 k allocations: 381.420 MiB)
5816
  0.962940 seconds (334.60 k allocations: 331.125 MiB)
2057
  0.971440 seconds (345.71 k allocations: 345.215 MiB)
9555
  0.776581 seconds (434.46 k allocations: 427.103 MiB)
8413
  0.879171 seconds (572.57 k allocations: 564.465 MiB)
3305
  0.778550 seconds (419.19 k allocations: 413.245 MiB)
7054
  0.878571 seconds (553.18 k allocations: 544.886 MiB)
809
  0.776530 seconds (274.90 k allocations: 274.341 MiB)
4557
  0.774510 seconds (267.38 k allocations: 265.668 MiB)
2058
  0.875583 seconds (483.12 k allocations: 477.992 MiB)
5817
  0.876722 seconds (483.95 k allocations: 477.322 MiB)
9556
  0.879201 seconds (456.73 k allocations: 450.579 MiB)
8414
  0.870141 seconds (424.36 k allocations: 419.639 MiB)
3306
  0.879258 seconds (465.72 k allocations: 459.009 MiB)
7055
  1.117867 seconds (313.66 k allocations: 307.863 MiB, 13.08% gc time)
  1.124138 seconds (319.19 k allocations: 314.402 MiB, 13.00% gc time)
  1.134817 seconds (345.18 k allocations: 340.494 MiB, 12.88% gc time)
  1.021055 seconds (164.71 k allocations: 162.095 MiB, 14.32% gc time)
  1.012659 seconds (155.98 k allocations: 152.515 MiB, 14.44% gc time)
9557
5818
4558
2059
810
  0.771805 seconds (363.63 k allocations: 355.330 MiB)
8415
  0.818923 seconds (438.53 k allocations: 429.209 MiB)
3307
  0.777719 seconds (212.70 k allocations: 212.869 MiB)
7056
  0.778491 seconds (165.20 k allocations: 163.503 MiB)
811
  0.877946 seconds (317.40 k allocations: 313.793 MiB)
9558
  0.881897 seconds (320.79 k allocations: 318.026 MiB)
  0.881664 seconds (320.83 k allocations: 318.356 MiB)
2060
5819
  0.881665 seconds (332.21 k allocations: 329.704 MiB)
4559
  0.777363 seconds (534.26 k allocations: 524.829 MiB)
8416
  0.877716 seconds (465.86 k allocations: 459.361 MiB)
3308
  0.881853 seconds (448.66 k allocations: 442.642 MiB)
7057
  0.880304 seconds (477.63 k allocations: 470.156 MiB)
812
  0.872595 seconds (321.03 k allocations: 317.639 MiB)
9559
  0.881084 seconds (330.56 k allocations: 327.750 MiB)
  0.881218 seconds (331.21 k allocations: 329.329 MiB)
2061
5820
  0.880988 seconds (338.64 k allocations: 336.232 MiB)
4560
  0.776929 seconds (553.32 k allocations: 545.311 MiB)
8417
  0.761300 seconds (422.99 k allocations: 417.094 MiB)
7058
  0.791914 seconds (485.16 k allocations: 478.817 MiB)
3309
  0.757118 seconds (421.90 k allocations: 416.794 MiB)
813
  1.742050 seconds (312.74 k allocations: 309.395 MiB, 9.31% gc time)
  1.749496 seconds (334.91 k allocations: 331.833 MiB, 9.27% gc time)
  1.726482 seconds (293.02 k allocations: 288.041 MiB, 9.39% gc time)
  1.731860 seconds (296.12 k allocations: 292.315 MiB, 9.36% gc time)
  1.028351 seconds (4.88 k allocations: 4.861 MiB, 15.77% gc time)
  1.041429 seconds (30.90 k allocations: 31.076 MiB, 15.57% gc time)
  1.197679 seconds (214.79 k allocations: 211.711 MiB, 13.54% gc time)
5821
9560
4561
3310
2062
8418
7059
  0.772005 seconds (466.34 k allocations: 454.829 MiB)
814
  0.778683 seconds (105.06 k allocations: 108.873 MiB)
8419
  0.774497 seconds (81.47 k allocations: 84.810 MiB)
7060
  0.875395 seconds (255.04 k allocations: 256.805 MiB)
3311
  0.900201 seconds (278.07 k allocations: 273.708 MiB)
4562
  0.902477 seconds (283.83 k allocations: 280.183 MiB)
9561
  1.021963 seconds (476.37 k allocations: 473.167 MiB)
2063
  1.024354 seconds (479.75 k allocations: 473.716 MiB)
5822
  0.776825 seconds (395.75 k allocations: 391.373 MiB)
8420
  0.878035 seconds (580.08 k allocations: 571.923 MiB)
815
  0.882480 seconds (553.33 k allocations: 545.356 MiB)
7061
  0.788257 seconds (374.70 k allocations: 369.629 MiB)
  0.785697 seconds (374.46 k allocations: 368.552 MiB)
4563
9562
  0.878938 seconds (614.86 k allocations: 603.852 MiB)
3312
  0.761995 seconds (453.62 k allocations: 446.160 MiB)
5823
  0.775445 seconds (478.60 k allocations: 472.261 MiB)
2064
  0.881607 seconds (488.33 k allocations: 481.826 MiB)
8421
  0.871218 seconds (474.72 k allocations: 468.534 MiB)
816
  0.778185 seconds (311.16 k allocations: 305.409 MiB)
4564
  1.139295 seconds (364.22 k allocations: 357.212 MiB, 14.37% gc time)
  1.094140 seconds (273.46 k allocations: 267.154 MiB, 14.97% gc time)
  1.181347 seconds (486.65 k allocations: 477.831 MiB, 13.86% gc time)
  1.048440 seconds (155.19 k allocations: 152.722 MiB, 15.62% gc time)
  1.040246 seconds (147.47 k allocations: 144.181 MiB, 15.74% gc time)
9563
5824
2065
3313
7062
  0.777489 seconds (383.42 k allocations: 374.278 MiB)
8422
  0.780425 seconds (81.42 k allocations: 82.601 MiB)
  0.782622 seconds (85.62 k allocations: 88.420 MiB)
2066
5825
  0.785256 seconds (95.16 k allocations: 96.608 MiB)
9564
  0.795401 seconds (145.78 k allocations: 144.820 MiB)
7063
  0.908858 seconds (663.15 k allocations: 649.453 MiB)
817
  0.885119 seconds (475.54 k allocations: 469.768 MiB)
3314
  0.988208 seconds (650.51 k allocations: 644.330 MiB)
4565
  0.768169 seconds (553.27 k allocations: 545.152 MiB)
8423
  0.768496 seconds (317.91 k allocations: 314.552 MiB)
2067
  0.772006 seconds (285.57 k allocations: 282.146 MiB)
7064
  0.767898 seconds (292.19 k allocations: 288.228 MiB)
818
  0.874065 seconds (549.35 k allocations: 542.671 MiB)
5826
  0.875560 seconds (535.32 k allocations: 528.998 MiB)
9565
  0.882298 seconds (553.17 k allocations: 544.854 MiB)
3315
  0.873181 seconds (553.16 k allocations: 544.816 MiB)
4566
  0.776147 seconds (553.17 k allocations: 544.841 MiB)
8424
  0.880591 seconds (471.88 k allocations: 465.076 MiB)
2068
  0.871564 seconds (419.63 k allocations: 413.611 MiB)
819
  0.888895 seconds (446.13 k allocations: 441.177 MiB)
7065
  1.723364 seconds (377.93 k allocations: 372.455 MiB, 12.69% gc time)  1.713323 seconds (366.92 k allocations: 360.711 MiB, 12.76% gc time)

  1.543084 seconds (209.08 k allocations: 205.221 MiB, 14.17% gc time)
  1.612128 seconds (288.19 k allocations: 283.176 MiB, 13.56% gc time)
  1.084511 seconds (130.91 k allocations: 128.702 MiB, 20.16% gc time)
5827
8425
45679566

3316
  0.774893 seconds (393.36 k allocations: 385.026 MiB)
2069
  0.759188 seconds (160.84 k allocations: 159.824 MiB)
8426
  0.876997 seconds (272.40 k allocations: 269.996 MiB)
7066
  0.866240 seconds (184.31 k allocations: 181.781 MiB)
3317
  0.983889 seconds (556.35 k allocations: 548.559 MiB)
820
  0.972935 seconds (373.61 k allocations: 367.336 MiB)
9567
  0.973770 seconds (375.93 k allocations: 370.481 MiB)
  0.975343 seconds (378.78 k allocations: 374.217 MiB)
4568
5828
  0.772212 seconds (474.15 k allocations: 467.022 MiB)
8427
  0.860857 seconds (589.10 k allocations: 579.223 MiB)
2070
  0.865490 seconds (499.94 k allocations: 492.933 MiB)
7067
  0.860781 seconds (494.37 k allocations: 487.384 MiB)
3318
  0.771434 seconds (235.38 k allocations: 232.877 MiB)
4569
  0.859321 seconds (542.25 k allocations: 532.453 MiB)
821
  0.873079 seconds (475.86 k allocations: 468.707 MiB)
9568
  0.884011 seconds (493.25 k allocations: 486.327 MiB)
5829
  0.881208 seconds (546.00 k allocations: 537.053 MiB)
8428
  0.880113 seconds (527.30 k allocations: 518.925 MiB)
2071
  1.205384 seconds (365.33 k allocations: 360.694 MiB, 13.67% gc time)
  1.188514 seconds (323.50 k allocations: 318.477 MiB, 13.87% gc time)
  1.124101 seconds (213.84 k allocations: 210.077 MiB, 14.66% gc time)
  1.051325 seconds (64.48 k allocations: 64.878 MiB, 15.68% gc time)
  1.165640 seconds (269.47 k allocations: 265.464 MiB, 14.14% gc time)
  1.045999 seconds (59.82 k allocations: 59.228 MiB, 15.75% gc time)
5830
9569
4570
7068
3319
822
  0.777003 seconds (451.30 k allocations: 440.458 MiB)
8429
  0.780154 seconds (250.10 k allocations: 247.691 MiB)
4571
  0.766576 seconds (105.90 k allocations: 104.567 MiB)
823
  0.787731 seconds (159.42 k allocations: 157.967 MiB)
  0.786044 seconds (160.98 k allocations: 159.200 MiB)
7069
9570
  0.888006 seconds (395.13 k allocations: 389.191 MiB)
3320
  0.895595 seconds (405.17 k allocations: 399.794 MiB)
5831
  0.978940 seconds (563.84 k allocations: 561.208 MiB)
2072
  0.772581 seconds (539.20 k allocations: 530.943 MiB)
8430
  0.768277 seconds (316.31 k allocations: 312.012 MiB)
9571
  0.873377 seconds (538.01 k allocations: 530.068 MiB)
4572
  0.867740 seconds (450.18 k allocations: 445.784 MiB)
824
  0.864859 seconds (442.93 k allocations: 437.408 MiB)
7070
  0.781850 seconds (362.79 k allocations: 358.500 MiB)
3321
  0.785407 seconds (396.42 k allocations: 391.659 MiB)
5832
  0.864271 seconds (553.22 k allocations: 544.994 MiB)
2073
  0.756724 seconds (553.22 k allocations: 545.006 MiB)
8431
  0.760991 seconds (405.30 k allocations: 398.237 MiB)
4573
  0.860457 seconds (589.22 k allocations: 579.472 MiB)
9572
  0.762685 seconds (233.96 k allocations: 231.607 MiB)
5833
  1.642395 seconds (256.76 k allocations: 255.637 MiB, 9.50% gc time)
  1.477695 seconds (158.59 k allocations: 157.007 MiB, 10.56% gc time)
  1.647096 seconds (270.13 k allocations: 269.657 MiB, 9.47% gc time)
  1.629902 seconds (237.84 k allocations: 235.090 MiB, 9.57% gc time)
  1.034874 seconds (79.83 k allocations: 79.469 MiB, 15.08% gc time)
3322
825
7071
20748432

  0.777932 seconds (462.05 k allocations: 450.744 MiB)
4574
  0.765550 seconds (84.09 k allocations: 83.896 MiB)
8433
  0.863657 seconds (282.10 k allocations: 281.829 MiB)
9573
  0.855129 seconds (198.15 k allocations: 201.260 MiB)
826
  0.861796 seconds (209.69 k allocations: 212.066 MiB)
5834
  0.855701 seconds (211.86 k allocations: 210.225 MiB)
7072
  0.938961 seconds (477.00 k allocations: 471.046 MiB)
3323
  0.947786 seconds (486.59 k allocations: 481.206 MiB)
2075
  0.778133 seconds (553.38 k allocations: 545.489 MiB)
4575
  0.775955 seconds (553.32 k allocations: 545.317 MiB)
8434
  0.778924 seconds (326.76 k allocations: 323.165 MiB)
5835
  0.778817 seconds (328.35 k allocations: 324.438 MiB)
7073
  0.878540 seconds (544.00 k allocations: 537.916 MiB)
9574
  0.879337 seconds (519.57 k allocations: 514.303 MiB)
827
  0.879821 seconds (479.12 k allocations: 473.073 MiB)
3324
  0.878607 seconds (478.74 k allocations: 472.454 MiB)
2076
  0.880741 seconds (553.19 k allocations: 544.905 MiB)
4576
  0.777112 seconds (403.97 k allocations: 397.666 MiB)
5836
  0.882583 seconds (556.19 k allocations: 547.508 MiB)
8435
  1.830292 seconds (494.73 k allocations: 486.483 MiB, 9.30% gc time)
  1.763934 seconds (350.90 k allocations: 345.630 MiB, 9.65% gc time)
  1.656570 seconds (194.37 k allocations: 191.416 MiB, 10.27% gc time)
  1.752021 seconds (336.75 k allocations: 330.853 MiB, 9.71% gc time)
  1.051402 seconds (78.36 k allocations: 75.000 MiB, 16.19% gc time)
  1.641131 seconds (179.04 k allocations: 175.548 MiB, 10.37% gc time)
9575
7074
3325
828
4577
2077
  0.797232 seconds (443.13 k allocations: 432.654 MiB)
5837
  0.901923 seconds (316.16 k allocations: 312.126 MiB)
8436
  0.881043 seconds (119.00 k allocations: 118.370 MiB)
9576
  0.887262 seconds (133.23 k allocations: 132.972 MiB)
4578
  0.886695 seconds (160.85 k allocations: 159.151 MiB)
  0.900631 seconds (179.20 k allocations: 183.097 MiB)
2078
7075
  0.986979 seconds (478.62 k allocations: 472.687 MiB)
829
  0.988881 seconds (479.58 k allocations: 474.577 MiB)
3326
  0.778871 seconds (553.23 k allocations: 545.013 MiB)
5838
  0.776433 seconds (432.30 k allocations: 425.232 MiB)
8437
  0.776419 seconds (313.44 k allocations: 310.030 MiB)
4579
  0.777904 seconds (320.90 k allocations: 316.950 MiB)
2079
  0.881002 seconds (516.08 k allocations: 510.824 MiB)
9577
  0.888703 seconds (515.44 k allocations: 507.537 MiB)
7076
  0.887196 seconds (485.04 k allocations: 478.734 MiB)
3327
  0.882512 seconds (482.76 k allocations: 476.305 MiB)
830
  0.767901 seconds (553.20 k allocations: 544.937 MiB)
5839
  0.762532 seconds (500.75 k allocations: 492.726 MiB)
8438
  0.858001 seconds (481.69 k allocations: 475.491 MiB)
2080
  0.859912 seconds (483.30 k allocations: 476.790 MiB)
4580
  0.850552 seconds (424.13 k allocations: 417.980 MiB)
9578
  0.851241 seconds (424.82 k allocations: 418.426 MiB)
7077
  1.617597 seconds (349.26 k allocations: 343.882 MiB, 11.12% gc time)
  1.165734 seconds (242.91 k allocations: 238.676 MiB, 15.42% gc time)
  1.585979 seconds (322.20 k allocations: 316.752 MiB, 11.34% gc time)
  1.048850 seconds (164.28 k allocations: 161.263 MiB, 17.14% gc time)
5840
8439
3328
831
  0.775626 seconds (358.33 k allocations: 351.482 MiB)
4581
  0.770088 seconds (79.13 k allocations: 79.156 MiB)
8440
  0.893820 seconds (429.00 k allocations: 422.301 MiB)
2081
  0.896200 seconds (283.53 k allocations: 281.705 MiB)
7078
  0.883285 seconds (235.28 k allocations: 231.979 MiB)
832
  0.893047 seconds (262.45 k allocations: 261.420 MiB)
5841
  0.972029 seconds (574.49 k allocations: 565.908 MiB)
9579
  0.973875 seconds (527.20 k allocations: 519.179 MiB)
3329
  0.776115 seconds (474.33 k allocations: 467.600 MiB)
8441
  0.880994 seconds (593.81 k allocations: 585.149 MiB)
4582
  0.778085 seconds (294.67 k allocations: 289.866 MiB)
5842
  0.881012 seconds (579.14 k allocations: 567.742 MiB)
2082
  0.775656 seconds (290.59 k allocations: 285.754 MiB)
3330
  0.881452 seconds (483.01 k allocations: 476.736 MiB)
7079
  0.879539 seconds (476.68 k allocations: 469.235 MiB)
833
  0.884171 seconds (589.22 k allocations: 578.128 MiB)
9580
  0.776816 seconds (474.14 k allocations: 466.984 MiB)
4583
  0.881423 seconds (593.58 k allocations: 584.708 MiB)
8442
  1.779917 seconds (508.15 k allocations: 499.530 MiB, 9.10% gc time)
  1.690805 seconds (231.68 k allocations: 229.553 MiB, 9.58% gc time)
  1.680347 seconds (201.98 k allocations: 197.726 MiB, 9.64% gc time)  1.736004 seconds (403.79 k allocations: 395.495 MiB, 9.33% gc time)

  1.685146 seconds (212.63 k allocations: 209.138 MiB, 9.61% gc time)
  1.630103 seconds (135.76 k allocations: 133.145 MiB, 9.94% gc time)
  1.035614 seconds (56.92 k allocations: 55.581 MiB, 15.64% gc time)
5843
9581
4584
3331
2083
7080
834
  0.782301 seconds (467.24 k allocations: 455.696 MiB)
8443
  0.809612 seconds (79.03 k allocations: 77.857 MiB)
4585
  0.899101 seconds (158.06 k allocations: 155.708 MiB)
  0.901157 seconds (158.74 k allocations: 158.516 MiB)
9582
7081
  1.022816 seconds (316.10 k allocations: 311.346 MiB)
3332
  1.024187 seconds (316.98 k allocations: 313.162 MiB)
835
  1.033257 seconds (333.03 k allocations: 335.633 MiB)
5844
  1.031089 seconds (334.88 k allocations: 332.266 MiB)
2084
  0.777314 seconds (553.16 k allocations: 544.816 MiB)
8444
  0.887860 seconds (553.17 k allocations: 544.835 MiB)
4586
  0.760476 seconds (197.46 k allocations: 197.085 MiB)
3333
  0.764732 seconds (183.10 k allocations: 181.867 MiB)
2085
  0.896570 seconds (499.85 k allocations: 493.572 MiB)
  0.904057 seconds (506.51 k allocations: 501.423 MiB)
9583
7082
  0.787428 seconds (249.64 k allocations: 249.768 MiB)
5845
  0.880559 seconds (553.35 k allocations: 545.400 MiB)
836
  0.778430 seconds (553.35 k allocations: 545.406 MiB)
8445
  0.756434 seconds (194.57 k allocations: 194.697 MiB)
7083
  0.870337 seconds (559.21 k allocations: 552.342 MiB)
4587
  0.865877 seconds (334.42 k allocations: 331.772 MiB)
3334
  0.864666 seconds (288.48 k allocations: 286.364 MiB)
  0.858392 seconds (275.56 k allocations: 273.753 MiB)
2086
9584
  1.584556 seconds (289.93 k allocations: 287.331 MiB, 17.88% gc time)
  1.111325 seconds (132.61 k allocations: 132.046 MiB, 25.49% gc time)
  1.466738 seconds (211.71 k allocations: 210.317 MiB, 19.31% gc time)
5846
8446
837
  0.778480 seconds (28.16 k allocations: 31.846 MiB)
8447
  0.880531 seconds (424.81 k allocations: 416.074 MiB)
4588
  0.847528 seconds (147.47 k allocations: 146.740 MiB)
2087
  0.867338 seconds (200.69 k allocations: 202.316 MiB)
3335
  0.862228 seconds (187.49 k allocations: 185.767 MiB)
838
  0.992001 seconds (691.96 k allocations: 680.511 MiB)
7084
  0.968328 seconds (450.14 k allocations: 445.203 MiB)
9585
  0.977244 seconds (481.55 k allocations: 473.802 MiB)
5847
  0.776893 seconds (510.36 k allocations: 502.960 MiB)
8448
  0.780726 seconds (357.47 k allocations: 353.496 MiB)
2088
  0.882677 seconds (606.74 k allocations: 596.195 MiB)
4589
  0.758241 seconds (232.64 k allocations: 229.361 MiB)
9586
  0.880249 seconds (494.11 k allocations: 487.270 MiB)
  0.760767 seconds (252.02 k allocations: 249.821 MiB)
3336
5848
  0.879610 seconds (510.63 k allocations: 504.071 MiB)
839
  0.879627 seconds (679.07 k allocations: 666.608 MiB)
7085
  0.899513 seconds (553.20 k allocations: 544.924 MiB)
8449
  0.757697 seconds (126.72 k allocations: 123.457 MiB)
  0.879894 seconds (513.96 k allocations: 505.844 MiB)
2089
840
  1.196526 seconds (454.00 k allocations: 445.504 MiB, 15.30% gc time)
  1.143874 seconds (188.53 k allocations: 189.270 MiB, 16.01% gc time)
  1.137093 seconds (163.89 k allocations: 163.191 MiB, 16.10% gc time)
  1.135294 seconds (161.55 k allocations: 161.057 MiB, 16.13% gc time)
  1.060049 seconds (78.50 k allocations: 78.349 MiB, 17.27% gc time)
9587
4590
5849
3337
7086
  0.773936 seconds (416.75 k allocations: 407.372 MiB)
8450
  0.773827 seconds (184.39 k allocations: 183.558 MiB)
4591
  0.769002 seconds (136.57 k allocations: 133.888 MiB)
7087
  0.785370 seconds (155.32 k allocations: 155.287 MiB)
9588
  0.787383 seconds (170.37 k allocations: 169.462 MiB)
5850
  0.879493 seconds (511.51 k allocations: 504.263 MiB)
  0.874535 seconds (489.54 k allocations: 481.780 MiB)
841
3338
  0.888599 seconds (526.30 k allocations: 520.461 MiB)
2090
  0.777252 seconds (534.29 k allocations: 525.952 MiB)
8451
  0.778352 seconds (318.77 k allocations: 314.411 MiB)
7088
  0.795544 seconds (320.41 k allocations: 314.541 MiB)
5851
  0.882108 seconds (609.28 k allocations: 597.674 MiB)
4592
  0.775889 seconds (257.75 k allocations: 253.469 MiB)
2091
  0.877528 seconds (524.88 k allocations: 516.036 MiB)
9589
  0.873404 seconds (503.11 k allocations: 495.156 MiB)
  0.873191 seconds (503.11 k allocations: 496.091 MiB)
3339
842
  0.778321 seconds (553.37 k allocations: 545.470 MiB)
8452
  0.758315 seconds (332.40 k allocations: 327.183 MiB)
4593
  1.783129 seconds (566.36 k allocations: 556.546 MiB, 8.74% gc time)
  1.728600 seconds (397.83 k allocations: 392.024 MiB, 9.02% gc time)
  1.694660 seconds (309.55 k allocations: 305.070 MiB, 9.20% gc time)
  1.675732 seconds (253.70 k allocations: 248.433 MiB, 9.30% gc time)
  1.630870 seconds (137.78 k allocations: 136.681 MiB, 9.56% gc time)
  1.627449 seconds (135.70 k allocations: 133.601 MiB, 9.58% gc time)  1.039828 seconds (56.75 k allocations: 55.884 MiB, 14.99% gc time)

5852
9590
7089
2092
3340
843
8453
  0.753490 seconds (467.27 k allocations: 455.732 MiB)
4594
  0.764912 seconds (79.02 k allocations: 77.813 MiB)
8454
  0.833240 seconds (158.17 k allocations: 156.070 MiB)
844
  0.848984 seconds (174.08 k allocations: 172.267 MiB)
9591
  0.852402 seconds (181.04 k allocations: 183.640 MiB)
  0.852326 seconds (182.41 k allocations: 182.196 MiB)
7090
5853
  0.858343 seconds (223.77 k allocations: 222.852 MiB)
2093
  0.955943 seconds (553.32 k allocations: 545.292 MiB)
3341
  0.776942 seconds (474.17 k allocations: 467.092 MiB)
8455
  0.883129 seconds (570.78 k allocations: 563.049 MiB)
4595
  0.778159 seconds (260.05 k allocations: 257.955 MiB)
5854
  0.878378 seconds (412.54 k allocations: 408.542 MiB)
  0.759075 seconds (237.60 k allocations: 234.973 MiB)
845
3342
  0.881831 seconds (376.62 k allocations: 373.728 MiB)
  0.878150 seconds (369.24 k allocations: 365.557 MiB)
7091
9592
  0.899426 seconds (423.75 k allocations: 418.335 MiB)
2094
  0.887604 seconds (499.32 k allocations: 492.321 MiB)
8456
  0.898297 seconds (504.26 k allocations: 496.877 MiB)
4596
  1.457246 seconds (476.46 k allocations: 469.086 MiB, 19.08% gc time)
  1.218901 seconds (124.14 k allocations: 123.318 MiB, 22.81% gc time)
  1.225865 seconds (129.70 k allocations: 129.848 MiB, 22.68% gc time)
  1.262533 seconds (159.33 k allocations: 159.514 MiB, 22.02% gc time)
  1.164729 seconds (81.73 k allocations: 80.366 MiB, 23.87% gc time)
  1.186013 seconds (98.15 k allocations: 97.410 MiB, 23.44% gc time)
9593
5855
2095
7092
3343
846
  0.776018 seconds (434.41 k allocations: 424.292 MiB)
8457
  0.777208 seconds (137.32 k allocations: 139.751 MiB)
2096
  0.779436 seconds (133.53 k allocations: 135.881 MiB)
847
  0.889172 seconds (237.19 k allocations: 234.851 MiB)
7093
  0.977580 seconds (326.80 k allocations: 325.560 MiB)
9594
  1.018195 seconds (448.99 k allocations: 447.142 MiB)
  0.984454 seconds (337.69 k allocations: 334.291 MiB)
3344
4597
  0.994090 seconds (349.66 k allocations: 349.235 MiB)
5856
  0.773261 seconds (553.34 k allocations: 545.368 MiB)
8458
  0.869835 seconds (482.45 k allocations: 476.532 MiB)
2097
  0.871093 seconds (485.19 k allocations: 478.878 MiB)
848
  0.769921 seconds (475.35 k allocations: 467.935 MiB)
7094
  0.771000 seconds (393.94 k allocations: 389.483 MiB)
9595
  0.876363 seconds (395.11 k allocations: 389.121 MiB)
5857
  0.880095 seconds (397.60 k allocations: 393.704 MiB)
3345
  0.880398 seconds (402.30 k allocations: 397.985 MiB)
4598
  0.775088 seconds (553.15 k allocations: 544.791 MiB)
8459
  0.757349 seconds (431.55 k allocations: 425.236 MiB)
849
  1.707396 seconds (507.70 k allocations: 500.306 MiB, 10.10% gc time)
  1.669313 seconds (451.50 k allocations: 444.076 MiB, 10.33% gc time)
  1.461814 seconds (137.67 k allocations: 136.207 MiB, 11.79% gc time)
  1.587022 seconds (372.67 k allocations: 366.456 MiB, 10.86% gc time)
  1.464153 seconds (141.27 k allocations: 140.958 MiB, 11.77% gc time)
  1.458681 seconds (136.16 k allocations: 134.013 MiB, 11.82% gc time)
  1.042506 seconds (57.78 k allocations: 57.667 MiB, 16.54% gc time)
3346
8460
2098
7095
5858
9596
4599
  0.790276 seconds (471.54 k allocations: 459.832 MiB)
850
  0.788063 seconds (79.07 k allocations: 77.978 MiB)
8461
  0.869293 seconds (158.62 k allocations: 158.772 MiB)
  0.870463 seconds (160.07 k allocations: 162.326 MiB)
2099
7096
  0.868264 seconds (159.67 k allocations: 159.271 MiB)
4600
  0.870621 seconds (163.16 k allocations: 163.672 MiB)
5859
  0.958449 seconds (490.86 k allocations: 490.461 MiB)
3347
  0.973488 seconds (501.23 k allocations: 494.032 MiB)
9597
  0.752295 seconds (474.18 k allocations: 467.105 MiB)
8462
  0.859079 seconds (586.20 k allocations: 577.514 MiB)
851
  0.753148 seconds (299.14 k allocations: 293.941 MiB)
5860
  0.761793 seconds (319.77 k allocations: 314.688 MiB)
2100
  0.767143 seconds (331.28 k allocations: 326.722 MiB)
7097
  0.759349 seconds (385.23 k allocations: 378.546 MiB)
3348
  0.862777 seconds (557.51 k allocations: 550.082 MiB)
4601
  0.866375 seconds (553.20 k allocations: 544.930 MiB)
9598
  0.886347 seconds (506.34 k allocations: 499.087 MiB)
8463
  0.874776 seconds (457.58 k allocations: 449.206 MiB)
852
  1.607049 seconds (384.37 k allocations: 378.917 MiB, 32.05% gc time)
  1.596010 seconds (367.37 k allocations: 360.407 MiB, 32.27% gc time)
  1.527307 seconds (188.08 k allocations: 185.455 MiB, 33.73% gc time)
  1.557183 seconds (259.81 k allocations: 255.353 MiB, 33.08% gc time)
  1.392781 seconds (97.18 k allocations: 95.136 MiB, 36.98% gc time)
  1.515382 seconds (176.21 k allocations: 172.980 MiB, 33.99% gc time)
9599
5861
7098
2101
4602
3349
  0.776151 seconds (440.44 k allocations: 430.053 MiB)
8464
  0.890417 seconds (322.29 k allocations: 317.972 MiB)
853
  0.857467 seconds (103.72 k allocations: 107.371 MiB)
  0.851916 seconds (91.36 k allocations: 91.563 MiB)
5862
3350
  0.861061 seconds (122.55 k allocations: 122.446 MiB)
  0.862027 seconds (125.47 k allocations: 126.159 MiB)
7099
2102
  0.869561 seconds (152.44 k allocations: 156.671 MiB)
4603
  0.956639 seconds (566.25 k allocations: 562.189 MiB)
9600
  0.778318 seconds (553.15 k allocations: 544.784 MiB)
8465
  0.778013 seconds (207.40 k allocations: 207.820 MiB)
5863
  0.772337 seconds (165.79 k allocations: 165.311 MiB)
2103
  0.872437 seconds (402.39 k allocations: 400.134 MiB)
854
  0.873516 seconds (355.32 k allocations: 353.658 MiB)
3351
  0.874470 seconds (350.65 k allocations: 347.720 MiB)
7100
  0.880579 seconds (383.10 k allocations: 378.512 MiB)
4604
  0.880247 seconds (553.21 k allocations: 544.956 MiB)
9601
  0.768403 seconds (553.20 k allocations: 544.943 MiB)
8466
  0.861860 seconds (474.13 k allocations: 466.965 MiB)
2104
  0.875632 seconds (484.61 k allocations: 479.172 MiB)
5864
  0.770648 seconds (167.79 k allocations: 166.932 MiB)
4605
  0.855884 seconds (290.06 k allocations: 288.662 MiB)
855
  0.864984 seconds (252.47 k allocations: 252.452 MiB)
3352
  0.862480 seconds (240.21 k allocations: 240.474 MiB)
7101
  0.865181 seconds (237.12 k allocations: 235.083 MiB)
9602
  1.156748 seconds (317.02 k allocations: 310.313 MiB, 23.83% gc time)
8467
  0.784640 seconds (203.04 k allocations: 202.886 MiB)
2105
  0.787498 seconds (79.15 k allocations: 78.238 MiB)
8468
  0.880720 seconds (213.49 k allocations: 213.909 MiB)
5865
  0.966951 seconds (296.40 k allocations: 295.443 MiB)
856
  0.984726 seconds (346.02 k allocations: 346.320 MiB)
4606
  0.971399 seconds (296.69 k allocations: 295.236 MiB)
7102
  0.975781 seconds (308.62 k allocations: 307.622 MiB)
3353
  0.969999 seconds (319.63 k allocations: 317.908 MiB)
9603
  0.784987 seconds (553.15 k allocations: 544.772 MiB)
2106
  0.771501 seconds (507.66 k allocations: 499.046 MiB)
8469
  0.772924 seconds (523.77 k allocations: 515.431 MiB)
5866
  0.768336 seconds (250.15 k allocations: 248.455 MiB)
  0.766558 seconds (243.22 k allocations: 241.566 MiB)
7103
3354
  0.864523 seconds (468.78 k allocations: 464.589 MiB)
857
  0.867732 seconds (426.88 k allocations: 420.554 MiB)
9604
  0.882476 seconds (448.18 k allocations: 444.424 MiB)
4607
  0.760291 seconds (540.08 k allocations: 531.371 MiB)
2107
  0.759773 seconds (474.18 k allocations: 467.111 MiB)
5867
  0.862556 seconds (589.44 k allocations: 579.628 MiB)
8470
  0.767713 seconds (444.12 k allocations: 438.304 MiB)
  0.766170 seconds (444.59 k allocations: 438.510 MiB)
7104
3355
  1.753497 seconds (241.36 k allocations: 239.636 MiB, 13.86% gc time)
  1.744538 seconds (231.44 k allocations: 228.920 MiB, 13.93% gc time)
  1.763105 seconds (263.06 k allocations: 261.625 MiB, 13.79% gc time)
  1.228289 seconds (152.77 k allocations: 151.422 MiB, 19.79% gc time)
  1.125080 seconds (63.47 k allocations: 62.769 MiB, 21.60% gc time)
5868
9605
858
2108
4608
  0.787239 seconds (467.22 k allocations: 455.700 MiB)
8471
  0.883042 seconds (232.95 k allocations: 232.494 MiB)
5869
  0.871861 seconds (113.47 k allocations: 113.007 MiB)
9606
  0.892676 seconds (162.77 k allocations: 164.877 MiB)
  0.883506 seconds (136.63 k allocations: 138.352 MiB)
  0.886556 seconds (142.57 k allocations: 145.656 MiB)
859
7105
2109
  0.972695 seconds (510.46 k allocations: 506.824 MiB)
3356
  0.979058 seconds (504.46 k allocations: 497.157 MiB)
4609
  0.775523 seconds (553.24 k allocations: 545.070 MiB)
8472
  0.787157 seconds (407.52 k allocations: 401.547 MiB)
5870
  0.770701 seconds (271.85 k allocations: 269.020 MiB)
7106
  0.865808 seconds (408.85 k allocations: 404.773 MiB)
  0.867412 seconds (412.20 k allocations: 408.188 MiB)
2110
  0.767188 seconds (239.38 k allocations: 237.691 MiB)
9607
4610
  0.865932 seconds (431.51 k allocations: 427.001 MiB)
860
  0.866627 seconds (491.82 k allocations: 482.470 MiB)
3357
  0.759810 seconds (553.18 k allocations: 544.886 MiB)
8473
  0.871005 seconds (498.94 k allocations: 491.981 MiB)
5871
  0.865588 seconds (490.56 k allocations: 483.721 MiB)
7107
  1.528281 seconds (275.47 k allocations: 272.706 MiB, 9.87% gc time)
  1.517970 seconds (249.57 k allocations: 245.472 MiB, 9.94% gc time)
  1.522204 seconds (259.07 k allocations: 255.769 MiB, 9.91% gc time)
  1.482952 seconds (180.76 k allocations: 177.215 MiB, 10.17% gc time)
  1.483363 seconds (180.95 k allocations: 177.531 MiB, 10.17% gc time)
  1.030362 seconds (102.27 k allocations: 100.339 MiB, 14.64% gc time)
9608
3358
4611
861
2111
8474
  0.771386 seconds (8.49 k allocations: 11.805 MiB)
8475
  0.881055 seconds (470.06 k allocations: 459.777 MiB)
5872
  0.844337 seconds (146.53 k allocations: 143.812 MiB)
  0.901657 seconds (419.24 k allocations: 413.074 MiB)
862
7108
  0.853597 seconds (165.48 k allocations: 165.174 MiB)
2112
  0.962637 seconds (399.21 k allocations: 395.896 MiB)
  0.962534 seconds (399.02 k allocations: 395.725 MiB)
9609
4612
  0.966798 seconds (411.94 k allocations: 407.635 MiB)
3359
  0.777672 seconds (508.25 k allocations: 500.906 MiB)
8476
  0.774768 seconds (316.13 k allocations: 311.435 MiB)
2113
  0.882108 seconds (585.49 k allocations: 573.868 MiB)
5873
  0.879215 seconds (474.55 k allocations: 468.711 MiB)
863
  0.774968 seconds (258.22 k allocations: 255.971 MiB)
  0.883591 seconds (486.29 k allocations: 480.171 MiB)
9610
7109
  0.778467 seconds (296.50 k allocations: 293.647 MiB)
3360
  0.885138 seconds (564.44 k allocations: 557.464 MiB)
4613
  0.860461 seconds (553.45 k allocations: 545.736 MiB)
8477
  1.127475 seconds (506.50 k allocations: 498.541 MiB, 12.92% gc time)
  1.085837 seconds (439.08 k allocations: 429.665 MiB, 13.41% gc time)
  1.023384 seconds (168.96 k allocations: 167.324 MiB, 14.23% gc time)
  0.914937 seconds (56.12 k allocations: 54.776 MiB, 15.92% gc time)
  1.033664 seconds (204.27 k allocations: 202.449 MiB, 14.09% gc time)
  1.011303 seconds (143.56 k allocations: 142.411 MiB, 14.40% gc time)
  1.002119 seconds (135.67 k allocations: 133.678 MiB, 14.53% gc time)
9611
2114
4614
864
7110
3361
5874
  0.776908 seconds (475.85 k allocations: 463.954 MiB)
8478
  0.785805 seconds (82.99 k allocations: 84.120 MiB)
4615
  0.785551 seconds (80.96 k allocations: 81.932 MiB)
2115
  0.788479 seconds (91.02 k allocations: 91.368 MiB)
7111
  0.886621 seconds (336.99 k allocations: 337.589 MiB)
  0.887730 seconds (340.23 k allocations: 341.423 MiB)
9612
865
  0.892985 seconds (344.52 k allocations: 341.868 MiB)
5875
  0.891403 seconds (351.49 k allocations: 348.279 MiB)
3362
  0.777128 seconds (553.22 k allocations: 545.006 MiB)
8479
  0.778026 seconds (405.66 k allocations: 401.762 MiB)
4616
  0.878538 seconds (481.46 k allocations: 475.273 MiB)
2116
  0.884550 seconds (490.09 k allocations: 483.288 MiB)
7112
  0.873454 seconds (347.59 k allocations: 343.989 MiB)
  0.873208 seconds (346.60 k allocations: 343.173 MiB)
9613
866
  0.880017 seconds (363.31 k allocations: 359.817 MiB)
5876
  0.889226 seconds (420.05 k allocations: 413.917 MiB)
3363
  0.776637 seconds (553.22 k allocations: 544.987 MiB)
8480
  0.881383 seconds (553.22 k allocations: 544.981 MiB)
4617
  0.762817 seconds (396.14 k allocations: 391.177 MiB)
7113
  0.878767 seconds (496.08 k allocations: 489.030 MiB)
2117
  0.776708 seconds (192.29 k allocations: 190.415 MiB)
5877
  0.775865 seconds (202.57 k allocations: 199.997 MiB)
3364
  1.584999 seconds (348.93 k allocations: 343.514 MiB, 9.90% gc time)
  1.037867 seconds (204.07 k allocations: 200.221 MiB, 15.12% gc time)
  1.585312 seconds (349.78 k allocations: 344.313 MiB, 9.90% gc time)
8481
9614
867
  0.768279 seconds (3.25 k allocations: 4.344 MiB)
8482
  0.877388 seconds (356.00 k allocations: 350.274 MiB)
4618
  0.852871 seconds (155.34 k allocations: 153.161 MiB)
9615
  0.858912 seconds (171.65 k allocations: 169.726 MiB)
868
  0.983796 seconds (523.62 k allocations: 516.097 MiB)
7114
  0.966952 seconds (434.29 k allocations: 430.367 MiB)
5878
  0.980961 seconds (472.92 k allocations: 469.579 MiB)
3365
  0.970171 seconds (438.41 k allocations: 435.123 MiB)
2118
  0.776765 seconds (513.22 k allocations: 505.647 MiB)
8483
  0.775381 seconds (410.20 k allocations: 404.849 MiB)
9616
  0.881172 seconds (611.88 k allocations: 601.035 MiB)
4619
  0.778968 seconds (250.63 k allocations: 247.703 MiB)
5879
  0.758470 seconds (214.90 k allocations: 212.036 MiB)
2119
  0.795496 seconds (304.73 k allocations: 301.433 MiB)
7115
  0.882823 seconds (672.99 k allocations: 661.514 MiB)
869
  0.880364 seconds (564.38 k allocations: 556.852 MiB)
3366
  0.881340 seconds (553.19 k allocations: 544.911 MiB)
8484
  0.775996 seconds (342.23 k allocations: 336.572 MiB)
4620
  1.154861 seconds (249.50 k allocations: 246.557 MiB, 13.02% gc time)
  1.237454 seconds (552.20 k allocations: 542.686 MiB, 12.15% gc time)
  1.149377 seconds (229.78 k allocations: 226.500 MiB, 13.08% gc time)
  1.135895 seconds (195.99 k allocations: 193.186 MiB, 13.23% gc time)
  1.117402 seconds (172.90 k allocations: 170.098 MiB, 13.45% gc time)
  1.029356 seconds (97.06 k allocations: 98.862 MiB, 14.60% gc time)
9617
2120
870
5880
3367
7116
  0.757839 seconds (438.62 k allocations: 428.302 MiB)
8485
  0.782433 seconds (307.11 k allocations: 303.480 MiB)
4621
  0.760632 seconds (111.70 k allocations: 114.986 MiB)
3368
  0.763383 seconds (116.95 k allocations: 119.802 MiB)
2121
  0.763972 seconds (128.77 k allocations: 128.435 MiB)
7117
  0.867503 seconds (399.79 k allocations: 397.354 MiB)
871
  0.868537 seconds (399.65 k allocations: 394.540 MiB)
9618
  0.869557 seconds (402.52 k allocations: 398.267 MiB)
5881
  0.772703 seconds (553.17 k allocations: 544.848 MiB)
8486
  0.757930 seconds (333.70 k allocations: 330.674 MiB)
3369
  0.879628 seconds (486.41 k allocations: 480.267 MiB)
4622
  0.880048 seconds (435.35 k allocations: 429.967 MiB)
2122
  0.883956 seconds (455.03 k allocations: 448.576 MiB)
7118
  0.870210 seconds (401.64 k allocations: 397.957 MiB)
872
  0.877262 seconds (407.84 k allocations: 402.445 MiB)
9619
  0.881755 seconds (420.70 k allocations: 415.714 MiB)
5882
  0.776220 seconds (553.20 k allocations: 544.924 MiB)
8487
  0.880360 seconds (553.20 k allocations: 544.918 MiB)
3370
  0.761233 seconds (334.99 k allocations: 330.438 MiB)
7119
  1.653760 seconds (422.63 k allocations: 416.513 MiB, 9.46% gc time)
  1.682759 seconds (499.24 k allocations: 491.040 MiB, 9.29% gc time)
  1.550456 seconds (179.69 k allocations: 177.358 MiB, 10.09% gc time)
  1.563564 seconds (211.54 k allocations: 209.077 MiB, 10.00% gc time)
  1.545375 seconds (175.51 k allocations: 172.128 MiB, 10.12% gc time)
  1.022095 seconds (97.40 k allocations: 96.243 MiB, 15.30% gc time)
873
2123
9620
4623
8488
5883
  0.763361 seconds (427.26 k allocations: 417.449 MiB)
3371
  0.758310 seconds (79.15 k allocations: 79.226 MiB)
8489
  0.877577 seconds (400.07 k allocations: 395.046 MiB)
7120
  0.841966 seconds (175.82 k allocations: 178.960 MiB)
2124
  0.859480 seconds (223.30 k allocations: 225.408 MiB)
  0.854901 seconds (211.33 k allocations: 210.618 MiB)
874
4624
  0.855941 seconds (217.78 k allocations: 217.236 MiB)
9621
  0.860270 seconds (257.44 k allocations: 256.296 MiB)
5884
  0.742821 seconds (553.39 k allocations: 545.546 MiB)
3372
  0.768068 seconds (553.24 k allocations: 545.057 MiB)
8490
  0.762572 seconds (257.06 k allocations: 255.334 MiB)
2125
  0.870827 seconds (369.10 k allocations: 365.995 MiB)
7121
  0.868061 seconds (277.70 k allocations: 277.057 MiB)
875
  0.878444 seconds (301.23 k allocations: 298.130 MiB)
9622
  0.879580 seconds (306.11 k allocations: 303.814 MiB)
4625
  0.882286 seconds (341.71 k allocations: 337.639 MiB)
5885
  0.774807 seconds (553.18 k allocations: 544.867 MiB)
3373
  0.775958 seconds (474.15 k allocations: 467.029 MiB)
2126
  0.882017 seconds (583.04 k allocations: 574.415 MiB)
8491
  1.566636 seconds (161.97 k allocations: 159.197 MiB, 10.66% gc time)
  1.569535 seconds (166.15 k allocations: 165.646 MiB, 10.64% gc time)
  1.610349 seconds (345.58 k allocations: 339.764 MiB, 10.37% gc time)
  1.589468 seconds (240.62 k allocations: 238.153 MiB, 10.50% gc time)
  1.565430 seconds (162.40 k allocations: 159.661 MiB, 10.66% gc time)
  1.048685 seconds (83.50 k allocations: 81.996 MiB, 15.92% gc time)
876
5886
4626
9623
7122
3374
  0.775049 seconds (443.74 k allocations: 433.236 MiB)
2127
  0.776264 seconds (79.19 k allocations: 78.346 MiB)
3375
  0.830514 seconds (147.61 k allocations: 144.787 MiB)
9624
  0.861455 seconds (308.25 k allocations: 306.825 MiB)
8492
  0.852589 seconds (207.70 k allocations: 205.537 MiB)
4627
  0.950066 seconds (395.29 k allocations: 389.717 MiB)
7123
  0.954772 seconds (397.27 k allocations: 393.864 MiB)
877
  0.958272 seconds (411.53 k allocations: 407.298 MiB)
5887
  0.752722 seconds (553.21 k allocations: 544.956 MiB)
2128
  0.761247 seconds (534.08 k allocations: 524.711 MiB)
3376
  0.758879 seconds (404.63 k allocations: 398.715 MiB)
9625
  0.761838 seconds (411.08 k allocations: 405.876 MiB)
8493
  0.865364 seconds (553.37 k allocations: 545.470 MiB)
4628
  0.858968 seconds (403.44 k allocations: 398.760 MiB)
878
  0.866108 seconds (411.40 k allocations: 407.376 MiB)
7124
  0.877471 seconds (455.20 k allocations: 449.355 MiB)
5888
  0.774841 seconds (553.47 k allocations: 545.794 MiB)
2129
  0.779009 seconds (399.84 k allocations: 395.233 MiB)
8494
  0.881039 seconds (587.74 k allocations: 577.267 MiB)
3377
  1.872335 seconds (530.07 k allocations: 521.816 MiB, 9.25% gc time)
  1.756191 seconds (451.11 k allocations: 444.021 MiB, 9.86% gc time)
  1.664538 seconds (265.58 k allocations: 262.048 MiB, 10.40% gc time)  1.651718 seconds (240.06 k allocations: 236.340 MiB, 10.48% gc time)

  1.622690 seconds (214.24 k allocations: 210.512 MiB, 10.67% gc time)
  1.169171 seconds (135.31 k allocations: 132.768 MiB, 14.81% gc time)
  1.037311 seconds (46.25 k allocations: 45.944 MiB, 16.69% gc time)
7125
8495
879
9626
5889
4629
2130
  0.781635 seconds (72.15 k allocations: 76.411 MiB)
8496
  0.781007 seconds (45.27 k allocations: 50.444 MiB)
2131
  0.881528 seconds (524.01 k allocations: 512.013 MiB)
3378
  0.874682 seconds (240.22 k allocations: 238.978 MiB)
880
  0.871155 seconds (238.25 k allocations: 235.624 MiB)
9627
  0.876501 seconds (246.53 k allocations: 244.533 MiB)
  0.878824 seconds (247.87 k allocations: 247.171 MiB)
5890
7126
  0.974905 seconds (553.73 k allocations: 546.576 MiB)
4630
  0.773058 seconds (429.98 k allocations: 424.958 MiB)
8497
  0.766287 seconds (417.22 k allocations: 411.294 MiB)
3379
  0.862368 seconds (573.78 k allocations: 565.757 MiB)
2132
  0.865741 seconds (331.97 k allocations: 330.199 MiB)
881
  0.867815 seconds (327.80 k allocations: 323.493 MiB)
7127
  0.875346 seconds (339.23 k allocations: 337.848 MiB)
9628
  0.877287 seconds (352.09 k allocations: 348.738 MiB)
5891
  0.876748 seconds (553.16 k allocations: 544.816 MiB)
4631
  0.779232 seconds (494.93 k allocations: 488.286 MiB)
8498
  1.276304 seconds (530.60 k allocations: 522.192 MiB, 16.08% gc time)
  1.175608 seconds (451.63 k allocations: 444.398 MiB, 17.46% gc time)
  1.081502 seconds (143.79 k allocations: 143.392 MiB, 18.98% gc time)
  1.074541 seconds (135.61 k allocations: 133.117 MiB, 19.10% gc time)
  1.078985 seconds (139.37 k allocations: 137.963 MiB, 19.02% gc time)
  0.981205 seconds (57.02 k allocations: 55.897 MiB, 20.92% gc time)
  1.094093 seconds (193.07 k allocations: 192.443 MiB, 18.76% gc time)
7128
9629
5892
4632
882
2133
3380
  0.778180 seconds (457.32 k allocations: 446.227 MiB)
8499
  0.778501 seconds (251.94 k allocations: 249.471 MiB)
4633
  0.783369 seconds (134.07 k allocations: 131.544 MiB)
2134
  0.785359 seconds (139.36 k allocations: 137.568 MiB)
3381
  0.886818 seconds (316.11 k allocations: 311.359 MiB)
9630
  0.888716 seconds (317.74 k allocations: 313.914 MiB)
883
  0.892496 seconds (325.69 k allocations: 322.492 MiB)
5893
  0.892087 seconds (329.68 k allocations: 327.264 MiB)
7129
  0.777049 seconds (534.55 k allocations: 525.980 MiB)
8500
  0.773749 seconds (401.08 k allocations: 396.043 MiB)
2135
  0.880003 seconds (586.46 k allocations: 576.895 MiB)
4634
  0.882625 seconds (540.83 k allocations: 531.790 MiB)
3382
  0.867305 seconds (317.13 k allocations: 313.582 MiB)
884
  0.867869 seconds (318.78 k allocations: 314.955 MiB)
7130
  0.882952 seconds (355.74 k allocations: 354.967 MiB)
  0.877492 seconds (340.94 k allocations: 338.473 MiB)
9631
5894
  0.757492 seconds (553.38 k allocations: 545.495 MiB)
8501
  0.853529 seconds (553.37 k allocations: 545.476 MiB)
2136
  1.679819 seconds (514.39 k allocations: 505.902 MiB, 9.97% gc time)
  1.624756 seconds (451.84 k allocations: 444.838 MiB, 10.31% gc time)
  1.545423 seconds (146.82 k allocations: 144.875 MiB, 10.83% gc time)
  1.558836 seconds (184.22 k allocations: 183.127 MiB, 10.74% gc time)
  1.546411 seconds (148.09 k allocations: 146.346 MiB, 10.83% gc time)
  1.532035 seconds (136.08 k allocations: 133.631 MiB, 10.93% gc time)
  1.026978 seconds (57.55 k allocations: 56.814 MiB, 16.30% gc time)
3383
4635
9632
8502
885
7131
5895
  0.791197 seconds (470.98 k allocations: 459.292 MiB)
2137
  0.769189 seconds (79.17 k allocations: 77.985 MiB)
8503
  0.867386 seconds (162.20 k allocations: 163.350 MiB)
886
  0.867176 seconds (158.94 k allocations: 158.726 MiB)
9633
  0.870336 seconds (168.48 k allocations: 167.623 MiB)
7132
  0.973618 seconds (396.45 k allocations: 394.106 MiB)
4636
  0.975900 seconds (400.13 k allocations: 394.930 MiB)
5896
  0.977224 seconds (405.78 k allocations: 401.345 MiB)
3384
  0.778502 seconds (551.95 k allocations: 542.672 MiB)
2138
  0.779276 seconds (551.36 k allocations: 541.849 MiB)
8504
  0.880835 seconds (404.12 k allocations: 400.378 MiB)
887
  0.881194 seconds (401.12 k allocations: 397.256 MiB)
9634
  0.781779 seconds (188.08 k allocations: 188.925 MiB)
4637
  0.884658 seconds (416.56 k allocations: 412.777 MiB)
7133
  0.780704 seconds (192.73 k allocations: 194.181 MiB)
5897
  0.893089 seconds (553.23 k allocations: 545.013 MiB)
3385
  0.865001 seconds (550.62 k allocations: 541.418 MiB)
2139
  0.884022 seconds (553.17 k allocations: 544.848 MiB)
8505
  0.739724 seconds (212.70 k allocations: 210.190 MiB)
7134
  1.692901 seconds (221.86 k allocations: 219.949 MiB, 11.92% gc time)
  1.697505 seconds (236.33 k allocations: 236.246 MiB, 11.89% gc time)
  1.688088 seconds (218.56 k allocations: 215.582 MiB, 11.96% gc time)
  1.572571 seconds (139.72 k allocations: 137.985 MiB, 12.83% gc time)
  1.704570 seconds (271.33 k allocations: 270.980 MiB, 11.84% gc time)
  1.035541 seconds (60.84 k allocations: 60.367 MiB, 19.49% gc time)
5898
4638
9635
888
3386
2140
  0.777821 seconds (463.34 k allocations: 451.971 MiB)
8506
  0.782499 seconds (81.61 k allocations: 82.776 MiB)
2141
  0.865955 seconds (159.15 k allocations: 157.958 MiB)
9636
  0.969105 seconds (260.66 k allocations: 262.548 MiB)
889
  0.964794 seconds (242.10 k allocations: 239.627 MiB)
3387
  0.971808 seconds (252.90 k allocations: 250.938 MiB)
4639
  0.972865 seconds (259.94 k allocations: 258.640 MiB)
5899
  0.987778 seconds (317.53 k allocations: 320.848 MiB)
7135
  0.776329 seconds (553.29 k allocations: 545.222 MiB)
8507
  0.878866 seconds (553.31 k allocations: 545.286 MiB)
2142
  0.878182 seconds (553.16 k allocations: 544.797 MiB)
9637
  0.781728 seconds (188.78 k allocations: 186.077 MiB)
7136
  0.873946 seconds (362.58 k allocations: 360.737 MiB)
890
  0.885358 seconds (367.61 k allocations: 365.316 MiB)
3388
  0.881959 seconds (351.72 k allocations: 348.671 MiB)
4640
  0.882650 seconds (356.78 k allocations: 354.477 MiB)
5900
  0.770575 seconds (553.16 k allocations: 544.797 MiB)
8508
  0.760603 seconds (553.16 k allocations: 544.816 MiB)
2143
  1.561263 seconds (483.71 k allocations: 476.182 MiB, 11.04% gc time)
  1.449169 seconds (139.12 k allocations: 138.824 MiB, 11.89% gc time)
  1.535245 seconds (451.62 k allocations: 444.222 MiB, 11.22% gc time)
  1.465913 seconds (201.85 k allocations: 200.240 MiB, 11.75% gc time)
  1.445936 seconds (135.78 k allocations: 133.325 MiB, 11.92% gc time)
  1.445342 seconds (135.96 k allocations: 133.580 MiB, 11.92% gc time)
  1.005727 seconds (57.75 k allocations: 57.722 MiB, 17.13% gc time)
7137
8509
9638
3389
891
4641
5901
  0.777005 seconds (465.44 k allocations: 453.989 MiB)
2144
  0.788586 seconds (81.79 k allocations: 82.932 MiB)
8510
  0.859987 seconds (164.02 k allocations: 166.284 MiB)
9639
  0.862719 seconds (165.65 k allocations: 167.621 MiB)
  0.860791 seconds (161.78 k allocations: 161.738 MiB)
892
4642
  0.862176 seconds (167.48 k allocations: 167.659 MiB)
5902
  0.865423 seconds (190.20 k allocations: 190.387 MiB)
7138
  0.966053 seconds (553.19 k allocations: 544.905 MiB)
3390
  0.878790 seconds (553.19 k allocations: 544.899 MiB)
2145
  0.773382 seconds (177.99 k allocations: 178.412 MiB)
9640
  0.881678 seconds (600.51 k allocations: 591.135 MiB)
8511
  0.879891 seconds (328.05 k allocations: 326.402 MiB)
893
  0.880320 seconds (325.18 k allocations: 322.202 MiB)
4643
  0.883029 seconds (333.50 k allocations: 331.139 MiB)
5903
  0.883173 seconds (351.50 k allocations: 348.110 MiB)
7139
  0.871640 seconds (553.17 k allocations: 544.829 MiB)
3391
  0.775545 seconds (395.15 k allocations: 389.273 MiB)
8512
  0.878269 seconds (557.93 k allocations: 549.446 MiB)
2146
  1.240549 seconds (555.02 k allocations: 545.446 MiB, 12.19% gc time)
  1.130336 seconds (216.48 k allocations: 213.859 MiB, 13.38% gc time)
  1.125601 seconds (206.63 k allocations: 203.214 MiB, 13.43% gc time)
  1.028766 seconds (114.79 k allocations: 112.007 MiB, 14.70% gc time)
  1.132804 seconds (223.90 k allocations: 222.284 MiB, 13.35% gc time)
  1.113583 seconds (194.16 k allocations: 190.415 MiB, 13.58% gc time)
9641
5904
4644
894
3392
7140
  0.776103 seconds (408.38 k allocations: 399.389 MiB)
8513
  0.820592 seconds (429.24 k allocations: 419.115 MiB)
2147
  0.887747 seconds (158.06 k allocations: 155.714 MiB)
3393
  0.894844 seconds (163.29 k allocations: 162.933 MiB)
5905
  0.901349 seconds (184.88 k allocations: 183.330 MiB)
7141
  0.917015 seconds (230.54 k allocations: 229.258 MiB)
9642
  1.024262 seconds (474.76 k allocations: 468.841 MiB)
  1.023912 seconds (474.42 k allocations: 467.758 MiB)
895
4645
  0.777017 seconds (552.14 k allocations: 542.872 MiB)
8514
  0.878706 seconds (553.17 k allocations: 544.835 MiB)
2148
  0.778739 seconds (339.83 k allocations: 335.272 MiB)
5906
  0.763746 seconds (336.48 k allocations: 331.831 MiB)
9643
  0.873200 seconds (530.23 k allocations: 524.362 MiB)
3394
  0.887535 seconds (529.88 k allocations: 522.537 MiB)
7142
  0.874453 seconds (474.16 k allocations: 467.054 MiB)
896
  0.880595 seconds (478.87 k allocations: 472.538 MiB)
4646
  0.776644 seconds (553.18 k allocations: 544.886 MiB)
8515
  0.879639 seconds (530.06 k allocations: 520.778 MiB)
2149
  0.881797 seconds (475.51 k allocations: 468.325 MiB)
5907
  0.879022 seconds (485.39 k allocations: 478.768 MiB)
  0.778633 seconds (329.04 k allocations: 325.716 MiB)
9644
7143
  0.879839 seconds (434.12 k allocations: 428.555 MiB)
3395
  0.873982 seconds (330.67 k allocations: 326.134 MiB)
897
  0.880604 seconds (333.64 k allocations: 328.729 MiB)
4647
  0.935235 seconds (174.26 k allocations: 170.748 MiB, 17.14% gc time)
  1.198358 seconds (266.29 k allocations: 263.046 MiB, 13.38% gc time)
8516
2150
  0.761269 seconds (318.47 k allocations: 313.334 MiB)
5908
  0.761147 seconds (140.97 k allocations: 140.804 MiB)
8517
  0.767681 seconds (130.25 k allocations: 130.299 MiB)
2151
  0.875936 seconds (405.96 k allocations: 402.500 MiB)
9645
  0.976378 seconds (462.57 k allocations: 457.660 MiB)
7144
  0.973612 seconds (400.68 k allocations: 396.962 MiB)
3396
  0.957534 seconds (358.13 k allocations: 353.577 MiB)
898
  0.965741 seconds (397.78 k allocations: 392.506 MiB)
4648
  0.777051 seconds (439.85 k allocations: 433.205 MiB)
8518
  0.883290 seconds (598.32 k allocations: 588.140 MiB)
5909
  0.773949 seconds (437.86 k allocations: 431.141 MiB)
9646
  0.877523 seconds (602.86 k allocations: 593.463 MiB)
2152
  0.779970 seconds (406.79 k allocations: 401.856 MiB)
7145
  0.759167 seconds (329.06 k allocations: 326.038 MiB)
899
  0.882318 seconds (506.07 k allocations: 500.089 MiB)
3397
  0.881843 seconds (495.82 k allocations: 489.149 MiB)
4649
  0.774689 seconds (368.01 k allocations: 362.582 MiB)
9647
  0.888906 seconds (580.06 k allocations: 570.908 MiB)
8519
  0.883745 seconds (558.20 k allocations: 549.980 MiB)
5910
  1.618295 seconds (153.07 k allocations: 150.690 MiB, 9.52% gc time)
  1.825314 seconds (469.30 k allocations: 462.473 MiB, 8.44% gc time)
  1.634515 seconds (172.63 k allocations: 170.591 MiB, 9.43% gc time)
  1.029568 seconds (46.23 k allocations: 45.231 MiB, 14.97% gc time)
  1.751320 seconds (313.85 k allocations: 310.468 MiB, 8.80% gc time)
  1.747784 seconds (311.58 k allocations: 307.049 MiB, 8.82% gc time)
4650
3398
2153
900
9648
7146
  0.760466 seconds (454.06 k allocations: 443.094 MiB)
8520
  0.863063 seconds (167.56 k allocations: 169.886 MiB)
5911
  0.858888 seconds (98.76 k allocations: 101.355 MiB)
  0.868438 seconds (138.88 k allocations: 142.478 MiB)
4651
9649
  0.869781 seconds (137.16 k allocations: 140.075 MiB)
901
  0.964732 seconds (395.10 k allocations: 389.095 MiB)
3399
  1.021156 seconds (463.39 k allocations: 456.687 MiB)
2154
  1.023973 seconds (475.35 k allocations: 467.904 MiB)
7147
  0.776602 seconds (553.19 k allocations: 544.899 MiB)
8521
  0.780191 seconds (383.48 k allocations: 379.584 MiB)
5912
  0.773819 seconds (352.45 k allocations: 348.420 MiB)
9650
  0.759442 seconds (381.12 k allocations: 373.827 MiB)
3400
  0.880382 seconds (514.98 k allocations: 508.427 MiB)
4652
  0.880637 seconds (577.31 k allocations: 567.818 MiB)
902
  0.889641 seconds (479.88 k allocations: 473.794 MiB)
2155
  0.885509 seconds (476.16 k allocations: 470.349 MiB)
7148
  0.776953 seconds (553.36 k allocations: 545.438 MiB)
8522
  0.758270 seconds (312.56 k allocations: 308.553 MiB)
3401
  0.882880 seconds (501.29 k allocations: 495.552 MiB)
5913
  0.878192 seconds (497.61 k allocations: 491.808 MiB)
9651
  1.595174 seconds (457.11 k allocations: 448.582 MiB, 10.35% gc time)
  1.413950 seconds (248.00 k allocations: 243.685 MiB, 11.67% gc time)
  1.406087 seconds (240.90 k allocations: 235.669 MiB, 11.74% gc time)
  1.529046 seconds (399.32 k allocations: 392.114 MiB, 10.79% gc time)
  1.045663 seconds (162.26 k allocations: 158.368 MiB, 15.78% gc time)
2156
8523
4653
903
7149
  0.753574 seconds (445.31 k allocations: 434.709 MiB)
5914
  0.769068 seconds (148.05 k allocations: 147.561 MiB)
2157
  0.783569 seconds (165.28 k allocations: 165.027 MiB)
904
  0.840658 seconds (342.59 k allocations: 338.147 MiB)
9652
  0.852888 seconds (311.25 k allocations: 305.484 MiB)
7150
  0.863736 seconds (325.77 k allocations: 322.803 MiB)
8524
  0.978866 seconds (696.27 k allocations: 685.676 MiB)
3402
  0.962635 seconds (528.72 k allocations: 522.691 MiB)
4654
  0.774900 seconds (370.46 k allocations: 364.600 MiB)
905
  0.877919 seconds (556.96 k allocations: 549.481 MiB)
5915
  0.772862 seconds (400.92 k allocations: 393.554 MiB)
9653
  0.880454 seconds (627.60 k allocations: 617.309 MiB)
2158
  0.777192 seconds (406.80 k allocations: 400.350 MiB)
8525
  0.884222 seconds (556.12 k allocations: 548.944 MiB)
7151
  0.880351 seconds (513.38 k allocations: 505.835 MiB)
3403
  0.879413 seconds (511.88 k allocations: 504.165 MiB)
4655
  0.876505 seconds (445.67 k allocations: 440.080 MiB)
5916
  0.872575 seconds (433.83 k allocations: 428.492 MiB)
906
  0.878612 seconds (461.84 k allocations: 454.093 MiB)
9654
  1.764405 seconds (329.04 k allocations: 322.857 MiB, 8.54% gc time)
  1.703456 seconds (208.26 k allocations: 204.715 MiB, 8.84% gc time)
  1.854377 seconds (408.63 k allocations: 401.948 MiB, 8.12% gc time)
  1.030608 seconds (30.47 k allocations: 29.192 MiB, 14.61% gc time)
  1.866005 seconds (417.37 k allocations: 411.491 MiB, 8.07% gc time)
  1.675318 seconds (171.79 k allocations: 168.585 MiB, 8.99% gc time)
7152
5917
2159
4656
8526
3404
  0.758247 seconds (437.63 k allocations: 427.395 MiB)
907
  0.786826 seconds (99.00 k allocations: 103.083 MiB)
5918
  0.849374 seconds (331.38 k allocations: 327.678 MiB)
9655
  0.849486 seconds (212.47 k allocations: 209.137 MiB)
  0.855260 seconds (225.04 k allocations: 225.778 MiB)
7153
8527
  0.961125 seconds (401.02 k allocations: 398.876 MiB)
  0.956851 seconds (395.81 k allocations: 391.151 MiB)
4657
3405
  0.966889 seconds (419.32 k allocations: 414.657 MiB)
2160
  0.864833 seconds (553.33 k allocations: 545.349 MiB)
908
  0.776828 seconds (317.90 k allocations: 314.310 MiB)
8528
  0.881437 seconds (552.64 k allocations: 544.389 MiB)
5919
  0.884974 seconds (544.58 k allocations: 535.737 MiB)
9656
  0.776299 seconds (304.65 k allocations: 300.545 MiB)
4658
  0.882818 seconds (529.99 k allocations: 522.609 MiB)
7154
  0.865057 seconds (489.65 k allocations: 483.247 MiB)
3406
  0.883030 seconds (513.85 k allocations: 506.151 MiB)
2161
  0.758418 seconds (553.23 k allocations: 545.032 MiB)
909
  0.779988 seconds (436.96 k allocations: 430.429 MiB)
5920
  0.775013 seconds (369.50 k allocations: 363.642 MiB)
9657
  1.822377 seconds (614.16 k allocations: 604.225 MiB, 13.16% gc time)
  1.715033 seconds (340.98 k allocations: 336.116 MiB, 13.98% gc time)
  1.627049 seconds (215.86 k allocations: 211.982 MiB, 14.74% gc time)
  1.596557 seconds (176.81 k allocations: 173.515 MiB, 15.02% gc time)
  1.708015 seconds (334.94 k allocations: 329.294 MiB, 14.04% gc time)
  1.094724 seconds (98.19 k allocations: 96.391 MiB, 21.91% gc time)
4659
3407
910
8529
2162
7155
  0.877099 seconds (427.71 k allocations: 417.896 MiB)
5921
  0.866707 seconds (271.21 k allocations: 267.887 MiB)
9658
  0.848027 seconds (100.01 k allocations: 97.737 MiB)
7156
  0.851137 seconds (114.71 k allocations: 112.770 MiB)
3408
  0.854142 seconds (128.37 k allocations: 126.814 MiB)
  0.856201 seconds (130.14 k allocations: 128.823 MiB)
8530
4660
  0.874080 seconds (242.33 k allocations: 241.488 MiB)
911
  0.948552 seconds (553.18 k allocations: 544.873 MiB)
2163
  0.766332 seconds (464.79 k allocations: 455.330 MiB)
5922
  0.762752 seconds (332.67 k allocations: 327.649 MiB)
9659
  0.763264 seconds (212.52 k allocations: 208.733 MiB)
3409
  0.765766 seconds (223.12 k allocations: 219.856 MiB)
8531
  0.816929 seconds (395.11 k allocations: 389.133 MiB)
912
  0.869618 seconds (462.60 k allocations: 459.603 MiB)
7157
  0.868915 seconds (455.76 k allocations: 450.425 MiB)
4661
  0.868540 seconds (553.19 k allocations: 544.911 MiB)
2164
  0.775463 seconds (410.17 k allocations: 403.880 MiB)
9660
  0.882565 seconds (556.38 k allocations: 547.530 MiB)
5923
  0.761877 seconds (201.62 k allocations: 198.647 MiB)
7158
  0.775827 seconds (234.49 k allocations: 231.110 MiB)
4662
  0.882446 seconds (478.37 k allocations: 473.396 MiB)
3410
  0.881786 seconds (483.03 k allocations: 477.963 MiB)
8532
  0.873503 seconds (382.69 k allocations: 379.896 MiB)
913
  0.878390 seconds (356.60 k allocations: 351.209 MiB)
2165
  0.971896 seconds (194.25 k allocations: 187.825 MiB, 19.01% gc time)
  1.063241 seconds (311.55 k allocations: 306.561 MiB, 17.38% gc time)
9661
5924
  0.777035 seconds (285.38 k allocations: 281.685 MiB)
8533
  0.782027 seconds (83.49 k allocations: 83.345 MiB)
9662
  0.892931 seconds (335.22 k allocations: 331.452 MiB)
7159
  0.870440 seconds (209.42 k allocations: 208.377 MiB)
914
  0.901538 seconds (309.92 k allocations: 307.958 MiB)
4663
  0.885435 seconds (251.21 k allocations: 251.551 MiB)
5925
  1.014966 seconds (587.79 k allocations: 581.062 MiB)
3411
  0.988439 seconds (498.43 k allocations: 491.672 MiB)
2166
  0.776465 seconds (553.54 k allocations: 546.028 MiB)
8534
  0.770005 seconds (543.73 k allocations: 535.655 MiB)
9663
  0.773393 seconds (381.35 k allocations: 376.765 MiB)
7160
  0.756614 seconds (324.89 k allocations: 321.284 MiB)
5926
  0.873510 seconds (485.16 k allocations: 480.515 MiB)
915
  0.879274 seconds (489.31 k allocations: 484.242 MiB)
4664
  0.867097 seconds (498.05 k allocations: 491.192 MiB)
3412
  0.874255 seconds (487.19 k allocations: 480.557 MiB)
2167
  0.778837 seconds (553.16 k allocations: 544.810 MiB)
8535
  0.781861 seconds (402.02 k allocations: 397.015 MiB)
7161
  0.881554 seconds (600.05 k allocations: 589.188 MiB)
9664
  0.761799 seconds (373.37 k allocations: 368.365 MiB)
916
  1.878136 seconds (539.99 k allocations: 531.988 MiB, 9.59% gc time)
  1.761641 seconds (382.01 k allocations: 376.389 MiB, 10.23% gc time)
  1.626354 seconds (224.25 k allocations: 221.078 MiB, 11.08% gc time)
  1.627363 seconds (224.16 k allocations: 220.907 MiB, 11.07% gc time)
  1.188417 seconds (145.52 k allocations: 143.667 MiB, 15.16% gc time)
  1.038795 seconds (46.45 k allocations: 46.016 MiB, 17.34% gc time)
2168
5927
8536
4665
3413
7162
  0.788236 seconds (2 allocations: 12.766 KiB)
7163
  0.885259 seconds (476.67 k allocations: 465.695 MiB)
9665
  0.806259 seconds (25.81 k allocations: 26.728 MiB)
8537
  0.879251 seconds (309.99 k allocations: 309.500 MiB)
917
  0.877267 seconds (256.98 k allocations: 253.620 MiB)
5928
  0.967047 seconds (397.09 k allocations: 393.584 MiB)
2169
  0.969228 seconds (398.14 k allocations: 394.372 MiB)
3414
  0.984903 seconds (440.13 k allocations: 434.346 MiB)
4666
  0.748751 seconds (399.78 k allocations: 394.871 MiB)
9666
  0.752855 seconds (401.34 k allocations: 395.152 MiB)
8538
  0.857280 seconds (582.65 k allocations: 575.493 MiB)
7164
  0.856031 seconds (474.15 k allocations: 467.016 MiB)
  0.857120 seconds (474.68 k allocations: 468.469 MiB)
  0.754805 seconds (237.67 k allocations: 235.069 MiB)
5929
4667
918
  0.856685 seconds (487.52 k allocations: 480.997 MiB)
2170
  0.860370 seconds (493.66 k allocations: 486.614 MiB)
3415
  0.878464 seconds (483.80 k allocations: 477.498 MiB)
9667
  0.881449 seconds (489.01 k allocations: 482.246 MiB)
8539
  1.817545 seconds (324.43 k allocations: 319.355 MiB, 10.28% gc time)
  1.902914 seconds (530.55 k allocations: 521.996 MiB, 9.81% gc time)
  1.725765 seconds (135.42 k allocations: 132.790 MiB, 10.82% gc time)
  1.735653 seconds (146.57 k allocations: 144.699 MiB, 10.76% gc time)
  1.816098 seconds (323.40 k allocations: 318.426 MiB, 10.28% gc time)
  1.071604 seconds (9.24 k allocations: 9.195 MiB, 17.43% gc time)
  1.780757 seconds (264.23 k allocations: 259.296 MiB, 10.49% gc time)
5930
9668
7165
2171
919
4668
3416
  0.783530 seconds (476.47 k allocations: 464.524 MiB)
8540
  0.880378 seconds (224.64 k allocations: 224.902 MiB)
9669
  0.869500 seconds (116.67 k allocations: 120.086 MiB)
2172
  0.887062 seconds (163.71 k allocations: 166.138 MiB)
920
  0.972220 seconds (326.33 k allocations: 323.946 MiB)
3417
  0.976998 seconds (333.69 k allocations: 329.530 MiB)
7166
  0.989525 seconds (353.49 k allocations: 351.921 MiB)
  0.986001 seconds (351.36 k allocations: 348.397 MiB)
5931
4669
  0.773284 seconds (553.19 k allocations: 544.892 MiB)
8541
  0.751120 seconds (457.62 k allocations: 451.480 MiB)
9670
  0.743209 seconds (175.97 k allocations: 175.612 MiB)
7167
  0.861190 seconds (493.09 k allocations: 487.698 MiB)
2173
  0.862763 seconds (517.71 k allocations: 511.037 MiB)
921
  0.862120 seconds (454.58 k allocations: 448.861 MiB)
3418
  0.864258 seconds (422.12 k allocations: 416.371 MiB)
5932
  0.869878 seconds (439.09 k allocations: 433.646 MiB)
4670
  0.771858 seconds (553.35 k allocations: 545.400 MiB)
8542
  0.877345 seconds (553.20 k allocations: 544.924 MiB)
9671
  1.489070 seconds (195.58 k allocations: 192.802 MiB, 10.40% gc time)
  1.591612 seconds (412.53 k allocations: 405.865 MiB, 9.73% gc time)
  1.590348 seconds (411.45 k allocations: 404.819 MiB, 9.74% gc time)
  1.462132 seconds (135.23 k allocations: 132.604 MiB, 10.59% gc time)
  1.468586 seconds (141.97 k allocations: 140.445 MiB, 10.55% gc time)
  1.036196 seconds (56.85 k allocations: 55.959 MiB, 14.95% gc time)
  1.545018 seconds (366.51 k allocations: 360.152 MiB, 10.02% gc time)
5933
4671
3419
2174
7168
922
8543
  0.786324 seconds (1.98 k allocations: 5.569 MiB)
8544
  0.873671 seconds (468.44 k allocations: 457.818 MiB)
9672
  0.862230 seconds (167.10 k allocations: 169.244 MiB)
4672
  0.863390 seconds (164.57 k allocations: 162.901 MiB)
2175
  0.869281 seconds (177.96 k allocations: 176.677 MiB)
7169
  0.881338 seconds (221.31 k allocations: 219.218 MiB)
923
  0.968431 seconds (482.23 k allocations: 479.689 MiB)
5934
  0.971139 seconds (481.81 k allocations: 475.373 MiB)
3420
  0.768095 seconds (477.70 k allocations: 471.667 MiB)
8545
  0.779033 seconds (493.49 k allocations: 486.596 MiB)
9673
  0.747597 seconds (167.94 k allocations: 166.449 MiB)
5935
  0.865141 seconds (385.35 k allocations: 382.413 MiB)
4673
  0.867015 seconds (382.42 k allocations: 379.361 MiB)
2176
  0.870922 seconds (406.55 k allocations: 402.214 MiB)
7170
  0.867989 seconds (432.34 k allocations: 426.642 MiB)
924
  0.866104 seconds (553.23 k allocations: 545.032 MiB)
3421
  0.864247 seconds (491.37 k allocations: 484.765 MiB)
8546
  0.861491 seconds (485.81 k allocations: 479.241 MiB)
9674
  1.145353 seconds (271.32 k allocations: 267.628 MiB, 13.65% gc time)
  1.150155 seconds (291.79 k allocations: 288.424 MiB, 13.59% gc time)
  1.133910 seconds (228.12 k allocations: 224.991 MiB, 13.79% gc time)
  1.030167 seconds (114.54 k allocations: 111.974 MiB, 15.18% gc time)
  1.117991 seconds (193.69 k allocations: 190.036 MiB, 13.98% gc time)
  1.116795 seconds (193.74 k allocations: 190.064 MiB, 14.00% gc time)
4674
5936
2177
7171
3422
925
  0.777562 seconds (392.46 k allocations: 384.144 MiB)
8547
  0.788399 seconds (79.04 k allocations: 77.889 MiB)
2178
  0.902714 seconds (458.69 k allocations: 449.552 MiB)
9675
  0.883180 seconds (336.01 k allocations: 331.894 MiB)
4675
  0.886433 seconds (292.23 k allocations: 286.085 MiB)
926
  0.893482 seconds (311.24 k allocations: 311.353 MiB)
5937
  0.892728 seconds (319.97 k allocations: 315.852 MiB)
3423
  0.895791 seconds (327.35 k allocations: 323.909 MiB)
7172
  0.777359 seconds (553.17 k allocations: 544.854 MiB)
8548
  0.762244 seconds (79.03 k allocations: 77.857 MiB)
7173
  0.878104 seconds (519.47 k allocations: 511.643 MiB)
2179
  0.877232 seconds (509.00 k allocations: 500.286 MiB)
9676
  0.882262 seconds (512.84 k allocations: 500.900 MiB)
4676
  0.872632 seconds (381.86 k allocations: 377.766 MiB)
927
  0.881395 seconds (408.77 k allocations: 404.526 MiB)
5938
  0.881165 seconds (417.01 k allocations: 412.174 MiB)
3424
  0.765259 seconds (553.20 k allocations: 544.937 MiB)
8549
  0.757442 seconds (333.18 k allocations: 327.902 MiB)
9677
  0.855223 seconds (529.03 k allocations: 519.794 MiB)
7174
  0.753539 seconds (167.69 k allocations: 165.879 MiB)
  0.859502 seconds (523.32 k allocations: 516.216 MiB)
3425
2180
  0.862701 seconds (418.71 k allocations: 411.727 MiB)
4677
  0.847637 seconds (304.26 k allocations: 302.266 MiB)
928
  0.852814 seconds (293.54 k allocations: 291.778 MiB)
5939
  1.077546 seconds (251.46 k allocations: 245.898 MiB, 19.04% gc time)
  1.303994 seconds (334.27 k allocations: 328.315 MiB, 15.73% gc time)
9678
8550
  0.773739 seconds (18.70 k allocations: 19.141 MiB)
9679
  0.873449 seconds (308.10 k allocations: 304.382 MiB)
7175
  0.864192 seconds (158.05 k allocations: 155.670 MiB)
8551
  0.997195 seconds (402.76 k allocations: 399.436 MiB)
4678
  1.001045 seconds (390.61 k allocations: 387.574 MiB)
3426
  1.000988 seconds (381.60 k allocations: 378.720 MiB)
2181
  0.983046 seconds (320.38 k allocations: 319.864 MiB)
5940
  0.988632 seconds (365.86 k allocations: 361.914 MiB)
929
  0.776008 seconds (474.16 k allocations: 467.041 MiB)
7176
  0.878315 seconds (599.50 k allocations: 590.461 MiB)
9680
  0.778174 seconds (487.73 k allocations: 481.018 MiB)
8552
  0.792084 seconds (237.09 k allocations: 233.552 MiB)
930
  0.880145 seconds (410.22 k allocations: 405.132 MiB)
4679
  0.880351 seconds (381.13 k allocations: 378.318 MiB)
3427
  0.876540 seconds (359.85 k allocations: 357.734 MiB)
2182
  0.880763 seconds (381.64 k allocations: 378.354 MiB)
5941
  0.879535 seconds (553.19 k allocations: 544.911 MiB)
7177
  0.877363 seconds (494.19 k allocations: 487.514 MiB)
9681
  0.881304 seconds (501.22 k allocations: 494.006 MiB)
8553
  1.689558 seconds (221.44 k allocations: 219.845 MiB, 9.94% gc time)
  1.679481 seconds (183.22 k allocations: 182.015 MiB, 10.00% gc time)
  1.675418 seconds (174.75 k allocations: 172.773 MiB, 10.03% gc time)
  1.745030 seconds (472.05 k allocations: 463.948 MiB, 9.63% gc time)
  1.666445 seconds (164.93 k allocations: 162.203 MiB, 10.08% gc time)
  0.998397 seconds (86.47 k allocations: 85.321 MiB, 16.83% gc time)
4680
5942
3428
2183
931
7178
  0.774198 seconds (439.03 k allocations: 428.721 MiB)
9682
  0.879085 seconds (249.33 k allocations: 248.183 MiB)
8554
  0.863339 seconds (100.59 k allocations: 99.480 MiB)
3429
  0.870473 seconds (112.27 k allocations: 114.113 MiB)
4681
  0.886184 seconds (184.80 k allocations: 182.110 MiB)
7179
  0.967370 seconds (395.16 k allocations: 389.292 MiB)
932
  0.970970 seconds (396.87 k allocations: 391.961 MiB)
2184
  0.977681 seconds (407.36 k allocations: 404.207 MiB)
5943
  0.775072 seconds (553.22 k allocations: 544.994 MiB)
9683
  0.777581 seconds (415.88 k allocations: 410.518 MiB)
8555
  0.776298 seconds (366.56 k allocations: 363.101 MiB)
3430
  0.777931 seconds (371.29 k allocations: 367.397 MiB)
4682
  0.879897 seconds (553.18 k allocations: 544.867 MiB)
7180
  0.881769 seconds (491.68 k allocations: 484.028 MiB)
2185
  0.871010 seconds (479.92 k allocations: 472.486 MiB)
933
  0.900382 seconds (553.15 k allocations: 544.772 MiB)
5944
  0.774952 seconds (553.15 k allocations: 544.784 MiB)
9684
  0.781657 seconds (447.80 k allocations: 442.029 MiB)
8556
  0.873115 seconds (488.61 k allocations: 482.457 MiB)
3431
  0.758162 seconds (405.37 k allocations: 400.413 MiB)
7181
  0.879904 seconds (505.95 k allocations: 499.826 MiB)
4683
  0.776892 seconds (370.84 k allocations: 366.144 MiB)
2186
  1.514092 seconds (348.55 k allocations: 342.364 MiB, 10.94% gc time)
  1.190741 seconds (269.90 k allocations: 264.850 MiB, 13.91% gc time)
  1.600522 seconds (427.96 k allocations: 420.552 MiB, 10.35% gc time)
  1.028429 seconds (191.85 k allocations: 188.012 MiB, 16.11% gc time)
934
5945
9685
8557
  0.776846 seconds (31.32 k allocations: 33.650 MiB)
8558
  0.869717 seconds (351.86 k allocations: 346.283 MiB)
3432
  0.947121 seconds (362.95 k allocations: 357.921 MiB)
2187
  0.903078 seconds (184.99 k allocations: 183.729 MiB)
5946
  0.908972 seconds (206.03 k allocations: 203.619 MiB)
935
  1.038424 seconds (588.00 k allocations: 578.679 MiB)
7182
  1.031999 seconds (546.18 k allocations: 539.643 MiB)
4684
  0.990574 seconds (424.38 k allocations: 420.376 MiB)
9686
  0.777175 seconds (493.81 k allocations: 487.037 MiB)
8559
  0.882359 seconds (553.16 k allocations: 544.810 MiB)
3433
  0.779455 seconds (356.19 k allocations: 351.898 MiB)
5947
  0.775317 seconds (355.23 k allocations: 349.785 MiB)
936
  0.777102 seconds (322.27 k allocations: 318.459 MiB)
4685
  0.883742 seconds (626.31 k allocations: 618.238 MiB)
2188
  0.793852 seconds (352.14 k allocations: 350.212 MiB)
7183
  0.870859 seconds (553.17 k allocations: 544.848 MiB)
9687
  0.882346 seconds (553.19 k allocations: 544.911 MiB)
8560
  1.226181 seconds (443.54 k allocations: 436.776 MiB, 12.53% gc time)
  1.198888 seconds (373.36 k allocations: 368.389 MiB, 12.81% gc time)
  1.125685 seconds (154.74 k allocations: 153.814 MiB, 13.65% gc time)
  1.196396 seconds (372.44 k allocations: 366.321 MiB, 12.84% gc time)
  1.119329 seconds (141.21 k allocations: 139.739 MiB, 13.72% gc time)
  1.024099 seconds (56.82 k allocations: 55.772 MiB, 15.00% gc time)
  1.113080 seconds (136.11 k allocations: 134.201 MiB, 13.80% gc time)
4686
5948
9688
3434
937
2189
7184
  0.776978 seconds (480.11 k allocations: 468.018 MiB)
8561
  0.780009 seconds (80.97 k allocations: 80.939 MiB)
9689
  0.782778 seconds (84.95 k allocations: 88.171 MiB)
5949
  0.795546 seconds (116.58 k allocations: 119.483 MiB)
938
  0.883918 seconds (469.66 k allocations: 463.244 MiB)
4687
  0.883216 seconds (347.63 k allocations: 341.319 MiB)
3435
  0.886014 seconds (355.25 k allocations: 349.637 MiB)
  0.884285 seconds (356.92 k allocations: 351.802 MiB)
2190
7185
  0.777389 seconds (553.21 k allocations: 544.956 MiB)
8562
  0.791457 seconds (432.96 k allocations: 427.865 MiB)
9690
  0.758807 seconds (161.32 k allocations: 161.361 MiB)
3436
  0.758511 seconds (160.24 k allocations: 158.909 MiB)
7186
  0.882101 seconds (577.73 k allocations: 568.545 MiB)
5950
  0.871491 seconds (568.31 k allocations: 556.274 MiB)
939
  0.880803 seconds (531.11 k allocations: 522.901 MiB)
4688
  0.882108 seconds (490.81 k allocations: 482.856 MiB)
2191
  0.776368 seconds (553.23 k allocations: 545.019 MiB)
8563
  0.879308 seconds (553.18 k allocations: 544.860 MiB)
9691
  0.777699 seconds (281.82 k allocations: 277.534 MiB)
5951
  0.776383 seconds (190.71 k allocations: 189.152 MiB)
4689
  0.873298 seconds (440.10 k allocations: 434.428 MiB)
7187
  0.873930 seconds (441.98 k allocations: 435.988 MiB)
3437
  0.869629 seconds (301.43 k allocations: 296.899 MiB)
940
  1.587185 seconds (279.59 k allocations: 275.749 MiB, 10.99% gc time)
  1.055749 seconds (201.08 k allocations: 198.426 MiB, 16.52% gc time)
2192
8564
  0.774005 seconds (1 allocation: 12.688 KiB)
8565
  0.868215 seconds (334.13 k allocations: 329.361 MiB)
9692
  0.841549 seconds (159.34 k allocations: 159.396 MiB)
7188
  0.892613 seconds (372.45 k allocations: 368.010 MiB)
5952
  0.973757 seconds (461.36 k allocations: 456.536 MiB)
4690
  0.950471 seconds (366.74 k allocations: 364.459 MiB)
3438
  0.940776 seconds (337.82 k allocations: 335.352 MiB)
941
  0.941546 seconds (344.06 k allocations: 342.321 MiB)
2193
  0.771988 seconds (462.60 k allocations: 455.212 MiB)
8566
  0.767184 seconds (386.96 k allocations: 381.351 MiB)
7189
  0.878607 seconds (567.02 k allocations: 558.346 MiB)
9693
  0.879585 seconds (536.80 k allocations: 527.994 MiB)
5953
  0.777453 seconds (225.69 k allocations: 222.454 MiB)
2194
  0.872593 seconds (408.89 k allocations: 404.866 MiB)
3439
  0.869870 seconds (398.41 k allocations: 393.379 MiB)
942
  0.881930 seconds (427.08 k allocations: 425.462 MiB)
4691
  0.884240 seconds (521.75 k allocations: 513.821 MiB)
8567
  0.883199 seconds (512.12 k allocations: 504.399 MiB)
7190
  1.194492 seconds (441.24 k allocations: 433.318 MiB, 14.14% gc time)
  1.055987 seconds (83.04 k allocations: 83.935 MiB, 16.00% gc time)
  1.052857 seconds (76.99 k allocations: 76.932 MiB, 16.05% gc time)
  1.140441 seconds (315.58 k allocations: 311.875 MiB, 14.81% gc time)
  1.049481 seconds (75.12 k allocations: 74.047 MiB, 16.10% gc time)
  1.135710 seconds (312.18 k allocations: 307.511 MiB, 14.88% gc time)
4692
9694
3440
943
2195
5954
  0.779125 seconds (447.86 k allocations: 437.140 MiB)
8568
  0.776319 seconds (189.98 k allocations: 191.439 MiB)
7191
  0.786917 seconds (122.33 k allocations: 124.015 MiB)
944
  0.790505 seconds (134.88 k allocations: 133.327 MiB)
9695
  0.794132 seconds (151.81 k allocations: 150.506 MiB)
5955
  0.891731 seconds (403.34 k allocations: 401.968 MiB)
4693
  0.893498 seconds (402.27 k allocations: 397.061 MiB)
  0.895539 seconds (403.75 k allocations: 399.997 MiB)
3441
2196
  0.776802 seconds (552.87 k allocations: 543.995 MiB)
8569
  0.879959 seconds (449.24 k allocations: 442.455 MiB)
7192
  0.879226 seconds (362.45 k allocations: 359.148 MiB)
9696
  0.878973 seconds (368.92 k allocations: 363.903 MiB)
945
  0.882848 seconds (376.82 k allocations: 372.432 MiB)
5956
  0.795434 seconds (185.99 k allocations: 185.342 MiB)
2197
  0.795616 seconds (197.78 k allocations: 196.411 MiB)
3442
  0.880817 seconds (510.06 k allocations: 501.144 MiB)
4694
  0.752561 seconds (553.17 k allocations: 544.848 MiB)
8570
  0.742901 seconds (444.80 k allocations: 436.283 MiB)
7193
  0.729059 seconds (296.84 k allocations: 294.453 MiB)
5957
  1.599274 seconds (306.06 k allocations: 302.013 MiB, 10.07% gc time)
  1.541560 seconds (185.10 k allocations: 181.370 MiB, 10.44% gc time)
  1.582051 seconds (261.31 k allocations: 257.957 MiB, 10.18% gc time)
  1.578331 seconds (253.95 k allocations: 249.672 MiB, 10.20% gc time)
  1.550767 seconds (195.94 k allocations: 193.392 MiB, 10.38% gc time)
  1.033992 seconds (107.19 k allocations: 105.357 MiB, 15.57% gc time)
2198
3443
9697
946
8571
4695
  0.790459 seconds (3 allocations: 12.844 KiB)
8572
  0.893096 seconds (511.99 k allocations: 499.489 MiB)
7194
  0.851320 seconds (142.85 k allocations: 139.879 MiB)
947
  0.908013 seconds (360.67 k allocations: 357.874 MiB)
5958
  0.876782 seconds (196.09 k allocations: 194.030 MiB)
9698
  0.880559 seconds (214.85 k allocations: 213.000 MiB)
4696
  0.977364 seconds (474.77 k allocations: 468.823 MiB)
3444
  0.980546 seconds (477.72 k allocations: 471.485 MiB)
2199
  0.777560 seconds (483.46 k allocations: 476.229 MiB)
8573
  0.775176 seconds (466.57 k allocations: 459.883 MiB)
7195
  0.775321 seconds (321.28 k allocations: 317.629 MiB)
9699
  0.779517 seconds (325.76 k allocations: 322.903 MiB)
5959
  0.777658 seconds (328.28 k allocations: 325.098 MiB)
4697
  0.879248 seconds (644.25 k allocations: 633.366 MiB)
948
  0.874916 seconds (479.52 k allocations: 473.547 MiB)
3445
  0.876714 seconds (482.88 k allocations: 476.549 MiB)
2200
  0.881534 seconds (492.39 k allocations: 485.886 MiB)
8574
  0.872696 seconds (481.23 k allocations: 474.966 MiB)
7196
  1.226753 seconds (370.19 k allocations: 364.404 MiB, 13.38% gc time)
  1.220116 seconds (353.27 k allocations: 346.947 MiB, 13.45% gc time)
  1.214119 seconds (341.98 k allocations: 334.933 MiB, 13.52% gc time)
  1.040404 seconds (127.92 k allocations: 125.571 MiB, 15.77% gc time)
  1.033505 seconds (121.32 k allocations: 118.039 MiB, 15.88% gc time)
  1.166901 seconds (279.57 k allocations: 274.063 MiB, 14.06% gc time)
3446
2201
5960
9700
4698
949
  0.777724 seconds (396.68 k allocations: 388.171 MiB)
8575
  0.889144 seconds (453.97 k allocations: 443.974 MiB)
7197
  0.849040 seconds (143.17 k allocations: 146.320 MiB)
2202
  0.892727 seconds (225.09 k allocations: 220.820 MiB)
9701
  0.895004 seconds (229.97 k allocations: 226.498 MiB)
5961
  0.921449 seconds (308.38 k allocations: 303.743 MiB)
950
  1.026498 seconds (474.17 k allocations: 467.067 MiB)
3447
  1.041188 seconds (488.85 k allocations: 482.124 MiB)
4699
  0.776754 seconds (553.20 k allocations: 544.930 MiB)
8576
  0.775613 seconds (502.56 k allocations: 495.460 MiB)
7198
  0.776726 seconds (350.05 k allocations: 345.073 MiB)
5962
  0.886426 seconds (602.42 k allocations: 591.038 MiB)
2203
  0.878597 seconds (477.96 k allocations: 472.318 MiB)
9702
  0.871865 seconds (486.01 k allocations: 478.587 MiB)
951
  0.776400 seconds (378.50 k allocations: 373.455 MiB)
3448
  0.889066 seconds (553.36 k allocations: 545.444 MiB)
4700
  0.779183 seconds (553.36 k allocations: 545.444 MiB)
8577
  0.777138 seconds (553.35 k allocations: 545.419 MiB)
7199
  0.887658 seconds (547.49 k allocations: 538.375 MiB)
5963
  1.731635 seconds (416.58 k allocations: 409.938 MiB, 11.45% gc time)
  1.718237 seconds (366.13 k allocations: 360.430 MiB, 11.53% gc time)
  1.683374 seconds (293.69 k allocations: 288.667 MiB, 11.77% gc time)
  1.559939 seconds (214.68 k allocations: 210.855 MiB, 12.70% gc time)
  1.694900 seconds (306.81 k allocations: 302.537 MiB, 11.69% gc time)
  1.181401 seconds (135.97 k allocations: 133.505 MiB, 16.78% gc time)
  1.052152 seconds (57.01 k allocations: 55.782 MiB, 18.84% gc time)
9703
8578
4701
7200
2204
3449
952
  0.769855 seconds (465.57 k allocations: 454.114 MiB)
5964
  0.770559 seconds (112.84 k allocations: 117.533 MiB)
7201
  0.787833 seconds (112.95 k allocations: 111.271 MiB)
8579
  0.841096 seconds (228.84 k allocations: 224.732 MiB)
953
  0.854545 seconds (265.32 k allocations: 268.006 MiB)
9704
  0.867062 seconds (291.12 k allocations: 287.600 MiB)
4702
  0.964246 seconds (474.32 k allocations: 467.568 MiB)
3450
  0.967084 seconds (477.65 k allocations: 471.735 MiB)
2205
  0.777379 seconds (423.86 k allocations: 417.958 MiB)
7202
  0.776293 seconds (412.42 k allocations: 404.799 MiB)
8580
  0.880983 seconds (584.35 k allocations: 577.068 MiB)
5965
  0.775229 seconds (416.70 k allocations: 409.848 MiB)
9705
  0.877610 seconds (509.61 k allocations: 503.398 MiB)
954
  0.882307 seconds (512.25 k allocations: 504.476 MiB)
4703
  0.794846 seconds (396.34 k allocations: 390.148 MiB)
2206
  0.885489 seconds (557.67 k allocations: 550.434 MiB)
3451
  0.886192 seconds (446.49 k allocations: 440.881 MiB)
7203
  0.873365 seconds (403.09 k allocations: 396.922 MiB)
5966
  0.881002 seconds (419.02 k allocations: 413.189 MiB)
8581
  0.878317 seconds (469.96 k allocations: 462.920 MiB)
9706
  1.682283 seconds (288.11 k allocations: 284.436 MiB, 9.69% gc time)
  1.586362 seconds (196.75 k allocations: 193.517 MiB, 10.28% gc time)
  1.718470 seconds (373.09 k allocations: 366.972 MiB, 9.49% gc time)
  1.671165 seconds (275.93 k allocations: 271.501 MiB, 9.75% gc time)
  0.930376 seconds (51.30 k allocations: 50.040 MiB, 17.52% gc time)
955
2207
3452
5967
4704
  0.736048 seconds (403.18 k allocations: 394.402 MiB)
7204
  0.869786 seconds (351.20 k allocations: 345.654 MiB)
8582
  0.835217 seconds (131.40 k allocations: 135.071 MiB)
9707
  0.861348 seconds (189.84 k allocations: 185.898 MiB)
956
  0.876726 seconds (241.78 k allocations: 241.491 MiB)
5968
  0.946844 seconds (395.15 k allocations: 389.279 MiB)
3453
  0.954753 seconds (401.54 k allocations: 396.404 MiB)
  0.954542 seconds (401.94 k allocations: 396.980 MiB)
4705
2208
  0.774805 seconds (553.23 k allocations: 545.019 MiB)
7205
  0.777570 seconds (456.57 k allocations: 449.482 MiB)
8583
  0.879187 seconds (506.04 k allocations: 497.793 MiB)
9708
  0.774330 seconds (195.34 k allocations: 194.850 MiB)
3454
  0.779033 seconds (211.35 k allocations: 208.735 MiB)
4706
  0.871575 seconds (472.45 k allocations: 466.264 MiB)
957
  0.885403 seconds (543.32 k allocations: 535.069 MiB)
5969
  0.884726 seconds (553.21 k allocations: 544.962 MiB)
2209
  0.882099 seconds (553.22 k allocations: 544.994 MiB)
7206
  0.776333 seconds (543.53 k allocations: 534.503 MiB)
8584
  0.869943 seconds (394.08 k allocations: 388.673 MiB)
9709
  0.885955 seconds (347.53 k allocations: 343.855 MiB)
3455
  0.870838 seconds (295.77 k allocations: 292.874 MiB)
958
  0.882724 seconds (324.48 k allocations: 322.569 MiB)
4707
  0.876956 seconds (320.90 k allocations: 317.659 MiB)
5970
  1.605053 seconds (263.68 k allocations: 261.641 MiB, 9.39% gc time)
  1.083563 seconds (173.62 k allocations: 172.277 MiB, 13.91% gc time)
  1.031305 seconds (106.17 k allocations: 106.489 MiB, 14.61% gc time)
2210
8585
7207
  0.790460 seconds (475.07 k allocations: 463.183 MiB)
9710
  0.752187 seconds (72.11 k allocations: 71.261 MiB)
7208
  0.776647 seconds (121.80 k allocations: 125.925 MiB)
8586
  0.861139 seconds (237.08 k allocations: 233.540 MiB)
2211
  0.874629 seconds (247.83 k allocations: 246.039 MiB)
5971
  0.954823 seconds (403.60 k allocations: 400.963 MiB)
959
  0.968666 seconds (446.33 k allocations: 446.575 MiB)
3456
  0.977709 seconds (457.52 k allocations: 452.172 MiB)
4708
  0.773746 seconds (395.14 k allocations: 389.241 MiB)
8587
  0.871406 seconds (575.58 k allocations: 566.302 MiB)
9711
  0.871520 seconds (566.71 k allocations: 557.843 MiB)
7209
  0.775178 seconds (422.17 k allocations: 417.338 MiB)
2212
  0.774837 seconds (431.36 k allocations: 425.893 MiB)
5972
  0.757365 seconds (430.09 k allocations: 425.113 MiB)
960
  0.757806 seconds (425.93 k allocations: 420.935 MiB)
3457
  0.886057 seconds (553.21 k allocations: 544.956 MiB)
4709
  0.773863 seconds (468.57 k allocations: 460.752 MiB)
9712
  0.777177 seconds (365.18 k allocations: 359.586 MiB)
7210
  0.882458 seconds (609.44 k allocations: 601.315 MiB)
8588
  0.758280 seconds (223.15 k allocations: 221.507 MiB)
961
  0.777279 seconds (259.37 k allocations: 255.939 MiB)
3458
  1.800133 seconds (473.38 k allocations: 467.443 MiB, 8.96% gc time)
  1.571023 seconds (234.15 k allocations: 230.584 MiB, 10.27% gc time)
  1.796662 seconds (470.83 k allocations: 463.069 MiB, 8.98% gc time)
  1.039777 seconds (153.61 k allocations: 149.942 MiB, 15.51% gc time)
9713
4710
2213
5973
  0.771387 seconds (363.29 k allocations: 356.227 MiB)
7211
  0.787094 seconds (79.03 k allocations: 77.857 MiB)
9714
  0.840543 seconds (243.72 k allocations: 242.580 MiB)
962
  0.853962 seconds (258.92 k allocations: 256.948 MiB)
  0.872576 seconds (334.45 k allocations: 331.400 MiB)
8589
3459
  0.846042 seconds (256.43 k allocations: 252.877 MiB)
2214
  0.960625 seconds (475.20 k allocations: 469.338 MiB)
5974
  0.969159 seconds (486.25 k allocations: 479.734 MiB)
4711
  0.732101 seconds (553.25 k allocations: 545.095 MiB)
7212
  0.713178 seconds (390.95 k allocations: 384.504 MiB)
963
  0.735521 seconds (319.68 k allocations: 314.828 MiB)
3460
  0.767992 seconds (371.24 k allocations: 366.384 MiB)
8590
  0.867297 seconds (647.00 k allocations: 636.148 MiB)
9715
  0.840949 seconds (508.37 k allocations: 501.203 MiB)
2215
  0.864743 seconds (485.36 k allocations: 479.330 MiB)
5975
  0.872609 seconds (496.76 k allocations: 489.994 MiB)
4712
  0.872116 seconds (553.35 k allocations: 545.413 MiB)
7213
  0.782329 seconds (393.26 k allocations: 386.386 MiB)
8591
  0.871408 seconds (548.02 k allocations: 540.702 MiB)
964
  0.883253 seconds (536.98 k allocations: 528.918 MiB)
3461
  0.876672 seconds (511.57 k allocations: 504.817 MiB)
9716
  0.885795 seconds (510.46 k allocations: 503.482 MiB)
2216
  0.776676 seconds (390.58 k allocations: 386.550 MiB)
5976
  0.777914 seconds (397.61 k allocations: 393.009 MiB)
4713
  1.232657 seconds (353.38 k allocations: 349.460 MiB, 13.53% gc time)
  1.052585 seconds (115.82 k allocations: 113.820 MiB, 15.85% gc time)
  1.067028 seconds (128.53 k allocations: 128.164 MiB, 15.63% gc time)
  1.107515 seconds (186.96 k allocations: 185.298 MiB, 15.06% gc time)
8592
3462
965
7214
  0.775745 seconds (400.44 k allocations: 391.768 MiB)
9717
  0.777282 seconds (91.00 k allocations: 91.753 MiB)
966
  0.779766 seconds (92.98 k allocations: 93.406 MiB)
8593
  0.882813 seconds (246.80 k allocations: 244.039 MiB)
3463
  0.902715 seconds (313.08 k allocations: 313.372 MiB)
2217
  0.882534 seconds (269.88 k allocations: 266.863 MiB)
7215
  1.013573 seconds (606.63 k allocations: 601.132 MiB)
5977
  1.002716 seconds (513.95 k allocations: 510.983 MiB)
4714
  0.791405 seconds (553.18 k allocations: 544.860 MiB)
9718
  0.775803 seconds (476.45 k allocations: 470.511 MiB)
967
  0.881200 seconds (553.21 k allocations: 544.956 MiB)
  0.776841 seconds (335.08 k allocations: 331.744 MiB)
  0.777026 seconds (335.14 k allocations: 332.268 MiB)
8594
2218
3464
  0.776890 seconds (374.03 k allocations: 369.799 MiB)
7216
  0.776200 seconds (486.89 k allocations: 480.468 MiB)
5978
  0.881576 seconds (553.19 k allocations: 544.911 MiB)
4715
  0.753636 seconds (474.15 k allocations: 467.010 MiB)
968
  1.412615 seconds (609.49 k allocations: 599.713 MiB, 10.39% gc time)
  1.240828 seconds (243.68 k allocations: 242.295 MiB, 11.83% gc time)
  1.235767 seconds (231.87 k allocations: 228.577 MiB, 11.87% gc time)
  1.237953 seconds (235.17 k allocations: 233.069 MiB, 11.85% gc time)
  1.138263 seconds (135.94 k allocations: 133.658 MiB, 12.89% gc time)
  1.219986 seconds (215.07 k allocations: 211.698 MiB, 12.03% gc time)
  1.023314 seconds (57.12 k allocations: 56.154 MiB, 14.34% gc time)
2219
9719
3465
5979
8595
7217
4716
  0.757350 seconds (459.70 k allocations: 448.488 MiB)
969
  0.776867 seconds (259.98 k allocations: 258.370 MiB)
5980
  0.786355 seconds (135.29 k allocations: 132.669 MiB)
8596
  0.787200 seconds (137.83 k allocations: 136.100 MiB)
7218
  0.791103 seconds (146.65 k allocations: 145.525 MiB)
2220
  0.867858 seconds (395.13 k allocations: 389.178 MiB)
  0.867070 seconds (395.13 k allocations: 389.191 MiB)
3466
9720
  0.892193 seconds (456.68 k allocations: 450.064 MiB)
4717
  0.777848 seconds (408.18 k allocations: 400.912 MiB)
5981
  0.879106 seconds (596.88 k allocations: 587.649 MiB)
970
  0.777465 seconds (305.86 k allocations: 303.747 MiB)
8597
  0.880098 seconds (474.13 k allocations: 466.959 MiB)
  0.881777 seconds (474.66 k allocations: 468.405 MiB)
7219
2221
  0.878378 seconds (423.39 k allocations: 417.410 MiB)
9721
  0.878390 seconds (422.54 k allocations: 417.587 MiB)
3467
  0.883236 seconds (464.45 k allocations: 457.474 MiB)
4718
  0.736798 seconds (408.52 k allocations: 403.235 MiB)
971
  0.870829 seconds (568.99 k allocations: 560.256 MiB)
5982
  0.875891 seconds (526.41 k allocations: 518.074 MiB)
8598
  1.591698 seconds (375.77 k allocations: 370.542 MiB, 10.35% gc time)
  1.591075 seconds (375.87 k allocations: 370.629 MiB, 10.35% gc time)
  1.487527 seconds (138.78 k allocations: 137.110 MiB, 11.07% gc time)
  1.504326 seconds (159.81 k allocations: 158.426 MiB, 10.95% gc time)
  1.512981 seconds (178.06 k allocations: 177.093 MiB, 10.89% gc time)
  0.912345 seconds (60.76 k allocations: 60.834 MiB, 18.05% gc time)
4719
972
7220
3468
9722
2222
  0.760848 seconds (471.36 k allocations: 459.635 MiB)
5983
  0.803092 seconds (79.31 k allocations: 79.603 MiB)
973
  0.859534 seconds (152.00 k allocations: 148.923 MiB)
  0.863782 seconds (168.81 k allocations: 172.357 MiB)
9723
8599
  0.970631 seconds (316.21 k allocations: 311.702 MiB)
4720
  0.974690 seconds (321.08 k allocations: 317.339 MiB)
3469
  0.977127 seconds (327.27 k allocations: 324.246 MiB)
  0.978383 seconds (329.18 k allocations: 326.859 MiB)
7221
2223
  0.793957 seconds (553.16 k allocations: 544.803 MiB)
5984
  0.756598 seconds (538.78 k allocations: 529.072 MiB)
974
  0.777517 seconds (474.24 k allocations: 467.072 MiB)
8600
  0.758625 seconds (237.07 k allocations: 233.495 MiB)
7222
  0.878710 seconds (553.75 k allocations: 546.329 MiB)
  0.759583 seconds (237.82 k allocations: 235.223 MiB)
9724
3470
  0.760498 seconds (241.91 k allocations: 241.083 MiB)
2224
  0.881948 seconds (582.40 k allocations: 576.466 MiB)
4721
  0.880969 seconds (553.17 k allocations: 544.841 MiB)
5985
  0.776613 seconds (474.14 k allocations: 466.997 MiB)
8601
  0.870528 seconds (595.26 k allocations: 585.120 MiB)
975
  1.688848 seconds (231.84 k allocations: 230.764 MiB, 8.69% gc time)
  1.689296 seconds (232.88 k allocations: 231.762 MiB, 8.68% gc time)
  1.686309 seconds (228.47 k allocations: 225.069 MiB, 8.70% gc time)
  1.685136 seconds (228.48 k allocations: 225.085 MiB, 8.71% gc time)
  1.572694 seconds (149.58 k allocations: 147.375 MiB, 9.33% gc time)
  1.017573 seconds (70.62 k allocations: 69.628 MiB, 14.42% gc time)
4722
9725
3471
7223
2225
5986
  0.777095 seconds (475.97 k allocations: 464.034 MiB)
8602
  0.786337 seconds (79.02 k allocations: 77.819 MiB)
5987
  0.855796 seconds (158.36 k allocations: 157.157 MiB)
  0.857057 seconds (161.13 k allocations: 162.274 MiB)
9726
4723
  0.857846 seconds (166.06 k allocations: 165.312 MiB)
  0.857631 seconds (167.42 k allocations: 167.188 MiB)
7224
3472
  0.956799 seconds (537.78 k allocations: 535.231 MiB)
976
  0.972182 seconds (510.22 k allocations: 502.484 MiB)
2226
  0.775558 seconds (553.16 k allocations: 544.822 MiB)
8603
  0.880762 seconds (553.18 k allocations: 544.886 MiB)
5988
  0.878695 seconds (327.82 k allocations: 325.041 MiB)
9727
  0.882665 seconds (330.32 k allocations: 328.391 MiB)
4724
  0.880850 seconds (327.55 k allocations: 325.513 MiB)
7225
  0.882138 seconds (340.35 k allocations: 337.532 MiB)
3473
  0.779668 seconds (216.55 k allocations: 215.681 MiB)
2227
  0.870964 seconds (586.48 k allocations: 578.071 MiB)
977
  0.881469 seconds (553.22 k allocations: 544.981 MiB)
8604
  0.881243 seconds (553.23 k allocations: 545.032 MiB)
5989
  0.756074 seconds (111.94 k allocations: 110.385 MiB)
978
  1.575193 seconds (290.43 k allocations: 289.269 MiB, 10.61% gc time)
  1.571439 seconds (274.70 k allocations: 273.011 MiB, 10.63% gc time)
  1.556792 seconds (244.19 k allocations: 240.199 MiB, 10.73% gc time)
  1.568343 seconds (265.83 k allocations: 263.310 MiB, 10.66% gc time)
  1.557136 seconds (244.29 k allocations: 240.334 MiB, 10.73% gc time)
  0.908485 seconds (86.55 k allocations: 85.044 MiB, 18.40% gc time)
9728
4725
8605
7226
2228
3474
  0.782601 seconds (32.10 k allocations: 36.859 MiB)
8606
  0.896301 seconds (489.33 k allocations: 477.854 MiB)
5990
  0.893065 seconds (307.99 k allocations: 305.345 MiB)
979
  0.868042 seconds (162.25 k allocations: 159.524 MiB)
7227
  0.870517 seconds (169.83 k allocations: 167.776 MiB)
2229
  0.943774 seconds (401.58 k allocations: 399.142 MiB)
9729
  0.976412 seconds (441.15 k allocations: 435.544 MiB)
4726
  0.974099 seconds (442.63 k allocations: 436.691 MiB)
3475
  0.779751 seconds (529.45 k allocations: 521.217 MiB)
8607
  0.774795 seconds (344.86 k allocations: 341.318 MiB)
980
  0.776455 seconds (334.27 k allocations: 329.721 MiB)
7228
  0.881873 seconds (641.19 k allocations: 628.079 MiB)
5991
  0.774157 seconds (356.37 k allocations: 351.076 MiB)
9730
  0.882669 seconds (600.24 k allocations: 589.635 MiB)
2230
  0.779507 seconds (377.94 k allocations: 373.680 MiB)
4727
  0.872663 seconds (553.15 k allocations: 544.791 MiB)
3476
  0.880988 seconds (553.15 k allocations: 544.778 MiB)
8608
  1.248615 seconds (438.53 k allocations: 431.924 MiB, 13.44% gc time)
  1.243312 seconds (426.30 k allocations: 418.000 MiB, 13.50% gc time)
  1.181641 seconds (242.81 k allocations: 238.002 MiB, 14.20% gc time)
  1.200050 seconds (309.70 k allocations: 303.279 MiB, 13.98% gc time)
  1.139711 seconds (135.65 k allocations: 132.955 MiB, 14.72% gc time)
  1.138341 seconds (135.78 k allocations: 133.172 MiB, 14.74% gc time)
  1.043449 seconds (57.03 k allocations: 55.914 MiB, 16.08% gc time)
9731
4728
5992
7229
981
2231
3477
  0.752469 seconds (467.38 k allocations: 455.846 MiB)
8609
  0.765444 seconds (79.04 k allocations: 77.870 MiB)
982
  0.766848 seconds (81.23 k allocations: 80.945 MiB)
  0.769651 seconds (83.41 k allocations: 86.314 MiB)
  0.767324 seconds (82.42 k allocations: 83.006 MiB)
7230
9732
5993
  0.769080 seconds (92.09 k allocations: 94.276 MiB)
3478
  0.772019 seconds (103.83 k allocations: 106.477 MiB)
4729
  0.773701 seconds (118.27 k allocations: 121.316 MiB)
2232
  0.776979 seconds (553.17 k allocations: 544.841 MiB)
8610
  0.774363 seconds (128.45 k allocations: 132.466 MiB)
983
  0.776541 seconds (88.03 k allocations: 88.683 MiB)
  0.777891 seconds (91.36 k allocations: 95.225 MiB)
3479
7231
  0.776618 seconds (92.66 k allocations: 93.856 MiB)
  0.778326 seconds (96.48 k allocations: 98.433 MiB)
5994
2233
  0.878489 seconds (459.23 k allocations: 455.173 MiB)
9733
  0.882666 seconds (462.76 k allocations: 454.649 MiB)
4730
  0.778592 seconds (553.17 k allocations: 544.848 MiB)
8611
  0.872560 seconds (287.10 k allocations: 285.116 MiB)
7232
  0.879935 seconds (296.21 k allocations: 294.812 MiB)
3480
  0.883257 seconds (304.92 k allocations: 302.924 MiB)
2234
  0.887708 seconds (283.86 k allocations: 280.529 MiB)
5995
  0.885961 seconds (247.52 k allocations: 245.537 MiB)
984
  0.872852 seconds (186.72 k allocations: 187.132 MiB)
9734
  0.874684 seconds (190.63 k allocations: 190.624 MiB)
4731
  1.165003 seconds (251.90 k allocations: 247.981 MiB, 24.41% gc time)
8612
  0.777330 seconds (272.13 k allocations: 269.019 MiB)
7233
  0.787768 seconds (79.03 k allocations: 77.863 MiB)
8613
  0.873556 seconds (239.65 k allocations: 238.705 MiB)
2235
  0.866446 seconds (190.55 k allocations: 189.001 MiB)
4732
  0.868697 seconds (196.54 k allocations: 195.732 MiB)
  0.869685 seconds (199.29 k allocations: 198.969 MiB)
9735
5996
  0.979690 seconds (621.67 k allocations: 615.542 MiB)
3481
  0.959073 seconds (512.15 k allocations: 505.662 MiB)
985
  0.754710 seconds (553.19 k allocations: 544.905 MiB)
7234
  0.759703 seconds (485.00 k allocations: 475.789 MiB)
8614
  0.758146 seconds (341.31 k allocations: 338.040 MiB)
2236
  0.759512 seconds (331.39 k allocations: 325.870 MiB)
9736
  0.760558 seconds (335.12 k allocations: 330.416 MiB)
5997
  0.858143 seconds (556.33 k allocations: 550.468 MiB)
4733
  0.860910 seconds (491.81 k allocations: 485.214 MiB)
3482
  0.862095 seconds (493.69 k allocations: 486.787 MiB)
986
  0.882433 seconds (553.17 k allocations: 544.854 MiB)
7235
  0.777781 seconds (322.06 k allocations: 318.264 MiB)
2237
  0.881158 seconds (580.42 k allocations: 570.170 MiB)
8615
  0.881179 seconds (448.87 k allocations: 441.641 MiB)
9737
  1.848728 seconds (453.66 k allocations: 447.239 MiB, 8.20% gc time)
  1.669300 seconds (238.09 k allocations: 235.527 MiB, 9.08% gc time)
  1.757292 seconds (374.97 k allocations: 369.773 MiB, 8.62% gc time)
  1.652579 seconds (217.04 k allocations: 214.233 MiB, 9.17% gc time)
  1.028681 seconds (59.20 k allocations: 58.805 MiB, 14.73% gc time)
  1.057479 seconds (95.22 k allocations: 94.623 MiB, 14.33% gc time)
2238
5998
4734
3483
987
7236
  0.779624 seconds (465.78 k allocations: 454.296 MiB)
8616
  0.788405 seconds (81.44 k allocations: 82.587 MiB)
2239
  0.788773 seconds (84.00 k allocations: 83.585 MiB)
7237
  0.855218 seconds (254.42 k allocations: 254.994 MiB)
9738
  0.857384 seconds (250.06 k allocations: 249.381 MiB)
5999
  0.870618 seconds (282.55 k allocations: 281.454 MiB)
988
  0.962538 seconds (481.14 k allocations: 476.155 MiB)
4735
  0.963864 seconds (481.11 k allocations: 474.638 MiB)
3484
  0.776312 seconds (553.27 k allocations: 545.165 MiB)
8617
  0.775915 seconds (271.08 k allocations: 268.702 MiB)
9739
  0.775137 seconds (258.41 k allocations: 255.117 MiB)
989
  0.883172 seconds (559.22 k allocations: 550.846 MiB)
2240
  0.882336 seconds (562.66 k allocations: 552.912 MiB)
7238
  0.877710 seconds (563.54 k allocations: 554.939 MiB)
6000
  0.874465 seconds (489.68 k allocations: 483.060 MiB)
4736
  0.872743 seconds (481.73 k allocations: 475.243 MiB)
3485
  0.758613 seconds (553.17 k allocations: 544.854 MiB)
8618
  0.753398 seconds (312.47 k allocations: 306.913 MiB)
7239
  0.750138 seconds (287.99 k allocations: 283.276 MiB)
  1.910124 seconds (510.56 k allocations: 503.057 MiB, 19.95% gc time)
  1.867281 seconds (373.16 k allocations: 368.172 MiB, 20.40% gc time)
  1.880289 seconds (406.25 k allocations: 402.092 MiB, 20.26% gc time)
  1.694804 seconds (136.30 k allocations: 134.664 MiB, 22.48% gc time)
  1.700055 seconds (141.14 k allocations: 140.594 MiB, 22.41% gc time)
  1.247837 seconds (58.17 k allocations: 58.671 MiB, 30.53% gc time)
6001
9740
4737
990
3486
8619
2241
  0.761734 seconds (475.46 k allocations: 463.585 MiB)
7240
  0.852643 seconds (79.47 k allocations: 79.481 MiB)
991
  0.868116 seconds (101.92 k allocations: 100.749 MiB)
8620
  0.872698 seconds (109.82 k allocations: 109.293 MiB)
9741
  0.874525 seconds (123.73 k allocations: 123.615 MiB)
  0.876309 seconds (126.60 k allocations: 127.340 MiB)
2242
3487
  0.897091 seconds (230.67 k allocations: 227.990 MiB)
6002
  0.992144 seconds (553.24 k allocations: 545.057 MiB)
4738
  0.886209 seconds (553.24 k allocations: 545.057 MiB)
7241
  0.780886 seconds (249.72 k allocations: 248.350 MiB)
8621
  0.777530 seconds (228.32 k allocations: 226.451 MiB)
2243
  0.881041 seconds (518.84 k allocations: 511.575 MiB)
992
  0.884917 seconds (423.84 k allocations: 417.954 MiB)
9742
  0.885434 seconds (437.80 k allocations: 431.069 MiB)
6003
  0.875041 seconds (441.27 k allocations: 435.342 MiB)
3488
  0.880270 seconds (553.18 k allocations: 544.886 MiB)
4739
  0.753441 seconds (553.15 k allocations: 544.791 MiB)
7242
  0.855000 seconds (474.13 k allocations: 466.952 MiB)
2244
  0.882330 seconds (501.93 k allocations: 495.743 MiB)
8622
  0.751637 seconds (197.47 k allocations: 195.378 MiB)
3489
  0.793931 seconds (291.68 k allocations: 289.033 MiB)
9743
  0.846218 seconds (459.24 k allocations: 452.599 MiB)
993
  1.563383 seconds (229.20 k allocations: 226.593 MiB, 11.10% gc time)
  1.645403 seconds (318.30 k allocations: 315.274 MiB, 10.55% gc time)
  1.047837 seconds (150.53 k allocations: 149.033 MiB, 16.57% gc time)
4740
7243
6004
  0.774600 seconds (377.15 k allocations: 369.507 MiB)
2245
  0.786533 seconds (79.03 k allocations: 77.863 MiB)
7244
  0.878957 seconds (297.42 k allocations: 295.178 MiB)
8623
  0.866808 seconds (229.11 k allocations: 228.369 MiB)
9744
  0.874163 seconds (257.77 k allocations: 258.030 MiB)
3490
  0.864110 seconds (237.19 k allocations: 236.879 MiB)
4741
  0.866864 seconds (280.78 k allocations: 277.151 MiB)
6005
  0.990683 seconds (591.08 k allocations: 584.878 MiB)
994
  0.775723 seconds (553.20 k allocations: 544.930 MiB)
2246
  0.759317 seconds (224.01 k allocations: 222.440 MiB)
9745
  0.774869 seconds (234.22 k allocations: 231.967 MiB)
3491
  0.882193 seconds (659.57 k allocations: 646.903 MiB)
7245
  0.881646 seconds (445.41 k allocations: 439.701 MiB)
8624
  0.877937 seconds (431.29 k allocations: 425.945 MiB)
4742
  0.878861 seconds (451.56 k allocations: 445.111 MiB)
6006
  0.873099 seconds (553.14 k allocations: 544.753 MiB)
995
  0.776245 seconds (553.14 k allocations: 544.746 MiB)
2247
  0.882465 seconds (493.61 k allocations: 486.825 MiB)
9746
  0.775445 seconds (235.85 k allocations: 233.556 MiB)
8625
  0.879600 seconds (482.06 k allocations: 475.521 MiB)
3492
  0.774138 seconds (252.47 k allocations: 250.247 MiB)
4743
  0.874422 seconds (617.31 k allocations: 604.680 MiB)
7246
  1.526473 seconds (423.71 k allocations: 416.085 MiB, 12.02% gc time)
  0.993796 seconds (265.88 k allocations: 260.626 MiB, 18.46% gc time)
  1.452569 seconds (344.79 k allocations: 338.350 MiB, 12.63% gc time)
996
6007
2248
  0.881834 seconds (359.86 k allocations: 353.097 MiB)
9747
  0.782529 seconds (3.25 k allocations: 4.115 MiB)
2249
  0.893329 seconds (365.81 k allocations: 358.157 MiB)
3493
  0.909172 seconds (424.04 k allocations: 416.148 MiB)
8626
  0.848337 seconds (225.80 k allocations: 224.017 MiB)
7247
  0.862393 seconds (297.53 k allocations: 294.886 MiB)
997
  0.986816 seconds (622.64 k allocations: 614.423 MiB)
4744
  0.975108 seconds (518.57 k allocations: 510.950 MiB)
6008
  0.792960 seconds (397.68 k allocations: 392.210 MiB)
9748
  0.775836 seconds (264.64 k allocations: 261.154 MiB)
8627
  0.773205 seconds (287.14 k allocations: 281.215 MiB)
998
  0.879013 seconds (570.32 k allocations: 561.676 MiB)
2250
  0.886841 seconds (523.64 k allocations: 515.682 MiB)
3494
  0.882752 seconds (519.21 k allocations: 511.212 MiB)
7248
  0.879000 seconds (519.55 k allocations: 511.780 MiB)
4745
  0.891481 seconds (539.82 k allocations: 530.927 MiB)
6009
  0.778056 seconds (490.53 k allocations: 482.945 MiB)
9749
  0.880651 seconds (529.65 k allocations: 521.359 MiB)
8628
  0.792426 seconds (298.81 k allocations: 294.782 MiB)
3495
  0.871047 seconds (502.27 k allocations: 493.912 MiB)
999
  0.886864 seconds (539.93 k allocations: 531.150 MiB)
2251
  0.772946 seconds (372.39 k allocations: 366.228 MiB)
4746
  0.877234 seconds (492.51 k allocations: 485.328 MiB)
  1.606977 seconds (336.28 k allocations: 332.285 MiB, 8.95% gc time)
  1.060622 seconds (257.41 k allocations: 254.648 MiB, 13.56% gc time)
  0.916822 seconds (68.48 k allocations: 68.426 MiB, 15.69% gc time)
  0.941514 seconds (121.97 k allocations: 121.014 MiB, 15.28% gc time)
7249
3496
6010
9750
8629
  0.789612 seconds (419.64 k allocations: 410.167 MiB)
1000
  0.784688 seconds (83.73 k allocations: 86.029 MiB)
3497
  0.784337 seconds (82.86 k allocations: 82.512 MiB)
8630
  0.879259 seconds (237.08 k allocations: 233.527 MiB)
9751
  0.915254 seconds (388.40 k allocations: 386.672 MiB)
2252
  0.916463 seconds (352.30 k allocations: 351.854 MiB)
4747
  1.019495 seconds (474.40 k allocations: 468.478 MiB)
7250
  1.019779 seconds (476.76 k allocations: 470.490 MiB)
6011
  0.776816 seconds (395.12 k allocations: 389.159 MiB)
3498
  0.777315 seconds (396.40 k allocations: 391.401 MiB)
8631
  0.878904 seconds (605.00 k allocations: 596.460 MiB)
1001
  0.880201 seconds (418.94 k allocations: 413.243 MiB)
2253
  0.881929 seconds (419.71 k allocations: 414.958 MiB)
9752
  0.882777 seconds (447.33 k allocations: 441.155 MiB)
4748
  0.779258 seconds (367.95 k allocations: 361.786 MiB)
  0.778616 seconds (368.97 k allocations: 362.867 MiB)
6012
7251
  0.759484 seconds (395.23 k allocations: 389.527 MiB)
1002
  0.891100 seconds (508.50 k allocations: 502.600 MiB)
3499
  0.888669 seconds (493.04 k allocations: 487.812 MiB)
8632
  1.659015 seconds (319.06 k allocations: 314.682 MiB, 15.98% gc time)
  1.657239 seconds (311.54 k allocations: 306.261 MiB, 16.00% gc time)
  1.636005 seconds (235.43 k allocations: 232.193 MiB, 16.20% gc time)
  1.616262 seconds (192.86 k allocations: 190.225 MiB, 16.40% gc time)
  1.602150 seconds (181.28 k allocations: 178.044 MiB, 16.55% gc time)
  1.005659 seconds (102.55 k allocations: 100.704 MiB, 26.36% gc time)
1003
2254
9753
6013
4749
7252
  0.773245 seconds (12.67 k allocations: 17.034 MiB)
1004
  0.861852 seconds (430.93 k allocations: 421.935 MiB)
3500
  0.895949 seconds (420.01 k allocations: 413.708 MiB)
8633
  0.859555 seconds (176.43 k allocations: 175.450 MiB)
4750
  0.864200 seconds (184.13 k allocations: 183.833 MiB)
9754
  0.959435 seconds (400.24 k allocations: 396.518 MiB)
2255
  0.979544 seconds (426.12 k allocations: 421.063 MiB)
6014
  0.977062 seconds (427.97 k allocations: 422.596 MiB)
7253
  0.758169 seconds (490.74 k allocations: 484.122 MiB)
1005
  0.778454 seconds (353.06 k allocations: 349.171 MiB)
8634
  0.880854 seconds (599.97 k allocations: 590.625 MiB)
3501
  0.775231 seconds (299.77 k allocations: 295.957 MiB)
2256
  0.878150 seconds (493.67 k allocations: 487.894 MiB)
4751
  0.881457 seconds (515.53 k allocations: 508.665 MiB)
9755
  0.777626 seconds (300.81 k allocations: 297.518 MiB)
7254
  0.884367 seconds (553.20 k allocations: 544.930 MiB)
6015
  0.871845 seconds (553.21 k allocations: 544.975 MiB)
1006
  1.176005 seconds (178.26 k allocations: 176.267 MiB, 14.78% gc time)
  1.303678 seconds (496.58 k allocations: 488.569 MiB, 13.34% gc time)
  1.185580 seconds (200.69 k allocations: 198.966 MiB, 14.66% gc time)
  1.269279 seconds (451.55 k allocations: 444.256 MiB, 13.70% gc time)
  1.133416 seconds (135.73 k allocations: 133.122 MiB, 15.34% gc time)
  1.163563 seconds (161.79 k allocations: 159.359 MiB, 14.94% gc time)
  1.056307 seconds (56.96 k allocations: 55.714 MiB, 16.46% gc time)
3502
7255
9756
8635
6016
2257
4752
  0.789304 seconds (473.13 k allocations: 461.333 MiB)
1007
  0.786852 seconds (80.74 k allocations: 81.929 MiB)
3503
  0.788108 seconds (81.27 k allocations: 83.413 MiB)
7256
  0.788988 seconds (89.93 k allocations: 90.284 MiB)
8636
  0.888980 seconds (316.12 k allocations: 311.397 MiB)
2258
  0.892960 seconds (319.07 k allocations: 315.212 MiB)
  0.893045 seconds (320.83 k allocations: 317.819 MiB)
6017
4753
  0.895377 seconds (324.02 k allocations: 321.907 MiB)
9757
  0.860847 seconds (553.17 k allocations: 544.835 MiB)
1008
  0.853577 seconds (397.00 k allocations: 392.166 MiB)
7257
  0.857907 seconds (401.20 k allocations: 397.194 MiB)
3504
  0.770302 seconds (134.26 k allocations: 133.911 MiB)
  0.873828 seconds (448.37 k allocations: 442.104 MiB)
6018
8637
  0.785577 seconds (212.48 k allocations: 210.749 MiB)
9758
  0.858417 seconds (486.43 k allocations: 482.449 MiB)
2259
  0.870230 seconds (497.71 k allocations: 490.654 MiB)
4754
  0.870935 seconds (553.22 k allocations: 544.987 MiB)
  0.776819 seconds (183.32 k allocations: 182.390 MiB)
8638
1009
  1.163177 seconds (394.62 k allocations: 390.225 MiB, 15.68% gc time)
  1.157465 seconds (368.95 k allocations: 364.445 MiB, 15.76% gc time)
  1.042214 seconds (135.43 k allocations: 132.770 MiB, 17.50% gc time)
  1.141198 seconds (313.29 k allocations: 308.738 MiB, 15.98% gc time)
  1.122482 seconds (293.80 k allocations: 288.923 MiB, 16.25% gc time)
  1.059298 seconds (156.87 k allocations: 154.912 MiB, 17.22% gc time)
4755
6019
7258
3505
2260
9759
  0.778490 seconds (399.72 k allocations: 389.873 MiB)
8639
  0.811051 seconds (513.44 k allocations: 506.899 MiB)
1010
  0.773596 seconds (163.38 k allocations: 165.758 MiB)
7259
  0.785462 seconds (176.93 k allocations: 178.521 MiB)
4756
  0.787405 seconds (182.41 k allocations: 182.288 MiB)
3506
  0.791746 seconds (208.88 k allocations: 207.368 MiB)
9760
  0.891448 seconds (474.18 k allocations: 467.124 MiB)
2261
  0.896837 seconds (478.88 k allocations: 472.650 MiB)
6020
  0.758081 seconds (473.63 k allocations: 465.582 MiB)
1011
  0.776954 seconds (495.32 k allocations: 489.472 MiB)
8640
  0.778914 seconds (324.53 k allocations: 320.684 MiB)
3507
  0.776570 seconds (322.43 k allocations: 318.843 MiB)
9761
  0.883980 seconds (536.98 k allocations: 531.270 MiB)
7260
  0.880651 seconds (501.00 k allocations: 496.609 MiB)
4757
  0.776329 seconds (337.63 k allocations: 335.637 MiB)
2262
  0.883658 seconds (553.38 k allocations: 545.521 MiB)
6021
  0.776004 seconds (474.36 k allocations: 467.670 MiB)
8641
  0.857608 seconds (553.38 k allocations: 545.521 MiB)
1012
  0.741462 seconds (258.55 k allocations: 255.301 MiB)
7261
  0.859267 seconds (501.88 k allocations: 495.838 MiB)
3508
  0.880302 seconds (529.28 k allocations: 521.839 MiB)
9762
  1.833756 seconds (348.18 k allocations: 342.888 MiB, 12.51% gc time)
  1.832577 seconds (348.35 k allocations: 343.028 MiB, 12.52% gc time)
  1.721923 seconds (269.40 k allocations: 265.256 MiB, 13.33% gc time)
  1.097469 seconds (108.52 k allocations: 106.006 MiB, 20.91% gc time)
  1.194577 seconds (191.05 k allocations: 188.380 MiB, 19.21% gc time)
6022
4758
2263
8642
1013
  0.782031 seconds (44.21 k allocations: 47.221 MiB)
1014
  0.789212 seconds (30.06 k allocations: 33.453 MiB)
8643
  0.892644 seconds (475.92 k allocations: 465.979 MiB)
7262
  0.910612 seconds (403.79 k allocations: 400.455 MiB)
3509
  0.900564 seconds (322.21 k allocations: 322.137 MiB)
9763
  0.983318 seconds (396.30 k allocations: 391.576 MiB)
  0.984392 seconds (397.11 k allocations: 393.260 MiB)
6023
4759
  0.988539 seconds (416.36 k allocations: 411.498 MiB)
2264
  0.776181 seconds (461.78 k allocations: 455.363 MiB)
1015
  0.777955 seconds (439.86 k allocations: 434.181 MiB)
8644
  0.779555 seconds (465.45 k allocations: 458.423 MiB)
7263
  0.878786 seconds (479.23 k allocations: 473.061 MiB)
9764
  0.774170 seconds (252.34 k allocations: 250.319 MiB)
4760
  0.880138 seconds (486.56 k allocations: 480.827 MiB)
3510
  0.773891 seconds (269.09 k allocations: 267.092 MiB)
2265
  0.875907 seconds (570.85 k allocations: 564.200 MiB)
6024
  0.757251 seconds (395.13 k allocations: 389.203 MiB)
7264
  0.847221 seconds (541.29 k allocations: 532.483 MiB)
1016
  0.880893 seconds (546.04 k allocations: 538.119 MiB)
8645
  1.637399 seconds (262.47 k allocations: 261.342 MiB, 10.21% gc time)
  1.631332 seconds (243.53 k allocations: 241.995 MiB, 10.25% gc time)
  1.621070 seconds (222.42 k allocations: 220.550 MiB, 10.31% gc time)
  1.614033 seconds (216.71 k allocations: 213.939 MiB, 10.36% gc time)
  0.995379 seconds (49.13 k allocations: 48.104 MiB, 16.79% gc time)
  1.532373 seconds (137.89 k allocations: 136.315 MiB, 10.91% gc time)
9765
6025
3511
2266
4761
7265
  0.792140 seconds (476.09 k allocations: 464.163 MiB)
1017
  0.783809 seconds (79.02 k allocations: 77.832 MiB)
7266
  0.867404 seconds (167.55 k allocations: 168.424 MiB)
2267
  0.879906 seconds (185.17 k allocations: 186.257 MiB)
8646
  0.877247 seconds (177.56 k allocations: 179.050 MiB)
9766
  0.960658 seconds (440.90 k allocations: 440.590 MiB)
6026
  0.973967 seconds (433.48 k allocations: 430.792 MiB)
3512
  0.978151 seconds (454.40 k allocations: 448.116 MiB)
4762
  0.879228 seconds (553.27 k allocations: 545.171 MiB)
1018
  0.758551 seconds (306.75 k allocations: 301.151 MiB)
9767
  0.774475 seconds (339.59 k allocations: 336.016 MiB)
2268
  0.776439 seconds (351.73 k allocations: 348.620 MiB)
8647
  0.889690 seconds (695.85 k allocations: 684.600 MiB)
7267
  0.881373 seconds (462.72 k allocations: 456.325 MiB)
6027
  0.880413 seconds (436.23 k allocations: 430.742 MiB)
3513
  0.878180 seconds (450.34 k allocations: 444.032 MiB)
4763
  0.762412 seconds (537.26 k allocations: 527.661 MiB)
1019
  0.875458 seconds (386.84 k allocations: 381.945 MiB)
9768
  0.880279 seconds (392.71 k allocations: 388.591 MiB)
2269
  0.881166 seconds (392.28 k allocations: 387.926 MiB)
8648
  0.882514 seconds (433.16 k allocations: 426.829 MiB)
  1.477176 seconds (225.34 k allocations: 223.164 MiB, 13.78% gc time)
  1.496575 seconds (268.40 k allocations: 265.592 MiB, 13.60% gc time)
  1.450282 seconds (201.53 k allocations: 199.188 MiB, 14.03% gc time)
  0.908287 seconds (123.07 k allocations: 122.012 MiB, 22.40% gc time)
7268
4764
6028
3514
1020
  0.777430 seconds (411.47 k allocations: 402.315 MiB)
8649
  0.796519 seconds (116.22 k allocations: 118.325 MiB)
1021
  0.849649 seconds (277.64 k allocations: 276.252 MiB)
9769
  0.853053 seconds (217.59 k allocations: 216.086 MiB)
4765
  0.889031 seconds (294.77 k allocations: 289.712 MiB)
7269
  0.969105 seconds (496.74 k allocations: 491.296 MiB)
2270
  0.961806 seconds (428.34 k allocations: 424.357 MiB)
6029
  0.965159 seconds (440.05 k allocations: 435.334 MiB)
3515
  0.776603 seconds (553.15 k allocations: 544.772 MiB)
8650
  0.758172 seconds (505.79 k allocations: 498.452 MiB)
1022
  0.760682 seconds (474.93 k allocations: 467.704 MiB)
9770
  0.774977 seconds (520.62 k allocations: 511.426 MiB)
4766
  0.779699 seconds (516.98 k allocations: 507.980 MiB)
7270
  0.795089 seconds (401.61 k allocations: 396.716 MiB)
6030
  0.870710 seconds (527.33 k allocations: 519.200 MiB)
2271
  0.879042 seconds (524.94 k allocations: 516.693 MiB)
3516
  0.777862 seconds (553.21 k allocations: 544.962 MiB)
8651
  0.777565 seconds (463.40 k allocations: 455.922 MiB)
9771
  0.872569 seconds (566.15 k allocations: 558.661 MiB)
1023
  0.778511 seconds (413.23 k allocations: 407.554 MiB)
7271
  1.556966 seconds (267.78 k allocations: 262.777 MiB, 9.17% gc time)
  1.781198 seconds (569.80 k allocations: 559.617 MiB, 8.01% gc time)
  1.646535 seconds (412.61 k allocations: 404.760 MiB, 8.67% gc time)
  1.596555 seconds (318.68 k allocations: 312.651 MiB, 8.94% gc time)
  0.994334 seconds (110.18 k allocations: 107.517 MiB, 14.36% gc time)
  1.101867 seconds (189.72 k allocations: 186.407 MiB, 12.96% gc time)
2272
6031
9772
3517
8652
4767
  0.745106 seconds (411.10 k allocations: 401.993 MiB)
1024
  0.777322 seconds (111.81 k allocations: 115.362 MiB)
9773
  0.790805 seconds (109.79 k allocations: 109.496 MiB)
8653
  0.872594 seconds (237.23 k allocations: 234.016 MiB)
4768
  0.981250 seconds (602.22 k allocations: 591.627 MiB)
7272
  0.965362 seconds (379.30 k allocations: 375.597 MiB)
3518
  0.972643 seconds (396.75 k allocations: 393.263 MiB)
2273
  0.975408 seconds (409.73 k allocations: 405.450 MiB)
6032
  0.878183 seconds (553.31 k allocations: 545.292 MiB)
1025
  0.777162 seconds (438.50 k allocations: 432.876 MiB)
9774
  0.881907 seconds (553.15 k allocations: 544.772 MiB)
8654
  0.880681 seconds (523.02 k allocations: 513.770 MiB)
4769
  0.874133 seconds (479.58 k allocations: 470.219 MiB)
7273
  0.879640 seconds (400.63 k allocations: 395.651 MiB)
3519
  0.880518 seconds (403.95 k allocations: 398.619 MiB)
2274
  0.882933 seconds (421.27 k allocations: 416.175 MiB)
6033
  0.872598 seconds (490.95 k allocations: 484.357 MiB)
1026
  0.876974 seconds (498.67 k allocations: 491.522 MiB)
9775
  1.570471 seconds (358.30 k allocations: 351.082 MiB, 10.19% gc time)
  1.512447 seconds (143.02 k allocations: 141.650 MiB, 10.58% gc time)
  1.604526 seconds (417.08 k allocations: 410.584 MiB, 9.97% gc time)
  1.658686 seconds (520.63 k allocations: 511.875 MiB, 9.65% gc time)
  1.518293 seconds (156.62 k allocations: 155.918 MiB, 10.54% gc time)
  1.504653 seconds (135.66 k allocations: 133.452 MiB, 10.64% gc time)
  0.888247 seconds (13.91 k allocations: 14.436 MiB, 18.02% gc time)
4770
6034
7274
2275
3520
8655
1027
  0.772242 seconds (467.14 k allocations: 455.611 MiB)
9776
  0.770712 seconds (133.73 k allocations: 137.538 MiB)
1028
  0.860612 seconds (169.62 k allocations: 170.403 MiB)
4771
  0.882103 seconds (194.64 k allocations: 195.308 MiB)
8656
  0.905721 seconds (265.21 k allocations: 260.164 MiB)
7275
  0.969123 seconds (397.54 k allocations: 393.880 MiB)
6035
  0.983148 seconds (417.18 k allocations: 411.248 MiB)
3521
  1.009011 seconds (491.16 k allocations: 483.061 MiB)
2276
  0.775624 seconds (553.18 k allocations: 544.860 MiB)
9777
  0.871334 seconds (553.17 k allocations: 544.854 MiB)
1029
  0.777055 seconds (383.11 k allocations: 377.806 MiB)
8657
  0.879154 seconds (568.64 k allocations: 560.065 MiB)
4772
  0.882691 seconds (544.76 k allocations: 534.722 MiB)
7276
  0.876386 seconds (463.61 k allocations: 456.015 MiB)
6036
  0.878486 seconds (455.42 k allocations: 449.181 MiB)
3522
  0.879729 seconds (493.34 k allocations: 485.241 MiB)
2277
  0.776910 seconds (553.22 k allocations: 544.981 MiB)
9778
  0.776034 seconds (474.12 k allocations: 466.940 MiB)
8658
  1.636217 seconds (447.44 k allocations: 439.277 MiB, 11.62% gc time)
  1.722739 seconds (535.12 k allocations: 527.566 MiB, 11.04% gc time)
  1.506516 seconds (171.08 k allocations: 168.179 MiB, 12.62% gc time)
  1.525861 seconds (221.20 k allocations: 217.413 MiB, 12.46% gc time)
  1.577143 seconds (358.16 k allocations: 351.706 MiB, 12.06% gc time)
  1.478609 seconds (135.73 k allocations: 133.290 MiB, 12.86% gc time)
  1.069852 seconds (56.74 k allocations: 55.513 MiB, 17.77% gc time)
4773
6037
9779
7277
1030
2278
3523
  0.775410 seconds (465.42 k allocations: 453.941 MiB)
8659
  0.876379 seconds (173.00 k allocations: 175.099 MiB)
9780
  0.876603 seconds (105.02 k allocations: 106.132 MiB)
4774
  0.889205 seconds (136.19 k allocations: 136.983 MiB)
1031
  0.977016 seconds (316.10 k allocations: 311.352 MiB)
  0.977010 seconds (316.64 k allocations: 312.837 MiB)
3524
2279
  0.980789 seconds (318.69 k allocations: 317.054 MiB)
7278
  0.985373 seconds (345.86 k allocations: 342.844 MiB)
6038
  0.774963 seconds (553.20 k allocations: 544.930 MiB)
8660
  0.776305 seconds (459.96 k allocations: 453.711 MiB)
9781
  0.773439 seconds (432.48 k allocations: 425.931 MiB)
1032
  0.876963 seconds (567.20 k allocations: 559.535 MiB)
4775
  0.879767 seconds (336.15 k allocations: 334.216 MiB)
3525
  0.878021 seconds (324.65 k allocations: 322.985 MiB)
2280
  0.879708 seconds (329.56 k allocations: 327.476 MiB)
  0.876349 seconds (327.81 k allocations: 324.731 MiB)
6039
7279
  0.776724 seconds (553.18 k allocations: 544.879 MiB)
8661
  0.757679 seconds (474.17 k allocations: 467.067 MiB)
1033
  1.692258 seconds (552.27 k allocations: 544.000 MiB, 10.11% gc time)
  1.472360 seconds (138.83 k allocations: 138.506 MiB, 11.62% gc time)
  1.468716 seconds (135.59 k allocations: 132.958 MiB, 11.65% gc time)
  1.475493 seconds (149.10 k allocations: 149.573 MiB, 11.60% gc time)
  1.582452 seconds (451.97 k allocations: 444.692 MiB, 10.81% gc time)
  1.469881 seconds (135.93 k allocations: 133.487 MiB, 11.64% gc time)
  1.042695 seconds (57.42 k allocations: 56.665 MiB, 16.41% gc time)
7280
2281
3526
9782
6040
8662
4776
  0.755747 seconds (472.76 k allocations: 460.956 MiB)
1034
  0.784802 seconds (83.15 k allocations: 86.687 MiB)
8663
  0.851831 seconds (158.09 k allocations: 156.958 MiB)
4777
  0.854752 seconds (163.31 k allocations: 161.735 MiB)
7281
  0.952040 seconds (316.13 k allocations: 311.435 MiB)
3527
  0.959021 seconds (321.90 k allocations: 322.809 MiB)
6041
  0.958083 seconds (323.75 k allocations: 320.724 MiB)
2282
  0.959873 seconds (329.74 k allocations: 327.473 MiB)
9783
  0.857510 seconds (553.21 k allocations: 544.962 MiB)
1035
  0.776299 seconds (509.55 k allocations: 501.932 MiB)
8664
  0.772376 seconds (478.50 k allocations: 472.415 MiB)
4778
  0.868412 seconds (553.17 k allocations: 544.848 MiB)
7282
  0.770472 seconds (242.88 k allocations: 242.503 MiB)
2283
  0.777730 seconds (264.13 k allocations: 261.352 MiB)
6042
  0.791424 seconds (320.08 k allocations: 315.857 MiB)
9784
  0.865583 seconds (577.00 k allocations: 571.255 MiB)
3528
  0.757423 seconds (511.00 k allocations: 503.451 MiB)
1036
  0.881464 seconds (553.15 k allocations: 544.765 MiB)
8665
  1.664611 seconds (530.45 k allocations: 521.828 MiB, 11.92% gc time)
  1.471331 seconds (135.43 k allocations: 132.787 MiB, 13.49% gc time)
  1.559126 seconds (257.02 k allocations: 253.821 MiB, 12.73% gc time)
  1.547703 seconds (230.25 k allocations: 227.093 MiB, 12.83% gc time)
  1.558630 seconds (255.79 k allocations: 252.829 MiB, 12.74% gc time)
  1.533869 seconds (214.96 k allocations: 211.343 MiB, 12.94% gc time)
  0.940927 seconds (57.51 k allocations: 56.917 MiB, 21.10% gc time)
4779
6043
9785
3529
2284
7283
1037
  0.777324 seconds (469.02 k allocations: 457.406 MiB)
8666
  0.783960 seconds (79.02 k allocations: 77.806 MiB)
1038
  0.855428 seconds (158.03 k allocations: 155.613 MiB)
4780
  0.856822 seconds (159.41 k allocations: 157.907 MiB)
9786
  0.959920 seconds (316.08 k allocations: 311.270 MiB)
3530
  0.961721 seconds (316.77 k allocations: 312.924 MiB)
2285
  0.964020 seconds (320.82 k allocations: 317.786 MiB)
  0.963985 seconds (323.60 k allocations: 321.378 MiB)
6044
7284
  0.776265 seconds (553.16 k allocations: 544.822 MiB)
8667
  0.757863 seconds (553.17 k allocations: 544.841 MiB)
1039
  0.792027 seconds (474.15 k allocations: 467.003 MiB)
9787
  0.878059 seconds (553.18 k allocations: 544.860 MiB)
4781
  0.876550 seconds (316.10 k allocations: 311.340 MiB)
7285
  0.881748 seconds (319.06 k allocations: 316.385 MiB)
  0.886249 seconds (328.63 k allocations: 326.762 MiB)
3531
  0.886590 seconds (328.76 k allocations: 328.839 MiB)
6045
2286
  0.777543 seconds (553.24 k allocations: 545.051 MiB)
8668
  0.872013 seconds (553.28 k allocations: 545.197 MiB)
1040
  1.594823 seconds (451.65 k allocations: 444.468 MiB, 9.76% gc time)
  1.678432 seconds (530.64 k allocations: 522.260 MiB, 9.27% gc time)
  1.481202 seconds (135.60 k allocations: 133.007 MiB, 10.51% gc time)
  1.479955 seconds (135.73 k allocations: 133.172 MiB, 10.52% gc time)
  1.481548 seconds (135.93 k allocations: 133.459 MiB, 10.51% gc time)
  1.483520 seconds (139.22 k allocations: 140.447 MiB, 10.49% gc time)
  1.020948 seconds (57.69 k allocations: 57.364 MiB, 15.25% gc time)
7286
3532
9788
4782
2287
8669
6046
  0.790183 seconds (469.28 k allocations: 457.655 MiB)
1041
  0.785202 seconds (79.04 k allocations: 77.883 MiB)
8670
  0.852635 seconds (158.07 k allocations: 155.733 MiB)
2288
  0.865110 seconds (171.35 k allocations: 174.334 MiB)
4783
  0.866324 seconds (174.37 k allocations: 173.309 MiB)
9789
  0.872302 seconds (200.57 k allocations: 199.348 MiB)
7287
  0.972755 seconds (474.19 k allocations: 467.130 MiB)
6047
  0.978716 seconds (480.58 k allocations: 474.227 MiB)
3533
  0.776508 seconds (474.18 k allocations: 467.105 MiB)
8671
  0.881666 seconds (592.22 k allocations: 583.281 MiB)
1042
  0.775908 seconds (303.83 k allocations: 300.840 MiB)
4784
  0.777705 seconds (308.65 k allocations: 305.228 MiB)
9790
  0.872520 seconds (505.94 k allocations: 501.152 MiB)
2289
  0.875152 seconds (496.29 k allocations: 489.241 MiB)
7288
  0.768721 seconds (352.19 k allocations: 347.862 MiB)
  0.778973 seconds (363.55 k allocations: 359.947 MiB)
3534
6048
  0.873138 seconds (520.02 k allocations: 512.133 MiB)
8672
  0.860933 seconds (446.58 k allocations: 439.969 MiB)
1043
  1.194772 seconds (420.78 k allocations: 415.041 MiB, 16.61% gc time)
  1.181765 seconds (408.23 k allocations: 401.795 MiB, 16.79% gc time)
  1.101870 seconds (177.96 k allocations: 176.245 MiB, 18.01% gc time)
  1.077646 seconds (98.58 k allocations: 97.920 MiB, 18.41% gc time)
  1.082762 seconds (108.81 k allocations: 108.978 MiB, 18.33% gc time)
  1.070303 seconds (92.53 k allocations: 90.947 MiB, 18.54% gc time)
4785
9791
6049
3535
2290
7289
  0.795433 seconds (415.93 k allocations: 406.607 MiB)
8673
  0.778730 seconds (199.76 k allocations: 198.261 MiB)
9792
  0.810937 seconds (298.46 k allocations: 294.928 MiB)
1044
  0.783994 seconds (152.91 k allocations: 151.741 MiB)
4786
  0.790431 seconds (184.69 k allocations: 183.139 MiB)
7290
  0.790557 seconds (209.86 k allocations: 206.977 MiB)
3536
  0.889664 seconds (477.37 k allocations: 471.324 MiB)
2291
  0.895483 seconds (483.65 k allocations: 478.311 MiB)
6050
  0.776333 seconds (505.48 k allocations: 497.284 MiB)
8674
  0.775542 seconds (419.63 k allocations: 411.978 MiB)
9793
  0.774292 seconds (315.52 k allocations: 312.051 MiB)
4787
  0.778080 seconds (327.15 k allocations: 323.057 MiB)
7291
  0.878329 seconds (549.35 k allocations: 542.789 MiB)
1045
  0.774622 seconds (340.56 k allocations: 337.031 MiB)
2292
  0.875502 seconds (514.23 k allocations: 507.446 MiB)
3537
  0.877861 seconds (553.35 k allocations: 545.400 MiB)
6051
  0.775878 seconds (514.14 k allocations: 506.912 MiB)
8675
  0.882559 seconds (511.09 k allocations: 502.908 MiB)
9794
  0.756307 seconds (207.75 k allocations: 206.708 MiB)
1046
  0.879335 seconds (466.91 k allocations: 461.437 MiB)
4788
  0.780062 seconds (226.19 k allocations: 225.120 MiB)
2293
  0.774623 seconds (222.99 k allocations: 222.278 MiB)
3538
  0.876039 seconds (478.39 k allocations: 474.588 MiB)
7292
  0.882908 seconds (342.50 k allocations: 336.367 MiB)
6052
  1.401993 seconds (289.78 k allocations: 285.902 MiB, 12.14% gc time)
  1.039701 seconds (7.15 k allocations: 6.849 MiB, 16.37% gc time)
8676
1047
  0.776115 seconds (310.04 k allocations: 305.286 MiB)
9795
  0.784846 seconds (79.06 k allocations: 77.939 MiB)
1048
  0.878311 seconds (262.95 k allocations: 261.018 MiB)
4789
  0.878433 seconds (258.15 k allocations: 257.419 MiB)
2294
  0.879445 seconds (265.91 k allocations: 263.395 MiB)
7293
  0.850837 seconds (200.64 k allocations: 199.453 MiB)
8677
  0.870732 seconds (283.08 k allocations: 282.149 MiB)
6053
  0.984002 seconds (653.35 k allocations: 646.006 MiB)
3539
  0.759788 seconds (553.32 k allocations: 545.317 MiB)
9796
  0.774000 seconds (234.10 k allocations: 233.329 MiB)
4790
  0.778467 seconds (205.61 k allocations: 204.597 MiB)
7294
  0.776560 seconds (202.09 k allocations: 200.988 MiB)
8678
  0.877626 seconds (679.07 k allocations: 665.617 MiB)
1049
  0.879495 seconds (527.12 k allocations: 520.090 MiB)
2295
  0.883468 seconds (516.99 k allocations: 508.934 MiB)
6054
  0.879745 seconds (553.16 k allocations: 544.803 MiB)
3540
  0.777747 seconds (553.15 k allocations: 544.791 MiB)
9797
  0.879348 seconds (435.22 k allocations: 428.994 MiB)
4791
  0.776465 seconds (207.01 k allocations: 204.747 MiB)
2296
  0.885399 seconds (421.11 k allocations: 416.266 MiB)
7295
  0.883372 seconds (426.76 k allocations: 421.477 MiB)
8679
  0.873613 seconds (463.79 k allocations: 455.685 MiB)
1050
  0.779424 seconds (387.25 k allocations: 381.452 MiB)
3541
  0.881566 seconds (521.31 k allocations: 513.231 MiB)
  1.286649 seconds (365.51 k allocations: 360.700 MiB, 11.58% gc time)
  1.028490 seconds (134.55 k allocations: 133.466 MiB, 14.49% gc time)
  1.000210 seconds (75.35 k allocations: 74.335 MiB, 14.90% gc time)
  1.020915 seconds (113.41 k allocations: 111.991 MiB, 14.60% gc time)
6055
4792
2297
7296
9798
  0.775350 seconds (389.65 k allocations: 381.471 MiB)
8680
  0.785311 seconds (79.02 k allocations: 77.813 MiB)
7297
  0.887259 seconds (182.48 k allocations: 183.932 MiB)
4793
  0.882388 seconds (160.68 k allocations: 162.756 MiB)
6056
  0.925156 seconds (347.96 k allocations: 346.707 MiB)
1051
  0.922609 seconds (331.94 k allocations: 331.148 MiB)
  0.886470 seconds (178.08 k allocations: 178.739 MiB)
3542
2298
  0.898509 seconds (265.36 k allocations: 263.276 MiB)
9799
  0.776697 seconds (553.17 k allocations: 544.835 MiB)
8681
  0.773798 seconds (180.10 k allocations: 180.690 MiB)
4794
  0.884023 seconds (580.19 k allocations: 571.663 MiB)
7298
  0.787316 seconds (148.61 k allocations: 150.086 MiB)
  0.782929 seconds (140.77 k allocations: 141.131 MiB)
6057
3543
  0.781430 seconds (193.48 k allocations: 191.687 MiB)
9800
  0.879167 seconds (516.29 k allocations: 512.606 MiB)
2299
  0.885180 seconds (507.57 k allocations: 502.802 MiB)
1052
  0.776864 seconds (553.34 k allocations: 545.387 MiB)
8682
  0.774648 seconds (391.16 k allocations: 385.855 MiB)
4795
  0.761757 seconds (292.11 k allocations: 290.849 MiB)
7299
  1.659436 seconds (347.74 k allocations: 342.624 MiB, 9.27% gc time)
  1.559507 seconds (173.45 k allocations: 170.200 MiB, 9.86% gc time)
  1.660019 seconds (348.47 k allocations: 343.358 MiB, 9.27% gc time)
  1.645526 seconds (331.62 k allocations: 325.964 MiB, 9.35% gc time)
  1.572658 seconds (189.61 k allocations: 186.967 MiB, 9.78% gc time)
  1.035372 seconds (95.17 k allocations: 93.495 MiB, 14.86% gc time)
6058
9801
1053
3544
8683
2300
  0.773046 seconds (78.10 k allocations: 80.864 MiB)
8684
  0.875031 seconds (474.86 k allocations: 463.997 MiB)
4796
  0.868251 seconds (328.44 k allocations: 324.851 MiB)
7300
  0.838320 seconds (172.07 k allocations: 173.724 MiB)
1054
  0.870824 seconds (276.52 k allocations: 270.984 MiB)
9802
  0.969067 seconds (395.16 k allocations: 390.447 MiB)
3545
  0.969338 seconds (397.34 k allocations: 392.298 MiB)
2301
  0.978338 seconds (421.19 k allocations: 416.126 MiB)
6059
  0.776149 seconds (520.87 k allocations: 513.036 MiB)
8685
  0.774795 seconds (466.36 k allocations: 458.684 MiB)
4797
  0.773823 seconds (427.22 k allocations: 419.931 MiB)
1055
  0.777458 seconds (443.95 k allocations: 436.926 MiB)
9803
  0.882336 seconds (616.30 k allocations: 606.520 MiB)
7301
  0.774748 seconds (382.18 k allocations: 378.028 MiB)
3546
  0.775111 seconds (383.90 k allocations: 379.461 MiB)
2302
  0.779279 seconds (427.34 k allocations: 420.807 MiB)
6060
  0.775550 seconds (453.46 k allocations: 446.327 MiB)
4798
  0.882081 seconds (598.32 k allocations: 589.357 MiB)
8686
  1.753597 seconds (149.71 k allocations: 147.723 MiB, 12.81% gc time)
  1.877680 seconds (487.75 k allocations: 480.150 MiB, 11.97% gc time)
  1.848972 seconds (443.85 k allocations: 435.869 MiB, 12.15% gc time)
  1.741606 seconds (135.57 k allocations: 132.920 MiB, 12.90% gc time)
  1.102747 seconds (56.97 k allocations: 55.783 MiB, 20.37% gc time)
  1.755866 seconds (153.62 k allocations: 152.911 MiB, 12.80% gc time)
  1.794953 seconds (308.12 k allocations: 302.102 MiB, 12.52% gc time)
9804
1056
2303
3547
6061
7302
4799
  0.777507 seconds (481.36 k allocations: 469.216 MiB)
8687
  0.786823 seconds (79.02 k allocations: 77.825 MiB)
4800
  0.867201 seconds (173.24 k allocations: 177.556 MiB)
9805
  0.866482 seconds (162.59 k allocations: 163.442 MiB)
2304
  0.887688 seconds (221.25 k allocations: 218.095 MiB)
1057
  0.969955 seconds (395.54 k allocations: 390.756 MiB)
  0.967722 seconds (395.60 k allocations: 390.559 MiB)
3548
7303
  0.976760 seconds (408.88 k allocations: 407.952 MiB)
6062
  0.769292 seconds (553.15 k allocations: 544.791 MiB)
8688
  0.766141 seconds (553.16 k allocations: 544.797 MiB)
4801
  0.769342 seconds (437.62 k allocations: 432.314 MiB)
9806
  0.759732 seconds (214.60 k allocations: 210.810 MiB)
6063
  0.875897 seconds (495.92 k allocations: 488.839 MiB)
2305
  0.879563 seconds (523.18 k allocations: 515.967 MiB)
1058
  0.877513 seconds (475.86 k allocations: 469.949 MiB)
7304
  0.882990 seconds (481.66 k allocations: 477.722 MiB)
3549
  0.782197 seconds (553.20 k allocations: 544.924 MiB)
8689
  0.895837 seconds (553.20 k allocations: 544.924 MiB)
4802
  1.651167 seconds (347.26 k allocations: 342.398 MiB, 13.06% gc time)
  1.699581 seconds (496.85 k allocations: 487.758 MiB, 12.68% gc time)
  1.629418 seconds (301.46 k allocations: 297.332 MiB, 13.23% gc time)
  1.542258 seconds (145.55 k allocations: 143.672 MiB, 13.98% gc time)
  1.618474 seconds (293.83 k allocations: 288.830 MiB, 13.32% gc time)
  1.531448 seconds (136.16 k allocations: 133.932 MiB, 14.08% gc time)
  1.095882 seconds (57.40 k allocations: 56.673 MiB, 19.67% gc time)
6064
9807
3550
2306
7305
1059
8690
  0.775605 seconds (470.93 k allocations: 459.224 MiB)
4803
  0.790216 seconds (79.02 k allocations: 77.813 MiB)
8691
  0.852463 seconds (158.05 k allocations: 155.689 MiB)
  0.854396 seconds (158.59 k allocations: 157.173 MiB)
  0.858213 seconds (163.86 k allocations: 167.772 MiB)
7306
2307
9808
  0.960399 seconds (395.15 k allocations: 389.261 MiB)
3551
  0.964143 seconds (398.14 k allocations: 396.772 MiB)
6065
  0.969504 seconds (411.93 k allocations: 412.248 MiB)
1060
  0.757696 seconds (553.23 k allocations: 545.032 MiB)
4804
  0.760412 seconds (553.22 k allocations: 544.981 MiB)
8692
  0.761417 seconds (400.61 k allocations: 395.697 MiB)
9809
  0.762795 seconds (250.94 k allocations: 248.265 MiB)
6066
  0.878955 seconds (491.96 k allocations: 486.561 MiB)
  0.761831 seconds (250.81 k allocations: 247.882 MiB)
2308
1061
  0.878143 seconds (504.78 k allocations: 499.624 MiB)
7307
  0.877796 seconds (567.24 k allocations: 559.780 MiB)
3552
  0.774090 seconds (553.30 k allocations: 545.241 MiB)
4805
  0.881155 seconds (553.29 k allocations: 545.235 MiB)
8693
  1.593785 seconds (224.04 k allocations: 221.054 MiB, 10.90% gc time)
  1.613805 seconds (282.07 k allocations: 279.053 MiB, 10.76% gc time)
  1.601918 seconds (240.59 k allocations: 238.097 MiB, 10.84% gc time)
  1.706907 seconds (530.74 k allocations: 522.135 MiB, 10.18% gc time)
  1.496582 seconds (135.93 k allocations: 133.629 MiB, 11.61% gc time)
  1.051931 seconds (56.98 k allocations: 55.928 MiB, 16.51% gc time)
  1.581852 seconds (215.31 k allocations: 212.163 MiB, 10.98% gc time)
6067
7308
2309
9810
3553
1062
4806
  0.780234 seconds (471.35 k allocations: 459.644 MiB)
8694
  0.783328 seconds (80.49 k allocations: 80.452 MiB)
4807
  0.886032 seconds (158.04 k allocations: 155.657 MiB)
1063
  0.900972 seconds (172.71 k allocations: 173.109 MiB)
9811
  0.903761 seconds (179.77 k allocations: 183.328 MiB)
6068
  0.920800 seconds (253.47 k allocations: 251.172 MiB)
7309
  1.004548 seconds (474.34 k allocations: 467.613 MiB)
  1.006009 seconds (475.53 k allocations: 470.916 MiB)
3554
2310
  0.761577 seconds (553.37 k allocations: 545.463 MiB)
8695
  0.756934 seconds (553.37 k allocations: 545.470 MiB)
4808
  0.771332 seconds (353.26 k allocations: 349.340 MiB)
9812
  0.859078 seconds (457.72 k allocations: 452.710 MiB)
1064
  0.856720 seconds (431.00 k allocations: 425.681 MiB)
  0.754583 seconds (251.25 k allocations: 248.637 MiB)
6069
3555
  0.855486 seconds (476.69 k allocations: 470.156 MiB)
7310
  0.847511 seconds (553.15 k allocations: 544.778 MiB)
2311
  0.763115 seconds (553.15 k allocations: 544.778 MiB)
8696
  0.867040 seconds (553.15 k allocations: 544.784 MiB)
4809
  1.657118 seconds (530.52 k allocations: 521.928 MiB, 9.78% gc time)
  1.559136 seconds (238.65 k allocations: 236.228 MiB, 10.39% gc time)
  1.550775 seconds (221.97 k allocations: 219.142 MiB, 10.45% gc time)
  1.543461 seconds (214.76 k allocations: 211.016 MiB, 10.50% gc time)
  1.575487 seconds (293.51 k allocations: 290.065 MiB, 10.28% gc time)
  1.451063 seconds (136.16 k allocations: 133.867 MiB, 11.16% gc time)
  1.042816 seconds (57.39 k allocations: 56.577 MiB, 15.54% gc time)
8697
9813
6070
3556
2312
7311
1065
  0.794365 seconds (37.45 k allocations: 41.976 MiB)
8698
  0.874573 seconds (470.35 k allocations: 459.684 MiB)
4810
  0.865346 seconds (242.70 k allocations: 242.803 MiB)
9814
  0.879741 seconds (205.98 k allocations: 202.545 MiB)
3557
  0.885095 seconds (220.36 k allocations: 217.301 MiB)
7312
  0.984320 seconds (396.46 k allocations: 395.675 MiB)
6071
  0.983404 seconds (396.75 k allocations: 392.064 MiB)
2313
  0.985282 seconds (400.35 k allocations: 396.501 MiB)
1066
  0.768757 seconds (472.45 k allocations: 464.702 MiB)
  0.772191 seconds (476.58 k allocations: 470.894 MiB)
8699
4811
  0.771861 seconds (492.21 k allocations: 483.323 MiB)
9815
  0.767879 seconds (241.88 k allocations: 240.562 MiB)
6072
  0.872899 seconds (486.85 k allocations: 481.444 MiB)
3558
  0.883301 seconds (526.08 k allocations: 518.744 MiB)
7313
  0.860859 seconds (474.17 k allocations: 467.067 MiB)
1067
  0.867482 seconds (479.34 k allocations: 474.265 MiB)
2314
  0.758967 seconds (480.16 k allocations: 474.089 MiB)
4812
  0.865650 seconds (545.24 k allocations: 536.478 MiB)
8700
  0.867171 seconds (527.96 k allocations: 519.719 MiB)
9816
  1.528223 seconds (295.41 k allocations: 291.520 MiB, 9.93% gc time)
  1.544344 seconds (315.07 k allocations: 311.559 MiB, 9.83% gc time)
  1.450673 seconds (137.48 k allocations: 135.900 MiB, 10.46% gc time)
  1.549869 seconds (327.65 k allocations: 324.794 MiB, 9.79% gc time)
  1.448682 seconds (137.72 k allocations: 136.070 MiB, 10.48% gc time)
  0.925353 seconds (58.76 k allocations: 58.250 MiB, 16.40% gc time)
2315
7314
6073
3559
1068
4813
  0.777128 seconds (462.15 k allocations: 450.853 MiB)
8701
  0.775847 seconds (191.57 k allocations: 192.888 MiB)
4814
  0.868882 seconds (208.81 k allocations: 210.356 MiB)
9817
  0.868111 seconds (176.24 k allocations: 175.287 MiB)
  0.868935 seconds (177.03 k allocations: 176.070 MiB)
3560
1069
  0.872812 seconds (192.43 k allocations: 192.716 MiB)
7315
  0.979075 seconds (476.59 k allocations: 470.534 MiB)
6074
  0.996376 seconds (503.42 k allocations: 496.281 MiB)
2316
  0.777295 seconds (553.29 k allocations: 545.216 MiB)
8702
  0.877955 seconds (553.29 k allocations: 545.222 MiB)
4815
  0.878266 seconds (370.81 k allocations: 367.727 MiB)
9818
  0.878723 seconds (339.93 k allocations: 336.710 MiB)
  0.878700 seconds (340.45 k allocations: 338.163 MiB)
3561
1070
  0.882149 seconds (367.41 k allocations: 363.754 MiB)
7316
  0.790725 seconds (328.43 k allocations: 323.941 MiB)
6075
  0.884381 seconds (553.20 k allocations: 544.918 MiB)
2317
  0.763533 seconds (553.20 k allocations: 544.943 MiB)
8703
  0.855374 seconds (553.17 k allocations: 544.841 MiB)
4816
  0.756295 seconds (285.61 k allocations: 283.673 MiB)
9819
  0.757003 seconds (245.36 k allocations: 243.699 MiB)
3562
  1.674722 seconds (303.55 k allocations: 297.929 MiB, 18.16% gc time)
  1.560268 seconds (224.68 k allocations: 220.229 MiB, 19.49% gc time)
  1.703484 seconds (354.55 k allocations: 350.415 MiB, 17.85% gc time)  1.691687 seconds (324.13 k allocations: 318.843 MiB, 17.97% gc time)

  1.165722 seconds (146.06 k allocations: 142.825 MiB, 26.08% gc time)
2318
7317
8704
6076
1071
  0.790188 seconds (39 allocations: 1.279 MiB)
8705
  0.882718 seconds (390.71 k allocations: 383.435 MiB)
4817
  0.873242 seconds (268.76 k allocations: 265.242 MiB)
3563
  1.007939 seconds (553.93 k allocations: 544.018 MiB)
9820
  0.970484 seconds (284.62 k allocations: 283.663 MiB)
1072
  0.971400 seconds (285.92 k allocations: 284.647 MiB)
7318
  0.980458 seconds (330.95 k allocations: 326.290 MiB)
2319
  0.983445 seconds (348.33 k allocations: 343.944 MiB)
6077
  0.777028 seconds (468.60 k allocations: 462.015 MiB)
8706
  0.774393 seconds (456.88 k allocations: 450.559 MiB)
4818
  0.880103 seconds (553.23 k allocations: 545.038 MiB)
3564
  0.879517 seconds (436.60 k allocations: 429.391 MiB)
9821
  0.873929 seconds (309.60 k allocations: 307.629 MiB)
1073
  0.869437 seconds (294.60 k allocations: 290.601 MiB)
  0.883447 seconds (329.43 k allocations: 327.293 MiB)
2320
7319
  0.880522 seconds (355.23 k allocations: 350.565 MiB)
6078
  0.886275 seconds (482.56 k allocations: 476.239 MiB)
8707
  0.880012 seconds (476.81 k allocations: 470.931 MiB)
4819
  1.210198 seconds (522.70 k allocations: 513.614 MiB, 17.08% gc time)
  1.127855 seconds (327.41 k allocations: 320.621 MiB, 18.32% gc time)
  1.089716 seconds (139.92 k allocations: 137.647 MiB, 18.96% gc time)
  1.090427 seconds (140.95 k allocations: 138.677 MiB, 18.95% gc time)
  1.079503 seconds (128.24 k allocations: 125.281 MiB, 19.14% gc time)
  1.097476 seconds (165.30 k allocations: 164.441 MiB, 18.83% gc time)
6079
9822
3565
2321
7320
1074
  0.778695 seconds (394.63 k allocations: 385.006 MiB)
8708
  0.812326 seconds (465.39 k allocations: 454.928 MiB)
4820
  0.785270 seconds (155.88 k allocations: 153.600 MiB)
9823
  0.791420 seconds (167.63 k allocations: 165.846 MiB)
1075
  0.794566 seconds (178.71 k allocations: 177.447 MiB)
7321
  0.888884 seconds (413.13 k allocations: 412.549 MiB)
2322
  0.895374 seconds (412.75 k allocations: 410.705 MiB)
6080
  0.898231 seconds (422.20 k allocations: 417.057 MiB)
3566
  0.779231 seconds (512.03 k allocations: 504.483 MiB)
8709
  0.775123 seconds (503.81 k allocations: 495.389 MiB)
4821
  0.883487 seconds (424.77 k allocations: 420.006 MiB)
9824
  0.881561 seconds (419.69 k allocations: 414.913 MiB)
1076
  0.779197 seconds (179.28 k allocations: 178.030 MiB)
3567
  0.882802 seconds (493.01 k allocations: 486.242 MiB)
7322
  0.877789 seconds (499.26 k allocations: 492.711 MiB)
2323
  0.889377 seconds (505.94 k allocations: 500.096 MiB)
6081
  0.776296 seconds (508.23 k allocations: 501.277 MiB)
8710
  0.774319 seconds (505.89 k allocations: 498.850 MiB)
4822
  0.884319 seconds (368.30 k allocations: 365.027 MiB)
1077
  0.882560 seconds (351.73 k allocations: 348.948 MiB)
9825
  0.779085 seconds (163.96 k allocations: 163.348 MiB)
  0.881661 seconds (345.69 k allocations: 343.560 MiB)
3568
6082
  0.873515 seconds (330.38 k allocations: 328.011 MiB)
7323
  0.885230 seconds (277.27 k allocations: 275.974 MiB)
2324
  1.043891 seconds (298.62 k allocations: 291.663 MiB, 15.92% gc time)
  1.068453 seconds (329.68 k allocations: 322.616 MiB, 15.55% gc time)
4823
8711
  0.761124 seconds (1.22 k allocations: 2.404 MiB)
8712
  0.759562 seconds (773 allocations: 1.768 MiB)
4824
  0.867147 seconds (299.42 k allocations: 297.199 MiB)
9826
  0.905304 seconds (349.57 k allocations: 343.717 MiB)
1078
  0.902908 seconds (322.94 k allocations: 319.216 MiB)
2325
  1.011812 seconds (517.49 k allocations: 511.272 MiB)
3569
  1.012909 seconds (510.60 k allocations: 504.556 MiB)
6083
  1.025109 seconds (540.80 k allocations: 535.697 MiB)
7324
  0.777837 seconds (442.73 k allocations: 437.343 MiB)
8713
  0.777594 seconds (438.50 k allocations: 430.841 MiB)
9827
  0.878025 seconds (596.28 k allocations: 587.483 MiB)
4825
  0.774734 seconds (404.72 k allocations: 399.498 MiB)
2326
  0.775768 seconds (340.75 k allocations: 337.392 MiB)
3570
  0.883195 seconds (580.48 k allocations: 573.355 MiB)
1079
  0.882941 seconds (481.43 k allocations: 475.259 MiB)
6084
  0.877636 seconds (475.11 k allocations: 468.999 MiB)
7325
  0.881926 seconds (520.28 k allocations: 512.461 MiB)
8714
  0.880113 seconds (505.14 k allocations: 497.783 MiB)
9828
  1.142923 seconds (251.19 k allocations: 248.060 MiB, 13.16% gc time)
  1.138453 seconds (247.93 k allocations: 243.724 MiB, 13.21% gc time)
  1.237015 seconds (417.99 k allocations: 412.161 MiB, 12.16% gc time)
  1.226177 seconds (406.23 k allocations: 399.631 MiB, 12.27% gc time)
  1.027073 seconds (90.31 k allocations: 88.477 MiB, 14.65% gc time)
  1.030471 seconds (92.60 k allocations: 91.975 MiB, 14.60% gc time)
4826
2327
3571
1080
7326
6085
  0.771753 seconds (436.47 k allocations: 426.242 MiB)
8715
  0.787184 seconds (281.18 k allocations: 278.693 MiB)
9829
  0.783580 seconds (126.92 k allocations: 125.924 MiB)
3572
  0.802276 seconds (173.88 k allocations: 171.853 MiB)
1081
  0.872924 seconds (316.68 k allocations: 313.184 MiB)
4827
  0.874905 seconds (321.27 k allocations: 317.324 MiB)
6086
  0.887166 seconds (340.98 k allocations: 338.414 MiB)
  0.887725 seconds (341.68 k allocations: 339.066 MiB)
2328
7327
  0.741320 seconds (553.18 k allocations: 544.886 MiB)
8716
  0.746781 seconds (514.13 k allocations: 505.517 MiB)
9830
  0.776100 seconds (496.68 k allocations: 489.792 MiB)
3573
  0.780610 seconds (503.94 k allocations: 496.494 MiB)
1082
  0.749443 seconds (321.94 k allocations: 318.119 MiB)
4828
  0.772297 seconds (371.76 k allocations: 368.039 MiB)
6087
  0.869338 seconds (474.14 k allocations: 466.978 MiB)
2329
  0.872618 seconds (478.69 k allocations: 472.323 MiB)
7328
  0.776480 seconds (553.15 k allocations: 544.791 MiB)
8717
  0.762127 seconds (361.98 k allocations: 356.438 MiB)
1083
  0.880820 seconds (577.37 k allocations: 568.952 MiB)
9831
  1.660205 seconds (341.92 k allocations: 335.834 MiB, 10.05% gc time)
  1.744247 seconds (515.43 k allocations: 506.500 MiB, 9.57% gc time)
  1.688454 seconds (379.04 k allocations: 372.560 MiB, 9.88% gc time)
  1.549976 seconds (184.39 k allocations: 180.754 MiB, 10.76% gc time)
  1.554841 seconds (187.99 k allocations: 185.461 MiB, 10.73% gc time)
  1.047085 seconds (106.12 k allocations: 104.356 MiB, 15.93% gc time)
6088
4829
3574
8718
2330
7329
  0.796313 seconds (417.01 k allocations: 407.640 MiB)
1084
  0.783733 seconds (95.53 k allocations: 99.776 MiB)
8719
  0.899601 seconds (440.67 k allocations: 433.495 MiB)
9832
  0.856951 seconds (174.98 k allocations: 172.880 MiB)
2331
  0.859559 seconds (182.17 k allocations: 180.719 MiB)
  0.858983 seconds (185.11 k allocations: 184.476 MiB)
7330
4830
  0.863912 seconds (201.36 k allocations: 201.086 MiB)
3575
  0.963991 seconds (553.32 k allocations: 545.324 MiB)
6089
  0.735078 seconds (474.29 k allocations: 467.467 MiB)
8720
  0.881754 seconds (632.34 k allocations: 623.130 MiB)
1085
  0.830341 seconds (323.53 k allocations: 321.142 MiB)
9833
  0.829615 seconds (263.30 k allocations: 260.815 MiB)
4831
  0.877434 seconds (386.88 k allocations: 382.560 MiB)
2332
  0.877806 seconds (388.62 k allocations: 383.983 MiB)
7331
  0.877421 seconds (400.99 k allocations: 395.562 MiB)
3576
  0.832464 seconds (529.50 k allocations: 518.525 MiB)
6090
  0.755571 seconds (474.17 k allocations: 467.079 MiB)
1086
  0.864206 seconds (601.87 k allocations: 592.452 MiB)
8721
  1.630861 seconds (417.66 k allocations: 408.781 MiB, 9.76% gc time)
  1.572961 seconds (200.69 k allocations: 196.456 MiB, 10.11% gc time)
  1.645732 seconds (469.49 k allocations: 462.503 MiB, 9.67% gc time)
  1.578068 seconds (211.97 k allocations: 208.677 MiB, 10.08% gc time)
  1.523260 seconds (135.92 k allocations: 133.500 MiB, 10.44% gc time)
  1.578238 seconds (212.55 k allocations: 209.395 MiB, 10.08% gc time)
  0.906283 seconds (33.29 k allocations: 32.730 MiB, 17.55% gc time)
6091
4832
9834
3577
1087
2333
7332
  0.776989 seconds (470.24 k allocations: 458.578 MiB)
8722
  0.805551 seconds (79.02 k allocations: 77.832 MiB)
1088
  0.867089 seconds (155.22 k allocations: 151.750 MiB)
4833
  0.964626 seconds (240.63 k allocations: 241.857 MiB)
9835
  0.969484 seconds (245.39 k allocations: 242.525 MiB)
  0.970495 seconds (247.37 k allocations: 245.399 MiB)
2334
  0.972337 seconds (248.17 k allocations: 246.640 MiB)
  0.971204 seconds (248.45 k allocations: 247.115 MiB)
7333
6092
3578
  0.775984 seconds (553.24 k allocations: 545.045 MiB)
8723
  0.858001 seconds (549.93 k allocations: 540.889 MiB)
1089
  0.762136 seconds (186.17 k allocations: 186.265 MiB)
9836
  0.863335 seconds (543.12 k allocations: 535.086 MiB)
4834
  0.764260 seconds (177.74 k allocations: 176.519 MiB)
6093
  0.791068 seconds (292.12 k allocations: 287.027 MiB)
3579
  0.873116 seconds (474.21 k allocations: 467.213 MiB)
7334
  0.878470 seconds (478.91 k allocations: 475.164 MiB)
2335
  0.737897 seconds (553.24 k allocations: 545.070 MiB)
8724
  0.753581 seconds (277.01 k allocations: 273.022 MiB)
6094
  0.866552 seconds (561.15 k allocations: 550.627 MiB)
  1.568348 seconds (343.30 k allocations: 339.457 MiB, 9.74% gc time)
  1.566385 seconds (338.15 k allocations: 334.509 MiB, 9.75% gc time)
  1.450903 seconds (136.19 k allocations: 134.458 MiB, 10.53% gc time)
  1.450983 seconds (136.14 k allocations: 134.337 MiB, 10.53% gc time)
  1.530003 seconds (294.36 k allocations: 290.379 MiB, 9.99% gc time)
  1.032431 seconds (57.74 k allocations: 57.748 MiB, 14.80% gc time)
1090
2336
3580
9837
4835
8725
7335
  0.784148 seconds (3.63 k allocations: 7.147 MiB)
8726
  0.882717 seconds (487.57 k allocations: 476.142 MiB)
6095
  0.855634 seconds (152.50 k allocations: 149.144 MiB)
3581
  0.877724 seconds (184.22 k allocations: 182.942 MiB)
1091
  0.960278 seconds (316.47 k allocations: 312.953 MiB)
  0.960816 seconds (316.91 k allocations: 314.300 MiB)
2337
7336
  0.965441 seconds (334.24 k allocations: 330.675 MiB)
4836
  0.975043 seconds (365.38 k allocations: 361.449 MiB)
9838
  0.776267 seconds (498.43 k allocations: 491.471 MiB)
8727
  0.782355 seconds (501.35 k allocations: 493.028 MiB)
6096
  0.761614 seconds (469.71 k allocations: 461.897 MiB)
1092
  0.760040 seconds (237.26 k allocations: 234.104 MiB)
9839
  0.880520 seconds (579.25 k allocations: 572.365 MiB)
3582
  0.773259 seconds (252.12 k allocations: 251.469 MiB)
4837
  0.878633 seconds (499.77 k allocations: 494.395 MiB)
  0.879205 seconds (498.92 k allocations: 494.514 MiB)
2338
7337
  0.880135 seconds (508.58 k allocations: 501.208 MiB)
8728
  0.879531 seconds (494.84 k allocations: 486.827 MiB)
6097
  1.136118 seconds (254.27 k allocations: 249.737 MiB, 14.95% gc time)
  1.136126 seconds (254.44 k allocations: 249.883 MiB, 14.95% gc time)
  1.139829 seconds (259.76 k allocations: 257.487 MiB, 14.90% gc time)
  1.236394 seconds (491.89 k allocations: 483.852 MiB, 13.73% gc time)
  1.034682 seconds (96.90 k allocations: 94.867 MiB, 16.41% gc time)
  1.035565 seconds (97.12 k allocations: 95.177 MiB, 16.40% gc time)
4838
7338
3583
1093
9840
2339
  0.777376 seconds (432.17 k allocations: 422.144 MiB)
8729
  0.785908 seconds (85.68 k allocations: 89.106 MiB)
7339
  0.785801 seconds (81.71 k allocations: 82.596 MiB)
  0.785321 seconds (82.38 k allocations: 83.031 MiB)
4839
3584
  0.806481 seconds (171.70 k allocations: 169.757 MiB)
1094
  0.905709 seconds (615.71 k allocations: 606.658 MiB)
6098
  0.884167 seconds (442.74 k allocations: 442.123 MiB)
2340
  0.890425 seconds (454.68 k allocations: 448.406 MiB)
9841
  0.777153 seconds (553.29 k allocations: 545.235 MiB)
8730
  0.764721 seconds (295.64 k allocations: 290.763 MiB)
1095
  0.880313 seconds (434.56 k allocations: 429.333 MiB)
  0.878515 seconds (428.60 k allocations: 423.396 MiB)
7340
4840
  0.880049 seconds (433.66 k allocations: 429.274 MiB)
3585
  0.777958 seconds (172.00 k allocations: 171.995 MiB)
9842
  0.881849 seconds (532.72 k allocations: 525.511 MiB)
6099
  0.883406 seconds (513.74 k allocations: 507.114 MiB)
2341
  0.776835 seconds (553.18 k allocations: 544.886 MiB)
8731
  0.757892 seconds (258.90 k allocations: 258.099 MiB)
7341
  0.777468 seconds (265.41 k allocations: 262.897 MiB)
9843
  0.875840 seconds (596.95 k allocations: 586.775 MiB)
1096
  0.755985 seconds (150.57 k allocations: 149.310 MiB)
2342
  0.779635 seconds (180.22 k allocations: 179.912 MiB)
6100
  0.881420 seconds (373.58 k allocations: 370.376 MiB)
3586
  0.879077 seconds (378.05 k allocations: 374.508 MiB)
4841
  0.878599 seconds (5.96 k allocations: 5.708 MiB, 18.00% gc time)
  1.169557 seconds (235.27 k allocations: 233.399 MiB, 13.52% gc time)
6101
8732
  0.868518 seconds (355.08 k allocations: 348.382 MiB)
7342
  0.804470 seconds (20.67 k allocations: 20.756 MiB)
8733
  0.884016 seconds (166.01 k allocations: 164.476 MiB)
6102
  0.884639 seconds (166.74 k allocations: 166.144 MiB)
  0.898108 seconds (200.04 k allocations: 203.900 MiB)
4842
2343
  1.006964 seconds (504.81 k allocations: 501.477 MiB)
9844
  0.997275 seconds (425.88 k allocations: 423.279 MiB)
1097
  1.000759 seconds (433.69 k allocations: 430.522 MiB)
3587
  0.780941 seconds (474.16 k allocations: 467.054 MiB)
8734
  0.774441 seconds (316.25 k allocations: 311.809 MiB)
4843
  0.779053 seconds (322.80 k allocations: 321.539 MiB)
6103
  0.870937 seconds (589.29 k allocations: 582.999 MiB)
7343
  0.762854 seconds (319.38 k allocations: 316.074 MiB)
1098
  0.879329 seconds (566.18 k allocations: 558.629 MiB)
2344
  0.774255 seconds (336.69 k allocations: 333.369 MiB)
3588
  0.878310 seconds (587.55 k allocations: 580.524 MiB)
9845
  0.882009 seconds (553.17 k allocations: 544.829 MiB)
8735
  1.222500 seconds (380.76 k allocations: 376.709 MiB, 11.28% gc time)
  1.111636 seconds (134.89 k allocations: 132.388 MiB, 12.41% gc time)
  1.114857 seconds (136.64 k allocations: 135.295 MiB, 12.37% gc time)
  1.219558 seconds (375.43 k allocations: 370.457 MiB, 11.31% gc time)
  1.215308 seconds (372.30 k allocations: 366.337 MiB, 11.35% gc time)
  1.026141 seconds (56.43 k allocations: 55.484 MiB, 13.44% gc time)
  1.124162 seconds (159.11 k allocations: 158.832 MiB, 12.27% gc time)
4844
2345
3589
1099
6104
7344
9846
  0.777510 seconds (486.35 k allocations: 473.983 MiB)
8736
  0.776909 seconds (89.45 k allocations: 91.474 MiB)
7345
  0.781315 seconds (93.11 k allocations: 94.759 MiB)
4845
  0.786173 seconds (105.03 k allocations: 107.121 MiB)
  0.783914 seconds (103.78 k allocations: 105.643 MiB)
1100
6105
  0.883723 seconds (400.13 k allocations: 396.439 MiB)
  0.884662 seconds (401.68 k allocations: 398.279 MiB)
2346
3590
  0.886164 seconds (416.50 k allocations: 411.625 MiB)
9847
  0.770706 seconds (553.21 k allocations: 544.968 MiB)
8737
  0.767884 seconds (339.31 k allocations: 336.046 MiB)
4846
  0.784637 seconds (369.46 k allocations: 367.119 MiB)
7346
  0.773114 seconds (339.56 k allocations: 337.057 MiB)
6106
  0.755047 seconds (316.11 k allocations: 311.365 MiB)
9848
  0.785866 seconds (355.77 k allocations: 352.733 MiB)
2347
  0.884882 seconds (603.51 k allocations: 595.055 MiB)
1101
  0.876372 seconds (555.77 k allocations: 547.339 MiB)
3591
  0.777127 seconds (553.20 k allocations: 544.930 MiB)
8738
  0.772902 seconds (424.79 k allocations: 420.060 MiB)
4847
  1.685622 seconds (290.10 k allocations: 285.520 MiB, 9.23% gc time)
  1.770855 seconds (451.71 k allocations: 444.371 MiB, 8.79% gc time)
  1.570405 seconds (135.76 k allocations: 133.195 MiB, 9.91% gc time)
  1.775365 seconds (454.00 k allocations: 447.849 MiB, 8.76% gc time)
  1.664355 seconds (246.32 k allocations: 242.571 MiB, 9.35% gc time)
  1.034708 seconds (57.34 k allocations: 56.438 MiB, 15.04% gc time)
  1.628382 seconds (209.20 k allocations: 205.309 MiB, 9.55% gc time)
9849
6107
8739
3592
2348
7347
1102
  0.773951 seconds (474.98 k allocations: 463.099 MiB)
4848
  0.788161 seconds (79.03 k allocations: 77.845 MiB)
8740
  0.858924 seconds (158.05 k allocations: 155.670 MiB)
  0.859794 seconds (158.29 k allocations: 156.300 MiB)
2349
3593
  0.861063 seconds (159.47 k allocations: 159.030 MiB)
  0.863362 seconds (162.23 k allocations: 162.911 MiB)
7348
9850
  0.863317 seconds (166.09 k allocations: 167.563 MiB)
6108
  0.880058 seconds (274.11 k allocations: 272.021 MiB)
1103
  0.773286 seconds (553.33 k allocations: 545.343 MiB)
4849
  0.776298 seconds (553.33 k allocations: 545.356 MiB)
8741
  0.776391 seconds (181.50 k allocations: 180.563 MiB)
  0.776637 seconds (180.92 k allocations: 180.979 MiB)
  0.777569 seconds (183.03 k allocations: 183.161 MiB)
3594
7349
9851
  0.779818 seconds (240.52 k allocations: 237.657 MiB)
1104
  0.879528 seconds (497.03 k allocations: 491.463 MiB)
2350
  0.881859 seconds (498.15 k allocations: 492.393 MiB)
6109
  0.878578 seconds (553.25 k allocations: 545.108 MiB)
4850
  0.764857 seconds (237.11 k allocations: 233.628 MiB)
1105
  0.880703 seconds (557.81 k allocations: 550.512 MiB)
8742
  0.871583 seconds (335.93 k allocations: 332.686 MiB)
7350
  0.881589 seconds (347.62 k allocations: 344.833 MiB)
9852
  0.887350 seconds (342.97 k allocations: 340.214 MiB)
3595
  0.878017 seconds (249.77 k allocations: 247.497 MiB)
2351
  0.882825 seconds (259.89 k allocations: 256.916 MiB)
6110
  1.035667 seconds (190.62 k allocations: 189.410 MiB, 15.38% gc time)
4851
  0.781501 seconds (327.25 k allocations: 321.755 MiB)
8743
  0.787545 seconds (79.02 k allocations: 77.838 MiB)
4852
  0.857517 seconds (208.96 k allocations: 209.292 MiB)
7351
  0.869605 seconds (228.85 k allocations: 226.864 MiB)
9853
  0.906340 seconds (392.96 k allocations: 389.810 MiB)
1106
  0.867256 seconds (246.65 k allocations: 243.451 MiB)
6111
  0.983924 seconds (521.29 k allocations: 515.799 MiB)
3596
  0.976271 seconds (492.55 k allocations: 488.045 MiB)
2352
  0.778456 seconds (553.16 k allocations: 544.816 MiB)
8744
  0.874862 seconds (525.48 k allocations: 516.313 MiB)
4853
  0.871187 seconds (348.11 k allocations: 343.162 MiB)
9854
  0.884337 seconds (393.51 k allocations: 388.832 MiB)
7352
  0.878695 seconds (372.69 k allocations: 368.660 MiB)
1107
  0.773913 seconds (230.01 k allocations: 228.873 MiB)
3597
  0.775659 seconds (261.96 k allocations: 259.192 MiB)
2353
  0.878782 seconds (431.45 k allocations: 426.804 MiB)
6112
  0.765227 seconds (553.24 k allocations: 545.064 MiB)
8745
  0.757794 seconds (198.53 k allocations: 197.165 MiB)
7353
  0.759762 seconds (123.48 k allocations: 123.843 MiB)
3598
  0.767768 seconds (150.01 k allocations: 147.788 MiB)
6113
  0.865965 seconds (644.64 k allocations: 633.546 MiB)
4854
  1.822522 seconds (471.36 k allocations: 464.592 MiB, 7.91% gc time)
  1.803419 seconds (370.95 k allocations: 366.074 MiB, 8.00% gc time)
  1.790370 seconds (331.34 k allocations: 325.713 MiB, 8.05% gc time)
  0.997422 seconds (82.86 k allocations: 79.343 MiB, 14.46% gc time)
  1.234530 seconds (251.35 k allocations: 245.735 MiB, 11.68% gc time)
7354
2354
8746
1108
9855
  0.777976 seconds (370.05 k allocations: 361.484 MiB)
6114
  0.779961 seconds (142.47 k allocations: 143.436 MiB)
9856
  0.782324 seconds (115.56 k allocations: 117.466 MiB)
7355
  0.892748 seconds (564.04 k allocations: 552.560 MiB)
3599
  0.889306 seconds (468.06 k allocations: 461.685 MiB)
4855
  0.850582 seconds (305.24 k allocations: 303.189 MiB)
8747
  0.971479 seconds (474.15 k allocations: 467.016 MiB)
2355
  0.976215 seconds (478.11 k allocations: 471.810 MiB)
1109
  0.786753 seconds (553.17 k allocations: 544.854 MiB)
6115
  0.776016 seconds (350.17 k allocations: 344.212 MiB)
3600
  0.774340 seconds (290.83 k allocations: 287.189 MiB)
4856
  0.776780 seconds (302.75 k allocations: 298.333 MiB)
8748
  0.881363 seconds (594.08 k allocations: 585.004 MiB)
9857
  0.879608 seconds (609.84 k allocations: 601.065 MiB)
7356
  0.869449 seconds (474.17 k allocations: 467.067 MiB)
2356
  0.876172 seconds (480.05 k allocations: 473.694 MiB)
1110
  0.874249 seconds (553.18 k allocations: 544.886 MiB)
6116
  0.749568 seconds (226.68 k allocations: 223.592 MiB)
9858
  1.878306 seconds (555.57 k allocations: 545.177 MiB, 8.58% gc time)
  1.839891 seconds (374.46 k allocations: 369.643 MiB, 8.76% gc time)
  1.833384 seconds (351.75 k allocations: 346.738 MiB, 8.79% gc time)
  1.795971 seconds (293.89 k allocations: 288.965 MiB, 8.98% gc time)
  1.041069 seconds (27.50 k allocations: 26.508 MiB, 15.49% gc time)
  1.603750 seconds (136.24 k allocations: 133.944 MiB, 10.05% gc time)
  1.602740 seconds (136.28 k allocations: 134.034 MiB, 10.06% gc time)
4857
6117
2357
8749
1111
3601
7357
  0.793925 seconds (471.40 k allocations: 459.674 MiB)
9859
  0.788165 seconds (83.91 k allocations: 83.728 MiB)
6118
  0.853856 seconds (162.18 k allocations: 160.827 MiB)
3602
  0.851463 seconds (161.63 k allocations: 160.090 MiB)
7358
  0.871065 seconds (198.63 k allocations: 197.728 MiB)
8750
  0.874512 seconds (212.66 k allocations: 212.128 MiB)
1112
  0.958573 seconds (481.55 k allocations: 476.556 MiB)
4858
  0.957584 seconds (478.55 k allocations: 473.428 MiB)
2358
  0.777563 seconds (553.17 k allocations: 544.848 MiB)
9860
  0.779019 seconds (553.18 k allocations: 544.860 MiB)
6119
  0.776478 seconds (356.68 k allocations: 352.598 MiB)
3603
  0.777926 seconds (340.58 k allocations: 336.970 MiB)
  0.792707 seconds (373.61 k allocations: 370.724 MiB)
7359
  0.780866 seconds (358.64 k allocations: 354.911 MiB)
1113
  0.774517 seconds (390.49 k allocations: 385.644 MiB)
4859
  0.878504 seconds (474.66 k allocations: 468.387 MiB)
2359
  0.749251 seconds (474.67 k allocations: 468.419 MiB)
9861
  0.843944 seconds (474.67 k allocations: 468.425 MiB)
  0.775583 seconds (294.92 k allocations: 292.307 MiB)
6120
3604
  0.732427 seconds (212.02 k allocations: 209.351 MiB)
4860
  0.903934 seconds (404.36 k allocations: 397.830 MiB)
7360
  0.903881 seconds (394.69 k allocations: 387.412 MiB)
  1.409331 seconds (254.35 k allocations: 250.616 MiB, 13.91% gc time)
  0.949577 seconds (175.40 k allocations: 172.882 MiB, 20.65% gc time)
1114
2360
9862
  0.784703 seconds (523 allocations: 1.735 MiB)
9863
  0.878039 seconds (296.91 k allocations: 292.462 MiB)
4861
  0.873969 seconds (255.83 k allocations: 251.743 MiB)
3605
  0.839200 seconds (137.38 k allocations: 138.152 MiB)
7361
  0.893929 seconds (338.46 k allocations: 332.794 MiB)
6121
  0.858016 seconds (283.15 k allocations: 278.430 MiB)
1115
  0.958772 seconds (474.17 k allocations: 467.092 MiB)
2361
  0.777847 seconds (343.18 k allocations: 337.717 MiB)
9864
  0.771776 seconds (274.91 k allocations: 271.213 MiB)
4862
  0.775479 seconds (242.89 k allocations: 240.313 MiB)
3606
  0.779986 seconds (273.00 k allocations: 267.696 MiB)
6122
  0.796274 seconds (369.75 k allocations: 363.734 MiB)
1116
  0.872324 seconds (497.18 k allocations: 490.378 MiB)
7362
  0.792225 seconds (465.53 k allocations: 457.618 MiB)
2362
  0.773472 seconds (332.85 k allocations: 327.658 MiB)
4863
  0.776828 seconds (305.06 k allocations: 300.972 MiB)
3607
  0.779527 seconds (316.69 k allocations: 310.828 MiB)
6123
  0.883858 seconds (580.37 k allocations: 571.291 MiB)
9865
  1.731359 seconds (426.54 k allocations: 419.753 MiB, 8.14% gc time)
  1.689110 seconds (362.01 k allocations: 355.757 MiB, 8.34% gc time)
  0.955989 seconds (84.25 k allocations: 83.178 MiB, 14.73% gc time)
  1.635044 seconds (292.76 k allocations: 288.289 MiB, 8.62% gc time)
  0.933061 seconds (39.74 k allocations: 37.996 MiB, 15.10% gc time)
  0.987875 seconds (168.47 k allocations: 164.987 MiB, 14.26% gc time)
6124
7363
3608
1117
2363
4864
  0.784615 seconds (2 allocations: 12.766 KiB)
  0.789413 seconds (4.88 k allocations: 7.533 MiB)
4865
3609
  0.792826 seconds (19.14 k allocations: 20.292 MiB)
6125
  0.886771 seconds (457.68 k allocations: 448.328 MiB)
9866
  0.880326 seconds (318.53 k allocations: 316.176 MiB)
1118
  0.966222 seconds (405.88 k allocations: 405.681 MiB)
7364
  0.978189 seconds (416.71 k allocations: 413.405 MiB)
2364
  0.775622 seconds (272.25 k allocations: 270.932 MiB)
4866
  0.777244 seconds (259.13 k allocations: 255.711 MiB)
9867
  0.794277 seconds (290.46 k allocations: 289.123 MiB)
3610
  0.765041 seconds (393.14 k allocations: 386.136 MiB)
1119
  0.876088 seconds (501.90 k allocations: 495.886 MiB)
6126
  0.876499 seconds (418.17 k allocations: 412.506 MiB)
7365
  0.878667 seconds (421.74 k allocations: 415.668 MiB)
2365
  0.776891 seconds (313.46 k allocations: 307.855 MiB)
3611
  1.315407 seconds (400.68 k allocations: 395.732 MiB, 13.57% gc time)
  1.308388 seconds (385.47 k allocations: 379.950 MiB, 13.65% gc time)
  1.210846 seconds (218.02 k allocations: 215.252 MiB, 14.75% gc time)
  1.028714 seconds (56.65 k allocations: 55.146 MiB, 17.36% gc time)
  1.204827 seconds (214.77 k allocations: 210.908 MiB, 14.82% gc time)
  1.050525 seconds (84.45 k allocations: 83.025 MiB, 17.00% gc time)
2366
7366
1120
4867
6127
9868
  0.787392 seconds (402.24 k allocations: 392.266 MiB)
3612
  0.757590 seconds (81.41 k allocations: 83.773 MiB)
7367
  0.885311 seconds (173.76 k allocations: 175.587 MiB)
2367
  0.890354 seconds (173.03 k allocations: 173.439 MiB)
4868
  0.898071 seconds (198.72 k allocations: 196.527 MiB)
6128
  0.905288 seconds (213.99 k allocations: 214.566 MiB)
1121
  1.001109 seconds (474.13 k allocations: 466.952 MiB)
9869
  0.776141 seconds (449.71 k allocations: 442.625 MiB)
3613
  0.878386 seconds (474.13 k allocations: 466.952 MiB)
7368
  0.773237 seconds (244.74 k allocations: 242.054 MiB)
4869
  0.779081 seconds (261.80 k allocations: 258.115 MiB)
6129
  0.872716 seconds (468.94 k allocations: 463.437 MiB)
2368
  0.776395 seconds (346.92 k allocations: 341.806 MiB)
9870
  0.877027 seconds (445.97 k allocations: 439.827 MiB)
1122
  0.873542 seconds (474.19 k allocations: 467.143 MiB)
3614
  0.757861 seconds (390.23 k allocations: 383.632 MiB)
7369
  1.669562 seconds (372.56 k allocations: 366.505 MiB, 9.41% gc time)
  1.688247 seconds (395.12 k allocations: 389.309 MiB, 9.30% gc time)
  1.587429 seconds (182.91 k allocations: 180.687 MiB, 9.89% gc time)
  1.568170 seconds (139.18 k allocations: 137.729 MiB, 10.01% gc time)
  0.931104 seconds (22.39 k allocations: 21.512 MiB, 16.87% gc time)
  1.563312 seconds (136.17 k allocations: 133.936 MiB, 10.05% gc time)
3615
1123
4870
6130
9871
2369
  0.776437 seconds (102.75 k allocations: 104.458 MiB)
3616
  0.872953 seconds (437.24 k allocations: 426.756 MiB)
7370
  0.867357 seconds (158.06 k allocations: 155.714 MiB)
4871
  0.868298 seconds (159.75 k allocations: 158.335 MiB)
2370
  0.871030 seconds (163.11 k allocations: 162.526 MiB)
6131
  0.883045 seconds (199.62 k allocations: 203.409 MiB)
1124
  0.977050 seconds (474.19 k allocations: 467.149 MiB)
9872
  0.879887 seconds (431.87 k allocations: 425.640 MiB)
3617
  0.772282 seconds (110.73 k allocations: 112.856 MiB)
4872
  0.872066 seconds (436.44 k allocations: 430.744 MiB)
7371
  0.881535 seconds (319.33 k allocations: 315.630 MiB)
  0.775016 seconds (237.58 k allocations: 234.866 MiB)
6132
9873
  0.881622 seconds (323.36 k allocations: 320.262 MiB)
  0.885615 seconds (326.38 k allocations: 324.353 MiB)
1125
2371
  0.775462 seconds (350.94 k allocations: 347.132 MiB)
3618
  1.137903 seconds (385.81 k allocations: 380.256 MiB, 11.55% gc time)
  1.126471 seconds (372.51 k allocations: 366.296 MiB, 11.67% gc time)
  1.019108 seconds (66.45 k allocations: 65.759 MiB, 12.90% gc time)  1.017492 seconds (64.88 k allocations: 64.262 MiB, 12.92% gc time)

  1.023269 seconds (78.03 k allocations: 79.317 MiB, 12.85% gc time)
  1.006730 seconds (56.83 k allocations: 55.411 MiB, 13.06% gc time)
2372
1126
4873
9874
6133
7372
  0.792596 seconds (388.90 k allocations: 379.514 MiB)
3619
  0.774766 seconds (49.40 k allocations: 49.495 MiB)
  0.777010 seconds (55.80 k allocations: 58.075 MiB)
4874
  0.776634 seconds (53.98 k allocations: 56.969 MiB)
6134
9875
  0.774645 seconds (59.87 k allocations: 61.249 MiB)
7373
  0.796254 seconds (190.43 k allocations: 187.164 MiB)
1127
  0.878963 seconds (479.66 k allocations: 474.689 MiB)
2373
  0.775171 seconds (110.66 k allocations: 113.033 MiB)
4875
  0.776184 seconds (108.51 k allocations: 108.267 MiB)
7374
  0.778225 seconds (111.92 k allocations: 112.544 MiB)
9876
  0.780958 seconds (121.66 k allocations: 122.832 MiB)
6135
  0.874103 seconds (645.65 k allocations: 631.395 MiB)
3620
  0.882318 seconds (474.14 k allocations: 466.997 MiB)
1128
  0.886719 seconds (474.13 k allocations: 466.972 MiB)
2374
  0.791066 seconds (158.11 k allocations: 155.860 MiB)
3621
  0.858596 seconds (258.30 k allocations: 258.601 MiB)
4876
  0.861858 seconds (259.98 k allocations: 256.618 MiB)
6136
  0.868551 seconds (276.07 k allocations: 274.230 MiB)
9877
  0.873601 seconds (295.88 k allocations: 294.187 MiB)
7375
  0.762622 seconds (198.32 k allocations: 197.170 MiB)
1129
  0.913888 seconds (77.60 k allocations: 74.301 MiB, 15.08% gc time)
  1.625731 seconds (261.73 k allocations: 257.738 MiB, 8.48% gc time)
3622
2375
  0.775943 seconds (275.34 k allocations: 270.851 MiB)
9878
  0.850298 seconds (148.84 k allocations: 148.342 MiB)
7376
  0.873386 seconds (205.75 k allocations: 206.212 MiB)
4877
  0.874355 seconds (195.33 k allocations: 196.026 MiB)
6137
  0.894549 seconds (310.43 k allocations: 304.706 MiB)
3623
  0.962086 seconds (412.85 k allocations: 407.368 MiB)
1130
  0.958624 seconds (412.82 k allocations: 407.109 MiB)
2376
  0.775609 seconds (474.15 k allocations: 467.010 MiB)
9879
  0.778512 seconds (353.37 k allocations: 349.475 MiB)
7377
  0.774381 seconds (334.43 k allocations: 331.097 MiB)
4878
  0.758495 seconds (237.09 k allocations: 233.571 MiB)
2377
  0.882806 seconds (470.67 k allocations: 463.736 MiB)
6138
  0.880923 seconds (525.62 k allocations: 515.128 MiB)
3624
  0.874041 seconds (470.31 k allocations: 463.420 MiB)
1131
  0.776837 seconds (474.17 k allocations: 467.092 MiB)
9880
  0.771965 seconds (395.13 k allocations: 389.210 MiB)
4879
  0.889423 seconds (477.82 k allocations: 471.800 MiB)
7378
  0.771819 seconds (316.72 k allocations: 313.165 MiB)
2378
  0.777474 seconds (329.51 k allocations: 325.150 MiB)
6139
  0.775964 seconds (421.15 k allocations: 412.841 MiB)
3625
  1.276196 seconds (286.23 k allocations: 281.301 MiB, 11.38% gc time)
  1.147413 seconds (207.26 k allocations: 203.532 MiB, 12.65% gc time)
  1.031136 seconds (7.32 k allocations: 7.084 MiB, 14.08% gc time)
  1.755894 seconds (365.28 k allocations: 359.150 MiB, 8.27% gc time)
7379
4880
1132
9881
  0.774251 seconds (331.93 k allocations: 323.755 MiB)
2379
  0.788386 seconds (79.04 k allocations: 77.882 MiB)
7380
  0.900638 seconds (161.00 k allocations: 160.975 MiB)
4881
  0.921615 seconds (184.53 k allocations: 182.036 MiB)
  0.921270 seconds (186.35 k allocations: 184.696 MiB)
9882
1133
  1.052317 seconds (689.55 k allocations: 674.605 MiB)
6140
  1.028471 seconds (471.17 k allocations: 466.606 MiB)
3626
  0.779148 seconds (395.11 k allocations: 389.127 MiB)
7381
  0.879547 seconds (482.43 k allocations: 475.875 MiB)
2380
  0.776450 seconds (291.38 k allocations: 286.671 MiB)
1134
  0.794607 seconds (290.95 k allocations: 285.051 MiB)
6141
  0.885266 seconds (465.83 k allocations: 459.324 MiB)
4882
  0.881709 seconds (441.15 k allocations: 435.441 MiB)
9883
  0.877463 seconds (474.17 k allocations: 467.092 MiB)
3627
  0.883912 seconds (401.22 k allocations: 396.301 MiB)
7382
  0.885697 seconds (404.34 k allocations: 399.049 MiB)
2381
  1.041294 seconds (287.86 k allocations: 282.134 MiB, 12.65% gc time)
  1.003810 seconds (205.83 k allocations: 201.183 MiB, 13.13% gc time)
  1.014769 seconds (218.45 k allocations: 214.438 MiB, 12.98% gc time)
  0.902335 seconds (127.06 k allocations: 123.541 MiB, 14.60% gc time)
  1.086305 seconds (420.27 k allocations: 412.073 MiB, 12.13% gc time)
3628
1135
9884
6142
4883
  0.789998 seconds (339.73 k allocations: 331.248 MiB)
7383
  0.820282 seconds (386.13 k allocations: 377.833 MiB)
2382
  0.766376 seconds (116.88 k allocations: 116.269 MiB)
1136
  0.777879 seconds (150.92 k allocations: 151.015 MiB)
4884
  0.785059 seconds (190.16 k allocations: 187.087 MiB)
9885
  0.883798 seconds (413.87 k allocations: 411.927 MiB)
3629
  1.112262 seconds (474.11 k allocations: 466.895 MiB)
6143
  0.773329 seconds (169.57 k allocations: 167.907 MiB)
4885
  0.775823 seconds (174.24 k allocations: 172.148 MiB)
9886
  0.881992 seconds (507.52 k allocations: 498.901 MiB)
7384
  0.871793 seconds (466.19 k allocations: 457.154 MiB)
2383
  0.759587 seconds (336.33 k allocations: 330.425 MiB)
3630
  0.879555 seconds (484.94 k allocations: 478.268 MiB)
1137
  0.915108 seconds (474.12 k allocations: 466.940 MiB)
6144
  0.759568 seconds (80.58 k allocations: 80.564 MiB)
1138
  0.876923 seconds (395.29 k allocations: 389.550 MiB)
4886
  0.881060 seconds (356.89 k allocations: 352.580 MiB)
9887
  0.876288 seconds (283.31 k allocations: 279.957 MiB)
7385
  0.882953 seconds (267.01 k allocations: 264.141 MiB)
2384
  0.874796 seconds (272.77 k allocations: 268.562 MiB)
3631
  1.439144 seconds (302.28 k allocations: 298.020 MiB, 9.84% gc time)
  0.943144 seconds (71.97 k allocations: 70.093 MiB, 15.01% gc time)
  0.915046 seconds (23.19 k allocations: 22.215 MiB, 15.47% gc time)
2385
7386
6145
  0.746386 seconds (309.87 k allocations: 303.893 MiB)
1139
  0.779390 seconds (79.02 k allocations: 77.832 MiB)
7387
  0.862303 seconds (270.38 k allocations: 268.050 MiB)
4887
  0.870306 seconds (278.41 k allocations: 275.517 MiB)
9888
  0.884477 seconds (300.51 k allocations: 295.201 MiB)
2386
  0.958059 seconds (395.30 k allocations: 389.724 MiB)
6146
  0.982927 seconds (446.51 k allocations: 443.398 MiB)
3632
  0.880461 seconds (474.33 k allocations: 467.606 MiB)
1140
  0.777084 seconds (299.46 k allocations: 294.476 MiB)
9889
  0.883422 seconds (506.95 k allocations: 497.828 MiB)
7388
  0.877087 seconds (458.15 k allocations: 452.091 MiB)
4888
  0.775590 seconds (295.97 k allocations: 290.839 MiB)
3633
  0.879031 seconds (501.04 k allocations: 493.780 MiB)
2387
  0.871313 seconds (484.03 k allocations: 477.695 MiB)
6147
  0.872659 seconds (474.14 k allocations: 467.003 MiB)
1141
  0.759600 seconds (284.02 k allocations: 280.687 MiB)
7389
  1.146646 seconds (515.41 k allocations: 506.473 MiB, 11.86% gc time)
  0.999044 seconds (214.55 k allocations: 210.695 MiB, 13.61% gc time)
  1.017658 seconds (238.08 k allocations: 234.411 MiB, 13.36% gc time)
  1.062793 seconds (351.19 k allocations: 344.854 MiB, 12.79% gc time)
  0.929462 seconds (135.86 k allocations: 133.205 MiB, 14.63% gc time)
3634
2388
4889
6148
9890
  0.806912 seconds (417.70 k allocations: 411.997 MiB)
1142
  0.790334 seconds (335.44 k allocations: 328.121 MiB)
7390
  0.783344 seconds (161.16 k allocations: 162.351 MiB)
6149
  0.784999 seconds (162.40 k allocations: 160.836 MiB)
9891
  0.878175 seconds (316.11 k allocations: 311.378 MiB)
  0.878564 seconds (316.25 k allocations: 311.683 MiB)
2389
3635
  0.884574 seconds (323.95 k allocations: 320.855 MiB)
4890
  0.741877 seconds (395.12 k allocations: 389.178 MiB)
1143
  0.760195 seconds (417.20 k allocations: 411.308 MiB)
7391
  0.763007 seconds (398.40 k allocations: 393.564 MiB)
6150
  0.745273 seconds (237.08 k allocations: 233.514 MiB)
3636
  0.759612 seconds (255.18 k allocations: 251.834 MiB)
4891
  0.865989 seconds (519.65 k allocations: 512.538 MiB)
9892
  0.865283 seconds (474.15 k allocations: 467.016 MiB)
2390
  0.874452 seconds (415.58 k allocations: 409.975 MiB)
1144
  0.889922 seconds (430.84 k allocations: 424.317 MiB)
7392
  0.761232 seconds (232.92 k allocations: 228.306 MiB)
9893
  0.774943 seconds (251.51 k allocations: 248.327 MiB)
  0.788209 seconds (284.99 k allocations: 282.438 MiB)
4892
3637
  0.875152 seconds (498.25 k allocations: 493.095 MiB)
6151
  1.695479 seconds (339.04 k allocations: 332.912 MiB, 8.40% gc time)
  1.022981 seconds (172.29 k allocations: 165.875 MiB, 13.93% gc time)
  1.037806 seconds (198.64 k allocations: 195.337 MiB, 13.73% gc time)
2391
7393
1145
  0.780617 seconds (21.88 k allocations: 23.406 MiB)
7394
  0.872157 seconds (308.19 k allocations: 303.302 MiB)
  0.786935 seconds (29.07 k allocations: 29.816 MiB)
4893
1146
  0.887604 seconds (340.79 k allocations: 336.493 MiB)
9894
  0.907918 seconds (376.33 k allocations: 371.488 MiB)
6152
  0.978521 seconds (518.73 k allocations: 511.205 MiB)
3638
  0.967986 seconds (446.15 k allocations: 440.278 MiB)
2392
  0.740214 seconds (302.20 k allocations: 298.301 MiB)
4894
  0.763004 seconds (327.92 k allocations: 322.678 MiB)
1147
  0.766180 seconds (334.88 k allocations: 329.349 MiB)
9895
  0.861870 seconds (555.72 k allocations: 548.544 MiB)
7395
  0.762087 seconds (316.10 k allocations: 311.333 MiB)
2393
  0.885470 seconds (508.37 k allocations: 499.759 MiB)
6153
  0.866211 seconds (483.76 k allocations: 476.185 MiB)
3639
  0.772379 seconds (436.76 k allocations: 430.210 MiB)
4895
  0.773611 seconds (345.77 k allocations: 340.949 MiB)
9896
  0.876716 seconds (529.45 k allocations: 519.913 MiB)
1148
  0.772468 seconds (335.96 k allocations: 330.378 MiB)
2394
  0.870323 seconds (451.09 k allocations: 444.734 MiB)
7396
  1.663412 seconds (219.08 k allocations: 217.063 MiB, 8.39% gc time)
  1.695062 seconds (259.35 k allocations: 256.814 MiB, 8.23% gc time)
  1.096788 seconds (140.28 k allocations: 139.440 MiB, 12.72% gc time)
  1.015108 seconds (59.51 k allocations: 58.959 MiB, 13.75% gc time)
3640
4896
6154
9897
  0.796862 seconds (391.65 k allocations: 382.147 MiB)
1149
  0.773067 seconds (114.15 k allocations: 116.352 MiB)
4897
  0.873932 seconds (202.34 k allocations: 202.927 MiB)
9898
  0.871382 seconds (179.47 k allocations: 177.137 MiB)
6155
  0.892102 seconds (221.21 k allocations: 220.512 MiB)
7397
  0.980387 seconds (401.65 k allocations: 397.839 MiB)
2395
  0.980271 seconds (400.45 k allocations: 395.242 MiB)
3641
  0.739824 seconds (395.13 k allocations: 389.216 MiB)
4898
  0.869637 seconds (530.31 k allocations: 521.991 MiB)
1150
  0.740653 seconds (300.71 k allocations: 296.737 MiB)
6156
  0.834432 seconds (459.82 k allocations: 453.679 MiB)
9899
  0.857279 seconds (471.16 k allocations: 463.062 MiB)
7398
  0.770482 seconds (321.34 k allocations: 317.447 MiB)
3642
  0.854106 seconds (477.26 k allocations: 471.313 MiB)
2396
  0.753761 seconds (363.97 k allocations: 358.360 MiB)
1151
  0.866343 seconds (505.32 k allocations: 497.932 MiB)
4899
  0.753512 seconds (373.12 k allocations: 367.850 MiB)
6157
  1.596845 seconds (422.26 k allocations: 413.871 MiB, 8.81% gc time)
  1.531571 seconds (268.42 k allocations: 263.254 MiB, 9.18% gc time)
  1.540940 seconds (278.19 k allocations: 273.808 MiB, 9.13% gc time)
  1.455059 seconds (189.63 k allocations: 185.700 MiB, 9.67% gc time)
  0.888122 seconds (54.48 k allocations: 52.544 MiB, 15.84% gc time)
9900
2397
3643
7399
1152
  0.774110 seconds (348.00 k allocations: 340.396 MiB)
4900
  0.768286 seconds (142.82 k allocations: 143.804 MiB)
1153
  0.855355 seconds (159.72 k allocations: 160.994 MiB)
9901
  0.878160 seconds (192.49 k allocations: 189.671 MiB)
  0.878998 seconds (193.83 k allocations: 191.869 MiB)
2398
7400
  1.016434 seconds (651.33 k allocations: 638.043 MiB)
6158
  0.984892 seconds (455.56 k allocations: 448.020 MiB)
3644
  0.774251 seconds (474.15 k allocations: 467.035 MiB)
4901
  0.827599 seconds (474.15 k allocations: 467.022 MiB)
1154
  0.768521 seconds (352.55 k allocations: 347.502 MiB)
9902
  0.775288 seconds (358.09 k allocations: 351.583 MiB)
2399
  0.768054 seconds (360.34 k allocations: 353.715 MiB)
6159
  0.757644 seconds (365.67 k allocations: 359.795 MiB)
3645
  0.879241 seconds (561.91 k allocations: 551.997 MiB)
7401
  0.735083 seconds (474.15 k allocations: 467.022 MiB)
4902
  0.763886 seconds (297.75 k allocations: 292.795 MiB)
2400
  0.835505 seconds (394.38 k allocations: 388.462 MiB)
9903
  0.865078 seconds (465.26 k allocations: 459.452 MiB)
1155
  1.565060 seconds (310.18 k allocations: 304.409 MiB, 9.50% gc time)
  1.527483 seconds (212.91 k allocations: 210.105 MiB, 9.73% gc time)
  1.511917 seconds (194.40 k allocations: 191.151 MiB, 9.83% gc time)
  1.026792 seconds (115.47 k allocations: 113.454 MiB, 14.48% gc time)
3646
7402
6160
4903
  0.789506 seconds (348.40 k allocations: 340.769 MiB)
2401
  0.774404 seconds (110.56 k allocations: 110.472 MiB)
4904
  0.865394 seconds (270.07 k allocations: 269.017 MiB)
9904
  0.880923 seconds (248.09 k allocations: 246.523 MiB)
6161
  0.869285 seconds (247.60 k allocations: 243.369 MiB)
7403
  0.977250 seconds (437.91 k allocations: 432.952 MiB)
1156
  0.973644 seconds (422.18 k allocations: 416.438 MiB)
3647
  0.776103 seconds (450.11 k allocations: 443.376 MiB)
2402
  0.774110 seconds (448.34 k allocations: 441.473 MiB)
4905
  0.776094 seconds (343.08 k allocations: 338.417 MiB)
6162
  0.869980 seconds (492.35 k allocations: 484.699 MiB)
9905
  0.775086 seconds (309.09 k allocations: 303.448 MiB)
3648
  0.881170 seconds (481.06 k allocations: 474.644 MiB)
7404
  0.890884 seconds (498.54 k allocations: 491.643 MiB)
1157
  0.910349 seconds (444.61 k allocations: 437.801 MiB)
2403
  0.874610 seconds (397.01 k allocations: 392.024 MiB)
4906
  1.148129 seconds (444.60 k allocations: 436.335 MiB, 14.90% gc time)
  1.080538 seconds (357.03 k allocations: 348.552 MiB, 15.83% gc time)
  1.022057 seconds (208.66 k allocations: 205.123 MiB, 16.74% gc time)
  0.928782 seconds (129.25 k allocations: 125.995 MiB, 18.42% gc time)
  1.018877 seconds (208.29 k allocations: 203.844 MiB, 16.79% gc time)
9906
3649
7405
6163
1158
  0.774303 seconds (317.17 k allocations: 309.665 MiB)
4907
  0.816606 seconds (400.41 k allocations: 391.508 MiB)
2404
  0.758692 seconds (85.69 k allocations: 85.190 MiB)
7406
  0.774234 seconds (148.74 k allocations: 146.534 MiB)
9907
  0.780419 seconds (174.05 k allocations: 172.979 MiB)
1159
  0.880354 seconds (415.38 k allocations: 409.887 MiB)
3650
  0.865381 seconds (405.07 k allocations: 399.793 MiB)
6164
  0.786920 seconds (418.89 k allocations: 411.283 MiB)
4908
  0.780228 seconds (235.83 k allocations: 231.117 MiB)
1160
  0.876930 seconds (379.01 k allocations: 374.025 MiB)
2405
  0.879414 seconds (370.85 k allocations: 366.015 MiB)
7407
  0.877126 seconds (372.28 k allocations: 368.435 MiB)
9908
  0.777597 seconds (260.54 k allocations: 256.806 MiB)
6165
  0.883438 seconds (482.33 k allocations: 476.145 MiB)
3651
  0.774987 seconds (471.98 k allocations: 464.016 MiB)
4909
  0.774113 seconds (177.06 k allocations: 175.078 MiB)
9909
  0.876669 seconds (479.83 k allocations: 471.425 MiB)
1161
  0.880183 seconds (330.29 k allocations: 326.129 MiB)
2406
  0.870083 seconds (291.83 k allocations: 289.086 MiB)
7408
  1.676789 seconds (260.48 k allocations: 257.666 MiB, 8.38% gc time)
  1.002799 seconds (102.61 k allocations: 102.190 MiB, 14.01% gc time)
  1.581835 seconds (181.67 k allocations: 180.027 MiB, 8.88% gc time)
4910
6166
3652
  0.781006 seconds (348.12 k allocations: 340.489 MiB)
9910
  0.784169 seconds (96.12 k allocations: 97.905 MiB)
4911
  0.857087 seconds (158.23 k allocations: 156.260 MiB)
6167
  0.887294 seconds (240.24 k allocations: 241.852 MiB)
1162
  0.966068 seconds (367.92 k allocations: 366.265 MiB)
2407
  0.964518 seconds (335.29 k allocations: 331.201 MiB)
3653
  0.973017 seconds (344.49 k allocations: 343.407 MiB)
7409
  0.774872 seconds (395.15 k allocations: 389.267 MiB)
4912
  0.884490 seconds (523.55 k allocations: 515.692 MiB)
9911
  0.779629 seconds (391.56 k allocations: 385.766 MiB)
6168
  0.796946 seconds (428.44 k allocations: 422.038 MiB)
1163
  0.775666 seconds (322.66 k allocations: 318.819 MiB)
7410
  0.775092 seconds (322.83 k allocations: 318.759 MiB)
3654
  0.883991 seconds (520.51 k allocations: 513.797 MiB)
2408
  0.755843 seconds (382.76 k allocations: 376.395 MiB)
9912
  0.777617 seconds (355.11 k allocations: 349.944 MiB)
6169
  0.881412 seconds (537.73 k allocations: 530.104 MiB)
4913
  1.665884 seconds (254.75 k allocations: 250.373 MiB, 10.04% gc time)
  1.584698 seconds (175.86 k allocations: 172.622 MiB, 10.56% gc time)
  1.754698 seconds (413.06 k allocations: 406.267 MiB, 9.53% gc time)
  1.017867 seconds (97.00 k allocations: 94.911 MiB, 16.43% gc time)
  1.672776 seconds (261.29 k allocations: 257.912 MiB, 10.00% gc time)
9913
3655
2409
7411
1164
  0.747059 seconds (355.44 k allocations: 347.510 MiB)
6170
  0.760554 seconds (92.52 k allocations: 95.647 MiB)
9914
  0.885030 seconds (352.06 k allocations: 347.462 MiB)
4914
  0.863608 seconds (186.28 k allocations: 183.701 MiB)
1165
  0.877804 seconds (219.68 k allocations: 216.669 MiB)
  0.878103 seconds (219.85 k allocations: 216.803 MiB)
7412
3656
  0.984705 seconds (474.20 k allocations: 467.175 MiB)
2410
  0.795007 seconds (474.19 k allocations: 467.137 MiB)
6171
  0.773249 seconds (474.18 k allocations: 467.124 MiB)
9915
  0.783446 seconds (362.80 k allocations: 357.470 MiB)
4915
  0.880378 seconds (316.08 k allocations: 311.283 MiB)
3657
  0.886884 seconds (324.27 k allocations: 322.542 MiB)
1166
  0.779733 seconds (245.32 k allocations: 243.365 MiB)
2411
  0.890751 seconds (340.32 k allocations: 337.456 MiB)
7413
  0.778591 seconds (474.15 k allocations: 467.035 MiB)
6172
  0.876141 seconds (474.15 k allocations: 467.029 MiB)
9916
  1.588372 seconds (451.51 k allocations: 444.151 MiB, 8.34% gc time)
  1.447603 seconds (185.44 k allocations: 184.329 MiB, 9.16% gc time)
  1.427953 seconds (154.66 k allocations: 152.419 MiB, 9.28% gc time)
  0.910566 seconds (56.57 k allocations: 55.128 MiB, 14.55% gc time)
  1.438257 seconds (165.31 k allocations: 163.811 MiB, 9.21% gc time)
  1.404691 seconds (135.84 k allocations: 133.140 MiB, 9.43% gc time)
4916
1167
7414
3658
6173
2412
  0.773322 seconds (406.85 k allocations: 396.686 MiB)
9917
  0.785199 seconds (79.06 k allocations: 77.958 MiB)
6174
  0.836423 seconds (144.24 k allocations: 145.044 MiB)
1168
  0.852379 seconds (180.39 k allocations: 178.232 MiB)
4917
  0.855602 seconds (189.90 k allocations: 188.301 MiB)
3659
  0.880901 seconds (280.02 k allocations: 275.522 MiB)
2413
  0.962877 seconds (474.22 k allocations: 467.245 MiB)
7415
  0.772200 seconds (379.83 k allocations: 373.501 MiB)
6175
  0.866974 seconds (474.96 k allocations: 468.824 MiB)
9918
  0.779628 seconds (329.48 k allocations: 323.128 MiB)
1169
  0.771747 seconds (288.10 k allocations: 285.756 MiB)
4918
  0.879811 seconds (421.06 k allocations: 415.198 MiB)
3660
  0.878528 seconds (420.27 k allocations: 414.186 MiB)
2414
  0.884731 seconds (474.13 k allocations: 466.965 MiB)
7416
  0.778795 seconds (393.86 k allocations: 386.944 MiB)
6176
  1.304320 seconds (450.37 k allocations: 442.019 MiB, 10.91% gc time)
  1.240479 seconds (293.61 k allocations: 289.805 MiB, 11.47% gc time)
  1.121797 seconds (157.49 k allocations: 155.246 MiB, 12.68% gc time)
  1.238154 seconds (293.80 k allocations: 288.965 MiB, 11.49% gc time)
  1.104163 seconds (135.69 k allocations: 133.240 MiB, 12.88% gc time)
  1.009459 seconds (57.03 k allocations: 55.954 MiB, 14.09% gc time)
1170
7417
2415
3661
9919
4919
  0.760541 seconds (391.30 k allocations: 381.816 MiB)
6177
  0.774096 seconds (220.54 k allocations: 218.139 MiB)
9920
  0.782290 seconds (131.56 k allocations: 130.307 MiB)
3662
  0.782752 seconds (138.66 k allocations: 136.863 MiB)
4920
  0.803588 seconds (211.82 k allocations: 209.184 MiB)
1171
  0.881766 seconds (395.15 k allocations: 389.254 MiB)
7418
  0.885988 seconds (397.75 k allocations: 392.779 MiB)
2416
  0.772372 seconds (471.09 k allocations: 463.194 MiB)
6178
  0.774197 seconds (271.42 k allocations: 268.844 MiB)
3663
  0.866579 seconds (490.39 k allocations: 481.551 MiB)
9921
  0.756832 seconds (205.63 k allocations: 202.160 MiB)
2417
  0.867946 seconds (419.82 k allocations: 413.779 MiB)
4921
  0.791641 seconds (302.06 k allocations: 297.633 MiB)
7419
  0.876177 seconds (487.99 k allocations: 480.982 MiB)
1172
  0.874932 seconds (474.12 k allocations: 466.933 MiB)
6179
  0.768915 seconds (331.48 k allocations: 325.063 MiB)
9922
  1.742741 seconds (515.38 k allocations: 506.425 MiB, 7.66% gc time)
  1.644544 seconds (229.19 k allocations: 226.183 MiB, 8.12% gc time)
  1.613748 seconds (155.95 k allocations: 153.629 MiB, 8.27% gc time)
  0.910787 seconds (37.67 k allocations: 36.055 MiB, 14.65% gc time)
  1.614522 seconds (156.80 k allocations: 154.441 MiB, 8.27% gc time)
  1.591149 seconds (136.00 k allocations: 133.331 MiB, 8.39% gc time)
6180
4922
2418
7420
3664
1173
  0.772843 seconds (400.97 k allocations: 391.082 MiB)
9923
  0.851718 seconds (79.02 k allocations: 77.813 MiB)
7421
  0.853167 seconds (81.04 k allocations: 80.749 MiB)
2419
  0.858718 seconds (88.92 k allocations: 89.257 MiB)
4923
  0.873199 seconds (149.49 k allocations: 148.211 MiB)
1174
  0.892293 seconds (247.99 k allocations: 243.468 MiB)
6181
  0.960919 seconds (474.14 k allocations: 466.991 MiB)
3665
  0.877137 seconds (474.15 k allocations: 467.010 MiB)
9924
  0.774203 seconds (225.83 k allocations: 223.010 MiB)
4924
  0.790569 seconds (249.06 k allocations: 247.455 MiB)
2420
  0.781084 seconds (227.57 k allocations: 225.415 MiB)
1175
  0.778971 seconds (252.57 k allocations: 249.118 MiB)
6182
  0.881331 seconds (546.96 k allocations: 540.406 MiB)
7422
  0.793294 seconds (417.38 k allocations: 411.681 MiB)
3666
  0.763431 seconds (165.61 k allocations: 164.305 MiB)
1176
  0.880026 seconds (492.09 k allocations: 485.384 MiB)
9925
  1.104147 seconds (327.30 k allocations: 322.586 MiB, 12.55% gc time)
  0.993657 seconds (117.48 k allocations: 114.758 MiB, 13.95% gc time)
  1.119598 seconds (383.35 k allocations: 377.441 MiB, 12.38% gc time)
  1.078694 seconds (275.87 k allocations: 270.891 MiB, 12.85% gc time)
  1.012258 seconds (138.71 k allocations: 136.412 MiB, 13.69% gc time)
3667
2421
6183
7423
4925
  0.761960 seconds (333.34 k allocations: 326.331 MiB)
1177
  0.780895 seconds (79.03 k allocations: 77.857 MiB)
4926
  0.786611 seconds (88.64 k allocations: 88.045 MiB)
  0.787028 seconds (89.72 k allocations: 89.922 MiB)
  0.788654 seconds (90.30 k allocations: 90.863 MiB)
2422
7424
3668
  0.907768 seconds (639.33 k allocations: 624.117 MiB)
9926
  0.887275 seconds (461.83 k allocations: 454.009 MiB)
6184
  0.774107 seconds (182.75 k allocations: 182.042 MiB)
4927
  0.881972 seconds (486.71 k allocations: 480.055 MiB)
  0.775098 seconds (153.84 k allocations: 152.675 MiB)
1178
3669
  0.779750 seconds (237.09 k allocations: 233.571 MiB)
6185
  0.878768 seconds (378.82 k allocations: 373.644 MiB)
  0.879918 seconds (380.85 k allocations: 376.535 MiB)
2423
7425
  0.877672 seconds (477.61 k allocations: 467.907 MiB)
9927
  0.763873 seconds (316.10 k allocations: 311.359 MiB)
1179
  0.879295 seconds (417.88 k allocations: 413.412 MiB)
4928
  0.879366 seconds (404.40 k allocations: 399.048 MiB)
3670
  0.779508 seconds (161.33 k allocations: 162.278 MiB)
6186
  0.788245 seconds (185.41 k allocations: 182.690 MiB)
9928
  0.871911 seconds (329.36 k allocations: 322.673 MiB)
7426
  1.612829 seconds (345.70 k allocations: 339.314 MiB, 9.56% gc time)
  0.890979 seconds (211.51 k allocations: 207.449 MiB, 17.31% gc time)
1180
2424
  0.779933 seconds (237.32 k allocations: 234.455 MiB)
6187
  0.786993 seconds (98.42 k allocations: 98.890 MiB)
1181
  0.879578 seconds (293.21 k allocations: 289.926 MiB)
9929
  0.875979 seconds (273.78 k allocations: 269.867 MiB)
4929
  0.866877 seconds (307.61 k allocations: 300.796 MiB)
2425
  0.884645 seconds (333.91 k allocations: 330.657 MiB)
7427
  0.995943 seconds (599.56 k allocations: 589.531 MiB)
3671
  0.778239 seconds (474.14 k allocations: 467.003 MiB)
6188
  0.755565 seconds (319.21 k allocations: 314.545 MiB)
9930
  0.773851 seconds (337.75 k allocations: 332.046 MiB)
4930
  0.846636 seconds (529.75 k allocations: 520.232 MiB)
1182
  0.775543 seconds (349.19 k allocations: 343.973 MiB)
2426
  0.775026 seconds (395.12 k allocations: 389.152 MiB)
3672
  0.878467 seconds (529.93 k allocations: 520.376 MiB)
7428
  0.778017 seconds (474.14 k allocations: 466.984 MiB)
6189
  0.877161 seconds (420.77 k allocations: 413.939 MiB)
9931
  0.877386 seconds (394.17 k allocations: 387.267 MiB)
4931
  0.876402 seconds (392.04 k allocations: 386.270 MiB)
1183
  0.882161 seconds (404.31 k allocations: 399.010 MiB)
2427
  0.872661 seconds (354.44 k allocations: 349.431 MiB)
3673
  0.870385 seconds (387.28 k allocations: 380.625 MiB)
7429
  1.229002 seconds (340.34 k allocations: 334.485 MiB, 11.22% gc time)
  1.014736 seconds (176.96 k allocations: 172.696 MiB, 13.59% gc time)
  1.037791 seconds (211.57 k allocations: 208.018 MiB, 13.28% gc time)
4932
9932
6190
  0.783586 seconds (268.23 k allocations: 262.813 MiB)
1184
  0.764766 seconds (84.14 k allocations: 83.961 MiB)
9933
  0.778948 seconds (128.30 k allocations: 125.986 MiB)
6191
  0.888713 seconds (459.63 k allocations: 451.405 MiB)
3674
  0.867982 seconds (319.28 k allocations: 316.816 MiB)
4933
  0.869966 seconds (341.10 k allocations: 336.233 MiB)
7430
  0.997202 seconds (602.51 k allocations: 594.696 MiB)
2428
  0.774177 seconds (364.65 k allocations: 358.997 MiB)
9934
  0.778279 seconds (331.06 k allocations: 324.736 MiB)
6192
  0.885728 seconds (563.10 k allocations: 554.313 MiB)
1185
  0.792460 seconds (339.32 k allocations: 333.981 MiB)
3675
  0.876591 seconds (425.77 k allocations: 420.147 MiB)
4934
  0.880175 seconds (432.67 k allocations: 426.500 MiB)
7431
  0.884679 seconds (474.33 k allocations: 467.594 MiB)
2429
  0.774976 seconds (447.63 k allocations: 441.027 MiB)
9935
  1.191701 seconds (390.32 k allocations: 383.629 MiB, 10.67% gc time)
  1.145879 seconds (293.51 k allocations: 288.525 MiB, 11.09% gc time)
  1.036158 seconds (172.63 k allocations: 169.626 MiB, 12.27% gc time)
  0.915712 seconds (56.61 k allocations: 55.163 MiB, 13.88% gc time)
  1.162475 seconds (313.64 k allocations: 308.997 MiB, 10.94% gc time)
  1.007220 seconds (136.12 k allocations: 133.847 MiB, 12.62% gc time)
4935
6193
2430
7432
1186
3676
  0.756769 seconds (404.59 k allocations: 394.529 MiB)
9936
  0.778621 seconds (116.54 k allocations: 119.851 MiB)
4936
  0.770179 seconds (87.72 k allocations: 88.313 MiB)
1187
  0.785344 seconds (123.05 k allocations: 126.792 MiB)
  0.782529 seconds (116.98 k allocations: 117.856 MiB)
6194
7433
  0.885969 seconds (403.48 k allocations: 398.322 MiB)
2431
  0.996260 seconds (474.12 k allocations: 466.927 MiB)
3677
  0.774309 seconds (190.04 k allocations: 189.981 MiB)
4937
  0.780095 seconds (189.52 k allocations: 189.277 MiB)
1188
  0.884095 seconds (490.96 k allocations: 485.078 MiB)
9937
  0.775194 seconds (179.38 k allocations: 179.170 MiB)
7434
  0.778938 seconds (202.40 k allocations: 202.140 MiB)
6195
  0.774169 seconds (474.17 k allocations: 467.092 MiB)
2432
  0.773265 seconds (474.17 k allocations: 467.067 MiB)
3678
  0.774240 seconds (229.44 k allocations: 228.886 MiB)
4938
  0.764459 seconds (165.49 k allocations: 165.048 MiB)
1189
  0.779070 seconds (182.77 k allocations: 181.342 MiB)
6196
  0.775274 seconds (165.02 k allocations: 163.121 MiB)
  0.877430 seconds (256.18 k allocations: 256.293 MiB)
  0.874211 seconds (246.86 k allocations: 246.561 MiB)
2433
9938
7435
  0.779003 seconds (284.40 k allocations: 279.359 MiB)
3679
  0.919426 seconds (78.26 k allocations: 75.856 MiB, 16.10% gc time)
9939
  0.785727 seconds (1 allocation: 12.688 KiB)
9940
  0.878705 seconds (225.67 k allocations: 224.694 MiB)
4939
  0.866604 seconds (153.74 k allocations: 151.938 MiB)
7436
  0.904215 seconds (261.59 k allocations: 258.584 MiB)
1190
  0.975931 seconds (425.11 k allocations: 422.172 MiB)
2434
  0.983727 seconds (422.25 k allocations: 417.963 MiB)
6197
  0.961598 seconds (383.33 k allocations: 379.260 MiB)
3680
  0.773309 seconds (389.65 k allocations: 384.188 MiB)
9941
  0.773525 seconds (369.08 k allocations: 363.292 MiB)
4940
  0.767269 seconds (211.12 k allocations: 208.909 MiB)
2435
  0.869470 seconds (440.53 k allocations: 434.883 MiB)
7437
  0.776867 seconds (209.57 k allocations: 208.183 MiB)
6198
  0.873529 seconds (494.47 k allocations: 487.257 MiB)
1191
  0.863130 seconds (474.14 k allocations: 466.984 MiB)
3681
  0.772830 seconds (395.11 k allocations: 389.146 MiB)
4941
  0.878003 seconds (484.69 k allocations: 478.750 MiB)
9942
  0.772674 seconds (281.37 k allocations: 278.766 MiB)
2436
  0.774062 seconds (259.71 k allocations: 256.554 MiB)
6199
  1.491615 seconds (204.79 k allocations: 201.564 MiB, 8.30% gc time)
  1.597103 seconds (320.43 k allocations: 316.878 MiB, 7.75% gc time)
  0.898962 seconds (125.73 k allocations: 123.238 MiB, 13.77% gc time)
  1.560589 seconds (284.12 k allocations: 279.634 MiB, 7.93% gc time)
4942
3682
7438
1192
  0.785331 seconds (5.00 k allocations: 8.460 MiB)
4943
  0.878499 seconds (346.48 k allocations: 339.905 MiB)
9943
  0.866063 seconds (208.49 k allocations: 207.632 MiB)
  0.904925 seconds (372.14 k allocations: 365.677 MiB)
6200
2437
  0.867319 seconds (206.99 k allocations: 204.454 MiB)
7439
  0.974277 seconds (395.11 k allocations: 389.133 MiB)
3683
  0.977099 seconds (396.37 k allocations: 391.348 MiB)
1193
  0.788900 seconds (371.25 k allocations: 364.394 MiB)
9944
  0.877355 seconds (490.89 k allocations: 484.275 MiB)
4944
  0.877708 seconds (340.17 k allocations: 335.662 MiB)
2438
  0.880850 seconds (343.02 k allocations: 339.385 MiB)
6201
  0.757981 seconds (229.39 k allocations: 227.197 MiB)
3684
  0.878628 seconds (383.78 k allocations: 379.146 MiB)
7440
  0.880759 seconds (474.16 k allocations: 467.060 MiB)
1194
  0.752143 seconds (474.15 k allocations: 467.029 MiB)
9945
  0.751037 seconds (474.14 k allocations: 467.003 MiB)
4945
  1.566295 seconds (226.32 k allocations: 223.225 MiB, 8.63% gc time)
  1.578983 seconds (258.73 k allocations: 256.656 MiB, 8.56% gc time)
  1.575329 seconds (247.06 k allocations: 244.263 MiB, 8.58% gc time)
  0.907489 seconds (56.84 k allocations: 55.404 MiB, 14.90% gc time)
  1.555638 seconds (215.05 k allocations: 211.328 MiB, 8.69% gc time)
  1.387757 seconds (136.15 k allocations: 133.716 MiB, 9.74% gc time)
9946
6202
1195
2439
3685
7441
  0.783731 seconds (6.35 k allocations: 9.750 MiB)
9947
  0.879462 seconds (425.50 k allocations: 415.531 MiB)
4946
  0.861747 seconds (159.44 k allocations: 159.503 MiB)
2440
  0.862574 seconds (161.63 k allocations: 160.115 MiB)
7442
  0.870767 seconds (183.06 k allocations: 181.737 MiB)
6203
  0.967992 seconds (400.90 k allocations: 398.782 MiB)
3686
  0.982661 seconds (417.87 k allocations: 412.352 MiB)
1196
  0.773048 seconds (395.31 k allocations: 389.774 MiB)
4947
  0.779450 seconds (237.08 k allocations: 233.533 MiB)
6204
  0.876887 seconds (494.70 k allocations: 489.285 MiB)
9948
  0.877482 seconds (410.98 k allocations: 406.822 MiB)
2441
  0.761542 seconds (240.84 k allocations: 238.075 MiB)
1197
  0.879026 seconds (409.59 k allocations: 406.210 MiB)
7443
  0.872947 seconds (495.40 k allocations: 488.502 MiB)
3687
  0.774150 seconds (474.12 k allocations: 466.921 MiB)
4948
  0.778505 seconds (396.05 k allocations: 391.230 MiB)
6205
  0.788890 seconds (410.45 k allocations: 404.748 MiB)
9949
  1.581736 seconds (175.71 k allocations: 172.359 MiB, 8.77% gc time)
  1.672946 seconds (267.70 k allocations: 263.778 MiB, 8.29% gc time)
  1.674723 seconds (269.47 k allocations: 265.481 MiB, 8.28% gc time)
  1.017776 seconds (97.01 k allocations: 94.776 MiB, 13.63% gc time)
  1.657739 seconds (255.38 k allocations: 251.006 MiB, 8.37% gc time)
4949
3688
2442
7444
1198
  0.784428 seconds (2 allocations: 12.766 KiB)
4950
  0.876232 seconds (370.70 k allocations: 363.074 MiB)
6206
  0.874592 seconds (299.49 k allocations: 294.683 MiB)
9950
  0.842862 seconds (147.76 k allocations: 144.351 MiB)
7445
  0.881024 seconds (276.73 k allocations: 271.210 MiB)
1199
  0.965314 seconds (395.11 k allocations: 389.152 MiB)
2443
  0.967984 seconds (396.84 k allocations: 391.797 MiB)
3689
  0.761621 seconds (337.80 k allocations: 332.356 MiB)
6207
  0.775643 seconds (385.83 k allocations: 380.534 MiB)
4951
  0.772961 seconds (353.31 k allocations: 347.002 MiB)
9951
  0.880527 seconds (444.41 k allocations: 437.616 MiB)
7446
  0.773618 seconds (256.29 k allocations: 254.169 MiB)
2444
  0.776154 seconds (266.85 k allocations: 264.037 MiB)
3690
  0.882435 seconds (505.74 k allocations: 498.064 MiB)
1200
  0.760982 seconds (369.77 k allocations: 363.944 MiB)
6208
  0.790103 seconds (395.12 k allocations: 389.178 MiB)
9952
  0.877962 seconds (509.96 k allocations: 501.280 MiB)
4952
  1.638767 seconds (241.54 k allocations: 237.756 MiB, 8.61% gc time)
  1.613561 seconds (214.12 k allocations: 210.296 MiB, 8.75% gc time)
  1.645922 seconds (256.65 k allocations: 253.441 MiB, 8.57% gc time)
  1.663087 seconds (316.47 k allocations: 311.908 MiB, 8.49% gc time)
  0.934125 seconds (37.22 k allocations: 35.634 MiB, 15.11% gc time)
  1.005484 seconds (135.36 k allocations: 132.696 MiB, 14.03% gc time)
2445
7447
1201
6209
3691
9953
  0.773811 seconds (402.76 k allocations: 392.777 MiB)
4953
  0.776666 seconds (105.88 k allocations: 108.449 MiB)
9954
  0.781904 seconds (109.22 k allocations: 112.624 MiB)
6210
  0.884171 seconds (237.07 k allocations: 233.489 MiB)
2446
  0.902361 seconds (256.56 k allocations: 254.352 MiB)
7448
  0.988204 seconds (395.38 k allocations: 390.643 MiB)
1202
  0.991108 seconds (401.96 k allocations: 396.700 MiB)
3692
  0.773515 seconds (474.13 k allocations: 466.972 MiB)
4954
  0.773941 seconds (402.71 k allocations: 397.712 MiB)
9955
  0.882143 seconds (474.18 k allocations: 467.111 MiB)
6211
  0.790460 seconds (362.59 k allocations: 358.105 MiB)
2447
  0.775823 seconds (346.77 k allocations: 342.702 MiB)
7449
  0.763361 seconds (402.24 k allocations: 397.260 MiB)
1203
  0.775726 seconds (417.96 k allocations: 412.342 MiB)
3693
  0.773967 seconds (474.28 k allocations: 467.429 MiB)
4955
  0.870577 seconds (474.27 k allocations: 467.416 MiB)
9956
  0.795369 seconds (342.51 k allocations: 338.156 MiB)
6212
  1.617155 seconds (306.80 k allocations: 302.481 MiB, 8.58% gc time)
  1.523993 seconds (148.54 k allocations: 146.331 MiB, 9.10% gc time)
  1.615500 seconds (307.05 k allocations: 302.718 MiB, 8.58% gc time)
  1.006862 seconds (69.78 k allocations: 68.707 MiB, 13.77% gc time)
  1.525977 seconds (149.30 k allocations: 148.402 MiB, 9.09% gc time)
4956
1204
7450
2448
3694
  0.744547 seconds (376.70 k allocations: 367.820 MiB)
9957
  0.743441 seconds (122.67 k allocations: 123.340 MiB)
4957
  0.866964 seconds (257.12 k allocations: 256.645 MiB)
3695
  0.877390 seconds (232.65 k allocations: 231.745 MiB)
6213
  0.874269 seconds (233.25 k allocations: 229.953 MiB)
2449
  0.879848 seconds (252.47 k allocations: 249.378 MiB)
1205
  0.892149 seconds (314.59 k allocations: 309.803 MiB)
7451
  0.772761 seconds (474.31 k allocations: 467.511 MiB)
9958
  0.774424 seconds (474.31 k allocations: 467.517 MiB)
4958
  0.776349 seconds (376.23 k allocations: 369.353 MiB)
3696
  0.778165 seconds (284.61 k allocations: 281.438 MiB)
6214
  0.774711 seconds (249.26 k allocations: 247.375 MiB)
2450
  0.775753 seconds (289.24 k allocations: 284.166 MiB)
7452
  0.884302 seconds (486.14 k allocations: 479.720 MiB)
1206
  0.773350 seconds (474.22 k allocations: 467.251 MiB)
9959
  0.760286 seconds (302.98 k allocations: 298.224 MiB)
  0.878098 seconds (474.68 k allocations: 468.565 MiB)
3697
4959
  0.761840 seconds (255.11 k allocations: 253.170 MiB)
6215
  1.629916 seconds (337.65 k allocations: 331.980 MiB, 9.31% gc time)
  1.517942 seconds (237.99 k allocations: 232.991 MiB, 10.00% gc time)
  1.612236 seconds (317.16 k allocations: 311.132 MiB, 9.42% gc time)
  1.021784 seconds (159.05 k allocations: 155.226 MiB, 14.86% gc time)
9960
2451
7453
1207
  0.777365 seconds (352.71 k allocations: 344.875 MiB)
6216
  0.780212 seconds (81.46 k allocations: 82.616 MiB)
9961
  0.854757 seconds (158.04 k allocations: 155.657 MiB)
7454
  0.855429 seconds (160.40 k allocations: 158.871 MiB)
2452
  0.913975 seconds (347.96 k allocations: 344.229 MiB)
4960
  0.964842 seconds (395.12 k allocations: 389.165 MiB)
1208
  1.013780 seconds (556.05 k allocations: 549.085 MiB)
3698
  0.765160 seconds (395.14 k allocations: 389.241 MiB)
9962
  0.870547 seconds (489.96 k allocations: 483.164 MiB)
6217
  0.771378 seconds (327.80 k allocations: 323.785 MiB)
2453
  0.772411 seconds (328.06 k allocations: 323.788 MiB)
4961
  0.875085 seconds (490.41 k allocations: 485.011 MiB)
7455
  0.767088 seconds (319.71 k allocations: 316.977 MiB)
1209
  0.776557 seconds (349.06 k allocations: 344.858 MiB)
3699
  0.763277 seconds (395.15 k allocations: 389.260 MiB)
6218
  0.777095 seconds (322.98 k allocations: 319.213 MiB)
4962
  0.879879 seconds (489.50 k allocations: 482.780 MiB)
9963
  1.763246 seconds (216.41 k allocations: 213.774 MiB, 8.18% gc time)
  1.860006 seconds (451.65 k allocations: 444.381 MiB, 7.75% gc time)
  1.766184 seconds (220.87 k allocations: 219.286 MiB, 8.17% gc time)
  1.023664 seconds (9.63 k allocations: 9.266 MiB, 14.09% gc time)
  1.126142 seconds (135.80 k allocations: 133.248 MiB, 12.81% gc time)
  1.759302 seconds (215.14 k allocations: 211.475 MiB, 8.20% gc time)
4963
6219
1210
2454
3700
7456
  0.771512 seconds (398.08 k allocations: 388.321 MiB)
9964
  0.783895 seconds (86.61 k allocations: 90.008 MiB)
6220
  0.852350 seconds (158.04 k allocations: 155.651 MiB)
  0.851799 seconds (158.35 k allocations: 156.519 MiB)
3701
2455
  0.856519 seconds (166.00 k allocations: 165.199 MiB)
1211
  0.887593 seconds (278.41 k allocations: 278.650 MiB)
4964
  0.957042 seconds (474.12 k allocations: 466.921 MiB)
7457
  0.756024 seconds (474.14 k allocations: 467.003 MiB)
9965
  0.759724 seconds (474.16 k allocations: 467.041 MiB)
6221
  0.775133 seconds (274.51 k allocations: 271.826 MiB)
2456
  0.758742 seconds (248.48 k allocations: 245.470 MiB)
4965
  0.758495 seconds (316.10 k allocations: 311.346 MiB)
7458
  0.881626 seconds (451.61 k allocations: 445.521 MiB)
1212
  0.886443 seconds (460.86 k allocations: 456.677 MiB)
3702
  0.771108 seconds (474.19 k allocations: 467.149 MiB)
9966
  0.777572 seconds (474.19 k allocations: 467.162 MiB)
6222
  1.594783 seconds (379.62 k allocations: 374.433 MiB, 10.99% gc time)
  1.586656 seconds (372.69 k allocations: 366.569 MiB, 11.05% gc time)
  1.484279 seconds (135.70 k allocations: 133.024 MiB, 11.81% gc time)
  0.948219 seconds (56.88 k allocations: 55.431 MiB, 18.49% gc time)
  1.505849 seconds (184.92 k allocations: 182.771 MiB, 11.64% gc time)
  1.486835 seconds (137.04 k allocations: 135.839 MiB, 11.79% gc time)
7459
1213
2457
4966
9967
3703
  0.780813 seconds (3.06 k allocations: 4.163 MiB)
9968
  0.880758 seconds (433.23 k allocations: 422.920 MiB)
6223
  0.837902 seconds (132.10 k allocations: 129.640 MiB)
7460
  0.876670 seconds (213.29 k allocations: 209.615 MiB)
2458
  0.952732 seconds (320.86 k allocations: 318.507 MiB)
1214
  0.955998 seconds (323.89 k allocations: 321.198 MiB)
3704
  0.958695 seconds (327.98 k allocations: 326.098 MiB)
4967
  0.737603 seconds (418.51 k allocations: 411.871 MiB)
9969
  0.743393 seconds (402.63 k allocations: 396.465 MiB)
6224
  0.731845 seconds (158.24 k allocations: 156.273 MiB)
4968
  0.885093 seconds (488.05 k allocations: 480.797 MiB)
7461
  0.877743 seconds (517.34 k allocations: 509.781 MiB)
2459
  0.873543 seconds (409.32 k allocations: 405.644 MiB)
1215
  0.891676 seconds (428.36 k allocations: 422.386 MiB)
3705
  0.725342 seconds (427.69 k allocations: 421.554 MiB)
9970
  1.238643 seconds (451.40 k allocations: 444.019 MiB, 10.50% gc time)
  1.081779 seconds (333.50 k allocations: 327.966 MiB, 12.02% gc time)
  0.924480 seconds (56.71 k allocations: 55.535 MiB, 14.07% gc time)
  0.951452 seconds (90.01 k allocations: 88.712 MiB, 13.67% gc time)
  1.050805 seconds (259.55 k allocations: 255.293 MiB, 12.37% gc time)
  1.014300 seconds (214.86 k allocations: 211.349 MiB, 12.82% gc time)
4969
7462
6225
2460
1216
3706
  0.772112 seconds (401.95 k allocations: 391.997 MiB)
9971
  0.785134 seconds (79.03 k allocations: 77.851 MiB)
4970
  0.785460 seconds (80.81 k allocations: 80.559 MiB)
  0.787539 seconds (83.50 k allocations: 84.414 MiB)
2461
1217
  0.887229 seconds (316.26 k allocations: 311.873 MiB)
  0.889108 seconds (316.70 k allocations: 313.130 MiB)
3707
6226
  0.894893 seconds (328.17 k allocations: 325.217 MiB)
7463
  0.777672 seconds (243.87 k allocations: 242.469 MiB)
4971
  0.774601 seconds (237.66 k allocations: 235.062 MiB)
2462
  0.876675 seconds (487.09 k allocations: 481.765 MiB)
9972
  0.756422 seconds (237.09 k allocations: 233.571 MiB)
7464
  0.774031 seconds (256.95 k allocations: 256.013 MiB)
3708
  0.885522 seconds (516.52 k allocations: 509.587 MiB)
1218
  0.882428 seconds (476.91 k allocations: 471.316 MiB)
6227
  0.776460 seconds (325.79 k allocations: 323.467 MiB)
  0.773801 seconds (320.44 k allocations: 317.391 MiB)
4972
2463
  0.771721 seconds (320.47 k allocations: 317.889 MiB)
9973
  0.791456 seconds (242.82 k allocations: 238.781 MiB)
3709
  1.060639 seconds (314.13 k allocations: 309.239 MiB, 14.05% gc time)
  0.941753 seconds (197.84 k allocations: 193.286 MiB, 15.82% gc time)
  1.040570 seconds (277.11 k allocations: 271.329 MiB, 14.32% gc time)
7465
6228
1219
  0.746204 seconds (256.78 k allocations: 253.063 MiB)
4973
  0.791895 seconds (305.39 k allocations: 299.364 MiB)
9974
  0.783033 seconds (270.41 k allocations: 265.671 MiB)
2464
  0.779629 seconds (236.05 k allocations: 232.542 MiB)
7466
  0.779474 seconds (239.20 k allocations: 236.544 MiB)
6229
  0.891584 seconds (454.86 k allocations: 450.015 MiB)
3710
  0.887838 seconds (419.80 k allocations: 415.126 MiB)
1220
  0.776601 seconds (455.62 k allocations: 447.458 MiB)
4974
  0.776140 seconds (390.83 k allocations: 382.788 MiB)
2465
  0.775442 seconds (316.20 k allocations: 311.657 MiB)
6230
  0.881180 seconds (520.44 k allocations: 513.739 MiB)
9975
  0.775209 seconds (327.46 k allocations: 322.314 MiB)
3711
  0.880517 seconds (498.31 k allocations: 492.596 MiB)
7467
  0.880568 seconds (474.19 k allocations: 467.130 MiB)
1221
  0.756664 seconds (276.12 k allocations: 272.112 MiB)
6231
  0.883211 seconds (472.23 k allocations: 465.213 MiB)
4975
  0.777850 seconds (339.00 k allocations: 332.056 MiB)
9976
  0.879404 seconds (537.49 k allocations: 527.482 MiB)
2466
  1.051613 seconds (247.14 k allocations: 245.137 MiB, 14.79% gc time)
  1.035706 seconds (228.22 k allocations: 225.803 MiB, 15.02% gc time)
  0.928187 seconds (149.24 k allocations: 148.021 MiB, 16.76% gc time)
3712
7468
1222
  0.755430 seconds (311.57 k allocations: 304.300 MiB)
6232
  0.783866 seconds (79.04 k allocations: 77.889 MiB)
3713
  0.787155 seconds (81.62 k allocations: 81.351 MiB)
1223
  0.889841 seconds (495.29 k allocations: 488.869 MiB)
4976
  0.808882 seconds (137.70 k allocations: 140.744 MiB)
9977
  0.875985 seconds (462.13 k allocations: 454.657 MiB)
2467
  0.885864 seconds (439.34 k allocations: 432.598 MiB)
7469
  0.763847 seconds (474.19 k allocations: 467.137 MiB)
6233
  0.757832 seconds (233.97 k allocations: 230.770 MiB)
4977
  0.758010 seconds (230.36 k allocations: 227.065 MiB)
9978
  0.772752 seconds (282.00 k allocations: 277.732 MiB)
2468
  0.759911 seconds (264.06 k allocations: 260.323 MiB)
7470
  0.880273 seconds (496.52 k allocations: 490.018 MiB)
3714
  0.882002 seconds (504.07 k allocations: 498.242 MiB)
1224
  0.771132 seconds (474.30 k allocations: 467.492 MiB)
6234
  0.776150 seconds (396.20 k allocations: 391.994 MiB)
4978
  0.880874 seconds (474.39 k allocations: 467.790 MiB)
9979
  0.776219 seconds (166.30 k allocations: 166.027 MiB)
3715
  1.898366 seconds (420.00 k allocations: 412.206 MiB, 13.22% gc time)
  1.873956 seconds (324.60 k allocations: 319.699 MiB, 13.39% gc time)
  1.249569 seconds (196.28 k allocations: 192.007 MiB, 20.08% gc time)
  1.133167 seconds (117.37 k allocations: 114.302 MiB, 22.14% gc time)
  1.853058 seconds (275.69 k allocations: 270.462 MiB, 13.54% gc time)
4979
6235
2469
7471
1225
  0.780080 seconds (394.26 k allocations: 384.626 MiB)
9980
  0.787223 seconds (79.02 k allocations: 77.832 MiB)
4980
  0.861018 seconds (158.71 k allocations: 158.727 MiB)
2470
  0.867796 seconds (168.88 k allocations: 167.020 MiB)
7472
  0.995370 seconds (544.01 k allocations: 535.573 MiB)
3716
  0.974469 seconds (354.20 k allocations: 348.860 MiB)
6236
  0.982304 seconds (368.11 k allocations: 363.144 MiB)
1226
  0.776139 seconds (474.18 k allocations: 467.124 MiB)
9981
  0.777260 seconds (316.13 k allocations: 311.448 MiB)
7473
  0.872453 seconds (487.15 k allocations: 480.568 MiB)
4981
  0.871843 seconds (485.40 k allocations: 479.107 MiB)
2471
  0.777831 seconds (277.06 k allocations: 274.038 MiB)
6237
  0.872033 seconds (488.30 k allocations: 479.626 MiB)
3717
  0.871684 seconds (452.33 k allocations: 444.941 MiB)
1227
  0.861618 seconds (474.17 k allocations: 467.073 MiB)
9982
  0.758887 seconds (259.72 k allocations: 256.392 MiB)
2472
  0.775317 seconds (267.04 k allocations: 262.166 MiB)
6238
  0.880933 seconds (441.09 k allocations: 436.341 MiB)
7474
  0.884746 seconds (455.02 k allocations: 449.491 MiB)
4982
  0.762214 seconds (209.50 k allocations: 206.656 MiB)
1228
  1.559326 seconds (274.04 k allocations: 270.632 MiB, 13.03% gc time)
  0.999644 seconds (141.12 k allocations: 139.996 MiB, 20.33% gc time)
9983
3718
  0.789080 seconds (315.61 k allocations: 309.380 MiB)
2473
  0.848854 seconds (79.04 k allocations: 77.889 MiB)
9984
  0.905818 seconds (187.87 k allocations: 187.895 MiB)
7475
  0.925817 seconds (241.96 k allocations: 241.842 MiB)
6239
  0.897701 seconds (161.37 k allocations: 159.600 MiB)
3719
  1.016191 seconds (405.62 k allocations: 401.658 MiB)
1229
  1.037544 seconds (451.54 k allocations: 447.805 MiB)
4983
  0.774143 seconds (474.13 k allocations: 466.952 MiB)
2474
  0.731920 seconds (409.13 k allocations: 401.836 MiB)
9985
  0.756954 seconds (323.16 k allocations: 319.322 MiB)
6240
  0.801424 seconds (388.38 k allocations: 381.484 MiB)
3720
  0.878761 seconds (503.94 k allocations: 496.718 MiB)
  0.748732 seconds (306.49 k allocations: 301.844 MiB)
7476
4984
  0.759436 seconds (333.03 k allocations: 329.506 MiB)
1230
  0.769476 seconds (474.14 k allocations: 466.997 MiB)
2475
  0.727997 seconds (450.14 k allocations: 442.807 MiB)
9986
  1.661178 seconds (444.59 k allocations: 436.533 MiB, 7.68% gc time)
  1.602103 seconds (341.97 k allocations: 334.127 MiB, 7.96% gc time)
  1.553585 seconds (146.94 k allocations: 145.106 MiB, 8.21% gc time)
  1.552451 seconds (145.41 k allocations: 143.638 MiB, 8.21% gc time)
  0.989757 seconds (34.71 k allocations: 33.724 MiB, 12.88% gc time)
  1.543732 seconds (136.40 k allocations: 134.418 MiB, 8.26% gc time)
4985
3721
7477
1231
2476
6241
  0.794519 seconds (409.92 k allocations: 399.615 MiB)
9987
  0.778038 seconds (90.07 k allocations: 90.853 MiB)
2477
  0.892606 seconds (168.03 k allocations: 167.674 MiB)
1232
  0.897168 seconds (172.62 k allocations: 173.469 MiB)
4986
  0.901059 seconds (184.23 k allocations: 184.325 MiB)
3722
  0.900568 seconds (186.69 k allocations: 187.655 MiB)
  0.893267 seconds (182.57 k allocations: 182.779 MiB)
7478
6242
  0.777989 seconds (474.32 k allocations: 467.568 MiB)
9988
  0.877461 seconds (474.32 k allocations: 467.568 MiB)
2478
  0.759191 seconds (101.37 k allocations: 102.652 MiB)
7479
  0.778027 seconds (176.66 k allocations: 178.103 MiB)
1233
  0.777325 seconds (161.52 k allocations: 160.921 MiB)
3723
  0.770166 seconds (165.49 k allocations: 164.486 MiB)
6243
  0.876198 seconds (443.72 k allocations: 436.633 MiB)
4987
  0.727161 seconds (474.14 k allocations: 467.003 MiB)
9989
  0.730643 seconds (79.02 k allocations: 77.838 MiB)
4988
  0.875781 seconds (321.53 k allocations: 317.989 MiB)
2479
  0.865143 seconds (298.54 k allocations: 295.825 MiB)
7480
  0.870140 seconds (296.80 k allocations: 293.878 MiB)
3724
  0.832166 seconds (226.54 k allocations: 225.386 MiB)
6244
  0.880117 seconds (261.80 k allocations: 258.928 MiB)
1234
  0.914442 seconds (217.83 k allocations: 214.386 MiB, 18.51% gc time)
9990
  0.791521 seconds (1 allocation: 12.688 KiB)
9991
  0.881377 seconds (244.38 k allocations: 242.196 MiB)
4989
  0.881094 seconds (188.03 k allocations: 185.598 MiB)
6245
  0.910082 seconds (255.77 k allocations: 253.846 MiB)
3725
  0.911782 seconds (258.31 k allocations: 257.284 MiB)
2480
  1.045510 seconds (503.22 k allocations: 498.778 MiB)
7481
  1.019919 seconds (421.48 k allocations: 416.615 MiB)
1235
  0.761588 seconds (405.30 k allocations: 400.150 MiB)
9992
  0.759115 seconds (400.96 k allocations: 394.774 MiB)
4990
  0.792781 seconds (316.09 k allocations: 311.308 MiB)
2481
  0.807477 seconds (336.56 k allocations: 334.324 MiB)
6246
  0.899149 seconds (474.12 k allocations: 466.934 MiB)
3726
  0.780864 seconds (348.29 k allocations: 344.330 MiB)
7482
  0.872747 seconds (474.14 k allocations: 466.984 MiB)
1236
  0.749228 seconds (395.11 k allocations: 389.140 MiB)
4991
  0.849161 seconds (475.08 k allocations: 469.093 MiB)
9993
  0.734409 seconds (317.49 k allocations: 313.648 MiB)
6247
  1.623114 seconds (446.54 k allocations: 439.419 MiB, 7.99% gc time)
  1.517227 seconds (300.09 k allocations: 294.828 MiB, 8.55% gc time)
  1.503424 seconds (284.29 k allocations: 278.450 MiB, 8.63% gc time)
  0.925404 seconds (126.38 k allocations: 122.958 MiB, 14.01% gc time)
  1.395857 seconds (205.76 k allocations: 201.324 MiB, 9.29% gc time)
4992
7483
2482
1237
3727
  0.777390 seconds (336.17 k allocations: 327.838 MiB)
9994
  0.789130 seconds (81.03 k allocations: 82.214 MiB)
4993
  0.878655 seconds (436.35 k allocations: 428.089 MiB)
6248
  0.849431 seconds (226.51 k allocations: 222.164 MiB)
1238
  0.955963 seconds (316.09 k allocations: 311.302 MiB)
  0.955456 seconds (316.44 k allocations: 312.303 MiB)
2483
3728
  0.960074 seconds (321.24 k allocations: 318.232 MiB)
7484
  0.796745 seconds (474.13 k allocations: 466.965 MiB)
9995
  0.766435 seconds (382.52 k allocations: 376.490 MiB)
  0.777645 seconds (406.49 k allocations: 402.182 MiB)
6249
4994
  0.775269 seconds (461.86 k allocations: 453.598 MiB)
1239
  0.765829 seconds (316.45 k allocations: 312.463 MiB)
7485
  0.777123 seconds (326.57 k allocations: 324.404 MiB)
2484
  0.784764 seconds (342.42 k allocations: 340.597 MiB)
3729
  0.783826 seconds (474.38 k allocations: 467.765 MiB)
9996
  0.774947 seconds (394.03 k allocations: 387.313 MiB)
6250
  0.884254 seconds (460.70 k allocations: 453.324 MiB)
4995
  1.849251 seconds (451.18 k allocations: 443.969 MiB, 17.90% gc time)
  1.738716 seconds (227.57 k allocations: 224.470 MiB, 19.03% gc time)
  1.726671 seconds (214.10 k allocations: 210.353 MiB, 19.17% gc time)
  1.752596 seconds (257.20 k allocations: 254.020 MiB, 18.88% gc time)
  1.089020 seconds (56.19 k allocations: 54.697 MiB, 30.39% gc time)
  1.143353 seconds (127.49 k allocations: 124.180 MiB, 28.95% gc time)
9997
1240
7486
3730
2485
  0.759790 seconds (331.55 k allocations: 323.409 MiB)
4996
  0.788332 seconds (82.74 k allocations: 83.897 MiB)
9998
  0.856102 seconds (165.08 k allocations: 166.131 MiB)
1241
  0.857941 seconds (166.02 k allocations: 164.355 MiB)
2486
  0.866930 seconds (190.24 k allocations: 188.495 MiB)
3731
  0.964726 seconds (396.80 k allocations: 393.288 MiB)
7487
  0.776805 seconds (395.12 k allocations: 389.171 MiB)
4997
  0.777303 seconds (395.12 k allocations: 389.171 MiB)
9999
  0.774784 seconds (251.01 k allocations: 248.059 MiB)
2487
  0.878889 seconds (330.50 k allocations: 326.299 MiB)
1242
  0.886244 seconds (340.97 k allocations: 336.100 MiB)
3732
  0.878233 seconds (395.12 k allocations: 389.152 MiB)
7488
  0.777580 seconds (395.27 k allocations: 389.648 MiB)
4998
  0.758973 seconds (395.29 k allocations: 389.692 MiB)
10000
  1.631366 seconds (372.67 k allocations: 366.841 MiB, 10.55% gc time)
  1.415810 seconds (135.50 k allocations: 132.904 MiB, 12.16% gc time)
  1.507612 seconds (214.69 k allocations: 211.229 MiB, 11.42% gc time)
  0.974887 seconds (56.47 k allocations: 55.047 MiB, 17.66% gc time)
  1.534838 seconds (243.62 k allocations: 240.075 MiB, 11.22% gc time)
4999
3733
7489
1243
2488
  0.759983 seconds (341.18 k allocations: 332.617 MiB)
  0.785328 seconds (17.92 k allocations: 22.993 MiB)
5000
  0.854932 seconds (79.70 k allocations: 79.723 MiB)
  0.855181 seconds (79.71 k allocations: 79.737 MiB)
3734
2489
  0.964212 seconds (237.75 k allocations: 235.387 MiB)
7490
  0.968161 seconds (240.10 k allocations: 238.635 MiB)
1244
  0.754961 seconds (316.13 k allocations: 311.441 MiB)
  0.792240 seconds (158.61 k allocations: 157.206 MiB)
3735
  0.761277 seconds (80.09 k allocations: 81.027 MiB)
7491
  0.878950 seconds (247.03 k allocations: 245.018 MiB)
2490
  0.870168 seconds (237.61 k allocations: 234.943 MiB)
1245
  0.792919 seconds (237.07 k allocations: 233.508 MiB)
3736
  0.971828 seconds (135.42 k allocations: 132.806 MiB, 9.76% gc time)
  0.977168 seconds (140.36 k allocations: 138.733 MiB, 9.70% gc time)
  0.868585 seconds (56.58 k allocations: 55.106 MiB, 10.92% gc time)
1246
2491
7492
  0.776927 seconds (170.06 k allocations: 166.422 MiB)
3737
  0.756660 seconds (30.09 k allocations: 29.843 MiB)
1247
  0.778367 seconds (80.77 k allocations: 79.295 MiB)
7493
  0.885284 seconds (237.08 k allocations: 233.521 MiB)
2492
  0.897025 seconds (146.71 k allocations: 145.153 MiB)
3738
  0.775654 seconds (30.16 k allocations: 29.861 MiB)
2493
  0.925396 seconds (150.08 k allocations: 149.220 MiB)
1248
  0.885642 seconds (178.31 k allocations: 175.965 MiB)
7494
  0.758166 seconds (56.85 k allocations: 56.860 MiB)
  0.787251 seconds (132.78 k allocations: 130.742 MiB)
3739
1249
  0.938999 seconds (1.84 k allocations: 1.780 MiB, 17.26% gc time)
  1.752079 seconds (188.58 k allocations: 184.870 MiB, 9.25% gc time)
  1.698845 seconds (135.53 k allocations: 132.872 MiB, 9.54% gc time)
7495
2494
3740
  0.756597 seconds (205.52 k allocations: 200.351 MiB)
1250
  0.785562 seconds (79.03 k allocations: 77.851 MiB)
3741
  0.853623 seconds (158.14 k allocations: 157.036 MiB)
2495
  0.863061 seconds (170.57 k allocations: 168.678 MiB)
7496
  0.863477 seconds (237.11 k allocations: 233.622 MiB)
  0.763319 seconds (545 allocations: 1.479 MiB)
7497
  0.870220 seconds (198.36 k allocations: 196.219 MiB)
3742
  0.864498 seconds (159.71 k allocations: 158.208 MiB)
2496
  0.776268 seconds (74.73 k allocations: 72.741 MiB)
3743
  0.912916 seconds (56.37 k allocations: 54.918 MiB, 13.18% gc time)
  1.001044 seconds (173.10 k allocations: 170.042 MiB, 12.02% gc time)
2497
7498
  0.760007 seconds (133.37 k allocations: 130.088 MiB)
3744
  0.764962 seconds (79.02 k allocations: 77.838 MiB)
7499
  0.784879 seconds (99.77 k allocations: 99.910 MiB)
2498
  0.775115 seconds (1 allocation: 12.688 KiB)
2499
  0.896931 seconds (175.84 k allocations: 173.707 MiB)
3745
  0.881733 seconds (174.99 k allocations: 173.113 MiB)
7500
  0.730484 seconds (1 allocation: 12.688 KiB)
  0.832552 seconds (92.84 k allocations: 93.262 MiB)
2500
  0.827353 seconds (86.77 k allocations: 87.172 MiB)
3746
  0.772488 seconds (3.54 k allocations: 4.622 MiB)
  0.909164 seconds (533 allocations: 1.441 MiB)
3747
  0.751157 seconds (1 allocation: 12.688 KiB)
3748
  0.874161 seconds (1 allocation: 12.688 KiB)
3749
  0.668168 seconds (1 allocation: 12.688 KiB)
3750
  0.751701 seconds (1 allocation: 12.688 KiB)
