/home/dswartz/julia-1.9.0/bin/julia
Number of threads: 8
1
8751750150012501
6251

1251
3751


  0.881929 seconds (206.49 k allocations: 206.158 MiB)
5002
  0.987698 seconds (263.50 k allocations: 45.881 MiB, 10.78% gc time, 14.83% compilation time)  0.989786 seconds (263.63 k allocations: 47.229 MiB, 10.76% gc time, 14.80% compilation time)

  0.991724 seconds (264.37 k allocations: 50.371 MiB, 10.74% gc time, 14.77% compilation time)
  0.986837 seconds (263.48 k allocations: 45.880 MiB, 10.79% gc time, 14.84% compilation time)
  0.989589 seconds (263.66 k allocations: 47.201 MiB, 10.76% gc time, 14.80% compilation time)
  0.987936 seconds (263.71 k allocations: 45.994 MiB, 10.78% gc time, 14.83% compilation time)
  1.013687 seconds (277.67 k allocations: 66.766 MiB, 10.50% gc time, 14.45% compilation time)
8752
6252
1252
3752
2502
7502
2
  0.861350 seconds (511.10 k allocations: 490.309 MiB)
5003
  0.866748 seconds (44.79 k allocations: 51.454 MiB)
  0.862018 seconds (40.65 k allocations: 40.865 MiB)
6253
  0.867288 seconds (43.20 k allocations: 45.392 MiB)
  0.868653 seconds (44.17 k allocations: 46.346 MiB)
  0.874406 seconds (46.02 k allocations: 49.243 MiB)
  0.891067 seconds (53.17 k allocations: 59.073 MiB)
  0.893983 seconds (54.91 k allocations: 60.829 MiB)
3753
2503
1253
7503
3
8753
  0.883408 seconds (33.22 k allocations: 41.789 MiB)
5004
  0.878587 seconds (226.40 k allocations: 225.227 MiB)
5005
  0.945818 seconds (120.62 k allocations: 125.442 MiB)
6254
  0.939388 seconds (86.04 k allocations: 86.429 MiB)
7504
  0.949423 seconds (98.43 k allocations: 104.604 MiB)
3754
  0.947751 seconds (107.57 k allocations: 109.895 MiB)
4
  0.960499 seconds (135.13 k allocations: 140.157 MiB)
2504
  0.962819 seconds (146.26 k allocations: 152.236 MiB)
  0.963144 seconds (154.91 k allocations: 159.434 MiB)
1254
8754
  0.880791 seconds (554.57 k allocations: 549.278 MiB)
5006
  1.497918 seconds (198.91 k allocations: 197.953 MiB, 24.39% gc time)
  1.503557 seconds (229.28 k allocations: 228.249 MiB, 24.30% gc time)
  1.484713 seconds (153.93 k allocations: 152.460 MiB, 24.61% gc time)
  1.481709 seconds (151.48 k allocations: 147.646 MiB, 24.66% gc time)
  1.481271 seconds (151.59 k allocations: 147.734 MiB, 24.67% gc time)
  1.494496 seconds (185.39 k allocations: 183.733 MiB, 24.45% gc time)
  1.241430 seconds (73.84 k allocations: 72.498 MiB, 29.43% gc time)
1255
5
8755
2505
7505
3755
6255
  0.874329 seconds (547.89 k allocations: 533.568 MiB)
5007
  0.930126 seconds (216.25 k allocations: 216.949 MiB)
1256
  0.920440 seconds (192.90 k allocations: 194.792 MiB)
2506
  0.902380 seconds (177.81 k allocations: 180.564 MiB)
3756
  0.920304 seconds (206.16 k allocations: 207.916 MiB)
6256
  0.908475 seconds (237.43 k allocations: 236.811 MiB)
  0.912378 seconds (240.30 k allocations: 239.611 MiB)
  0.903209 seconds (238.54 k allocations: 237.104 MiB)
7506
8756
6
  0.876327 seconds (554.57 k allocations: 549.278 MiB)
5008
  0.870937 seconds (305.00 k allocations: 301.880 MiB)
1257
  0.874858 seconds (248.91 k allocations: 248.412 MiB)
6257
  0.868127 seconds (242.88 k allocations: 242.855 MiB)
2507
  0.867885 seconds (236.28 k allocations: 236.755 MiB)
3757
  0.851772 seconds (223.23 k allocations: 221.990 MiB)
  0.861844 seconds (229.14 k allocations: 228.516 MiB)
  0.863886 seconds (229.72 k allocations: 229.204 MiB)
7
7507
8757
  0.871853 seconds (209.54 k allocations: 210.520 MiB)
5009
  0.864932 seconds (390.13 k allocations: 381.923 MiB)
1258
  1.867192 seconds (199.88 k allocations: 200.070 MiB, 37.48% gc time)
  1.829667 seconds (172.64 k allocations: 172.772 MiB, 38.25% gc time)
  1.762076 seconds (126.66 k allocations: 126.318 MiB, 39.71% gc time)
  1.667725 seconds (70.12 k allocations: 68.701 MiB, 41.96% gc time)
  1.668744 seconds (70.14 k allocations: 68.727 MiB, 41.94% gc time)
  1.673620 seconds (72.10 k allocations: 73.184 MiB, 41.81% gc time)
  1.782479 seconds (140.23 k allocations: 142.444 MiB, 39.26% gc time)
6258
2508
3758
7508
8758
8
5010
  0.876746 seconds (200.82 k allocations: 199.524 MiB)
6259
  0.984709 seconds (531.45 k allocations: 518.583 MiB)
1259
  0.923048 seconds (122.12 k allocations: 122.189 MiB)
3759
  0.939535 seconds (149.48 k allocations: 151.874 MiB)
  0.938994 seconds (148.14 k allocations: 149.807 MiB)
  0.940320 seconds (151.58 k allocations: 154.354 MiB)
8759
7509
9
  0.943131 seconds (177.32 k allocations: 180.349 MiB)
2509
  0.941921 seconds (284.44 k allocations: 283.064 MiB)
5011
  0.873900 seconds (537.18 k allocations: 530.826 MiB)
6260
  0.881809 seconds (359.13 k allocations: 352.460 MiB)
1260
  0.858570 seconds (141.81 k allocations: 143.479 MiB)
8760
  0.865118 seconds (157.78 k allocations: 162.644 MiB)
3760
  0.869352 seconds (167.61 k allocations: 169.794 MiB)
  0.863533 seconds (160.40 k allocations: 163.037 MiB)
2510
10
  0.881291 seconds (205.74 k allocations: 210.378 MiB)
7510
  0.881661 seconds (342.84 k allocations: 339.340 MiB)
5012
  0.878639 seconds (537.40 k allocations: 531.368 MiB)
6261
  0.869973 seconds (233.04 k allocations: 231.795 MiB)
1261
  0.857275 seconds (130.11 k allocations: 132.268 MiB)
3761
  0.869750 seconds (161.84 k allocations: 165.302 MiB)
8761
  0.865334 seconds (106.64 k allocations: 109.005 MiB)
  0.871296 seconds (110.35 k allocations: 113.416 MiB)
  0.881268 seconds (117.62 k allocations: 123.000 MiB)
11
7511
2511
  0.913773 seconds (129.11 k allocations: 133.566 MiB)
5013
  0.897720 seconds (403.00 k allocations: 394.211 MiB)
6262
  0.921519 seconds (176.61 k allocations: 179.011 MiB)
1262
  0.940448 seconds (124.94 k allocations: 124.879 MiB)
5014
  0.944707 seconds (130.06 k allocations: 131.220 MiB)
3762
  0.957987 seconds (164.19 k allocations: 168.963 MiB)
  0.938878 seconds (149.83 k allocations: 150.946 MiB)
8762
  0.957424 seconds (165.17 k allocations: 169.672 MiB)
  0.956728 seconds (166.44 k allocations: 170.449 MiB)
2512
12
7512
  0.880486 seconds (554.57 k allocations: 549.278 MiB)
6263
  0.870599 seconds (337.62 k allocations: 333.093 MiB)
1263
  0.872198 seconds (197.29 k allocations: 199.022 MiB)
3763
  0.869841 seconds (173.49 k allocations: 176.437 MiB)
5015
  0.861419 seconds (135.59 k allocations: 137.922 MiB)
7513
  0.868308 seconds (155.64 k allocations: 161.006 MiB)
13
  0.866635 seconds (167.54 k allocations: 170.155 MiB)
2513
  0.877042 seconds (213.24 k allocations: 215.303 MiB)
8763
  0.879490 seconds (554.57 k allocations: 549.278 MiB)
6264
  0.888395 seconds (314.84 k allocations: 310.065 MiB)
  0.880967 seconds (103.28 k allocations: 105.317 MiB)
  0.889065 seconds (122.32 k allocations: 125.332 MiB)
  0.885342 seconds (101.84 k allocations: 105.497 MiB)
  0.901200 seconds (130.10 k allocations: 136.378 MiB)
1264
7514
3764
14
5016
  0.923899 seconds (256.95 k allocations: 256.925 MiB)
2514
  0.905822 seconds (264.70 k allocations: 264.539 MiB)
8764
  1.401838 seconds (440.74 k allocations: 429.509 MiB, 32.65% gc time)
6265
  0.870252 seconds (189.48 k allocations: 188.876 MiB)
5017
  0.964519 seconds (274.65 k allocations: 274.270 MiB)
7515
  0.958160 seconds (255.97 k allocations: 255.361 MiB)
3765
  0.985086 seconds (320.11 k allocations: 318.153 MiB)
1265
  0.958930 seconds (332.95 k allocations: 328.027 MiB)
8765
  0.966983 seconds (350.96 k allocations: 347.902 MiB)
2515
  1.087955 seconds (475.35 k allocations: 470.812 MiB)
6266
  1.260850 seconds (606.05 k allocations: 598.544 MiB)
15
  0.874171 seconds (554.57 k allocations: 549.278 MiB)
5018
  0.868618 seconds (431.18 k allocations: 426.911 MiB)
7516
  0.868988 seconds (380.14 k allocations: 376.838 MiB)
3766
  0.870493 seconds (376.05 k allocations: 373.128 MiB)
1266
  0.866717 seconds (423.42 k allocations: 419.895 MiB)
2516
  0.869284 seconds (452.79 k allocations: 448.213 MiB)
8766
  0.857978 seconds (544.25 k allocations: 537.977 MiB)
6267
  0.863136 seconds (509.75 k allocations: 505.158 MiB)
16
  0.888697 seconds (554.57 k allocations: 549.278 MiB)
5019
  0.891349 seconds (451.77 k allocations: 448.050 MiB)
7517
  0.890961 seconds (397.27 k allocations: 393.246 MiB)
  0.890870 seconds (379.09 k allocations: 375.992 MiB)
3767
1267
  0.893058 seconds (421.15 k allocations: 417.709 MiB)
2517
  0.878582 seconds (410.31 k allocations: 407.551 MiB)
8767
  0.870070 seconds (486.75 k allocations: 482.957 MiB)
17
  0.861048 seconds (498.15 k allocations: 494.064 MiB)
6268
  1.497858 seconds (383.83 k allocations: 379.139 MiB, 13.80% gc time)
  1.467687 seconds (242.32 k allocations: 239.644 MiB, 14.08% gc time)
  1.578407 seconds (545.26 k allocations: 539.138 MiB, 13.09% gc time)
  1.428727 seconds (156.13 k allocations: 154.749 MiB, 14.47% gc time)
  1.464317 seconds (233.03 k allocations: 229.545 MiB, 14.11% gc time)
  1.419628 seconds (149.48 k allocations: 147.233 MiB, 14.56% gc time)
  1.062327 seconds (19.09 k allocations: 20.318 MiB, 19.45% gc time)
7518
8768
2518
1268
3768
5020
18
  0.887760 seconds (521.15 k allocations: 507.291 MiB)
6269
  0.874183 seconds (96.07 k allocations: 95.822 MiB)
19
  0.934199 seconds (164.57 k allocations: 166.462 MiB)
7519
  0.936983 seconds (169.50 k allocations: 172.618 MiB)
2519
  0.947413 seconds (208.15 k allocations: 208.592 MiB)
  0.945779 seconds (207.82 k allocations: 208.495 MiB)
1269
3769
  0.932060 seconds (223.35 k allocations: 224.771 MiB)
5021
  0.967214 seconds (288.83 k allocations: 293.763 MiB)
8769
  0.870958 seconds (554.57 k allocations: 549.278 MiB)
6270
  0.866428 seconds (514.85 k allocations: 504.488 MiB)
20
  0.858126 seconds (240.19 k allocations: 238.846 MiB)
7520
  0.881524 seconds (305.01 k allocations: 303.514 MiB)
2520
  0.865063 seconds (223.42 k allocations: 224.429 MiB)
1270
  0.876853 seconds (262.31 k allocations: 263.080 MiB)
3770
  0.872813 seconds (265.25 k allocations: 266.111 MiB)
5022
  0.876572 seconds (333.82 k allocations: 331.910 MiB)
8770
  0.873127 seconds (550.94 k allocations: 544.377 MiB)
6271
  0.863602 seconds (497.59 k allocations: 489.246 MiB)
21
  0.865619 seconds (195.97 k allocations: 195.304 MiB)
1271
  0.885714 seconds (233.92 k allocations: 234.278 MiB)
7521
  0.878165 seconds (170.86 k allocations: 171.697 MiB)
  0.888215 seconds (183.04 k allocations: 185.412 MiB)
5023
3771
  0.881223 seconds (176.24 k allocations: 178.475 MiB)
8771
  0.954883 seconds (309.58 k allocations: 312.381 MiB)
2521
  1.367569 seconds (172.86 k allocations: 173.995 MiB, 36.10% gc time)
6272
  0.895544 seconds (399.99 k allocations: 391.354 MiB)
22
  0.947093 seconds (113.23 k allocations: 114.703 MiB)
3772
  0.955018 seconds (124.92 k allocations: 128.530 MiB)
7522
  0.962582 seconds (140.46 k allocations: 143.614 MiB)
  0.973297 seconds (185.76 k allocations: 190.600 MiB)
1272
  0.958004 seconds (131.71 k allocations: 136.820 MiB)
5024
8772
  0.961862 seconds (169.11 k allocations: 172.880 MiB)
2522
  0.952732 seconds (222.67 k allocations: 224.324 MiB)
6273
  0.863008 seconds (554.57 k allocations: 549.278 MiB)
23
  0.868602 seconds (189.89 k allocations: 190.504 MiB)
  0.875363 seconds (227.96 k allocations: 228.446 MiB)
3773
7523
  0.866256 seconds (150.81 k allocations: 154.736 MiB)
1273
  0.881234 seconds (186.34 k allocations: 188.946 MiB)
  0.877656 seconds (178.51 k allocations: 180.785 MiB)
2523
5025
  0.875537 seconds (181.83 k allocations: 185.024 MiB)
8773
  0.861151 seconds (206.58 k allocations: 208.917 MiB)
6274
  0.864964 seconds (554.57 k allocations: 549.278 MiB)
24
  0.853137 seconds (213.81 k allocations: 213.400 MiB)
3774
  0.861392 seconds (214.15 k allocations: 215.153 MiB)
7524
  0.874612 seconds (216.86 k allocations: 217.947 MiB)
1274
  0.866878 seconds (181.80 k allocations: 184.600 MiB)
8774
  0.870119 seconds (202.88 k allocations: 204.992 MiB)
2524
  0.867316 seconds (221.47 k allocations: 221.752 MiB)
6275
  0.880107 seconds (259.90 k allocations: 261.155 MiB)
5026
  1.470519 seconds (156.98 k allocations: 153.909 MiB, 38.35% gc time)  1.481602 seconds (215.65 k allocations: 211.262 MiB, 38.06% gc time)

  1.585543 seconds (536.15 k allocations: 529.192 MiB, 35.56% gc time)
  1.429300 seconds (2.33 k allocations: 2.196 MiB, 39.45% gc time)
  1.446197 seconds (49.69 k allocations: 50.000 MiB, 38.99% gc time)
  1.440434 seconds (31.55 k allocations: 31.392 MiB, 39.15% gc time)
8775
1275
2525
7525
3775
25
  0.873658 seconds (454.98 k allocations: 444.022 MiB)
6276
  0.981765 seconds (505.45 k allocations: 493.707 MiB)
5027
  0.921674 seconds (193.69 k allocations: 195.551 MiB)
7526
  0.924632 seconds (180.16 k allocations: 180.383 MiB)
  0.929717 seconds (188.06 k allocations: 189.880 MiB)
2526
8776
  0.940198 seconds (220.47 k allocations: 224.263 MiB)
1276
  1.302409 seconds (475.35 k allocations: 470.812 MiB)
26
  1.321131 seconds (508.72 k allocations: 504.179 MiB)
3776
  0.869040 seconds (554.57 k allocations: 549.278 MiB)
6277
  0.869585 seconds (317.03 k allocations: 315.031 MiB)
  0.854706 seconds (263.24 k allocations: 263.717 MiB)
7527
2527
  0.878574 seconds (340.93 k allocations: 341.964 MiB)
5028
  0.864916 seconds (297.05 k allocations: 297.750 MiB)
1277
  0.943243 seconds (554.57 k allocations: 549.278 MiB)
8777
  0.866561 seconds (496.44 k allocations: 492.218 MiB)
27
  0.867719 seconds (493.14 k allocations: 489.265 MiB)
3777
  0.860400 seconds (554.57 k allocations: 549.278 MiB)
6278
  0.858261 seconds (340.15 k allocations: 339.803 MiB)
2528
  0.858035 seconds (327.05 k allocations: 325.030 MiB)
1278
  0.869876 seconds (338.06 k allocations: 338.225 MiB)
7528
  0.875759 seconds (345.64 k allocations: 346.897 MiB)
5029
  0.873044 seconds (397.30 k allocations: 393.886 MiB)
8778
  1.924897 seconds (397.11 k allocations: 391.066 MiB, 22.93% gc time)
  1.615592 seconds (318.09 k allocations: 312.783 MiB, 27.32% gc time)
  1.928303 seconds (398.57 k allocations: 393.657 MiB, 22.89% gc time)
  1.316297 seconds (73.52 k allocations: 70.506 MiB, 33.53% gc time)
3778
28
5030
6279
  0.869260 seconds (365.43 k allocations: 358.504 MiB)
2529
  0.968484 seconds (364.77 k allocations: 359.069 MiB)
  0.944437 seconds (270.42 k allocations: 266.570 MiB)
7529
8779
  0.972165 seconds (361.08 k allocations: 357.155 MiB)
1279
  0.917671 seconds (198.69 k allocations: 197.096 MiB)
3779
  0.929901 seconds (216.77 k allocations: 218.248 MiB)
29
  0.933885 seconds (263.91 k allocations: 263.584 MiB)
6280
  0.944130 seconds (326.66 k allocations: 325.061 MiB)
5031
  0.867375 seconds (554.57 k allocations: 549.278 MiB)
2530
  0.866198 seconds (317.32 k allocations: 313.669 MiB)
7530
  0.873218 seconds (310.56 k allocations: 307.389 MiB)
8780
  0.856465 seconds (172.53 k allocations: 173.074 MiB)
30
  0.873659 seconds (243.63 k allocations: 244.993 MiB)
1280
  0.864793 seconds (201.67 k allocations: 203.818 MiB)
3780
  0.867315 seconds (253.07 k allocations: 253.220 MiB)
6281
  0.876175 seconds (476.17 k allocations: 469.360 MiB)
5032
  0.876497 seconds (554.57 k allocations: 549.278 MiB)
2531
  0.868617 seconds (357.03 k allocations: 353.105 MiB)
7531
  0.857610 seconds (253.77 k allocations: 254.495 MiB)
8781
  0.854738 seconds (235.75 k allocations: 236.076 MiB)
31
  0.863717 seconds (268.08 k allocations: 265.995 MiB)
  0.884207 seconds (303.11 k allocations: 301.380 MiB)
1281
3781
  0.861150 seconds (272.24 k allocations: 271.601 MiB)
6282
  0.880251 seconds (461.07 k allocations: 456.134 MiB)
5033
  1.393460 seconds (214.14 k allocations: 208.824 MiB, 32.79% gc time)
  1.496397 seconds (454.51 k allocations: 448.638 MiB, 30.53% gc time)
  1.358323 seconds (138.29 k allocations: 135.004 MiB, 33.63% gc time)
  1.334950 seconds (113.24 k allocations: 109.781 MiB, 34.22% gc time)
1282
7532
8782
2532
  0.857315 seconds (369.11 k allocations: 361.789 MiB)
32
  0.946307 seconds (407.34 k allocations: 399.821 MiB)
6283
  0.947849 seconds (352.18 k allocations: 347.243 MiB)
3782
  0.931613 seconds (214.66 k allocations: 214.617 MiB)
8783
  0.933082 seconds (229.03 k allocations: 227.357 MiB)
  0.963850 seconds (332.26 k allocations: 332.411 MiB)
  0.937277 seconds (244.54 k allocations: 245.585 MiB)
  0.925926 seconds (244.10 k allocations: 245.924 MiB)
1283
5034
7533
2533
  0.872243 seconds (554.57 k allocations: 549.278 MiB)
33
  0.877148 seconds (481.97 k allocations: 475.565 MiB)
6284
  0.870392 seconds (406.20 k allocations: 398.909 MiB)
3783
  0.871764 seconds (247.72 k allocations: 247.481 MiB)
8784
  0.879489 seconds (244.15 k allocations: 243.043 MiB)
1284
  0.867883 seconds (222.52 k allocations: 223.782 MiB)
  0.881552 seconds (246.66 k allocations: 248.465 MiB)
5035
7534
  0.872399 seconds (254.80 k allocations: 256.294 MiB)
2534
  0.866030 seconds (554.57 k allocations: 549.278 MiB)
34
  0.879798 seconds (494.41 k allocations: 487.115 MiB)
6285
  0.864303 seconds (262.62 k allocations: 261.535 MiB)
3784
  0.862993 seconds (211.63 k allocations: 211.707 MiB)
  0.859446 seconds (205.49 k allocations: 204.767 MiB)
1285
7535
  0.888679 seconds (301.20 k allocations: 302.748 MiB)
5036
  0.871664 seconds (254.97 k allocations: 256.263 MiB)
8785
  0.860927 seconds (265.89 k allocations: 266.896 MiB)
2535
  1.249815 seconds (334.34 k allocations: 324.089 MiB, 28.48% gc time)
  1.206978 seconds (211.97 k allocations: 202.890 MiB, 29.49% gc time)
  1.369061 seconds (478.28 k allocations: 470.116 MiB, 26.00% gc time)
3785
6286
35
  0.879292 seconds (277.83 k allocations: 273.287 MiB)
1286
  0.944510 seconds (282.62 k allocations: 279.247 MiB)
2536
  0.945889 seconds (269.11 k allocations: 266.529 MiB)
8786
  0.943455 seconds (261.21 k allocations: 259.175 MiB)
7536
  0.982391 seconds (405.25 k allocations: 402.121 MiB)
5037
  0.927546 seconds (326.22 k allocations: 320.563 MiB)
  0.927591 seconds (326.27 k allocations: 320.597 MiB)
3786
36
  0.933857 seconds (379.24 k allocations: 375.387 MiB)
6287
  0.865179 seconds (554.57 k allocations: 549.278 MiB)
1287
  0.866350 seconds (362.35 k allocations: 358.181 MiB)
2537
  0.870410 seconds (316.83 k allocations: 313.397 MiB)
8787
  0.869327 seconds (298.76 k allocations: 296.316 MiB)
7537
  0.877008 seconds (316.84 k allocations: 313.831 MiB)
5038
  0.861072 seconds (285.69 k allocations: 283.010 MiB)
3787
  0.863184 seconds (298.24 k allocations: 296.441 MiB)
37
  0.863488 seconds (337.91 k allocations: 335.826 MiB)
6288
  0.859325 seconds (554.57 k allocations: 549.278 MiB)
1288
  0.866743 seconds (381.00 k allocations: 376.038 MiB)
2538
  0.864203 seconds (303.43 k allocations: 300.575 MiB)
8788
  0.864284 seconds (292.23 k allocations: 290.071 MiB)
7538
  0.876448 seconds (332.46 k allocations: 328.761 MiB)
5039
  0.847090 seconds (263.05 k allocations: 262.552 MiB)
3788
  0.853336 seconds (350.43 k allocations: 346.381 MiB)
38
  0.867355 seconds (374.61 k allocations: 374.623 MiB)
6289
  1.395218 seconds (506.65 k allocations: 499.759 MiB, 20.14% gc time)
  1.304682 seconds (261.97 k allocations: 257.220 MiB, 21.54% gc time)
  1.290787 seconds (215.09 k allocations: 208.503 MiB, 21.77% gc time)
  1.294166 seconds (222.18 k allocations: 216.490 MiB, 21.71% gc time)
  1.156795 seconds (69.70 k allocations: 66.770 MiB, 24.29% gc time)
5040
1289
8789
2539
7539
  0.870965 seconds (426.15 k allocations: 416.673 MiB)
3789
  0.874969 seconds (171.00 k allocations: 171.202 MiB)
5041
  0.940991 seconds (368.64 k allocations: 363.000 MiB)
39
  0.974491 seconds (493.50 k allocations: 485.124 MiB)
6290
  0.926193 seconds (242.83 k allocations: 243.007 MiB)
2540
  0.936124 seconds (277.37 k allocations: 277.483 MiB)
1290
  0.935979 seconds (289.40 k allocations: 287.983 MiB)
7540
  0.943810 seconds (338.30 k allocations: 337.428 MiB)
8790
  0.861666 seconds (554.57 k allocations: 549.278 MiB)
3790
  0.878700 seconds (505.36 k allocations: 499.330 MiB)
5042
  0.863232 seconds (400.83 k allocations: 395.235 MiB)
40
  0.880381 seconds (356.20 k allocations: 351.283 MiB)
6291
  0.866913 seconds (280.88 k allocations: 280.633 MiB)
2541
  0.882498 seconds (318.84 k allocations: 317.188 MiB)
1291
  0.873911 seconds (301.13 k allocations: 300.436 MiB)
7541
  0.871752 seconds (327.12 k allocations: 326.736 MiB)
8791
  0.892752 seconds (554.57 k allocations: 549.278 MiB)
3791
  0.881554 seconds (487.15 k allocations: 480.677 MiB)
5043
  0.865759 seconds (402.08 k allocations: 395.184 MiB)
41
  0.882407 seconds (311.57 k allocations: 308.585 MiB)
6292
  0.871573 seconds (263.55 k allocations: 262.828 MiB)
2542
  2.052552 seconds (241.16 k allocations: 240.391 MiB, 19.28% gc time)
  2.056997 seconds (249.11 k allocations: 249.208 MiB, 19.24% gc time)
  2.042387 seconds (230.96 k allocations: 229.392 MiB, 19.37% gc time)
  1.253518 seconds (133.95 k allocations: 131.003 MiB, 31.57% gc time)
1292
7542
3792
8792
  0.870304 seconds (428.58 k allocations: 418.681 MiB)
5044
  0.945472 seconds (453.99 k allocations: 444.460 MiB)
42
  0.924160 seconds (168.53 k allocations: 170.269 MiB)
  0.936367 seconds (206.36 k allocations: 209.079 MiB)
2543
6293
  0.925611 seconds (169.59 k allocations: 170.463 MiB)
3793
  0.929916 seconds (180.65 k allocations: 182.491 MiB)
1293
  0.930335 seconds (187.87 k allocations: 190.844 MiB)
7543
  0.933246 seconds (203.85 k allocations: 207.547 MiB)
8793
  0.877149 seconds (554.57 k allocations: 549.278 MiB)
5045
  0.862880 seconds (537.95 k allocations: 529.085 MiB)
43
  0.856830 seconds (193.00 k allocations: 194.894 MiB)
2544
  0.856028 seconds (161.79 k allocations: 162.808 MiB)
7544
  0.862124 seconds (181.29 k allocations: 184.128 MiB)
3794
  0.867968 seconds (208.12 k allocations: 211.218 MiB)
6294
  0.867605 seconds (225.23 k allocations: 227.800 MiB)
8794
  0.869838 seconds (263.51 k allocations: 264.628 MiB)
1294
  0.876134 seconds (554.57 k allocations: 549.278 MiB)
5046
  0.854164 seconds (478.25 k allocations: 469.096 MiB)
44
  0.851490 seconds (218.45 k allocations: 219.273 MiB)
2545
  0.850439 seconds (154.21 k allocations: 153.097 MiB)
3795
  0.874974 seconds (224.23 k allocations: 226.426 MiB)
7545
  0.869074 seconds (193.02 k allocations: 196.765 MiB)
  0.860748 seconds (169.78 k allocations: 172.859 MiB)
6295
8795
  0.871894 seconds (211.45 k allocations: 213.595 MiB)
1295
  1.397578 seconds (389.46 k allocations: 385.158 MiB, 15.30% gc time)
  1.132375 seconds (11.03 k allocations: 13.179 MiB, 18.89% gc time)
5047
6296
  0.860338 seconds (313.87 k allocations: 309.022 MiB)
2546
  0.971299 seconds (374.29 k allocations: 368.224 MiB)
45
  0.944606 seconds (262.45 k allocations: 261.363 MiB)
1296
  0.945101 seconds (247.79 k allocations: 245.098 MiB)
3796
  0.951288 seconds (271.99 k allocations: 269.712 MiB)
8796
  1.007596 seconds (493.00 k allocations: 486.289 MiB)
7546
  0.978660 seconds (475.34 k allocations: 470.812 MiB)
6297
  0.998510 seconds (488.33 k allocations: 485.905 MiB)
5048
  0.874953 seconds (554.57 k allocations: 549.278 MiB)
2547
  0.867774 seconds (389.50 k allocations: 387.036 MiB)
1297
  0.875522 seconds (385.72 k allocations: 383.608 MiB)
46
  0.871925 seconds (364.19 k allocations: 361.780 MiB)
3797
  0.882446 seconds (396.76 k allocations: 393.179 MiB)
8797
  0.876927 seconds (523.40 k allocations: 517.009 MiB)
7547
  0.873778 seconds (479.29 k allocations: 475.807 MiB)
6298
  0.879037 seconds (485.05 k allocations: 481.528 MiB)
5049
  0.887214 seconds (554.57 k allocations: 549.278 MiB)
2548
  0.860703 seconds (404.62 k allocations: 400.273 MiB)
1298
  0.870326 seconds (389.28 k allocations: 387.030 MiB)
47
  0.872720 seconds (375.49 k allocations: 372.596 MiB)
3798
  0.874696 seconds (389.29 k allocations: 386.018 MiB)
8798
  0.859176 seconds (489.25 k allocations: 483.112 MiB)
7548
  0.866868 seconds (475.34 k allocations: 470.812 MiB)
  0.877024 seconds (480.80 k allocations: 477.255 MiB)
5050
6299
  1.529834 seconds (512.75 k allocations: 505.391 MiB, 32.93% gc time)
  1.456484 seconds (325.97 k allocations: 321.122 MiB, 34.59% gc time)
  1.404961 seconds (173.51 k allocations: 171.320 MiB, 35.86% gc time)
  1.396749 seconds (156.98 k allocations: 154.329 MiB, 36.07% gc time)
  1.366006 seconds (126.34 k allocations: 123.815 MiB, 36.88% gc time)
  1.426789 seconds (242.16 k allocations: 238.800 MiB, 35.31% gc time)
1299
3799
2549
8799
48
7549
  0.873972 seconds (465.02 k allocations: 453.578 MiB)
5051
  0.978789 seconds (402.93 k allocations: 395.597 MiB)
6300
  0.925590 seconds (113.38 k allocations: 118.724 MiB)
  0.924370 seconds (108.07 k allocations: 112.574 MiB)
49
1300
  0.930579 seconds (129.54 k allocations: 134.582 MiB)
3800
  0.925731 seconds (148.20 k allocations: 150.203 MiB)
  0.934536 seconds (160.46 k allocations: 164.739 MiB)
8800
2550
  0.931087 seconds (174.45 k allocations: 178.165 MiB)
7550
  0.879144 seconds (554.57 k allocations: 549.278 MiB)
5052
  0.864172 seconds (173.17 k allocations: 174.501 MiB)
1301
  0.876877 seconds (215.35 k allocations: 217.507 MiB)
6301
  0.859820 seconds (122.79 k allocations: 126.707 MiB)
2551
  0.872673 seconds (162.78 k allocations: 167.643 MiB)
3801
  0.869598 seconds (162.85 k allocations: 166.674 MiB)
50
  0.866490 seconds (169.88 k allocations: 172.369 MiB)
8801
  0.870417 seconds (181.97 k allocations: 185.396 MiB)
7551
  0.877953 seconds (554.57 k allocations: 549.278 MiB)
5053
  0.863568 seconds (154.27 k allocations: 156.428 MiB)
1302
  0.884748 seconds (228.24 k allocations: 229.855 MiB)
3802
  0.875071 seconds (151.91 k allocations: 154.575 MiB)
6302
  0.885868 seconds (168.42 k allocations: 170.559 MiB)
  0.861747 seconds (140.20 k allocations: 143.559 MiB)
7552
51
  0.911593 seconds (197.88 k allocations: 202.851 MiB)
8802
  0.890181 seconds (177.62 k allocations: 181.224 MiB)
2552
  1.488109 seconds (271.68 k allocations: 269.988 MiB, 38.60% gc time)
5054
  0.863564 seconds (314.08 k allocations: 309.142 MiB)
1303
  0.941929 seconds (180.28 k allocations: 181.292 MiB)
3803
  0.944194 seconds (166.41 k allocations: 168.236 MiB)
7553
  0.970131 seconds (267.72 k allocations: 269.075 MiB)
6303
  0.942044 seconds (157.09 k allocations: 159.726 MiB)
  0.935208 seconds (147.12 k allocations: 148.954 MiB)
2553
52
  0.949201 seconds (183.09 k allocations: 188.692 MiB)
8803
  0.945422 seconds (310.56 k allocations: 308.434 MiB)
5055
  0.869110 seconds (554.57 k allocations: 549.278 MiB)
1304
  0.870804 seconds (194.16 k allocations: 195.814 MiB)
3804
  0.864658 seconds (142.70 k allocations: 145.544 MiB)
  0.870039 seconds (166.31 k allocations: 170.760 MiB)
7554
  0.864380 seconds (139.81 k allocations: 144.377 MiB)
6304
2554
  0.871885 seconds (177.89 k allocations: 181.071 MiB)
53
  0.865291 seconds (201.29 k allocations: 203.668 MiB)
8804
  0.869491 seconds (257.34 k allocations: 257.493 MiB)
5056
  0.879777 seconds (554.57 k allocations: 549.278 MiB)
1305
  0.880410 seconds (278.51 k allocations: 276.539 MiB)
  0.861629 seconds (157.25 k allocations: 160.647 MiB)
3805
7555
  0.859753 seconds (128.26 k allocations: 129.474 MiB)
54
  0.873585 seconds (172.50 k allocations: 176.939 MiB)
2555
  0.875575 seconds (180.06 k allocations: 184.353 MiB)
6305
  0.876568 seconds (195.92 k allocations: 198.516 MiB)
8805
  0.871639 seconds (301.28 k allocations: 299.543 MiB)
5057
  1.336517 seconds (545.05 k allocations: 538.961 MiB, 22.71% gc time)
  1.219816 seconds (202.84 k allocations: 200.240 MiB, 24.88% gc time)
  1.204428 seconds (130.48 k allocations: 129.754 MiB, 25.20% gc time)
  1.164371 seconds (13.30 k allocations: 12.787 MiB, 26.07% gc time)
  1.176779 seconds (33.34 k allocations: 33.229 MiB, 25.79% gc time)
  1.180358 seconds (40.64 k allocations: 41.424 MiB, 25.71% gc time)
  1.191188 seconds (76.52 k allocations: 76.994 MiB, 25.48% gc time)
3806
7556
6306
2556
8806
55
1306
  0.860794 seconds (523.99 k allocations: 510.017 MiB)
5058
  0.874974 seconds (82.41 k allocations: 83.977 MiB)
  0.878426 seconds (83.74 k allocations: 86.607 MiB)
7557
8807
  0.882067 seconds (102.75 k allocations: 103.846 MiB)
6307
  0.924448 seconds (245.01 k allocations: 241.414 MiB)
56
  0.934308 seconds (272.86 k allocations: 276.837 MiB)
3807
  0.934494 seconds (293.74 k allocations: 292.154 MiB)
  0.936834 seconds (301.96 k allocations: 301.067 MiB)
2557
1307
  0.872545 seconds (554.57 k allocations: 549.278 MiB)
5059
  0.866939 seconds (336.15 k allocations: 331.683 MiB)
8808
  0.864956 seconds (312.42 k allocations: 307.961 MiB)
7558
  0.869774 seconds (331.23 k allocations: 328.610 MiB)
6308
  0.855918 seconds (225.91 k allocations: 225.596 MiB)
3808
  0.866483 seconds (272.48 k allocations: 272.795 MiB)
57
  0.866795 seconds (315.86 k allocations: 312.068 MiB)
2558
  0.872605 seconds (361.02 k allocations: 356.721 MiB)
1308
  0.868823 seconds (554.57 k allocations: 549.278 MiB)
5060
  0.865090 seconds (324.87 k allocations: 319.679 MiB)
7559
  0.868765 seconds (337.58 k allocations: 334.493 MiB)
8809
  0.869329 seconds (327.15 k allocations: 323.478 MiB)
6309
  0.850954 seconds (182.48 k allocations: 184.023 MiB)
2559
  0.862935 seconds (213.85 k allocations: 216.691 MiB)
3809
  0.851837 seconds (198.91 k allocations: 201.380 MiB)
58
  0.863957 seconds (228.35 k allocations: 229.787 MiB)
1309
  1.094904 seconds (379.27 k allocations: 372.948 MiB, 19.87% gc time)
5061
  0.863344 seconds (206.89 k allocations: 206.576 MiB)
7560
  0.878050 seconds (79.22 k allocations: 78.479 MiB)
5062
  0.962903 seconds (238.98 k allocations: 240.136 MiB)
3810
  0.942054 seconds (162.94 k allocations: 163.903 MiB)
  0.941778 seconds (163.56 k allocations: 165.373 MiB)
2560
1310
  0.959009 seconds (222.19 k allocations: 225.902 MiB)
  0.970964 seconds (267.79 k allocations: 272.117 MiB)
6310
8810
  0.949541 seconds (313.38 k allocations: 312.360 MiB)
59
  0.864569 seconds (554.57 k allocations: 549.278 MiB)
7561
  0.861330 seconds (206.39 k allocations: 207.506 MiB)
5063
  0.874632 seconds (191.66 k allocations: 193.610 MiB)
3811
  0.864564 seconds (134.46 k allocations: 135.418 MiB)
6311
  0.871410 seconds (156.53 k allocations: 160.420 MiB)
  0.873225 seconds (164.43 k allocations: 169.351 MiB)
2561
1311
  0.869099 seconds (163.33 k allocations: 167.335 MiB)
8811
  0.861599 seconds (264.77 k allocations: 264.619 MiB)
60
  0.872514 seconds (554.57 k allocations: 549.278 MiB)
7562
  0.869385 seconds (280.07 k allocations: 278.023 MiB)
5064
  0.862303 seconds (142.93 k allocations: 146.980 MiB)
  0.857296 seconds (119.81 k allocations: 121.191 MiB)
3812
2562
  0.870402 seconds (160.98 k allocations: 163.441 MiB)
6312
  0.871506 seconds (169.10 k allocations: 172.667 MiB)
1312
  0.852239 seconds (147.67 k allocations: 151.113 MiB)
61
  0.877803 seconds (241.20 k allocations: 243.275 MiB)
8812
  1.086488 seconds (52.34 k allocations: 50.111 MiB, 19.70% gc time)
  1.200107 seconds (496.74 k allocations: 487.811 MiB, 17.83% gc time)
  1.086586 seconds (52.91 k allocations: 50.665 MiB, 19.70% gc time)
2563
3813
7563
  0.855153 seconds (257.77 k allocations: 252.797 MiB)
5065
  0.961466 seconds (325.98 k allocations: 320.741 MiB)
62
  0.876654 seconds (84.96 k allocations: 85.394 MiB)
3814
  0.973644 seconds (350.52 k allocations: 347.089 MiB)
  0.882819 seconds (101.43 k allocations: 103.599 MiB)
1313
2564
  0.959515 seconds (316.57 k allocations: 314.989 MiB)
8813
  0.969909 seconds (377.04 k allocations: 374.281 MiB)
6313
  0.924919 seconds (397.95 k allocations: 392.060 MiB)
7564
  0.887313 seconds (554.57 k allocations: 549.278 MiB)
5066
  0.863015 seconds (261.04 k allocations: 259.807 MiB)
63
  0.870328 seconds (213.23 k allocations: 214.260 MiB)
  0.862889 seconds (171.70 k allocations: 172.072 MiB)
  0.869381 seconds (185.69 k allocations: 189.460 MiB)
  0.868041 seconds (164.85 k allocations: 168.443 MiB)
3815
2565
1314
8814
  0.876982 seconds (204.01 k allocations: 206.269 MiB)
6314
  0.858588 seconds (203.78 k allocations: 206.260 MiB)
7565
  0.870188 seconds (554.11 k allocations: 547.948 MiB)
5067
  0.879462 seconds (359.13 k allocations: 352.463 MiB)
64
  0.864622 seconds (131.72 k allocations: 132.588 MiB)
8815
  0.870689 seconds (146.24 k allocations: 150.352 MiB)
  0.878230 seconds (188.04 k allocations: 191.870 MiB)
1315
2566
  0.865523 seconds (139.97 k allocations: 143.555 MiB)
7566
  0.873580 seconds (161.95 k allocations: 167.229 MiB)
6315
  0.879196 seconds (341.80 k allocations: 338.321 MiB)
3816
  1.372788 seconds (80.86 k allocations: 79.842 MiB, 35.89% gc time)
  1.377715 seconds (100.84 k allocations: 100.207 MiB, 35.76% gc time)
  1.357666 seconds (32.45 k allocations: 32.296 MiB, 36.29% gc time)
  1.461105 seconds (503.64 k allocations: 495.382 MiB, 33.72% gc time)
  1.351594 seconds (24.90 k allocations: 24.123 MiB, 36.45% gc time)
6316
8816
5068
65
1316
  0.860412 seconds (399.62 k allocations: 390.992 MiB)
7567
  0.966239 seconds (397.80 k allocations: 390.689 MiB)
  0.955500 seconds (348.36 k allocations: 343.527 MiB)
2567
3817
  0.921322 seconds (164.34 k allocations: 167.679 MiB)
66
  0.932728 seconds (208.16 k allocations: 209.838 MiB)
5069
  0.925728 seconds (207.90 k allocations: 207.335 MiB)
6317
  0.936698 seconds (255.23 k allocations: 256.500 MiB)
1317
  0.936349 seconds (301.50 k allocations: 299.754 MiB)
8817
  0.860918 seconds (554.57 k allocations: 549.278 MiB)
7568
  0.869747 seconds (315.55 k allocations: 310.764 MiB)
3818
  0.872338 seconds (316.50 k allocations: 313.090 MiB)
2568
  0.855843 seconds (158.49 k allocations: 160.849 MiB)
67
  0.869604 seconds (200.34 k allocations: 202.331 MiB)
5070
  0.869143 seconds (202.21 k allocations: 204.350 MiB)
6318
  0.878014 seconds (284.80 k allocations: 283.581 MiB)
  0.869375 seconds (278.56 k allocations: 277.144 MiB)
1318
8818
  0.876546 seconds (554.57 k allocations: 549.278 MiB)
7569
  0.860473 seconds (310.88 k allocations: 307.507 MiB)
2569
  0.858061 seconds (236.80 k allocations: 235.606 MiB)
68
  0.872212 seconds (276.14 k allocations: 275.906 MiB)
3819
  0.870749 seconds (253.27 k allocations: 252.973 MiB)
6319
  0.867821 seconds (248.42 k allocations: 248.550 MiB)
5071
  0.871282 seconds (265.42 k allocations: 265.027 MiB)
1319
  0.865481 seconds (277.27 k allocations: 276.585 MiB)
8819
  1.096500 seconds (212.81 k allocations: 203.693 MiB, 20.54% gc time)  1.092047 seconds (205.56 k allocations: 196.724 MiB, 20.62% gc time)

  1.261994 seconds (486.08 k allocations: 477.634 MiB, 17.84% gc time)
3820
2570
7570
  0.874906 seconds (268.44 k allocations: 265.582 MiB)
1320
  0.880403 seconds (87.50 k allocations: 88.850 MiB)
3821
  0.879337 seconds (86.11 k allocations: 86.492 MiB)
2571
  0.969205 seconds (307.89 k allocations: 305.065 MiB)
69
  0.963130 seconds (293.13 k allocations: 291.087 MiB)
8820
  0.985487 seconds (396.27 k allocations: 392.493 MiB)
5072
  0.997101 seconds (444.83 k allocations: 442.827 MiB)
6320
  0.929556 seconds (363.37 k allocations: 358.966 MiB)
7571
  0.861787 seconds (554.57 k allocations: 549.278 MiB)
1321
  0.860786 seconds (292.63 k allocations: 290.034 MiB)
3822
  0.866539 seconds (232.64 k allocations: 231.615 MiB)
8821
  0.877822 seconds (282.97 k allocations: 282.433 MiB)
2572
  0.865382 seconds (221.75 k allocations: 222.833 MiB)
70
  0.862267 seconds (234.19 k allocations: 234.940 MiB)
6321
  0.877590 seconds (365.90 k allocations: 362.405 MiB)
5073
  0.880828 seconds (437.12 k allocations: 431.996 MiB)
7572
  0.871679 seconds (554.57 k allocations: 549.278 MiB)
1322
  0.870859 seconds (395.79 k allocations: 391.611 MiB)
3823
  0.858027 seconds (299.20 k allocations: 297.970 MiB)
8822
  0.848360 seconds (241.46 k allocations: 240.265 MiB)
71
  0.871313 seconds (328.76 k allocations: 325.225 MiB)
2573
  0.871327 seconds (353.74 k allocations: 349.335 MiB)
6322
  1.908247 seconds (348.40 k allocations: 344.420 MiB, 10.72% gc time)
  1.168570 seconds (269.34 k allocations: 266.131 MiB, 17.51% gc time)
  1.911630 seconds (350.56 k allocations: 347.706 MiB, 10.70% gc time)
1323
5074
7573
  1.061378 seconds (972 allocations: 966.562 KiB, 19.28% gc time)
8823
  0.879068 seconds (425.89 k allocations: 410.559 MiB, 4.04% compilation time)
3824
  0.957102 seconds (505.51 k allocations: 489.413 MiB, 3.71% compilation time)
72
  0.870641 seconds (133.46 k allocations: 134.241 MiB)
1324
  0.871189 seconds (178.76 k allocations: 176.578 MiB)
8824
  0.939909 seconds (357.93 k allocations: 354.380 MiB)
  0.944871 seconds (377.80 k allocations: 374.744 MiB)
6323
2574
  0.942111 seconds (392.90 k allocations: 390.699 MiB)
5075
  0.959143 seconds (498.51 k allocations: 493.176 MiB)
7574
  0.872319 seconds (554.57 k allocations: 549.279 MiB)
3825
  0.864436 seconds (451.92 k allocations: 445.318 MiB)
73
  0.860788 seconds (405.63 k allocations: 401.237 MiB)
1325
  0.873195 seconds (365.98 k allocations: 360.710 MiB)
8825
  0.864436 seconds (322.83 k allocations: 318.301 MiB)
6324
  0.868922 seconds (345.40 k allocations: 342.599 MiB)
2575
  0.859880 seconds (410.97 k allocations: 405.544 MiB)
7575
  0.875159 seconds (455.55 k allocations: 450.841 MiB)
5076
  0.869157 seconds (554.57 k allocations: 549.278 MiB)
3826
  0.855611 seconds (463.58 k allocations: 456.698 MiB)
74
  0.858425 seconds (437.01 k allocations: 431.267 MiB)
1326
  0.870119 seconds (346.45 k allocations: 341.955 MiB)
8826
  0.869832 seconds (338.30 k allocations: 334.359 MiB)
6325
  0.867907 seconds (335.53 k allocations: 331.927 MiB)
2576
  1.921603 seconds (292.62 k allocations: 292.278 MiB, 13.16% gc time)
  1.187646 seconds (200.64 k allocations: 198.954 MiB, 21.30% gc time)
  1.914506 seconds (289.12 k allocations: 287.665 MiB, 13.21% gc time)
  1.106583 seconds (5.35 k allocations: 5.299 MiB, 22.86% gc time)
3827
7576
5077
75
  0.867987 seconds (457.38 k allocations: 446.279 MiB)
1327
  0.870822 seconds (81.35 k allocations: 81.739 MiB)
76
  0.878327 seconds (89.11 k allocations: 90.590 MiB)
3828
  0.932654 seconds (236.44 k allocations: 236.692 MiB)
2577
  0.950155 seconds (305.52 k allocations: 305.415 MiB)
8827
  0.953773 seconds (320.84 k allocations: 322.752 MiB)
6326
  0.940036 seconds (276.73 k allocations: 277.085 MiB)
5078
  0.939779 seconds (302.88 k allocations: 303.536 MiB)
7577
  0.869569 seconds (554.57 k allocations: 549.278 MiB)
1328
  0.871039 seconds (461.77 k allocations: 456.049 MiB)
77
  0.873066 seconds (423.33 k allocations: 416.746 MiB)
3829
  0.870062 seconds (252.07 k allocations: 251.644 MiB)
2578
  0.868391 seconds (237.65 k allocations: 238.050 MiB)
8828
  0.872299 seconds (252.83 k allocations: 252.801 MiB)
  0.867317 seconds (242.94 k allocations: 242.558 MiB)
5079
7578
  0.882826 seconds (346.40 k allocations: 343.942 MiB)
6327
  0.875082 seconds (554.57 k allocations: 549.278 MiB)
1329
  0.861979 seconds (425.33 k allocations: 417.237 MiB)
78
  0.879056 seconds (370.36 k allocations: 364.632 MiB)
3830
  0.876910 seconds (218.46 k allocations: 218.257 MiB)
  0.883333 seconds (233.32 k allocations: 235.071 MiB)
5080
8829
  0.866250 seconds (188.82 k allocations: 189.072 MiB)
  0.870091 seconds (190.17 k allocations: 190.471 MiB)
2579
7579
  0.887703 seconds (220.60 k allocations: 223.558 MiB)
6328
  1.286060 seconds (277.52 k allocations: 274.154 MiB, 32.40% gc time)
1330
  0.881518 seconds (312.34 k allocations: 307.522 MiB)
79
  0.960971 seconds (346.74 k allocations: 341.842 MiB)
3831
  0.942091 seconds (173.57 k allocations: 175.088 MiB)
5081
  0.960305 seconds (221.28 k allocations: 222.175 MiB)
8830
  0.954672 seconds (204.11 k allocations: 205.939 MiB)
2580
  0.925256 seconds (193.94 k allocations: 193.981 MiB)
1331
  0.962976 seconds (288.11 k allocations: 287.982 MiB)
7580
  0.968422 seconds (302.89 k allocations: 304.754 MiB)
6329
  0.870073 seconds (554.57 k allocations: 549.278 MiB)
80
  0.873872 seconds (456.35 k allocations: 449.567 MiB)
3832
  0.849278 seconds (124.93 k allocations: 124.866 MiB)
  0.870571 seconds (182.89 k allocations: 185.383 MiB)
  0.868466 seconds (173.40 k allocations: 175.455 MiB)
7581
2581
8831
  0.870016 seconds (185.68 k allocations: 188.526 MiB)
1332
  0.872327 seconds (272.02 k allocations: 270.117 MiB)
6330
  1.080961 seconds (714.18 k allocations: 708.135 MiB)
5082
  0.869206 seconds (554.57 k allocations: 549.278 MiB)
81
  0.884526 seconds (409.65 k allocations: 403.444 MiB)
3833
  0.862311 seconds (219.68 k allocations: 219.411 MiB)
7582
  0.866116 seconds (228.40 k allocations: 229.201 MiB)
2582
  0.868947 seconds (240.92 k allocations: 242.592 MiB)
8832
  0.868380 seconds (284.50 k allocations: 284.530 MiB)
  0.864516 seconds (282.88 k allocations: 281.919 MiB)
1333
6331
  1.246939 seconds (189.01 k allocations: 184.567 MiB, 27.25% gc time)
  1.233580 seconds (124.99 k allocations: 122.082 MiB, 27.54% gc time)
  1.950101 seconds (541.98 k allocations: 534.787 MiB, 17.42% gc time)
  1.368406 seconds (462.92 k allocations: 456.455 MiB, 24.83% gc time)
  1.209502 seconds (39.13 k allocations: 38.589 MiB, 28.09% gc time)
  1.205111 seconds (29.49 k allocations: 28.347 MiB, 28.19% gc time)
82
8833
5083
3834
2583
7583
  0.851652 seconds (453.42 k allocations: 441.255 MiB)
1334
  0.965324 seconds (536.98 k allocations: 523.860 MiB)
6332
  0.931018 seconds (157.22 k allocations: 156.988 MiB)
83
  0.933262 seconds (164.86 k allocations: 165.743 MiB)
  0.936022 seconds (168.23 k allocations: 170.340 MiB)
2584
3835
  0.942117 seconds (186.04 k allocations: 190.106 MiB)
  0.940897 seconds (188.64 k allocations: 192.722 MiB)
5084
7584
  0.943142 seconds (230.30 k allocations: 232.851 MiB)
8834
  0.863788 seconds (554.57 k allocations: 549.278 MiB)
1335
  0.866991 seconds (548.50 k allocations: 542.039 MiB)
6333
  0.867905 seconds (192.67 k allocations: 194.589 MiB)
2585
  0.872396 seconds (200.00 k allocations: 203.025 MiB)
3836
  0.857791 seconds (164.42 k allocations: 165.517 MiB)
8835
  0.869594 seconds (184.52 k allocations: 188.630 MiB)
5085
  0.866536 seconds (188.74 k allocations: 192.871 MiB)
  0.871297 seconds (199.02 k allocations: 204.374 MiB)
7585
84
  0.861732 seconds (554.57 k allocations: 549.278 MiB)
1336
  0.874699 seconds (554.57 k allocations: 549.278 MiB)
6334
  0.862941 seconds (188.77 k allocations: 187.182 MiB)
2586
  0.866927 seconds (194.41 k allocations: 194.012 MiB)
  0.869750 seconds (200.58 k allocations: 202.176 MiB)
  0.870300 seconds (201.83 k allocations: 205.542 MiB)
5086
8836
3837
  0.865269 seconds (207.38 k allocations: 210.715 MiB)
7586
  0.862701 seconds (252.39 k allocations: 253.989 MiB)
85
  1.168719 seconds (313.26 k allocations: 311.023 MiB, 13.97% gc time)
  1.036700 seconds (222.23 k allocations: 215.513 MiB, 15.74% gc time)
6335
1337
  0.865554 seconds (357.53 k allocations: 350.721 MiB)
3838
  0.872084 seconds (79.22 k allocations: 78.479 MiB)
1338
  0.879241 seconds (84.33 k allocations: 84.797 MiB)
6336
  0.954390 seconds (309.10 k allocations: 308.664 MiB)
8837
  0.945684 seconds (263.08 k allocations: 264.808 MiB)
5087
  0.938959 seconds (250.54 k allocations: 251.802 MiB)
7587
  0.947822 seconds (286.58 k allocations: 288.978 MiB)
2587
  0.934289 seconds (263.83 k allocations: 266.163 MiB)
86
  0.871164 seconds (554.57 k allocations: 549.278 MiB)
3839
  0.862525 seconds (304.22 k allocations: 301.140 MiB)
1339
  0.880711 seconds (284.58 k allocations: 282.535 MiB)
6337
  0.871212 seconds (181.25 k allocations: 182.651 MiB)
  0.877024 seconds (208.41 k allocations: 210.133 MiB)
  0.858711 seconds (147.16 k allocations: 149.111 MiB)
5088
8838
87
  0.867998 seconds (172.55 k allocations: 177.382 MiB)
7588
  0.876603 seconds (259.88 k allocations: 259.933 MiB)
2588
  0.881659 seconds (554.57 k allocations: 549.278 MiB)
3840
  0.872948 seconds (329.53 k allocations: 325.361 MiB)
1340
  0.860664 seconds (129.39 k allocations: 130.359 MiB)
7589
  0.873543 seconds (163.71 k allocations: 167.076 MiB)
5089
  0.894506 seconds (268.19 k allocations: 269.726 MiB)
  0.872837 seconds (164.44 k allocations: 166.660 MiB)
  0.876586 seconds (172.26 k allocations: 177.006 MiB)
6338
88
8839
  0.890482 seconds (345.89 k allocations: 342.245 MiB)
2589
  1.265281 seconds (362.93 k allocations: 358.534 MiB, 21.30% gc time)
  1.137856 seconds (4.89 k allocations: 4.718 MiB, 23.69% gc time)
3841
5090
  0.861094 seconds (308.42 k allocations: 302.503 MiB)
1341
  0.878082 seconds (93.71 k allocations: 93.559 MiB)
5091
  0.978406 seconds (394.69 k allocations: 389.137 MiB)
89
  0.938959 seconds (228.55 k allocations: 229.136 MiB)
8840
  0.977748 seconds (364.67 k allocations: 362.049 MiB)
7590
  0.945070 seconds (264.93 k allocations: 265.558 MiB)
6339
  0.943210 seconds (314.77 k allocations: 313.475 MiB)
2590
  0.929370 seconds (340.91 k allocations: 338.690 MiB)
3842
  0.861785 seconds (554.57 k allocations: 549.278 MiB)
1342
  0.860324 seconds (198.02 k allocations: 197.064 MiB)
8841
  0.863734 seconds (202.66 k allocations: 202.928 MiB)
90
  0.865920 seconds (193.72 k allocations: 194.571 MiB)
7591
  0.870213 seconds (216.12 k allocations: 216.216 MiB)
6340
  0.866302 seconds (281.54 k allocations: 279.020 MiB)
2591
  0.873439 seconds (332.20 k allocations: 327.727 MiB)
3843
  1.075681 seconds (871.23 k allocations: 861.078 MiB)
5092
  0.860971 seconds (554.57 k allocations: 549.278 MiB)
1343
  0.872240 seconds (359.37 k allocations: 355.343 MiB)
91
  0.867704 seconds (327.95 k allocations: 325.413 MiB)
8842
  0.869683 seconds (286.98 k allocations: 286.473 MiB)
6341
  0.870160 seconds (287.59 k allocations: 287.260 MiB)
7592
  0.866771 seconds (323.63 k allocations: 321.952 MiB)
2592
  0.873589 seconds (403.64 k allocations: 398.739 MiB)
3844
  1.277205 seconds (465.91 k allocations: 460.565 MiB, 16.59% gc time)
  1.878452 seconds (545.22 k allocations: 539.096 MiB, 11.28% gc time)
  1.109919 seconds (74.47 k allocations: 72.490 MiB, 19.09% gc time)
  1.123119 seconds (120.42 k allocations: 120.203 MiB, 18.87% gc time)
  1.115072 seconds (88.54 k allocations: 87.357 MiB, 19.00% gc time)
  1.119204 seconds (103.04 k allocations: 102.667 MiB, 18.93% gc time)
  1.075563 seconds (15.55 k allocations: 15.317 MiB, 19.70% gc time)
7593
6342
92
8843
5093
2593
1344
  0.855365 seconds (527.40 k allocations: 513.258 MiB)
3845
  0.871738 seconds (84.28 k allocations: 85.759 MiB)
7594
  0.871563 seconds (82.20 k allocations: 83.984 MiB)
8844
  0.879612 seconds (96.98 k allocations: 101.994 MiB)
93
  0.880362 seconds (101.30 k allocations: 106.320 MiB)
6343
  0.879718 seconds (122.11 k allocations: 125.228 MiB)
2594
  0.913671 seconds (284.58 k allocations: 289.492 MiB)
5094
  0.923156 seconds (414.42 k allocations: 407.471 MiB)
1345
  0.864228 seconds (554.40 k allocations: 548.764 MiB)
3846
  0.858378 seconds (236.02 k allocations: 235.865 MiB)
7595
  0.856708 seconds (188.38 k allocations: 189.275 MiB)
8845
  0.857297 seconds (179.80 k allocations: 180.019 MiB)
2595
  0.867605 seconds (218.59 k allocations: 221.022 MiB)
94
  0.867877 seconds (221.41 k allocations: 223.939 MiB)
6344
  0.862912 seconds (393.96 k allocations: 386.818 MiB)
1346
  1.037548 seconds (580.30 k allocations: 575.126 MiB)
5095
  0.869494 seconds (554.57 k allocations: 549.278 MiB)
3847
  0.865877 seconds (296.03 k allocations: 294.696 MiB)
7596
  0.867725 seconds (267.93 k allocations: 268.053 MiB)
  0.860536 seconds (231.17 k allocations: 232.086 MiB)
8846
95
  0.861939 seconds (233.69 k allocations: 235.672 MiB)
2596
  0.869334 seconds (260.06 k allocations: 261.129 MiB)
6345
  0.861637 seconds (268.45 k allocations: 269.362 MiB)
1347
  0.868962 seconds (351.61 k allocations: 347.683 MiB)
5096
  1.048065 seconds (304.54 k allocations: 301.457 MiB, 16.20% gc time)
3848
  0.866881 seconds (284.36 k allocations: 280.760 MiB)
8847
  0.892014 seconds (163.91 k allocations: 163.186 MiB)
96
  0.956518 seconds (276.14 k allocations: 275.695 MiB)
2597
  0.966207 seconds (275.01 k allocations: 273.590 MiB)
  0.972432 seconds (293.59 k allocations: 293.980 MiB)
1348
7597
  0.932637 seconds (216.97 k allocations: 217.234 MiB)
5097
  0.965633 seconds (294.32 k allocations: 295.139 MiB)
6346
  0.929744 seconds (333.00 k allocations: 331.142 MiB)
3849
  0.868626 seconds (554.57 k allocations: 549.278 MiB)
8848
  0.864601 seconds (489.60 k allocations: 480.271 MiB)
97
  0.867128 seconds (313.37 k allocations: 310.102 MiB)
2598
  0.861693 seconds (209.99 k allocations: 208.913 MiB)
5098
  0.867547 seconds (229.34 k allocations: 228.882 MiB)
7598
  0.870807 seconds (243.62 k allocations: 246.397 MiB)
1349
  0.863095 seconds (232.54 k allocations: 234.802 MiB)
6347
  0.866442 seconds (318.40 k allocations: 317.154 MiB)
3850
  0.867144 seconds (554.57 k allocations: 549.278 MiB)
8849
  0.880104 seconds (501.40 k allocations: 492.702 MiB)
98
  0.864165 seconds (295.28 k allocations: 292.783 MiB)
2599
  0.866594 seconds (217.55 k allocations: 217.402 MiB)
7599
  0.852585 seconds (182.11 k allocations: 182.453 MiB)
  0.870437 seconds (230.85 k allocations: 231.743 MiB)
6348
5099
  0.868435 seconds (238.33 k allocations: 240.340 MiB)
1350
  0.856427 seconds (248.29 k allocations: 248.849 MiB)
3851
  1.204718 seconds (524.62 k allocations: 515.712 MiB, 17.68% gc time)
  1.085683 seconds (161.09 k allocations: 155.375 MiB, 19.61% gc time)
  1.104131 seconds (300.75 k allocations: 290.203 MiB, 19.29% gc time)
8850
2600
99
  0.871781 seconds (256.54 k allocations: 251.631 MiB)
5100
  0.877438 seconds (79.23 k allocations: 78.479 MiB)
  0.877697 seconds (79.95 k allocations: 80.554 MiB)
8851
  0.972047 seconds (331.30 k allocations: 328.639 MiB)
2601
  0.879452 seconds (85.72 k allocations: 88.925 MiB)
100
  0.963504 seconds (304.56 k allocations: 304.700 MiB)
6349
  0.982259 seconds (366.49 k allocations: 373.326 MiB)
1351
7600
  0.951726 seconds (282.46 k allocations: 285.226 MiB)
3852
  0.883780 seconds (554.57 k allocations: 549.278 MiB)
5101
  0.860561 seconds (99.87 k allocations: 104.359 MiB)
2602
  0.865080 seconds (103.67 k allocations: 109.420 MiB)
8852
  0.865150 seconds (94.99 k allocations: 100.085 MiB)
101
  0.867269 seconds (104.49 k allocations: 108.170 MiB)
  0.866596 seconds (105.69 k allocations: 108.743 MiB)
7601
6350
  0.871654 seconds (136.85 k allocations: 140.767 MiB)
1352
  0.874133 seconds (165.76 k allocations: 169.870 MiB)
3853
  0.872242 seconds (554.57 k allocations: 549.278 MiB)
5102
  0.858226 seconds (141.05 k allocations: 143.781 MiB)
2603
  0.859163 seconds (122.51 k allocations: 126.244 MiB)
8853
  0.856865 seconds (102.76 k allocations: 106.319 MiB)
7602
  0.865873 seconds (141.78 k allocations: 145.082 MiB)
6351
  0.862609 seconds (148.49 k allocations: 150.477 MiB)
3854
  0.868056 seconds (166.14 k allocations: 169.999 MiB)
1353
  0.860850 seconds (230.76 k allocations: 232.066 MiB)
102
  1.044762 seconds (7.45 k allocations: 7.142 MiB, 17.93% gc time)
  1.083086 seconds (251.05 k allocations: 241.535 MiB, 17.29% gc time)
5103
7603
  0.874655 seconds (251.59 k allocations: 249.335 MiB)
8854
  0.870744 seconds (79.22 k allocations: 78.479 MiB)
5104
  0.877572 seconds (85.55 k allocations: 85.953 MiB)
  0.951792 seconds (272.53 k allocations: 272.070 MiB)
7604
3855
  0.952451 seconds (276.87 k allocations: 276.794 MiB)
1354
  0.969517 seconds (343.91 k allocations: 344.825 MiB)
6352
  0.956172 seconds (329.12 k allocations: 328.434 MiB)
2604
  0.932099 seconds (366.36 k allocations: 364.281 MiB)
103
  0.864247 seconds (554.57 k allocations: 549.278 MiB)
8855
  0.868700 seconds (206.57 k allocations: 207.666 MiB)
5105
  0.866516 seconds (176.32 k allocations: 177.718 MiB)
3856
  0.870509 seconds (187.55 k allocations: 189.882 MiB)
7605
  0.865369 seconds (161.03 k allocations: 163.498 MiB)
  0.870845 seconds (180.52 k allocations: 184.728 MiB)
6353
1355
  0.871949 seconds (238.48 k allocations: 239.241 MiB)
2605
  0.856798 seconds (245.04 k allocations: 245.729 MiB)
104
  0.865173 seconds (554.57 k allocations: 549.278 MiB)
8856
  0.861860 seconds (179.32 k allocations: 180.387 MiB)
  0.859429 seconds (161.27 k allocations: 163.274 MiB)
3857
7606
  0.866709 seconds (192.01 k allocations: 195.360 MiB)
5106
  0.864076 seconds (159.73 k allocations: 162.254 MiB)
  0.863400 seconds (158.22 k allocations: 161.193 MiB)
6354
1356
  0.859902 seconds (204.05 k allocations: 205.080 MiB)
105
  0.867625 seconds (219.58 k allocations: 222.604 MiB)
2606
  1.081888 seconds (73.98 k allocations: 73.263 MiB, 17.71% gc time)
  1.189728 seconds (530.20 k allocations: 523.507 MiB, 16.11% gc time)
  1.096671 seconds (152.99 k allocations: 151.314 MiB, 17.47% gc time)
  1.081005 seconds (71.19 k allocations: 70.543 MiB, 17.73% gc time)
  1.059991 seconds (15.46 k allocations: 14.850 MiB, 18.08% gc time)
  1.065301 seconds (23.79 k allocations: 24.480 MiB, 17.99% gc time)
6355
3858
1357
8857
2607
106
  0.871075 seconds (458.45 k allocations: 447.310 MiB)
7607
  0.870709 seconds (79.23 k allocations: 78.479 MiB)
  0.870400 seconds (79.35 k allocations: 78.747 MiB)
107
8858
  0.872757 seconds (82.03 k allocations: 84.019 MiB)
6356
  0.878755 seconds (105.83 k allocations: 108.222 MiB)
1358
  0.881000 seconds (114.72 k allocations: 118.142 MiB)
  0.879456 seconds (118.34 k allocations: 122.723 MiB)
2608
3859
  0.975220 seconds (641.92 k allocations: 632.852 MiB)
5107
  0.879618 seconds (554.57 k allocations: 549.278 MiB)
7608
  0.858537 seconds (148.39 k allocations: 150.764 MiB)
8859
  0.865030 seconds (155.74 k allocations: 159.274 MiB)
108
  0.864413 seconds (145.93 k allocations: 150.063 MiB)
6357
  0.862988 seconds (134.37 k allocations: 136.768 MiB)
1359
  0.866779 seconds (151.89 k allocations: 156.196 MiB)
2609
  0.873452 seconds (202.09 k allocations: 204.403 MiB)
3860
  0.863244 seconds (233.94 k allocations: 235.127 MiB)
5108
  0.868819 seconds (554.57 k allocations: 549.278 MiB)
7609
  0.854271 seconds (225.08 k allocations: 224.193 MiB)
8860
  0.866362 seconds (192.77 k allocations: 194.695 MiB)
6358
  0.850684 seconds (125.29 k allocations: 125.419 MiB)
109
  0.871760 seconds (188.34 k allocations: 192.078 MiB)
1360
  0.876020 seconds (198.16 k allocations: 201.682 MiB)
2610
  0.869855 seconds (199.77 k allocations: 200.972 MiB)
  0.878502 seconds (213.43 k allocations: 217.874 MiB)
5109
3861
  1.134227 seconds (256.53 k allocations: 255.326 MiB, 18.04% gc time)
7610
  0.869867 seconds (389.67 k allocations: 382.903 MiB)
8861
  0.939213 seconds (162.25 k allocations: 160.375 MiB)
  0.942050 seconds (165.03 k allocations: 164.345 MiB)
2611
5110
  0.944637 seconds (172.14 k allocations: 172.691 MiB)
3862
  0.954566 seconds (200.86 k allocations: 204.041 MiB)
1361
  0.945122 seconds (370.81 k allocations: 364.456 MiB)
110
  1.009477 seconds (484.82 k allocations: 481.099 MiB)
6359
  0.918014 seconds (471.51 k allocations: 467.352 MiB)
7611
  0.890824 seconds (554.57 k allocations: 549.278 MiB)
8862
  0.866707 seconds (327.02 k allocations: 324.355 MiB)
5111
  0.870615 seconds (307.41 k allocations: 304.603 MiB)
3863
  0.877301 seconds (333.00 k allocations: 331.726 MiB)
2612
  0.869103 seconds (299.21 k allocations: 298.374 MiB)
1362
  0.856441 seconds (306.46 k allocations: 304.087 MiB)
111
  0.869417 seconds (408.41 k allocations: 403.077 MiB)
6360
  0.862930 seconds (467.49 k allocations: 463.498 MiB)
7612
  0.867636 seconds (554.57 k allocations: 549.278 MiB)
8863
  0.867321 seconds (343.78 k allocations: 341.843 MiB)
5112
  0.859557 seconds (270.29 k allocations: 267.838 MiB)
  0.862966 seconds (283.24 k allocations: 283.560 MiB)
2613
3864
  0.878099 seconds (342.64 k allocations: 339.948 MiB)
1363
  0.850684 seconds (249.70 k allocations: 249.781 MiB)
112
  0.870109 seconds (429.96 k allocations: 422.490 MiB)
6361
  0.856947 seconds (450.67 k allocations: 446.184 MiB)
7613
  1.285475 seconds (545.11 k allocations: 539.020 MiB, 19.04% gc time)
  1.166247 seconds (200.61 k allocations: 198.322 MiB, 20.98% gc time)
  1.165625 seconds (197.37 k allocations: 195.174 MiB, 21.00% gc time)
  1.146632 seconds (105.80 k allocations: 103.831 MiB, 21.34% gc time)
  1.108108 seconds (20.77 k allocations: 20.069 MiB, 22.08% gc time)
  1.161461 seconds (178.95 k allocations: 176.722 MiB, 21.07% gc time)
  1.143449 seconds (96.84 k allocations: 95.501 MiB, 21.40% gc time)
6362
3865
5113
8864
2614
1364
113
  0.848104 seconds (524.59 k allocations: 510.641 MiB)
7614
  0.876425 seconds (153.09 k allocations: 151.619 MiB)
2615
  0.881641 seconds (157.98 k allocations: 157.723 MiB)
  0.882526 seconds (159.84 k allocations: 160.896 MiB)
5114
3866
  0.922131 seconds (321.68 k allocations: 317.238 MiB)
6363
  0.931183 seconds (350.87 k allocations: 349.048 MiB)
8865
  1.212805 seconds (475.35 k allocations: 470.812 MiB)
114
  1.248149 seconds (510.86 k allocations: 507.455 MiB)
1365
  0.856765 seconds (554.57 k allocations: 549.278 MiB)
7615
  0.863843 seconds (355.51 k allocations: 350.624 MiB)
3867
  0.869499 seconds (362.15 k allocations: 358.396 MiB)
5115
  0.875555 seconds (380.16 k allocations: 379.514 MiB)
2616
  0.868441 seconds (409.99 k allocations: 405.821 MiB)
8866
  0.944849 seconds (554.57 k allocations: 549.278 MiB)
6364
  0.873199 seconds (497.33 k allocations: 493.072 MiB)
115
  0.867278 seconds (488.31 k allocations: 484.655 MiB)
1366
  0.868742 seconds (554.57 k allocations: 549.278 MiB)
7616
  0.865771 seconds (392.92 k allocations: 389.086 MiB)
5116
  0.863818 seconds (379.13 k allocations: 377.327 MiB)
3868
  0.876631 seconds (402.40 k allocations: 399.782 MiB)
2617
  0.865791 seconds (455.50 k allocations: 449.365 MiB)
8867
  2.103418 seconds (439.81 k allocations: 434.552 MiB, 23.92% gc time)
  1.365956 seconds (194.69 k allocations: 189.242 MiB, 36.83% gc time)
  1.775482 seconds (281.52 k allocations: 277.773 MiB, 28.34% gc time)
  1.789786 seconds (292.13 k allocations: 289.139 MiB, 28.11% gc time)
7617
6365
1367
116
  0.865241 seconds (386.99 k allocations: 378.908 MiB)
3869
  0.978506 seconds (406.19 k allocations: 398.714 MiB)
5117
  0.955575 seconds (295.78 k allocations: 293.266 MiB)
2618
  0.926437 seconds (157.91 k allocations: 161.503 MiB)
8868
  0.932121 seconds (182.69 k allocations: 182.985 MiB)
117
  0.930061 seconds (190.56 k allocations: 190.740 MiB)
7618
  0.938974 seconds (231.26 k allocations: 231.127 MiB)
6366
  0.941464 seconds (242.91 k allocations: 243.677 MiB)
1368
  0.868782 seconds (554.57 k allocations: 549.278 MiB)
3870
  0.868902 seconds (288.39 k allocations: 285.990 MiB)
5118
  0.867982 seconds (259.59 k allocations: 258.637 MiB)
2619
  0.862002 seconds (210.62 k allocations: 211.982 MiB)
8869
  0.854518 seconds (155.25 k allocations: 157.965 MiB)
7619
  0.862412 seconds (184.41 k allocations: 188.544 MiB)
118
  0.869374 seconds (252.23 k allocations: 251.174 MiB)
1369
  0.872204 seconds (283.21 k allocations: 282.262 MiB)
6367
  0.879413 seconds (554.57 k allocations: 549.278 MiB)
3871
  0.875412 seconds (195.42 k allocations: 195.802 MiB)
5119
  0.877088 seconds (168.83 k allocations: 170.584 MiB)
  0.873138 seconds (147.42 k allocations: 149.647 MiB)
8870
119
  0.865695 seconds (115.16 k allocations: 119.604 MiB)
  0.900350 seconds (276.55 k allocations: 279.808 MiB)
7620
2620
  0.886252 seconds (185.26 k allocations: 188.334 MiB)
1370
  0.888502 seconds (217.63 k allocations: 219.513 MiB)
6368
  1.741843 seconds (433.72 k allocations: 428.724 MiB, 39.06% gc time)
  1.569246 seconds (115.99 k allocations: 112.199 MiB, 43.36% gc time)
  1.550778 seconds (83.26 k allocations: 79.675 MiB, 43.87% gc time)
  1.594006 seconds (194.31 k allocations: 188.625 MiB, 42.69% gc time)
2621
8871
5120
3872
  0.859521 seconds (392.79 k allocations: 384.447 MiB)
7621
  0.954886 seconds (283.55 k allocations: 281.352 MiB)
120
  0.949964 seconds (231.26 k allocations: 230.306 MiB)
  0.955284 seconds (248.50 k allocations: 249.420 MiB)
6369
1371
  0.928443 seconds (170.66 k allocations: 170.271 MiB)
3873
  0.933288 seconds (179.16 k allocations: 182.285 MiB)
2622
  0.933315 seconds (195.65 k allocations: 197.048 MiB)
  0.936797 seconds (197.78 k allocations: 201.503 MiB)
8872
5121
  0.854228 seconds (554.57 k allocations: 549.278 MiB)
7622
  0.855566 seconds (261.41 k allocations: 260.180 MiB)
121
  0.863611 seconds (221.17 k allocations: 220.642 MiB)
6370
  0.870928 seconds (238.06 k allocations: 238.234 MiB)
1372
  0.860796 seconds (176.09 k allocations: 177.922 MiB)
2623
  0.861108 seconds (189.60 k allocations: 189.841 MiB)
8873
  0.870918 seconds (228.10 k allocations: 230.525 MiB)
3874
  0.869344 seconds (242.41 k allocations: 243.225 MiB)
5122
  0.867874 seconds (554.57 k allocations: 549.278 MiB)
7623
  0.856923 seconds (370.83 k allocations: 364.874 MiB)
122
  0.869693 seconds (263.66 k allocations: 262.523 MiB)
6371
  0.873701 seconds (240.21 k allocations: 240.278 MiB)
1373
  0.861417 seconds (176.69 k allocations: 178.488 MiB)
8874
  0.868382 seconds (216.77 k allocations: 218.283 MiB)
  0.865832 seconds (217.02 k allocations: 218.586 MiB)
2624
3875
  0.868051 seconds (245.25 k allocations: 247.142 MiB)
5123
  1.764180 seconds (436.08 k allocations: 431.003 MiB, 40.84% gc time)
  1.604534 seconds (87.83 k allocations: 85.275 MiB, 44.91% gc time)
  1.589816 seconds (48.78 k allocations: 46.669 MiB, 45.32% gc time)
  1.638209 seconds (263.12 k allocations: 254.429 MiB, 43.99% gc time)
6372
1374
7624
123
  0.865765 seconds (395.86 k allocations: 387.442 MiB)
3876
  0.946364 seconds (371.87 k allocations: 365.874 MiB)
8875
  0.941895 seconds (265.05 k allocations: 262.626 MiB)
2625
  0.957906 seconds (304.49 k allocations: 301.795 MiB)
5124
  0.932742 seconds (216.53 k allocations: 217.828 MiB)
  0.929348 seconds (210.51 k allocations: 212.240 MiB)
6373
7625
  0.926466 seconds (231.59 k allocations: 231.438 MiB)
1375
  0.932674 seconds (265.64 k allocations: 266.660 MiB)
124
  0.873727 seconds (554.57 k allocations: 549.278 MiB)
3877
  0.861011 seconds (440.27 k allocations: 431.370 MiB)
8876
  0.864897 seconds (302.91 k allocations: 300.078 MiB)
2626
  0.872456 seconds (253.94 k allocations: 253.437 MiB)
5125
  0.864755 seconds (217.44 k allocations: 217.472 MiB)
7626
  0.877377 seconds (274.28 k allocations: 274.538 MiB)
  0.872930 seconds (268.91 k allocations: 269.535 MiB)
6374
1376
  0.871999 seconds (386.14 k allocations: 383.200 MiB)
125
  0.878471 seconds (554.57 k allocations: 549.278 MiB)
3878
  0.879123 seconds (479.70 k allocations: 473.342 MiB)
8877
  0.882482 seconds (365.76 k allocations: 361.579 MiB)
2627
  0.861868 seconds (266.93 k allocations: 265.853 MiB)
5126
  0.855707 seconds (281.09 k allocations: 278.404 MiB)
1377
  0.871563 seconds (337.63 k allocations: 336.372 MiB)
6375
  0.859872 seconds (413.83 k allocations: 408.268 MiB)
7627
  0.852914 seconds (439.06 k allocations: 435.056 MiB)
126
  1.181700 seconds (418.49 k allocations: 414.164 MiB, 14.54% gc time)
  1.052472 seconds (113.01 k allocations: 110.836 MiB, 16.32% gc time)
  1.085251 seconds (249.78 k allocations: 245.779 MiB, 15.83% gc time)
  1.048643 seconds (106.70 k allocations: 103.709 MiB, 16.38% gc time)
3879
2628
5127
8878
  0.872354 seconds (408.05 k allocations: 399.056 MiB)
1378
  0.877519 seconds (79.88 k allocations: 80.332 MiB)
  0.878633 seconds (80.85 k allocations: 81.329 MiB)
2629
  0.876258 seconds (81.06 k allocations: 83.038 MiB)
5128
8879
  0.884224 seconds (101.41 k allocations: 104.002 MiB)
3880
  0.948460 seconds (367.67 k allocations: 366.347 MiB)
7628
  0.966853 seconds (455.31 k allocations: 452.891 MiB)
6376
  0.934692 seconds (366.56 k allocations: 366.904 MiB)
127
  0.866300 seconds (554.57 k allocations: 549.278 MiB)
1379
  0.874862 seconds (204.23 k allocations: 204.214 MiB)
2630
  0.876461 seconds (195.52 k allocations: 197.301 MiB)
  0.860734 seconds (118.26 k allocations: 120.919 MiB)
8880
5129
  0.883546 seconds (203.67 k allocations: 206.752 MiB)
3881
  0.876345 seconds (176.30 k allocations: 178.315 MiB)
6377
  0.859747 seconds (161.46 k allocations: 164.313 MiB)
128
  0.882876 seconds (202.32 k allocations: 207.308 MiB)
7629
  0.867293 seconds (554.57 k allocations: 549.278 MiB)
1380
  0.857929 seconds (163.34 k allocations: 163.851 MiB)
2631
  0.869440 seconds (181.97 k allocations: 183.124 MiB)
8881
  0.871560 seconds (185.10 k allocations: 187.537 MiB)
3882
  0.869289 seconds (156.37 k allocations: 159.032 MiB)
  0.875770 seconds (174.44 k allocations: 178.363 MiB)
7630
5130
  0.866759 seconds (159.93 k allocations: 162.856 MiB)
129
  0.875319 seconds (183.79 k allocations: 187.119 MiB)
6378
  1.273846 seconds (64.79 k allocations: 65.695 MiB, 27.35% gc time)
  1.268109 seconds (45.10 k allocations: 45.638 MiB, 27.48% gc time)
  1.448968 seconds (507.48 k allocations: 500.559 MiB, 24.05% gc time)
7631
6379
1381
  0.902281 seconds (292.00 k allocations: 291.074 MiB)
8882
  0.970637 seconds (304.55 k allocations: 298.994 MiB)
  0.961690 seconds (274.85 k allocations: 270.724 MiB)
3883
2632
  0.968986 seconds (283.62 k allocations: 280.605 MiB)
5131
  0.926389 seconds (211.59 k allocations: 210.658 MiB)
6380
  0.931194 seconds (233.36 k allocations: 232.915 MiB)
7632
  1.333155 seconds (794.72 k allocations: 789.292 MiB)
130
  1.296229 seconds (554.57 k allocations: 549.278 MiB)
1382
  0.867990 seconds (527.19 k allocations: 520.230 MiB)
8883
  0.861668 seconds (377.51 k allocations: 372.895 MiB)
2633
  0.858959 seconds (286.26 k allocations: 284.556 MiB)
6381
  0.877792 seconds (343.71 k allocations: 343.429 MiB)
5132
  0.869062 seconds (336.35 k allocations: 334.130 MiB)
7633
  0.935078 seconds (542.19 k allocations: 537.438 MiB)
3884
  0.862830 seconds (554.57 k allocations: 549.278 MiB)
131
  0.854222 seconds (554.57 k allocations: 549.278 MiB)
1383
  0.872906 seconds (525.30 k allocations: 519.837 MiB)
8884
  0.862925 seconds (438.35 k allocations: 432.562 MiB)
2634
  0.867629 seconds (399.01 k allocations: 396.335 MiB)
6382
  0.875785 seconds (420.18 k allocations: 416.807 MiB)
5133
  0.859282 seconds (396.08 k allocations: 392.509 MiB)
7634
  0.867496 seconds (489.38 k allocations: 484.448 MiB)
3885
  1.297185 seconds (178.67 k allocations: 173.664 MiB, 27.94% gc time)
  1.762387 seconds (381.43 k allocations: 377.282 MiB, 20.56% gc time)
  1.894055 seconds (460.73 k allocations: 455.818 MiB, 19.13% gc time)
  1.328541 seconds (259.42 k allocations: 256.436 MiB, 27.28% gc time)
  1.245449 seconds (53.05 k allocations: 52.526 MiB, 29.10% gc time)
2635
1384
8885
5134
132
  0.876059 seconds (446.60 k allocations: 435.961 MiB)
6383
  0.920931 seconds (207.98 k allocations: 207.811 MiB)
3886
  0.957470 seconds (344.22 k allocations: 340.838 MiB)
7635
  0.932265 seconds (187.77 k allocations: 187.664 MiB)
1385
  0.937850 seconds (197.84 k allocations: 199.940 MiB)
  0.937434 seconds (200.75 k allocations: 202.884 MiB)
5135
8886
  0.926878 seconds (216.34 k allocations: 218.054 MiB)
2636
  0.922942 seconds (348.65 k allocations: 346.114 MiB)
133
  0.869264 seconds (554.57 k allocations: 549.278 MiB)
6384
  0.871215 seconds (350.10 k allocations: 344.371 MiB)
7636
  0.880524 seconds (369.76 k allocations: 366.648 MiB)
3887
  0.865883 seconds (254.21 k allocations: 251.232 MiB)
  0.870824 seconds (266.77 k allocations: 264.489 MiB)
8887
1386
  0.877888 seconds (299.29 k allocations: 298.448 MiB)
5136
  0.869050 seconds (378.78 k allocations: 374.740 MiB)
2637
  0.858068 seconds (534.28 k allocations: 528.645 MiB)
134
  0.871292 seconds (554.57 k allocations: 549.278 MiB)
6385
  0.867884 seconds (388.57 k allocations: 384.703 MiB)
7637
  0.875342 seconds (362.46 k allocations: 358.509 MiB)
3888
  0.863068 seconds (263.69 k allocations: 264.193 MiB)
8888
  0.879492 seconds (329.59 k allocations: 326.250 MiB)
1387
  0.888177 seconds (354.76 k allocations: 352.989 MiB)
5137
  0.869999 seconds (353.81 k allocations: 349.613 MiB)
2638
  1.044928 seconds (45.62 k allocations: 44.897 MiB, 16.12% gc time)
  1.169009 seconds (311.44 k allocations: 309.079 MiB, 14.41% gc time)
  1.833252 seconds (390.89 k allocations: 387.738 MiB, 9.19% gc time)
  1.040857 seconds (28.86 k allocations: 31.768 MiB, 16.18% gc time)
7638
135
6386
3889
  0.865625 seconds (441.37 k allocations: 431.869 MiB)
8889
  0.879096 seconds (145.81 k allocations: 144.633 MiB)
  0.875535 seconds (140.65 k allocations: 139.841 MiB)
7639
6387
  0.925982 seconds (268.58 k allocations: 268.679 MiB)
2639
  0.953901 seconds (371.08 k allocations: 369.412 MiB)
1388
  0.942310 seconds (326.48 k allocations: 325.704 MiB)
5138
  1.238925 seconds (491.92 k allocations: 487.895 MiB)
136
  1.266561 seconds (545.00 k allocations: 538.891 MiB)
3890
  0.864741 seconds (536.68 k allocations: 529.294 MiB)
8890
  0.882973 seconds (366.11 k allocations: 363.221 MiB)
6388
  0.873048 seconds (300.46 k allocations: 300.616 MiB)
2640
  0.868354 seconds (267.53 k allocations: 268.050 MiB)
1389
  0.891108 seconds (348.91 k allocations: 346.142 MiB)
5139
  0.959065 seconds (500.73 k allocations: 495.309 MiB)
7640
  0.900190 seconds (543.47 k allocations: 537.226 MiB)
137
  0.877944 seconds (503.81 k allocations: 499.481 MiB)
3891
  0.883717 seconds (554.57 k allocations: 549.278 MiB)
8891
  0.889911 seconds (409.32 k allocations: 404.761 MiB)
  0.891509 seconds (410.91 k allocations: 407.046 MiB)
2641
6389
  0.881876 seconds (402.08 k allocations: 398.040 MiB)
5140
  0.875908 seconds (390.82 k allocations: 387.481 MiB)
1390
  2.103015 seconds (432.13 k allocations: 428.443 MiB, 18.48% gc time)
  1.718236 seconds (273.74 k allocations: 271.560 MiB, 22.61% gc time)
  1.244933 seconds (16.08 k allocations: 15.386 MiB, 31.21% gc time)
  1.332456 seconds (194.80 k allocations: 193.371 MiB, 29.16% gc time)
  1.770675 seconds (305.44 k allocations: 308.645 MiB, 21.94% gc time)
7641
2642
8892
3892
138
  0.865233 seconds (133.31 k allocations: 134.934 MiB)
139
  0.968004 seconds (492.52 k allocations: 481.326 MiB)
6390
  0.938291 seconds (185.13 k allocations: 186.166 MiB)
1391
  0.925251 seconds (141.59 k allocations: 141.029 MiB)
  0.956966 seconds (253.81 k allocations: 255.870 MiB)
8893
5141
  0.936553 seconds (178.75 k allocations: 181.898 MiB)
  0.933472 seconds (178.71 k allocations: 179.837 MiB)
3893
2643
  0.938852 seconds (202.00 k allocations: 204.554 MiB)
7642
  0.858942 seconds (542.41 k allocations: 536.224 MiB)
140
  0.867422 seconds (435.25 k allocations: 426.536 MiB)
6391
  0.854092 seconds (200.47 k allocations: 202.064 MiB)
1392
  0.865340 seconds (204.35 k allocations: 204.751 MiB)
8894
  0.852133 seconds (170.20 k allocations: 171.061 MiB)
7643
  0.876272 seconds (253.24 k allocations: 255.606 MiB)
5142
  0.862481 seconds (244.92 k allocations: 244.180 MiB)
3894
  0.877861 seconds (293.64 k allocations: 295.928 MiB)
2644
  0.855678 seconds (554.57 k allocations: 549.278 MiB)
141
  0.859851 seconds (415.04 k allocations: 407.393 MiB)
6392
  0.856840 seconds (255.41 k allocations: 253.420 MiB)
  1.043195 seconds (166.38 k allocations: 168.367 MiB, 14.63% gc time)
  1.028634 seconds (107.96 k allocations: 108.782 MiB, 14.84% gc time)
  1.029246 seconds (109.09 k allocations: 111.067 MiB, 14.83% gc time)
  1.023235 seconds (103.72 k allocations: 103.482 MiB, 14.92% gc time)
  1.026780 seconds (106.03 k allocations: 107.206 MiB, 14.86% gc time)
1393
8895
2645
3895
7644
5143
  0.885920 seconds (481.18 k allocations: 469.044 MiB)
142
  0.876927 seconds (245.65 k allocations: 243.849 MiB)
6393
  0.877115 seconds (146.34 k allocations: 147.801 MiB)
2646
  0.881679 seconds (156.97 k allocations: 159.391 MiB)
1394
  0.880564 seconds (162.46 k allocations: 163.635 MiB)
8896
  0.895607 seconds (196.53 k allocations: 202.566 MiB)
5144
  0.887324 seconds (183.35 k allocations: 186.502 MiB)
3896
  0.880734 seconds (190.00 k allocations: 193.064 MiB)
7645
  0.921952 seconds (523.70 k allocations: 518.312 MiB)
143
  0.894167 seconds (390.25 k allocations: 382.244 MiB)
6394
  0.884186 seconds (211.47 k allocations: 211.361 MiB)
1395
  0.887200 seconds (215.82 k allocations: 216.955 MiB)
7646
  0.885575 seconds (216.88 k allocations: 218.171 MiB)
8897
  0.892604 seconds (264.50 k allocations: 263.936 MiB)
5145
  0.925289 seconds (348.40 k allocations: 346.889 MiB)
  0.882565 seconds (314.08 k allocations: 311.882 MiB)
3897
2647
  0.871909 seconds (484.94 k allocations: 479.791 MiB)
144
  0.885819 seconds (446.90 k allocations: 440.748 MiB)
6395
  0.871487 seconds (308.94 k allocations: 304.615 MiB)
1396
  0.881853 seconds (298.33 k allocations: 295.921 MiB)
7647
  0.878482 seconds (234.16 k allocations: 234.708 MiB)
8898
  0.892390 seconds (250.16 k allocations: 250.226 MiB)
5146
  0.867504 seconds (245.83 k allocations: 245.048 MiB)
  0.891183 seconds (254.74 k allocations: 254.851 MiB)
3898
2648
  1.222527 seconds (219.36 k allocations: 218.301 MiB, 29.57% gc time)
145
  0.862914 seconds (332.21 k allocations: 325.272 MiB)
1397
  0.968307 seconds (446.81 k allocations: 440.239 MiB)
6396
  0.952008 seconds (235.72 k allocations: 235.770 MiB)
7648
  0.952986 seconds (223.70 k allocations: 224.480 MiB)
  0.938802 seconds (174.54 k allocations: 174.394 MiB)
8899
5147
  0.944383 seconds (210.30 k allocations: 210.859 MiB)
  0.944510 seconds (213.25 k allocations: 214.683 MiB)
2649
3899
  0.930713 seconds (231.63 k allocations: 234.122 MiB)
146
  0.854413 seconds (554.57 k allocations: 549.278 MiB)
1398
  0.866674 seconds (484.71 k allocations: 475.273 MiB)
6397
  0.869183 seconds (230.60 k allocations: 230.873 MiB)
7649
  0.865162 seconds (200.58 k allocations: 201.130 MiB)
8900
  0.871386 seconds (225.34 k allocations: 226.267 MiB)
5148
  0.867175 seconds (223.90 k allocations: 226.319 MiB)
2650
  0.866740 seconds (247.77 k allocations: 249.366 MiB)
3900
  0.864182 seconds (317.87 k allocations: 316.654 MiB)
147
  0.860752 seconds (554.57 k allocations: 549.278 MiB)
1399
  0.860074 seconds (507.87 k allocations: 498.918 MiB)
6398
  0.868168 seconds (275.68 k allocations: 274.039 MiB)
7650
  0.869167 seconds (261.06 k allocations: 261.444 MiB)
8901
  0.860050 seconds (226.51 k allocations: 227.374 MiB)
2651
  0.875612 seconds (278.83 k allocations: 280.097 MiB)
5149
  0.867912 seconds (279.07 k allocations: 279.324 MiB)
3901
  0.857098 seconds (522.62 k allocations: 516.256 MiB)
148
  1.572609 seconds (545.05 k allocations: 538.954 MiB, 28.09% gc time)
  1.468857 seconds (458.90 k allocations: 452.139 MiB, 30.07% gc time)
  1.411664 seconds (142.77 k allocations: 142.986 MiB, 31.29% gc time)
  1.403083 seconds (101.73 k allocations: 101.259 MiB, 31.48% gc time)
  1.384982 seconds (61.41 k allocations: 58.867 MiB, 31.90% gc time)
  1.391261 seconds (70.26 k allocations: 68.750 MiB, 31.75% gc time)
  1.401809 seconds (98.39 k allocations: 97.693 MiB, 31.51% gc time)
1400
7651
2652
6399
5150
8902
3902
  0.877003 seconds (517.88 k allocations: 504.169 MiB)
149
  0.927480 seconds (88.05 k allocations: 88.139 MiB)
1401
  0.937671 seconds (96.19 k allocations: 97.368 MiB)
  0.937250 seconds (96.80 k allocations: 99.345 MiB)
2653
  0.941296 seconds (103.06 k allocations: 110.420 MiB)
8903
7652
  0.940330 seconds (110.04 k allocations: 114.916 MiB)
6400
  0.947799 seconds (148.89 k allocations: 153.522 MiB)
3903
  0.948944 seconds (234.04 k allocations: 235.212 MiB)
5151
  0.862633 seconds (554.57 k allocations: 549.278 MiB)
150
  0.862557 seconds (190.82 k allocations: 192.615 MiB)
1402
  0.857059 seconds (142.94 k allocations: 146.998 MiB)
6401
  0.860885 seconds (145.19 k allocations: 145.702 MiB)
8904
  0.872100 seconds (176.94 k allocations: 179.943 MiB)
7653
  0.877591 seconds (206.30 k allocations: 207.041 MiB)
2654
  0.886154 seconds (245.88 k allocations: 247.558 MiB)
3904
  0.877149 seconds (370.40 k allocations: 366.923 MiB)
5152
  0.859432 seconds (554.57 k allocations: 549.278 MiB)
151
  0.880770 seconds (349.68 k allocations: 346.063 MiB)
1403
  0.868960 seconds (217.66 k allocations: 218.507 MiB)
6402
  0.869594 seconds (188.40 k allocations: 190.715 MiB)
2655
  0.875577 seconds (188.41 k allocations: 189.711 MiB)
7654
  0.878451 seconds (195.29 k allocations: 197.705 MiB)
8905
  0.866582 seconds (175.53 k allocations: 179.013 MiB)
3905
  0.875509 seconds (214.90 k allocations: 216.900 MiB)
5153
  1.243992 seconds (370.11 k allocations: 364.186 MiB, 31.15% gc time)
152
  0.874672 seconds (215.79 k allocations: 215.060 MiB)
2656
  0.868197 seconds (79.22 k allocations: 78.479 MiB)
153
  0.965177 seconds (245.63 k allocations: 246.485 MiB)
8906
  0.940569 seconds (157.52 k allocations: 157.487 MiB)
  0.948936 seconds (173.57 k allocations: 175.519 MiB)
  0.961148 seconds (211.34 k allocations: 215.443 MiB)
7655
6403
1404
  0.961885 seconds (215.16 k allocations: 220.604 MiB)
3906
  0.964275 seconds (303.06 k allocations: 302.461 MiB)
5154
  0.869859 seconds (554.57 k allocations: 549.278 MiB)
2657
  0.868431 seconds (130.97 k allocations: 135.324 MiB)
  0.865845 seconds (107.78 k allocations: 110.852 MiB)
  0.864786 seconds (100.14 k allocations: 102.481 MiB)
  0.869819 seconds (109.03 k allocations: 113.779 MiB)
  0.869685 seconds (107.79 k allocations: 113.537 MiB)
8907
6404
1405
7656
154
  0.876596 seconds (145.68 k allocations: 150.453 MiB)
3907
  0.873475 seconds (222.69 k allocations: 224.335 MiB)
5155
  0.869505 seconds (554.57 k allocations: 549.278 MiB)
2658
  0.863277 seconds (167.14 k allocations: 168.718 MiB)
1406
  0.862572 seconds (156.75 k allocations: 157.768 MiB)
  0.863244 seconds (158.20 k allocations: 160.437 MiB)
7657
6405
  0.868035 seconds (175.02 k allocations: 180.580 MiB)
8908
  0.874337 seconds (228.44 k allocations: 229.437 MiB)
3908
  0.877580 seconds (311.35 k allocations: 308.971 MiB)
5156
  0.851979 seconds (380.88 k allocations: 375.737 MiB)
155
  1.401327 seconds (545.05 k allocations: 538.967 MiB, 27.85% gc time)
  1.280926 seconds (121.39 k allocations: 118.611 MiB, 30.47% gc time)
  1.283926 seconds (133.57 k allocations: 132.747 MiB, 30.39% gc time)
  1.264203 seconds (68.15 k allocations: 66.434 MiB, 30.87% gc time)
  1.287793 seconds (156.92 k allocations: 156.280 MiB, 30.30% gc time)
  1.280964 seconds (121.34 k allocations: 118.537 MiB, 30.47% gc time)
  1.247933 seconds (37.46 k allocations: 36.495 MiB, 31.27% gc time)
6406
1407
3909
5157
2659
8909
7658
  0.863063 seconds (531.94 k allocations: 517.645 MiB)
156
  0.918089 seconds (84.21 k allocations: 84.478 MiB)
  0.930266 seconds (106.09 k allocations: 108.071 MiB)
  0.933251 seconds (115.75 k allocations: 120.996 MiB)
1408
7659
  0.936416 seconds (122.84 k allocations: 130.552 MiB)
  0.931462 seconds (107.55 k allocations: 113.643 MiB)
3910
6407
8910
  0.934453 seconds (121.46 k allocations: 128.505 MiB)
2660
  0.938992 seconds (259.16 k allocations: 259.230 MiB)
5158
  0.860569 seconds (554.57 k allocations: 549.278 MiB)
157
  0.857578 seconds (139.08 k allocations: 140.640 MiB)
6408
  0.863848 seconds (161.68 k allocations: 166.164 MiB)
1409
  0.856365 seconds (126.78 k allocations: 128.066 MiB)
7660
  0.869213 seconds (166.34 k allocations: 171.047 MiB)
8911
  0.868440 seconds (166.15 k allocations: 169.835 MiB)
  0.867401 seconds (165.60 k allocations: 168.550 MiB)
3911
2661
  0.868571 seconds (414.94 k allocations: 408.301 MiB)
5159
  0.855185 seconds (554.57 k allocations: 549.278 MiB)
158
  0.863660 seconds (239.83 k allocations: 239.504 MiB)
6409
  0.869583 seconds (228.76 k allocations: 229.121 MiB)
1410
  0.865752 seconds (182.57 k allocations: 183.898 MiB)
7661
  0.867669 seconds (186.91 k allocations: 189.488 MiB)
8912
  0.869416 seconds (192.55 k allocations: 195.095 MiB)
3912
  0.866352 seconds (189.79 k allocations: 192.657 MiB)
2662
  0.862565 seconds (246.66 k allocations: 247.283 MiB)
5160
  1.137462 seconds (433.44 k allocations: 424.805 MiB, 24.80% gc time)
159
  0.858818 seconds (149.42 k allocations: 151.565 MiB)
8913
  0.938087 seconds (194.32 k allocations: 194.738 MiB)
3913
  0.878027 seconds (107.68 k allocations: 107.140 MiB)
  0.954855 seconds (203.42 k allocations: 203.813 MiB)
160
2663
  0.963132 seconds (232.88 k allocations: 233.500 MiB)
  0.969160 seconds (249.30 k allocations: 251.682 MiB)
7662
6410
  0.959569 seconds (293.21 k allocations: 292.832 MiB)
1411
  0.954955 seconds (298.94 k allocations: 298.563 MiB)
5161
  0.870589 seconds (554.57 k allocations: 549.278 MiB)
8914
  0.865002 seconds (340.68 k allocations: 336.019 MiB)
3914
  0.856518 seconds (154.62 k allocations: 155.722 MiB)
7663
  0.869920 seconds (203.51 k allocations: 206.402 MiB)
2664
  0.869856 seconds (187.93 k allocations: 190.457 MiB)
6411
  0.864168 seconds (171.13 k allocations: 174.603 MiB)
161
  0.871024 seconds (231.41 k allocations: 231.274 MiB)
1412
  0.877557 seconds (283.50 k allocations: 282.528 MiB)
5162
  0.869600 seconds (554.57 k allocations: 549.278 MiB)
8915
  0.854057 seconds (326.82 k allocations: 322.756 MiB)
3915
  0.858297 seconds (237.90 k allocations: 237.869 MiB)
7664
  0.873484 seconds (266.33 k allocations: 265.280 MiB)
2665
  0.871212 seconds (254.62 k allocations: 254.298 MiB)
6412
  0.869411 seconds (284.60 k allocations: 283.186 MiB)
1413
  0.848623 seconds (353.83 k allocations: 349.640 MiB)
162
  0.875638 seconds (389.46 k allocations: 387.602 MiB)
5163
  1.292848 seconds (545.05 k allocations: 538.957 MiB, 18.57% gc time)
  1.203528 seconds (251.65 k allocations: 247.129 MiB, 19.95% gc time)
  1.223828 seconds (356.53 k allocations: 350.194 MiB, 19.62% gc time)
  1.181981 seconds (147.83 k allocations: 145.145 MiB, 20.31% gc time)
  1.175423 seconds (125.06 k allocations: 122.111 MiB, 20.43% gc time)
  1.164762 seconds (98.54 k allocations: 95.504 MiB, 20.62% gc time)
  1.121052 seconds (16.03 k allocations: 16.013 MiB, 21.42% gc time)
8916
1414
7665
2666
3916
6413
5164
  0.856881 seconds (543.12 k allocations: 528.488 MiB)
163
  0.876659 seconds (79.80 k allocations: 80.249 MiB)
  0.876398 seconds (79.95 k allocations: 80.554 MiB)
6414
  0.879398 seconds (83.26 k allocations: 87.601 MiB)
2667
1415
  0.880996 seconds (97.67 k allocations: 100.425 MiB)
3917
  0.883763 seconds (116.94 k allocations: 120.293 MiB)
5165
  0.923070 seconds (337.26 k allocations: 339.892 MiB)
8917
  0.929365 seconds (399.18 k allocations: 395.692 MiB)
7666
  0.863514 seconds (554.57 k allocations: 549.278 MiB)
164
  0.853033 seconds (188.38 k allocations: 186.614 MiB)
3918
  0.869405 seconds (227.32 k allocations: 227.745 MiB)
6415
  0.872842 seconds (229.01 k allocations: 229.571 MiB)
1416
  0.877814 seconds (249.08 k allocations: 250.194 MiB)
2668
  0.867915 seconds (292.22 k allocations: 289.263 MiB)
8918
  0.865126 seconds (353.90 k allocations: 349.704 MiB)
7667
  1.092571 seconds (644.37 k allocations: 637.668 MiB)
5166
  0.852338 seconds (554.57 k allocations: 549.278 MiB)
165
  0.862588 seconds (362.10 k allocations: 359.375 MiB)
3919
  0.868983 seconds (313.48 k allocations: 311.621 MiB)
  0.863371 seconds (280.41 k allocations: 280.130 MiB)
6416
1417
  0.870105 seconds (302.91 k allocations: 301.924 MiB)
2669
  0.868867 seconds (331.62 k allocations: 329.592 MiB)
8919
  0.864507 seconds (357.15 k allocations: 354.247 MiB)
7668
  1.742962 seconds (349.29 k allocations: 345.482 MiB, 19.29% gc time)
  1.188989 seconds (270.43 k allocations: 267.357 MiB, 28.28% gc time)
166
5167
  0.874956 seconds (313.09 k allocations: 308.195 MiB)
3920
  0.955887 seconds (248.60 k allocations: 247.896 MiB)
6417
  0.956113 seconds (234.89 k allocations: 234.985 MiB)
1418
  0.950203 seconds (212.51 k allocations: 213.735 MiB)
2670
  0.939683 seconds (179.07 k allocations: 181.992 MiB)
8920
  0.950255 seconds (239.64 k allocations: 240.152 MiB)
7669
  0.937552 seconds (231.73 k allocations: 231.585 MiB)
167
  0.955767 seconds (364.53 k allocations: 360.084 MiB)
5168
  0.858531 seconds (554.57 k allocations: 549.278 MiB)
3921
  0.874552 seconds (317.49 k allocations: 313.818 MiB)
6418
  0.874918 seconds (267.63 k allocations: 266.334 MiB)
1419
  0.868863 seconds (213.21 k allocations: 213.218 MiB)
8921
  0.881291 seconds (250.24 k allocations: 251.325 MiB)
2671
  0.867100 seconds (231.08 k allocations: 231.972 MiB)
5169
  0.861206 seconds (301.80 k allocations: 299.847 MiB)
7670
  0.864319 seconds (372.75 k allocations: 369.171 MiB)
168
  0.872547 seconds (554.57 k allocations: 549.278 MiB)
3922
  0.873260 seconds (338.48 k allocations: 334.183 MiB)
6419
  0.860024 seconds (280.53 k allocations: 276.272 MiB)
1420
  0.870811 seconds (311.41 k allocations: 308.475 MiB)
2672
  0.870200 seconds (351.00 k allocations: 346.555 MiB)
8922
  0.882159 seconds (412.68 k allocations: 405.785 MiB)
5170
  0.875224 seconds (446.03 k allocations: 440.343 MiB)
7671
  1.201572 seconds (406.18 k allocations: 399.315 MiB, 18.95% gc time)
  1.143544 seconds (218.57 k allocations: 214.269 MiB, 19.91% gc time)
  1.108833 seconds (112.86 k allocations: 109.197 MiB, 20.54% gc time)  1.132137 seconds (189.37 k allocations: 185.095 MiB, 20.11% gc time)

  1.731991 seconds (532.41 k allocations: 525.571 MiB, 13.15% gc time)
  1.094198 seconds (71.06 k allocations: 67.987 MiB, 20.81% gc time)
6420
2673
8923
1421
3923
169
  0.868613 seconds (466.39 k allocations: 455.046 MiB)
5171
  0.874047 seconds (84.98 k allocations: 86.435 MiB)
8924
  0.879532 seconds (91.27 k allocations: 95.106 MiB)
  0.879592 seconds (91.04 k allocations: 95.596 MiB)
6421
  0.874074 seconds (87.08 k allocations: 90.234 MiB)
2674
1422
  0.963876 seconds (515.31 k allocations: 508.883 MiB)
7672
  0.928056 seconds (403.69 k allocations: 398.556 MiB)
170
  0.928412 seconds (424.22 k allocations: 417.190 MiB)
3924
  0.879342 seconds (554.57 k allocations: 549.278 MiB)
5172
  0.868426 seconds (260.99 k allocations: 259.768 MiB)
8925
  0.859480 seconds (203.24 k allocations: 202.250 MiB)
7673
  0.852672 seconds (184.05 k allocations: 184.100 MiB)
  0.872060 seconds (238.11 k allocations: 239.920 MiB)
1423
6422
  0.882077 seconds (269.29 k allocations: 270.969 MiB)
2675
  0.855595 seconds (276.91 k allocations: 274.799 MiB)
3925
  0.868582 seconds (346.81 k allocations: 344.337 MiB)
171
  0.901499 seconds (554.57 k allocations: 549.278 MiB)
5173
  0.864116 seconds (272.29 k allocations: 269.335 MiB)
8926
  0.868633 seconds (249.03 k allocations: 247.308 MiB)
7674
  0.871840 seconds (224.04 k allocations: 223.589 MiB)
  0.857458 seconds (169.48 k allocations: 170.875 MiB)
1424
  0.868004 seconds (202.90 k allocations: 206.134 MiB)
6423
2676
  0.855544 seconds (208.99 k allocations: 209.818 MiB)
172
  0.866294 seconds (245.14 k allocations: 245.844 MiB)
3926
  1.219257 seconds (66.58 k allocations: 63.718 MiB, 29.17% gc time)
  1.270521 seconds (255.32 k allocations: 250.056 MiB, 27.99% gc time)
7675
5174
  0.871371 seconds (354.92 k allocations: 348.229 MiB)
8927
  0.961093 seconds (214.18 k allocations: 214.980 MiB)
  0.959425 seconds (196.53 k allocations: 197.013 MiB)
6424
  0.939332 seconds (125.13 k allocations: 128.212 MiB)
  0.935155 seconds (114.98 k allocations: 119.334 MiB)
2677
3927
  0.964367 seconds (205.54 k allocations: 209.928 MiB)
173
1425
  0.954123 seconds (304.00 k allocations: 300.708 MiB)
7676
  0.956404 seconds (325.64 k allocations: 322.875 MiB)
5175
  0.891359 seconds (554.57 k allocations: 549.278 MiB)
8928
  0.861478 seconds (196.20 k allocations: 196.534 MiB)
174
  0.864467 seconds (186.87 k allocations: 187.812 MiB)
6425
  0.887725 seconds (251.38 k allocations: 253.422 MiB)
3928
  0.881260 seconds (219.33 k allocations: 220.499 MiB)
1426
  0.857605 seconds (224.68 k allocations: 223.392 MiB)
7677
  0.873477 seconds (256.84 k allocations: 256.817 MiB)
2678
  0.888932 seconds (311.77 k allocations: 310.817 MiB)
5176
  0.873503 seconds (554.57 k allocations: 549.278 MiB)
8929
  0.873421 seconds (292.02 k allocations: 289.482 MiB)
175
  0.881232 seconds (287.27 k allocations: 285.114 MiB)
6426
  0.880389 seconds (258.98 k allocations: 258.247 MiB)
3929
  0.884011 seconds (270.91 k allocations: 269.897 MiB)
1427
  0.870364 seconds (272.58 k allocations: 271.675 MiB)
7678
  0.883588 seconds (349.76 k allocations: 345.723 MiB)
5177
  0.865978 seconds (347.47 k allocations: 344.982 MiB)
2679
  1.424376 seconds (141.21 k allocations: 136.386 MiB, 37.56% gc time)
  1.566113 seconds (524.97 k allocations: 516.376 MiB, 34.16% gc time)  1.399495 seconds (97.07 k allocations: 92.901 MiB, 38.22% gc time)

  1.475967 seconds (256.46 k allocations: 250.369 MiB, 36.24% gc time)
  1.459474 seconds (216.58 k allocations: 209.742 MiB, 36.65% gc time)
3930
176
8930
1428
6427
  0.870854 seconds (380.50 k allocations: 371.489 MiB)
5178
  0.964502 seconds (396.84 k allocations: 388.530 MiB)
7679
  0.997344 seconds (472.29 k allocations: 463.380 MiB)
2680
  0.919874 seconds (140.54 k allocations: 144.903 MiB)
1429
  0.927615 seconds (182.81 k allocations: 181.888 MiB)
177
  0.937110 seconds (203.80 k allocations: 204.622 MiB)
3931
  0.941863 seconds (244.82 k allocations: 245.320 MiB)
8931
  0.950618 seconds (301.45 k allocations: 300.946 MiB)
6428
  0.877629 seconds (554.57 k allocations: 549.278 MiB)
5179
  0.864705 seconds (381.55 k allocations: 375.133 MiB)
7680
  0.861307 seconds (230.19 k allocations: 229.274 MiB)
  0.873444 seconds (281.13 k allocations: 280.607 MiB)
1430
2681
  0.865919 seconds (208.13 k allocations: 207.333 MiB)
178
  0.871424 seconds (228.61 k allocations: 228.386 MiB)
8932
  0.877572 seconds (254.28 k allocations: 254.357 MiB)
3932
  0.867238 seconds (278.57 k allocations: 279.045 MiB)
6429
  0.876434 seconds (554.57 k allocations: 549.278 MiB)
5180
  0.868733 seconds (424.94 k allocations: 416.718 MiB)
7681
  0.857203 seconds (219.54 k allocations: 219.097 MiB)
1431
  0.868738 seconds (257.24 k allocations: 257.796 MiB)
2682
  0.853762 seconds (185.09 k allocations: 187.738 MiB)
3933
  0.857171 seconds (213.72 k allocations: 214.108 MiB)
179
  0.869052 seconds (240.84 k allocations: 242.738 MiB)
  0.859286 seconds (235.84 k allocations: 236.864 MiB)
8933
6430
  1.406224 seconds (156.79 k allocations: 151.274 MiB, 32.98% gc time)
  1.317031 seconds (19.53 k allocations: 18.683 MiB, 35.21% gc time)
  1.563441 seconds (425.73 k allocations: 419.859 MiB, 29.66% gc time)
2683
7682
5181
  0.876363 seconds (319.19 k allocations: 314.024 MiB)
1432
  0.974491 seconds (358.94 k allocations: 353.489 MiB)
  0.945810 seconds (233.06 k allocations: 231.966 MiB)
3934
6431
  0.948828 seconds (239.54 k allocations: 239.642 MiB)
8934
  0.963773 seconds (295.52 k allocations: 293.424 MiB)
180
  0.932648 seconds (224.13 k allocations: 224.103 MiB)
7683
  0.944310 seconds (288.47 k allocations: 287.095 MiB)
2684
  0.946225 seconds (369.96 k allocations: 365.257 MiB)
5182
  0.866770 seconds (554.57 k allocations: 549.278 MiB)
1433
  0.873454 seconds (322.98 k allocations: 319.076 MiB)
3935
  0.871394 seconds (274.58 k allocations: 272.963 MiB)
6432
  0.874403 seconds (273.29 k allocations: 271.951 MiB)
8935
  0.861760 seconds (222.39 k allocations: 223.437 MiB)
181
  0.859007 seconds (219.33 k allocations: 220.706 MiB)
7684
  0.870234 seconds (339.11 k allocations: 335.540 MiB)
5183
  0.877229 seconds (407.49 k allocations: 402.419 MiB)
2685
  0.850141 seconds (554.57 k allocations: 549.278 MiB)
1434
  0.860241 seconds (281.95 k allocations: 278.607 MiB)
  0.868007 seconds (318.10 k allocations: 317.220 MiB)
3936
6433
  0.853971 seconds (228.72 k allocations: 229.304 MiB)
182
  0.868358 seconds (285.49 k allocations: 283.828 MiB)
8936
  0.863899 seconds (301.83 k allocations: 299.686 MiB)
7685
  0.869974 seconds (418.56 k allocations: 415.253 MiB)
2686
  0.877608 seconds (453.18 k allocations: 449.819 MiB)
5184
  1.078065 seconds (154.08 k allocations: 152.763 MiB, 17.92% gc time)
  1.207249 seconds (455.05 k allocations: 450.365 MiB, 16.01% gc time)
  1.077891 seconds (153.57 k allocations: 152.320 MiB, 17.93% gc time)
  1.055747 seconds (84.05 k allocations: 81.893 MiB, 18.30% gc time)
  1.064877 seconds (113.92 k allocations: 112.118 MiB, 18.15% gc time)
6434
183
8937
3937
1435
  0.860934 seconds (459.80 k allocations: 448.661 MiB)
7686
  0.872109 seconds (85.12 k allocations: 85.343 MiB)
  0.871130 seconds (83.11 k allocations: 84.790 MiB)
  0.880694 seconds (107.57 k allocations: 112.015 MiB)
3938
1436
6435
  0.891190 seconds (147.44 k allocations: 150.478 MiB)
8938
  0.961600 seconds (482.74 k allocations: 477.675 MiB)
2687
  0.962395 seconds (529.04 k allocations: 523.418 MiB)
5185
  0.926764 seconds (407.95 k allocations: 404.045 MiB)
184
  0.871302 seconds (554.57 k allocations: 549.278 MiB)
7687
  0.859365 seconds (290.66 k allocations: 285.714 MiB)
1437
  0.870809 seconds (305.54 k allocations: 301.383 MiB)
6436
  0.883185 seconds (336.65 k allocations: 334.575 MiB)
3939
  0.868058 seconds (254.71 k allocations: 254.378 MiB)
8939
  0.863324 seconds (253.19 k allocations: 253.129 MiB)
2688
  0.861664 seconds (343.67 k allocations: 338.674 MiB)
185
  1.068222 seconds (554.57 k allocations: 549.278 MiB)
5186
  0.854703 seconds (554.57 k allocations: 549.278 MiB)
7688
  0.853790 seconds (293.04 k allocations: 290.633 MiB)
6437
  0.862404 seconds (317.00 k allocations: 316.242 MiB)
1438
  0.868157 seconds (288.38 k allocations: 287.809 MiB)
8940
  0.867284 seconds (292.39 k allocations: 290.623 MiB)
2689
  0.875380 seconds (309.96 k allocations: 310.099 MiB)
3940
  0.853862 seconds (406.07 k allocations: 401.053 MiB)
  1.103589 seconds (250.57 k allocations: 246.979 MiB, 21.06% gc time)
  1.665927 seconds (330.43 k allocations: 326.068 MiB, 13.95% gc time)
186
5187
7689
  0.880614 seconds (340.76 k allocations: 334.690 MiB)
6438
  0.958871 seconds (332.11 k allocations: 327.822 MiB)
1439
  0.902194 seconds (101.15 k allocations: 100.887 MiB)
  0.952764 seconds (238.47 k allocations: 238.579 MiB)
7690
8941
  0.938723 seconds (189.44 k allocations: 191.904 MiB)
  0.918946 seconds (139.04 k allocations: 143.839 MiB)
3941
  0.960821 seconds (268.51 k allocations: 271.581 MiB)
187
2690
  0.950385 seconds (445.28 k allocations: 437.354 MiB)
5188
  0.869121 seconds (554.57 k allocations: 549.278 MiB)
6439
  0.865925 seconds (248.44 k allocations: 247.811 MiB)
  0.856947 seconds (186.49 k allocations: 188.689 MiB)
1440
7691
  0.859685 seconds (186.27 k allocations: 186.277 MiB)
188
  0.868313 seconds (213.47 k allocations: 216.182 MiB)
8942
  0.878335 seconds (270.03 k allocations: 269.282 MiB)
  0.870509 seconds (255.30 k allocations: 254.601 MiB)
3942
2691
  0.896497 seconds (520.88 k allocations: 513.368 MiB)
5189
  0.885590 seconds (554.57 k allocations: 549.278 MiB)
6440
  0.869657 seconds (260.90 k allocations: 261.116 MiB)
1441
  0.875288 seconds (241.36 k allocations: 242.626 MiB)
8943
  0.869872 seconds (220.74 k allocations: 223.087 MiB)
189
  0.869417 seconds (221.00 k allocations: 222.108 MiB)
3943
  0.872343 seconds (250.20 k allocations: 250.243 MiB)
2692
  0.862997 seconds (334.92 k allocations: 331.528 MiB)
7692
  1.226327 seconds (2.67 k allocations: 2.563 MiB, 30.27% gc time)
  1.310023 seconds (300.28 k allocations: 297.172 MiB, 28.34% gc time)
  2.079800 seconds (379.88 k allocations: 375.982 MiB, 17.85% gc time)
1442
5190
6441
  0.871075 seconds (368.71 k allocations: 361.410 MiB)
190
  0.964036 seconds (323.90 k allocations: 319.948 MiB)
8944
  0.951892 seconds (249.91 k allocations: 248.161 MiB)
2693
  0.913946 seconds (107.42 k allocations: 111.992 MiB)
7693
  0.965371 seconds (296.64 k allocations: 295.722 MiB)
3944
  0.926842 seconds (181.25 k allocations: 181.816 MiB)
6442
  0.927852 seconds (194.23 k allocations: 195.669 MiB)
1443
  1.094255 seconds (554.57 k allocations: 549.278 MiB)
5191
  0.864296 seconds (554.57 k allocations: 549.278 MiB)
191
  0.852134 seconds (226.40 k allocations: 225.637 MiB)
7694
  0.866418 seconds (269.24 k allocations: 270.505 MiB)
8945
  0.868432 seconds (255.83 k allocations: 256.663 MiB)
2694
  0.858994 seconds (240.31 k allocations: 239.574 MiB)
1444
  0.878575 seconds (308.37 k allocations: 308.579 MiB)
  0.868663 seconds (291.29 k allocations: 291.163 MiB)
3945
6443
  0.874201 seconds (554.57 k allocations: 549.278 MiB)
5192
  0.851826 seconds (554.57 k allocations: 549.278 MiB)
192
  0.873282 seconds (322.89 k allocations: 320.415 MiB)
7695
  0.868607 seconds (283.66 k allocations: 283.089 MiB)
8946
  0.867534 seconds (253.87 k allocations: 254.795 MiB)
  0.847143 seconds (200.48 k allocations: 201.409 MiB)
2695
1445
  0.859906 seconds (237.79 k allocations: 239.820 MiB)
6444
  0.870112 seconds (288.81 k allocations: 290.059 MiB)
3946
  1.007372 seconds (296.21 k allocations: 292.046 MiB, 15.40% gc time)
  1.601810 seconds (375.43 k allocations: 370.513 MiB, 9.68% gc time)
193
5193
  0.871795 seconds (328.97 k allocations: 323.471 MiB)
7696
  0.887435 seconds (300.81 k allocations: 296.628 MiB)
8947
  0.949412 seconds (286.56 k allocations: 284.456 MiB)
  0.937903 seconds (251.13 k allocations: 247.287 MiB)
2696
1446
  0.952356 seconds (300.35 k allocations: 298.041 MiB)
6445
  0.972007 seconds (367.59 k allocations: 363.812 MiB)
3947
  1.273364 seconds (475.35 k allocations: 470.812 MiB)
5194
  1.334263 seconds (545.45 k allocations: 540.550 MiB)
194
  0.868892 seconds (536.73 k allocations: 530.785 MiB)
7697
  0.874236 seconds (520.29 k allocations: 512.190 MiB)
8948
  0.871890 seconds (412.84 k allocations: 408.149 MiB)
1447
  0.867090 seconds (390.74 k allocations: 387.197 MiB)
6446
  0.861523 seconds (433.21 k allocations: 428.039 MiB)
3948
  0.921478 seconds (536.27 k allocations: 531.769 MiB)
2697
  0.860932 seconds (475.35 k allocations: 470.812 MiB)
195
  1.070974 seconds (623.03 k allocations: 616.027 MiB)
5195
  0.870997 seconds (554.57 k allocations: 549.278 MiB)
7698
  0.869810 seconds (507.29 k allocations: 501.179 MiB)
8949
  0.862818 seconds (439.69 k allocations: 435.268 MiB)
1448
  0.864554 seconds (449.35 k allocations: 444.710 MiB)
6447
  0.869629 seconds (501.08 k allocations: 495.449 MiB)
3949
  0.866977 seconds (507.03 k allocations: 502.574 MiB)
2698
  0.855407 seconds (554.57 k allocations: 549.278 MiB)
196
  1.340631 seconds (465.85 k allocations: 460.502 MiB, 17.63% gc time)
  1.247849 seconds (321.14 k allocations: 316.486 MiB, 18.94% gc time)
  1.217581 seconds (243.83 k allocations: 241.321 MiB, 19.41% gc time)
  1.498064 seconds (545.13 k allocations: 539.028 MiB, 15.78% gc time)
  1.204091 seconds (217.92 k allocations: 213.795 MiB, 19.63% gc time)
  1.150374 seconds (103.33 k allocations: 101.571 MiB, 20.55% gc time)
  1.109924 seconds (70.35 k allocations: 68.988 MiB, 21.30% gc time)
7699
6448
1449
3950
8950
2699
5196
  0.847251 seconds (519.07 k allocations: 505.316 MiB)
197
  0.865634 seconds (80.39 k allocations: 80.824 MiB)
6449
  0.873792 seconds (90.97 k allocations: 91.147 MiB)
2700
  0.879764 seconds (103.65 k allocations: 105.937 MiB)
3951
  0.929143 seconds (284.20 k allocations: 281.360 MiB)
  0.927473 seconds (284.64 k allocations: 281.639 MiB)
7700
1450
  0.934704 seconds (316.81 k allocations: 315.447 MiB)
8951
  0.942517 seconds (369.42 k allocations: 367.225 MiB)
5197
  0.862882 seconds (554.57 k allocations: 549.278 MiB)
198
  0.849399 seconds (385.62 k allocations: 379.277 MiB)
2701
  0.863412 seconds (436.43 k allocations: 434.794 MiB)
6450
  0.870643 seconds (407.89 k allocations: 400.758 MiB)
3952
  0.852143 seconds (282.45 k allocations: 279.694 MiB)
1451
  0.857352 seconds (312.50 k allocations: 311.119 MiB)
8952
  0.866639 seconds (335.61 k allocations: 335.877 MiB)
7701
  1.093783 seconds (554.57 k allocations: 549.278 MiB)
5198
  0.847293 seconds (554.57 k allocations: 549.278 MiB)
199
  0.860408 seconds (428.23 k allocations: 424.096 MiB)
2702
  0.869050 seconds (430.70 k allocations: 426.666 MiB)
6451
  0.868335 seconds (337.90 k allocations: 335.208 MiB)
3953
  0.854430 seconds (265.69 k allocations: 266.301 MiB)
1452
  0.867048 seconds (302.52 k allocations: 300.544 MiB)
  0.870112 seconds (307.02 k allocations: 305.871 MiB)
8953
7702
  1.601250 seconds (356.71 k allocations: 352.582 MiB, 17.43% gc time)
  1.133211 seconds (277.70 k allocations: 274.336 MiB, 24.63% gc time)
200
5199
  0.864046 seconds (312.98 k allocations: 308.123 MiB)
6452
  0.887386 seconds (201.84 k allocations: 199.498 MiB)
8954
  0.934465 seconds (251.13 k allocations: 249.309 MiB)
1453
  0.954758 seconds (304.61 k allocations: 303.157 MiB)
  0.960112 seconds (320.99 k allocations: 320.207 MiB)
3954
2703
  0.939060 seconds (304.92 k allocations: 302.610 MiB)
7703
  1.298895 seconds (480.16 k allocations: 476.647 MiB)
201
  0.866009 seconds (475.34 k allocations: 470.812 MiB)
6453
  0.857012 seconds (333.21 k allocations: 329.062 MiB)
8955
  0.861114 seconds (293.65 k allocations: 291.419 MiB)
1454
  0.856139 seconds (235.63 k allocations: 234.885 MiB)
7704
  0.866883 seconds (255.72 k allocations: 256.762 MiB)
2704
  1.775039 seconds (712.01 k allocations: 708.337 MiB)
5200
  1.266044 seconds (554.57 k allocations: 549.278 MiB)
3955
  0.866388 seconds (494.50 k allocations: 490.571 MiB)
202
  0.868536 seconds (554.57 k allocations: 549.278 MiB)
6454
  0.865299 seconds (392.32 k allocations: 388.292 MiB)
8956
  0.876054 seconds (357.24 k allocations: 354.930 MiB)
1455
  0.867015 seconds (323.19 k allocations: 321.326 MiB)
2705
  0.925282 seconds (475.34 k allocations: 470.812 MiB)
7705
  1.130579 seconds (583.75 k allocations: 579.659 MiB)
5201
  0.856049 seconds (511.94 k allocations: 507.058 MiB)
3956
  0.858479 seconds (537.28 k allocations: 531.507 MiB)
203
  1.782779 seconds (545.05 k allocations: 538.961 MiB, 20.05% gc time)
  1.687994 seconds (388.08 k allocations: 383.224 MiB, 21.18% gc time)
  1.657661 seconds (315.88 k allocations: 312.914 MiB, 21.57% gc time)
  1.647131 seconds (307.54 k allocations: 303.673 MiB, 21.70% gc time)
  1.567317 seconds (228.50 k allocations: 225.415 MiB, 22.81% gc time)
  1.218574 seconds (57.59 k allocations: 55.359 MiB, 29.34% gc time)
  1.391875 seconds (149.97 k allocations: 148.401 MiB, 25.68% gc time)
1456
8957
7706
3957
5202
2706
6455
  0.862539 seconds (528.26 k allocations: 514.147 MiB)
204
  0.879138 seconds (96.79 k allocations: 101.391 MiB)
5203
  0.923717 seconds (151.25 k allocations: 154.941 MiB)
1457
  0.933208 seconds (170.93 k allocations: 171.545 MiB)
8958
  0.935436 seconds (177.79 k allocations: 179.562 MiB)
7707
  0.933462 seconds (184.31 k allocations: 185.975 MiB)
6456
  0.940120 seconds (196.06 k allocations: 201.114 MiB)
3958
  0.942656 seconds (231.78 k allocations: 234.271 MiB)
2707
  0.877112 seconds (554.57 k allocations: 549.278 MiB)
205
  0.867635 seconds (214.71 k allocations: 214.263 MiB)
1458
  0.865718 seconds (139.66 k allocations: 142.640 MiB)
6457
  0.866132 seconds (135.56 k allocations: 138.920 MiB)
8959
  0.863766 seconds (133.75 k allocations: 136.182 MiB)
7708
  0.871095 seconds (155.24 k allocations: 159.384 MiB)
3959
  0.870018 seconds (225.32 k allocations: 225.433 MiB)
2708
  1.069140 seconds (1.01 M allocations: 992.076 MiB)
5204
  0.865915 seconds (554.57 k allocations: 549.278 MiB)
206
  0.890134 seconds (336.90 k allocations: 333.822 MiB)
  0.862182 seconds (194.56 k allocations: 194.051 MiB)
8960
1459
  0.875575 seconds (228.17 k allocations: 231.412 MiB)
6458
  0.874952 seconds (221.96 k allocations: 224.445 MiB)
7709
  0.864338 seconds (220.09 k allocations: 221.640 MiB)
2709
  0.876098 seconds (255.52 k allocations: 258.216 MiB)
3960
  2.089532 seconds (399.31 k allocations: 393.381 MiB, 27.72% gc time)
  1.445430 seconds (320.40 k allocations: 315.161 MiB, 40.08% gc time)
5205
207
  0.846897 seconds (269.58 k allocations: 266.606 MiB)
8961
  0.947361 seconds (233.90 k allocations: 232.612 MiB)
6459
  0.959861 seconds (280.53 k allocations: 279.896 MiB)
1460
  0.944079 seconds (204.75 k allocations: 206.365 MiB)
2710
  0.950303 seconds (231.66 k allocations: 231.086 MiB)
  0.953754 seconds (241.84 k allocations: 242.206 MiB)
7710
3961
  0.932776 seconds (265.52 k allocations: 265.120 MiB)
5206
  0.933063 seconds (294.41 k allocations: 292.983 MiB)
208
  0.898300 seconds (554.57 k allocations: 549.278 MiB)
8962
  0.863398 seconds (325.06 k allocations: 321.075 MiB)
6460
  0.858599 seconds (242.40 k allocations: 242.163 MiB)
1461
  0.869628 seconds (257.89 k allocations: 257.187 MiB)
2711
  0.861030 seconds (202.00 k allocations: 203.925 MiB)
7711
  0.876988 seconds (265.66 k allocations: 265.041 MiB)
3962
  0.876236 seconds (342.79 k allocations: 339.067 MiB)
209
  1.069894 seconds (571.46 k allocations: 566.672 MiB)
5207
  0.871489 seconds (554.57 k allocations: 549.278 MiB)
8963
  0.873902 seconds (404.64 k allocations: 400.082 MiB)
6461
  0.869689 seconds (370.37 k allocations: 366.064 MiB)
1462
  0.861420 seconds (334.70 k allocations: 332.125 MiB)
2712
  0.860454 seconds (397.76 k allocations: 393.916 MiB)
7712
  0.872183 seconds (440.43 k allocations: 436.173 MiB)
3963
  0.861460 seconds (493.43 k allocations: 488.332 MiB)
210
  1.448647 seconds (265.89 k allocations: 263.662 MiB, 33.01% gc time)
  1.535174 seconds (465.83 k allocations: 460.500 MiB, 31.15% gc time)
  1.437403 seconds (228.65 k allocations: 225.328 MiB, 33.27% gc time)
  1.367888 seconds (61.74 k allocations: 60.386 MiB, 34.96% gc time)
  1.427880 seconds (206.03 k allocations: 201.117 MiB, 33.49% gc time)
  2.117767 seconds (545.14 k allocations: 539.023 MiB, 22.58% gc time)
  1.361761 seconds (52.19 k allocations: 50.073 MiB, 35.12% gc time)
8964
3964
7713
2713
1463
6462
5208
  0.858267 seconds (526.40 k allocations: 512.339 MiB)
211
  0.929198 seconds (79.23 k allocations: 78.479 MiB)
8965
  0.933260 seconds (82.09 k allocations: 82.648 MiB)
7714
  0.935920 seconds (87.81 k allocations: 89.549 MiB)
  0.936409 seconds (89.51 k allocations: 92.002 MiB)
  0.935529 seconds (91.65 k allocations: 95.240 MiB)
3965
2714
5209
  0.939766 seconds (113.46 k allocations: 118.414 MiB)
6463
  0.941357 seconds (127.08 k allocations: 132.795 MiB)
1464
  0.863933 seconds (554.57 k allocations: 549.278 MiB)
212
  0.853239 seconds (79.22 k allocations: 78.479 MiB)
  0.867737 seconds (114.82 k allocations: 119.857 MiB)
6464
  0.865766 seconds (100.94 k allocations: 105.748 MiB)
2715
3966
  0.868881 seconds (108.66 k allocations: 113.381 MiB)
7715
  0.876148 seconds (131.60 k allocations: 137.983 MiB)
5210
  0.888391 seconds (196.62 k allocations: 205.326 MiB)
8966
  0.890108 seconds (258.83 k allocations: 258.925 MiB)
1465
  0.876861 seconds (554.57 k allocations: 549.278 MiB)
213
  0.868379 seconds (197.22 k allocations: 198.748 MiB)
6465
  0.870156 seconds (158.69 k allocations: 162.071 MiB)
  0.859956 seconds (118.83 k allocations: 122.537 MiB)
8967
2716
  0.871278 seconds (148.80 k allocations: 152.998 MiB)
3967
  0.870030 seconds (150.59 k allocations: 153.702 MiB)
5211
  0.871767 seconds (159.37 k allocations: 163.518 MiB)
7716
  0.865525 seconds (210.10 k allocations: 212.312 MiB)
1466
  1.346721 seconds (339.16 k allocations: 334.566 MiB, 36.09% gc time)
214
  0.862154 seconds (249.16 k allocations: 247.013 MiB)
6466
  0.957179 seconds (187.16 k allocations: 187.907 MiB)
2717
  0.966641 seconds (211.35 k allocations: 213.696 MiB)
8968
  0.943547 seconds (138.79 k allocations: 139.563 MiB)
1467
  0.964018 seconds (188.62 k allocations: 192.353 MiB)
3968
  0.959821 seconds (180.21 k allocations: 183.285 MiB)
7717
  0.963350 seconds (209.56 k allocations: 212.817 MiB)
5212
  0.933917 seconds (266.73 k allocations: 266.472 MiB)
215
  0.852434 seconds (554.57 k allocations: 549.278 MiB)
6467
  0.863942 seconds (225.67 k allocations: 225.632 MiB)
2718
  0.863734 seconds (206.14 k allocations: 207.142 MiB)
8969
  0.863102 seconds (161.02 k allocations: 164.180 MiB)
1468
  0.860646 seconds (148.28 k allocations: 150.979 MiB)
7718
  0.869778 seconds (192.04 k allocations: 194.266 MiB)
3969
  0.871928 seconds (233.61 k allocations: 234.250 MiB)
5213
  0.868229 seconds (279.85 k allocations: 278.717 MiB)
216
  0.864386 seconds (554.57 k allocations: 549.278 MiB)
6468
  0.861977 seconds (251.99 k allocations: 251.174 MiB)
2719
  0.863890 seconds (236.03 k allocations: 236.070 MiB)
8970
  0.853372 seconds (167.72 k allocations: 170.920 MiB)
1469
  0.869581 seconds (232.42 k allocations: 233.043 MiB)
7719
  0.853269 seconds (197.67 k allocations: 198.756 MiB)
5214
  0.879858 seconds (320.48 k allocations: 318.643 MiB)
3970
  0.861046 seconds (441.24 k allocations: 434.404 MiB)
217
  1.088187 seconds (218.30 k allocations: 216.467 MiB, 15.79% gc time)
  1.222372 seconds (544.91 k allocations: 538.516 MiB, 14.06% gc time)
  1.078996 seconds (163.78 k allocations: 160.399 MiB, 15.93% gc time)
  1.079565 seconds (166.32 k allocations: 162.890 MiB, 15.92% gc time)
  1.056585 seconds (70.74 k allocations: 68.904 MiB, 16.27% gc time)
  1.040718 seconds (41.79 k allocations: 40.101 MiB, 16.51% gc time)
  1.057512 seconds (73.06 k allocations: 72.071 MiB, 16.25% gc time)
7720
8971
1470
5215
2720
3971
6469
  0.863319 seconds (530.48 k allocations: 516.329 MiB)
218
  0.875421 seconds (132.30 k allocations: 136.609 MiB)
7721
  0.869204 seconds (90.00 k allocations: 91.446 MiB)
  0.876657 seconds (108.99 k allocations: 115.898 MiB)
6470
8972
  0.876545 seconds (106.54 k allocations: 112.579 MiB)
2721
  0.879333 seconds (130.98 k allocations: 134.940 MiB)
1471
  0.876350 seconds (150.46 k allocations: 153.790 MiB)
  0.884093 seconds (157.53 k allocations: 162.147 MiB)
3972
5216
  0.870247 seconds (554.57 k allocations: 549.278 MiB)
219
  0.859956 seconds (198.17 k allocations: 199.652 MiB)
7722
  0.859056 seconds (133.21 k allocations: 135.244 MiB)
  0.864581 seconds (157.61 k allocations: 160.930 MiB)
8973
2722
  0.873298 seconds (197.62 k allocations: 202.179 MiB)
6471
  0.860775 seconds (149.42 k allocations: 152.605 MiB)
  0.852166 seconds (143.42 k allocations: 146.775 MiB)
1472
3973
  1.101443 seconds (566.70 k allocations: 562.104 MiB)
5217
  0.870806 seconds (554.57 k allocations: 549.278 MiB)
220
  0.862231 seconds (242.43 k allocations: 242.213 MiB)
7723
  0.856281 seconds (209.13 k allocations: 210.564 MiB)
  0.867255 seconds (255.32 k allocations: 257.717 MiB)
2723
8974
  0.861892 seconds (228.02 k allocations: 230.249 MiB)
3974
  0.863023 seconds (261.64 k allocations: 262.652 MiB)
6472
  0.865829 seconds (313.93 k allocations: 312.874 MiB)
1473
  1.767204 seconds (384.85 k allocations: 379.509 MiB, 18.33% gc time)
  1.183428 seconds (305.77 k allocations: 301.201 MiB, 27.38% gc time)
221
5218
  0.861001 seconds (283.88 k allocations: 280.230 MiB)
8975
  0.879727 seconds (79.23 k allocations: 78.479 MiB)
222
  0.949004 seconds (246.81 k allocations: 245.189 MiB)
3975
  0.956076 seconds (267.86 k allocations: 269.219 MiB)
2724
  0.956701 seconds (267.70 k allocations: 268.006 MiB)
7724
  0.950516 seconds (287.92 k allocations: 287.577 MiB)
1474
  0.939422 seconds (338.94 k allocations: 334.168 MiB)
  0.965366 seconds (390.19 k allocations: 387.026 MiB)
5219
6473
  0.857633 seconds (554.57 k allocations: 549.278 MiB)
8976
  0.850520 seconds (311.10 k allocations: 307.699 MiB)
3976
  0.863703 seconds (286.86 k allocations: 284.704 MiB)
  0.860849 seconds (268.17 k allocations: 266.967 MiB)
223
2725
  0.862018 seconds (260.59 k allocations: 260.005 MiB)
7725
  0.863454 seconds (253.87 k allocations: 253.780 MiB)
1475
  0.868303 seconds (291.92 k allocations: 290.388 MiB)
6474
  1.074841 seconds (554.57 k allocations: 549.278 MiB)
5220
  0.866431 seconds (554.57 k allocations: 549.278 MiB)
8977
  0.871333 seconds (406.14 k allocations: 400.106 MiB)
3977
  0.874250 seconds (322.23 k allocations: 320.014 MiB)
2726
  0.865944 seconds (297.50 k allocations: 297.776 MiB)
1476
  0.852481 seconds (287.10 k allocations: 285.574 MiB)
  0.868385 seconds (301.21 k allocations: 302.706 MiB)
224
7726
  0.875411 seconds (311.10 k allocations: 312.602 MiB)
6475
  1.513685 seconds (131.93 k allocations: 129.947 MiB, 38.32% gc time)
  1.619668 seconds (368.65 k allocations: 362.423 MiB, 35.81% gc time)
  1.741517 seconds (465.86 k allocations: 460.534 MiB, 33.30% gc time)
  1.452218 seconds (11.92 k allocations: 11.420 MiB, 39.94% gc time)
  1.488548 seconds (75.12 k allocations: 74.331 MiB, 38.96% gc time)
  1.456206 seconds (15.52 k allocations: 16.047 MiB, 39.83% gc time)
  2.282934 seconds (545.31 k allocations: 539.117 MiB, 25.41% gc time)
3978
6476
7727
8978
1477
5221
2727
  0.867523 seconds (523.68 k allocations: 509.697 MiB)
225
  0.935086 seconds (102.48 k allocations: 106.830 MiB)
5222
  0.938147 seconds (99.68 k allocations: 105.607 MiB)
3979
  0.938615 seconds (98.29 k allocations: 100.809 MiB)
8979
  0.945566 seconds (119.43 k allocations: 123.690 MiB)
1478
  0.947967 seconds (140.97 k allocations: 144.520 MiB)
2728
  0.955234 seconds (181.21 k allocations: 184.437 MiB)
7728
  0.951653 seconds (199.16 k allocations: 201.835 MiB)
6477
  0.860228 seconds (554.57 k allocations: 549.278 MiB)
226
  0.854437 seconds (141.86 k allocations: 142.101 MiB)
1479
  0.869812 seconds (229.36 k allocations: 230.932 MiB)
3980
  0.855434 seconds (135.59 k allocations: 137.723 MiB)
2729
  0.869065 seconds (177.48 k allocations: 180.479 MiB)
8980
  0.864200 seconds (192.28 k allocations: 193.636 MiB)
7729
  0.864508 seconds (209.75 k allocations: 210.526 MiB)
6478
  1.084167 seconds (612.72 k allocations: 608.604 MiB)
5223
  0.854115 seconds (554.57 k allocations: 549.278 MiB)
227
  0.878604 seconds (240.32 k allocations: 240.187 MiB)
  0.870932 seconds (207.86 k allocations: 208.659 MiB)
2730
3981
  0.891235 seconds (284.53 k allocations: 286.602 MiB)
1480
  0.866576 seconds (186.53 k allocations: 189.338 MiB)
8981
  0.886665 seconds (260.96 k allocations: 261.986 MiB)
6479
  0.877382 seconds (260.28 k allocations: 261.535 MiB)
7730
  1.892607 seconds (429.85 k allocations: 422.577 MiB, 26.78% gc time)
  1.359801 seconds (351.15 k allocations: 344.618 MiB, 37.27% gc time)
228
5224
  0.872294 seconds (239.74 k allocations: 238.051 MiB)
3982
  0.968615 seconds (258.13 k allocations: 255.791 MiB)
1481
  0.980712 seconds (281.04 k allocations: 279.125 MiB)
2731
  0.985979 seconds (274.69 k allocations: 272.063 MiB)
8982
  0.991008 seconds (291.64 k allocations: 289.701 MiB)
  0.963015 seconds (228.43 k allocations: 227.986 MiB)
7731
6480
  0.928815 seconds (175.28 k allocations: 178.767 MiB)
229
  0.935264 seconds (283.82 k allocations: 282.839 MiB)
5225
  0.867121 seconds (554.57 k allocations: 549.278 MiB)
3983
  0.863921 seconds (243.08 k allocations: 241.403 MiB)
  0.872742 seconds (305.10 k allocations: 302.587 MiB)
2732
1482
  0.857274 seconds (156.88 k allocations: 159.292 MiB)
8983
  0.869873 seconds (205.37 k allocations: 207.149 MiB)
  0.853384 seconds (166.10 k allocations: 167.722 MiB)
6481
230
  0.868597 seconds (211.42 k allocations: 214.572 MiB)
7732
  1.051267 seconds (554.57 k allocations: 549.278 MiB)
5226
  0.867049 seconds (554.57 k allocations: 549.278 MiB)
3984
  0.868964 seconds (296.48 k allocations: 293.917 MiB)
2733
  0.871963 seconds (295.51 k allocations: 294.442 MiB)
1483
  0.864765 seconds (254.68 k allocations: 255.574 MiB)
8984
  0.868745 seconds (277.37 k allocations: 277.471 MiB)
6482
  0.862281 seconds (280.63 k allocations: 280.816 MiB)
7733
  0.853452 seconds (325.20 k allocations: 323.662 MiB)
231
  1.208782 seconds (465.83 k allocations: 460.488 MiB, 15.16% gc time)
  1.080630 seconds (108.34 k allocations: 107.389 MiB, 16.96% gc time)
  1.056913 seconds (38.92 k allocations: 37.258 MiB, 17.34% gc time)
  1.079945 seconds (106.02 k allocations: 103.913 MiB, 16.97% gc time)
  1.059206 seconds (41.10 k allocations: 40.551 MiB, 17.30% gc time)
  1.794519 seconds (545.37 k allocations: 539.249 MiB, 10.21% gc time)
  1.078586 seconds (101.65 k allocations: 99.745 MiB, 16.99% gc time)
1484
6483
7734
8985
5227
3985
2734
  0.852897 seconds (526.91 k allocations: 512.863 MiB)
232
  0.876944 seconds (81.46 k allocations: 83.069 MiB)
1485
  0.880244 seconds (85.23 k allocations: 88.105 MiB)
7735
  0.883242 seconds (92.63 k allocations: 95.390 MiB)
  0.879672 seconds (93.65 k allocations: 96.086 MiB)
8986
2735
  0.890822 seconds (127.96 k allocations: 132.055 MiB)
6484
  0.924682 seconds (323.08 k allocations: 326.301 MiB)
5228
  0.933273 seconds (431.34 k allocations: 424.008 MiB)
3986
  0.862506 seconds (554.57 k allocations: 549.278 MiB)
233
  0.856980 seconds (208.67 k allocations: 207.263 MiB)
8987
  0.859318 seconds (212.31 k allocations: 212.153 MiB)
2736
  0.873436 seconds (267.29 k allocations: 268.661 MiB)
1486
  0.867236 seconds (222.64 k allocations: 223.667 MiB)
7736
  0.873097 seconds (259.10 k allocations: 258.789 MiB)
6485
  0.869969 seconds (382.35 k allocations: 378.157 MiB)
3987
  1.077597 seconds (575.53 k allocations: 570.567 MiB)
5229
  0.854483 seconds (554.57 k allocations: 549.278 MiB)
234
  0.863570 seconds (340.77 k allocations: 338.960 MiB)
8988
  0.875708 seconds (345.56 k allocations: 342.380 MiB)
2737
  0.859447 seconds (257.10 k allocations: 257.886 MiB)
7737
  0.859594 seconds (269.93 k allocations: 269.142 MiB)
6486
  0.871608 seconds (297.08 k allocations: 297.770 MiB)
1487
  0.878277 seconds (396.19 k allocations: 391.608 MiB)
  1.140830 seconds (245.18 k allocations: 243.180 MiB, 25.28% gc time)
  1.691405 seconds (324.42 k allocations: 321.657 MiB, 17.05% gc time)
3988
235
5230
  0.858566 seconds (338.06 k allocations: 332.067 MiB)
8989
  0.864001 seconds (79.23 k allocations: 78.479 MiB)
236
  0.947091 seconds (317.42 k allocations: 313.941 MiB)
7738
  0.964696 seconds (359.20 k allocations: 355.381 MiB)
2738
  0.946824 seconds (286.77 k allocations: 286.272 MiB)
6487
  0.948758 seconds (316.67 k allocations: 315.118 MiB)
1488
  0.926552 seconds (270.02 k allocations: 269.425 MiB)
5231
  0.928823 seconds (291.35 k allocations: 291.283 MiB)
3989
  0.862343 seconds (554.57 k allocations: 549.278 MiB)
8990
  0.860300 seconds (440.44 k allocations: 433.964 MiB)
237
  0.859691 seconds (320.79 k allocations: 317.193 MiB)
7739
  0.865685 seconds (240.73 k allocations: 240.780 MiB)
2739
  0.869102 seconds (238.71 k allocations: 239.071 MiB)
6488
  0.868650 seconds (241.96 k allocations: 242.362 MiB)
1489
  0.868073 seconds (249.80 k allocations: 250.094 MiB)
5232
  0.872498 seconds (303.18 k allocations: 301.367 MiB)
3990
  0.867412 seconds (554.57 k allocations: 549.278 MiB)
8991
  0.866223 seconds (372.97 k allocations: 366.914 MiB)
7740
  0.852104 seconds (170.14 k allocations: 171.797 MiB)
238
  0.865558 seconds (219.44 k allocations: 221.628 MiB)
2740
  0.870441 seconds (215.73 k allocations: 217.084 MiB)
6489
  0.868145 seconds (217.39 k allocations: 217.651 MiB)
  0.871628 seconds (228.73 k allocations: 229.751 MiB)
5233
1490
  0.868932 seconds (256.34 k allocations: 256.537 MiB)
3991
  1.393380 seconds (274.88 k allocations: 266.697 MiB, 33.89% gc time)
  1.364050 seconds (103.23 k allocations: 101.247 MiB, 34.62% gc time)
  1.509726 seconds (473.89 k allocations: 468.389 MiB, 31.28% gc time)
  1.349874 seconds (37.45 k allocations: 37.069 MiB, 34.98% gc time)
2741
7741
8992
6490
  0.894091 seconds (368.64 k allocations: 360.109 MiB)
3992
  0.945044 seconds (285.83 k allocations: 282.325 MiB)
  0.990999 seconds (477.19 k allocations: 473.599 MiB)
239
1491
  0.971823 seconds (332.54 k allocations: 328.649 MiB)
5234
  0.943265 seconds (239.92 k allocations: 237.783 MiB)
7742
  0.944614 seconds (246.78 k allocations: 245.760 MiB)
8993
  0.952329 seconds (293.12 k allocations: 293.975 MiB)
2742
  0.986411 seconds (483.59 k allocations: 477.690 MiB)
6491
  0.876416 seconds (554.57 k allocations: 549.278 MiB)
3993
  0.859060 seconds (436.11 k allocations: 428.968 MiB)
240
  0.875464 seconds (445.69 k allocations: 439.568 MiB)
1492
  0.868641 seconds (312.73 k allocations: 309.690 MiB)
5235
  0.866888 seconds (287.63 k allocations: 284.639 MiB)
8994
  0.875979 seconds (328.63 k allocations: 325.319 MiB)
7743
  0.890842 seconds (423.52 k allocations: 418.766 MiB)
2743
  0.875592 seconds (486.64 k allocations: 480.589 MiB)
6492
  0.873757 seconds (554.57 k allocations: 549.278 MiB)
3994
  0.859041 seconds (426.11 k allocations: 420.639 MiB)
241
  0.876797 seconds (380.71 k allocations: 377.412 MiB)
1493
  0.876769 seconds (347.35 k allocations: 344.264 MiB)
5236
  0.873086 seconds (333.99 k allocations: 330.249 MiB)
8995
  0.858226 seconds (350.53 k allocations: 346.264 MiB)
2744
  0.866210 seconds (387.91 k allocations: 384.686 MiB)
7744
  0.872788 seconds (435.47 k allocations: 431.631 MiB)
  1.334818 seconds (359.58 k allocations: 356.351 MiB, 25.65% gc time)
  1.228694 seconds (89.22 k allocations: 89.380 MiB, 27.87% gc time)
  1.255212 seconds (189.42 k allocations: 188.055 MiB, 27.28% gc time)
6493
  1.220709 seconds (68.28 k allocations: 67.639 MiB, 28.05% gc time)
3995
1494
242
5237
  0.870007 seconds (465.03 k allocations: 453.607 MiB)
8996
  0.876599 seconds (79.23 k allocations: 78.479 MiB)
5238
  0.930492 seconds (301.01 k allocations: 299.487 MiB)
2745
  0.925274 seconds (194.25 k allocations: 191.423 MiB)
  0.926100 seconds (196.50 k allocations: 194.710 MiB)
243
  0.935163 seconds (230.43 k allocations: 234.943 MiB)
6494
7745
  0.933058 seconds (232.83 k allocations: 232.621 MiB)
3996
  0.935102 seconds (245.84 k allocations: 246.508 MiB)
1495
  0.869890 seconds (554.57 k allocations: 549.278 MiB)
8997
  0.870528 seconds (431.74 k allocations: 423.158 MiB)
5239
  0.877253 seconds (398.58 k allocations: 391.634 MiB)
2746
  0.860191 seconds (220.68 k allocations: 219.164 MiB)
1496
  0.869796 seconds (256.14 k allocations: 256.962 MiB)
6495
  0.870194 seconds (261.99 k allocations: 262.763 MiB)
  0.858117 seconds (238.01 k allocations: 239.143 MiB)
3997
244
  0.868488 seconds (328.71 k allocations: 328.251 MiB)
7746
  0.863384 seconds (554.57 k allocations: 549.278 MiB)
8998
  0.865441 seconds (471.87 k allocations: 463.102 MiB)
5240
  0.865829 seconds (390.66 k allocations: 384.126 MiB)
2747
  0.860269 seconds (242.48 k allocations: 241.237 MiB)
  0.872679 seconds (291.72 k allocations: 290.953 MiB)
3998
1497
  0.869047 seconds (276.34 k allocations: 275.257 MiB)
6496
  0.866870 seconds (293.90 k allocations: 293.498 MiB)
7747
  1.081191 seconds (31.96 k allocations: 32.040 MiB, 19.72% gc time)
  1.200948 seconds (211.84 k allocations: 212.535 MiB, 17.75% gc time)
  1.908271 seconds (291.24 k allocations: 291.139 MiB, 11.17% gc time)
2748
8999
245
  0.861641 seconds (450.38 k allocations: 439.572 MiB)
5241
  0.878556 seconds (79.22 k allocations: 78.479 MiB)
2749
  0.940901 seconds (187.74 k allocations: 188.664 MiB)
1498
  0.929623 seconds (144.23 k allocations: 145.989 MiB)
7748
  0.946174 seconds (204.01 k allocations: 207.092 MiB)
3999
  0.931711 seconds (155.73 k allocations: 159.855 MiB)
  0.928166 seconds (158.05 k allocations: 161.004 MiB)
246
9000
  0.950228 seconds (231.26 k allocations: 237.457 MiB)
6497
  0.865313 seconds (554.57 k allocations: 549.278 MiB)
5242
  0.858568 seconds (431.11 k allocations: 422.552 MiB)
2750
  0.853454 seconds (141.12 k allocations: 141.592 MiB)
247
  0.857836 seconds (152.71 k allocations: 155.316 MiB)
7749
  0.860605 seconds (162.81 k allocations: 165.202 MiB)
4000
  0.863733 seconds (193.39 k allocations: 194.663 MiB)
  0.871186 seconds (215.01 k allocations: 219.985 MiB)
9001
1499
  0.864758 seconds (221.58 k allocations: 223.298 MiB)
6498
  0.869667 seconds (554.57 k allocations: 549.278 MiB)
5243
  0.867613 seconds (472.63 k allocations: 462.282 MiB)
2751
  0.853708 seconds (180.41 k allocations: 182.845 MiB)
248
  0.868344 seconds (154.03 k allocations: 156.606 MiB)
7750
  0.865701 seconds (134.48 k allocations: 136.897 MiB)
9002
  0.877574 seconds (172.97 k allocations: 177.587 MiB)
  0.867637 seconds (149.44 k allocations: 152.771 MiB)
4001
  0.871179 seconds (155.72 k allocations: 161.450 MiB)
6499
1500
  1.045632 seconds (463.04 k allocations: 454.353 MiB, 16.29% gc time)
5244
  0.867848 seconds (135.29 k allocations: 134.365 MiB)
2752
  0.945181 seconds (164.94 k allocations: 162.945 MiB)
7751
  0.979621 seconds (254.55 k allocations: 257.677 MiB)
  0.976242 seconds (232.66 k allocations: 235.461 MiB)
4002
  0.883008 seconds (87.95 k allocations: 90.794 MiB)
6500
5245
  0.966271 seconds (213.26 k allocations: 216.125 MiB)
9003
  0.981058 seconds (269.20 k allocations: 272.364 MiB)
1501
  0.937159 seconds (260.15 k allocations: 261.416 MiB)
249
  0.864242 seconds (554.57 k allocations: 549.278 MiB)
2753
  0.867308 seconds (152.72 k allocations: 156.149 MiB)
7752
  0.865522 seconds (112.92 k allocations: 114.605 MiB)
9004
  0.869834 seconds (123.05 k allocations: 125.714 MiB)
  0.873824 seconds (141.35 k allocations: 147.973 MiB)
5246
6501
  0.867416 seconds (122.56 k allocations: 126.896 MiB)
  0.871870 seconds (133.24 k allocations: 138.973 MiB)
1502
4003
  0.863771 seconds (184.35 k allocations: 187.677 MiB)
250
  0.860827 seconds (554.57 k allocations: 549.278 MiB)
2754
  0.866908 seconds (125.34 k allocations: 128.733 MiB)
7753
  0.856044 seconds (84.05 k allocations: 84.523 MiB)
  0.869734 seconds (120.99 k allocations: 126.178 MiB)
  0.864984 seconds (101.54 k allocations: 106.539 MiB)
251
  0.861842 seconds (92.31 k allocations: 98.696 MiB)
5247
9005
  0.874224 seconds (139.10 k allocations: 147.777 MiB)
1503
6502
  0.869706 seconds (156.82 k allocations: 161.319 MiB)
4004
  1.368623 seconds (544.28 k allocations: 536.978 MiB, 25.72% gc time)
  1.252272 seconds (75.86 k allocations: 76.288 MiB, 28.10% gc time)
  1.251060 seconds (69.67 k allocations: 70.321 MiB, 28.13% gc time)
  1.235689 seconds (12.69 k allocations: 12.121 MiB, 28.48% gc time)
  1.242425 seconds (30.55 k allocations: 30.446 MiB, 28.33% gc time)
  1.242882 seconds (32.08 k allocations: 32.201 MiB, 28.32% gc time)
6503
1504
7754
252
9006
2755
  0.862464 seconds (451.26 k allocations: 439.180 MiB)
5248
  0.980618 seconds (543.25 k allocations: 531.128 MiB)
4005
  0.935652 seconds (151.49 k allocations: 150.275 MiB)
7755
  0.927282 seconds (146.95 k allocations: 146.154 MiB)
253
  0.940681 seconds (170.15 k allocations: 171.008 MiB)
  0.942983 seconds (174.99 k allocations: 176.295 MiB)
6504
  0.943685 seconds (180.57 k allocations: 183.759 MiB)
9007
  0.942633 seconds (183.51 k allocations: 187.410 MiB)
1505
2756
  0.871999 seconds (554.57 k allocations: 549.278 MiB)
5249
  0.866275 seconds (502.93 k allocations: 491.275 MiB)
4006
  0.859953 seconds (174.10 k allocations: 176.839 MiB)
254
  0.870155 seconds (193.85 k allocations: 195.920 MiB)
  0.865652 seconds (172.16 k allocations: 173.680 MiB)
  0.859707 seconds (168.20 k allocations: 169.230 MiB)
7756
9008
  0.866357 seconds (178.56 k allocations: 181.855 MiB)
1506
2757
  0.871517 seconds (219.70 k allocations: 223.937 MiB)
6505
  0.872104 seconds (554.57 k allocations: 549.278 MiB)
5250
  0.874113 seconds (483.07 k allocations: 472.267 MiB)
4007
  0.854244 seconds (146.68 k allocations: 146.899 MiB)
255
  0.858464 seconds (155.01 k allocations: 156.299 MiB)
  0.864270 seconds (169.01 k allocations: 172.145 MiB)
  0.877769 seconds (215.89 k allocations: 220.992 MiB)
9009
2758
1507
  0.863943 seconds (182.51 k allocations: 185.701 MiB)
6506
  0.867493 seconds (211.84 k allocations: 215.178 MiB)
7757
  1.180065 seconds (272.66 k allocations: 262.370 MiB, 26.53% gc time)
  1.307294 seconds (393.19 k allocations: 387.512 MiB, 23.95% gc time)
4008
5251
  0.865350 seconds (272.13 k allocations: 269.013 MiB)
9010
  0.878765 seconds (80.69 k allocations: 81.105 MiB)
4009
  0.972844 seconds (328.02 k allocations: 325.342 MiB)
2759
  0.943036 seconds (194.12 k allocations: 196.201 MiB)
256
  0.956624 seconds (245.57 k allocations: 248.061 MiB)
  0.943163 seconds (205.21 k allocations: 207.014 MiB)
1508
7758
  0.946693 seconds (218.61 k allocations: 221.460 MiB)
6507
  0.937848 seconds (400.00 k allocations: 395.245 MiB)
5252
  0.865886 seconds (554.57 k allocations: 549.278 MiB)
9011
  0.870464 seconds (311.88 k allocations: 309.736 MiB)
4010
  0.867387 seconds (211.78 k allocations: 212.874 MiB)
2760
  0.860932 seconds (162.55 k allocations: 164.762 MiB)
1509
  0.866439 seconds (183.63 k allocations: 186.372 MiB)
6508
  0.860893 seconds (171.24 k allocations: 173.419 MiB)
  0.861964 seconds (177.99 k allocations: 181.308 MiB)
7759
257
  0.871706 seconds (422.63 k allocations: 416.902 MiB)
5253
  0.866446 seconds (554.57 k allocations: 549.278 MiB)
9012
  0.866355 seconds (200.90 k allocations: 201.035 MiB)
  0.851227 seconds (122.99 k allocations: 122.967 MiB)
2761
258
  0.881957 seconds (294.31 k allocations: 295.922 MiB)
4011
  0.859864 seconds (148.74 k allocations: 150.511 MiB)
7760
  0.875175 seconds (211.22 k allocations: 215.399 MiB)
1510
  0.870011 seconds (189.68 k allocations: 195.003 MiB)
6509
  0.868021 seconds (349.00 k allocations: 345.212 MiB)
5254
  1.064147 seconds (142.90 k allocations: 141.639 MiB, 16.90% gc time)
  1.187005 seconds (511.50 k allocations: 505.624 MiB, 15.15% gc time)
  1.051844 seconds (83.78 k allocations: 82.644 MiB, 17.10% gc time)
  1.044629 seconds (63.23 k allocations: 61.699 MiB, 17.22% gc time)
  1.052043 seconds (84.48 k allocations: 83.245 MiB, 17.10% gc time)
  1.029836 seconds (29.67 k allocations: 28.657 MiB, 17.47% gc time)
7761
6510
1511
9013
259
2762
  0.874133 seconds (479.66 k allocations: 467.579 MiB)
4012
  0.880588 seconds (323.04 k allocations: 317.918 MiB)
5255
  0.871306 seconds (147.41 k allocations: 151.289 MiB)
260
  0.872585 seconds (143.94 k allocations: 144.497 MiB)
9014
  0.880057 seconds (173.72 k allocations: 174.424 MiB)
  0.877794 seconds (177.83 k allocations: 178.512 MiB)
1512
2763
  0.882155 seconds (187.37 k allocations: 189.116 MiB)
  0.884333 seconds (190.99 k allocations: 194.016 MiB)
6511
7762
  0.871142 seconds (536.95 k allocations: 530.996 MiB)
4013
  0.878291 seconds (433.17 k allocations: 423.299 MiB)
5256
  0.862222 seconds (199.37 k allocations: 201.021 MiB)
261
  0.857248 seconds (131.61 k allocations: 132.710 MiB)
2764
  0.867253 seconds (164.35 k allocations: 165.446 MiB)
9015
  0.870339 seconds (173.28 k allocations: 175.415 MiB)
1513
  0.867826 seconds (187.87 k allocations: 189.587 MiB)
7763
  0.873952 seconds (203.90 k allocations: 207.591 MiB)
6512
  0.868549 seconds (549.05 k allocations: 542.572 MiB)
4014
  0.884776 seconds (329.45 k allocations: 325.248 MiB)
5257
  0.854362 seconds (97.46 k allocations: 99.804 MiB)
  0.865401 seconds (150.68 k allocations: 154.492 MiB)
2765
262
  0.857611 seconds (104.11 k allocations: 108.972 MiB)
9016
  0.868226 seconds (145.19 k allocations: 149.755 MiB)
1514
  0.869008 seconds (161.93 k allocations: 165.989 MiB)
7764
  0.865712 seconds (166.53 k allocations: 170.586 MiB)
6513
  1.173628 seconds (268.58 k allocations: 267.014 MiB, 26.52% gc time)
4015
  0.854441 seconds (317.74 k allocations: 312.699 MiB)
9017
  0.840944 seconds (174.46 k allocations: 175.744 MiB)
5258
  0.924547 seconds (237.80 k allocations: 236.545 MiB)
7765
  0.878279 seconds (161.14 k allocations: 160.549 MiB)
4016
  0.939941 seconds (272.56 k allocations: 273.506 MiB)
2766
  0.931763 seconds (266.64 k allocations: 266.826 MiB)
263
  0.952162 seconds (328.28 k allocations: 328.475 MiB)
1515
  0.933453 seconds (309.53 k allocations: 309.524 MiB)
6514
  0.865953 seconds (496.27 k allocations: 491.670 MiB)
9018
  0.869482 seconds (501.63 k allocations: 496.993 MiB)
5259
  0.867377 seconds (282.99 k allocations: 282.253 MiB)
7766
  0.865994 seconds (263.49 k allocations: 263.788 MiB)
4017
  0.862097 seconds (233.41 k allocations: 235.214 MiB)
2767
  0.869089 seconds (264.84 k allocations: 265.481 MiB)
264
  0.867889 seconds (273.05 k allocations: 273.577 MiB)
1516
  0.869390 seconds (344.97 k allocations: 342.570 MiB)
6515
  0.867731 seconds (502.99 k allocations: 498.489 MiB)
9019
  0.873129 seconds (520.07 k allocations: 515.047 MiB)
5260
  0.859551 seconds (256.25 k allocations: 252.984 MiB)
2768
  0.866736 seconds (284.62 k allocations: 284.016 MiB)
7767
  0.870266 seconds (287.84 k allocations: 288.507 MiB)
4018
  0.854557 seconds (224.25 k allocations: 226.647 MiB)
265
  0.864497 seconds (283.21 k allocations: 283.275 MiB)
1517
  0.875628 seconds (403.15 k allocations: 398.269 MiB)
6516
  1.162416 seconds (467.14 k allocations: 460.521 MiB, 14.83% gc time)
  1.042378 seconds (82.92 k allocations: 80.578 MiB, 16.54% gc time)
  1.041830 seconds (80.29 k allocations: 78.064 MiB, 16.55% gc time)
  1.101855 seconds (407.85 k allocations: 399.710 MiB, 15.65% gc time)
  1.028130 seconds (17.60 k allocations: 17.201 MiB, 16.77% gc time)
9020
2769
7768
5261
266
  0.862560 seconds (416.59 k allocations: 407.281 MiB)
4019
  0.862443 seconds (79.22 k allocations: 78.479 MiB)
267
  0.869296 seconds (83.53 k allocations: 85.244 MiB)
9021
  0.877155 seconds (105.77 k allocations: 106.740 MiB)
  0.876821 seconds (106.37 k allocations: 107.448 MiB)
  0.877962 seconds (110.84 k allocations: 114.341 MiB)
2770
5262
7769
  0.964961 seconds (514.42 k allocations: 509.435 MiB)
1518
  0.942989 seconds (466.61 k allocations: 463.888 MiB)
6517
  0.871651 seconds (554.57 k allocations: 549.278 MiB)
4020
  0.855486 seconds (184.44 k allocations: 185.295 MiB)
9022
  0.862411 seconds (200.37 k allocations: 201.957 MiB)
268
  0.858096 seconds (147.04 k allocations: 151.135 MiB)
2771
  0.869477 seconds (187.26 k allocations: 188.594 MiB)
5263
  0.875643 seconds (218.93 k allocations: 220.345 MiB)
  0.871844 seconds (215.69 k allocations: 217.387 MiB)
7770
1519
  0.861043 seconds (235.87 k allocations: 236.951 MiB)
6518
  0.875966 seconds (554.57 k allocations: 549.278 MiB)
4021
  0.866390 seconds (297.35 k allocations: 294.571 MiB)
9023
  0.861041 seconds (216.39 k allocations: 217.269 MiB)
2772
  0.856662 seconds (150.24 k allocations: 152.979 MiB)
  0.859780 seconds (158.17 k allocations: 160.850 MiB)
5264
269
  0.867821 seconds (162.74 k allocations: 165.346 MiB)
1520
  0.866876 seconds (171.03 k allocations: 173.476 MiB)
  0.870598 seconds (173.46 k allocations: 175.919 MiB)
6519
7771
  1.055994 seconds (36.92 k allocations: 36.582 MiB, 17.62% gc time)
  1.179436 seconds (397.12 k allocations: 392.510 MiB, 15.78% gc time)
  1.052268 seconds (27.42 k allocations: 26.290 MiB, 17.69% gc time)
6520
4022
1521
  0.856868 seconds (366.07 k allocations: 358.955 MiB)
9024
  0.881031 seconds (229.80 k allocations: 228.690 MiB)
5265
  0.875233 seconds (138.08 k allocations: 138.673 MiB)
6521
  0.878081 seconds (154.86 k allocations: 153.714 MiB)
1522
  0.958704 seconds (438.64 k allocations: 434.009 MiB)
  0.922647 seconds (271.94 k allocations: 272.990 MiB)
2773
7772
  0.882961 seconds (172.57 k allocations: 174.962 MiB)
4023
  0.933482 seconds (365.08 k allocations: 365.476 MiB)
270
  0.863073 seconds (554.57 k allocations: 549.278 MiB)
9025
  0.871344 seconds (471.88 k allocations: 463.003 MiB)
5266
  0.860709 seconds (209.12 k allocations: 210.343 MiB)
6522
  0.857982 seconds (172.09 k allocations: 173.861 MiB)
1523
  0.872568 seconds (227.02 k allocations: 229.079 MiB)
2774
  0.861910 seconds (192.41 k allocations: 193.742 MiB)
4024
  0.861572 seconds (222.82 k allocations: 223.018 MiB)
271
  0.869936 seconds (240.52 k allocations: 242.626 MiB)
7773
  0.864092 seconds (554.57 k allocations: 549.278 MiB)
9026
  0.869906 seconds (464.85 k allocations: 454.836 MiB)
5267
  0.880596 seconds (295.69 k allocations: 293.163 MiB)
6523
  0.864149 seconds (188.04 k allocations: 187.927 MiB)
1524
  0.855914 seconds (172.24 k allocations: 173.002 MiB)
272
  0.872697 seconds (217.60 k allocations: 221.511 MiB)
2775
  0.874606 seconds (235.04 k allocations: 237.178 MiB)
4025
  0.870741 seconds (270.34 k allocations: 271.174 MiB)
7774
  1.221119 seconds (500.23 k allocations: 493.594 MiB, 15.47% gc time)
  1.082977 seconds (120.31 k allocations: 116.351 MiB, 17.44% gc time)
  1.058866 seconds (76.12 k allocations: 72.861 MiB, 17.84% gc time)
  1.142756 seconds (363.87 k allocations: 353.283 MiB, 16.53% gc time)
  1.085709 seconds (126.55 k allocations: 123.709 MiB, 17.40% gc time)
9027
7775
273
5268
2776
  0.881218 seconds (409.43 k allocations: 400.387 MiB)
4026
  0.871226 seconds (81.93 k allocations: 82.279 MiB)
274
  0.877655 seconds (89.82 k allocations: 91.272 MiB)
5269
  0.879232 seconds (96.34 k allocations: 98.944 MiB)
7776
  0.877679 seconds (100.27 k allocations: 102.842 MiB)
2777
  0.964958 seconds (470.46 k allocations: 465.948 MiB)
6524
  0.967540 seconds (496.01 k allocations: 490.608 MiB)
1525
  0.928394 seconds (397.00 k allocations: 392.366 MiB)
9028
  0.872942 seconds (554.57 k allocations: 549.278 MiB)
4027
  0.866079 seconds (274.37 k allocations: 272.574 MiB)
275
  0.870556 seconds (227.11 k allocations: 227.558 MiB)
  0.868521 seconds (211.09 k allocations: 211.145 MiB)
5270
7777
  0.875888 seconds (235.21 k allocations: 235.693 MiB)
2778
  0.865820 seconds (204.86 k allocations: 206.869 MiB)
6525
  0.882206 seconds (314.81 k allocations: 312.289 MiB)
1526
  0.861000 seconds (328.06 k allocations: 325.165 MiB)
9029
  0.870480 seconds (554.57 k allocations: 549.278 MiB)
4028
  0.849581 seconds (177.31 k allocations: 177.246 MiB)
276
  0.868043 seconds (242.38 k allocations: 242.165 MiB)
5271
  0.868992 seconds (233.84 k allocations: 235.420 MiB)
7778
  0.858053 seconds (156.22 k allocations: 160.125 MiB)
2779
  0.853661 seconds (122.26 k allocations: 127.823 MiB)
6526
  0.865452 seconds (157.29 k allocations: 161.544 MiB)
1527
  0.863417 seconds (166.33 k allocations: 170.403 MiB)
9030
  1.174152 seconds (376.67 k allocations: 372.914 MiB, 15.43% gc time)
  1.066118 seconds (57.89 k allocations: 56.655 MiB, 16.99% gc time)
  1.048921 seconds (19.03 k allocations: 18.233 MiB, 17.27% gc time)
1528
6527
4029
  0.855360 seconds (377.15 k allocations: 369.550 MiB)
9031
  0.836912 seconds (171.42 k allocations: 170.380 MiB)
5272
  0.876192 seconds (159.19 k allocations: 160.105 MiB)
  0.873678 seconds (158.58 k allocations: 157.242 MiB)
1529
  0.874144 seconds (159.95 k allocations: 161.172 MiB)
4030
6528
  0.934099 seconds (335.45 k allocations: 335.511 MiB)
277
  0.938522 seconds (353.08 k allocations: 353.829 MiB)
2780
  0.939755 seconds (405.22 k allocations: 403.900 MiB)
7779
  0.866901 seconds (509.31 k allocations: 504.528 MiB)
9032
  0.868831 seconds (512.54 k allocations: 507.840 MiB)
5273
  0.853989 seconds (180.00 k allocations: 180.011 MiB)
278
  0.867643 seconds (226.06 k allocations: 226.722 MiB)
1530
  0.872673 seconds (236.69 k allocations: 238.343 MiB)
6529
  0.875676 seconds (247.13 k allocations: 249.760 MiB)
4031
  0.869004 seconds (234.04 k allocations: 236.230 MiB)
2781
  0.863876 seconds (280.41 k allocations: 280.803 MiB)
7780
  0.868434 seconds (510.56 k allocations: 505.745 MiB)
9033
  0.868411 seconds (501.66 k allocations: 497.417 MiB)
5274
  0.860681 seconds (209.88 k allocations: 211.057 MiB)
279
  0.867247 seconds (230.32 k allocations: 233.267 MiB)
1531
  0.860635 seconds (185.46 k allocations: 188.118 MiB)
2782
  0.879176 seconds (240.77 k allocations: 243.702 MiB)
6530
  0.880668 seconds (274.37 k allocations: 273.594 MiB)
  0.895227 seconds (310.33 k allocations: 310.629 MiB)
7781
4032
  1.393557 seconds (394.46 k allocations: 389.767 MiB, 30.33% gc time)
  1.376040 seconds (374.13 k allocations: 369.048 MiB, 30.71% gc time)
  1.275568 seconds (92.85 k allocations: 90.255 MiB, 33.13% gc time)
9034
5275
280
  0.875148 seconds (302.26 k allocations: 296.653 MiB)
1532
  0.845224 seconds (67.80 k allocations: 66.317 MiB)
5276
  0.986024 seconds (468.06 k allocations: 464.864 MiB)
2783
  0.980615 seconds (363.64 k allocations: 359.638 MiB)
  0.956049 seconds (278.42 k allocations: 276.893 MiB)
4033
  0.932537 seconds (206.48 k allocations: 208.982 MiB)
281
7782
  0.941395 seconds (243.49 k allocations: 244.043 MiB)
  1.010212 seconds (450.80 k allocations: 448.576 MiB)
9035
6531
  0.899081 seconds (541.22 k allocations: 535.076 MiB)
1533
  0.874111 seconds (480.81 k allocations: 476.050 MiB)
5277
  0.875189 seconds (382.90 k allocations: 376.615 MiB)
2784
  0.878014 seconds (273.37 k allocations: 272.022 MiB)
  0.878324 seconds (273.40 k allocations: 272.449 MiB)
282
4034
  0.866899 seconds (225.71 k allocations: 228.050 MiB)
9036
  0.862854 seconds (226.39 k allocations: 227.691 MiB)
7783
  0.880628 seconds (317.58 k allocations: 316.357 MiB)
6532
  0.887000 seconds (509.73 k allocations: 504.948 MiB)
1534
  0.872381 seconds (469.04 k allocations: 464.786 MiB)
5278
  0.867624 seconds (367.05 k allocations: 360.241 MiB)
2785
  0.868995 seconds (271.91 k allocations: 270.619 MiB)
7784
  1.903140 seconds (261.95 k allocations: 261.287 MiB, 11.11% gc time)
  1.825303 seconds (202.76 k allocations: 201.039 MiB, 11.59% gc time)
  1.883680 seconds (238.28 k allocations: 236.252 MiB, 11.23% gc time)
  1.894044 seconds (247.09 k allocations: 245.849 MiB, 11.17% gc time)
  1.077076 seconds (70.09 k allocations: 68.549 MiB, 19.64% gc time)
283
9037
4035
1535
6533
  0.754707 seconds (474.74 k allocations: 462.988 MiB)
5279
  0.944127 seconds (407.33 k allocations: 399.800 MiB)
2786
  0.878442 seconds (84.01 k allocations: 85.719 MiB)
4036
  0.916103 seconds (188.45 k allocations: 191.981 MiB)
1536
  0.932159 seconds (251.38 k allocations: 251.192 MiB)
9038
  0.940009 seconds (286.17 k allocations: 285.888 MiB)
284
  0.938217 seconds (297.23 k allocations: 296.701 MiB)
7785
  0.930432 seconds (314.47 k allocations: 313.415 MiB)
6534
  0.868322 seconds (554.57 k allocations: 549.278 MiB)
5280
  0.857274 seconds (365.14 k allocations: 358.201 MiB)
4037
  0.874041 seconds (408.50 k allocations: 403.093 MiB)
2787
  0.858175 seconds (276.97 k allocations: 275.462 MiB)
1537
  0.865429 seconds (272.92 k allocations: 271.794 MiB)
9039
  0.869651 seconds (309.74 k allocations: 307.235 MiB)
285
  0.873612 seconds (370.91 k allocations: 368.416 MiB)
7786
  0.868669 seconds (375.58 k allocations: 373.039 MiB)
6535
  0.874220 seconds (554.57 k allocations: 549.278 MiB)
5281
  0.874686 seconds (419.28 k allocations: 414.098 MiB)
4038
  0.857022 seconds (325.40 k allocations: 320.316 MiB)
1538
  0.870377 seconds (360.04 k allocations: 357.951 MiB)
2788
  0.863950 seconds (278.33 k allocations: 276.967 MiB)
286
  0.868108 seconds (291.88 k allocations: 290.151 MiB)
9040
  0.874756 seconds (311.22 k allocations: 308.852 MiB)
7787
  2.020584 seconds (345.79 k allocations: 342.121 MiB, 27.33% gc time)
  1.411473 seconds (267.27 k allocations: 264.362 MiB, 39.13% gc time)
6536
5282
  0.866664 seconds (322.19 k allocations: 315.682 MiB)
1539
  0.846950 seconds (79.24 k allocations: 79.716 MiB)
5283
  0.964687 seconds (407.17 k allocations: 399.861 MiB)
  0.977394 seconds (449.94 k allocations: 443.376 MiB)
4039
2789
  0.942777 seconds (277.55 k allocations: 277.443 MiB)
  0.940229 seconds (274.63 k allocations: 274.551 MiB)
  0.943626 seconds (279.95 k allocations: 280.844 MiB)
287
7788
9041
  0.942162 seconds (366.82 k allocations: 363.496 MiB)
6537
  0.874875 seconds (554.57 k allocations: 549.278 MiB)
1540
  0.868087 seconds (476.20 k allocations: 470.198 MiB)
5284
  0.866156 seconds (298.73 k allocations: 294.843 MiB)
2790
  0.876331 seconds (333.63 k allocations: 330.898 MiB)
4040
  0.860476 seconds (204.53 k allocations: 203.898 MiB)
288
  0.876344 seconds (269.44 k allocations: 267.443 MiB)
  0.876379 seconds (273.20 k allocations: 272.165 MiB)
9042
7789
  0.883944 seconds (371.58 k allocations: 368.034 MiB)
6538
  0.868532 seconds (553.46 k allocations: 546.795 MiB)
1541
  0.869768 seconds (424.57 k allocations: 417.728 MiB)
5285
  0.861770 seconds (250.58 k allocations: 248.775 MiB)
4041
  0.863390 seconds (231.38 k allocations: 230.614 MiB)
  0.880726 seconds (303.53 k allocations: 303.473 MiB)
289
2791
  0.864769 seconds (242.97 k allocations: 242.126 MiB)
9043
  1.982811 seconds (293.89 k allocations: 291.047 MiB, 17.65% gc time)
  1.997939 seconds (311.17 k allocations: 308.791 MiB, 17.52% gc time)
  1.202748 seconds (214.79 k allocations: 212.703 MiB, 29.10% gc time)
6539
7790
1542
  0.752611 seconds (352.98 k allocations: 346.404 MiB)
5286
  0.955976 seconds (359.22 k allocations: 353.761 MiB)
4042
  0.933671 seconds (217.37 k allocations: 216.993 MiB)
2792
  0.960983 seconds (264.89 k allocations: 265.123 MiB)
290
  0.936050 seconds (170.91 k allocations: 174.155 MiB)
  0.926963 seconds (146.36 k allocations: 149.796 MiB)
9044
6540
  0.924285 seconds (215.60 k allocations: 216.133 MiB)
  0.934142 seconds (228.89 k allocations: 231.461 MiB)
1543
7791
  0.774004 seconds (554.57 k allocations: 549.278 MiB)
5287
  0.876285 seconds (280.85 k allocations: 278.767 MiB)
4043
  0.869527 seconds (176.77 k allocations: 179.366 MiB)
2793
  0.866500 seconds (140.71 k allocations: 142.620 MiB)
9045
  0.873986 seconds (163.44 k allocations: 167.051 MiB)
  0.876861 seconds (172.98 k allocations: 177.504 MiB)
6541
291
  0.864428 seconds (147.05 k allocations: 151.745 MiB)
1544
  0.869639 seconds (222.92 k allocations: 224.564 MiB)
7792
  0.871353 seconds (554.57 k allocations: 549.278 MiB)
5288
  0.871658 seconds (304.61 k allocations: 301.511 MiB)
4044
  0.870011 seconds (223.51 k allocations: 224.108 MiB)
2794
  0.865184 seconds (201.27 k allocations: 203.032 MiB)
9046
  0.853340 seconds (175.63 k allocations: 177.471 MiB)
1545
  0.866823 seconds (210.04 k allocations: 213.049 MiB)
6542
  0.861242 seconds (227.36 k allocations: 228.609 MiB)
292
  0.870481 seconds (283.98 k allocations: 283.012 MiB)
7793
  1.353832 seconds (230.66 k allocations: 221.955 MiB, 12.52% gc time)
  1.373522 seconds (252.48 k allocations: 244.080 MiB, 12.34% gc time)
  1.037429 seconds (22.94 k allocations: 21.964 MiB, 16.34% gc time)
  1.736545 seconds (500.06 k allocations: 492.227 MiB, 9.76% gc time)
4045
2795
9047
5289
  0.880394 seconds (322.30 k allocations: 316.989 MiB)
1546
  0.843548 seconds (77.73 k allocations: 78.255 MiB)
5290
  0.875828 seconds (129.84 k allocations: 130.779 MiB)
2796
  0.959968 seconds (395.77 k allocations: 390.389 MiB)
293
  0.974981 seconds (450.83 k allocations: 445.730 MiB)
6543
  0.964140 seconds (413.37 k allocations: 408.878 MiB)
7794
  0.927193 seconds (359.54 k allocations: 356.317 MiB)
9048
  0.934220 seconds (432.41 k allocations: 427.490 MiB)
4046
  0.865986 seconds (542.68 k allocations: 536.479 MiB)
1547
  0.872739 seconds (469.18 k allocations: 460.635 MiB)
5291
  0.869308 seconds (330.24 k allocations: 327.671 MiB)
2797
  0.870124 seconds (268.26 k allocations: 264.675 MiB)
  0.878706 seconds (291.63 k allocations: 289.944 MiB)
  0.876000 seconds (282.74 k allocations: 281.901 MiB)
294
7795
6544
  0.877929 seconds (403.26 k allocations: 399.380 MiB)
9049
  0.872084 seconds (483.47 k allocations: 477.557 MiB)
4047
  0.863357 seconds (552.06 k allocations: 545.461 MiB)
1548
  0.865570 seconds (409.67 k allocations: 404.904 MiB)
5292
  0.864302 seconds (357.54 k allocations: 355.212 MiB)
2798
  0.874738 seconds (273.79 k allocations: 273.852 MiB)
295
  0.868618 seconds (229.95 k allocations: 229.464 MiB)
6545
  0.875844 seconds (251.90 k allocations: 253.143 MiB)
7796
  0.871234 seconds (254.49 k allocations: 254.571 MiB)
9050
  0.866281 seconds (281.40 k allocations: 280.534 MiB)
4048
  1.616428 seconds (352.82 k allocations: 348.871 MiB, 37.94% gc time)
  1.485220 seconds (77.54 k allocations: 74.240 MiB, 41.29% gc time)
6546
1549
  0.757269 seconds (324.41 k allocations: 317.868 MiB)
5293
  0.987887 seconds (407.97 k allocations: 400.537 MiB)
7797
  0.951610 seconds (207.72 k allocations: 207.758 MiB)
  0.954998 seconds (217.04 k allocations: 218.077 MiB)
296
2799
  0.958161 seconds (229.62 k allocations: 230.342 MiB)
  0.955551 seconds (225.67 k allocations: 226.439 MiB)
  0.936941 seconds (191.93 k allocations: 194.182 MiB)
9051
4049
1550
  0.947726 seconds (302.96 k allocations: 301.184 MiB)
6547
  0.783363 seconds (554.57 k allocations: 549.278 MiB)
5294
  0.887837 seconds (307.91 k allocations: 304.679 MiB)
7798
  0.877147 seconds (216.18 k allocations: 217.083 MiB)
2800
  0.870603 seconds (130.20 k allocations: 131.342 MiB)
1551
  0.881707 seconds (174.06 k allocations: 173.516 MiB)
6548
  0.895039 seconds (211.39 k allocations: 215.566 MiB)
4050
  0.884946 seconds (198.65 k allocations: 199.917 MiB)
297
  0.904709 seconds (251.91 k allocations: 255.962 MiB)
9052
  0.889933 seconds (554.57 k allocations: 549.278 MiB)
5295
  0.864501 seconds (253.36 k allocations: 250.018 MiB)
2801
  0.873863 seconds (262.32 k allocations: 260.027 MiB)
  0.885877 seconds (281.22 k allocations: 281.755 MiB)
4051
7799
  0.853764 seconds (354.23 k allocations: 348.363 MiB)
1552
  0.866699 seconds (380.87 k allocations: 376.536 MiB)
6549
  0.859939 seconds (436.33 k allocations: 432.232 MiB)
9053
  1.097781 seconds (129.26 k allocations: 125.137 MiB, 21.09% gc time)
  1.888856 seconds (476.83 k allocations: 471.223 MiB, 12.26% gc time)  1.528586 seconds (397.67 k allocations: 392.832 MiB, 15.14% gc time)  1.097598 seconds (129.06 k allocations: 124.923 MiB, 21.09% gc time)
  1.099027 seconds (131.62 k allocations: 127.350 MiB, 21.06% gc time)


2802
7800
4052
298
5296
  0.856298 seconds (428.54 k allocations: 418.685 MiB)
1553
  0.790385 seconds (39.75 k allocations: 41.926 MiB)
5297
  0.952208 seconds (507.62 k allocations: 498.430 MiB)
6550
  0.876933 seconds (166.40 k allocations: 165.977 MiB)
7801
  0.885976 seconds (176.17 k allocations: 179.136 MiB)
2803
  0.942586 seconds (400.95 k allocations: 399.414 MiB)
9054
  0.926190 seconds (373.49 k allocations: 368.437 MiB)
4053
  0.941078 seconds (427.23 k allocations: 424.959 MiB)
299
  0.863869 seconds (504.91 k allocations: 500.330 MiB)
1554
  0.873278 seconds (519.60 k allocations: 514.598 MiB)
5298
  0.857141 seconds (331.06 k allocations: 325.779 MiB)
2804
  0.867621 seconds (374.62 k allocations: 372.505 MiB)
6551
  0.870668 seconds (360.59 k allocations: 356.920 MiB)
7802
  0.865067 seconds (331.25 k allocations: 329.046 MiB)
9055
  0.860746 seconds (346.47 k allocations: 343.795 MiB)
4054
  0.872280 seconds (445.42 k allocations: 439.933 MiB)
300
  0.867795 seconds (518.05 k allocations: 512.901 MiB)
1555
  0.865860 seconds (514.92 k allocations: 510.123 MiB)
5299
  1.863507 seconds (348.12 k allocations: 344.777 MiB, 10.26% gc time)
  1.857911 seconds (321.90 k allocations: 317.068 MiB, 10.29% gc time)
  1.853940 seconds (306.99 k allocations: 301.535 MiB, 10.31% gc time)
  1.824471 seconds (219.46 k allocations: 216.627 MiB, 10.48% gc time)
  1.801489 seconds (193.47 k allocations: 190.553 MiB, 10.61% gc time)
  1.052814 seconds (44.24 k allocations: 42.651 MiB, 18.16% gc time)
  1.740774 seconds (150.20 k allocations: 148.958 MiB, 10.98% gc time)
7803
9056
4055
301
2805
6552
1556
  0.756684 seconds (529.90 k allocations: 515.783 MiB)
5300
  0.867434 seconds (79.22 k allocations: 78.479 MiB)
1557
  0.931069 seconds (159.84 k allocations: 159.489 MiB)
302
  0.931426 seconds (160.43 k allocations: 161.511 MiB)
  0.937438 seconds (177.71 k allocations: 183.086 MiB)
9057
4056
  0.936267 seconds (174.46 k allocations: 177.744 MiB)
2806
  0.939447 seconds (198.95 k allocations: 202.637 MiB)
7804
  0.937663 seconds (220.65 k allocations: 224.832 MiB)
6553
  0.782745 seconds (554.57 k allocations: 549.278 MiB)
5301
  0.860717 seconds (493.72 k allocations: 482.693 MiB)
1558
  0.852058 seconds (144.75 k allocations: 145.060 MiB)
4057
  0.857258 seconds (154.38 k allocations: 155.703 MiB)
2807
  0.863122 seconds (172.24 k allocations: 174.232 MiB)
9058
  0.871771 seconds (210.66 k allocations: 214.857 MiB)
303
  0.869276 seconds (228.12 k allocations: 229.337 MiB)
  0.866706 seconds (232.88 k allocations: 234.053 MiB)
7805
6554
  0.873795 seconds (554.57 k allocations: 549.278 MiB)
5302
  0.854782 seconds (344.31 k allocations: 339.502 MiB)
1559
  0.862481 seconds (220.19 k allocations: 220.928 MiB)
4058
  0.863521 seconds (159.23 k allocations: 161.555 MiB)
  0.875086 seconds (200.19 k allocations: 202.581 MiB)
2808
304
  0.872573 seconds (170.92 k allocations: 174.397 MiB)
  0.863220 seconds (158.64 k allocations: 160.502 MiB)
6555
9059
  0.879471 seconds (178.63 k allocations: 182.172 MiB)
7806
  1.061306 seconds (375.69 k allocations: 369.519 MiB, 16.57% gc time)
5303
  0.862615 seconds (205.78 k allocations: 205.503 MiB)
1560
  0.787695 seconds (18.82 k allocations: 19.444 MiB)
5304
  0.950278 seconds (282.17 k allocations: 281.476 MiB)
6556
  0.965116 seconds (321.61 k allocations: 321.848 MiB)
2809
  0.940604 seconds (225.34 k allocations: 227.488 MiB)
9060
  0.938250 seconds (223.17 k allocations: 225.619 MiB)
305
  0.956877 seconds (298.79 k allocations: 300.642 MiB)
4059
  0.947674 seconds (301.59 k allocations: 302.300 MiB)
7807
  0.863866 seconds (492.49 k allocations: 488.443 MiB)
1561
  0.875507 seconds (510.95 k allocations: 506.319 MiB)
5305
  0.857167 seconds (195.95 k allocations: 195.280 MiB)
  0.868040 seconds (256.20 k allocations: 256.609 MiB)
6557
9061
  0.860613 seconds (202.23 k allocations: 204.136 MiB)
306
  0.866863 seconds (224.59 k allocations: 229.410 MiB)
2810
  0.878000 seconds (324.93 k allocations: 323.186 MiB)
  0.871736 seconds (320.34 k allocations: 317.818 MiB)
4060
7808
  0.852835 seconds (513.35 k allocations: 508.412 MiB)
1562
  0.875286 seconds (543.81 k allocations: 537.766 MiB)
5306
  0.858864 seconds (232.59 k allocations: 231.546 MiB)
9062
  0.857764 seconds (214.80 k allocations: 213.537 MiB)
2811
  0.866208 seconds (245.33 k allocations: 246.627 MiB)
6558
  0.870787 seconds (267.24 k allocations: 267.811 MiB)
  1.781453 seconds (194.54 k allocations: 195.912 MiB, 8.33% gc time)
  1.781385 seconds (194.75 k allocations: 196.113 MiB, 8.33% gc time)
  1.010725 seconds (107.55 k allocations: 108.590 MiB, 14.68% gc time)
307
7809
4061
1563
  0.765951 seconds (474.27 k allocations: 462.508 MiB)
5307
  0.872827 seconds (79.22 k allocations: 78.479 MiB)
1564
  0.937338 seconds (190.67 k allocations: 192.671 MiB)
  0.936394 seconds (176.66 k allocations: 179.433 MiB)
2812
  0.948303 seconds (231.32 k allocations: 235.585 MiB)
9063
6559
  0.933651 seconds (166.01 k allocations: 168.469 MiB)
308
  0.937954 seconds (200.87 k allocations: 203.265 MiB)
7810
  0.939088 seconds (209.41 k allocations: 214.043 MiB)
4062
  0.784110 seconds (554.57 k allocations: 549.278 MiB)
5308
  0.866869 seconds (493.52 k allocations: 482.283 MiB)
1565
  0.855008 seconds (148.80 k allocations: 148.926 MiB)
309
  0.859664 seconds (158.62 k allocations: 160.998 MiB)
9064
  0.867722 seconds (197.41 k allocations: 201.974 MiB)
2813
  0.861872 seconds (187.15 k allocations: 187.469 MiB)
  0.869278 seconds (204.94 k allocations: 208.275 MiB)
7811
6560
  0.863820 seconds (205.58 k allocations: 207.975 MiB)
4063
  0.877479 seconds (554.57 k allocations: 549.278 MiB)
5309
  0.852376 seconds (476.23 k allocations: 465.744 MiB)
1566
  0.856088 seconds (179.40 k allocations: 181.891 MiB)
9065
  0.864365 seconds (183.17 k allocations: 184.490 MiB)
310
  0.858869 seconds (163.18 k allocations: 163.100 MiB)
  0.858984 seconds (165.06 k allocations: 165.572 MiB)
  0.869470 seconds (201.57 k allocations: 206.289 MiB)
7812
6561
2814
  0.863740 seconds (206.19 k allocations: 208.557 MiB)
4064
  1.034059 seconds (164.56 k allocations: 167.509 MiB, 16.47% gc time)
5310
  0.868357 seconds (420.29 k allocations: 410.778 MiB)
1567
  0.790580 seconds (17.43 k allocations: 18.117 MiB)
5311
  0.910834 seconds (196.90 k allocations: 199.859 MiB)
311
  0.945954 seconds (306.96 k allocations: 307.814 MiB)
9066
  0.928885 seconds (221.35 k allocations: 221.222 MiB)
4065
  0.940324 seconds (242.74 k allocations: 244.298 MiB)
7813
  0.947631 seconds (276.91 k allocations: 278.478 MiB)
  0.947104 seconds (279.35 k allocations: 282.182 MiB)
2815
6562
  0.862410 seconds (490.92 k allocations: 486.942 MiB)
1568
  0.878872 seconds (513.99 k allocations: 509.232 MiB)
5312
  0.854313 seconds (369.47 k allocations: 365.002 MiB)
312
  0.865477 seconds (296.72 k allocations: 295.595 MiB)
9067
  0.861223 seconds (242.64 k allocations: 242.811 MiB)
7814
  0.865056 seconds (255.06 k allocations: 256.117 MiB)
4066
  0.866311 seconds (280.49 k allocations: 280.676 MiB)
2816
  0.868445 seconds (308.06 k allocations: 307.260 MiB)
6563
  0.874339 seconds (512.69 k allocations: 507.773 MiB)
1569
  0.877839 seconds (517.97 k allocations: 513.032 MiB)
5313
  0.856361 seconds (415.03 k allocations: 407.380 MiB)
313
  1.935018 seconds (200.90 k allocations: 200.212 MiB, 14.71% gc time)
  1.951090 seconds (278.24 k allocations: 276.662 MiB, 14.58% gc time)
  1.934854 seconds (200.48 k allocations: 199.814 MiB, 14.71% gc time)
  1.925853 seconds (180.45 k allocations: 179.413 MiB, 14.78% gc time)
  1.150420 seconds (72.80 k allocations: 71.270 MiB, 24.74% gc time)
  1.921214 seconds (177.15 k allocations: 175.164 MiB, 14.81% gc time)
9068
7815
4067
6564
2817
1570
  0.764419 seconds (499.13 k allocations: 486.197 MiB)
5314
  0.867013 seconds (79.22 k allocations: 78.479 MiB)
1571
  0.923510 seconds (303.52 k allocations: 301.879 MiB)
314
  0.933418 seconds (223.87 k allocations: 220.979 MiB)
2818
  0.938017 seconds (229.89 k allocations: 230.625 MiB)
4068
  0.938004 seconds (237.60 k allocations: 236.969 MiB)
  0.940376 seconds (240.42 k allocations: 241.600 MiB)
6565
9069
  0.949966 seconds (289.06 k allocations: 292.730 MiB)
7816
  0.787050 seconds (554.57 k allocations: 549.278 MiB)
5315
  0.863099 seconds (490.96 k allocations: 486.977 MiB)
1572
  0.863864 seconds (450.04 k allocations: 442.302 MiB)
315
  0.858170 seconds (238.25 k allocations: 237.189 MiB)
9070
  0.870493 seconds (272.81 k allocations: 274.132 MiB)
2819
  0.863318 seconds (260.94 k allocations: 260.554 MiB)
4069
  0.866895 seconds (271.24 k allocations: 271.817 MiB)
7817
  0.876448 seconds (290.00 k allocations: 293.648 MiB)
6566
  0.877541 seconds (554.57 k allocations: 549.278 MiB)
5316
  0.856547 seconds (491.24 k allocations: 487.248 MiB)
1573
  0.853900 seconds (470.19 k allocations: 464.437 MiB)
316
  0.865350 seconds (314.03 k allocations: 310.935 MiB)
9071
  0.855670 seconds (290.14 k allocations: 288.277 MiB)
  1.547924 seconds (238.78 k allocations: 238.051 MiB, 10.03% gc time)
  1.557180 seconds (246.15 k allocations: 246.332 MiB, 9.97% gc time)
  1.517423 seconds (217.92 k allocations: 216.870 MiB, 10.23% gc time)
  1.022444 seconds (138.89 k allocations: 138.562 MiB, 15.18% gc time)
6567
2820
7818
5317
4070
  0.871878 seconds (449.14 k allocations: 438.376 MiB)
1574
  0.790163 seconds (10.51 k allocations: 15.160 MiB)
5318
  0.944599 seconds (464.87 k allocations: 457.500 MiB)
317
  0.932626 seconds (239.69 k allocations: 242.233 MiB)
  0.927694 seconds (217.02 k allocations: 218.241 MiB)
9072
2821
  0.933721 seconds (245.80 k allocations: 244.835 MiB)
  0.932708 seconds (247.19 k allocations: 246.502 MiB)
7819
6568
  0.936015 seconds (271.20 k allocations: 271.996 MiB)
4071
  0.855213 seconds (479.88 k allocations: 476.386 MiB)
1575
  0.868238 seconds (497.77 k allocations: 493.708 MiB)
5319
  0.856057 seconds (469.16 k allocations: 460.400 MiB)
318
  0.851603 seconds (230.09 k allocations: 229.380 MiB)
6569
  0.864632 seconds (269.31 k allocations: 269.574 MiB)
9073
  0.866611 seconds (276.07 k allocations: 277.468 MiB)
2822
  0.861983 seconds (274.49 k allocations: 274.939 MiB)
4072
  0.870533 seconds (356.42 k allocations: 354.760 MiB)
7820
  0.852613 seconds (495.61 k allocations: 491.422 MiB)
1576
  0.866168 seconds (513.62 k allocations: 508.878 MiB)
5320
  1.838386 seconds (486.31 k allocations: 477.016 MiB, 8.54% gc time)
  1.789611 seconds (199.06 k allocations: 198.264 MiB, 8.77% gc time)
  1.793149 seconds (214.93 k allocations: 214.661 MiB, 8.75% gc time)
  1.784189 seconds (181.29 k allocations: 180.017 MiB, 8.80% gc time)
  1.780164 seconds (173.46 k allocations: 171.269 MiB, 8.82% gc time)
  1.759801 seconds (149.70 k allocations: 147.536 MiB, 8.92% gc time)
  1.027834 seconds (43.05 k allocations: 41.647 MiB, 15.27% gc time)
319
9074
2823
4073
7821
6570
1577
  0.763695 seconds (526.72 k allocations: 512.679 MiB)
5321
  0.871573 seconds (79.22 k allocations: 78.479 MiB)
320
  0.927860 seconds (128.03 k allocations: 127.849 MiB)
1578
  0.930333 seconds (131.62 k allocations: 132.707 MiB)
  0.931992 seconds (134.00 k allocations: 135.895 MiB)
6571
  0.934022 seconds (137.60 k allocations: 140.925 MiB)
9075
2824
  0.936628 seconds (146.25 k allocations: 154.654 MiB)
4074
  0.938315 seconds (170.73 k allocations: 175.850 MiB)
7822
  0.785801 seconds (554.57 k allocations: 549.278 MiB)
5322
  0.856393 seconds (306.68 k allocations: 303.490 MiB)
321
  0.854674 seconds (123.16 k allocations: 125.619 MiB)
1579
  0.862428 seconds (134.25 k allocations: 137.661 MiB)
2825
  0.861479 seconds (133.12 k allocations: 135.576 MiB)
4075
  0.866638 seconds (149.58 k allocations: 152.756 MiB)
  0.873602 seconds (171.18 k allocations: 176.084 MiB)
9076
6572
  0.870148 seconds (200.24 k allocations: 202.860 MiB)
7823
  1.104911 seconds (554.57 k allocations: 549.278 MiB)
5323
  0.859743 seconds (290.82 k allocations: 288.334 MiB)
1580
  0.878348 seconds (286.68 k allocations: 284.539 MiB)
2826
  0.844371 seconds (171.23 k allocations: 170.599 MiB)
322
  0.875095 seconds (205.93 k allocations: 208.922 MiB)
9077
  0.873281 seconds (202.37 k allocations: 205.702 MiB)
  0.870817 seconds (199.72 k allocations: 202.618 MiB)
6573
4076
  0.862570 seconds (210.36 k allocations: 212.554 MiB)
7824
  1.265469 seconds (150.15 k allocations: 153.734 MiB, 31.42% gc time)
5324
  0.872119 seconds (434.93 k allocations: 424.794 MiB)
1581
  0.848602 seconds (79.22 k allocations: 78.479 MiB)
5325
  0.942850 seconds (284.69 k allocations: 283.884 MiB)
2827
  0.940508 seconds (258.68 k allocations: 260.414 MiB)
9078
  0.933917 seconds (200.06 k allocations: 204.519 MiB)
323
  0.932131 seconds (195.03 k allocations: 198.694 MiB)
6574
  0.954093 seconds (314.43 k allocations: 313.148 MiB)
4077
  0.963360 seconds (366.07 k allocations: 364.001 MiB)
7825
  0.865310 seconds (554.57 k allocations: 549.278 MiB)
1582
  0.874423 seconds (551.47 k allocations: 544.886 MiB)
5326
  0.870306 seconds (305.79 k allocations: 302.851 MiB)
2828
  0.860914 seconds (238.41 k allocations: 238.556 MiB)
324
  0.868979 seconds (263.97 k allocations: 265.674 MiB)
9079
  0.872952 seconds (277.20 k allocations: 277.314 MiB)
6575
  0.874491 seconds (383.26 k allocations: 379.031 MiB)
4078
  0.870162 seconds (477.89 k allocations: 472.228 MiB)
7826
  0.868356 seconds (554.57 k allocations: 549.278 MiB)
1583
  0.880369 seconds (550.18 k allocations: 542.417 MiB)
5327
  0.857883 seconds (300.50 k allocations: 297.982 MiB)
325
  0.874328 seconds (342.56 k allocations: 340.893 MiB)
2829
  0.875509 seconds (324.25 k allocations: 320.922 MiB)
9080
  1.769723 seconds (335.03 k allocations: 331.437 MiB, 7.96% gc time)
  1.737291 seconds (268.18 k allocations: 266.223 MiB, 8.11% gc time)
  1.703318 seconds (226.97 k allocations: 225.542 MiB, 8.27% gc time)
  0.992917 seconds (147.85 k allocations: 147.192 MiB, 14.19% gc time)
7827
6576
4079
1584
  0.807921 seconds (443.60 k allocations: 433.065 MiB)
5328
  0.870199 seconds (79.23 k allocations: 78.479 MiB)
1585
  0.943461 seconds (354.06 k allocations: 350.261 MiB)
326
  0.938848 seconds (277.25 k allocations: 276.950 MiB)
2830
  0.934582 seconds (248.29 k allocations: 245.770 MiB)
  0.933986 seconds (252.33 k allocations: 251.022 MiB)
7828
  0.941419 seconds (268.74 k allocations: 272.523 MiB)
6577
9081
  0.939124 seconds (281.96 k allocations: 282.280 MiB)
4080
  0.781986 seconds (554.57 k allocations: 549.278 MiB)
5329
  0.850480 seconds (463.78 k allocations: 459.226 MiB)
1586
  0.851794 seconds (380.63 k allocations: 374.478 MiB)
327
  0.867346 seconds (316.41 k allocations: 314.435 MiB)
2831
  0.870502 seconds (260.88 k allocations: 260.282 MiB)
  0.867499 seconds (259.31 k allocations: 256.968 MiB)
  0.872688 seconds (266.73 k allocations: 266.905 MiB)
6578
4081
7829
  0.873809 seconds (283.11 k allocations: 284.628 MiB)
9082
  0.854263 seconds (418.65 k allocations: 413.747 MiB)
1587
  0.853576 seconds (375.14 k allocations: 366.609 MiB)
328
  1.116663 seconds (599.84 k allocations: 595.465 MiB)
5330
  1.097786 seconds (211.37 k allocations: 211.481 MiB, 18.71% gc time)
  1.086451 seconds (161.64 k allocations: 160.201 MiB, 18.91% gc time)
  1.087623 seconds (163.39 k allocations: 161.876 MiB, 18.89% gc time)
  1.086658 seconds (162.18 k allocations: 160.736 MiB, 18.90% gc time)
  1.081417 seconds (158.21 k allocations: 155.851 MiB, 19.00% gc time)
4082
2832
7830
6579
9083
  0.835583 seconds (284.90 k allocations: 280.002 MiB)
5331
  0.868551 seconds (433.96 k allocations: 425.285 MiB)
1588
  0.873909 seconds (334.92 k allocations: 329.515 MiB)
329
  0.871448 seconds (212.91 k allocations: 210.496 MiB)
7831
  0.879159 seconds (227.21 k allocations: 230.500 MiB)
4083
  0.878641 seconds (240.35 k allocations: 239.619 MiB)
  0.881108 seconds (241.87 k allocations: 241.439 MiB)
6580
2833
  0.886568 seconds (276.38 k allocations: 276.948 MiB)
9084
  0.785844 seconds (475.83 k allocations: 471.076 MiB)
5332
  0.862531 seconds (548.20 k allocations: 541.757 MiB)
1589
  0.855114 seconds (461.01 k allocations: 451.380 MiB)
330
  0.857253 seconds (249.37 k allocations: 249.058 MiB)
4084
  0.859298 seconds (250.39 k allocations: 249.010 MiB)
  0.870156 seconds (289.94 k allocations: 291.251 MiB)
2834
7832
  0.867538 seconds (285.23 k allocations: 286.437 MiB)
6581
  0.867399 seconds (312.23 k allocations: 312.491 MiB)
9085
  0.785471 seconds (554.57 k allocations: 549.278 MiB)
5333
  0.851134 seconds (538.77 k allocations: 532.731 MiB)
1590
  0.852430 seconds (513.13 k allocations: 504.116 MiB)
331
  0.869626 seconds (292.24 k allocations: 291.289 MiB)
4085
  0.865355 seconds (254.13 k allocations: 253.812 MiB)
2835
  0.871227 seconds (264.26 k allocations: 264.958 MiB)
7833
  0.863855 seconds (253.92 k allocations: 254.008 MiB)
9086
  0.869364 seconds (260.51 k allocations: 262.989 MiB)
6582
  1.293266 seconds (399.35 k allocations: 394.625 MiB, 13.71% gc time)
  1.149658 seconds (306.00 k allocations: 301.192 MiB, 15.42% gc time)
  1.029154 seconds (143.37 k allocations: 137.388 MiB, 17.22% gc time)
5334
332
1591
  0.876081 seconds (350.21 k allocations: 343.717 MiB)
9087
  0.852049 seconds (79.23 k allocations: 78.479 MiB)
5335
  0.874250 seconds (110.03 k allocations: 109.384 MiB)
  0.876955 seconds (112.62 k allocations: 113.232 MiB)
1592
333
  0.949809 seconds (350.98 k allocations: 346.501 MiB)
6583
  0.954596 seconds (370.17 k allocations: 367.513 MiB)
4086
  0.972944 seconds (452.15 k allocations: 451.058 MiB)
2836
  0.974606 seconds (499.61 k allocations: 494.238 MiB)
7834
  0.781571 seconds (377.71 k allocations: 373.098 MiB)
5336
  0.865070 seconds (576.61 k allocations: 571.804 MiB)
9088
  0.864185 seconds (366.71 k allocations: 361.142 MiB)
334
  0.870578 seconds (381.80 k allocations: 378.255 MiB)
1593
  0.868025 seconds (287.59 k allocations: 285.826 MiB)
6584
  0.871978 seconds (302.70 k allocations: 301.729 MiB)
  0.867130 seconds (294.87 k allocations: 294.385 MiB)
4087
2837
  0.868631 seconds (387.72 k allocations: 384.717 MiB)
7835
  0.863371 seconds (475.34 k allocations: 470.812 MiB)
9089
  0.874230 seconds (485.41 k allocations: 483.094 MiB)
5337
  0.850533 seconds (390.51 k allocations: 385.324 MiB)
335
  0.856305 seconds (363.30 k allocations: 358.076 MiB)
1594
  1.829108 seconds (191.12 k allocations: 191.078 MiB, 9.14% gc time)
  1.831351 seconds (194.06 k allocations: 195.100 MiB, 9.13% gc time)
  1.834385 seconds (202.87 k allocations: 204.749 MiB, 9.11% gc time)
  1.808544 seconds (168.29 k allocations: 168.045 MiB, 9.24% gc time)
  1.033194 seconds (39.10 k allocations: 40.504 MiB, 16.18% gc time)
9090
2838
6585
7836
4088
  0.763875 seconds (502.47 k allocations: 489.431 MiB)
5338
  0.873979 seconds (79.23 k allocations: 78.479 MiB)
9091
  0.923806 seconds (169.45 k allocations: 172.374 MiB)
1595
  0.943101 seconds (225.85 k allocations: 228.970 MiB)
336
  0.934000 seconds (182.35 k allocations: 182.666 MiB)
2839
  0.936814 seconds (202.05 k allocations: 202.959 MiB)
7837
  0.937581 seconds (212.40 k allocations: 214.317 MiB)
6586
  0.941756 seconds (223.62 k allocations: 226.458 MiB)
4089
  0.783402 seconds (554.57 k allocations: 549.278 MiB)
5339
  0.858816 seconds (505.30 k allocations: 496.460 MiB)
9092
  0.863515 seconds (278.67 k allocations: 276.881 MiB)
1596
  0.855931 seconds (194.94 k allocations: 196.949 MiB)
337
  0.859497 seconds (203.42 k allocations: 205.284 MiB)
2840
  0.867076 seconds (233.14 k allocations: 235.177 MiB)
7838
  0.864499 seconds (238.73 k allocations: 239.495 MiB)
  0.866281 seconds (243.06 k allocations: 244.926 MiB)
4090
6587
  0.885154 seconds (554.57 k allocations: 549.278 MiB)
5340
  0.860299 seconds (514.91 k allocations: 507.101 MiB)
9093
  0.852901 seconds (286.51 k allocations: 284.382 MiB)
1597
  0.858323 seconds (262.85 k allocations: 261.952 MiB)
338
  1.741832 seconds (241.93 k allocations: 242.153 MiB, 19.83% gc time)
  1.729944 seconds (203.94 k allocations: 203.315 MiB, 19.97% gc time)
  1.732022 seconds (206.79 k allocations: 207.294 MiB, 19.94% gc time)
  1.715272 seconds (187.89 k allocations: 186.790 MiB, 20.14% gc time)
  1.133483 seconds (108.98 k allocations: 108.771 MiB, 30.47% gc time)
5341
2841
6588
4091
7839
  0.874990 seconds (497.60 k allocations: 484.856 MiB)
9094
  0.790288 seconds (27.95 k allocations: 33.088 MiB)
5342
  0.933537 seconds (308.12 k allocations: 307.513 MiB)
1598
  0.941817 seconds (265.13 k allocations: 266.575 MiB)
339
  0.932841 seconds (212.38 k allocations: 212.651 MiB)
2842
  0.932359 seconds (216.22 k allocations: 216.503 MiB)
  0.931367 seconds (219.25 k allocations: 220.579 MiB)
7840
6589
  0.938807 seconds (245.34 k allocations: 248.470 MiB)
4092
  0.869389 seconds (475.34 k allocations: 470.812 MiB)
9095
  0.876897 seconds (483.58 k allocations: 480.115 MiB)
5343
  0.865647 seconds (373.25 k allocations: 368.626 MiB)
1599
  0.866868 seconds (228.95 k allocations: 229.509 MiB)
7841
  0.869142 seconds (233.59 k allocations: 235.382 MiB)
2843
  0.869831 seconds (240.26 k allocations: 241.969 MiB)
6590
  0.873288 seconds (268.05 k allocations: 268.757 MiB)
4093
  0.860437 seconds (280.31 k allocations: 280.712 MiB)
340
  0.869328 seconds (477.07 k allocations: 473.696 MiB)
9096
  0.876144 seconds (487.61 k allocations: 483.983 MiB)
5344
  1.829664 seconds (439.56 k allocations: 430.848 MiB, 8.45% gc time)
  1.788112 seconds (218.75 k allocations: 217.105 MiB, 8.65% gc time)
  1.788505 seconds (220.00 k allocations: 218.281 MiB, 8.65% gc time)
  1.777225 seconds (192.13 k allocations: 189.156 MiB, 8.70% gc time)
  1.779327 seconds (193.99 k allocations: 192.190 MiB, 8.69% gc time)
  1.008722 seconds (25.52 k allocations: 24.995 MiB, 15.33% gc time)
  1.718006 seconds (149.85 k allocations: 148.116 MiB, 9.00% gc time)
9097
1600
341
6591
4094
2844
7842
  0.770431 seconds (527.15 k allocations: 513.026 MiB)
5345
  0.875082 seconds (85.84 k allocations: 88.470 MiB)
9098
  0.939795 seconds (162.67 k allocations: 163.435 MiB)
2845
  0.947053 seconds (177.22 k allocations: 183.684 MiB)
  0.937651 seconds (161.85 k allocations: 161.730 MiB)
342
4095
  0.941277 seconds (169.68 k allocations: 171.973 MiB)
1601
  0.948805 seconds (189.77 k allocations: 195.110 MiB)
7843
  0.961535 seconds (251.32 k allocations: 255.408 MiB)
6592
  0.784899 seconds (554.57 k allocations: 549.278 MiB)
5346
  0.871490 seconds (554.57 k allocations: 549.278 MiB)
9099
  0.856797 seconds (215.00 k allocations: 213.505 MiB)
4096
  0.881662 seconds (267.55 k allocations: 267.648 MiB)
2846
  0.881325 seconds (258.35 k allocations: 259.067 MiB)
7844
  0.875383 seconds (257.58 k allocations: 258.550 MiB)
343
  0.874194 seconds (268.80 k allocations: 269.480 MiB)
  0.863120 seconds (262.99 k allocations: 262.679 MiB)
6593
1602
  0.887060 seconds (554.57 k allocations: 549.278 MiB)
5347
  0.877355 seconds (517.30 k allocations: 510.324 MiB)
9100
  1.654211 seconds (357.24 k allocations: 352.089 MiB, 22.80% gc time)
  1.608883 seconds (309.48 k allocations: 305.149 MiB, 23.44% gc time)  1.473064 seconds (195.78 k allocations: 193.887 MiB, 25.60% gc time)

  1.548302 seconds (262.79 k allocations: 259.248 MiB, 24.36% gc time)
  1.421678 seconds (149.28 k allocations: 146.881 MiB, 26.53% gc time)
  1.141278 seconds (70.50 k allocations: 69.298 MiB, 33.05% gc time)
  1.432706 seconds (156.00 k allocations: 155.037 MiB, 26.32% gc time)
4097
2847
1603
7845
6594
344
5348
  0.864013 seconds (521.99 k allocations: 508.123 MiB)
9101
  0.842477 seconds (79.23 k allocations: 78.479 MiB)
5349
  0.916806 seconds (158.45 k allocations: 156.946 MiB)
2848
  0.924271 seconds (170.08 k allocations: 169.107 MiB)
7846
  0.929512 seconds (175.13 k allocations: 177.824 MiB)
4098
  0.934655 seconds (193.13 k allocations: 196.459 MiB)
  0.934622 seconds (193.71 k allocations: 197.366 MiB)
  0.932190 seconds (196.33 k allocations: 199.874 MiB)
1604
345
6595
  0.868739 seconds (554.39 k allocations: 548.713 MiB)
9102
  0.871734 seconds (554.39 k allocations: 548.713 MiB)
5350
  0.869557 seconds (219.68 k allocations: 221.653 MiB)
  0.862265 seconds (175.82 k allocations: 178.509 MiB)
2849
4099
  0.868262 seconds (191.59 k allocations: 195.193 MiB)
7847
  0.863014 seconds (181.85 k allocations: 183.639 MiB)
6596
  0.871944 seconds (226.16 k allocations: 227.467 MiB)
346
  0.879354 seconds (258.63 k allocations: 262.430 MiB)
1605
  0.869591 seconds (554.57 k allocations: 549.278 MiB)
9103
  0.871151 seconds (554.57 k allocations: 549.278 MiB)
5351
  0.865175 seconds (199.62 k allocations: 200.029 MiB)
  0.865685 seconds (201.47 k allocations: 201.983 MiB)
2850
4100
  0.852147 seconds (152.28 k allocations: 153.887 MiB)
347
  1.966113 seconds (208.14 k allocations: 211.215 MiB, 16.24% gc time)
  1.949468 seconds (172.47 k allocations: 173.426 MiB, 16.38% gc time)
  1.960796 seconds (189.74 k allocations: 192.400 MiB, 16.29% gc time)
  1.183383 seconds (94.00 k allocations: 95.860 MiB, 26.99% gc time)
7848
6597
1606
9104
  0.748340 seconds (492.00 k allocations: 479.398 MiB)
5352
  0.870425 seconds (87.60 k allocations: 90.161 MiB)
9105
  0.924612 seconds (162.65 k allocations: 164.638 MiB)
4101
  0.937521 seconds (219.17 k allocations: 222.624 MiB)
2851
  0.930658 seconds (179.23 k allocations: 182.141 MiB)
348
  0.936103 seconds (220.67 k allocations: 220.772 MiB)
  0.938021 seconds (222.83 k allocations: 223.568 MiB)
7849
1607
  0.938574 seconds (228.89 k allocations: 231.502 MiB)
6598
  0.776620 seconds (554.57 k allocations: 549.278 MiB)
5353
  0.866724 seconds (521.66 k allocations: 513.472 MiB)
9106
  0.858904 seconds (200.48 k allocations: 200.835 MiB)
2852
  0.868424 seconds (243.12 k allocations: 244.297 MiB)
  0.860013 seconds (195.04 k allocations: 197.231 MiB)
4102
349
  0.869513 seconds (238.64 k allocations: 239.190 MiB)
7850
  0.870949 seconds (255.60 k allocations: 255.633 MiB)
  0.871872 seconds (258.52 k allocations: 259.313 MiB)
6599
1608
  0.870768 seconds (554.57 k allocations: 549.278 MiB)
5354
  0.862495 seconds (513.18 k allocations: 505.381 MiB)
9107
  0.851914 seconds (222.74 k allocations: 222.133 MiB)
4103
  0.862865 seconds (239.54 k allocations: 238.418 MiB)
350
  1.493330 seconds (279.21 k allocations: 279.025 MiB, 10.92% gc time)
  1.470491 seconds (190.45 k allocations: 191.658 MiB, 11.09% gc time)
  1.464455 seconds (179.61 k allocations: 178.821 MiB, 11.13% gc time)
  1.463943 seconds (179.84 k allocations: 179.079 MiB, 11.14% gc time)
  0.915653 seconds (101.32 k allocations: 101.936 MiB, 17.81% gc time)
2853
7851
6600
1609
5355
  0.863345 seconds (487.49 k allocations: 475.093 MiB)
9108
  0.793080 seconds (22.48 k allocations: 22.943 MiB)
5356
  0.940571 seconds (290.15 k allocations: 290.323 MiB)
4104
  0.945312 seconds (198.48 k allocations: 196.680 MiB)
6601
  0.959142 seconds (241.05 k allocations: 244.988 MiB)
  0.950355 seconds (208.25 k allocations: 208.841 MiB)
351
  0.951493 seconds (212.16 k allocations: 214.030 MiB)
1610
7852
  0.957433 seconds (241.96 k allocations: 243.990 MiB)
2854
  0.888019 seconds (475.34 k allocations: 470.812 MiB)
  0.894908 seconds (475.74 k allocations: 471.926 MiB)
5357
9109
  0.902722 seconds (425.59 k allocations: 418.693 MiB)
4105
  0.879651 seconds (252.38 k allocations: 250.716 MiB)
  0.884291 seconds (258.49 k allocations: 260.392 MiB)
1611
7853
  0.895856 seconds (303.40 k allocations: 302.392 MiB)
352
  0.879206 seconds (302.35 k allocations: 301.596 MiB)
6602
  0.876604 seconds (372.31 k allocations: 369.985 MiB)
2855
  0.879885 seconds (506.93 k allocations: 502.263 MiB)
5358
  0.865371 seconds (501.96 k allocations: 497.721 MiB)
9110
  1.288660 seconds (410.89 k allocations: 403.627 MiB, 24.23% gc time)
  1.242385 seconds (207.46 k allocations: 205.082 MiB, 25.13% gc time)
  1.245736 seconds (214.60 k allocations: 213.234 MiB, 25.06% gc time)
  1.196832 seconds (131.13 k allocations: 129.855 MiB, 26.09% gc time)
  1.183202 seconds (127.31 k allocations: 125.030 MiB, 26.39% gc time)
  1.212060 seconds (148.63 k allocations: 148.160 MiB, 25.76% gc time)
4106
1612
7854
2856
6603
353
  0.766411 seconds (463.58 k allocations: 452.198 MiB)
5359
  0.872605 seconds (82.29 k allocations: 83.854 MiB)
354
  0.874202 seconds (84.22 k allocations: 84.687 MiB)
2857
  0.878506 seconds (98.65 k allocations: 99.927 MiB)
6604
  0.956786 seconds (455.38 k allocations: 450.096 MiB)
9111
  0.927991 seconds (303.38 k allocations: 301.138 MiB)
1613
  0.934955 seconds (348.24 k allocations: 345.508 MiB)
  0.934146 seconds (351.59 k allocations: 348.887 MiB)
4107
7855
  0.784851 seconds (554.57 k allocations: 549.278 MiB)
5360
  0.859488 seconds (240.68 k allocations: 237.864 MiB)
9112
  0.871827 seconds (307.87 k allocations: 306.054 MiB)
2858
  0.869493 seconds (276.27 k allocations: 276.026 MiB)
  0.862298 seconds (240.25 k allocations: 239.812 MiB)
6605
355
  0.867330 seconds (249.75 k allocations: 249.828 MiB)
  0.859146 seconds (236.18 k allocations: 235.586 MiB)
1614
7856
  0.869605 seconds (286.19 k allocations: 285.125 MiB)
4108
  0.873958 seconds (554.57 k allocations: 549.278 MiB)
5361
  0.866952 seconds (321.74 k allocations: 317.884 MiB)
2859
  0.876411 seconds (280.92 k allocations: 279.060 MiB)
6606
  0.865474 seconds (215.88 k allocations: 217.028 MiB)
9113
  0.860612 seconds (179.66 k allocations: 181.325 MiB)
  0.861689 seconds (183.27 k allocations: 186.111 MiB)
1615
7857
  0.858600 seconds (200.49 k allocations: 201.682 MiB)
  0.868702 seconds (218.60 k allocations: 219.950 MiB)
356
4109
  1.460226 seconds (381.52 k allocations: 376.334 MiB, 13.92% gc time)
  1.135308 seconds (223.19 k allocations: 214.952 MiB, 17.91% gc time)
5362
9114
  0.872692 seconds (288.18 k allocations: 284.398 MiB)
2860
  0.953125 seconds (256.81 k allocations: 255.769 MiB)
6607
  0.946480 seconds (227.96 k allocations: 228.384 MiB)
7858
  0.946342 seconds (226.78 k allocations: 226.219 MiB)
  0.941733 seconds (223.56 k allocations: 223.289 MiB)
4110
  0.961669 seconds (282.68 k allocations: 282.506 MiB)
357
1616
  1.230215 seconds (479.52 k allocations: 476.035 MiB)
5363
  1.305022 seconds (533.87 k allocations: 528.247 MiB)
9115
  0.868939 seconds (554.57 k allocations: 549.278 MiB)
2861
  0.866962 seconds (357.52 k allocations: 353.776 MiB)
6608
  0.870668 seconds (361.15 k allocations: 358.678 MiB)
7859
  0.868843 seconds (357.70 k allocations: 355.577 MiB)
1617
  0.991349 seconds (475.35 k allocations: 470.812 MiB)
4111
  1.022773 seconds (502.85 k allocations: 499.786 MiB)
358
  0.860324 seconds (475.34 k allocations: 470.812 MiB)
9116
  0.955936 seconds (583.43 k allocations: 576.903 MiB)
5364
  0.866266 seconds (554.57 k allocations: 549.278 MiB)
2862
  0.863782 seconds (427.15 k allocations: 424.491 MiB)
6609
  0.864823 seconds (426.70 k allocations: 424.259 MiB)
7860
  0.870347 seconds (472.92 k allocations: 468.686 MiB)
1618
  0.866430 seconds (484.87 k allocations: 481.149 MiB)
4112
  0.861078 seconds (479.62 k allocations: 476.339 MiB)
359
  0.783325 seconds (475.34 k allocations: 470.812 MiB)
5365
  0.857182 seconds (556.24 k allocations: 550.885 MiB)
9117
  1.357360 seconds (512.24 k allocations: 506.318 MiB, 13.50% gc time)
  1.269972 seconds (318.24 k allocations: 315.176 MiB, 14.43% gc time)
  1.265349 seconds (308.77 k allocations: 304.874 MiB, 14.48% gc time)
  1.237740 seconds (274.89 k allocations: 271.254 MiB, 14.80% gc time)
  1.055251 seconds (124.33 k allocations: 123.336 MiB, 17.36% gc time)
  1.047533 seconds (117.24 k allocations: 115.950 MiB, 17.49% gc time)
7861
6610
1619
360
2863
4113
  0.762274 seconds (480.10 k allocations: 468.035 MiB)
5366
  0.874618 seconds (79.23 k allocations: 78.479 MiB)
4114
  0.880983 seconds (85.03 k allocations: 87.911 MiB)
361
  0.963818 seconds (436.54 k allocations: 430.610 MiB)
9118
  0.937709 seconds (250.42 k allocations: 249.010 MiB)
  0.937619 seconds (250.67 k allocations: 248.169 MiB)
6611
7862
  0.940787 seconds (264.59 k allocations: 266.677 MiB)
1620
  0.938771 seconds (274.22 k allocations: 274.872 MiB)
2864
  0.779509 seconds (554.57 k allocations: 549.278 MiB)
5367
  0.853699 seconds (443.82 k allocations: 436.207 MiB)
4115
  0.864257 seconds (400.43 k allocations: 393.404 MiB)
362
  0.856989 seconds (204.93 k allocations: 205.306 MiB)
6612
  0.871653 seconds (254.78 k allocations: 256.901 MiB)
  0.857194 seconds (198.95 k allocations: 199.841 MiB)
7863
9119
  0.878929 seconds (250.93 k allocations: 253.599 MiB)
2865
  0.881905 seconds (280.82 k allocations: 281.199 MiB)
1621
  0.866251 seconds (554.57 k allocations: 549.278 MiB)
5368
  0.859868 seconds (521.78 k allocations: 516.477 MiB)
4116
  1.976480 seconds (300.50 k allocations: 297.790 MiB, 29.90% gc time)
  1.957048 seconds (224.25 k allocations: 223.608 MiB, 30.20% gc time)  1.936322 seconds (164.15 k allocations: 163.629 MiB, 30.52% gc time)
  1.934215 seconds (161.52 k allocations: 161.069 MiB, 30.56% gc time)

  1.919536 seconds (149.31 k allocations: 146.976 MiB, 30.79% gc time)
  1.384422 seconds (70.48 k allocations: 69.319 MiB, 42.69% gc time)
  1.930733 seconds (158.31 k allocations: 157.388 MiB, 30.61% gc time)
2866
6613
5369
363
9120
7864
1622
  0.879013 seconds (509.21 k allocations: 495.937 MiB)
4117
  0.848614 seconds (75.97 k allocations: 80.249 MiB)
5370
  0.940294 seconds (170.03 k allocations: 172.907 MiB)
6614
  0.939253 seconds (165.06 k allocations: 165.930 MiB)
7865
  0.945445 seconds (174.35 k allocations: 177.471 MiB)
  0.939256 seconds (171.82 k allocations: 173.786 MiB)
364
1623
  0.953086 seconds (204.79 k allocations: 209.479 MiB)
2867
  0.955123 seconds (215.36 k allocations: 220.991 MiB)
9121
  0.873797 seconds (526.22 k allocations: 520.715 MiB)
4118
  0.876627 seconds (529.12 k allocations: 523.705 MiB)
5371
  0.868144 seconds (198.54 k allocations: 197.758 MiB)
1624
  0.881292 seconds (217.89 k allocations: 218.923 MiB)
7866
  0.885574 seconds (224.01 k allocations: 226.208 MiB)
  0.875239 seconds (203.80 k allocations: 204.594 MiB)
365
2868
  0.894471 seconds (251.53 k allocations: 255.420 MiB)
6615
  0.881994 seconds (328.40 k allocations: 326.720 MiB)
9122
  0.774378 seconds (475.34 k allocations: 470.812 MiB)
5372
  0.859989 seconds (564.47 k allocations: 558.750 MiB)
4119
  1.360669 seconds (133.07 k allocations: 132.647 MiB, 34.12% gc time)
  1.362660 seconds (136.84 k allocations: 136.272 MiB, 34.07% gc time)
  1.360201 seconds (132.21 k allocations: 131.842 MiB, 34.14% gc time)
  1.354459 seconds (123.42 k allocations: 122.135 MiB, 34.28% gc time)
  1.364727 seconds (144.03 k allocations: 145.542 MiB, 34.02% gc time)
  1.327006 seconds (98.20 k allocations: 96.948 MiB, 34.99% gc time)
7867
2869
1625
366
6616
9123
  0.765395 seconds (499.87 k allocations: 486.943 MiB)
5373
  0.935944 seconds (253.01 k allocations: 252.132 MiB)
4120
  0.932546 seconds (108.84 k allocations: 110.690 MiB)
  0.932374 seconds (108.41 k allocations: 110.301 MiB)
7868
367
  0.936133 seconds (117.62 k allocations: 121.963 MiB)
6617
  0.936172 seconds (140.65 k allocations: 142.977 MiB)
2870
  0.940215 seconds (150.86 k allocations: 154.186 MiB)
  0.943341 seconds (154.56 k allocations: 160.340 MiB)
1626
9124
  0.779619 seconds (554.57 k allocations: 549.278 MiB)
5374
  0.866505 seconds (235.30 k allocations: 235.182 MiB)
4121
  0.863821 seconds (154.54 k allocations: 158.114 MiB)
368
  0.869570 seconds (153.58 k allocations: 156.172 MiB)
6618
  0.883863 seconds (208.62 k allocations: 211.476 MiB)
7869
  0.882098 seconds (214.62 k allocations: 216.200 MiB)
2871
  0.893820 seconds (294.74 k allocations: 293.077 MiB)
1627
  0.894604 seconds (341.88 k allocations: 339.608 MiB)
9125
  0.873793 seconds (554.57 k allocations: 549.278 MiB)
5375
  0.875164 seconds (393.53 k allocations: 388.037 MiB)
  0.865568 seconds (325.73 k allocations: 321.891 MiB)
4122
369
  0.880150 seconds (284.92 k allocations: 283.080 MiB)
6619
  0.875593 seconds (239.06 k allocations: 239.390 MiB)
7870
  0.873008 seconds (200.35 k allocations: 202.576 MiB)
2872
  0.870607 seconds (189.95 k allocations: 191.583 MiB)
1628
  0.893957 seconds (223.16 k allocations: 224.788 MiB)
9126
  1.499777 seconds (133.80 k allocations: 128.053 MiB, 43.07% gc time)
  1.991738 seconds (408.53 k allocations: 402.176 MiB, 32.43% gc time)
4123
5376
  0.883706 seconds (254.54 k allocations: 252.169 MiB)
370
  0.837141 seconds (41.66 k allocations: 42.537 MiB)
5377
  0.965015 seconds (332.52 k allocations: 330.864 MiB)
9127
  0.960268 seconds (281.62 k allocations: 282.376 MiB)
6620
  0.959429 seconds (274.42 k allocations: 275.688 MiB)
7871
  0.964246 seconds (302.45 k allocations: 301.472 MiB)
  0.967694 seconds (312.47 k allocations: 312.439 MiB)
1629
2873
  0.931333 seconds (317.47 k allocations: 316.269 MiB)
4124
  0.871006 seconds (501.35 k allocations: 496.920 MiB)
371
  0.871696 seconds (504.18 k allocations: 499.835 MiB)
5378
  0.879953 seconds (307.34 k allocations: 305.546 MiB)
  0.870886 seconds (250.97 k allocations: 250.377 MiB)
  0.866101 seconds (223.90 k allocations: 225.484 MiB)
6621
9128
7872
  0.852690 seconds (199.16 k allocations: 200.198 MiB)
4125
  0.872679 seconds (239.30 k allocations: 242.475 MiB)
1630
  0.878838 seconds (285.70 k allocations: 287.095 MiB)
2874
  0.777370 seconds (475.35 k allocations: 470.812 MiB)
5379
  0.863795 seconds (553.59 k allocations: 548.337 MiB)
372
  1.130406 seconds (82.11 k allocations: 83.891 MiB, 22.56% gc time)
  1.139948 seconds (113.99 k allocations: 115.625 MiB, 22.37% gc time)
  1.149369 seconds (158.29 k allocations: 160.451 MiB, 22.18% gc time)
  1.146420 seconds (143.05 k allocations: 144.669 MiB, 22.24% gc time)
  1.126238 seconds (74.19 k allocations: 73.827 MiB, 22.64% gc time)
  1.124570 seconds (74.42 k allocations: 74.178 MiB, 22.67% gc time)
4126
9129
1631
2875
7873
6622
  0.753463 seconds (519.33 k allocations: 505.552 MiB)
5380
  0.870227 seconds (101.22 k allocations: 105.668 MiB)
7874
  0.873024 seconds (94.01 k allocations: 97.729 MiB)
4127
  0.879816 seconds (108.35 k allocations: 110.445 MiB)
  0.878418 seconds (108.24 k allocations: 111.439 MiB)
1632
  0.876109 seconds (109.57 k allocations: 112.447 MiB)
6623
2876
  0.884577 seconds (138.61 k allocations: 143.678 MiB)
9130
  0.931577 seconds (416.50 k allocations: 417.164 MiB)
373
  0.784135 seconds (554.57 k allocations: 549.278 MiB)
5381
  0.867751 seconds (221.20 k allocations: 221.706 MiB)
7875
  0.859618 seconds (164.41 k allocations: 165.109 MiB)
  0.873924 seconds (203.79 k allocations: 205.951 MiB)
  0.866996 seconds (174.51 k allocations: 177.396 MiB)
1633
2877
4128
  0.879244 seconds (249.08 k allocations: 249.184 MiB)
9131
  0.861523 seconds (299.46 k allocations: 297.600 MiB)
6624
  0.878288 seconds (493.51 k allocations: 488.412 MiB)
374
  0.877344 seconds (554.57 k allocations: 549.278 MiB)
5382
  0.861695 seconds (269.43 k allocations: 268.030 MiB)
  0.865287 seconds (277.89 k allocations: 278.151 MiB)
7876
4129
  0.865192 seconds (255.56 k allocations: 254.605 MiB)
2878
  0.882119 seconds (283.27 k allocations: 284.354 MiB)
1634
  0.879532 seconds (277.68 k allocations: 276.555 MiB)
9132
  0.870617 seconds (310.49 k allocations: 308.150 MiB)
6625
  0.862131 seconds (340.80 k allocations: 337.369 MiB)
375
  1.098419 seconds (353.16 k allocations: 347.951 MiB, 28.23% gc time)
5383
  0.785816 seconds (2 allocations: 12.766 KiB)
5384
  0.872444 seconds (238.93 k allocations: 238.642 MiB)
7877
  0.950826 seconds (309.60 k allocations: 308.932 MiB)
9133
  0.953178 seconds (299.67 k allocations: 298.408 MiB)
4130
  0.961410 seconds (319.96 k allocations: 318.026 MiB)
2879
  0.936623 seconds (267.64 k allocations: 268.175 MiB)
  0.968924 seconds (352.11 k allocations: 351.491 MiB)
6626
1635
  0.945132 seconds (433.81 k allocations: 427.602 MiB)
376
  0.778232 seconds (480.97 k allocations: 477.424 MiB)
5385
  0.863311 seconds (554.57 k allocations: 549.278 MiB)
7878
  0.863715 seconds (285.45 k allocations: 283.379 MiB)
4131
  0.876838 seconds (330.95 k allocations: 329.569 MiB)
9134
  0.866613 seconds (257.43 k allocations: 258.197 MiB)
2880
  0.868745 seconds (269.48 k allocations: 268.698 MiB)
6627
  0.878929 seconds (321.21 k allocations: 319.617 MiB)
1636
  0.871586 seconds (432.41 k allocations: 426.263 MiB)
377
  0.771524 seconds (554.57 k allocations: 549.278 MiB)
5386
  1.174433 seconds (545.06 k allocations: 538.961 MiB, 12.60% gc time)
  1.070383 seconds (244.74 k allocations: 241.768 MiB, 13.82% gc time)
  1.063085 seconds (199.04 k allocations: 196.775 MiB, 13.92% gc time)
  1.057857 seconds (174.09 k allocations: 171.700 MiB, 13.98% gc time)
  1.044089 seconds (122.38 k allocations: 121.082 MiB, 14.17% gc time)
  1.033652 seconds (97.69 k allocations: 96.327 MiB, 14.31% gc time)
  1.010545 seconds (70.81 k allocations: 70.147 MiB, 14.64% gc time)
4132
2881
9135
1637
378
6628
7879
  0.756006 seconds (523.59 k allocations: 509.629 MiB)
5387
  0.871734 seconds (84.73 k allocations: 86.194 MiB)
4133
  0.871458 seconds (82.33 k allocations: 84.102 MiB)
9136
  0.873694 seconds (86.42 k allocations: 89.427 MiB)
2882
  0.876335 seconds (103.41 k allocations: 105.896 MiB)
6629
  0.880866 seconds (113.08 k allocations: 119.029 MiB)
379
  0.880932 seconds (118.58 k allocations: 124.489 MiB)
1638
  0.879028 seconds (133.05 k allocations: 138.546 MiB)
7880
  0.770739 seconds (554.57 k allocations: 549.278 MiB)
5388
  0.843763 seconds (160.60 k allocations: 163.670 MiB)
4134
  0.870703 seconds (180.48 k allocations: 182.905 MiB)
9137
  0.875423 seconds (182.94 k allocations: 185.504 MiB)
2883
  0.869885 seconds (169.28 k allocations: 170.171 MiB)
  0.871681 seconds (172.43 k allocations: 173.922 MiB)
  0.873877 seconds (177.43 k allocations: 181.561 MiB)
7881
1639
6630
  0.872717 seconds (429.16 k allocations: 423.142 MiB)
380
  0.860542 seconds (554.57 k allocations: 549.278 MiB)
5389
  0.866379 seconds (392.49 k allocations: 387.043 MiB)
4135
  0.850452 seconds (166.05 k allocations: 164.223 MiB)
  0.866756 seconds (224.72 k allocations: 226.645 MiB)
7882
9138
  0.858210 seconds (178.18 k allocations: 178.683 MiB)
6631
  0.869869 seconds (218.98 k allocations: 221.610 MiB)
  0.869034 seconds (222.09 k allocations: 223.510 MiB)
2884
1640
  1.098602 seconds (294.74 k allocations: 290.636 MiB, 27.40% gc time)
  1.607649 seconds (374.16 k allocations: 369.310 MiB, 18.72% gc time)
5390
381
  0.872602 seconds (290.10 k allocations: 286.188 MiB)
9139
  0.851727 seconds (79.22 k allocations: 78.479 MiB)
5391
  0.871837 seconds (99.70 k allocations: 100.730 MiB)
382
  0.941669 seconds (262.84 k allocations: 261.953 MiB)
4136
  0.950173 seconds (289.45 k allocations: 288.841 MiB)
1641
  0.940588 seconds (267.47 k allocations: 266.779 MiB)
6632
  0.942257 seconds (275.59 k allocations: 276.002 MiB)
7883
  0.961064 seconds (351.38 k allocations: 352.425 MiB)
2885
  0.785014 seconds (329.92 k allocations: 323.069 MiB)
5392
  0.860269 seconds (564.20 k allocations: 559.924 MiB)
9140
  0.865243 seconds (304.49 k allocations: 302.819 MiB)
383
  0.871359 seconds (231.14 k allocations: 232.823 MiB)
1642
  0.872172 seconds (229.82 k allocations: 231.779 MiB)
4137
  0.874558 seconds (240.00 k allocations: 241.742 MiB)
  0.857853 seconds (214.84 k allocations: 215.965 MiB)
7884
6633
  0.869910 seconds (253.30 k allocations: 256.092 MiB)
2886
  0.783823 seconds (486.94 k allocations: 483.144 MiB)
5393
  1.280862 seconds (545.10 k allocations: 538.988 MiB, 20.05% gc time)
  1.150860 seconds (115.62 k allocations: 115.749 MiB, 22.31% gc time)
  1.155830 seconds (137.39 k allocations: 137.816 MiB, 22.22% gc time)
  1.177149 seconds (257.95 k allocations: 254.444 MiB, 21.81% gc time)
  1.141265 seconds (83.64 k allocations: 83.968 MiB, 22.50% gc time)
  1.134899 seconds (71.10 k allocations: 70.861 MiB, 22.63% gc time)
  1.132361 seconds (70.51 k allocations: 69.170 MiB, 22.68% gc time)
9141
2887
1643
4138
6634
7885
384
  0.764827 seconds (536.86 k allocations: 522.544 MiB)
5394
  0.865464 seconds (79.23 k allocations: 78.479 MiB)
  0.872219 seconds (89.36 k allocations: 92.715 MiB)
385
1644
  0.877846 seconds (99.14 k allocations: 102.840 MiB)
7886
  0.879567 seconds (106.06 k allocations: 110.901 MiB)
  0.878090 seconds (103.77 k allocations: 107.494 MiB)
4139
  0.876639 seconds (110.84 k allocations: 115.823 MiB)
6635
2888
  0.939057 seconds (479.08 k allocations: 473.391 MiB)
9142
  0.788616 seconds (554.57 k allocations: 549.278 MiB)
5395
  0.858917 seconds (199.00 k allocations: 200.450 MiB)
6636
  0.860971 seconds (157.43 k allocations: 158.421 MiB)
386
  0.877813 seconds (200.24 k allocations: 203.287 MiB)
  0.876608 seconds (191.81 k allocations: 195.361 MiB)
1645
4140
  0.871816 seconds (189.65 k allocations: 192.313 MiB)
2889
  0.860082 seconds (177.54 k allocations: 180.942 MiB)
7887
  0.886860 seconds (333.75 k allocations: 330.627 MiB)
9143
  0.791937 seconds (554.57 k allocations: 549.278 MiB)
5396
  0.871575 seconds (285.02 k allocations: 282.756 MiB)
6637
  0.856954 seconds (172.88 k allocations: 175.652 MiB)
2890
  0.863861 seconds (169.75 k allocations: 171.617 MiB)
  0.860390 seconds (165.57 k allocations: 167.804 MiB)
9144
4141
  0.864904 seconds (175.10 k allocations: 178.352 MiB)
1646
  0.868948 seconds (229.06 k allocations: 230.250 MiB)
7888
  0.860643 seconds (232.74 k allocations: 233.953 MiB)
387
  1.168624 seconds (275.68 k allocations: 273.815 MiB, 30.93% gc time)
5397
  0.856602 seconds (307.78 k allocations: 303.089 MiB)
6638
  0.845824 seconds (79.22 k allocations: 78.479 MiB)
5398
  0.947540 seconds (300.06 k allocations: 298.570 MiB)
2891
  0.932094 seconds (218.07 k allocations: 216.665 MiB)
4142
  0.922245 seconds (210.85 k allocations: 211.181 MiB)
388
  0.940109 seconds (248.16 k allocations: 249.542 MiB)
7889
  0.971746 seconds (362.90 k allocations: 364.433 MiB)
9145
  0.972399 seconds (385.21 k allocations: 385.985 MiB)
1647
  0.785283 seconds (434.51 k allocations: 428.892 MiB)
5399
  0.865679 seconds (556.01 k allocations: 552.087 MiB)
6639
  0.876724 seconds (358.69 k allocations: 354.684 MiB)
  0.854750 seconds (210.37 k allocations: 211.681 MiB)
  0.862534 seconds (236.91 k allocations: 239.696 MiB)
2892
389
4143
  0.863907 seconds (226.83 k allocations: 229.120 MiB)
7890
  0.870144 seconds (300.65 k allocations: 299.980 MiB)
9146
  0.869681 seconds (330.36 k allocations: 328.605 MiB)
1648
  0.784258 seconds (477.53 k allocations: 474.125 MiB)
5400
  1.197455 seconds (545.07 k allocations: 538.962 MiB, 12.34% gc time)
  1.062911 seconds (175.11 k allocations: 173.910 MiB, 13.90% gc time)
  1.061993 seconds (170.41 k allocations: 169.400 MiB, 13.91% gc time)
  1.055813 seconds (145.32 k allocations: 143.080 MiB, 13.99% gc time)
  1.020580 seconds (70.36 k allocations: 69.132 MiB, 14.47% gc time)
  1.030477 seconds (80.78 k allocations: 80.324 MiB, 14.34% gc time)
  1.056863 seconds (148.24 k allocations: 146.154 MiB, 13.98% gc time)
1649
7891
9147
4144
2893
6640
390
  0.761347 seconds (527.60 k allocations: 513.458 MiB)
5401
  0.868415 seconds (98.93 k allocations: 104.685 MiB)
4145
  0.871583 seconds (96.49 k allocations: 97.662 MiB)
  0.875850 seconds (102.76 k allocations: 106.049 MiB)
6641
2894
  0.877531 seconds (107.48 k allocations: 112.256 MiB)
  0.877985 seconds (110.95 k allocations: 116.960 MiB)
7892
  0.878415 seconds (114.07 k allocations: 121.066 MiB)
  0.868218 seconds (106.83 k allocations: 112.279 MiB)
1650
9148
391
  0.782443 seconds (554.57 k allocations: 549.278 MiB)
5402
  0.852340 seconds (133.70 k allocations: 137.949 MiB)
4146
  0.858780 seconds (112.13 k allocations: 113.838 MiB)
7893
  0.862609 seconds (121.35 k allocations: 122.877 MiB)
6642
  0.864631 seconds (134.28 k allocations: 136.678 MiB)
  0.867362 seconds (138.03 k allocations: 141.568 MiB)
  0.867019 seconds (140.41 k allocations: 145.334 MiB)
1651
2895
9149
  0.856532 seconds (197.96 k allocations: 200.683 MiB)
392
  0.788529 seconds (554.57 k allocations: 549.278 MiB)
5403
  0.895131 seconds (270.96 k allocations: 269.296 MiB)
4147
  0.882094 seconds (186.07 k allocations: 185.801 MiB)
  0.894094 seconds (202.07 k allocations: 204.786 MiB)
9150
6643
  0.883957 seconds (188.74 k allocations: 190.014 MiB)
2896
  0.935708 seconds (282.35 k allocations: 283.482 MiB)
1652
  0.867956 seconds (241.66 k allocations: 242.276 MiB)
7894
  0.879181 seconds (358.86 k allocations: 354.669 MiB)
393
  1.256028 seconds (364.47 k allocations: 358.773 MiB, 39.17% gc time)
5404
  0.858224 seconds (218.62 k allocations: 217.789 MiB)
9151
  0.850244 seconds (79.22 k allocations: 78.479 MiB)
5405
  0.959093 seconds (278.40 k allocations: 275.388 MiB)
4148
  0.969671 seconds (306.00 k allocations: 303.260 MiB)
  0.943144 seconds (228.33 k allocations: 226.594 MiB)
  0.966654 seconds (297.07 k allocations: 295.167 MiB)
6644
2897
7895
  0.946629 seconds (243.01 k allocations: 244.789 MiB)
1653
  0.932529 seconds (379.41 k allocations: 376.753 MiB)
394
  0.784661 seconds (343.38 k allocations: 337.363 MiB)
5406
  0.869753 seconds (557.68 k allocations: 553.678 MiB)
9152
  0.868698 seconds (264.80 k allocations: 264.835 MiB)
4149
  0.861474 seconds (203.79 k allocations: 202.988 MiB)
1654
  0.871488 seconds (223.81 k allocations: 226.017 MiB)
  0.874986 seconds (236.78 k allocations: 241.036 MiB)
7896
2898
  0.874569 seconds (241.75 k allocations: 244.847 MiB)
6645
  0.863717 seconds (334.98 k allocations: 333.025 MiB)
395
  0.784604 seconds (478.54 k allocations: 475.094 MiB)
5407
  1.254383 seconds (163.56 k allocations: 164.081 MiB, 27.65% gc time)
  1.376181 seconds (545.09 k allocations: 538.979 MiB, 25.20% gc time)
  1.247069 seconds (127.29 k allocations: 125.665 MiB, 27.81% gc time)
  1.248070 seconds (129.85 k allocations: 128.118 MiB, 27.79% gc time)
  1.249232 seconds (133.05 k allocations: 132.478 MiB, 27.76% gc time)
  1.236068 seconds (101.67 k allocations: 100.257 MiB, 28.06% gc time)
  1.210231 seconds (70.78 k allocations: 70.107 MiB, 28.66% gc time)
4150
7897
396
1655
2899
9153
6646
  0.758677 seconds (528.21 k allocations: 514.088 MiB)
5408
  0.877463 seconds (113.59 k allocations: 118.698 MiB)
397
  0.932754 seconds (143.04 k allocations: 145.853 MiB)
4151
  0.934836 seconds (141.87 k allocations: 143.735 MiB)
  0.938105 seconds (149.67 k allocations: 152.907 MiB)
  0.933822 seconds (142.17 k allocations: 143.368 MiB)
7898
  0.934513 seconds (145.68 k allocations: 148.356 MiB)
1656
6647
2900
  0.948400 seconds (221.98 k allocations: 223.664 MiB)
9154
  0.783670 seconds (554.57 k allocations: 549.278 MiB)
5409
  0.853097 seconds (144.54 k allocations: 147.096 MiB)
2901
  0.874257 seconds (219.44 k allocations: 221.425 MiB)
398
  0.867368 seconds (131.36 k allocations: 134.903 MiB)
  0.867294 seconds (131.05 k allocations: 134.595 MiB)
6648
1657
  0.864095 seconds (118.96 k allocations: 124.658 MiB)
4152
  0.870756 seconds (141.08 k allocations: 146.034 MiB)
  0.865419 seconds (138.09 k allocations: 141.959 MiB)
9155
7899
  0.785844 seconds (554.57 k allocations: 549.278 MiB)
5410
  0.856435 seconds (213.09 k allocations: 213.913 MiB)
2902
  0.862694 seconds (154.82 k allocations: 155.917 MiB)
1658
  0.864700 seconds (157.42 k allocations: 159.824 MiB)
6649
  0.870562 seconds (174.12 k allocations: 177.253 MiB)
4153
  0.867364 seconds (181.39 k allocations: 184.415 MiB)
7900
  0.867645 seconds (191.56 k allocations: 194.368 MiB)
9156
  0.861037 seconds (235.44 k allocations: 236.542 MiB)
399
  1.258554 seconds (218.10 k allocations: 218.720 MiB, 36.05% gc time)
5411
  0.879376 seconds (366.57 k allocations: 359.379 MiB)
2903
  0.850626 seconds (66.54 k allocations: 65.115 MiB)
5412
  0.911525 seconds (250.04 k allocations: 249.500 MiB)
1659
  0.933199 seconds (284.85 k allocations: 284.238 MiB)
6650
  0.924517 seconds (253.34 k allocations: 251.841 MiB)
  0.930358 seconds (267.59 k allocations: 267.933 MiB)
7901
4154
  0.931382 seconds (329.37 k allocations: 328.688 MiB)
  0.948011 seconds (361.39 k allocations: 361.920 MiB)
400
9157
  0.781453 seconds (356.47 k allocations: 351.346 MiB)
5413
  0.868806 seconds (579.46 k allocations: 571.668 MiB)
2904
  0.855424 seconds (455.24 k allocations: 448.723 MiB)
1660
  0.865616 seconds (304.47 k allocations: 303.023 MiB)
6651
  0.860954 seconds (278.13 k allocations: 276.794 MiB)
7902
  0.863326 seconds (286.44 k allocations: 286.156 MiB)
4155
  0.862070 seconds (312.85 k allocations: 311.625 MiB)
401
  0.865121 seconds (329.76 k allocations: 329.255 MiB)
9158
  0.780094 seconds (527.34 k allocations: 521.790 MiB)
5414
  1.097592 seconds (434.08 k allocations: 425.818 MiB, 13.86% gc time)
  1.139518 seconds (519.87 k allocations: 513.425 MiB, 13.35% gc time)
  1.038078 seconds (119.22 k allocations: 119.174 MiB, 14.65% gc time)
  1.043696 seconds (144.52 k allocations: 144.816 MiB, 14.57% gc time)
  1.028638 seconds (84.36 k allocations: 84.928 MiB, 14.78% gc time)
  1.023865 seconds (74.28 k allocations: 74.072 MiB, 14.85% gc time)
  1.019014 seconds (70.95 k allocations: 70.333 MiB, 14.92% gc time)
1661
6652
402
7903
9159
4156
2905
  0.765519 seconds (520.88 k allocations: 507.021 MiB)
5415
  0.868798 seconds (221.46 k allocations: 221.945 MiB)
1662
  0.875980 seconds (129.40 k allocations: 132.824 MiB)
  0.872968 seconds (123.61 k allocations: 123.748 MiB)
403
9160
  0.876331 seconds (139.61 k allocations: 141.792 MiB)
2906
  0.873612 seconds (144.99 k allocations: 147.133 MiB)
  0.882262 seconds (153.26 k allocations: 157.628 MiB)
  0.879638 seconds (149.31 k allocations: 152.630 MiB)
6653
7904
4157
  0.784135 seconds (554.57 k allocations: 549.278 MiB)
5416
  0.843846 seconds (351.62 k allocations: 346.492 MiB)
1663
  0.867979 seconds (187.06 k allocations: 189.229 MiB)
9161
  0.863243 seconds (158.68 k allocations: 158.585 MiB)
  0.849633 seconds (150.40 k allocations: 150.584 MiB)
6654
404
  0.869547 seconds (185.14 k allocations: 186.500 MiB)
7905
  0.871579 seconds (200.92 k allocations: 203.045 MiB)
4158
  0.878305 seconds (229.63 k allocations: 234.373 MiB)
2907
  0.777811 seconds (554.44 k allocations: 548.878 MiB)
5417
  0.864033 seconds (497.87 k allocations: 487.857 MiB)
1664
  0.856662 seconds (200.99 k allocations: 202.538 MiB)
9162
  0.876388 seconds (228.62 k allocations: 229.204 MiB)
6655
  0.873269 seconds (208.15 k allocations: 208.589 MiB)
  0.865117 seconds (194.59 k allocations: 194.594 MiB)
4159
  0.877000 seconds (217.89 k allocations: 220.172 MiB)
2908
7906
  0.851967 seconds (241.50 k allocations: 242.355 MiB)
405
  1.247987 seconds (199.09 k allocations: 200.526 MiB, 35.65% gc time)
5418
  0.881505 seconds (387.84 k allocations: 379.723 MiB)
1665
  0.845879 seconds (66.08 k allocations: 64.672 MiB)
5419
  0.950495 seconds (282.86 k allocations: 282.129 MiB)
9163
  0.941105 seconds (225.45 k allocations: 227.386 MiB)
4160
  0.929438 seconds (189.02 k allocations: 190.285 MiB)
406
  0.962112 seconds (291.05 k allocations: 294.243 MiB)
  0.944948 seconds (232.75 k allocations: 235.652 MiB)
6656
2909
  0.946158 seconds (243.92 k allocations: 248.340 MiB)
7907
  0.783739 seconds (470.76 k allocations: 464.996 MiB)
5420
  0.861063 seconds (574.37 k allocations: 568.229 MiB)
1666
  0.862148 seconds (265.29 k allocations: 265.311 MiB)
4161
  0.861821 seconds (229.16 k allocations: 230.952 MiB)
9164
  0.854757 seconds (194.89 k allocations: 197.134 MiB)
407
  0.865561 seconds (227.82 k allocations: 230.061 MiB)
  0.855990 seconds (208.29 k allocations: 209.424 MiB)
2910
6657
  0.867336 seconds (262.92 k allocations: 264.070 MiB)
7908
  0.782969 seconds (513.38 k allocations: 508.426 MiB)
5421
  1.202605 seconds (545.07 k allocations: 538.962 MiB, 15.52% gc time)
  1.072947 seconds (147.76 k allocations: 148.935 MiB, 17.40% gc time)
  1.066238 seconds (111.04 k allocations: 112.576 MiB, 17.51% gc time)
  1.055357 seconds (71.02 k allocations: 70.772 MiB, 17.69% gc time)
  1.052735 seconds (70.18 k allocations: 68.785 MiB, 17.73% gc time)
  1.061156 seconds (88.46 k allocations: 89.874 MiB, 17.59% gc time)
  1.054349 seconds (70.44 k allocations: 69.210 MiB, 17.70% gc time)
408
2911
7909
9165
4162
1667
6658
  0.763573 seconds (528.49 k allocations: 514.324 MiB)
5422
  0.871057 seconds (91.76 k allocations: 95.364 MiB)
409
  0.872306 seconds (88.16 k allocations: 89.681 MiB)
1668
  0.875839 seconds (96.50 k allocations: 99.110 MiB)
7910
  0.880902 seconds (107.01 k allocations: 114.248 MiB)
  0.877207 seconds (102.07 k allocations: 106.478 MiB)
2912
9166
  0.884994 seconds (128.88 k allocations: 135.585 MiB)
4163
  0.884202 seconds (173.87 k allocations: 177.626 MiB)
6659
  0.785398 seconds (554.57 k allocations: 549.278 MiB)
5423
  0.866874 seconds (226.71 k allocations: 225.736 MiB)
7911
  0.862070 seconds (205.98 k allocations: 206.097 MiB)
2913
  0.874493 seconds (238.23 k allocations: 239.625 MiB)
9167
  0.862039 seconds (210.87 k allocations: 211.198 MiB)
1669
  0.882004 seconds (284.78 k allocations: 284.572 MiB)
4164
  0.864601 seconds (305.05 k allocations: 302.960 MiB)
410
  0.871140 seconds (337.12 k allocations: 333.848 MiB)
6660
  0.785308 seconds (554.57 k allocations: 549.278 MiB)
5424
  0.859157 seconds (302.02 k allocations: 299.030 MiB)
7912
  0.868520 seconds (295.66 k allocations: 293.137 MiB)
  0.859044 seconds (270.02 k allocations: 267.672 MiB)
9168
2914
  0.856980 seconds (261.05 k allocations: 260.431 MiB)
1670
  0.866453 seconds (264.58 k allocations: 264.034 MiB)
4165
  0.864678 seconds (302.57 k allocations: 300.565 MiB)
6661
  0.858352 seconds (306.37 k allocations: 304.425 MiB)
411
  0.999569 seconds (281.02 k allocations: 278.935 MiB, 23.11% gc time)
5425
  0.865950 seconds (301.69 k allocations: 297.290 MiB)
9169
  0.784462 seconds (8.75 k allocations: 9.820 MiB)
5426
  0.950572 seconds (342.64 k allocations: 339.317 MiB)
7913
  0.950421 seconds (334.32 k allocations: 331.564 MiB)
1671
  0.963420 seconds (370.02 k allocations: 368.411 MiB)
2915
  0.933540 seconds (276.04 k allocations: 277.440 MiB)
4166
  0.928143 seconds (264.99 k allocations: 267.000 MiB)
6662
  0.922025 seconds (265.04 k allocations: 267.313 MiB)
412
  0.780953 seconds (475.34 k allocations: 470.812 MiB)
5427
  0.864271 seconds (558.06 k allocations: 553.841 MiB)
9170
  0.866990 seconds (277.64 k allocations: 277.142 MiB)
  0.861510 seconds (244.32 k allocations: 244.021 MiB)
7914
1672
  0.852114 seconds (187.05 k allocations: 189.620 MiB)
4167
  0.870136 seconds (255.54 k allocations: 257.823 MiB)
2916
  0.854670 seconds (216.75 k allocations: 218.470 MiB)
  0.858310 seconds (221.14 k allocations: 224.714 MiB)
413
6663
  0.781549 seconds (554.57 k allocations: 549.272 MiB)
5428
  1.108271 seconds (155.91 k allocations: 156.763 MiB, 19.64% gc time)
  1.219687 seconds (545.15 k allocations: 539.039 MiB, 17.85% gc time)
  1.097700 seconds (96.83 k allocations: 97.762 MiB, 19.83% gc time)
  1.088570 seconds (70.13 k allocations: 68.602 MiB, 20.00% gc time)
  1.100744 seconds (109.84 k allocations: 111.581 MiB, 19.78% gc time)
  1.087932 seconds (70.46 k allocations: 69.181 MiB, 20.01% gc time)
  1.089846 seconds (70.45 k allocations: 69.149 MiB, 19.98% gc time)
7915
4168
2917
6664
414
9171
1673
  0.770283 seconds (528.21 k allocations: 514.157 MiB)
5429
  0.872003 seconds (89.79 k allocations: 91.040 MiB)
  0.884086 seconds (148.87 k allocations: 152.499 MiB)
4169
415
  0.874510 seconds (93.13 k allocations: 97.021 MiB)
7916
  0.875213 seconds (98.06 k allocations: 102.020 MiB)
  0.878633 seconds (106.26 k allocations: 113.680 MiB)
9172
2918
  0.880557 seconds (185.59 k allocations: 187.415 MiB)
1674
  0.922637 seconds (420.90 k allocations: 415.245 MiB)
6665
  0.791558 seconds (554.57 k allocations: 549.278 MiB)
5430
  0.869687 seconds (218.29 k allocations: 217.685 MiB)
  0.873889 seconds (217.87 k allocations: 218.647 MiB)
  0.870441 seconds (191.84 k allocations: 193.916 MiB)
7917
4170
2919
  0.876486 seconds (169.75 k allocations: 173.074 MiB)
  0.873361 seconds (165.23 k allocations: 168.889 MiB)
  0.870865 seconds (164.21 k allocations: 167.249 MiB)
1675
9173
416
  0.877276 seconds (430.82 k allocations: 425.963 MiB)
6666
  0.786474 seconds (554.57 k allocations: 549.278 MiB)
5431
  0.852139 seconds (335.95 k allocations: 332.929 MiB)
4171
  0.865119 seconds (312.54 k allocations: 310.721 MiB)
2920
  0.867817 seconds (286.70 k allocations: 284.767 MiB)
9174
  0.864919 seconds (281.38 k allocations: 279.901 MiB)
7918
  0.880834 seconds (294.08 k allocations: 292.243 MiB)
1676
  0.852001 seconds (252.34 k allocations: 251.282 MiB)
  0.866611 seconds (262.77 k allocations: 262.728 MiB)
6667
417
  1.031480 seconds (249.69 k allocations: 248.951 MiB, 26.17% gc time)
5432
  0.863583 seconds (335.08 k allocations: 329.235 MiB)
2921
  0.789611 seconds (17.49 k allocations: 18.178 MiB)
5433
  0.962006 seconds (440.12 k allocations: 433.840 MiB)
4172
  0.955581 seconds (349.20 k allocations: 347.041 MiB)
9175
  0.936139 seconds (261.27 k allocations: 263.105 MiB)
7919
  0.922774 seconds (232.20 k allocations: 233.040 MiB)
418
  0.936928 seconds (282.63 k allocations: 283.967 MiB)
6668
  0.941240 seconds (299.93 k allocations: 301.939 MiB)
1677
  0.787121 seconds (475.34 k allocations: 470.812 MiB)
5434
  0.867013 seconds (570.21 k allocations: 565.461 MiB)
2922
  0.863057 seconds (355.65 k allocations: 351.776 MiB)
4173
  0.853218 seconds (207.53 k allocations: 207.780 MiB)
  0.866943 seconds (262.81 k allocations: 264.401 MiB)
419
9176
  0.876945 seconds (296.15 k allocations: 296.688 MiB)
7920
  0.874403 seconds (318.47 k allocations: 317.016 MiB)
6669
  0.873434 seconds (327.72 k allocations: 326.083 MiB)
1678
  0.784515 seconds (554.57 k allocations: 549.278 MiB)
5435
  1.276901 seconds (545.05 k allocations: 538.957 MiB, 18.61% gc time)
  1.172518 seconds (309.17 k allocations: 303.420 MiB, 20.26% gc time)
  1.135015 seconds (107.29 k allocations: 106.563 MiB, 20.93% gc time)
  1.148513 seconds (157.79 k allocations: 156.104 MiB, 20.69% gc time)
  1.119639 seconds (70.05 k allocations: 68.446 MiB, 21.22% gc time)
  1.149090 seconds (160.10 k allocations: 158.369 MiB, 20.68% gc time)
  1.118077 seconds (70.22 k allocations: 68.742 MiB, 21.25% gc time)
9177
4174
6670
420
7921
1679
2923
  0.755699 seconds (524.42 k allocations: 510.417 MiB)
5436
  0.865648 seconds (79.50 k allocations: 79.958 MiB)
  0.872907 seconds (109.00 k allocations: 114.830 MiB)
421
9178
  0.872579 seconds (90.07 k allocations: 93.755 MiB)
  0.871888 seconds (93.55 k allocations: 96.001 MiB)
4175
1680
  0.882371 seconds (146.20 k allocations: 147.868 MiB)
  0.884392 seconds (151.69 k allocations: 154.499 MiB)
6671
7922
  0.931967 seconds (452.63 k allocations: 445.187 MiB)
2924
  0.784121 seconds (554.38 k allocations: 548.669 MiB)
5437
  0.869091 seconds (269.43 k allocations: 269.288 MiB)
9179
  0.858738 seconds (169.00 k allocations: 168.261 MiB)
  0.863503 seconds (181.01 k allocations: 182.341 MiB)
7923
4176
  0.869943 seconds (204.10 k allocations: 204.736 MiB)
  0.873987 seconds (216.73 k allocations: 220.130 MiB)
1681
6672
  0.864962 seconds (302.39 k allocations: 300.412 MiB)
422
  0.866662 seconds (356.50 k allocations: 353.614 MiB)
2925
  0.785552 seconds (554.57 k allocations: 549.278 MiB)
5438
  0.867911 seconds (362.67 k allocations: 358.510 MiB)
9180
  0.863228 seconds (297.28 k allocations: 294.703 MiB)
1682
  0.860398 seconds (260.91 k allocations: 260.098 MiB)
7924
  0.854589 seconds (239.93 k allocations: 240.178 MiB)
4177
  0.868110 seconds (265.39 k allocations: 264.767 MiB)
6673
  0.865644 seconds (241.88 k allocations: 242.490 MiB)
2926
  0.858424 seconds (275.32 k allocations: 274.692 MiB)
  0.921814 seconds (207.68 k allocations: 208.118 MiB, 17.58% gc time)
423
5439
  0.858149 seconds (379.45 k allocations: 371.686 MiB)
9181
  0.790529 seconds (24.02 k allocations: 24.421 MiB)
5440
  0.930276 seconds (221.27 k allocations: 223.171 MiB)
2927
  0.928730 seconds (205.51 k allocations: 207.070 MiB)
4178
  0.930431 seconds (208.37 k allocations: 211.235 MiB)
7925
  0.950169 seconds (288.63 k allocations: 293.142 MiB)
1683
  0.922985 seconds (218.22 k allocations: 219.861 MiB)
424
  0.940030 seconds (272.79 k allocations: 275.969 MiB)
6674
  0.786356 seconds (475.34 k allocations: 470.812 MiB)
5441
  0.871401 seconds (576.46 k allocations: 571.458 MiB)
9182
  0.871626 seconds (210.70 k allocations: 211.844 MiB)
4179
  0.880042 seconds (234.94 k allocations: 237.697 MiB)
2928
  0.877153 seconds (210.95 k allocations: 213.716 MiB)
7926
  0.867963 seconds (182.85 k allocations: 185.825 MiB)
425
  0.866516 seconds (195.70 k allocations: 198.312 MiB)
  0.876370 seconds (212.61 k allocations: 218.327 MiB)
6675
1684
  0.784841 seconds (554.57 k allocations: 549.278 MiB)
5442
  1.074721 seconds (156.43 k allocations: 157.261 MiB, 17.55% gc time)
  1.201749 seconds (545.11 k allocations: 538.998 MiB, 15.69% gc time)
  1.058191 seconds (69.97 k allocations: 68.403 MiB, 17.82% gc time)
  1.058501 seconds (70.09 k allocations: 68.565 MiB, 17.82% gc time)
  1.063589 seconds (88.02 k allocations: 90.740 MiB, 17.73% gc time)
  1.056640 seconds (70.32 k allocations: 68.995 MiB, 17.85% gc time)
  1.059748 seconds (71.97 k allocations: 71.921 MiB, 17.80% gc time)
4180
9183
1685
2929
6676
426
7927
  0.805589 seconds (525.69 k allocations: 511.716 MiB)
5443
  0.867686 seconds (103.23 k allocations: 103.902 MiB)
9184
  0.875660 seconds (116.42 k allocations: 121.612 MiB)
2930
  0.876346 seconds (116.39 k allocations: 119.342 MiB)
  0.875282 seconds (116.45 k allocations: 120.796 MiB)
4181
6677
  0.882038 seconds (146.06 k allocations: 150.613 MiB)
1686
  0.880670 seconds (167.14 k allocations: 170.990 MiB)
7928
  0.870388 seconds (292.72 k allocations: 291.369 MiB)
427
  0.783395 seconds (554.57 k allocations: 549.278 MiB)
5444
  0.863231 seconds (211.42 k allocations: 212.353 MiB)
6678
  0.853271 seconds (153.40 k allocations: 152.106 MiB)
  0.857810 seconds (161.74 k allocations: 163.880 MiB)
4182
7929
  0.868530 seconds (195.69 k allocations: 200.324 MiB)
9185
  0.864811 seconds (194.03 k allocations: 195.268 MiB)
1687
  0.876351 seconds (241.44 k allocations: 242.074 MiB)
2931
  0.867945 seconds (554.57 k allocations: 549.278 MiB)
428
  0.786772 seconds (554.57 k allocations: 549.278 MiB)
5445
  0.858064 seconds (255.20 k allocations: 255.670 MiB)
6679
  0.849217 seconds (191.82 k allocations: 195.196 MiB)
4183
  0.861469 seconds (193.27 k allocations: 192.131 MiB)
  0.871815 seconds (209.78 k allocations: 212.737 MiB)
  0.872714 seconds (200.11 k allocations: 204.880 MiB)
7930
1688
9186
  0.875596 seconds (205.39 k allocations: 208.306 MiB)
2932
  0.856002 seconds (259.37 k allocations: 259.462 MiB)
429
  1.236952 seconds (354.42 k allocations: 349.177 MiB, 38.29% gc time)
5446
  0.864620 seconds (233.87 k allocations: 232.380 MiB)
9187
  0.853242 seconds (77.31 k allocations: 75.429 MiB)
5447
  0.937261 seconds (200.61 k allocations: 199.729 MiB)
4184
  0.953141 seconds (244.74 k allocations: 242.183 MiB)
  0.965544 seconds (272.99 k allocations: 270.608 MiB)
1689
7931
  0.931246 seconds (209.98 k allocations: 210.492 MiB)
430
  0.974433 seconds (303.36 k allocations: 306.223 MiB)
6680
  0.988109 seconds (364.18 k allocations: 368.324 MiB)
2933
  0.785035 seconds (416.98 k allocations: 406.441 MiB)
5448
  0.861400 seconds (572.89 k allocations: 566.815 MiB)
9188
  0.868546 seconds (290.28 k allocations: 289.221 MiB)
4185
  0.862587 seconds (217.06 k allocations: 219.362 MiB)
431
  0.855568 seconds (185.49 k allocations: 186.918 MiB)
7932
  0.867681 seconds (213.38 k allocations: 217.473 MiB)
2934
  0.872059 seconds (236.65 k allocations: 239.946 MiB)
1690
  0.868175 seconds (259.83 k allocations: 261.114 MiB)
6681
  0.789855 seconds (500.02 k allocations: 495.654 MiB)
5449
  1.252519 seconds (545.09 k allocations: 538.985 MiB, 17.68% gc time)
  1.141806 seconds (255.64 k allocations: 252.210 MiB, 19.39% gc time)
  1.113583 seconds (123.23 k allocations: 123.017 MiB, 19.89% gc time)
  1.088273 seconds (70.11 k allocations: 68.579 MiB, 20.35% gc time)
  1.103024 seconds (92.06 k allocations: 92.151 MiB, 20.08% gc time)
  1.125101 seconds (168.91 k allocations: 168.152 MiB, 19.68% gc time)
  1.096035 seconds (78.09 k allocations: 77.633 MiB, 20.20% gc time)
1691
2935
6682
9189
7933
432
4186
  0.804178 seconds (529.76 k allocations: 515.642 MiB)
5450
  0.864392 seconds (79.23 k allocations: 78.479 MiB)
  0.872584 seconds (97.20 k allocations: 103.049 MiB)
4187
7934
  0.873418 seconds (99.46 k allocations: 100.704 MiB)
433
  0.881724 seconds (120.93 k allocations: 126.348 MiB)
  0.880508 seconds (119.66 k allocations: 124.074 MiB)
1692
6683
  0.877685 seconds (126.26 k allocations: 130.650 MiB)
2936
  0.927346 seconds (441.00 k allocations: 439.404 MiB)
9190
  0.786888 seconds (554.57 k allocations: 549.278 MiB)
5451
  0.857857 seconds (223.60 k allocations: 223.984 MiB)
  0.854390 seconds (195.37 k allocations: 197.119 MiB)
7935
4188
  0.863533 seconds (188.99 k allocations: 191.261 MiB)
6684
  0.861771 seconds (188.11 k allocations: 189.414 MiB)
2937
  0.870842 seconds (218.37 k allocations: 220.999 MiB)
1693
  0.863970 seconds (228.63 k allocations: 229.844 MiB)
434
  0.865084 seconds (357.03 k allocations: 352.906 MiB)
9191
  0.784738 seconds (554.57 k allocations: 549.278 MiB)
5452
  0.855583 seconds (316.94 k allocations: 313.289 MiB)
7936
  0.856251 seconds (225.00 k allocations: 224.306 MiB)
4189
  0.860053 seconds (231.47 k allocations: 231.921 MiB)
2938
  0.868428 seconds (256.90 k allocations: 256.459 MiB)
6685
  0.865783 seconds (250.79 k allocations: 250.818 MiB)
1694
  0.868229 seconds (272.88 k allocations: 272.177 MiB)
9192
  0.857645 seconds (275.18 k allocations: 274.572 MiB)
435
  1.050945 seconds (274.31 k allocations: 272.530 MiB, 26.16% gc time)
5453
  0.859171 seconds (309.26 k allocations: 304.519 MiB)
7937
  0.792169 seconds (25.48 k allocations: 25.821 MiB)
5454
  0.954249 seconds (390.19 k allocations: 386.059 MiB)
2939
  0.948815 seconds (334.23 k allocations: 332.694 MiB)
4190
  0.933806 seconds (255.37 k allocations: 256.230 MiB)
1695
  0.922059 seconds (244.56 k allocations: 244.857 MiB)
436
  0.956774 seconds (335.69 k allocations: 337.177 MiB)
6686
  0.943257 seconds (319.24 k allocations: 320.399 MiB)
9193
  0.786846 seconds (475.34 k allocations: 470.812 MiB)
5455
  0.869863 seconds (572.37 k allocations: 567.543 MiB)
7938
  0.887719 seconds (368.49 k allocations: 364.055 MiB)
2940
  0.862847 seconds (208.85 k allocations: 210.275 MiB)
1696
  0.875092 seconds (242.18 k allocations: 244.824 MiB)
  0.858153 seconds (187.12 k allocations: 190.001 MiB)
4191
437
  0.872301 seconds (249.79 k allocations: 251.308 MiB)
6687
  0.867829 seconds (253.16 k allocations: 254.722 MiB)
9194
  0.789213 seconds (554.57 k allocations: 549.278 MiB)
5456
  1.300755 seconds (545.05 k allocations: 538.961 MiB, 16.84% gc time)
  1.158990 seconds (156.87 k allocations: 156.458 MiB, 18.90% gc time)
  1.167813 seconds (188.70 k allocations: 188.119 MiB, 18.76% gc time)
  1.151937 seconds (136.99 k allocations: 136.232 MiB, 19.02% gc time)
  1.135967 seconds (108.55 k allocations: 106.779 MiB, 19.29% gc time)
  1.140701 seconds (113.41 k allocations: 112.852 MiB, 19.21% gc time)
  1.094711 seconds (70.64 k allocations: 69.669 MiB, 20.01% gc time)
2941
438
1697
6688
9195
4192
7939
  0.804697 seconds (522.00 k allocations: 508.111 MiB)
5457
  0.866590 seconds (144.13 k allocations: 147.939 MiB)
4193
  0.868929 seconds (94.44 k allocations: 94.464 MiB)
2942
  0.872819 seconds (100.52 k allocations: 105.386 MiB)
439
  0.878656 seconds (120.80 k allocations: 127.451 MiB)
1698
  0.876169 seconds (124.84 k allocations: 127.854 MiB)
9196
  0.880633 seconds (149.34 k allocations: 152.721 MiB)
6689
  0.929811 seconds (447.35 k allocations: 439.326 MiB)
7940
  0.785123 seconds (554.57 k allocations: 549.278 MiB)
5458
  0.854380 seconds (202.99 k allocations: 201.818 MiB)
4194
  0.866474 seconds (226.95 k allocations: 227.388 MiB)
2943
  0.875178 seconds (242.17 k allocations: 243.388 MiB)
9197
  0.861226 seconds (223.85 k allocations: 223.608 MiB)
6690
  0.870778 seconds (252.25 k allocations: 252.216 MiB)
1699
  0.864174 seconds (328.21 k allocations: 325.132 MiB)
440
  0.864654 seconds (353.13 k allocations: 349.169 MiB)
7941
  0.787499 seconds (554.57 k allocations: 549.278 MiB)
5459
  0.856050 seconds (275.57 k allocations: 273.725 MiB)
4195
  0.859033 seconds (269.63 k allocations: 268.228 MiB)
2944
  0.865825 seconds (264.91 k allocations: 263.949 MiB)
9198
  0.864090 seconds (241.23 k allocations: 240.221 MiB)
1700
  0.867589 seconds (248.08 k allocations: 248.220 MiB)
6691
  0.856099 seconds (279.65 k allocations: 278.664 MiB)
7942
  0.858077 seconds (319.71 k allocations: 317.186 MiB)
441
  0.953447 seconds (300.03 k allocations: 297.160 MiB, 18.15% gc time)
5460
  0.790666 seconds (1 allocation: 12.688 KiB)
5461
  0.886157 seconds (290.62 k allocations: 288.131 MiB)
2945
  0.940816 seconds (295.88 k allocations: 294.614 MiB)
4196
  0.946872 seconds (289.93 k allocations: 289.094 MiB)
6692
  0.956606 seconds (321.99 k allocations: 322.433 MiB)
  0.945241 seconds (284.69 k allocations: 285.496 MiB)
9199
1701
  0.914274 seconds (258.98 k allocations: 260.091 MiB)
442
  0.933582 seconds (313.63 k allocations: 315.041 MiB)
7943
  0.782961 seconds (486.43 k allocations: 482.646 MiB)
5462
  0.872816 seconds (554.57 k allocations: 549.278 MiB)
2946
  0.868045 seconds (319.85 k allocations: 317.498 MiB)
4197
  0.865609 seconds (238.79 k allocations: 237.701 MiB)
6693
  0.874640 seconds (266.40 k allocations: 267.996 MiB)
9200
  0.876260 seconds (266.95 k allocations: 267.517 MiB)
1702
  0.855295 seconds (222.84 k allocations: 225.512 MiB)
443
  0.869536 seconds (318.53 k allocations: 317.269 MiB)
7944
  0.778418 seconds (554.57 k allocations: 549.278 MiB)
5463
  1.229175 seconds (545.07 k allocations: 538.962 MiB, 19.26% gc time)
  1.148835 seconds (200.69 k allocations: 199.615 MiB, 20.61% gc time)
  1.137560 seconds (142.35 k allocations: 142.529 MiB, 20.81% gc time)
  1.128264 seconds (105.62 k allocations: 106.390 MiB, 20.98% gc time)
  1.117739 seconds (83.34 k allocations: 82.599 MiB, 21.18% gc time)
  1.121168 seconds (87.63 k allocations: 87.876 MiB, 21.11% gc time)
  1.102045 seconds (70.39 k allocations: 69.057 MiB, 21.48% gc time)
4198
444
9201
7945
1703
2947
6694
  0.804997 seconds (526.24 k allocations: 512.152 MiB)
5464
  0.873299 seconds (94.66 k allocations: 99.373 MiB)
4199
  0.869863 seconds (82.37 k allocations: 82.915 MiB)
7946
  0.877329 seconds (95.14 k allocations: 102.707 MiB)
  0.875456 seconds (90.81 k allocations: 95.034 MiB)
6695
9202
  0.876873 seconds (98.11 k allocations: 102.259 MiB)
1704
  0.887086 seconds (174.40 k allocations: 176.726 MiB)
445
  0.933126 seconds (463.38 k allocations: 455.916 MiB)
2948
  0.782505 seconds (554.57 k allocations: 549.278 MiB)
5465
  0.851710 seconds (163.47 k allocations: 162.760 MiB)
4200
  0.862791 seconds (175.24 k allocations: 175.465 MiB)
6696
  0.861648 seconds (170.62 k allocations: 171.250 MiB)
  0.864523 seconds (176.73 k allocations: 178.019 MiB)
1705
9203
  0.886431 seconds (279.13 k allocations: 282.867 MiB)
7947
  0.870708 seconds (269.22 k allocations: 268.664 MiB)
446
  0.864961 seconds (374.26 k allocations: 369.394 MiB)
2949
  0.785999 seconds (554.57 k allocations: 549.278 MiB)
5466
  0.845537 seconds (216.87 k allocations: 216.343 MiB)
4201
  0.871316 seconds (235.02 k allocations: 235.122 MiB)
  0.857727 seconds (202.76 k allocations: 201.859 MiB)
  0.865888 seconds (219.73 k allocations: 219.497 MiB)
1706
6697
9204
  0.874627 seconds (220.80 k allocations: 222.131 MiB)
7948
  0.873612 seconds (223.05 k allocations: 224.489 MiB)
2950
  0.871116 seconds (226.53 k allocations: 228.015 MiB)
447
  1.149634 seconds (387.80 k allocations: 381.114 MiB, 33.18% gc time)
5467
  0.867620 seconds (195.62 k allocations: 195.779 MiB)
6698
  0.843312 seconds (74.95 k allocations: 73.166 MiB)
5468
  0.950951 seconds (262.56 k allocations: 260.236 MiB)
4202
  0.974258 seconds (322.44 k allocations: 318.969 MiB)
1707
  0.981326 seconds (342.39 k allocations: 340.741 MiB)
  0.949995 seconds (254.72 k allocations: 255.751 MiB)
9205
  0.960286 seconds (279.21 k allocations: 281.214 MiB)
7949
2951
  0.954431 seconds (359.39 k allocations: 357.614 MiB)
448
  0.785387 seconds (437.29 k allocations: 431.532 MiB)
5469
  0.869355 seconds (583.20 k allocations: 576.685 MiB)
6699
  0.870197 seconds (367.88 k allocations: 363.488 MiB)
4203
  0.858012 seconds (205.97 k allocations: 206.304 MiB)
  0.861689 seconds (218.69 k allocations: 222.296 MiB)
9206
1708
  0.866884 seconds (242.87 k allocations: 243.257 MiB)
  0.867217 seconds (243.93 k allocations: 244.432 MiB)
7950
2952
  0.876917 seconds (413.23 k allocations: 407.900 MiB)
449
  0.784576 seconds (510.06 k allocations: 505.254 MiB)
5470
  1.228931 seconds (545.05 k allocations: 538.954 MiB, 17.09% gc time)
  1.115133 seconds (139.35 k allocations: 138.473 MiB, 18.83% gc time)
  1.133925 seconds (255.41 k allocations: 251.955 MiB, 18.52% gc time)
  1.106014 seconds (108.07 k allocations: 106.049 MiB, 18.99% gc time)
  1.105913 seconds (108.11 k allocations: 106.272 MiB, 18.99% gc time)
  1.116108 seconds (143.15 k allocations: 142.271 MiB, 18.82% gc time)
  1.075108 seconds (70.86 k allocations: 70.278 MiB, 19.53% gc time)
2953
7951
9207
450
1709
4204
6700
  0.763920 seconds (548.29 k allocations: 533.284 MiB)
5471
  0.869680 seconds (96.28 k allocations: 97.250 MiB)
4205
  0.872250 seconds (99.03 k allocations: 101.308 MiB)
7952
  0.873563 seconds (101.28 k allocations: 104.846 MiB)
9208
  0.875981 seconds (112.65 k allocations: 117.203 MiB)
2954
  0.876332 seconds (117.16 k allocations: 122.945 MiB)
451
  0.875237 seconds (132.71 k allocations: 138.049 MiB)
1710
  0.921608 seconds (479.10 k allocations: 472.154 MiB)
6701
  0.785167 seconds (554.57 k allocations: 549.278 MiB)
5472
  0.846959 seconds (234.23 k allocations: 234.365 MiB)
4206
  0.856218 seconds (243.30 k allocations: 244.349 MiB)
7953
  0.865613 seconds (258.01 k allocations: 257.304 MiB)
  0.862760 seconds (250.38 k allocations: 250.167 MiB)
2955
9209
  0.863066 seconds (290.35 k allocations: 288.666 MiB)
1711
  0.865012 seconds (502.94 k allocations: 498.432 MiB)
452
  0.866059 seconds (491.71 k allocations: 487.902 MiB)
6702
  0.787217 seconds (554.57 k allocations: 549.278 MiB)
5473
  0.852602 seconds (354.29 k allocations: 351.913 MiB)
4207
  0.863662 seconds (330.90 k allocations: 329.717 MiB)
7954
  0.860350 seconds (298.74 k allocations: 297.932 MiB)
9210
  0.869324 seconds (329.76 k allocations: 329.041 MiB)
2956
  0.860323 seconds (333.34 k allocations: 332.316 MiB)
1712
  1.346150 seconds (361.28 k allocations: 356.773 MiB, 15.50% gc time)
  1.342792 seconds (361.37 k allocations: 355.676 MiB, 15.54% gc time)
  0.970797 seconds (282.11 k allocations: 277.154 MiB, 21.50% gc time)
6703
453
5474
  0.866230 seconds (303.31 k allocations: 298.825 MiB)
9211
  0.791164 seconds (16.45 k allocations: 18.406 MiB)
5475
  0.955777 seconds (401.32 k allocations: 396.699 MiB)
4208
  0.928744 seconds (275.10 k allocations: 273.679 MiB)
1713
  0.947617 seconds (331.46 k allocations: 330.287 MiB)
2957
  0.971653 seconds (422.84 k allocations: 420.354 MiB)
7955
  0.934259 seconds (359.21 k allocations: 356.004 MiB)
454
  0.931534 seconds (373.30 k allocations: 369.684 MiB)
6704
  0.786704 seconds (475.34 k allocations: 470.812 MiB)
5476
  0.868344 seconds (566.90 k allocations: 562.301 MiB)
9212
  0.853861 seconds (356.91 k allocations: 352.976 MiB)
4209
  0.864922 seconds (324.21 k allocations: 321.901 MiB)
1714
  0.865172 seconds (309.81 k allocations: 308.323 MiB)
2958
  0.858726 seconds (284.42 k allocations: 284.232 MiB)
7956
  0.869455 seconds (403.28 k allocations: 398.167 MiB)
6705
  0.877235 seconds (429.03 k allocations: 425.487 MiB)
455
  0.784052 seconds (554.57 k allocations: 549.278 MiB)
5477
  1.119417 seconds (229.59 k allocations: 226.045 MiB, 18.25% gc time)
  1.227467 seconds (545.09 k allocations: 538.991 MiB, 16.65% gc time)
  1.139356 seconds (328.24 k allocations: 324.513 MiB, 17.94% gc time)
  1.112681 seconds (199.04 k allocations: 195.559 MiB, 18.37% gc time)
  1.104612 seconds (169.82 k allocations: 166.365 MiB, 18.50% gc time)
  1.069342 seconds (79.58 k allocations: 79.150 MiB, 19.11% gc time)
  1.059747 seconds (70.56 k allocations: 69.497 MiB, 19.28% gc time)
9213
2959
6706
456
1715
7957
4210
  0.764243 seconds (510.19 k allocations: 496.859 MiB)
5478
  0.871681 seconds (114.77 k allocations: 119.838 MiB)
7958
  0.869530 seconds (90.88 k allocations: 92.287 MiB)
1716
  0.871138 seconds (94.20 k allocations: 96.913 MiB)
2960
  0.874966 seconds (106.32 k allocations: 109.930 MiB)
  0.868527 seconds (102.31 k allocations: 104.856 MiB)
  0.880447 seconds (122.70 k allocations: 132.026 MiB)
6707
4211
457
  0.929501 seconds (469.41 k allocations: 465.345 MiB)
9214
  0.788437 seconds (554.57 k allocations: 549.278 MiB)
5479
  0.857752 seconds (181.26 k allocations: 182.255 MiB)
1717
  0.854888 seconds (156.32 k allocations: 156.133 MiB)
458
  0.873049 seconds (197.51 k allocations: 198.202 MiB)
7959
  0.878147 seconds (217.84 k allocations: 217.858 MiB)
6708
  0.885642 seconds (244.78 k allocations: 248.760 MiB)
2961
  0.868821 seconds (205.18 k allocations: 207.376 MiB)
4212
  0.871386 seconds (374.52 k allocations: 370.866 MiB)
9215
  0.786312 seconds (554.57 k allocations: 549.278 MiB)
5480
  0.860928 seconds (347.81 k allocations: 344.264 MiB)
459
  0.858366 seconds (242.45 k allocations: 241.003 MiB)
1718
  0.879516 seconds (298.14 k allocations: 296.957 MiB)
7960
  0.863498 seconds (239.04 k allocations: 238.163 MiB)
  0.884355 seconds (267.83 k allocations: 267.515 MiB)
2962
9216
  0.854374 seconds (234.08 k allocations: 235.022 MiB)
4213
  0.873801 seconds (289.48 k allocations: 288.254 MiB)
6709
  1.121019 seconds (312.23 k allocations: 308.802 MiB, 28.31% gc time)
5481
  0.863976 seconds (272.69 k allocations: 269.543 MiB)
460
  0.791867 seconds (22.51 k allocations: 22.984 MiB)
5482
  0.956360 seconds (389.82 k allocations: 384.463 MiB)
1719
  0.981164 seconds (412.89 k allocations: 407.991 MiB)
7961
  0.947462 seconds (271.29 k allocations: 271.461 MiB)
9217
  0.951567 seconds (287.06 k allocations: 287.985 MiB)
2963
  0.951908 seconds (320.47 k allocations: 320.155 MiB)
4214
  0.943493 seconds (348.93 k allocations: 347.606 MiB)
6710
  0.789276 seconds (475.35 k allocations: 470.812 MiB)
5483
  0.875247 seconds (563.89 k allocations: 559.421 MiB)
461
  0.871713 seconds (374.48 k allocations: 369.778 MiB)
1720
  0.870371 seconds (255.64 k allocations: 256.272 MiB)
7962
  0.872070 seconds (238.21 k allocations: 238.573 MiB)
2964
  0.877467 seconds (253.37 k allocations: 254.518 MiB)
9218
  0.879721 seconds (286.82 k allocations: 286.725 MiB)
4215
  0.883690 seconds (377.77 k allocations: 373.983 MiB)
6711
  0.784419 seconds (554.57 k allocations: 549.278 MiB)
5484
  1.163543 seconds (198.73 k allocations: 197.749 MiB, 21.11% gc time)
  1.281064 seconds (545.12 k allocations: 539.015 MiB, 19.17% gc time)
  1.159492 seconds (180.89 k allocations: 179.435 MiB, 21.18% gc time)
  1.148021 seconds (140.48 k allocations: 139.543 MiB, 21.39% gc time)
  1.144770 seconds (132.83 k allocations: 130.999 MiB, 21.45% gc time)
  1.129642 seconds (97.01 k allocations: 95.647 MiB, 21.74% gc time)
  1.107431 seconds (70.45 k allocations: 69.248 MiB, 22.18% gc time)
462
4216
2965
6712
7963
9219
1721
  0.766808 seconds (530.18 k allocations: 515.933 MiB)
5485
  0.864218 seconds (108.77 k allocations: 114.101 MiB)
1722
  0.869157 seconds (96.24 k allocations: 99.844 MiB)
6713
  0.873284 seconds (104.77 k allocations: 108.213 MiB)
  0.873273 seconds (107.26 k allocations: 109.546 MiB)
4217
7964
  0.874634 seconds (122.40 k allocations: 125.522 MiB)
  0.877497 seconds (130.04 k allocations: 134.190 MiB)
9220
2966
  0.934179 seconds (468.80 k allocations: 465.964 MiB)
463
  0.778910 seconds (554.57 k allocations: 549.278 MiB)
5486
  0.855765 seconds (129.39 k allocations: 128.934 MiB)
7965
  0.874617 seconds (196.18 k allocations: 197.955 MiB)
1723
  0.889606 seconds (260.56 k allocations: 262.223 MiB)
6714
  0.876241 seconds (172.45 k allocations: 175.656 MiB)
4218
  0.887784 seconds (220.50 k allocations: 224.287 MiB)
2967
  0.880630 seconds (203.04 k allocations: 205.326 MiB)
9221
  0.873676 seconds (392.70 k allocations: 387.036 MiB)
464
  0.780962 seconds (554.57 k allocations: 549.278 MiB)
5487
  0.864651 seconds (215.72 k allocations: 216.433 MiB)
7966
  0.869722 seconds (209.75 k allocations: 210.936 MiB)
1724
  0.855620 seconds (147.46 k allocations: 150.295 MiB)
4219
  0.872154 seconds (197.16 k allocations: 200.515 MiB)
  0.860518 seconds (161.40 k allocations: 165.237 MiB)
6715
2968
  0.878091 seconds (210.14 k allocations: 212.131 MiB)
9222
  0.876631 seconds (239.80 k allocations: 240.711 MiB)
465
  1.163107 seconds (314.01 k allocations: 310.491 MiB, 34.39% gc time)
5488
  0.858308 seconds (270.75 k allocations: 267.685 MiB)
7967
  0.844236 seconds (73.62 k allocations: 71.890 MiB)
5489
  0.952403 seconds (322.68 k allocations: 320.235 MiB)
1725
  0.965688 seconds (315.51 k allocations: 314.794 MiB)
  0.952515 seconds (263.29 k allocations: 263.722 MiB)
9223
2969
  0.950982 seconds (256.52 k allocations: 258.755 MiB)
4220
  0.935638 seconds (250.87 k allocations: 252.314 MiB)
466
  0.956229 seconds (303.64 k allocations: 305.473 MiB)
6716
  0.787398 seconds (448.48 k allocations: 443.674 MiB)
5490
  0.868426 seconds (579.25 k allocations: 572.895 MiB)
7968
  0.874120 seconds (366.40 k allocations: 362.077 MiB)
1726
  0.854102 seconds (191.02 k allocations: 190.766 MiB)
  0.872134 seconds (254.19 k allocations: 255.736 MiB)
467
2970
  0.880792 seconds (267.92 k allocations: 269.670 MiB)
9224
  0.880413 seconds (276.54 k allocations: 276.888 MiB)
4221
  0.875220 seconds (289.23 k allocations: 289.244 MiB)
6717
  0.783717 seconds (508.19 k allocations: 503.465 MiB)
5491
  1.311392 seconds (545.07 k allocations: 538.962 MiB, 20.51% gc time)
  1.189447 seconds (246.79 k allocations: 243.724 MiB, 22.61% gc time)
  1.167214 seconds (136.56 k allocations: 137.010 MiB, 23.05% gc time)
  1.160974 seconds (113.02 k allocations: 113.304 MiB, 23.17% gc time)
  1.146965 seconds (80.22 k allocations: 79.594 MiB, 23.45% gc time)
  1.134399 seconds (70.22 k allocations: 68.805 MiB, 23.71% gc time)
  1.154977 seconds (95.98 k allocations: 95.888 MiB, 23.29% gc time)
4222
468
2971
6718
1727
9225
7969
  0.762019 seconds (527.22 k allocations: 513.118 MiB)
5492
  0.871897 seconds (93.01 k allocations: 96.554 MiB)
  0.871539 seconds (88.97 k allocations: 94.070 MiB)
1728
469
  0.870949 seconds (86.29 k allocations: 88.101 MiB)
2972
  0.880567 seconds (106.44 k allocations: 113.708 MiB)
  0.878024 seconds (102.32 k allocations: 106.398 MiB)
4223
  0.878510 seconds (109.69 k allocations: 114.733 MiB)
6719
9226
  0.930195 seconds (405.81 k allocations: 399.579 MiB)
7970
  0.787591 seconds (554.57 k allocations: 549.278 MiB)
5493
  0.866795 seconds (268.18 k allocations: 266.648 MiB)
2973
  0.874920 seconds (209.13 k allocations: 207.906 MiB)
1729
  0.891226 seconds (250.00 k allocations: 250.906 MiB)
  0.884103 seconds (229.56 k allocations: 230.146 MiB)
4224
9227
  0.891336 seconds (265.71 k allocations: 265.116 MiB)
6720
  0.873892 seconds (263.75 k allocations: 263.447 MiB)
  0.865083 seconds (261.84 k allocations: 260.975 MiB)
7971
470
  0.785566 seconds (554.57 k allocations: 549.278 MiB)
5494
  0.877334 seconds (423.18 k allocations: 414.960 MiB)
2974
  0.861374 seconds (252.27 k allocations: 250.423 MiB)
1730
  0.873075 seconds (271.51 k allocations: 270.226 MiB)
  0.869098 seconds (263.68 k allocations: 262.906 MiB)
4225
9228
  1.566663 seconds (219.45 k allocations: 220.844 MiB, 25.88% gc time)
  1.557798 seconds (209.01 k allocations: 209.615 MiB, 26.03% gc time)
  1.166388 seconds (103.73 k allocations: 105.165 MiB, 34.77% gc time)
  1.516930 seconds (182.95 k allocations: 183.626 MiB, 26.73% gc time)
6721
7972
5495
471
  0.861381 seconds (488.36 k allocations: 475.907 MiB)
2975
  0.843019 seconds (82.11 k allocations: 83.699 MiB)
5496
  0.922416 seconds (158.49 k allocations: 158.212 MiB)
472
  0.947771 seconds (252.59 k allocations: 255.817 MiB)
1731
  0.937673 seconds (184.37 k allocations: 189.496 MiB)
  0.930828 seconds (173.61 k allocations: 175.094 MiB)
9229
6722
  0.939401 seconds (215.96 k allocations: 217.686 MiB)
7973
  0.951974 seconds (252.60 k allocations: 256.652 MiB)
4226
  0.788355 seconds (475.34 k allocations: 470.812 MiB)
5497
  0.867397 seconds (576.30 k allocations: 570.080 MiB)
2976
  0.864180 seconds (297.77 k allocations: 296.382 MiB)
473
  0.864756 seconds (216.78 k allocations: 216.635 MiB)
  0.868538 seconds (231.64 k allocations: 233.627 MiB)
1732
6723
  0.868829 seconds (231.05 k allocations: 233.155 MiB)
9230
  0.870706 seconds (275.67 k allocations: 276.075 MiB)
7974
  0.870178 seconds (286.78 k allocations: 286.895 MiB)
4227
  0.781412 seconds (507.90 k allocations: 503.191 MiB)
5498
  1.318918 seconds (545.08 k allocations: 538.985 MiB, 19.87% gc time)
  1.178976 seconds (212.65 k allocations: 211.062 MiB, 22.23% gc time)
  1.165424 seconds (150.99 k allocations: 150.821 MiB, 22.49% gc time)
  1.156728 seconds (120.31 k allocations: 120.187 MiB, 22.66% gc time)
  1.147803 seconds (97.21 k allocations: 96.986 MiB, 22.84% gc time)
  1.129157 seconds (70.27 k allocations: 68.862 MiB, 23.22% gc time)
  1.133578 seconds (72.39 k allocations: 72.140 MiB, 23.12% gc time)
1733
6724
7975
474
9231
4228
2977
  0.762925 seconds (524.59 k allocations: 510.590 MiB)
5499
  0.862427 seconds (79.23 k allocations: 78.479 MiB)
1734
  0.879341 seconds (109.22 k allocations: 113.521 MiB)
  0.874171 seconds (92.51 k allocations: 96.044 MiB)
  0.868985 seconds (91.05 k allocations: 92.790 MiB)
475
4229
  0.879785 seconds (109.20 k allocations: 117.739 MiB)
6725
  0.881271 seconds (115.81 k allocations: 125.516 MiB)
9232
7976
  0.923669 seconds (458.75 k allocations: 450.243 MiB)
2978
  0.787123 seconds (554.57 k allocations: 549.278 MiB)
5500
  0.857054 seconds (161.41 k allocations: 162.027 MiB)
4230
  0.865894 seconds (194.34 k allocations: 197.414 MiB)
1735
  0.868598 seconds (180.31 k allocations: 182.962 MiB)
9233
  0.874432 seconds (193.33 k allocations: 194.403 MiB)
7977
  0.876639 seconds (205.21 k allocations: 207.204 MiB)
6726
  0.865264 seconds (187.74 k allocations: 190.643 MiB)
476
  0.867910 seconds (368.41 k allocations: 363.794 MiB)
2979
  0.787130 seconds (554.57 k allocations: 549.278 MiB)
5501
  0.865630 seconds (231.98 k allocations: 231.994 MiB)
7978
  0.871284 seconds (228.75 k allocations: 229.123 MiB)
  0.856896 seconds (187.88 k allocations: 187.704 MiB)
9234
  0.867678 seconds (213.36 k allocations: 215.982 MiB)
1736
6727
  0.872679 seconds (246.25 k allocations: 246.496 MiB)
4231
  0.853180 seconds (247.48 k allocations: 246.626 MiB)
2980
  0.861661 seconds (284.26 k allocations: 283.262 MiB)
477
  1.182880 seconds (327.32 k allocations: 323.256 MiB, 35.19% gc time)
5502
  0.864706 seconds (256.79 k allocations: 254.300 MiB)
7979
  0.841227 seconds (79.22 k allocations: 78.479 MiB)
5503
  0.939940 seconds (230.70 k allocations: 228.538 MiB)
  0.957735 seconds (297.95 k allocations: 297.062 MiB)
  0.936991 seconds (223.19 k allocations: 222.657 MiB)
2981
1737
  0.960011 seconds (304.82 k allocations: 306.165 MiB)
4232
9235
  0.949096 seconds (275.89 k allocations: 277.486 MiB)
6728
  0.928855 seconds (291.42 k allocations: 292.575 MiB)
478
  0.786283 seconds (449.82 k allocations: 440.772 MiB)
5504
  0.864054 seconds (573.82 k allocations: 567.759 MiB)
7980
  0.852630 seconds (245.09 k allocations: 244.751 MiB)
1738
  0.865898 seconds (259.32 k allocations: 259.808 MiB)
2982
  0.863187 seconds (222.61 k allocations: 223.655 MiB)
  0.863635 seconds (224.00 k allocations: 225.219 MiB)
9236
4233
  0.863140 seconds (231.50 k allocations: 233.779 MiB)
6729
  0.862299 seconds (293.36 k allocations: 293.199 MiB)
479
  0.785458 seconds (497.05 k allocations: 492.804 MiB)
5505
  1.155683 seconds (545.05 k allocations: 538.957 MiB, 12.79% gc time)
  1.051618 seconds (222.08 k allocations: 220.066 MiB, 14.05% gc time)
  1.028757 seconds (91.48 k allocations: 91.415 MiB, 14.37% gc time)
  1.039466 seconds (143.42 k allocations: 143.596 MiB, 14.22% gc time)
  1.027697 seconds (88.72 k allocations: 88.987 MiB, 14.38% gc time)
  1.024438 seconds (82.62 k allocations: 81.970 MiB, 14.43% gc time)
  1.013652 seconds (70.72 k allocations: 69.906 MiB, 14.58% gc time)
2983
480
9237
6730
4234
1739
7981
  0.762054 seconds (525.61 k allocations: 511.558 MiB)
5506
  0.789601 seconds (83.07 k allocations: 83.380 MiB)
481
  0.865273 seconds (197.53 k allocations: 200.466 MiB)
1740
  0.870809 seconds (180.18 k allocations: 180.390 MiB)
4235
  0.876630 seconds (192.64 k allocations: 193.754 MiB)
2984
  0.878154 seconds (200.86 k allocations: 203.038 MiB)
  0.879080 seconds (203.49 k allocations: 206.336 MiB)
  0.875325 seconds (204.39 k allocations: 207.405 MiB)
9238
6731
7982
  0.783892 seconds (554.57 k allocations: 549.278 MiB)
5507
  0.870509 seconds (535.12 k allocations: 529.238 MiB)
482
  0.862825 seconds (238.24 k allocations: 238.209 MiB)
1741
  0.856260 seconds (141.38 k allocations: 140.810 MiB)
9239
  0.858596 seconds (148.12 k allocations: 148.683 MiB)
  0.866245 seconds (177.13 k allocations: 182.156 MiB)
6732
4236
  0.865626 seconds (176.63 k allocations: 180.059 MiB)
  0.862876 seconds (178.42 k allocations: 181.509 MiB)
2985
7983
  0.784219 seconds (554.57 k allocations: 549.278 MiB)
5508
  0.856980 seconds (205.29 k allocations: 206.468 MiB)
1742
  0.861518 seconds (136.06 k allocations: 136.743 MiB)
  0.864587 seconds (140.82 k allocations: 141.698 MiB)
  0.873497 seconds (163.45 k allocations: 167.820 MiB)
7984
483
9240
  0.880741 seconds (178.84 k allocations: 184.436 MiB)
  0.860435 seconds (139.49 k allocations: 143.490 MiB)
4237
2986
  0.867639 seconds (163.98 k allocations: 168.177 MiB)
6733
  1.119101 seconds (295.10 k allocations: 292.423 MiB, 31.78% gc time)
5509
  0.864032 seconds (292.34 k allocations: 288.353 MiB)
1743
  0.847113 seconds (79.22 k allocations: 78.479 MiB)
5510
  0.941112 seconds (196.34 k allocations: 195.648 MiB)
4238
  0.946732 seconds (208.20 k allocations: 209.676 MiB)
  0.941726 seconds (198.11 k allocations: 198.933 MiB)
9241
6734
  0.965889 seconds (287.65 k allocations: 292.231 MiB)
  0.952920 seconds (236.40 k allocations: 239.220 MiB)
7985
2987
  0.953606 seconds (292.56 k allocations: 293.675 MiB)
484
  0.856691 seconds (554.57 k allocations: 549.278 MiB)
1744
  0.787475 seconds (456.87 k allocations: 450.281 MiB)
5511
  0.860132 seconds (256.45 k allocations: 256.826 MiB)
4239
  0.869985 seconds (257.68 k allocations: 258.212 MiB)
9242
  0.864075 seconds (222.95 k allocations: 222.753 MiB)
  0.869854 seconds (234.53 k allocations: 236.456 MiB)
  0.869244 seconds (233.43 k allocations: 235.724 MiB)
2988
7986
6735
  0.881175 seconds (452.11 k allocations: 446.334 MiB)
485
  0.783348 seconds (477.38 k allocations: 473.988 MiB)
5512
  1.308719 seconds (545.08 k allocations: 538.969 MiB, 19.61% gc time)
  1.181526 seconds (248.43 k allocations: 245.842 MiB, 21.72% gc time)
  1.159005 seconds (131.99 k allocations: 130.217 MiB, 22.14% gc time)
  1.159611 seconds (133.28 k allocations: 131.508 MiB, 22.13% gc time)
  1.169746 seconds (178.25 k allocations: 176.983 MiB, 21.94% gc time)
  1.147484 seconds (106.28 k allocations: 104.486 MiB, 22.36% gc time)
  1.118129 seconds (70.78 k allocations: 69.906 MiB, 22.95% gc time)
2989
6736
4240
486
9243
1745
7987
  0.762772 seconds (534.59 k allocations: 520.317 MiB)
5513
  0.870032 seconds (109.68 k allocations: 114.963 MiB)
  0.865918 seconds (92.76 k allocations: 96.489 MiB)
9244
2990
  0.862696 seconds (93.28 k allocations: 94.786 MiB)
  0.874098 seconds (112.97 k allocations: 119.140 MiB)
7988
6737
  0.879959 seconds (149.35 k allocations: 153.351 MiB)
  0.872634 seconds (141.50 k allocations: 143.390 MiB)
4241
1746
  0.920738 seconds (473.51 k allocations: 467.626 MiB)
487
  0.785941 seconds (554.38 k allocations: 548.701 MiB)
5514
  0.856848 seconds (230.88 k allocations: 229.777 MiB)
2991
  0.860333 seconds (202.05 k allocations: 202.354 MiB)
  0.867807 seconds (244.24 k allocations: 244.009 MiB)
6738
9245
  0.867353 seconds (224.56 k allocations: 225.496 MiB)
7989
  0.867039 seconds (265.51 k allocations: 263.694 MiB)
  0.877898 seconds (288.03 k allocations: 287.319 MiB)
1747
4242
  0.854530 seconds (550.50 k allocations: 542.946 MiB)
488
  0.783881 seconds (554.57 k allocations: 549.278 MiB)
5515
  0.861393 seconds (327.46 k allocations: 324.794 MiB)
2992
  0.860759 seconds (239.45 k allocations: 239.573 MiB)
9246
  0.873108 seconds (287.07 k allocations: 287.774 MiB)
6739
  0.858800 seconds (231.35 k allocations: 232.954 MiB)
1748
  0.862749 seconds (257.99 k allocations: 256.525 MiB)
4243
  0.872489 seconds (314.60 k allocations: 312.080 MiB)
7990
  0.945146 seconds (244.45 k allocations: 242.505 MiB, 19.41% gc time)
  1.378045 seconds (323.57 k allocations: 320.886 MiB, 13.31% gc time)
489
5516
  0.873686 seconds (340.03 k allocations: 333.980 MiB)
2993
  0.795378 seconds (16.86 k allocations: 17.578 MiB)
5517
  0.836715 seconds (122.43 k allocations: 120.028 MiB)
490
  0.946766 seconds (362.96 k allocations: 361.412 MiB)
6740
  0.952819 seconds (375.38 k allocations: 374.731 MiB)
  0.937382 seconds (319.12 k allocations: 318.780 MiB)
9247
1749
  0.952500 seconds (370.93 k allocations: 372.120 MiB)
4244
  0.936880 seconds (357.59 k allocations: 358.305 MiB)
7991
  0.784891 seconds (446.46 k allocations: 441.745 MiB)
5518
  0.868477 seconds (558.99 k allocations: 553.316 MiB)
2994
  0.863587 seconds (537.45 k allocations: 530.283 MiB)
491
  0.870288 seconds (276.15 k allocations: 274.684 MiB)
9248
  0.871469 seconds (274.99 k allocations: 275.007 MiB)
1750
  0.881462 seconds (304.38 k allocations: 307.011 MiB)
6741
  0.879616 seconds (308.12 k allocations: 308.341 MiB)
4245
  0.875358 seconds (322.33 k allocations: 322.161 MiB)
7992
  0.783029 seconds (554.57 k allocations: 549.278 MiB)
5519
  1.173130 seconds (527.01 k allocations: 520.263 MiB, 13.37% gc time)
  1.051390 seconds (142.29 k allocations: 142.532 MiB, 14.92% gc time)
  1.044754 seconds (109.88 k allocations: 110.310 MiB, 15.02% gc time)
  1.124539 seconds (466.09 k allocations: 460.783 MiB, 13.95% gc time)
  1.039499 seconds (91.53 k allocations: 91.627 MiB, 15.09% gc time)
  1.031979 seconds (73.99 k allocations: 73.691 MiB, 15.20% gc time)
  1.027286 seconds (70.52 k allocations: 69.376 MiB, 15.27% gc time)
9249
1751
4246
6742
492
7993
2995
  0.759667 seconds (526.00 k allocations: 511.942 MiB)
5520
  0.869358 seconds (90.88 k allocations: 96.989 MiB)
493
  0.871520 seconds (85.83 k allocations: 86.234 MiB)
1752
  0.873830 seconds (95.28 k allocations: 96.712 MiB)
2996
  0.876992 seconds (99.62 k allocations: 102.260 MiB)
  0.876156 seconds (99.93 k allocations: 102.632 MiB)
9250
6743
  0.878456 seconds (108.24 k allocations: 113.389 MiB)
7994
  0.879630 seconds (119.99 k allocations: 126.063 MiB)
4247
  0.780035 seconds (554.57 k allocations: 549.278 MiB)
5521
  0.854570 seconds (147.02 k allocations: 150.689 MiB)
494
  0.851612 seconds (112.82 k allocations: 118.160 MiB)
1753
  0.851224 seconds (104.56 k allocations: 106.814 MiB)
7995
  0.867796 seconds (161.73 k allocations: 164.177 MiB)
  0.868550 seconds (165.56 k allocations: 169.217 MiB)
9251
6744
  0.872975 seconds (183.70 k allocations: 188.063 MiB)
2997
  0.868912 seconds (229.21 k allocations: 230.608 MiB)
4248
  0.775710 seconds (554.57 k allocations: 549.278 MiB)
5522
  0.853497 seconds (279.22 k allocations: 277.185 MiB)
495
  0.855429 seconds (247.61 k allocations: 247.163 MiB)
1754
  0.862118 seconds (175.50 k allocations: 178.371 MiB)
  0.859437 seconds (166.30 k allocations: 168.485 MiB)
6745
2998
  0.862487 seconds (183.21 k allocations: 184.924 MiB)
9252
  0.868124 seconds (195.45 k allocations: 199.266 MiB)
7996
  0.860731 seconds (272.32 k allocations: 271.828 MiB)
4249
  0.987971 seconds (324.73 k allocations: 320.760 MiB, 22.60% gc time)
5523
  0.784337 seconds (1 allocation: 12.688 KiB)
5524
  0.876496 seconds (265.26 k allocations: 263.858 MiB)
1755
  0.871423 seconds (182.82 k allocations: 182.725 MiB)
496
  0.943886 seconds (395.93 k allocations: 392.971 MiB)
2999
  0.935252 seconds (350.33 k allocations: 349.533 MiB)
6746
  0.949945 seconds (379.94 k allocations: 378.091 MiB)
9253
  0.929643 seconds (331.38 k allocations: 331.822 MiB)
7997
  0.944359 seconds (437.85 k allocations: 433.899 MiB)
4250
  0.785147 seconds (442.45 k allocations: 439.136 MiB)
5525
  0.869236 seconds (510.50 k allocations: 505.676 MiB)
1756
  0.863972 seconds (499.45 k allocations: 492.439 MiB)
497
  0.867208 seconds (373.48 k allocations: 370.272 MiB)
3000
  0.874213 seconds (363.73 k allocations: 361.137 MiB)
6747
  0.867358 seconds (318.24 k allocations: 316.593 MiB)
  0.869096 seconds (322.83 k allocations: 322.353 MiB)
9254
7998
  0.860794 seconds (373.37 k allocations: 370.984 MiB)
4251
  0.785043 seconds (554.57 k allocations: 549.278 MiB)
5526
  1.177148 seconds (492.84 k allocations: 487.555 MiB, 14.54% gc time)
  1.155791 seconds (466.00 k allocations: 460.615 MiB, 14.80% gc time)
  1.076218 seconds (178.44 k allocations: 177.097 MiB, 15.90% gc time)
  1.072104 seconds (160.40 k allocations: 158.594 MiB, 15.96% gc time)
  1.039454 seconds (70.08 k allocations: 68.489 MiB, 16.46% gc time)
  1.042684 seconds (72.05 k allocations: 71.984 MiB, 16.41% gc time)
  1.054151 seconds (99.93 k allocations: 99.934 MiB, 16.23% gc time)
4252
6748
7999
498
3001
9255
1757
  0.764819 seconds (531.46 k allocations: 517.211 MiB)
5527
  0.871468 seconds (102.26 k allocations: 106.642 MiB)
4253
  0.873746 seconds (98.32 k allocations: 103.087 MiB)
499
  0.878859 seconds (108.11 k allocations: 112.639 MiB)
8000
  0.879022 seconds (109.31 k allocations: 113.996 MiB)
  0.875493 seconds (110.92 k allocations: 114.483 MiB)
  0.878143 seconds (113.43 k allocations: 117.447 MiB)
6749
3002
9256
  0.880280 seconds (137.94 k allocations: 143.246 MiB)
1758
  0.783079 seconds (554.57 k allocations: 549.278 MiB)
5528
  0.853870 seconds (160.70 k allocations: 163.779 MiB)
500
  0.853795 seconds (135.37 k allocations: 139.771 MiB)
4254
  0.868265 seconds (160.35 k allocations: 163.869 MiB)
8001
  0.871531 seconds (173.08 k allocations: 176.271 MiB)
  0.865990 seconds (159.62 k allocations: 162.181 MiB)
6750
3003
  0.867063 seconds (180.25 k allocations: 182.305 MiB)
1759
  0.872244 seconds (210.33 k allocations: 212.521 MiB)
9257
  0.775913 seconds (554.57 k allocations: 549.278 MiB)
5529
  0.846631 seconds (355.09 k allocations: 349.797 MiB)
501
  0.858359 seconds (258.20 k allocations: 257.295 MiB)
4255
  0.853929 seconds (137.01 k allocations: 137.859 MiB)
3004
  0.858566 seconds (146.94 k allocations: 151.243 MiB)
  0.858936 seconds (148.43 k allocations: 152.667 MiB)
6751
  0.859370 seconds (154.62 k allocations: 157.753 MiB)
8002
9258
  0.878618 seconds (228.77 k allocations: 230.177 MiB)
1760
  1.074844 seconds (355.79 k allocations: 350.497 MiB, 25.28% gc time)
5530
  0.879623 seconds (229.12 k allocations: 227.851 MiB)
3005
  0.794374 seconds (5.70 k allocations: 6.899 MiB)
5531
  0.891708 seconds (209.12 k allocations: 209.105 MiB)
502
  0.959477 seconds (361.88 k allocations: 360.386 MiB)
6752
  0.944173 seconds (306.24 k allocations: 306.127 MiB)
4256
  0.940925 seconds (300.19 k allocations: 300.552 MiB)
1761
  0.974553 seconds (398.11 k allocations: 398.129 MiB)
9259
  0.952925 seconds (372.84 k allocations: 371.711 MiB)
8003
  0.786480 seconds (427.49 k allocations: 423.579 MiB)
5532
  0.866364 seconds (513.82 k allocations: 510.081 MiB)
3006
  0.872491 seconds (517.06 k allocations: 512.163 MiB)
503
  0.861004 seconds (322.40 k allocations: 321.390 MiB)
6753
  0.860380 seconds (311.44 k allocations: 311.107 MiB)
4257
  0.858200 seconds (290.53 k allocations: 291.312 MiB)
1762
  0.866712 seconds (329.57 k allocations: 328.863 MiB)
9260
  0.869388 seconds (375.22 k allocations: 372.759 MiB)
8004
  0.774519 seconds (554.57 k allocations: 549.278 MiB)
5533
  1.175037 seconds (506.89 k allocations: 501.008 MiB, 14.76% gc time)
  1.068951 seconds (122.82 k allocations: 121.423 MiB, 16.23% gc time)
  1.143494 seconds (464.83 k allocations: 458.092 MiB, 15.17% gc time)
  1.078007 seconds (157.24 k allocations: 156.785 MiB, 16.09% gc time)
  1.074785 seconds (143.02 k allocations: 142.025 MiB, 16.14% gc time)
  1.053250 seconds (84.69 k allocations: 84.022 MiB, 16.47% gc time)
  1.040346 seconds (70.36 k allocations: 69.100 MiB, 16.67% gc time)
1763
504
4258
9261
8005
3007
6754
  0.760676 seconds (527.73 k allocations: 513.609 MiB)
5534
  0.780013 seconds (80.53 k allocations: 82.175 MiB)
505
  0.872116 seconds (158.83 k allocations: 158.540 MiB)
  0.872561 seconds (159.26 k allocations: 158.932 MiB)
  0.871131 seconds (159.89 k allocations: 161.095 MiB)
9262
4259
3008
  0.876256 seconds (168.90 k allocations: 172.452 MiB)
  0.878268 seconds (173.82 k allocations: 179.149 MiB)
8006
1764
  0.877384 seconds (193.34 k allocations: 197.464 MiB)
6755
  0.784409 seconds (554.57 k allocations: 549.278 MiB)
5535
  0.863952 seconds (554.57 k allocations: 549.278 MiB)
506
  0.861604 seconds (172.67 k allocations: 175.458 MiB)
3009
  0.868435 seconds (174.33 k allocations: 174.806 MiB)
8007
  0.870685 seconds (178.11 k allocations: 179.842 MiB)
  0.873862 seconds (187.98 k allocations: 194.349 MiB)
9263
4260
  0.870543 seconds (198.69 k allocations: 201.184 MiB)
  0.875778 seconds (208.24 k allocations: 212.921 MiB)
6756
1765
  0.786092 seconds (554.57 k allocations: 549.278 MiB)
5536
  0.854542 seconds (554.57 k allocations: 549.278 MiB)
507
  1.507362 seconds (227.73 k allocations: 228.148 MiB, 11.82% gc time)
  1.493559 seconds (152.30 k allocations: 152.287 MiB, 11.93% gc time)
  1.496537 seconds (161.57 k allocations: 162.366 MiB, 11.90% gc time)
  1.497119 seconds (163.85 k allocations: 164.552 MiB, 11.90% gc time)
  1.489495 seconds (149.42 k allocations: 147.227 MiB, 11.96% gc time)
  1.491531 seconds (149.60 k allocations: 148.794 MiB, 11.94% gc time)
  0.941818 seconds (70.57 k allocations: 69.478 MiB, 18.92% gc time)
3010
1766
8008
9264
6757
5537
4261
  0.749798 seconds (525.11 k allocations: 511.142 MiB)
508
  0.792771 seconds (80.99 k allocations: 81.387 MiB)
5538
  0.923743 seconds (160.64 k allocations: 160.272 MiB)
  0.919189 seconds (158.63 k allocations: 157.391 MiB)
  0.923173 seconds (160.17 k allocations: 160.942 MiB)
3011
4262
9265
  0.931972 seconds (193.16 k allocations: 195.666 MiB)
6758
  0.935932 seconds (207.30 k allocations: 210.644 MiB)
  0.935611 seconds (210.84 k allocations: 215.400 MiB)
1767
8009
  0.862589 seconds (554.57 k allocations: 549.278 MiB)
509
  0.784257 seconds (552.58 k allocations: 546.152 MiB)
5539
  0.859079 seconds (192.00 k allocations: 192.732 MiB)
9266
  0.865610 seconds (199.20 k allocations: 201.040 MiB)
  0.854979 seconds (166.46 k allocations: 167.009 MiB)
3012
  0.858965 seconds (172.75 k allocations: 177.301 MiB)
1768
6759
  0.874883 seconds (242.54 k allocations: 246.803 MiB)
4263
  0.864343 seconds (216.58 k allocations: 219.676 MiB)
8010
  0.784600 seconds (475.35 k allocations: 470.812 MiB)
5540
  0.851945 seconds (559.27 k allocations: 553.783 MiB)
510
  1.670033 seconds (205.73 k allocations: 207.088 MiB, 10.57% gc time)
  1.664267 seconds (173.27 k allocations: 173.577 MiB, 10.61% gc time)
  1.662292 seconds (168.06 k allocations: 167.348 MiB, 10.62% gc time)
  1.664688 seconds (174.80 k allocations: 175.070 MiB, 10.60% gc time)
  1.653947 seconds (149.36 k allocations: 147.122 MiB, 10.67% gc time)
  1.652368 seconds (149.59 k allocations: 147.513 MiB, 10.68% gc time)
  1.022033 seconds (8.75 k allocations: 9.249 MiB, 17.27% gc time)
9267
6760
4264
8011
511
3013
1769
  0.762052 seconds (524.20 k allocations: 510.270 MiB)
5541
  0.857801 seconds (222.93 k allocations: 223.343 MiB)
3014
  0.837164 seconds (91.90 k allocations: 93.268 MiB)
512
  0.867434 seconds (166.84 k allocations: 171.293 MiB)
4265
  0.931451 seconds (324.02 k allocations: 323.141 MiB)
  0.932647 seconds (324.71 k allocations: 325.184 MiB)
8012
9268
  0.934718 seconds (328.42 k allocations: 330.206 MiB)
6761
  0.933751 seconds (348.37 k allocations: 348.287 MiB)
1770
  0.781659 seconds (554.57 k allocations: 549.278 MiB)
5542
  0.858117 seconds (443.96 k allocations: 440.586 MiB)
3015
  0.865321 seconds (443.03 k allocations: 439.897 MiB)
513
  0.862613 seconds (461.26 k allocations: 457.536 MiB)
4266
  0.869552 seconds (313.14 k allocations: 312.723 MiB)
8013
  0.861327 seconds (302.73 k allocations: 300.535 MiB)
1771
  0.874801 seconds (323.62 k allocations: 324.381 MiB)
9269
  0.877592 seconds (340.69 k allocations: 340.928 MiB)
6762
  0.787867 seconds (554.57 k allocations: 549.278 MiB)
5543
  0.857934 seconds (443.11 k allocations: 439.763 MiB)
3016
  0.863855 seconds (435.85 k allocations: 433.018 MiB)
4267
  0.856530 seconds (307.59 k allocations: 304.780 MiB)
514
  0.861469 seconds (180.48 k allocations: 183.317 MiB)
8014
  0.864970 seconds (182.33 k allocations: 184.086 MiB)
9270
  0.872092 seconds (196.31 k allocations: 200.109 MiB)
1772
  0.869215 seconds (204.97 k allocations: 207.389 MiB)
6763
  0.948262 seconds (411.70 k allocations: 403.986 MiB, 19.65% gc time)
5544
  0.870687 seconds (172.66 k allocations: 173.790 MiB)
4268
  0.826613 seconds (42.35 k allocations: 43.188 MiB)
515
  0.791663 seconds (16.14 k allocations: 18.313 MiB)
5545
  0.950357 seconds (352.68 k allocations: 349.147 MiB)
1773
  0.958580 seconds (364.64 k allocations: 363.256 MiB)
6764
  0.965458 seconds (382.14 k allocations: 382.648 MiB)
3017
  0.962535 seconds (380.04 k allocations: 379.610 MiB)
9271
  0.938189 seconds (342.75 k allocations: 342.926 MiB)
8015
  0.785113 seconds (396.12 k allocations: 392.345 MiB)
5546
  0.862482 seconds (476.87 k allocations: 473.487 MiB)
516
  0.871542 seconds (494.51 k allocations: 493.041 MiB)
4269
  0.861488 seconds (301.87 k allocations: 301.755 MiB)
1774
  0.862467 seconds (272.95 k allocations: 273.051 MiB)
6765
  0.863736 seconds (274.94 k allocations: 276.382 MiB)
3018
  0.868434 seconds (302.94 k allocations: 303.394 MiB)
9272
  0.864302 seconds (311.23 k allocations: 311.518 MiB)
8016
  0.782109 seconds (554.57 k allocations: 549.278 MiB)
5547
  1.334882 seconds (465.85 k allocations: 460.499 MiB, 23.29% gc time)
  1.336965 seconds (465.99 k allocations: 461.869 MiB, 23.25% gc time)
  1.250396 seconds (144.24 k allocations: 144.339 MiB, 24.86% gc time)
  1.243130 seconds (108.80 k allocations: 109.287 MiB, 25.01% gc time)
  1.240453 seconds (101.00 k allocations: 100.673 MiB, 25.06% gc time)
  1.224538 seconds (70.29 k allocations: 68.984 MiB, 25.39% gc time)
  1.228823 seconds (73.65 k allocations: 73.954 MiB, 25.30% gc time)
9273
517
6766
8017
1775
4270
3019
  0.763595 seconds (530.29 k allocations: 516.081 MiB)
5548
  0.827271 seconds (79.22 k allocations: 78.479 MiB)
518
  0.880731 seconds (141.61 k allocations: 142.046 MiB)
9274
  0.927848 seconds (232.71 k allocations: 231.880 MiB)
  0.928449 seconds (233.82 k allocations: 233.534 MiB)
6767
8018
  0.928609 seconds (235.30 k allocations: 237.218 MiB)
1776
  0.932631 seconds (247.25 k allocations: 250.093 MiB)
4271
  0.931527 seconds (266.00 k allocations: 268.241 MiB)
3020
  0.775969 seconds (554.57 k allocations: 549.278 MiB)
5549
  0.860407 seconds (509.14 k allocations: 504.379 MiB)
519
  0.869160 seconds (393.35 k allocations: 386.634 MiB)
9275
  0.858573 seconds (230.32 k allocations: 230.833 MiB)
8019
  0.858324 seconds (227.28 k allocations: 225.670 MiB)
  0.862823 seconds (239.76 k allocations: 241.162 MiB)
4272
1777
  0.859437 seconds (251.89 k allocations: 252.066 MiB)
  0.865475 seconds (263.13 k allocations: 265.457 MiB)
3021
6768
  0.785765 seconds (554.57 k allocations: 549.278 MiB)
5550
  0.853034 seconds (470.97 k allocations: 463.564 MiB)
520
  0.862855 seconds (375.76 k allocations: 369.804 MiB)
9276
  0.867397 seconds (258.10 k allocations: 257.403 MiB)
8020
  0.856816 seconds (202.00 k allocations: 202.704 MiB)
1778
  0.864383 seconds (223.38 k allocations: 225.808 MiB)
6769
  0.859248 seconds (214.54 k allocations: 216.322 MiB)
3022
  0.857603 seconds (230.13 k allocations: 231.451 MiB)
4273
  0.973459 seconds (208.25 k allocations: 209.319 MiB, 17.48% gc time)
5551
  0.879038 seconds (375.50 k allocations: 367.917 MiB)
9277
  0.793434 seconds (3.64 k allocations: 4.930 MiB)
5552
  0.877955 seconds (296.58 k allocations: 294.016 MiB)
521
  0.926678 seconds (333.11 k allocations: 332.855 MiB)
1779
  0.932512 seconds (308.64 k allocations: 309.642 MiB)
6770
  0.931142 seconds (306.46 k allocations: 304.096 MiB)
  0.946050 seconds (332.53 k allocations: 333.921 MiB)
4274
3023
  0.954255 seconds (376.01 k allocations: 375.976 MiB)
8021
  0.787948 seconds (430.83 k allocations: 428.007 MiB)
5553
  0.877704 seconds (479.52 k allocations: 476.041 MiB)
9278
  0.875257 seconds (476.78 k allocations: 473.620 MiB)
522
  0.865637 seconds (381.73 k allocations: 378.163 MiB)
1780
  0.880320 seconds (375.21 k allocations: 372.138 MiB)
6771
  0.871605 seconds (324.92 k allocations: 324.201 MiB)
3024
  0.873115 seconds (340.24 k allocations: 339.072 MiB)
4275
  0.866367 seconds (370.06 k allocations: 367.819 MiB)
8022
  0.787607 seconds (554.57 k allocations: 549.278 MiB)
5554
  1.295042 seconds (478.26 k allocations: 473.602 MiB, 19.45% gc time)
  1.280484 seconds (465.92 k allocations: 460.578 MiB, 19.67% gc time)
  1.216124 seconds (285.44 k allocations: 279.474 MiB, 20.71% gc time)
  1.167363 seconds (99.58 k allocations: 99.165 MiB, 21.58% gc time)
  1.167898 seconds (100.86 k allocations: 100.320 MiB, 21.57% gc time)
  1.162548 seconds (90.85 k allocations: 89.725 MiB, 21.66% gc time)
  1.121290 seconds (70.44 k allocations: 69.123 MiB, 22.46% gc time)
4276
1781
3025
8023
9279
6772
523
  0.765480 seconds (520.80 k allocations: 506.945 MiB)
5555
  0.774612 seconds (115.74 k allocations: 120.764 MiB)
524
  0.874994 seconds (160.44 k allocations: 161.307 MiB)
  0.873369 seconds (158.97 k allocations: 158.460 MiB)
6773
4277
  0.874988 seconds (163.95 k allocations: 165.076 MiB)
8024
  0.879239 seconds (181.94 k allocations: 183.736 MiB)
3026
  0.925782 seconds (401.52 k allocations: 395.265 MiB)
1782
  0.930377 seconds (414.49 k allocations: 411.568 MiB)
9280
  0.783709 seconds (554.57 k allocations: 549.278 MiB)
5556
  0.865060 seconds (554.57 k allocations: 549.278 MiB)
525
  0.866121 seconds (325.77 k allocations: 323.177 MiB)
6774
  0.864645 seconds (275.32 k allocations: 272.652 MiB)
  0.872891 seconds (302.92 k allocations: 301.704 MiB)
3027
4278
  0.876370 seconds (304.99 k allocations: 303.913 MiB)
8025
  0.862120 seconds (305.84 k allocations: 304.923 MiB)
1783
  0.873293 seconds (373.04 k allocations: 369.425 MiB)
9281
  0.785069 seconds (554.57 k allocations: 549.278 MiB)
5557
  0.854964 seconds (554.57 k allocations: 549.278 MiB)
526
  1.507350 seconds (356.98 k allocations: 351.847 MiB, 10.76% gc time)
  1.451856 seconds (216.45 k allocations: 216.137 MiB, 11.17% gc time)
  1.444757 seconds (202.62 k allocations: 201.677 MiB, 11.22% gc time)
  1.412752 seconds (156.67 k allocations: 155.211 MiB, 11.48% gc time)
  1.434046 seconds (184.33 k allocations: 182.913 MiB, 11.30% gc time)
  1.404639 seconds (149.31 k allocations: 147.129 MiB, 11.54% gc time)
  0.963528 seconds (70.30 k allocations: 68.985 MiB, 16.83% gc time)
8026
3028
6775
1784
5558
4279
9282
  0.749264 seconds (522.87 k allocations: 508.911 MiB)
527
  0.786834 seconds (80.92 k allocations: 82.546 MiB)
5559
  0.920960 seconds (220.81 k allocations: 223.973 MiB)
1785
  0.925878 seconds (182.75 k allocations: 181.628 MiB)
3029
  0.934771 seconds (195.76 k allocations: 197.952 MiB)
6776
  0.935576 seconds (209.29 k allocations: 209.880 MiB)
9283
  0.943843 seconds (231.09 k allocations: 234.638 MiB)
4280
  0.944818 seconds (242.91 k allocations: 244.926 MiB)
8027
  0.860037 seconds (554.57 k allocations: 549.278 MiB)
528
  0.781125 seconds (526.38 k allocations: 521.073 MiB)
5560
  0.879319 seconds (340.14 k allocations: 336.912 MiB)
1786
  0.866465 seconds (209.71 k allocations: 209.878 MiB)
6777
  0.871282 seconds (217.37 k allocations: 218.635 MiB)
3030
  0.872243 seconds (220.39 k allocations: 222.965 MiB)
9284
  0.863077 seconds (205.56 k allocations: 208.989 MiB)
4281
  0.878936 seconds (326.00 k allocations: 324.423 MiB)
8028
  0.784070 seconds (475.35 k allocations: 470.812 MiB)
5561
  0.849268 seconds (543.70 k allocations: 538.882 MiB)
529
  1.440889 seconds (239.61 k allocations: 238.280 MiB, 36.29% gc time)
  1.420967 seconds (153.52 k allocations: 153.457 MiB, 36.80% gc time)
  1.424571 seconds (164.86 k allocations: 165.507 MiB, 36.71% gc time)
  1.413959 seconds (141.25 k allocations: 139.359 MiB, 36.99% gc time)
  1.416920 seconds (144.62 k allocations: 143.808 MiB, 36.91% gc time)
  1.386397 seconds (116.86 k allocations: 115.082 MiB, 37.72% gc time)
1787
4282
6778
3031
9285
8029
  0.763611 seconds (478.16 k allocations: 466.149 MiB)
5562
  0.938716 seconds (286.24 k allocations: 283.906 MiB)
530
  0.922175 seconds (112.09 k allocations: 116.251 MiB)
  0.919294 seconds (107.09 k allocations: 107.960 MiB)
6779
1788
  0.931116 seconds (144.65 k allocations: 146.282 MiB)
9286
  0.936263 seconds (157.45 k allocations: 162.425 MiB)
4283
  0.939503 seconds (193.19 k allocations: 195.590 MiB)
  0.936036 seconds (194.01 k allocations: 195.379 MiB)
8030
3032
  0.784715 seconds (554.43 k allocations: 548.834 MiB)
5563
  0.750877 seconds (362.58 k allocations: 356.989 MiB)
531
  0.862841 seconds (235.51 k allocations: 235.585 MiB)
1789
  0.881023 seconds (254.77 k allocations: 255.447 MiB)
6780
  0.879591 seconds (238.66 k allocations: 240.236 MiB)
9287
  0.877583 seconds (235.86 k allocations: 237.767 MiB)
4284
  0.869080 seconds (227.29 k allocations: 229.785 MiB)
3033
  0.868849 seconds (243.06 k allocations: 245.056 MiB)
8031
  0.786980 seconds (554.57 k allocations: 549.278 MiB)
5564
  0.863731 seconds (554.57 k allocations: 549.278 MiB)
532
  0.863626 seconds (294.48 k allocations: 293.237 MiB)
1790
  0.866831 seconds (275.58 k allocations: 275.369 MiB)
6781
  0.870927 seconds (277.89 k allocations: 277.780 MiB)
9288
  0.860696 seconds (278.84 k allocations: 278.887 MiB)
3034
  0.870690 seconds (322.30 k allocations: 320.692 MiB)
8032
  1.961716 seconds (360.45 k allocations: 357.395 MiB, 20.28% gc time)
  1.570050 seconds (281.61 k allocations: 279.289 MiB, 25.34% gc time)
  1.252457 seconds (203.14 k allocations: 201.610 MiB, 31.77% gc time)
4285
533
5565
  0.873623 seconds (388.32 k allocations: 380.164 MiB)
1791
  0.839040 seconds (67.59 k allocations: 66.122 MiB)
  0.842104 seconds (69.92 k allocations: 69.741 MiB)
5566
534
  0.959349 seconds (479.44 k allocations: 471.682 MiB)
6782
  0.952341 seconds (408.95 k allocations: 406.859 MiB)
9289
  0.944746 seconds (352.22 k allocations: 352.773 MiB)
3035
  0.931135 seconds (318.61 k allocations: 317.140 MiB)
4286
  0.944121 seconds (353.98 k allocations: 356.122 MiB)
8033
  0.779978 seconds (385.80 k allocations: 381.028 MiB)
5567
  0.867284 seconds (576.45 k allocations: 568.780 MiB)
1792
  0.868759 seconds (526.43 k allocations: 519.704 MiB)
535
  0.866947 seconds (364.58 k allocations: 360.541 MiB)
6783
  0.867100 seconds (320.04 k allocations: 319.346 MiB)
9290
  0.873057 seconds (323.89 k allocations: 321.993 MiB)
3036
  0.875055 seconds (332.16 k allocations: 331.342 MiB)
4287
  0.873707 seconds (363.50 k allocations: 361.545 MiB)
8034
  0.774526 seconds (524.85 k allocations: 519.408 MiB)
5568
  1.315636 seconds (526.47 k allocations: 519.741 MiB, 19.99% gc time)
  1.202080 seconds (225.74 k allocations: 222.331 MiB, 21.88% gc time)
  1.256441 seconds (442.21 k allocations: 435.000 MiB, 20.93% gc time)
  1.154868 seconds (71.03 k allocations: 70.629 MiB, 22.77% gc time)
  1.194885 seconds (196.04 k allocations: 192.701 MiB, 22.01% gc time)
  1.151570 seconds (70.14 k allocations: 68.598 MiB, 22.84% gc time)
  1.161388 seconds (83.42 k allocations: 83.777 MiB, 22.65% gc time)
4288
536
6784
8035
3037
1793
9291
  0.810394 seconds (521.21 k allocations: 507.351 MiB)
5569
  0.858237 seconds (125.54 k allocations: 130.147 MiB)
1794
  0.862375 seconds (103.25 k allocations: 102.900 MiB)
6785
  0.873658 seconds (118.59 k allocations: 123.897 MiB)
8036
  0.877344 seconds (135.24 k allocations: 138.817 MiB)
  0.876629 seconds (135.85 k allocations: 140.043 MiB)
4289
3038
  0.879747 seconds (170.03 k allocations: 172.506 MiB)
9292
  0.915441 seconds (336.56 k allocations: 339.415 MiB)
537
  0.784453 seconds (554.57 k allocations: 549.272 MiB)
5570
  0.861043 seconds (225.75 k allocations: 226.030 MiB)
1795
  0.870948 seconds (213.56 k allocations: 214.584 MiB)
6786
  0.873392 seconds (199.75 k allocations: 201.565 MiB)
8037
  0.862050 seconds (140.19 k allocations: 144.792 MiB)
4290
  0.853181 seconds (148.32 k allocations: 150.321 MiB)
  0.866881 seconds (168.94 k allocations: 172.662 MiB)
538
  0.868163 seconds (177.57 k allocations: 182.337 MiB)
9293
3039
  0.783797 seconds (554.57 k allocations: 549.278 MiB)
5571
  0.871301 seconds (338.59 k allocations: 334.014 MiB)
1796
  0.860696 seconds (181.87 k allocations: 184.253 MiB)
8038
  0.844693 seconds (122.45 k allocations: 122.709 MiB)
  0.865878 seconds (182.19 k allocations: 185.115 MiB)
539
6787
  0.862361 seconds (161.03 k allocations: 166.163 MiB)
  0.858276 seconds (146.91 k allocations: 149.856 MiB)
4291
3040
  0.868703 seconds (160.98 k allocations: 165.285 MiB)
9294
  0.989931 seconds (220.31 k allocations: 220.868 MiB, 18.26% gc time)
5572
  0.854570 seconds (363.13 k allocations: 356.079 MiB)
1797
  0.794595 seconds (42.21 k allocations: 41.833 MiB)
5573
  0.863329 seconds (197.93 k allocations: 199.638 MiB)
4292
  0.927156 seconds (274.72 k allocations: 273.318 MiB)
  0.943942 seconds (328.74 k allocations: 331.289 MiB)
540
6788
  0.936044 seconds (292.29 k allocations: 294.195 MiB)
8039
  0.941068 seconds (309.50 k allocations: 312.099 MiB)
3041
  0.926331 seconds (315.15 k allocations: 316.490 MiB)
9295
  0.786461 seconds (434.13 k allocations: 429.952 MiB)
5574
  0.772924 seconds (418.03 k allocations: 414.737 MiB)
4293
  0.862490 seconds (605.83 k allocations: 599.769 MiB)
1798
  0.864687 seconds (265.56 k allocations: 265.779 MiB)
541
  0.869286 seconds (268.24 k allocations: 269.764 MiB)
6789
  0.870419 seconds (271.09 k allocations: 271.484 MiB)
  0.874396 seconds (279.31 k allocations: 281.500 MiB)
3042
  0.862032 seconds (266.00 k allocations: 268.126 MiB)
8040
9296
  0.785815 seconds (476.48 k allocations: 471.696 MiB)
5575
  1.200586 seconds (465.86 k allocations: 460.512 MiB, 14.54% gc time)
  1.225400 seconds (496.05 k allocations: 490.636 MiB, 14.25% gc time)
  1.055524 seconds (117.94 k allocations: 119.190 MiB, 16.54% gc time)
  1.050065 seconds (91.88 k allocations: 93.059 MiB, 16.63% gc time)
  1.043641 seconds (70.98 k allocations: 70.743 MiB, 16.73% gc time)
  1.043074 seconds (70.32 k allocations: 70.194 MiB, 16.74% gc time)
  1.041083 seconds (70.36 k allocations: 69.027 MiB, 16.77% gc time)
4294
1799
542
8041
6790
9297
3043
  0.806174 seconds (544.01 k allocations: 529.396 MiB)
5576
  0.860127 seconds (99.31 k allocations: 102.594 MiB)
  0.859169 seconds (92.39 k allocations: 96.119 MiB)
8042
9298
  0.869994 seconds (121.54 k allocations: 127.928 MiB)
6791
  0.872828 seconds (132.56 k allocations: 137.487 MiB)
3044
  0.877036 seconds (184.75 k allocations: 185.177 MiB)
543
  0.926767 seconds (452.13 k allocations: 447.372 MiB)
  0.928146 seconds (456.09 k allocations: 452.530 MiB)
4295
1800
  0.777085 seconds (554.57 k allocations: 549.278 MiB)
5577
  0.863698 seconds (304.80 k allocations: 304.527 MiB)
9299
  0.860795 seconds (271.37 k allocations: 271.537 MiB)
8043
  0.866174 seconds (281.95 k allocations: 283.091 MiB)
6792
  0.864895 seconds (276.87 k allocations: 275.586 MiB)
3045
  0.863829 seconds (310.36 k allocations: 307.818 MiB)
544
  0.852799 seconds (413.59 k allocations: 408.052 MiB)
1801
  0.862870 seconds (437.27 k allocations: 435.803 MiB)
4296
  0.782240 seconds (554.57 k allocations: 549.278 MiB)
5578
  0.854210 seconds (328.98 k allocations: 327.688 MiB)
9300
  0.855637 seconds (315.45 k allocations: 314.943 MiB)
8044
  0.860416 seconds (314.63 k allocations: 311.706 MiB)
6793
  0.871524 seconds (341.98 k allocations: 339.314 MiB)
3046
  0.855126 seconds (267.77 k allocations: 267.082 MiB)
1802
  0.864835 seconds (304.61 k allocations: 302.538 MiB)
4297
  0.864245 seconds (323.74 k allocations: 321.048 MiB)
545
  0.948417 seconds (275.78 k allocations: 273.928 MiB, 17.79% gc time)
5579
  0.857050 seconds (306.30 k allocations: 301.719 MiB)
9301
  0.790583 seconds (26.55 k allocations: 26.851 MiB)
5580
  0.956646 seconds (382.86 k allocations: 379.037 MiB)
6794
  0.926934 seconds (244.50 k allocations: 244.412 MiB)
1803
  0.945092 seconds (300.80 k allocations: 300.931 MiB)
8045
  0.967318 seconds (383.67 k allocations: 382.901 MiB)
3047
  0.926385 seconds (259.78 k allocations: 262.087 MiB)
4298
  0.952251 seconds (466.75 k allocations: 459.127 MiB)
546
  0.785726 seconds (475.35 k allocations: 470.812 MiB)
5581
  0.866776 seconds (579.54 k allocations: 574.405 MiB)
9302
  0.868808 seconds (303.25 k allocations: 301.615 MiB)
6795
  0.871238 seconds (293.28 k allocations: 292.306 MiB)
1804
  0.868055 seconds (271.54 k allocations: 271.699 MiB)
8046
  0.861076 seconds (248.42 k allocations: 249.782 MiB)
4299
  0.872243 seconds (312.88 k allocations: 311.664 MiB)
3048
  0.861505 seconds (528.59 k allocations: 521.969 MiB)
547
  0.785451 seconds (553.85 k allocations: 547.204 MiB)
5582
  1.249422 seconds (545.09 k allocations: 538.994 MiB, 14.62% gc time)
  1.121542 seconds (197.04 k allocations: 197.533 MiB, 16.28% gc time)
  1.117685 seconds (179.38 k allocations: 179.420 MiB, 16.34% gc time)
  1.115068 seconds (171.08 k allocations: 168.814 MiB, 16.38% gc time)
  1.112678 seconds (165.83 k allocations: 162.615 MiB, 16.41% gc time)
  1.095940 seconds (131.19 k allocations: 128.452 MiB, 16.66% gc time)
  1.046268 seconds (70.64 k allocations: 69.691 MiB, 17.45% gc time)
6796
548
3049
1805
8047
9303
4300
  0.806002 seconds (532.63 k allocations: 518.309 MiB)
5583
  0.789517 seconds (86.43 k allocations: 89.054 MiB)
549
  0.870275 seconds (162.09 k allocations: 161.659 MiB)
  0.871613 seconds (163.86 k allocations: 165.760 MiB)
6797
1806
  0.869516 seconds (169.42 k allocations: 170.305 MiB)
  0.875637 seconds (175.25 k allocations: 178.481 MiB)
4301
8048
  0.877712 seconds (182.75 k allocations: 187.159 MiB)
3050
  0.928483 seconds (523.89 k allocations: 516.239 MiB)
9304
  0.784742 seconds (554.57 k allocations: 549.278 MiB)
5584
  0.872992 seconds (554.57 k allocations: 549.278 MiB)
550
  0.791458 seconds (159.51 k allocations: 159.181 MiB)
4302
  0.859288 seconds (325.34 k allocations: 322.973 MiB)
1807
  0.867372 seconds (336.42 k allocations: 335.010 MiB)
6798
  0.867177 seconds (330.90 k allocations: 328.708 MiB)
8049
  0.875337 seconds (367.28 k allocations: 364.954 MiB)
3051
  0.873116 seconds (531.70 k allocations: 524.959 MiB)
9305
  0.786523 seconds (554.57 k allocations: 549.278 MiB)
5585
  0.865160 seconds (485.84 k allocations: 480.645 MiB)
4303
  0.862994 seconds (452.77 k allocations: 446.337 MiB)
551
  0.862903 seconds (249.16 k allocations: 249.056 MiB)
  0.865551 seconds (253.55 k allocations: 254.091 MiB)
6799
1808
  0.861534 seconds (236.86 k allocations: 237.498 MiB)
8050
  0.857664 seconds (233.40 k allocations: 234.385 MiB)
3052
  0.863324 seconds (301.69 k allocations: 299.930 MiB)
9306
  0.964354 seconds (389.09 k allocations: 382.355 MiB, 18.82% gc time)
5586
  0.858760 seconds (137.25 k allocations: 138.697 MiB)
4304
  0.797611 seconds (17.12 k allocations: 17.838 MiB)
  0.886364 seconds (211.01 k allocations: 211.928 MiB)
  0.857605 seconds (87.18 k allocations: 91.325 MiB)
5587
552
6800
  0.940918 seconds (366.52 k allocations: 362.589 MiB)
1809
  0.965577 seconds (420.42 k allocations: 420.500 MiB)
3053
  0.961272 seconds (398.85 k allocations: 397.616 MiB)
8051
  0.968885 seconds (432.34 k allocations: 429.845 MiB)
9307
  0.777473 seconds (365.83 k allocations: 364.376 MiB)
4305
  0.794690 seconds (368.92 k allocations: 366.299 MiB)
5588
  0.895947 seconds (501.08 k allocations: 496.660 MiB)
553
  0.881390 seconds (483.07 k allocations: 478.219 MiB)
6801
  0.885549 seconds (367.81 k allocations: 365.039 MiB)
1810
  0.887068 seconds (356.11 k allocations: 354.062 MiB)
3054
  0.883499 seconds (354.65 k allocations: 352.867 MiB)
8052
  0.875994 seconds (383.34 k allocations: 381.766 MiB)
9308
  0.803544 seconds (475.35 k allocations: 470.812 MiB)
5589
  0.876665 seconds (537.03 k allocations: 532.492 MiB)
4306
  1.352919 seconds (352.62 k allocations: 346.619 MiB, 26.18% gc time)
  1.397085 seconds (438.04 k allocations: 433.909 MiB, 25.35% gc time)
  1.289029 seconds (180.04 k allocations: 178.837 MiB, 27.48% gc time)
  1.268448 seconds (128.82 k allocations: 128.552 MiB, 27.92% gc time)
  1.246562 seconds (90.86 k allocations: 91.186 MiB, 28.41% gc time)
  1.237181 seconds (83.79 k allocations: 83.247 MiB, 28.63% gc time)
1811
554
9309
3055
6802
8053
  0.766691 seconds (528.18 k allocations: 514.061 MiB)
5590
  0.776576 seconds (144.82 k allocations: 147.385 MiB)
555
  0.829068 seconds (226.84 k allocations: 228.529 MiB)
4307
  0.929609 seconds (243.02 k allocations: 242.980 MiB)
  0.930164 seconds (242.11 k allocations: 243.494 MiB)
9310
8054
  0.929371 seconds (241.07 k allocations: 242.735 MiB)
6803
  0.935117 seconds (254.09 k allocations: 256.632 MiB)
  0.931730 seconds (256.93 k allocations: 259.507 MiB)
1812
3056
  0.788754 seconds (554.57 k allocations: 549.278 MiB)
5591
  0.870356 seconds (523.66 k allocations: 518.267 MiB)
556
  0.866907 seconds (513.94 k allocations: 509.173 MiB)
4308
  0.856904 seconds (242.93 k allocations: 241.673 MiB)
3057
  0.866032 seconds (250.40 k allocations: 250.242 MiB)
9311
  0.863241 seconds (254.23 k allocations: 254.120 MiB)
  0.874283 seconds (264.94 k allocations: 266.960 MiB)
8055
  0.873718 seconds (267.19 k allocations: 270.572 MiB)
6804
1813
  0.776106 seconds (554.57 k allocations: 549.278 MiB)
5592
  0.849308 seconds (514.71 k allocations: 509.708 MiB)
557
  0.855100 seconds (511.07 k allocations: 506.430 MiB)
4309
  1.383187 seconds (230.62 k allocations: 229.896 MiB, 12.28% gc time)
  1.373460 seconds (203.29 k allocations: 202.491 MiB, 12.37% gc time)
  1.382548 seconds (228.61 k allocations: 227.949 MiB, 12.29% gc time)
  1.370751 seconds (200.50 k allocations: 198.603 MiB, 12.39% gc time)
  1.363731 seconds (196.12 k allocations: 193.234 MiB, 12.45% gc time)
  0.923971 seconds (117.31 k allocations: 115.483 MiB, 18.38% gc time)
8056
3058
1814
6805
9312
5593
  0.790564 seconds (473.78 k allocations: 461.974 MiB)
558
  0.829013 seconds (354.85 k allocations: 349.572 MiB)
4310
  0.793802 seconds (103.10 k allocations: 103.971 MiB)
5594
  0.933486 seconds (237.95 k allocations: 236.907 MiB)
  0.934088 seconds (238.53 k allocations: 238.869 MiB)
  0.930919 seconds (238.45 k allocations: 237.545 MiB)
  0.934759 seconds (239.38 k allocations: 240.853 MiB)
6806
3059
8057
9313
  0.938021 seconds (244.70 k allocations: 249.009 MiB)
1815
  0.863750 seconds (554.57 k allocations: 549.278 MiB)
559
  0.775885 seconds (406.88 k allocations: 404.063 MiB)
5595
  0.864792 seconds (574.55 k allocations: 569.629 MiB)
4311
  0.865201 seconds (249.33 k allocations: 250.251 MiB)
  0.862118 seconds (240.77 k allocations: 240.981 MiB)
9314
6807
  0.874674 seconds (267.02 k allocations: 267.580 MiB)
1816
  0.889102 seconds (310.38 k allocations: 314.181 MiB)
8058
  0.881006 seconds (299.78 k allocations: 300.572 MiB)
3060
  0.781612 seconds (475.35 k allocations: 470.812 MiB)
5596
  0.856090 seconds (539.78 k allocations: 535.121 MiB)
560
  1.557556 seconds (482.81 k allocations: 478.152 MiB, 30.94% gc time)
  1.362374 seconds (86.84 k allocations: 85.966 MiB, 35.37% gc time)
  1.382952 seconds (150.59 k allocations: 151.864 MiB, 34.84% gc time)
  1.367452 seconds (89.68 k allocations: 89.876 MiB, 35.24% gc time)
  1.366729 seconds (89.12 k allocations: 89.364 MiB, 35.26% gc time)
  1.369510 seconds (93.01 k allocations: 94.540 MiB, 35.18% gc time)
6808
3061
9315
1817
4312
8059
  0.772468 seconds (505.39 k allocations: 492.210 MiB)
5597
  0.818564 seconds (196.85 k allocations: 198.399 MiB)
561
  0.930908 seconds (172.81 k allocations: 175.590 MiB)
  0.931050 seconds (168.61 k allocations: 171.718 MiB)
6809
  0.927621 seconds (164.05 k allocations: 165.274 MiB)
9316
4313
  0.933916 seconds (180.43 k allocations: 183.491 MiB)
8060
  0.935187 seconds (196.15 k allocations: 199.970 MiB)
  0.928591 seconds (195.84 k allocations: 199.573 MiB)
1818
3062
  0.785472 seconds (554.57 k allocations: 549.278 MiB)
5598
  0.864108 seconds (554.57 k allocations: 549.278 MiB)
562
  0.855865 seconds (169.51 k allocations: 171.202 MiB)
4314
  0.863301 seconds (179.39 k allocations: 182.089 MiB)
3063
  0.862591 seconds (172.82 k allocations: 174.765 MiB)
  0.874287 seconds (210.82 k allocations: 217.406 MiB)
6810
8061
  0.869075 seconds (206.93 k allocations: 209.062 MiB)
9317
  0.878418 seconds (236.49 k allocations: 240.002 MiB)
1819
  0.789747 seconds (554.57 k allocations: 549.278 MiB)
5599
  0.865331 seconds (554.57 k allocations: 549.278 MiB)
563
  0.853642 seconds (206.37 k allocations: 207.691 MiB)
8062
  0.853768 seconds (174.71 k allocations: 176.378 MiB)
  0.855025 seconds (176.51 k allocations: 178.895 MiB)
4315
9318
  0.869028 seconds (226.01 k allocations: 230.771 MiB)
6811
  0.867973 seconds (214.86 k allocations: 217.869 MiB)
3064
  0.861833 seconds (217.32 k allocations: 220.435 MiB)
1820
  1.630830 seconds (416.23 k allocations: 409.555 MiB, 27.36% gc time)
  1.303208 seconds (337.33 k allocations: 331.372 MiB, 34.24% gc time)
5600
564
  0.878040 seconds (248.74 k allocations: 246.612 MiB)
9319
  0.901659 seconds (232.19 k allocations: 230.980 MiB)
3065
  0.835327 seconds (61.85 k allocations: 62.061 MiB)
565
  0.847043 seconds (106.14 k allocations: 105.862 MiB)
5601
  0.969410 seconds (461.99 k allocations: 456.399 MiB)
  0.948026 seconds (391.56 k allocations: 386.547 MiB)
6812
8063
  0.963932 seconds (450.01 k allocations: 449.020 MiB)
1821
  0.952254 seconds (433.44 k allocations: 432.137 MiB)
4316
  0.783694 seconds (294.60 k allocations: 289.671 MiB)
5602
  0.870123 seconds (518.22 k allocations: 511.625 MiB)
9320
  0.864153 seconds (466.61 k allocations: 463.686 MiB)
3066
  0.862789 seconds (446.96 k allocations: 439.573 MiB)
566
  0.802054 seconds (224.98 k allocations: 223.478 MiB)
4317
  0.870770 seconds (415.03 k allocations: 411.660 MiB)
8064
  0.862208 seconds (394.40 k allocations: 392.136 MiB)
  0.870095 seconds (411.17 k allocations: 410.785 MiB)
1822
6813
  0.784653 seconds (522.38 k allocations: 517.046 MiB)
5603
  1.256110 seconds (477.96 k allocations: 471.672 MiB, 20.68% gc time)  1.230428 seconds (379.92 k allocations: 375.434 MiB, 21.11% gc time)

  1.209860 seconds (322.56 k allocations: 317.862 MiB, 21.47% gc time)
  1.192283 seconds (238.98 k allocations: 233.782 MiB, 21.79% gc time)
  1.135916 seconds (71.01 k allocations: 70.538 MiB, 22.87% gc time)
  1.144585 seconds (85.55 k allocations: 85.824 MiB, 22.70% gc time)
  1.132858 seconds (70.52 k allocations: 69.195 MiB, 22.93% gc time)
567
4318
6814
9321
8065
1823
3067
  0.768208 seconds (528.31 k allocations: 514.147 MiB)
5604
  0.842202 seconds (81.95 k allocations: 82.302 MiB)
4319
  0.865223 seconds (151.97 k allocations: 156.875 MiB)
1824
  0.870792 seconds (134.99 k allocations: 135.924 MiB)
568
  0.871553 seconds (138.28 k allocations: 140.451 MiB)
8066
  0.879954 seconds (175.48 k allocations: 177.540 MiB)
6815
  0.926956 seconds (439.39 k allocations: 432.725 MiB)
3068
  0.931922 seconds (445.72 k allocations: 442.664 MiB)
9322
  0.784736 seconds (554.57 k allocations: 549.278 MiB)
5605
  0.862000 seconds (380.96 k allocations: 377.431 MiB)
4320
  0.854081 seconds (284.57 k allocations: 282.786 MiB)
569
  0.860887 seconds (302.43 k allocations: 303.914 MiB)
1825
  0.860501 seconds (303.85 k allocations: 301.387 MiB)
8067
  0.865046 seconds (353.88 k allocations: 349.456 MiB)
6816
  0.857177 seconds (399.16 k allocations: 393.004 MiB)
3069
  0.866278 seconds (424.05 k allocations: 420.502 MiB)
9323
  0.786660 seconds (554.47 k allocations: 548.974 MiB)
5606
  0.873926 seconds (347.77 k allocations: 345.447 MiB)
  0.859312 seconds (285.96 k allocations: 283.861 MiB)
4321
8068
  0.855266 seconds (259.09 k allocations: 257.127 MiB)
  0.856072 seconds (259.38 k allocations: 258.772 MiB)
570
1826
  0.870165 seconds (248.84 k allocations: 248.969 MiB)
6817
  0.867730 seconds (239.44 k allocations: 240.171 MiB)
  0.854622 seconds (229.05 k allocations: 229.446 MiB)
9324
3070
  1.027155 seconds (346.74 k allocations: 341.850 MiB, 21.41% gc time)
5607
  0.827250 seconds (33.40 k allocations: 33.198 MiB)
  0.880218 seconds (235.51 k allocations: 234.233 MiB)
3071
1827
  0.793936 seconds (8.14 k allocations: 10.654 MiB)
5608
  0.871846 seconds (178.35 k allocations: 178.632 MiB)
571
  0.933943 seconds (423.98 k allocations: 421.239 MiB)
4322
  0.947603 seconds (456.07 k allocations: 453.386 MiB)
8069
  0.938638 seconds (415.95 k allocations: 415.203 MiB)
6818
  0.949798 seconds (471.08 k allocations: 466.922 MiB)
9325
  0.786828 seconds (354.49 k allocations: 351.068 MiB)
5609
  0.862495 seconds (438.76 k allocations: 435.581 MiB)
3072
  0.869510 seconds (447.16 k allocations: 445.069 MiB)
1828
  0.861732 seconds (431.09 k allocations: 425.823 MiB)
572
  0.867420 seconds (411.20 k allocations: 406.573 MiB)
4323
  0.864110 seconds (382.02 k allocations: 380.078 MiB)
8070
  0.869179 seconds (399.91 k allocations: 397.392 MiB)
6819
  0.866654 seconds (447.52 k allocations: 443.173 MiB)
9326
  0.775047 seconds (554.57 k allocations: 549.278 MiB)
5610
  1.205498 seconds (432.55 k allocations: 428.428 MiB, 16.76% gc time)
  1.127955 seconds (197.59 k allocations: 194.189 MiB, 17.92% gc time)
  1.198478 seconds (416.03 k allocations: 411.375 MiB, 16.86% gc time)
  1.101565 seconds (100.97 k allocations: 100.516 MiB, 18.35% gc time)
  1.175032 seconds (366.68 k allocations: 360.107 MiB, 17.20% gc time)
  1.098147 seconds (94.60 k allocations: 93.317 MiB, 18.40% gc time)
  1.077832 seconds (70.53 k allocations: 69.358 MiB, 18.75% gc time)
8071
6820
9327
3073
4324
1829
573
  0.766888 seconds (530.93 k allocations: 516.640 MiB)
5611
  0.874108 seconds (82.08 k allocations: 82.436 MiB)
  0.878762 seconds (89.14 k allocations: 91.647 MiB)
4325
8072
  0.879297 seconds (88.56 k allocations: 91.495 MiB)
  0.882140 seconds (95.15 k allocations: 101.627 MiB)
9328
6821
  0.874209 seconds (98.48 k allocations: 102.630 MiB)
574
  0.930842 seconds (380.32 k allocations: 376.204 MiB)
3074
  0.939369 seconds (445.82 k allocations: 439.076 MiB)
1830
  0.785666 seconds (554.57 k allocations: 549.278 MiB)
5612
  0.857556 seconds (198.31 k allocations: 196.124 MiB)
8073
  0.871217 seconds (239.87 k allocations: 239.764 MiB)
  0.869693 seconds (229.61 k allocations: 230.137 MiB)
4326
9329
  0.860544 seconds (184.46 k allocations: 185.905 MiB)
575
  0.879901 seconds (253.55 k allocations: 254.688 MiB)
6822
  0.864511 seconds (310.72 k allocations: 308.377 MiB)
3075
  0.874943 seconds (466.45 k allocations: 460.072 MiB)
1831
  0.784958 seconds (554.57 k allocations: 549.278 MiB)
5613
  0.847482 seconds (197.72 k allocations: 195.552 MiB)
  0.858510 seconds (254.21 k allocations: 254.689 MiB)
4327
8074
  0.863777 seconds (256.03 k allocations: 256.688 MiB)
576
  0.859532 seconds (219.43 k allocations: 219.365 MiB)
9330
  0.870852 seconds (250.70 k allocations: 251.949 MiB)
6823
  0.856909 seconds (235.39 k allocations: 236.303 MiB)
3076
  0.870139 seconds (288.25 k allocations: 287.098 MiB)
1832
  1.096906 seconds (344.49 k allocations: 339.672 MiB, 30.59% gc time)
5614
  0.751107 seconds (239.86 k allocations: 238.105 MiB)
4328
  0.818562 seconds (142.99 k allocations: 143.155 MiB)
577
  0.795599 seconds (104.87 k allocations: 104.451 MiB)
5615
  0.960642 seconds (387.56 k allocations: 384.954 MiB)
6824
  0.949460 seconds (331.18 k allocations: 331.217 MiB)
9331
  0.974121 seconds (409.68 k allocations: 408.991 MiB)
8075
  0.946524 seconds (340.57 k allocations: 340.604 MiB)
3077
  0.935031 seconds (327.91 k allocations: 328.707 MiB)
1833
  0.764183 seconds (554.57 k allocations: 549.278 MiB)
4329
  0.787652 seconds (475.35 k allocations: 470.812 MiB)
5616
  0.866128 seconds (577.84 k allocations: 572.771 MiB)
578
  0.865027 seconds (313.85 k allocations: 311.971 MiB)
9332
  0.866974 seconds (304.54 k allocations: 303.282 MiB)
8076
  0.877656 seconds (336.57 k allocations: 336.572 MiB)
6825
  0.857334 seconds (292.02 k allocations: 291.699 MiB)
3078
  0.862683 seconds (317.53 k allocations: 317.559 MiB)
1834
  0.863015 seconds (554.57 k allocations: 549.278 MiB)
4330
  0.784433 seconds (550.33 k allocations: 542.562 MiB)
5617
  1.747659 seconds (545.10 k allocations: 538.992 MiB, 9.46% gc time)
  1.629897 seconds (238.72 k allocations: 237.427 MiB, 10.14% gc time)
  1.622853 seconds (206.36 k allocations: 205.232 MiB, 10.18% gc time)
  1.608558 seconds (163.71 k allocations: 161.979 MiB, 10.27% gc time)
  1.610140 seconds (165.82 k allocations: 164.012 MiB, 10.26% gc time)
  1.595299 seconds (149.52 k allocations: 147.237 MiB, 10.36% gc time)
  1.024464 seconds (67.40 k allocations: 64.613 MiB, 16.13% gc time)
579
4331
1835
6826
3079
9333
8077
  0.763118 seconds (543.83 k allocations: 529.264 MiB)
5618
  0.865450 seconds (79.23 k allocations: 78.479 MiB)
580
  0.924954 seconds (155.16 k allocations: 159.916 MiB)
4332
  0.928018 seconds (152.00 k allocations: 157.099 MiB)
1836
  0.936460 seconds (185.72 k allocations: 184.676 MiB)
  0.939173 seconds (190.96 k allocations: 191.066 MiB)
3080
  0.939882 seconds (191.50 k allocations: 191.711 MiB)
8078
9334
  0.943659 seconds (224.30 k allocations: 225.892 MiB)
6827
  0.785780 seconds (554.57 k allocations: 549.278 MiB)
5619
  0.867597 seconds (230.46 k allocations: 230.561 MiB)
4333
  0.862524 seconds (193.61 k allocations: 194.267 MiB)
581
  0.869975 seconds (205.87 k allocations: 207.418 MiB)
1837
  0.872019 seconds (189.48 k allocations: 189.495 MiB)
8079
  0.876415 seconds (199.44 k allocations: 200.460 MiB)
  0.877741 seconds (201.86 k allocations: 202.981 MiB)
3081
9335
  0.895011 seconds (364.86 k allocations: 361.619 MiB)
6828
  0.786704 seconds (554.57 k allocations: 549.278 MiB)
5620
  0.867385 seconds (411.19 k allocations: 404.908 MiB)
4334
  0.866489 seconds (334.29 k allocations: 330.103 MiB)
8080
  1.378370 seconds (275.04 k allocations: 273.645 MiB, 14.85% gc time)
  1.351680 seconds (242.51 k allocations: 241.286 MiB, 15.14% gc time)
  1.330647 seconds (221.44 k allocations: 219.875 MiB, 15.38% gc time)
  1.280211 seconds (182.93 k allocations: 181.741 MiB, 15.99% gc time)
  0.969244 seconds (99.84 k allocations: 98.613 MiB, 21.12% gc time)
  1.269906 seconds (179.21 k allocations: 177.307 MiB, 16.12% gc time)
9336
3082
5621
6829
1838
582
  0.860542 seconds (502.31 k allocations: 489.328 MiB)
4335
  0.783234 seconds (20.86 k allocations: 23.837 MiB)
5622
  0.834395 seconds (149.19 k allocations: 146.864 MiB)
583
  0.930377 seconds (420.64 k allocations: 416.633 MiB)
8081
  0.923560 seconds (275.81 k allocations: 277.021 MiB)
3083
  0.929820 seconds (292.29 k allocations: 295.416 MiB)
9337
  0.927280 seconds (292.19 k allocations: 291.862 MiB)
1839
  0.928621 seconds (304.71 k allocations: 305.287 MiB)
6830
  0.779451 seconds (493.57 k allocations: 489.475 MiB)
4336
  0.784883 seconds (491.49 k allocations: 486.247 MiB)
5623
  0.865689 seconds (549.44 k allocations: 542.931 MiB)
584
  0.877111 seconds (400.81 k allocations: 396.439 MiB)
8082
  0.865361 seconds (278.81 k allocations: 279.888 MiB)
  0.860391 seconds (270.58 k allocations: 270.831 MiB)
9338
  0.863711 seconds (276.36 k allocations: 277.133 MiB)
1840
3084
  0.868072 seconds (321.50 k allocations: 321.332 MiB)
6831
  0.785542 seconds (475.35 k allocations: 470.812 MiB)
5624
  0.879185 seconds (559.17 k allocations: 553.677 MiB)
4337
  1.142310 seconds (99.03 k allocations: 100.096 MiB, 23.21% gc time)
  1.234012 seconds (474.50 k allocations: 470.219 MiB, 21.48% gc time)
  1.162314 seconds (194.72 k allocations: 194.096 MiB, 22.81% gc time)
  1.136701 seconds (86.77 k allocations: 87.111 MiB, 23.32% gc time)
  1.128812 seconds (78.84 k allocations: 78.264 MiB, 23.48% gc time)
  1.145317 seconds (107.47 k allocations: 109.518 MiB, 23.15% gc time)
1841
585
3085
6832
8083
9339
  0.762227 seconds (530.42 k allocations: 516.281 MiB)
5625
  0.869586 seconds (105.29 k allocations: 109.548 MiB)
1842
  0.867181 seconds (84.98 k allocations: 85.414 MiB)
3086
  0.870960 seconds (97.60 k allocations: 98.919 MiB)
9340
  0.874565 seconds (102.07 k allocations: 104.575 MiB)
8084
  0.882788 seconds (146.45 k allocations: 148.531 MiB)
6833
  0.932840 seconds (419.83 k allocations: 418.916 MiB)
4338
  0.930669 seconds (416.18 k allocations: 411.949 MiB)
586
  0.785709 seconds (554.57 k allocations: 549.278 MiB)
5626
  0.853904 seconds (328.13 k allocations: 325.491 MiB)
1843
  0.859419 seconds (254.74 k allocations: 253.974 MiB)
3087
  0.858648 seconds (233.46 k allocations: 232.585 MiB)
8085
  0.870153 seconds (276.50 k allocations: 276.457 MiB)
  0.854929 seconds (219.78 k allocations: 219.925 MiB)
9341
6834
  0.864003 seconds (374.03 k allocations: 368.972 MiB)
4339
  0.852486 seconds (411.87 k allocations: 406.628 MiB)
587
  0.784762 seconds (554.57 k allocations: 549.278 MiB)
5627
  0.853206 seconds (316.14 k allocations: 313.973 MiB)
1844
  0.866420 seconds (290.77 k allocations: 288.461 MiB)
3088
  0.855338 seconds (206.19 k allocations: 205.301 MiB)
8086
  0.868861 seconds (247.87 k allocations: 247.824 MiB)
9342
  0.872465 seconds (262.74 k allocations: 263.480 MiB)
6835
  0.850686 seconds (268.32 k allocations: 266.579 MiB)
588
  0.888179 seconds (311.81 k allocations: 310.833 MiB)
4340
  1.131660 seconds (341.46 k allocations: 336.781 MiB, 32.95% gc time)
5628
  0.754711 seconds (245.79 k allocations: 243.788 MiB)
3089
  0.844765 seconds (79.22 k allocations: 78.479 MiB)
5629
  0.871790 seconds (107.76 k allocations: 109.667 MiB)
4341
  0.945673 seconds (296.53 k allocations: 295.404 MiB)
8087
  0.961946 seconds (355.30 k allocations: 354.325 MiB)
6836
  0.960681 seconds (370.17 k allocations: 366.284 MiB)
1845
  0.967434 seconds (404.84 k allocations: 402.125 MiB)
9343
  0.934900 seconds (374.39 k allocations: 373.183 MiB)
589
  0.868541 seconds (554.57 k allocations: 549.278 MiB)
3090
  0.771077 seconds (343.16 k allocations: 337.171 MiB)
  0.784615 seconds (421.98 k allocations: 416.680 MiB)
4342
5630
  0.867360 seconds (348.55 k allocations: 346.420 MiB)
8088
  0.874394 seconds (330.69 k allocations: 329.518 MiB)
  0.862654 seconds (284.75 k allocations: 285.711 MiB)
6837
1846
  0.852296 seconds (283.95 k allocations: 283.987 MiB)
590
  0.868559 seconds (321.45 k allocations: 322.515 MiB)
9344
  0.746551 seconds (554.57 k allocations: 549.278 MiB)
3091
  0.781015 seconds (475.95 k allocations: 472.618 MiB)
5631
  1.736173 seconds (545.06 k allocations: 538.961 MiB, 8.89% gc time)
  1.615495 seconds (240.07 k allocations: 238.722 MiB, 9.56% gc time)
  1.599951 seconds (165.52 k allocations: 164.975 MiB, 9.65% gc time)
  1.594763 seconds (154.07 k allocations: 152.792 MiB, 9.68% gc time)
  1.602215 seconds (172.09 k allocations: 172.522 MiB, 9.64% gc time)
  1.589376 seconds (149.86 k allocations: 148.038 MiB, 9.71% gc time)
  1.022046 seconds (70.65 k allocations: 69.585 MiB, 15.11% gc time)
4343
1847
591
6838
3092
8089
9345
  0.765543 seconds (533.32 k allocations: 519.101 MiB)
5632
  0.892726 seconds (159.94 k allocations: 158.159 MiB)
592
  0.924682 seconds (210.13 k allocations: 211.292 MiB)
1848
  0.931863 seconds (213.42 k allocations: 213.407 MiB)
  0.937186 seconds (230.91 k allocations: 232.840 MiB)
6839
4344
  0.934111 seconds (229.51 k allocations: 230.464 MiB)
8090
  0.890083 seconds (282.82 k allocations: 281.667 MiB)
3093
  0.934043 seconds (532.90 k allocations: 527.319 MiB)
9346
  0.783926 seconds (554.57 k allocations: 549.278 MiB)
5633
  0.851583 seconds (222.59 k allocations: 223.227 MiB)
1849
  0.864106 seconds (265.43 k allocations: 266.864 MiB)
593
  0.861030 seconds (228.13 k allocations: 230.167 MiB)
4345
  0.859237 seconds (225.89 k allocations: 226.990 MiB)
6840
  0.870279 seconds (271.98 k allocations: 272.512 MiB)
8091
  0.863498 seconds (344.39 k allocations: 340.608 MiB)
3094
  0.864010 seconds (452.55 k allocations: 445.529 MiB)
9347
  0.783424 seconds (554.57 k allocations: 549.278 MiB)
5634
  0.861693 seconds (388.08 k allocations: 382.802 MiB)
1850
  0.882279 seconds (294.02 k allocations: 291.571 MiB)
4346
  0.858328 seconds (204.55 k allocations: 206.154 MiB)
8092
  0.856206 seconds (186.41 k allocations: 189.010 MiB)
6841
  0.854864 seconds (192.29 k allocations: 193.609 MiB)
  0.874342 seconds (217.58 k allocations: 219.215 MiB)
3095
594
  0.859365 seconds (219.02 k allocations: 220.824 MiB)
9348
  1.064080 seconds (233.49 k allocations: 233.437 MiB, 28.33% gc time)
5635
  0.872864 seconds (353.37 k allocations: 346.752 MiB)
1851
  0.797196 seconds (19.02 k allocations: 19.641 MiB)
5636
  0.831712 seconds (77.42 k allocations: 80.635 MiB)
3096
  0.941737 seconds (323.58 k allocations: 323.732 MiB)
8093
  0.946291 seconds (320.48 k allocations: 321.000 MiB)
6842
  0.971563 seconds (400.85 k allocations: 401.770 MiB)
  0.940020 seconds (288.85 k allocations: 289.466 MiB)
4347
595
  0.945863 seconds (323.77 k allocations: 324.735 MiB)
9349
  0.785494 seconds (411.77 k allocations: 408.547 MiB)
5637
  0.865691 seconds (524.35 k allocations: 520.150 MiB)
1852
  0.867914 seconds (514.70 k allocations: 509.900 MiB)
3097
  0.780720 seconds (206.09 k allocations: 205.191 MiB)
4348
  0.859208 seconds (417.49 k allocations: 413.812 MiB)
8094
  0.873332 seconds (415.37 k allocations: 413.234 MiB)
6843
  0.850417 seconds (353.52 k allocations: 351.789 MiB)
596
  0.868821 seconds (405.69 k allocations: 404.346 MiB)
9350
  0.779706 seconds (554.57 k allocations: 549.278 MiB)
5638
  1.162352 seconds (470.06 k allocations: 464.338 MiB, 14.08% gc time)
  1.114152 seconds (376.44 k allocations: 370.843 MiB, 14.69% gc time)
  1.142918 seconds (421.29 k allocations: 416.421 MiB, 14.32% gc time)
  1.059949 seconds (176.32 k allocations: 173.859 MiB, 15.44% gc time)
  1.038747 seconds (94.35 k allocations: 94.470 MiB, 15.76% gc time)
  1.033190 seconds (82.06 k allocations: 81.539 MiB, 15.84% gc time)
  1.022684 seconds (70.69 k allocations: 69.884 MiB, 16.00% gc time)
4349
597
3098
6844
9351
8095
1853
  0.765162 seconds (542.02 k allocations: 527.388 MiB)
5639
  0.777680 seconds (93.55 k allocations: 98.315 MiB)
598
  0.878503 seconds (195.05 k allocations: 198.119 MiB)
4350
  0.873151 seconds (162.46 k allocations: 162.215 MiB)
6845
  0.875137 seconds (170.61 k allocations: 171.447 MiB)
  0.876852 seconds (171.53 k allocations: 172.537 MiB)
  0.876091 seconds (175.52 k allocations: 178.904 MiB)
9352
1854
  0.876725 seconds (178.05 k allocations: 182.465 MiB)
8096
3099
  0.784867 seconds (554.57 k allocations: 549.278 MiB)
5640
  0.864975 seconds (544.98 k allocations: 537.239 MiB)
599
  0.846731 seconds (113.18 k allocations: 113.635 MiB)
1855
  0.861278 seconds (143.50 k allocations: 142.849 MiB)
3100
  0.869114 seconds (162.97 k allocations: 167.807 MiB)
6846
  0.868733 seconds (161.18 k allocations: 165.063 MiB)
  0.877134 seconds (206.50 k allocations: 212.310 MiB)
9353
4351
  0.870269 seconds (189.95 k allocations: 193.002 MiB)
8097
  0.785625 seconds (554.57 k allocations: 549.278 MiB)
5641
  0.854723 seconds (213.66 k allocations: 214.486 MiB)
1856
  0.854098 seconds (127.82 k allocations: 131.321 MiB)
600
  0.859037 seconds (130.01 k allocations: 133.607 MiB)
3101
  0.867117 seconds (147.35 k allocations: 150.423 MiB)
9354
  0.868495 seconds (154.02 k allocations: 158.218 MiB)
4352
  0.866790 seconds (180.71 k allocations: 182.734 MiB)
8098
  0.871570 seconds (194.29 k allocations: 197.170 MiB)
6847
  0.952160 seconds (331.51 k allocations: 327.249 MiB, 19.75% gc time)
5642
  0.867535 seconds (254.40 k allocations: 252.042 MiB)
  0.839658 seconds (122.17 k allocations: 124.345 MiB)
1857
3102
  0.819340 seconds (46.59 k allocations: 49.911 MiB)
601
  0.793375 seconds (48.28 k allocations: 50.504 MiB)
5643
  0.964052 seconds (479.58 k allocations: 476.898 MiB)
4353
  0.935165 seconds (358.40 k allocations: 356.248 MiB)
8099
  0.965342 seconds (437.01 k allocations: 436.592 MiB)
9355
  0.951505 seconds (397.00 k allocations: 397.269 MiB)
6848
  0.786241 seconds (316.90 k allocations: 313.879 MiB)
5644
  0.853540 seconds (409.34 k allocations: 406.213 MiB)
1858
  0.862996 seconds (425.10 k allocations: 422.725 MiB)
  0.867424 seconds (433.89 k allocations: 433.679 MiB)
602
3103
  0.779841 seconds (269.96 k allocations: 268.982 MiB)
4354
  0.772706 seconds (291.99 k allocations: 287.819 MiB)
6849
  0.867917 seconds (495.15 k allocations: 492.219 MiB)
8100
  0.869286 seconds (488.35 k allocations: 485.906 MiB)
9356
  0.782369 seconds (544.20 k allocations: 537.926 MiB)
5645
  1.184274 seconds (393.92 k allocations: 388.608 MiB, 12.72% gc time)
  1.168045 seconds (313.02 k allocations: 308.728 MiB, 12.90% gc time)
  1.142958 seconds (250.25 k allocations: 247.460 MiB, 13.18% gc time)
  1.168007 seconds (312.94 k allocations: 308.663 MiB, 12.90% gc time)
  1.124142 seconds (228.53 k allocations: 225.470 MiB, 13.40% gc time)
  1.040110 seconds (89.01 k allocations: 88.080 MiB, 14.48% gc time)
  1.023927 seconds (70.67 k allocations: 69.824 MiB, 14.71% gc time)
4355
3104
6850
8101
603
9357
1859
  0.764954 seconds (527.03 k allocations: 512.918 MiB)
5646
  0.774263 seconds (116.61 k allocations: 121.594 MiB)
604
  0.866182 seconds (161.23 k allocations: 162.058 MiB)
8102
  0.870900 seconds (165.75 k allocations: 167.808 MiB)
6851
  0.872737 seconds (176.60 k allocations: 177.175 MiB)
  0.878942 seconds (185.28 k allocations: 190.511 MiB)
1860
  0.876914 seconds (183.28 k allocations: 186.368 MiB)
4356
3105
  0.877666 seconds (203.73 k allocations: 207.423 MiB)
9358
  0.775646 seconds (554.57 k allocations: 549.278 MiB)
5647
  0.861037 seconds (554.57 k allocations: 549.278 MiB)
605
  0.853968 seconds (166.20 k allocations: 168.023 MiB)
6852
  0.853220 seconds (151.77 k allocations: 151.983 MiB)
1861
  0.866499 seconds (210.27 k allocations: 214.304 MiB)
8103
  0.862818 seconds (189.36 k allocations: 190.802 MiB)
4357
  0.867160 seconds (211.81 k allocations: 213.726 MiB)
3106
  0.877761 seconds (306.64 k allocations: 305.903 MiB)
9359
  0.784699 seconds (554.57 k allocations: 549.278 MiB)
5648
  0.854530 seconds (415.96 k allocations: 409.488 MiB)
606
  0.852424 seconds (167.21 k allocations: 170.232 MiB)
1862
  0.869346 seconds (186.07 k allocations: 187.247 MiB)
  0.863851 seconds (165.08 k allocations: 167.326 MiB)
8104
4358
  0.874797 seconds (201.72 k allocations: 205.084 MiB)
  0.865502 seconds (176.20 k allocations: 178.551 MiB)
3107
6853
  0.877768 seconds (272.12 k allocations: 271.629 MiB)
9360
  0.968955 seconds (404.51 k allocations: 397.108 MiB, 21.25% gc time)
5649
  0.758427 seconds (179.78 k allocations: 180.629 MiB)
4359
  0.844090 seconds (201.28 k allocations: 201.399 MiB)
607
  0.789828 seconds (109.17 k allocations: 108.570 MiB)
5650
  0.966567 seconds (361.60 k allocations: 360.127 MiB)
1863
  0.940668 seconds (295.93 k allocations: 295.031 MiB)
9361
  0.966012 seconds (351.56 k allocations: 350.932 MiB)
8105
  0.966577 seconds (356.91 k allocations: 357.478 MiB)
3108
  0.940961 seconds (339.74 k allocations: 340.037 MiB)
6854
  0.871226 seconds (554.57 k allocations: 549.278 MiB)
4360
  0.786241 seconds (443.51 k allocations: 439.114 MiB)
5651
  0.863668 seconds (576.52 k allocations: 570.285 MiB)
608
  0.865589 seconds (285.47 k allocations: 284.824 MiB)
9362
  0.870785 seconds (292.61 k allocations: 293.073 MiB)
  0.863169 seconds (266.15 k allocations: 267.922 MiB)
1864
3109
  0.857583 seconds (266.25 k allocations: 267.057 MiB)
8106
  0.868492 seconds (306.02 k allocations: 307.758 MiB)
6855
  0.781597 seconds (470.50 k allocations: 464.745 MiB)
5652
  0.861772 seconds (559.17 k allocations: 553.686 MiB)
4361
  1.167445 seconds (513.67 k allocations: 507.719 MiB, 14.30% gc time)
  1.025762 seconds (117.55 k allocations: 115.380 MiB, 16.28% gc time)
  1.044177 seconds (167.60 k allocations: 168.128 MiB, 15.99% gc time)
  1.032013 seconds (123.49 k allocations: 122.230 MiB, 16.18% gc time)
  1.031275 seconds (122.55 k allocations: 121.336 MiB, 16.19% gc time)
  1.041867 seconds (157.99 k allocations: 157.760 MiB, 16.03% gc time)
1865
6856
9363
609
3110
8107
  0.762914 seconds (480.15 k allocations: 468.051 MiB)
5653
  0.780564 seconds (79.22 k allocations: 78.479 MiB)
610
  0.861033 seconds (397.88 k allocations: 392.182 MiB)
4362
  0.870520 seconds (242.92 k allocations: 242.881 MiB)
1866
  0.877174 seconds (250.59 k allocations: 252.866 MiB)
  0.873728 seconds (245.75 k allocations: 244.933 MiB)
  0.876918 seconds (249.55 k allocations: 253.024 MiB)
6857
3111
9364
  0.878986 seconds (270.68 k allocations: 272.697 MiB)
8108
  0.784693 seconds (554.57 k allocations: 549.278 MiB)
5654
  0.774310 seconds (90.64 k allocations: 93.077 MiB)
6858
  0.867240 seconds (506.32 k allocations: 503.096 MiB)
611
  0.877303 seconds (563.75 k allocations: 556.828 MiB)
4363
  0.863783 seconds (326.10 k allocations: 326.357 MiB)
1867
  0.862932 seconds (309.35 k allocations: 308.082 MiB)
3112
  0.865764 seconds (318.32 k allocations: 318.092 MiB)
9365
  0.865923 seconds (336.40 k allocations: 335.605 MiB)
8109
  0.785373 seconds (554.57 k allocations: 549.278 MiB)
5655
  0.776797 seconds (319.00 k allocations: 312.833 MiB)
4364
  0.848186 seconds (479.58 k allocations: 474.856 MiB)
612
  0.866862 seconds (514.82 k allocations: 511.249 MiB)
6859
  0.858733 seconds (306.17 k allocations: 304.837 MiB)
1868
  0.856601 seconds (270.83 k allocations: 271.208 MiB)
3113
  0.857758 seconds (274.85 k allocations: 274.060 MiB)
9366
  0.866137 seconds (295.87 k allocations: 295.600 MiB)
8110
  1.067319 seconds (295.24 k allocations: 288.268 MiB, 18.44% gc time)
  1.304468 seconds (417.15 k allocations: 410.411 MiB, 15.08% gc time)
4365
5656
  0.780114 seconds (246.20 k allocations: 244.195 MiB)
613
  0.794183 seconds (80.56 k allocations: 80.979 MiB)
4366
  0.884925 seconds (263.34 k allocations: 260.991 MiB)
3114
  0.895475 seconds (301.62 k allocations: 301.480 MiB)
6860
  0.848577 seconds (237.10 k allocations: 233.856 MiB)
5657
  0.957889 seconds (517.63 k allocations: 512.309 MiB)
1869
  0.943114 seconds (469.63 k allocations: 465.346 MiB)
8111
  0.959224 seconds (520.33 k allocations: 516.503 MiB)
9367
  0.857430 seconds (554.57 k allocations: 549.278 MiB)
614
  0.800851 seconds (356.66 k allocations: 353.150 MiB)
6861
  0.784179 seconds (296.99 k allocations: 293.393 MiB)
5658
  0.869639 seconds (543.40 k allocations: 537.151 MiB)
4367
  0.864384 seconds (524.79 k allocations: 519.550 MiB)
3115
  0.862335 seconds (445.62 k allocations: 442.167 MiB)
1870
  0.866458 seconds (435.89 k allocations: 433.055 MiB)
8112
  0.864754 seconds (452.89 k allocations: 449.534 MiB)
9368
  0.852711 seconds (554.57 k allocations: 549.278 MiB)
615
  0.783537 seconds (352.12 k allocations: 348.819 MiB)
5659
  0.768419 seconds (325.44 k allocations: 322.266 MiB)
3116
  0.868050 seconds (573.45 k allocations: 565.972 MiB)
6862
  1.881123 seconds (486.28 k allocations: 481.483 MiB, 12.32% gc time)
  1.791757 seconds (288.70 k allocations: 285.631 MiB, 12.93% gc time)
  1.772512 seconds (241.63 k allocations: 239.404 MiB, 13.07% gc time)
  1.759823 seconds (227.67 k allocations: 224.915 MiB, 13.16% gc time)
  1.079422 seconds (88.58 k allocations: 86.718 MiB, 21.46% gc time)
8113
9369
4368
1871
616
  0.766665 seconds (451.67 k allocations: 440.907 MiB)
5660
  0.774912 seconds (85.00 k allocations: 88.896 MiB)
617
  0.863131 seconds (473.23 k allocations: 464.277 MiB)
3117
  0.837925 seconds (208.98 k allocations: 205.504 MiB)
4369
  0.928121 seconds (316.90 k allocations: 313.879 MiB)
1872
  0.937854 seconds (328.19 k allocations: 326.112 MiB)
8114
  0.938380 seconds (331.66 k allocations: 330.863 MiB)
  0.949738 seconds (366.01 k allocations: 369.998 MiB)
6863
9370
  0.776640 seconds (554.57 k allocations: 549.278 MiB)
5661
  0.862962 seconds (456.61 k allocations: 451.451 MiB)
3118
  0.865370 seconds (458.64 k allocations: 454.822 MiB)
618
  0.874184 seconds (489.87 k allocations: 484.925 MiB)
4370
  0.797413 seconds (220.90 k allocations: 218.334 MiB)
6864
  0.862306 seconds (305.97 k allocations: 304.835 MiB)
  0.858329 seconds (289.20 k allocations: 287.603 MiB)
8115
1873
  0.876425 seconds (342.09 k allocations: 339.832 MiB)
9371
  0.788039 seconds (554.57 k allocations: 549.278 MiB)
5662
  0.868460 seconds (356.23 k allocations: 350.891 MiB)
3119
  0.865181 seconds (255.88 k allocations: 255.071 MiB)
  0.849956 seconds (219.19 k allocations: 217.822 MiB)
6865
619
  0.871432 seconds (266.89 k allocations: 267.269 MiB)
4371
  0.870005 seconds (257.64 k allocations: 257.376 MiB)
8116
  0.863230 seconds (245.98 k allocations: 246.437 MiB)
9372
  0.872803 seconds (284.40 k allocations: 284.628 MiB)
1874
  1.227019 seconds (248.34 k allocations: 238.902 MiB, 27.56% gc time)
  1.260509 seconds (331.04 k allocations: 320.699 MiB, 26.83% gc time)
  1.697107 seconds (512.40 k allocations: 504.008 MiB, 19.93% gc time)
6866
3120
5663
  0.857692 seconds (291.75 k allocations: 292.076 MiB)
8117
  0.946595 seconds (284.90 k allocations: 278.962 MiB)
  0.953565 seconds (304.73 k allocations: 301.824 MiB)
1875
9373
  0.964086 seconds (320.65 k allocations: 317.273 MiB)
4372
  0.930175 seconds (298.60 k allocations: 296.377 MiB)
3121
  0.939645 seconds (341.72 k allocations: 337.852 MiB)
6867
  1.148391 seconds (475.35 k allocations: 470.812 MiB)
5664
  1.313006 seconds (691.81 k allocations: 683.062 MiB)
620
  0.867130 seconds (544.49 k allocations: 536.769 MiB)
8118
  0.862910 seconds (445.99 k allocations: 441.293 MiB)
1876
  0.873150 seconds (428.34 k allocations: 422.971 MiB)
4373
  0.861193 seconds (375.77 k allocations: 372.869 MiB)
3122
  0.862821 seconds (393.35 k allocations: 389.885 MiB)
6868
  0.936062 seconds (582.86 k allocations: 576.352 MiB)
9374
  0.784839 seconds (506.98 k allocations: 502.313 MiB)
5665
  0.864441 seconds (554.57 k allocations: 549.278 MiB)
621
  0.859871 seconds (540.36 k allocations: 534.255 MiB)
8119
  0.775998 seconds (259.83 k allocations: 256.626 MiB)
6869
  0.866219 seconds (519.88 k allocations: 514.857 MiB)
1877
  0.869812 seconds (518.84 k allocations: 512.431 MiB)
4374
  1.877639 seconds (490.07 k allocations: 484.908 MiB, 8.43% gc time)
  1.834584 seconds (424.60 k allocations: 419.787 MiB, 8.63% gc time)
  1.674648 seconds (345.69 k allocations: 341.727 MiB, 9.45% gc time)
  1.075607 seconds (160.17 k allocations: 156.116 MiB, 14.71% gc time)
  1.018930 seconds (7.24 k allocations: 7.224 MiB, 15.53% gc time)
  1.568782 seconds (266.76 k allocations: 263.714 MiB, 10.09% gc time)
3123
622
9375
5666
1878
8120
  0.868841 seconds (488.68 k allocations: 476.235 MiB)
6870
  0.781699 seconds (7.39 k allocations: 12.173 MiB)
623
  0.858841 seconds (321.23 k allocations: 317.631 MiB)
4375
  0.842808 seconds (188.30 k allocations: 190.617 MiB)
5667
  0.890842 seconds (308.67 k allocations: 304.782 MiB)
8121
  0.936503 seconds (362.67 k allocations: 359.100 MiB)
3124
  0.945217 seconds (382.93 k allocations: 379.930 MiB)
9376
  0.945241 seconds (391.14 k allocations: 389.225 MiB)
1879
  0.780379 seconds (451.19 k allocations: 446.108 MiB)
6871
  0.780235 seconds (390.92 k allocations: 387.369 MiB)
4376
  0.767475 seconds (381.51 k allocations: 377.123 MiB)
5668
  0.865521 seconds (614.38 k allocations: 606.508 MiB)
624
  0.871726 seconds (473.07 k allocations: 467.011 MiB)
8122
  0.849537 seconds (352.92 k allocations: 352.212 MiB)
3125
  0.868822 seconds (399.13 k allocations: 396.647 MiB)
9377
  0.884185 seconds (467.07 k allocations: 461.876 MiB)
1880
  0.874446 seconds (495.11 k allocations: 489.527 MiB)
6872
  0.866793 seconds (390.00 k allocations: 386.490 MiB)
  0.878757 seconds (413.79 k allocations: 410.465 MiB)
4377
5669
  0.860269 seconds (400.44 k allocations: 398.105 MiB)
625
  2.067350 seconds (394.60 k allocations: 389.478 MiB, 21.39% gc time)
  2.056426 seconds (363.77 k allocations: 358.744 MiB, 21.51% gc time)
  2.021199 seconds (286.61 k allocations: 283.653 MiB, 21.88% gc time)
  2.008991 seconds (273.66 k allocations: 270.056 MiB, 22.02% gc time)
  1.311519 seconds (121.02 k allocations: 117.002 MiB, 33.72% gc time)
3126
6873
8123
9378
1881
  0.753448 seconds (398.20 k allocations: 388.416 MiB)
5670
  0.829816 seconds (306.87 k allocations: 302.452 MiB)
626
  0.838428 seconds (143.00 k allocations: 140.932 MiB)
6874
  0.847243 seconds (160.82 k allocations: 159.415 MiB)
9379
  0.964583 seconds (655.89 k allocations: 651.533 MiB)
4378
  0.936104 seconds (396.12 k allocations: 392.345 MiB)
8124
  0.939819 seconds (398.85 k allocations: 396.379 MiB)
3127
  0.949179 seconds (427.13 k allocations: 424.892 MiB)
1882
  0.775641 seconds (554.57 k allocations: 549.278 MiB)
5671
  0.864037 seconds (521.66 k allocations: 514.932 MiB)
627
  0.871029 seconds (427.74 k allocations: 423.823 MiB)
6875
  0.867022 seconds (422.65 k allocations: 420.397 MiB)
9380
  0.873141 seconds (444.62 k allocations: 441.613 MiB)
4379
  0.867021 seconds (408.85 k allocations: 405.753 MiB)
8125
  0.860615 seconds (400.92 k allocations: 398.366 MiB)
1883
  0.875017 seconds (419.87 k allocations: 419.144 MiB)
3128
  0.862033 seconds (554.57 k allocations: 549.278 MiB)
5672
  0.852974 seconds (545.08 k allocations: 538.764 MiB)
628
  0.865265 seconds (409.80 k allocations: 406.661 MiB)
9381
  0.878322 seconds (429.21 k allocations: 427.885 MiB)
6876
  0.876117 seconds (431.19 k allocations: 428.771 MiB)
4380
  1.858719 seconds (369.94 k allocations: 366.069 MiB, 13.21% gc time)
  1.850307 seconds (356.43 k allocations: 350.701 MiB, 13.27% gc time)
  1.848412 seconds (356.57 k allocations: 350.860 MiB, 13.29% gc time)
  1.317829 seconds (277.97 k allocations: 273.331 MiB, 18.64% gc time)
  1.099948 seconds (198.90 k allocations: 195.091 MiB, 22.33% gc time)
3129
8126
1884
629
5673
  0.876478 seconds (387.99 k allocations: 379.864 MiB)
9382
  0.876283 seconds (348.36 k allocations: 342.147 MiB)
4381
  0.868288 seconds (309.53 k allocations: 305.202 MiB)
6877
  0.840551 seconds (186.44 k allocations: 182.708 MiB)
3130
  0.863008 seconds (264.07 k allocations: 263.322 MiB)
5674
  0.871006 seconds (284.49 k allocations: 287.966 MiB)
630
  0.928481 seconds (467.53 k allocations: 462.106 MiB)
1885
  0.938459 seconds (487.75 k allocations: 484.110 MiB)
8127
  0.779261 seconds (372.35 k allocations: 368.175 MiB)
6878
  0.838477 seconds (462.40 k allocations: 458.206 MiB)
9383
  0.775007 seconds (250.31 k allocations: 248.929 MiB)
5675
  0.869854 seconds (545.53 k allocations: 539.420 MiB)
4382
  0.857420 seconds (491.13 k allocations: 487.144 MiB)
3131
  0.855028 seconds (505.83 k allocations: 499.984 MiB)
631
  0.861563 seconds (453.16 k allocations: 448.351 MiB)
8128
  0.874905 seconds (468.56 k allocations: 465.746 MiB)
1886
  0.777209 seconds (353.42 k allocations: 350.082 MiB)
5676
  0.869505 seconds (544.75 k allocations: 538.452 MiB)
6879
  1.319650 seconds (500.83 k allocations: 495.214 MiB, 18.82% gc time)
  1.278906 seconds (399.75 k allocations: 394.617 MiB, 19.42% gc time)
  1.244076 seconds (333.38 k allocations: 328.415 MiB, 19.96% gc time)
  1.134586 seconds (121.07 k allocations: 120.015 MiB, 21.89% gc time)
  1.162816 seconds (193.17 k allocations: 190.290 MiB, 21.36% gc time)
  1.131308 seconds (120.15 k allocations: 118.246 MiB, 21.95% gc time)
3132
4383
9384
8129
632
1887
  0.775551 seconds (468.68 k allocations: 457.077 MiB)
5677
  0.779545 seconds (79.58 k allocations: 80.045 MiB)
633
  0.838772 seconds (158.45 k allocations: 156.946 MiB)
9385
  0.870192 seconds (200.19 k allocations: 198.321 MiB)
1888
  0.878806 seconds (218.83 k allocations: 217.588 MiB)
8130
  0.947618 seconds (554.37 k allocations: 547.452 MiB)
6880
  0.932050 seconds (429.45 k allocations: 423.232 MiB)
  0.933849 seconds (432.63 k allocations: 427.447 MiB)
3133
4384
  0.778180 seconds (554.57 k allocations: 549.278 MiB)
5678
  0.865302 seconds (553.84 k allocations: 547.203 MiB)
634
  0.867703 seconds (477.07 k allocations: 470.829 MiB)
9386
  0.791328 seconds (179.96 k allocations: 180.183 MiB)
3134
  0.860300 seconds (360.88 k allocations: 357.189 MiB)
8131
  0.879638 seconds (449.92 k allocations: 445.042 MiB)
1889
  0.866988 seconds (394.46 k allocations: 390.953 MiB)
6881
  0.875075 seconds (536.36 k allocations: 528.183 MiB)
4385
  0.871581 seconds (554.57 k allocations: 549.278 MiB)
5679
  0.859842 seconds (554.57 k allocations: 549.278 MiB)
635
  0.861501 seconds (393.15 k allocations: 387.850 MiB)
9387
  0.878840 seconds (350.98 k allocations: 347.701 MiB)
3135
  1.570948 seconds (260.05 k allocations: 258.250 MiB, 11.41% gc time)
  1.574051 seconds (269.57 k allocations: 268.608 MiB, 11.39% gc time)
  1.567504 seconds (253.75 k allocations: 251.003 MiB, 11.44% gc time)
  1.499293 seconds (186.02 k allocations: 184.935 MiB, 11.96% gc time)
  0.931746 seconds (107.25 k allocations: 107.219 MiB, 19.24% gc time)
1890
6882
4386
8132
5680
  0.748660 seconds (484.55 k allocations: 472.263 MiB)
636
  0.783083 seconds (94.50 k allocations: 97.989 MiB)
5681
  0.843202 seconds (202.68 k allocations: 204.175 MiB)
3136
  0.950462 seconds (345.74 k allocations: 346.173 MiB)
  0.928532 seconds (243.90 k allocations: 243.967 MiB)
9388
  0.929883 seconds (245.39 k allocations: 246.837 MiB)
8133
4387
  0.935820 seconds (260.77 k allocations: 263.020 MiB)
1891
  0.929009 seconds (282.71 k allocations: 284.212 MiB)
6883
  0.863038 seconds (554.57 k allocations: 549.278 MiB)
637
  0.777480 seconds (511.85 k allocations: 505.742 MiB)
5682
  0.872697 seconds (554.57 k allocations: 549.278 MiB)
3137
  0.864882 seconds (270.29 k allocations: 269.062 MiB)
  0.867908 seconds (277.85 k allocations: 279.690 MiB)
4388
9389
  0.872599 seconds (284.94 k allocations: 285.942 MiB)
8134
  0.869332 seconds (291.22 k allocations: 292.168 MiB)
1892
  0.871425 seconds (319.72 k allocations: 319.636 MiB)
6884
  0.775492 seconds (475.35 k allocations: 470.812 MiB)
5683
  0.850300 seconds (557.48 k allocations: 552.069 MiB)
638
  1.162405 seconds (520.84 k allocations: 514.551 MiB, 14.90% gc time)
  1.055750 seconds (165.05 k allocations: 163.244 MiB, 16.41% gc time)
  1.060146 seconds (179.15 k allocations: 179.250 MiB, 16.34% gc time)
  1.057659 seconds (170.11 k allocations: 168.169 MiB, 16.38% gc time)
  1.036585 seconds (125.25 k allocations: 122.819 MiB, 16.71% gc time)
  1.040652 seconds (128.15 k allocations: 126.849 MiB, 16.65% gc time)
3138
1893
6885
8135
9390
4389
  0.757971 seconds (462.56 k allocations: 451.237 MiB)
5684
  0.782774 seconds (79.23 k allocations: 78.479 MiB)
9391
  0.870631 seconds (158.45 k allocations: 156.946 MiB)
3139
  0.873944 seconds (163.61 k allocations: 163.318 MiB)
8136
  0.876831 seconds (167.37 k allocations: 168.346 MiB)
6886
  0.879928 seconds (172.27 k allocations: 176.886 MiB)
1894
  0.940221 seconds (494.48 k allocations: 491.557 MiB)
  0.878723 seconds (179.87 k allocations: 183.428 MiB)
639
4390
  0.779902 seconds (554.57 k allocations: 549.278 MiB)
5685
  0.747326 seconds (79.23 k allocations: 78.479 MiB)
640
  0.752360 seconds (86.84 k allocations: 87.195 MiB)
4391
  0.880239 seconds (640.01 k allocations: 633.901 MiB)
9392
  0.868075 seconds (313.24 k allocations: 309.143 MiB)
1895
  0.880135 seconds (364.38 k allocations: 365.638 MiB)
3140
  0.872878 seconds (323.16 k allocations: 322.665 MiB)
6887
  0.888965 seconds (380.76 k allocations: 379.294 MiB)
8137
  0.872957 seconds (554.57 k allocations: 549.278 MiB)
5686
  0.866876 seconds (450.46 k allocations: 446.790 MiB)
641
  0.881767 seconds (456.26 k allocations: 452.549 MiB)
4392
  0.780546 seconds (149.53 k allocations: 151.008 MiB)
6888
  0.865814 seconds (445.91 k allocations: 440.073 MiB)
9393
  0.849888 seconds (209.65 k allocations: 210.231 MiB)
  0.870886 seconds (249.22 k allocations: 251.926 MiB)
3141
1896
  0.868886 seconds (249.47 k allocations: 249.958 MiB)
8138
  1.051732 seconds (452.35 k allocations: 442.898 MiB, 24.43% gc time)
5687
  0.834131 seconds (53.72 k allocations: 52.644 MiB)
6889
  0.871449 seconds (147.19 k allocations: 149.631 MiB)
1897
  0.785008 seconds (19.49 k allocations: 21.518 MiB)
5688
  0.859197 seconds (126.14 k allocations: 126.233 MiB)
4393
  0.958466 seconds (451.51 k allocations: 450.052 MiB)
642
  0.949268 seconds (411.57 k allocations: 410.800 MiB)
9394
  0.957731 seconds (432.65 k allocations: 432.396 MiB)
8139
  0.956424 seconds (439.80 k allocations: 439.448 MiB)
3142
  0.778663 seconds (332.66 k allocations: 330.197 MiB)
5689
  0.747905 seconds (112.08 k allocations: 112.369 MiB)
643
  0.869641 seconds (476.91 k allocations: 474.740 MiB)
6890
  0.872332 seconds (477.60 k allocations: 475.614 MiB)
1898
  0.868007 seconds (505.96 k allocations: 501.732 MiB)
4394
  0.865109 seconds (428.15 k allocations: 425.445 MiB)
9395
  0.868595 seconds (421.91 k allocations: 419.675 MiB)
8140
  0.863943 seconds (422.15 k allocations: 420.117 MiB)
3143
  0.778119 seconds (544.31 k allocations: 538.030 MiB)
5690
  1.157659 seconds (458.19 k allocations: 451.541 MiB, 13.14% gc time)
  1.127308 seconds (338.68 k allocations: 335.951 MiB, 13.50% gc time)
  1.120191 seconds (322.28 k allocations: 319.028 MiB, 13.58% gc time)
  1.036920 seconds (108.98 k allocations: 108.195 MiB, 14.67% gc time)
  1.107325 seconds (307.82 k allocations: 304.093 MiB, 13.74% gc time)
  1.021450 seconds (70.36 k allocations: 69.120 MiB, 14.90% gc time)
  1.019827 seconds (70.48 k allocations: 69.344 MiB, 14.92% gc time)
4395
644
6891
3144
1899
9396
8141
  0.763939 seconds (530.24 k allocations: 516.049 MiB)
5691
  0.869868 seconds (94.28 k allocations: 94.118 MiB)
8142
  0.880576 seconds (106.69 k allocations: 109.867 MiB)
  0.885953 seconds (126.34 k allocations: 133.724 MiB)
3145
4396
  0.884013 seconds (116.90 k allocations: 122.492 MiB)
  0.884401 seconds (120.24 k allocations: 125.837 MiB)
6892
1900
  0.871775 seconds (222.93 k allocations: 223.136 MiB)
645
  0.906689 seconds (266.09 k allocations: 268.336 MiB)
9397
  0.778614 seconds (554.57 k allocations: 549.278 MiB)
5692
  0.770801 seconds (195.98 k allocations: 195.115 MiB)
6893
  0.795067 seconds (245.05 k allocations: 244.721 MiB)
3146
  0.857638 seconds (391.33 k allocations: 388.573 MiB)
8143
  0.861548 seconds (337.06 k allocations: 335.628 MiB)
4397
  0.859085 seconds (331.14 k allocations: 330.165 MiB)
1901
  0.866710 seconds (367.86 k allocations: 365.507 MiB)
9398
  0.855685 seconds (515.19 k allocations: 509.140 MiB)
646
  0.869608 seconds (554.57 k allocations: 549.278 MiB)
5693
  0.870211 seconds (496.28 k allocations: 492.077 MiB)
6894
  0.869131 seconds (486.55 k allocations: 481.535 MiB)
3147
  0.866487 seconds (385.65 k allocations: 380.889 MiB)
8144
  0.859140 seconds (332.79 k allocations: 330.507 MiB)
4398
  1.535167 seconds (332.92 k allocations: 329.423 MiB, 12.24% gc time)
  1.519192 seconds (303.24 k allocations: 299.785 MiB, 12.37% gc time)
  1.433105 seconds (240.90 k allocations: 239.078 MiB, 13.11% gc time)
  0.935220 seconds (161.85 k allocations: 160.896 MiB, 20.10% gc time)
1902
9399
647
5694
  0.774958 seconds (424.10 k allocations: 414.425 MiB)
3148
  0.784073 seconds (95.04 k allocations: 97.285 MiB)
5695
  0.834837 seconds (155.43 k allocations: 152.825 MiB)
648
  0.841753 seconds (167.29 k allocations: 166.834 MiB)
9400
  0.870394 seconds (243.24 k allocations: 245.854 MiB)
4399
  0.954508 seconds (637.97 k allocations: 627.468 MiB)
6895
  0.932382 seconds (481.38 k allocations: 480.269 MiB)
8145
  0.938156 seconds (494.03 k allocations: 488.895 MiB)
1903
  0.780145 seconds (471.15 k allocations: 465.368 MiB)
  0.867730 seconds (555.29 k allocations: 551.353 MiB)
5696
3149
  0.777504 seconds (276.21 k allocations: 272.086 MiB)
6896
  0.862596 seconds (459.26 k allocations: 455.229 MiB)
649
  0.865023 seconds (456.05 k allocations: 452.340 MiB)
9401
  0.869318 seconds (487.80 k allocations: 482.776 MiB)
4400
  0.863995 seconds (493.36 k allocations: 488.051 MiB)
8146
  0.863379 seconds (497.90 k allocations: 493.830 MiB)
1904
  0.776984 seconds (475.42 k allocations: 472.106 MiB)
5697
  0.850268 seconds (540.18 k allocations: 534.283 MiB)
3150
  1.325156 seconds (417.55 k allocations: 412.849 MiB, 22.19% gc time)
  1.280095 seconds (258.69 k allocations: 256.939 MiB, 22.97% gc time)
  1.259764 seconds (228.69 k allocations: 225.596 MiB, 23.34% gc time)
  1.287962 seconds (276.90 k allocations: 275.584 MiB, 22.83% gc time)
  1.201928 seconds (105.20 k allocations: 104.787 MiB, 24.46% gc time)
  1.170387 seconds (76.70 k allocations: 76.409 MiB, 25.12% gc time)
650
9402
4401
1905
8147
6897
  0.754955 seconds (514.66 k allocations: 501.088 MiB)
5698
  0.839146 seconds (86.66 k allocations: 89.270 MiB)
9403
  0.884958 seconds (143.41 k allocations: 143.786 MiB)
4402
  0.928154 seconds (223.36 k allocations: 225.393 MiB)
651
  0.931310 seconds (230.57 k allocations: 231.265 MiB)
8148
  0.943544 seconds (278.54 k allocations: 283.504 MiB)
3151
  0.935577 seconds (260.65 k allocations: 260.461 MiB)
  0.934047 seconds (265.48 k allocations: 266.459 MiB)
6898
1906
  0.772695 seconds (554.57 k allocations: 549.278 MiB)
5699
  0.771760 seconds (535.97 k allocations: 530.052 MiB)
9404
  0.860545 seconds (474.66 k allocations: 465.635 MiB)
4403
  0.852613 seconds (254.13 k allocations: 254.847 MiB)
652
  0.864299 seconds (255.22 k allocations: 253.624 MiB)
8149
  0.876777 seconds (295.03 k allocations: 293.151 MiB)
  0.871170 seconds (294.16 k allocations: 292.172 MiB)
  0.876181 seconds (297.66 k allocations: 297.106 MiB)
3152
1907
6899
  0.867587 seconds (554.57 k allocations: 549.278 MiB)
5700
  0.862082 seconds (554.57 k allocations: 549.278 MiB)
9405
  1.533349 seconds (164.76 k allocations: 164.220 MiB, 15.43% gc time)
  1.586930 seconds (429.27 k allocations: 420.993 MiB, 14.91% gc time)
  1.539780 seconds (185.55 k allocations: 185.376 MiB, 15.37% gc time)
  1.526046 seconds (150.26 k allocations: 149.233 MiB, 15.50% gc time)
  1.574196 seconds (352.32 k allocations: 346.338 MiB, 15.03% gc time)
  1.522964 seconds (149.75 k allocations: 147.857 MiB, 15.54% gc time)
  0.989253 seconds (71.12 k allocations: 70.816 MiB, 23.92% gc time)
3153
4404
6900
8150
1908
653
5701
  0.782336 seconds (20.02 k allocations: 26.512 MiB)
  0.869669 seconds (521.78 k allocations: 509.168 MiB)
5702
9406
  0.835427 seconds (148.45 k allocations: 146.144 MiB)
654
  0.836060 seconds (155.01 k allocations: 152.641 MiB)
6901
  0.842338 seconds (175.26 k allocations: 175.901 MiB)
3154
  0.932200 seconds (396.12 k allocations: 392.345 MiB)
  0.937213 seconds (398.35 k allocations: 398.022 MiB)
8151
4405
  0.937399 seconds (401.59 k allocations: 400.431 MiB)
1909
  0.775988 seconds (466.59 k allocations: 459.569 MiB)
5703
  0.777358 seconds (465.79 k allocations: 460.240 MiB)
9407
  0.856162 seconds (406.63 k allocations: 404.848 MiB)
655
  0.758455 seconds (168.71 k allocations: 169.415 MiB)
4406
  0.868636 seconds (435.63 k allocations: 434.238 MiB)
6902
  0.865938 seconds (443.52 k allocations: 442.009 MiB)
3155
  0.865308 seconds (475.35 k allocations: 470.812 MiB)
1910
  0.872908 seconds (481.87 k allocations: 479.711 MiB)
8152
  0.777730 seconds (479.87 k allocations: 476.369 MiB)
5704
  1.272927 seconds (545.09 k allocations: 538.985 MiB, 11.89% gc time)
  1.133637 seconds (256.59 k allocations: 254.760 MiB, 13.35% gc time)
  1.138645 seconds (272.63 k allocations: 271.301 MiB, 13.29% gc time)
  1.120521 seconds (228.43 k allocations: 225.276 MiB, 13.51% gc time)
  1.120870 seconds (228.53 k allocations: 225.429 MiB, 13.50% gc time)
  1.019438 seconds (70.31 k allocations: 68.928 MiB, 14.85% gc time)
  1.021497 seconds (70.51 k allocations: 70.492 MiB, 14.82% gc time)
4407
1911
6903
3156
8153
656
9408
  0.755724 seconds (519.21 k allocations: 505.430 MiB)
5705
  0.869693 seconds (79.73 k allocations: 80.173 MiB)
657
  0.874450 seconds (85.72 k allocations: 86.117 MiB)
4408
  0.878875 seconds (94.52 k allocations: 95.969 MiB)
3157
  0.878166 seconds (98.74 k allocations: 101.431 MiB)
8154
  0.880531 seconds (105.96 k allocations: 109.787 MiB)
6904
  0.890708 seconds (161.29 k allocations: 164.137 MiB)
1912
  0.930468 seconds (454.28 k allocations: 445.963 MiB)
9409
  0.778980 seconds (554.57 k allocations: 549.278 MiB)
5706
  0.854983 seconds (244.31 k allocations: 243.839 MiB)
658
  0.859583 seconds (172.53 k allocations: 172.876 MiB)
8155
  0.869164 seconds (205.83 k allocations: 208.602 MiB)
4409
  0.868717 seconds (196.93 k allocations: 197.851 MiB)
6905
  0.876643 seconds (234.34 k allocations: 235.095 MiB)
3158
  0.872427 seconds (230.39 k allocations: 231.498 MiB)
1913
  0.866945 seconds (419.99 k allocations: 414.361 MiB)
9410
  0.869649 seconds (554.57 k allocations: 549.278 MiB)
5707
  0.847178 seconds (373.35 k allocations: 368.717 MiB)
659
  0.857193 seconds (238.62 k allocations: 238.574 MiB)
8156
  0.862407 seconds (206.03 k allocations: 207.586 MiB)
4410
  0.860045 seconds (168.34 k allocations: 169.261 MiB)
3159
  0.862486 seconds (174.98 k allocations: 177.046 MiB)
6906
  0.869119 seconds (189.59 k allocations: 192.448 MiB)
1914
  0.862013 seconds (200.72 k allocations: 203.317 MiB)
9411
  0.960400 seconds (286.04 k allocations: 283.739 MiB, 21.47% gc time)
5708
  0.850794 seconds (299.02 k allocations: 294.718 MiB)
9412
  0.783506 seconds (28.58 k allocations: 28.791 MiB)
5709
  0.885658 seconds (283.51 k allocations: 281.533 MiB)
660
  0.952929 seconds (379.22 k allocations: 376.980 MiB)
3160
  0.940502 seconds (284.81 k allocations: 284.414 MiB)
  0.949156 seconds (306.78 k allocations: 308.425 MiB)
6907
8157
  0.940314 seconds (290.33 k allocations: 291.314 MiB)
  0.947598 seconds (303.46 k allocations: 307.709 MiB)
1915
4411
  0.776405 seconds (501.32 k allocations: 496.891 MiB)
9413
  0.772915 seconds (472.60 k allocations: 468.173 MiB)
5710
  0.774957 seconds (162.08 k allocations: 162.856 MiB)
6908
  0.872506 seconds (563.52 k allocations: 559.280 MiB)
661
  0.867997 seconds (415.43 k allocations: 413.059 MiB)
3161
  0.868173 seconds (336.79 k allocations: 336.804 MiB)
8158
  0.875323 seconds (354.02 k allocations: 352.258 MiB)
1916
  0.887523 seconds (402.30 k allocations: 399.880 MiB)
4412
  0.775099 seconds (475.35 k allocations: 470.812 MiB)
5711
  0.868868 seconds (560.43 k allocations: 554.881 MiB)
9414
  1.166430 seconds (124.50 k allocations: 125.674 MiB, 22.22% gc time)
  1.256290 seconds (393.93 k allocations: 391.668 MiB, 20.63% gc time)
  1.251182 seconds (389.67 k allocations: 386.354 MiB, 20.71% gc time)
  1.154964 seconds (97.11 k allocations: 97.063 MiB, 22.44% gc time)
  1.160137 seconds (106.57 k allocations: 107.390 MiB, 22.34% gc time)
  1.128622 seconds (73.21 k allocations: 73.048 MiB, 22.96% gc time)
662
1917
6909
4413
3162
8159
  0.756455 seconds (521.95 k allocations: 508.059 MiB)
5712
  0.831201 seconds (84.86 k allocations: 89.980 MiB)
9415
  0.829615 seconds (81.62 k allocations: 82.202 MiB)
3163
  0.835879 seconds (96.00 k allocations: 97.398 MiB)
6910
  0.842517 seconds (116.13 k allocations: 118.085 MiB)
663
  0.871314 seconds (248.16 k allocations: 251.962 MiB)
4414
  0.874504 seconds (286.00 k allocations: 283.516 MiB)
8160
  0.876797 seconds (301.17 k allocations: 299.445 MiB)
1918
  0.775941 seconds (554.57 k allocations: 549.278 MiB)
5713
  0.778546 seconds (223.68 k allocations: 221.615 MiB)
9416
  0.865248 seconds (337.43 k allocations: 335.576 MiB)
3164
  0.869187 seconds (307.80 k allocations: 306.187 MiB)
6911
  0.872119 seconds (306.57 k allocations: 305.215 MiB)
664
  0.853411 seconds (289.90 k allocations: 287.014 MiB)
  0.871012 seconds (322.56 k allocations: 321.337 MiB)
1919
4415
  0.872209 seconds (384.17 k allocations: 381.317 MiB)
8161
  0.876915 seconds (554.57 k allocations: 549.278 MiB)
5714
  0.872143 seconds (554.57 k allocations: 549.278 MiB)
9417
  1.586173 seconds (297.97 k allocations: 294.145 MiB, 11.00% gc time)
  1.607308 seconds (405.08 k allocations: 399.256 MiB, 10.86% gc time)
  1.561242 seconds (200.55 k allocations: 198.460 MiB, 11.18% gc time)
  1.552747 seconds (183.88 k allocations: 181.459 MiB, 11.24% gc time)
  1.493069 seconds (153.82 k allocations: 151.504 MiB, 11.69% gc time)
  1.569154 seconds (226.64 k allocations: 224.971 MiB, 11.12% gc time)
  0.926814 seconds (75.11 k allocations: 74.062 MiB, 18.83% gc time)
6912
4416
8162
3165
1920
665
5715
  0.775945 seconds (58.60 k allocations: 63.444 MiB)
5716
  0.870090 seconds (547.69 k allocations: 534.170 MiB)
9418
  0.829950 seconds (161.58 k allocations: 163.623 MiB)
4417
  0.842128 seconds (182.19 k allocations: 183.536 MiB)
666
  0.840436 seconds (181.57 k allocations: 181.950 MiB)
3166
  0.923941 seconds (410.74 k allocations: 411.235 MiB)
1921
  0.924595 seconds (404.92 k allocations: 403.417 MiB)
6913
  0.934248 seconds (432.83 k allocations: 430.333 MiB)
8163
  0.777323 seconds (484.33 k allocations: 479.207 MiB)
5717
  0.776979 seconds (470.25 k allocations: 465.936 MiB)
9419
  0.871373 seconds (433.38 k allocations: 430.446 MiB)
4418
  0.862939 seconds (407.51 k allocations: 404.672 MiB)
3167
  0.869407 seconds (417.34 k allocations: 416.726 MiB)
667
  0.859284 seconds (383.81 k allocations: 380.557 MiB)
6914
  0.889023 seconds (442.13 k allocations: 439.036 MiB)
1922
  0.874727 seconds (425.85 k allocations: 422.421 MiB)
8164
  0.776086 seconds (483.44 k allocations: 479.786 MiB)
5718
  1.316245 seconds (359.12 k allocations: 355.502 MiB, 25.84% gc time)
  1.470134 seconds (545.09 k allocations: 538.978 MiB, 23.14% gc time)
  1.304230 seconds (338.07 k allocations: 334.142 MiB, 26.08% gc time)
  1.227071 seconds (118.70 k allocations: 117.451 MiB, 27.72% gc time)
  1.211207 seconds (79.33 k allocations: 78.496 MiB, 28.09% gc time)
  1.253764 seconds (221.22 k allocations: 216.749 MiB, 27.13% gc time)
  1.202138 seconds (70.19 k allocations: 68.649 MiB, 28.30% gc time)
4419
1923
9420
6915
3168
668
8165
  0.750581 seconds (520.55 k allocations: 506.721 MiB)
5719
  0.837194 seconds (79.22 k allocations: 78.479 MiB)
  0.840623 seconds (79.96 k allocations: 80.555 MiB)
3169
669
  0.926742 seconds (237.68 k allocations: 235.412 MiB)
1924
  0.934464 seconds (246.64 k allocations: 245.419 MiB)
  0.935471 seconds (248.66 k allocations: 248.735 MiB)
6916
  0.937109 seconds (251.75 k allocations: 255.577 MiB)
  0.933961 seconds (250.86 k allocations: 252.313 MiB)
9421
4420
8166
  0.770159 seconds (554.57 k allocations: 549.278 MiB)
5720
  0.864967 seconds (475.35 k allocations: 470.812 MiB)
3170
  0.772508 seconds (81.09 k allocations: 81.687 MiB)
6917
  0.872052 seconds (487.69 k allocations: 485.479 MiB)
670
  0.777699 seconds (95.19 k allocations: 97.989 MiB)
4421
  0.846371 seconds (435.87 k allocations: 434.038 MiB)
1925
  0.861828 seconds (429.64 k allocations: 425.844 MiB)
9422
  0.871510 seconds (455.22 k allocations: 451.759 MiB)
8167
  0.868883 seconds (554.57 k allocations: 549.278 MiB)
5721
  0.856047 seconds (330.11 k allocations: 330.195 MiB)
3171
  0.861623 seconds (330.25 k allocations: 327.929 MiB)
671
  0.867222 seconds (339.69 k allocations: 339.754 MiB)
6918
  0.865754 seconds (341.41 k allocations: 340.198 MiB)
4422
  0.862629 seconds (267.41 k allocations: 266.715 MiB)
1926
  0.860238 seconds (221.38 k allocations: 221.653 MiB)
  0.861307 seconds (223.65 k allocations: 224.269 MiB)
8168
9423
  0.928464 seconds (256.29 k allocations: 255.252 MiB, 18.19% gc time)
5722
  0.779120 seconds (1 allocation: 12.688 KiB)
5723
  0.855256 seconds (143.38 k allocations: 145.965 MiB)
4423
  0.850309 seconds (107.38 k allocations: 109.302 MiB)
  0.916945 seconds (433.95 k allocations: 427.432 MiB)
1927
3172
  0.880791 seconds (227.45 k allocations: 229.495 MiB)
672
  0.909051 seconds (357.02 k allocations: 354.938 MiB)
6919
  0.939302 seconds (462.83 k allocations: 457.608 MiB)
9424
  0.947196 seconds (481.05 k allocations: 477.690 MiB)
8169
  0.779763 seconds (497.69 k allocations: 490.545 MiB)
5724
  0.771737 seconds (316.21 k allocations: 313.008 MiB)
3173
  0.868825 seconds (431.00 k allocations: 426.749 MiB)
4424
  0.867759 seconds (400.42 k allocations: 397.669 MiB)
1928
  0.876187 seconds (404.16 k allocations: 400.026 MiB)
673
  0.870970 seconds (385.54 k allocations: 380.993 MiB)
6920
  0.868566 seconds (390.56 k allocations: 387.228 MiB)
8170
  0.875633 seconds (398.74 k allocations: 397.711 MiB)
9425
  0.783288 seconds (544.82 k allocations: 538.522 MiB)
5725
  1.453066 seconds (536.30 k allocations: 529.143 MiB, 26.11% gc time)
  1.379467 seconds (353.93 k allocations: 349.106 MiB, 27.50% gc time)
  1.365748 seconds (324.72 k allocations: 319.912 MiB, 27.78% gc time)
  1.286501 seconds (109.06 k allocations: 108.275 MiB, 29.49% gc time)
  1.271858 seconds (83.10 k allocations: 82.332 MiB, 29.83% gc time)
  1.321838 seconds (217.83 k allocations: 213.751 MiB, 28.70% gc time)
  1.256668 seconds (70.52 k allocations: 69.276 MiB, 30.19% gc time)
8171
9426
1929
4425
674
6921
3174
  0.760996 seconds (524.27 k allocations: 510.294 MiB)
5726
  0.844224 seconds (99.79 k allocations: 100.613 MiB)
3175
  0.844085 seconds (97.22 k allocations: 99.576 MiB)
4426
  0.842939 seconds (102.10 k allocations: 104.453 MiB)
675
  0.934304 seconds (336.57 k allocations: 335.161 MiB)
  0.933842 seconds (334.02 k allocations: 333.912 MiB)
1930
8172
  0.939274 seconds (351.38 k allocations: 349.699 MiB)
6922
  0.966344 seconds (408.29 k allocations: 412.921 MiB)
9427
  0.791914 seconds (554.55 k allocations: 549.221 MiB)
5727
  0.886397 seconds (402.36 k allocations: 399.506 MiB)
4427
  0.889345 seconds (404.03 k allocations: 402.529 MiB)
3176
  0.883094 seconds (401.40 k allocations: 400.221 MiB)
676
  0.792873 seconds (148.78 k allocations: 150.566 MiB)
6923
  0.862557 seconds (383.48 k allocations: 379.005 MiB)
1931
  0.870984 seconds (439.88 k allocations: 436.879 MiB)
9428
  0.865525 seconds (485.02 k allocations: 480.273 MiB)
8173
  0.869018 seconds (554.57 k allocations: 549.278 MiB)
5728
  0.863878 seconds (323.96 k allocations: 322.871 MiB)
4428
  0.862858 seconds (311.59 k allocations: 311.249 MiB)
3177
  0.862694 seconds (306.92 k allocations: 305.748 MiB)
677
  0.866483 seconds (316.43 k allocations: 316.309 MiB)
6924
  0.870688 seconds (286.68 k allocations: 285.159 MiB)
1932
  0.873706 seconds (261.81 k allocations: 261.570 MiB)
9429
  0.860337 seconds (247.76 k allocations: 248.336 MiB)
8174
  1.063673 seconds (294.53 k allocations: 291.880 MiB, 29.20% gc time)
5729
  0.792241 seconds (291.32 k allocations: 287.347 MiB)
3178
  0.777594 seconds (79.22 k allocations: 78.479 MiB)
5730
  0.833518 seconds (170.12 k allocations: 171.787 MiB)
678
  0.858246 seconds (269.38 k allocations: 270.642 MiB)
4429
  0.935474 seconds (361.20 k allocations: 359.951 MiB)
1933
  0.956528 seconds (424.82 k allocations: 424.694 MiB)
6925
  0.930002 seconds (348.45 k allocations: 348.153 MiB)
8175
  0.951400 seconds (417.94 k allocations: 417.305 MiB)
9430
  0.776921 seconds (554.57 k allocations: 549.278 MiB)
3179
  0.779227 seconds (427.23 k allocations: 424.561 MiB)
5731
  0.771194 seconds (404.77 k allocations: 402.050 MiB)
4430
  0.869873 seconds (556.61 k allocations: 552.458 MiB)
679
  0.860058 seconds (367.55 k allocations: 366.017 MiB)
1934
  0.859899 seconds (350.02 k allocations: 349.455 MiB)
6926
  0.870099 seconds (378.19 k allocations: 376.622 MiB)
8176
  0.862084 seconds (382.70 k allocations: 381.131 MiB)
9431
  0.775776 seconds (406.43 k allocations: 403.436 MiB)
5732
  0.871945 seconds (569.29 k allocations: 564.794 MiB)
3180
  1.857266 seconds (545.05 k allocations: 538.957 MiB, 8.33% gc time)
  1.762424 seconds (465.99 k allocations: 460.643 MiB, 8.78% gc time)
  1.654055 seconds (190.24 k allocations: 188.602 MiB, 9.36% gc time)
  1.663033 seconds (222.39 k allocations: 220.627 MiB, 9.31% gc time)
  1.638690 seconds (152.13 k allocations: 150.976 MiB, 9.45% gc time)
  1.634720 seconds (149.64 k allocations: 147.616 MiB, 9.47% gc time)
  1.004752 seconds (1.67 k allocations: 1.953 MiB, 15.41% gc time)
8177
680
9432
4431
1935
6927
3181
  0.752019 seconds (541.75 k allocations: 527.297 MiB)
5733
  0.875003 seconds (85.22 k allocations: 86.669 MiB)
3182
  0.909787 seconds (147.99 k allocations: 151.832 MiB)
6928
  0.922529 seconds (172.51 k allocations: 174.290 MiB)
9433
  0.942967 seconds (245.91 k allocations: 247.169 MiB)
8178
  0.929814 seconds (226.76 k allocations: 226.609 MiB)
  0.944786 seconds (253.05 k allocations: 256.827 MiB)
  0.936309 seconds (234.98 k allocations: 237.226 MiB)
1936
4432
681
  0.776901 seconds (554.57 k allocations: 549.278 MiB)
5734
  0.868769 seconds (481.76 k allocations: 473.934 MiB)
3183
  0.867669 seconds (315.63 k allocations: 312.253 MiB)
6929
  0.867498 seconds (281.83 k allocations: 280.115 MiB)
9434
  0.862828 seconds (259.87 k allocations: 259.290 MiB)
4433
  0.864537 seconds (277.40 k allocations: 277.510 MiB)
1937
  0.862250 seconds (333.52 k allocations: 330.213 MiB)
682
  0.879270 seconds (375.53 k allocations: 374.280 MiB)
8179
  0.876950 seconds (554.57 k allocations: 549.278 MiB)
5735
  0.871861 seconds (486.98 k allocations: 480.297 MiB)
3184
  0.870897 seconds (381.29 k allocations: 376.515 MiB)
6930
  0.868057 seconds (363.76 k allocations: 358.521 MiB)
9435
  0.858718 seconds (371.75 k allocations: 366.376 MiB)
1938
  1.460291 seconds (247.40 k allocations: 247.589 MiB, 16.25% gc time)
  1.450974 seconds (239.22 k allocations: 238.547 MiB, 16.35% gc time)
  1.033496 seconds (139.10 k allocations: 138.883 MiB, 22.96% gc time)
  1.419994 seconds (218.46 k allocations: 217.510 MiB, 16.71% gc time)
5736
4434
8180
683
  0.775679 seconds (453.21 k allocations: 442.269 MiB)
3185
  0.776962 seconds (79.22 k allocations: 78.479 MiB)
684
  0.838923 seconds (156.50 k allocations: 153.851 MiB)
4435
  0.850711 seconds (171.82 k allocations: 172.398 MiB)
5737
  0.934078 seconds (465.90 k allocations: 461.378 MiB)
6931
  0.925644 seconds (363.64 k allocations: 364.944 MiB)
  0.953430 seconds (487.71 k allocations: 486.259 MiB)
1939
9436
  0.932672 seconds (391.11 k allocations: 390.431 MiB)
8181
  0.869313 seconds (554.57 k allocations: 549.278 MiB)
3186
  0.786979 seconds (369.41 k allocations: 365.365 MiB)
5738
  0.861764 seconds (556.02 k allocations: 550.672 MiB)
685
  0.773579 seconds (239.24 k allocations: 235.680 MiB)
9437
  0.872667 seconds (572.84 k allocations: 568.001 MiB)
4436
  0.866107 seconds (492.63 k allocations: 487.158 MiB)
6932
  0.853047 seconds (422.40 k allocations: 418.933 MiB)
1940
  0.865530 seconds (474.77 k allocations: 470.473 MiB)
8182
  0.769140 seconds (397.85 k allocations: 393.788 MiB)
5739
  0.877382 seconds (576.07 k allocations: 570.915 MiB)
3187
  1.111529 seconds (204.74 k allocations: 200.876 MiB, 18.14% gc time)
  1.156376 seconds (352.85 k allocations: 345.261 MiB, 17.44% gc time)
  1.229802 seconds (527.49 k allocations: 519.123 MiB, 16.40% gc time)
  1.097938 seconds (171.31 k allocations: 167.647 MiB, 18.37% gc time)
  1.174379 seconds (399.25 k allocations: 393.695 MiB, 17.17% gc time)
  1.072367 seconds (141.14 k allocations: 137.549 MiB, 18.81% gc time)
1941
8183
4437
686
9438
6933
  0.787080 seconds (453.87 k allocations: 442.907 MiB)
5740
  0.880480 seconds (490.92 k allocations: 479.774 MiB)
3188
  0.871957 seconds (191.18 k allocations: 193.171 MiB)
687
  0.874467 seconds (179.66 k allocations: 181.130 MiB)
1942
  0.880878 seconds (194.84 k allocations: 198.317 MiB)
8184
  0.879607 seconds (194.79 k allocations: 197.161 MiB)
9439
  0.883285 seconds (226.41 k allocations: 227.699 MiB)
4438
  0.936847 seconds (496.01 k allocations: 488.347 MiB)
6934
  0.784810 seconds (554.57 k allocations: 549.278 MiB)
5741
  0.868580 seconds (536.08 k allocations: 528.718 MiB)
3189
  0.848350 seconds (259.83 k allocations: 260.298 MiB)
688
  0.854572 seconds (237.15 k allocations: 237.360 MiB)
1943
  0.862715 seconds (253.01 k allocations: 252.731 MiB)
4439
  0.863069 seconds (259.86 k allocations: 258.282 MiB)
8185
  0.866683 seconds (280.51 k allocations: 280.692 MiB)
9440
  0.861972 seconds (357.50 k allocations: 354.577 MiB)
6935
  0.882057 seconds (554.57 k allocations: 549.278 MiB)
5742
  0.856925 seconds (490.60 k allocations: 482.341 MiB)
3190
  0.852825 seconds (322.23 k allocations: 319.794 MiB)
689
  0.862885 seconds (274.98 k allocations: 273.554 MiB)
9441
  0.872974 seconds (285.17 k allocations: 284.750 MiB)
1944
  0.869062 seconds (266.68 k allocations: 267.242 MiB)
8186
  0.863562 seconds (253.40 k allocations: 254.755 MiB)
  0.857263 seconds (248.48 k allocations: 249.784 MiB)
4440
6936
  1.209666 seconds (298.27 k allocations: 293.352 MiB, 28.80% gc time)
  1.412274 seconds (377.93 k allocations: 372.920 MiB, 24.67% gc time)
3191
5743
  0.763957 seconds (106.78 k allocations: 105.876 MiB)
4441
  0.834134 seconds (179.39 k allocations: 178.006 MiB)
1945
  0.893688 seconds (335.16 k allocations: 332.171 MiB)
690
  0.873679 seconds (234.41 k allocations: 233.532 MiB)
6937
  0.840940 seconds (212.67 k allocations: 211.696 MiB)
5744
  0.967728 seconds (617.18 k allocations: 611.231 MiB)
9442
  0.946045 seconds (494.75 k allocations: 490.601 MiB)
8187
  0.933628 seconds (502.43 k allocations: 496.946 MiB)
3192
  0.862515 seconds (554.57 k allocations: 549.278 MiB)
4442
  0.784827 seconds (285.46 k allocations: 281.147 MiB)
5745
  0.860722 seconds (500.29 k allocations: 494.474 MiB)
1946
  0.870111 seconds (483.00 k allocations: 479.361 MiB)
691
  0.868016 seconds (478.92 k allocations: 475.644 MiB)
6938
  0.863530 seconds (486.58 k allocations: 481.361 MiB)
9443
  0.855377 seconds (455.33 k allocations: 451.658 MiB)
8188
  0.857395 seconds (514.39 k allocations: 508.388 MiB)
3193
  0.781664 seconds (419.68 k allocations: 415.835 MiB)
5746
  0.863145 seconds (570.33 k allocations: 564.357 MiB)
4443
  0.764095 seconds (296.51 k allocations: 293.199 MiB)
6939
  1.135245 seconds (534.18 k allocations: 525.881 MiB, 13.23% gc time)
  1.093115 seconds (423.39 k allocations: 417.409 MiB, 13.74% gc time)
  0.978763 seconds (185.66 k allocations: 181.949 MiB, 15.34% gc time)
  1.016358 seconds (234.57 k allocations: 229.984 MiB, 14.77% gc time)
  1.029773 seconds (267.20 k allocations: 262.454 MiB, 14.58% gc time)
1947
692
3194
8189
9444
  0.765572 seconds (403.92 k allocations: 395.111 MiB)
5747
  0.767265 seconds (386.43 k allocations: 378.586 MiB)
4444
  0.800047 seconds (381.00 k allocations: 376.034 MiB)
6940
  0.785367 seconds (175.11 k allocations: 177.990 MiB)
693
  0.865970 seconds (352.17 k allocations: 351.289 MiB)
1948
  0.858775 seconds (323.59 k allocations: 321.711 MiB)
8190
  0.878310 seconds (381.69 k allocations: 378.348 MiB)
9445
  0.886692 seconds (404.23 k allocations: 401.351 MiB)
3195
  0.776228 seconds (480.90 k allocations: 476.959 MiB)
5748
  0.803818 seconds (518.36 k allocations: 513.012 MiB)
4445
  0.874940 seconds (483.91 k allocations: 479.843 MiB)
694
  0.874194 seconds (471.66 k allocations: 465.850 MiB)
6941
  0.852307 seconds (316.06 k allocations: 314.303 MiB)
1949
  0.877031 seconds (382.99 k allocations: 378.540 MiB)
8191
  0.876880 seconds (403.25 k allocations: 400.593 MiB)
9446
  0.874372 seconds (421.17 k allocations: 417.959 MiB)
3196
  0.879545 seconds (523.79 k allocations: 518.390 MiB)
5749
  0.869155 seconds (528.67 k allocations: 523.267 MiB)
4446
  0.865291 seconds (420.34 k allocations: 416.542 MiB)
695
  0.853450 seconds (345.00 k allocations: 340.571 MiB)
1950
  0.874166 seconds (413.41 k allocations: 411.543 MiB)
6942
  0.854880 seconds (290.83 k allocations: 290.364 MiB)
8192
  0.868553 seconds (287.19 k allocations: 287.079 MiB)
9447
  0.868061 seconds (295.17 k allocations: 294.933 MiB)
3197
  1.679253 seconds (451.26 k allocations: 442.867 MiB, 23.09% gc time)
  1.244425 seconds (54.50 k allocations: 52.170 MiB, 31.16% gc time)
  1.622743 seconds (390.43 k allocations: 383.431 MiB, 23.89% gc time)
4447
6943
5750
  0.800962 seconds (275.18 k allocations: 271.909 MiB)
696
  0.821555 seconds (113.76 k allocations: 113.976 MiB)
5751
  0.960727 seconds (379.22 k allocations: 375.542 MiB)
9448
  0.968444 seconds (367.00 k allocations: 364.072 MiB)
1951
  0.967648 seconds (358.05 k allocations: 355.697 MiB)
3198
  0.966127 seconds (360.29 k allocations: 358.061 MiB)
8193
  0.935833 seconds (344.46 k allocations: 341.879 MiB)
4448
  0.930705 seconds (355.17 k allocations: 352.329 MiB)
6944
  0.863886 seconds (554.57 k allocations: 549.278 MiB)
697
  0.780267 seconds (485.70 k allocations: 482.154 MiB)
5752
  0.779868 seconds (391.25 k allocations: 385.851 MiB)
9449
  0.863411 seconds (381.63 k allocations: 378.061 MiB)
1952
  0.874599 seconds (372.66 k allocations: 369.685 MiB)
3199
  0.864489 seconds (318.02 k allocations: 317.605 MiB)
8194
  0.876300 seconds (379.50 k allocations: 376.639 MiB)
4449
  0.872867 seconds (386.02 k allocations: 383.101 MiB)
6945
  0.775459 seconds (475.35 k allocations: 470.812 MiB)
5753
  0.860482 seconds (547.96 k allocations: 542.967 MiB)
698
  1.237126 seconds (472.54 k allocations: 468.331 MiB, 16.31% gc time)
  1.138960 seconds (265.60 k allocations: 261.926 MiB, 17.72% gc time)
  1.122373 seconds (179.20 k allocations: 178.013 MiB, 17.98% gc time)
  1.109732 seconds (131.48 k allocations: 131.081 MiB, 18.19% gc time)
  1.089560 seconds (88.33 k allocations: 88.636 MiB, 18.52% gc time)
  1.074238 seconds (77.11 k allocations: 76.761 MiB, 18.79% gc time)
9450
1953
3200
4450
6946
8195
  0.759190 seconds (523.42 k allocations: 509.524 MiB)
5754
  0.873151 seconds (131.21 k allocations: 135.564 MiB)
699
  0.869486 seconds (88.66 k allocations: 90.151 MiB)
3201
  0.874520 seconds (99.78 k allocations: 102.221 MiB)
1954
  0.875983 seconds (111.01 k allocations: 113.173 MiB)
4451
  0.885073 seconds (144.40 k allocations: 147.791 MiB)
  0.882034 seconds (150.76 k allocations: 154.049 MiB)
6947
8196
  0.936180 seconds (496.54 k allocations: 487.623 MiB)
9451
  0.778655 seconds (554.57 k allocations: 549.266 MiB)
5755
  0.768177 seconds (197.88 k allocations: 198.141 MiB)
3202
  0.795551 seconds (201.89 k allocations: 202.187 MiB)
4452
  0.869252 seconds (348.89 k allocations: 346.722 MiB)
700
  0.867542 seconds (312.59 k allocations: 312.215 MiB)
1955
  0.872142 seconds (319.70 k allocations: 319.213 MiB)
6948
  0.880251 seconds (345.55 k allocations: 344.174 MiB)
8197
  0.888277 seconds (403.71 k allocations: 400.025 MiB)
9452
  0.877463 seconds (554.57 k allocations: 549.278 MiB)
5756
  0.874229 seconds (486.33 k allocations: 482.549 MiB)
4453
  0.868266 seconds (473.73 k allocations: 469.264 MiB)
3203
  0.855429 seconds (242.82 k allocations: 242.788 MiB)
1956
  0.859763 seconds (238.50 k allocations: 238.873 MiB)
6949
  0.861682 seconds (224.98 k allocations: 226.124 MiB)
  0.860204 seconds (218.34 k allocations: 218.075 MiB)
  0.859936 seconds (219.84 k allocations: 219.957 MiB)
701
8198
9453
  1.135204 seconds (155.42 k allocations: 158.749 MiB, 30.21% gc time)
5757
  0.788934 seconds (1.09 k allocations: 2.265 MiB)
5758
  0.820205 seconds (42.55 k allocations: 42.162 MiB)
702
  0.917417 seconds (499.04 k allocations: 489.008 MiB)
3204
  0.843959 seconds (109.62 k allocations: 114.071 MiB)
6950
  0.843784 seconds (134.96 k allocations: 134.890 MiB)
9454
  0.885665 seconds (331.57 k allocations: 330.560 MiB)
1957
  0.977281 seconds (735.76 k allocations: 726.128 MiB)
4454
  0.961500 seconds (533.86 k allocations: 528.247 MiB)
8199
  0.783155 seconds (468.31 k allocations: 461.021 MiB)
5759
  0.782850 seconds (282.67 k allocations: 278.480 MiB)
9455
  0.878626 seconds (449.47 k allocations: 444.427 MiB)
703
  0.786728 seconds (226.17 k allocations: 223.177 MiB)
4455
  0.886371 seconds (428.27 k allocations: 425.763 MiB)
6951
  0.894836 seconds (451.45 k allocations: 449.383 MiB)
3205
  0.879687 seconds (475.90 k allocations: 470.329 MiB)
1958
  0.884991 seconds (554.57 k allocations: 549.278 MiB)
8200
  0.784145 seconds (551.42 k allocations: 544.829 MiB)
5760
  1.404506 seconds (534.17 k allocations: 525.679 MiB, 19.40% gc time)
  1.324525 seconds (247.47 k allocations: 244.591 MiB, 20.57% gc time)
  1.328844 seconds (264.67 k allocations: 262.231 MiB, 20.51% gc time)
  1.305574 seconds (190.43 k allocations: 187.526 MiB, 20.87% gc time)
  1.308152 seconds (193.27 k allocations: 191.449 MiB, 20.83% gc time)
  1.261356 seconds (149.27 k allocations: 146.896 MiB, 21.61% gc time)
  1.135467 seconds (70.29 k allocations: 68.730 MiB, 24.00% gc time)
4456
9456
1959
6952
8201
704
3206
  0.775041 seconds (524.60 k allocations: 510.599 MiB)
5761
  0.836035 seconds (98.04 k allocations: 100.143 MiB)
705
  0.841472 seconds (104.28 k allocations: 107.562 MiB)
  0.840688 seconds (103.09 k allocations: 107.782 MiB)
9457
1960
  0.881147 seconds (288.63 k allocations: 283.161 MiB)
8202
  0.938026 seconds (371.10 k allocations: 370.827 MiB)
4457
  0.937826 seconds (375.01 k allocations: 374.793 MiB)
  0.931623 seconds (370.01 k allocations: 368.791 MiB)
6953
3207
  0.781280 seconds (554.57 k allocations: 549.278 MiB)
5762
  0.869808 seconds (409.41 k allocations: 406.069 MiB)
9458
  0.868007 seconds (387.67 k allocations: 384.266 MiB)
706
  0.876882 seconds (399.22 k allocations: 396.753 MiB)
  0.787067 seconds (135.57 k allocations: 138.467 MiB)
1961
6954
  0.875080 seconds (386.03 k allocations: 381.472 MiB)
8203
  0.860247 seconds (354.69 k allocations: 349.221 MiB)
3208
  0.883276 seconds (396.94 k allocations: 393.557 MiB)
4458
  0.872978 seconds (554.57 k allocations: 549.278 MiB)
5763
  0.857615 seconds (324.97 k allocations: 322.415 MiB)
9459
  0.872630 seconds (326.43 k allocations: 322.596 MiB)
1962
  0.868360 seconds (309.68 k allocations: 306.761 MiB)
6955
  0.869005 seconds (235.47 k allocations: 235.944 MiB)
707
  0.887618 seconds (243.06 k allocations: 243.430 MiB)
  0.870172 seconds (207.14 k allocations: 208.923 MiB)
8204
3209
  0.884772 seconds (231.41 k allocations: 232.705 MiB)
4459
  1.331312 seconds (176.88 k allocations: 179.269 MiB, 43.19% gc time)
5764
  0.849663 seconds (406.53 k allocations: 397.640 MiB)
9460
  0.876148 seconds (214.76 k allocations: 215.512 MiB)
1963
  0.843541 seconds (83.63 k allocations: 85.360 MiB)
4460
  0.844829 seconds (94.06 k allocations: 95.536 MiB)
5765
  0.936834 seconds (420.73 k allocations: 418.147 MiB)
6956
  0.920909 seconds (339.81 k allocations: 339.688 MiB)
708
  0.924703 seconds (349.25 k allocations: 350.140 MiB)
8205
  0.934408 seconds (386.84 k allocations: 387.540 MiB)
3210
  0.776883 seconds (312.07 k allocations: 306.459 MiB)
5766
  0.866108 seconds (559.73 k allocations: 555.650 MiB)
9461
  0.877505 seconds (476.32 k allocations: 471.591 MiB)
  0.881564 seconds (484.78 k allocations: 482.393 MiB)
4461
1964
  0.864786 seconds (327.23 k allocations: 324.977 MiB)
6957
  0.865099 seconds (329.28 k allocations: 327.144 MiB)
709
  0.864976 seconds (335.83 k allocations: 333.650 MiB)
8206
  0.869675 seconds (401.71 k allocations: 399.343 MiB)
3211
  0.776682 seconds (480.30 k allocations: 476.775 MiB)
5767
  1.097019 seconds (353.05 k allocations: 345.614 MiB, 13.01% gc time)
  1.190585 seconds (545.12 k allocations: 539.021 MiB, 11.99% gc time)
  1.096874 seconds (352.40 k allocations: 345.005 MiB, 13.01% gc time)
  1.039280 seconds (92.52 k allocations: 91.155 MiB, 13.73% gc time)
  1.048538 seconds (122.83 k allocations: 122.630 MiB, 13.61% gc time)
  1.020890 seconds (70.53 k allocations: 69.375 MiB, 13.98% gc time)
  1.040771 seconds (95.09 k allocations: 94.273 MiB, 13.72% gc time)
8207
3212
4462
1965
710
6958
9462
  0.758301 seconds (526.53 k allocations: 512.501 MiB)
5768
  0.781824 seconds (82.67 k allocations: 82.992 MiB)
711
  0.876219 seconds (164.17 k allocations: 166.101 MiB)
  0.872784 seconds (157.46 k allocations: 156.185 MiB)
  0.877882 seconds (169.83 k allocations: 175.455 MiB)
8208
6959
3213
  0.876789 seconds (168.46 k allocations: 170.835 MiB)
4463
  0.880540 seconds (192.95 k allocations: 196.927 MiB)
  0.877347 seconds (196.71 k allocations: 200.677 MiB)
1966
9463
  0.776320 seconds (554.57 k allocations: 549.278 MiB)
5769
  0.751607 seconds (92.97 k allocations: 95.312 MiB)
6960
  0.862845 seconds (594.12 k allocations: 582.847 MiB)
712
  0.861662 seconds (204.86 k allocations: 205.244 MiB)
4464
  0.860260 seconds (200.98 k allocations: 201.661 MiB)
1967
  0.878319 seconds (255.66 k allocations: 260.391 MiB)
  0.868462 seconds (232.81 k allocations: 232.685 MiB)
  0.877831 seconds (249.61 k allocations: 252.953 MiB)
8209
3214
9464
  0.818212 seconds (554.57 k allocations: 549.278 MiB)
5770
  0.874417 seconds (549.02 k allocations: 542.535 MiB)
6961
  2.268690 seconds (272.07 k allocations: 269.357 MiB, 40.91% gc time)
  2.272505 seconds (280.91 k allocations: 279.039 MiB, 40.85% gc time)
  2.257428 seconds (234.23 k allocations: 231.870 MiB, 41.12% gc time)
  2.247120 seconds (208.47 k allocations: 206.105 MiB, 41.31% gc time)
  2.219486 seconds (149.47 k allocations: 147.213 MiB, 41.82% gc time)
  2.225373 seconds (154.65 k allocations: 153.429 MiB, 41.71% gc time)
  1.686445 seconds (70.75 k allocations: 69.600 MiB, 55.04% gc time)
4465
1968
3215
9465
8210
713
5771
  0.756493 seconds (526.06 k allocations: 511.993 MiB)
6962
  0.835715 seconds (79.23 k allocations: 78.479 MiB)
714
  0.841219 seconds (86.55 k allocations: 86.914 MiB)
5772
  0.932700 seconds (240.39 k allocations: 241.697 MiB)
9466
  0.933687 seconds (241.53 k allocations: 240.525 MiB)
8211
  0.944055 seconds (260.97 k allocations: 264.241 MiB)
  0.940064 seconds (259.91 k allocations: 260.308 MiB)
3216
1969
  0.949809 seconds (292.68 k allocations: 293.750 MiB)
4466
  0.866612 seconds (554.57 k allocations: 549.278 MiB)
6963
  0.774618 seconds (475.35 k allocations: 470.812 MiB)
5773
  0.862684 seconds (556.45 k allocations: 552.304 MiB)
715
  0.773502 seconds (184.50 k allocations: 183.315 MiB)
3217
  0.805566 seconds (263.39 k allocations: 260.234 MiB)
4467
  0.853758 seconds (396.53 k allocations: 395.199 MiB)
9467
  0.859315 seconds (411.33 k allocations: 410.777 MiB)
8212
  0.870364 seconds (453.68 k allocations: 451.512 MiB)
1970
  0.765799 seconds (475.35 k allocations: 470.812 MiB)
5774
  0.867363 seconds (566.58 k allocations: 562.195 MiB)
6964
  1.790126 seconds (469.18 k allocations: 463.500 MiB, 9.73% gc time)
  1.772619 seconds (426.61 k allocations: 421.524 MiB, 9.83% gc time)
  1.737531 seconds (300.19 k allocations: 295.027 MiB, 10.03% gc time)
  1.682029 seconds (149.37 k allocations: 147.132 MiB, 10.36% gc time)
  1.701215 seconds (171.58 k allocations: 169.629 MiB, 10.24% gc time)
  1.707669 seconds (185.72 k allocations: 184.411 MiB, 10.20% gc time)
  1.039671 seconds (5.45 k allocations: 5.409 MiB, 16.76% gc time)
3218
4468
716
8213
9468
1971
6965
  0.800110 seconds (527.52 k allocations: 513.449 MiB)
5775
  0.884539 seconds (80.07 k allocations: 80.500 MiB)
6966
  0.932630 seconds (143.34 k allocations: 147.383 MiB)
717
  0.931448 seconds (139.84 k allocations: 141.792 MiB)
9469
  0.933113 seconds (146.31 k allocations: 148.193 MiB)
8214
  0.942142 seconds (179.19 k allocations: 183.541 MiB)
3219
  0.934581 seconds (179.74 k allocations: 181.744 MiB)
1972
  0.951269 seconds (249.32 k allocations: 253.502 MiB)
4469
  0.777865 seconds (554.57 k allocations: 549.278 MiB)
5776
  0.793846 seconds (467.85 k allocations: 459.126 MiB)
6967
  0.775944 seconds (179.85 k allocations: 181.116 MiB)
8215
  0.858835 seconds (301.84 k allocations: 301.712 MiB)
9470
  0.856573 seconds (269.29 k allocations: 268.316 MiB)
718
  0.869704 seconds (293.86 k allocations: 294.478 MiB)
1973
  0.882455 seconds (329.61 k allocations: 331.351 MiB)
3220
  0.863761 seconds (308.45 k allocations: 308.866 MiB)
4470
  0.777862 seconds (554.57 k allocations: 549.278 MiB)
5777
  0.868089 seconds (509.08 k allocations: 504.316 MiB)
6968
  0.866151 seconds (502.55 k allocations: 498.271 MiB)
8216
  1.641290 seconds (356.53 k allocations: 351.620 MiB, 20.81% gc time)
  1.610515 seconds (226.15 k allocations: 225.612 MiB, 21.21% gc time)
  1.601264 seconds (208.34 k allocations: 206.101 MiB, 21.33% gc time)
  1.606360 seconds (216.04 k allocations: 214.713 MiB, 21.26% gc time)
  1.571020 seconds (188.16 k allocations: 186.104 MiB, 21.74% gc time)
  1.093180 seconds (109.10 k allocations: 107.950 MiB, 31.25% gc time)
3221
9471
4471
1974
719
5778
  0.772716 seconds (484.23 k allocations: 471.945 MiB)
6969
  0.786019 seconds (81.79 k allocations: 84.610 MiB)
5779
  0.872353 seconds (366.45 k allocations: 362.115 MiB)
8217
  0.840045 seconds (166.32 k allocations: 164.680 MiB)
720
  0.845270 seconds (182.07 k allocations: 182.414 MiB)
4472
  0.931602 seconds (406.45 k allocations: 405.906 MiB)
9472
  0.933829 seconds (405.69 k allocations: 406.629 MiB)
3222
  0.939220 seconds (424.38 k allocations: 422.241 MiB)
1975
  0.872073 seconds (554.57 k allocations: 549.278 MiB)
6970
  0.777799 seconds (458.86 k allocations: 453.037 MiB)
5780
  0.771405 seconds (184.48 k allocations: 183.081 MiB)
3223
  0.773804 seconds (185.72 k allocations: 185.698 MiB)
9473
  0.869207 seconds (430.63 k allocations: 430.664 MiB)
  0.863910 seconds (419.96 k allocations: 419.914 MiB)
8218
721
  0.871553 seconds (485.12 k allocations: 483.225 MiB)
4473
  0.778324 seconds (277.25 k allocations: 277.782 MiB)
1976
  0.776133 seconds (475.35 k allocations: 470.812 MiB)
5781
  1.272110 seconds (547.62 k allocations: 542.620 MiB, 16.46% gc time)
  1.109530 seconds (133.06 k allocations: 134.887 MiB, 18.87% gc time)
  1.097599 seconds (81.33 k allocations: 82.931 MiB, 19.07% gc time)
  1.102580 seconds (100.03 k allocations: 102.050 MiB, 18.99% gc time)
  1.094573 seconds (75.41 k allocations: 74.797 MiB, 19.13% gc time)
  1.094866 seconds (75.85 k allocations: 75.340 MiB, 19.12% gc time)
  1.088040 seconds (70.41 k allocations: 69.073 MiB, 19.24% gc time)
722
4474
1977
3224
9474
8219
6971
  0.796996 seconds (525.80 k allocations: 511.808 MiB)
5782
  0.786467 seconds (82.03 k allocations: 82.389 MiB)
9475
  0.789918 seconds (84.88 k allocations: 86.540 MiB)
4475
  0.870779 seconds (241.69 k allocations: 240.477 MiB)
723
  0.876200 seconds (247.37 k allocations: 247.338 MiB)
8220
  0.879701 seconds (255.37 k allocations: 256.433 MiB)
3225
  0.885224 seconds (269.67 k allocations: 271.546 MiB)
1978
  0.934055 seconds (518.24 k allocations: 512.063 MiB)
6972
  0.768741 seconds (554.57 k allocations: 549.278 MiB)
5783
  0.752783 seconds (475.35 k allocations: 470.812 MiB)
9476
  0.872243 seconds (554.57 k allocations: 549.278 MiB)
4476
  0.855961 seconds (364.13 k allocations: 362.751 MiB)
724
  0.860097 seconds (358.69 k allocations: 356.323 MiB)
8221
  0.876004 seconds (371.54 k allocations: 368.822 MiB)
  0.868709 seconds (357.01 k allocations: 354.675 MiB)
3226
1979
  0.866478 seconds (508.22 k allocations: 502.470 MiB)
6973
  0.771165 seconds (554.57 k allocations: 549.278 MiB)
5784
  0.865101 seconds (554.57 k allocations: 549.278 MiB)
9477
  1.613740 seconds (544.52 k allocations: 537.337 MiB, 13.29% gc time)
  1.509521 seconds (214.78 k allocations: 212.095 MiB, 14.21% gc time)
  1.528943 seconds (273.54 k allocations: 270.328 MiB, 14.03% gc time)
  1.451817 seconds (149.44 k allocations: 147.267 MiB, 14.78% gc time)
  1.534307 seconds (289.82 k allocations: 287.892 MiB, 13.98% gc time)
  1.495559 seconds (189.67 k allocations: 186.984 MiB, 14.34% gc time)
  0.974768 seconds (70.92 k allocations: 70.282 MiB, 22.01% gc time)
6974
3227
5785
4477
1980
8222
725
  0.866215 seconds (524.37 k allocations: 510.411 MiB)
  0.769526 seconds (720 allocations: 2.087 MiB)
9478
726
  0.844247 seconds (158.45 k allocations: 156.945 MiB)
1981
  0.862954 seconds (183.84 k allocations: 186.337 MiB)
5786
  0.921353 seconds (320.45 k allocations: 319.740 MiB)
8223
  0.937356 seconds (343.00 k allocations: 343.969 MiB)
3228
  0.934077 seconds (338.45 k allocations: 337.357 MiB)
  0.942416 seconds (357.28 k allocations: 361.637 MiB)
6975
4478
  0.861908 seconds (480.96 k allocations: 477.417 MiB)
9479
  0.778618 seconds (320.22 k allocations: 317.061 MiB)
5787
  0.864572 seconds (490.67 k allocations: 488.341 MiB)
727
  0.867969 seconds (567.35 k allocations: 562.736 MiB)
1982
  0.778838 seconds (285.61 k allocations: 283.940 MiB)
3229
  0.795508 seconds (322.91 k allocations: 322.285 MiB)
6976
  0.774979 seconds (379.46 k allocations: 375.387 MiB)
4479
  0.869698 seconds (612.19 k allocations: 605.635 MiB)
8224
  0.775697 seconds (408.20 k allocations: 405.124 MiB)
5788
  1.178811 seconds (484.28 k allocations: 480.592 MiB, 14.29% gc time)
  1.090923 seconds (212.92 k allocations: 210.279 MiB, 15.44% gc time)
  1.073414 seconds (163.52 k allocations: 160.369 MiB, 15.69% gc time)
  1.163152 seconds (466.41 k allocations: 461.012 MiB, 14.48% gc time)
  1.093047 seconds (217.61 k allocations: 216.013 MiB, 15.41% gc time)
  1.047425 seconds (99.01 k allocations: 97.415 MiB, 16.08% gc time)
  1.023954 seconds (70.80 k allocations: 69.435 MiB, 16.45% gc time)
1983
4480
8225
9480
3230
6977
728
  0.777111 seconds (523.02 k allocations: 509.062 MiB)
5789
  0.871789 seconds (86.83 k allocations: 93.089 MiB)
  0.869016 seconds (79.75 k allocations: 79.993 MiB)
729
1984
  0.874356 seconds (89.91 k allocations: 91.561 MiB)
9481
  0.874893 seconds (97.52 k allocations: 100.277 MiB)
8226
  0.876244 seconds (103.70 k allocations: 107.610 MiB)
6978
  0.878455 seconds (113.53 k allocations: 118.447 MiB)
3231
  0.889898 seconds (199.20 k allocations: 201.875 MiB)
4481
  0.792957 seconds (554.57 k allocations: 549.278 MiB)
5790
  0.777036 seconds (138.62 k allocations: 142.649 MiB)
1985
  0.775093 seconds (101.74 k allocations: 103.907 MiB)
6979
  0.852745 seconds (274.70 k allocations: 276.974 MiB)
730
  0.858209 seconds (265.99 k allocations: 266.380 MiB)
8227
  0.864706 seconds (282.76 k allocations: 286.300 MiB)
9482
  0.868506 seconds (305.02 k allocations: 305.362 MiB)
3232
  0.872666 seconds (373.08 k allocations: 370.700 MiB)
4482
  0.774572 seconds (554.57 k allocations: 549.278 MiB)
5791
  0.868542 seconds (475.35 k allocations: 470.812 MiB)
6980
  0.922771 seconds (516.48 k allocations: 512.841 MiB)
1986
  0.853675 seconds (239.48 k allocations: 239.581 MiB)
731
  0.855561 seconds (198.50 k allocations: 200.584 MiB)
8228
  0.867731 seconds (205.42 k allocations: 207.393 MiB)
9483
  0.871621 seconds (206.66 k allocations: 208.801 MiB)
3233
  0.876923 seconds (249.79 k allocations: 250.280 MiB)
4483
  0.961078 seconds (270.40 k allocations: 268.765 MiB, 19.33% gc time)
5792
  0.762492 seconds (1 allocation: 12.688 KiB)
5793
  0.871766 seconds (335.86 k allocations: 331.399 MiB)
9484
  0.906138 seconds (214.74 k allocations: 215.729 MiB)
732
  0.959317 seconds (405.98 k allocations: 402.607 MiB)
6981
  0.924653 seconds (236.65 k allocations: 237.089 MiB)
8229
  0.949835 seconds (320.26 k allocations: 322.192 MiB)
3234
  0.949019 seconds (333.63 k allocations: 333.969 MiB)
1987
  0.943066 seconds (363.88 k allocations: 361.904 MiB)
4484
  0.773702 seconds (500.28 k allocations: 495.899 MiB)
5794
  0.775799 seconds (508.86 k allocations: 504.310 MiB)
9485
  0.857893 seconds (365.44 k allocations: 361.149 MiB)
733
  0.864026 seconds (268.11 k allocations: 266.988 MiB)
6982
  0.865600 seconds (265.40 k allocations: 265.820 MiB)
8230
  0.866900 seconds (227.04 k allocations: 228.082 MiB)
1988
  0.881623 seconds (276.49 k allocations: 276.838 MiB)
3235
  0.908165 seconds (406.32 k allocations: 401.285 MiB)
4485
  0.802011 seconds (507.48 k allocations: 502.791 MiB)
5795
  1.327669 seconds (268.49 k allocations: 264.490 MiB, 25.84% gc time)
  1.548113 seconds (545.09 k allocations: 538.985 MiB, 22.16% gc time)
  1.271242 seconds (125.28 k allocations: 122.538 MiB, 26.98% gc time)
  1.319385 seconds (247.24 k allocations: 242.895 MiB, 26.00% gc time)
  1.275975 seconds (131.82 k allocations: 130.275 MiB, 26.88% gc time)
  1.290847 seconds (168.52 k allocations: 166.603 MiB, 26.57% gc time)
  1.207840 seconds (70.46 k allocations: 69.212 MiB, 28.40% gc time)
734
6983
9486
3236
1989
4486
8231
  0.756967 seconds (526.34 k allocations: 512.296 MiB)
5796
  0.843955 seconds (79.23 k allocations: 78.479 MiB)
6984
  0.844309 seconds (81.53 k allocations: 82.108 MiB)
735
  0.867856 seconds (134.73 k allocations: 141.812 MiB)
4487
  0.930694 seconds (316.90 k allocations: 313.879 MiB)
8232
  0.934977 seconds (321.16 k allocations: 319.384 MiB)
1990
  0.939239 seconds (326.69 k allocations: 326.107 MiB)
3237
  0.940659 seconds (332.46 k allocations: 333.052 MiB)
9487
  0.790723 seconds (554.57 k allocations: 549.278 MiB)
5797
  0.876833 seconds (397.85 k allocations: 395.230 MiB)
4488
  0.894898 seconds (421.33 k allocations: 420.346 MiB)
  0.886290 seconds (412.01 k allocations: 409.007 MiB)
6985
736
  0.860668 seconds (254.93 k allocations: 253.374 MiB)
8233
  0.890889 seconds (320.26 k allocations: 318.504 MiB)
3238
  0.876822 seconds (315.11 k allocations: 312.592 MiB)
9488
  0.874577 seconds (424.50 k allocations: 419.899 MiB)
1991
  0.871826 seconds (554.57 k allocations: 549.278 MiB)
5798
  0.851471 seconds (395.09 k allocations: 389.517 MiB)
4489
  0.860212 seconds (341.26 k allocations: 338.208 MiB)
6986
  0.855628 seconds (232.52 k allocations: 231.709 MiB)
8234
  0.868945 seconds (250.31 k allocations: 251.373 MiB)
9489
  0.861071 seconds (236.30 k allocations: 236.943 MiB)
737
  0.865365 seconds (231.01 k allocations: 232.108 MiB)
3239
  0.866346 seconds (253.39 k allocations: 253.735 MiB)
1992
  1.153287 seconds (291.28 k allocations: 288.747 MiB, 31.02% gc time)
5799
  0.757593 seconds (295.44 k allocations: 291.294 MiB)
4490
  0.781126 seconds (79.22 k allocations: 78.479 MiB)
5800
  0.821288 seconds (127.08 k allocations: 126.913 MiB)
1993
  0.953443 seconds (439.23 k allocations: 434.396 MiB)
6987
  0.971742 seconds (458.20 k allocations: 453.998 MiB)
  0.935423 seconds (308.46 k allocations: 308.226 MiB)
9490
3240
  0.928428 seconds (294.21 k allocations: 296.252 MiB)
738
  0.942715 seconds (345.09 k allocations: 347.593 MiB)
8235
  0.872586 seconds (554.57 k allocations: 549.278 MiB)
4491
  0.776171 seconds (449.45 k allocations: 446.034 MiB)
5801
  0.866234 seconds (554.57 k allocations: 549.278 MiB)
1994
  0.874098 seconds (357.03 k allocations: 354.543 MiB)
6988
  0.856664 seconds (252.57 k allocations: 251.092 MiB)
  0.867238 seconds (269.51 k allocations: 270.311 MiB)
  0.862301 seconds (258.83 k allocations: 261.068 MiB)
8236
3241
  0.868961 seconds (274.07 k allocations: 277.689 MiB)
739
9491
  0.782562 seconds (475.35 k allocations: 470.812 MiB)
5802
  1.417453 seconds (552.92 k allocations: 547.710 MiB, 18.81% gc time)
  1.282724 seconds (465.95 k allocations: 460.578 MiB, 20.79% gc time)
  1.182639 seconds (97.14 k allocations: 95.606 MiB, 22.55% gc time)
  1.187278 seconds (101.72 k allocations: 101.228 MiB, 22.46% gc time)
  1.199908 seconds (155.13 k allocations: 154.838 MiB, 22.23% gc time)
  1.185765 seconds (99.58 k allocations: 99.347 MiB, 22.49% gc time)
  1.130538 seconds (70.67 k allocations: 69.697 MiB, 23.59% gc time)
8237
9492
3242
740
1995
4492
6989
  0.747703 seconds (532.62 k allocations: 518.385 MiB)
5803
  0.841985 seconds (88.39 k allocations: 90.915 MiB)
1996
  0.885057 seconds (132.69 k allocations: 131.068 MiB)
4493
  0.914365 seconds (201.08 k allocations: 205.282 MiB)
741
  0.938892 seconds (236.58 k allocations: 234.563 MiB)
6990
  0.945785 seconds (246.16 k allocations: 248.855 MiB)
8238
  0.948481 seconds (256.44 k allocations: 256.448 MiB)
3243
  0.955285 seconds (270.24 k allocations: 274.765 MiB)
9493
  0.776971 seconds (554.57 k allocations: 549.278 MiB)
5804
  0.881649 seconds (516.65 k allocations: 510.132 MiB)
1997
  0.881766 seconds (263.14 k allocations: 263.233 MiB)
9494
  0.861987 seconds (208.97 k allocations: 211.633 MiB)
4494
  0.869093 seconds (209.19 k allocations: 210.808 MiB)
  0.877984 seconds (223.93 k allocations: 226.771 MiB)
6991
3244
  0.862377 seconds (211.47 k allocations: 214.627 MiB)
8239
  0.861113 seconds (226.48 k allocations: 229.203 MiB)
742
  0.875736 seconds (554.57 k allocations: 549.278 MiB)
5805
  0.869820 seconds (554.57 k allocations: 549.278 MiB)
1998
  1.449569 seconds (181.66 k allocations: 179.176 MiB, 21.20% gc time)  1.454487 seconds (187.02 k allocations: 185.531 MiB, 21.13% gc time)
  1.459384 seconds (194.82 k allocations: 194.220 MiB, 21.06% gc time)
  1.479347 seconds (239.55 k allocations: 238.220 MiB, 20.78% gc time)
  1.536933 seconds (442.59 k allocations: 433.759 MiB, 20.00% gc time)

  1.066631 seconds (70.17 k allocations: 68.471 MiB, 28.82% gc time)
  1.403829 seconds (149.48 k allocations: 147.108 MiB, 21.90% gc time)
6992
4495
3245
5806
8240
743
9495
  0.800379 seconds (525.24 k allocations: 511.247 MiB)
1999
  0.785544 seconds (84.52 k allocations: 85.997 MiB)
5807
  0.834235 seconds (148.66 k allocations: 148.788 MiB)
744
  0.943436 seconds (244.54 k allocations: 244.440 MiB)
  0.937101 seconds (237.91 k allocations: 236.033 MiB)
  0.943728 seconds (244.57 k allocations: 246.815 MiB)
8241
9496
3246
  0.945340 seconds (249.33 k allocations: 253.303 MiB)
  0.943139 seconds (251.71 k allocations: 254.525 MiB)
6993
4496
  0.778083 seconds (457.35 k allocations: 452.165 MiB)
5808
  0.873758 seconds (577.65 k allocations: 572.796 MiB)
2000
  0.865142 seconds (554.57 k allocations: 549.278 MiB)
745
  0.771847 seconds (184.19 k allocations: 183.008 MiB)
6994
  0.860179 seconds (341.89 k allocations: 341.475 MiB)
9497
  0.855329 seconds (319.09 k allocations: 318.624 MiB)
4497
  0.866973 seconds (351.42 k allocations: 353.431 MiB)
8242
  0.866212 seconds (353.43 k allocations: 353.127 MiB)
3247
  0.774814 seconds (500.62 k allocations: 496.227 MiB)
5809
  1.285533 seconds (545.05 k allocations: 538.954 MiB, 14.20% gc time)
  1.064408 seconds (97.83 k allocations: 98.738 MiB, 17.15% gc time)
  1.143985 seconds (386.68 k allocations: 382.062 MiB, 15.96% gc time)
  1.164129 seconds (410.71 k allocations: 406.326 MiB, 15.68% gc time)
  1.057174 seconds (74.17 k allocations: 74.877 MiB, 17.27% gc time)
  1.052552 seconds (70.33 k allocations: 69.100 MiB, 17.35% gc time)
  1.054538 seconds (70.51 k allocations: 69.437 MiB, 17.31% gc time)
4498
6995
8243
3248
9498
746
2001
  0.802913 seconds (463.86 k allocations: 452.473 MiB)
5810
  0.861251 seconds (291.21 k allocations: 288.690 MiB)
747
  0.879304 seconds (101.39 k allocations: 102.333 MiB)
  0.877634 seconds (101.18 k allocations: 102.287 MiB)
4499
6996
  0.882451 seconds (107.40 k allocations: 110.950 MiB)
9499
  0.883817 seconds (118.66 k allocations: 121.926 MiB)
8244
  0.894501 seconds (155.93 k allocations: 160.245 MiB)
3249
  0.940945 seconds (516.40 k allocations: 506.654 MiB)
2002
  0.796938 seconds (554.57 k allocations: 549.278 MiB)
5811
  0.765647 seconds (143.52 k allocations: 141.220 MiB)
  0.769916 seconds (149.83 k allocations: 149.864 MiB)
3250
9500
  0.852835 seconds (340.26 k allocations: 339.707 MiB)
748
  0.853700 seconds (321.69 k allocations: 320.908 MiB)
4500
  0.862834 seconds (344.58 k allocations: 344.234 MiB)
8245
  0.869937 seconds (379.74 k allocations: 381.773 MiB)
6997
  0.869052 seconds (554.57 k allocations: 549.278 MiB)
2003
  0.874578 seconds (554.57 k allocations: 549.278 MiB)
5812
  0.869997 seconds (487.15 k allocations: 483.332 MiB)
3251
  0.868606 seconds (490.59 k allocations: 485.970 MiB)
9501
  0.849071 seconds (308.63 k allocations: 307.188 MiB)
749
  0.863693 seconds (298.90 k allocations: 298.063 MiB)
4501
  1.624000 seconds (299.33 k allocations: 298.684 MiB, 10.37% gc time)
  1.612524 seconds (289.62 k allocations: 287.197 MiB, 10.45% gc time)
  1.544060 seconds (211.35 k allocations: 210.715 MiB, 10.91% gc time)
  0.924051 seconds (132.56 k allocations: 132.894 MiB, 18.23% gc time)
6998
8246
5813
2004
  0.775848 seconds (459.06 k allocations: 447.865 MiB)
3252
  0.791672 seconds (93.69 k allocations: 96.005 MiB)
5814
  0.841885 seconds (155.15 k allocations: 153.797 MiB)
  0.842192 seconds (156.51 k allocations: 156.481 MiB)
6999
2005
  0.963967 seconds (587.11 k allocations: 579.806 MiB)
9502
  0.941702 seconds (395.14 k allocations: 396.314 MiB)
  0.922160 seconds (341.71 k allocations: 340.448 MiB)
750
  0.934666 seconds (360.34 k allocations: 363.365 MiB)
8247
4502
  0.866174 seconds (554.57 k allocations: 549.278 MiB)
3253
  0.782247 seconds (484.23 k allocations: 477.869 MiB)
5815
  0.768449 seconds (158.45 k allocations: 156.946 MiB)
4503
  0.861435 seconds (484.17 k allocations: 481.907 MiB)
7000
  0.870552 seconds (512.30 k allocations: 509.041 MiB)
2006
  0.866281 seconds (462.45 k allocations: 458.262 MiB)
9503
  0.855710 seconds (406.37 k allocations: 403.593 MiB)
8248
  0.859278 seconds (411.10 k allocations: 409.534 MiB)
751
  0.782031 seconds (475.35 k allocations: 470.812 MiB)
5816
  0.862721 seconds (550.56 k allocations: 545.434 MiB)
3254
  1.195008 seconds (343.83 k allocations: 342.303 MiB, 20.67% gc time)
  1.192033 seconds (338.66 k allocations: 336.127 MiB, 20.72% gc time)
  1.179407 seconds (321.54 k allocations: 317.065 MiB, 20.94% gc time)
  1.122863 seconds (131.86 k allocations: 131.567 MiB, 22.00% gc time)
  1.110213 seconds (100.47 k allocations: 100.386 MiB, 22.25% gc time)
  1.100675 seconds (90.34 k allocations: 89.903 MiB, 22.44% gc time)
4504
7001
8249
2007
9504
752
  0.767717 seconds (506.03 k allocations: 492.864 MiB)
5817
  0.779575 seconds (79.22 k allocations: 78.479 MiB)
753
  0.871544 seconds (189.42 k allocations: 192.704 MiB)
2008
  0.883873 seconds (185.79 k allocations: 185.755 MiB)
  0.886196 seconds (189.53 k allocations: 191.939 MiB)
4505
7002
  0.889405 seconds (198.29 k allocations: 201.803 MiB)
8250
  0.896085 seconds (243.95 k allocations: 244.488 MiB)
9505
  0.946277 seconds (521.81 k allocations: 519.138 MiB)
3255
  0.781695 seconds (554.57 k allocations: 549.278 MiB)
5818
  0.776121 seconds (145.06 k allocations: 145.150 MiB)
7003
  0.880868 seconds (576.26 k allocations: 570.081 MiB)
754
  0.856448 seconds (368.74 k allocations: 364.551 MiB)
2009
  0.870593 seconds (321.00 k allocations: 319.035 MiB)
4506
  0.868719 seconds (314.24 k allocations: 312.762 MiB)
8251
  0.868342 seconds (329.08 k allocations: 327.183 MiB)
9506
  0.855142 seconds (364.48 k allocations: 362.476 MiB)
3256
  0.865442 seconds (554.57 k allocations: 549.278 MiB)
5819
  0.865973 seconds (456.55 k allocations: 451.198 MiB)
7004
  0.854483 seconds (378.37 k allocations: 373.703 MiB)
2010
  0.754919 seconds (100.43 k allocations: 101.619 MiB)
3257
  0.853650 seconds (311.68 k allocations: 310.124 MiB)
755
  0.865240 seconds (306.43 k allocations: 305.289 MiB)
8252
  0.863844 seconds (285.21 k allocations: 285.182 MiB)
4507
  0.863083 seconds (276.06 k allocations: 276.627 MiB)
9507
  1.091993 seconds (266.95 k allocations: 266.704 MiB, 26.86% gc time)
5820
  0.772890 seconds (325.48 k allocations: 318.840 MiB)
7005
  0.783367 seconds (79.23 k allocations: 78.479 MiB)
5821
  0.856346 seconds (257.26 k allocations: 256.400 MiB)
2011
  0.971048 seconds (604.91 k allocations: 596.841 MiB)
3258
  0.928191 seconds (306.96 k allocations: 305.584 MiB)
756
  0.940256 seconds (337.35 k allocations: 338.566 MiB)
8253
  0.944488 seconds (358.61 k allocations: 357.879 MiB)
4508
  0.946850 seconds (422.58 k allocations: 419.305 MiB)
9508
  0.862690 seconds (554.57 k allocations: 549.278 MiB)
7006
  0.786866 seconds (451.86 k allocations: 448.335 MiB)
5822
  0.864507 seconds (554.57 k allocations: 549.278 MiB)
2012
  0.868134 seconds (492.28 k allocations: 485.383 MiB)
3259
  0.852805 seconds (344.60 k allocations: 342.854 MiB)
757
  0.860005 seconds (349.31 k allocations: 347.542 MiB)
8254
  0.873682 seconds (409.87 k allocations: 405.722 MiB)
4509
  0.877049 seconds (500.52 k allocations: 495.102 MiB)
9509
  0.783342 seconds (475.35 k allocations: 470.812 MiB)
5823
  0.863005 seconds (550.66 k allocations: 545.549 MiB)
7007
  1.174817 seconds (488.62 k allocations: 483.708 MiB, 12.04% gc time)
  1.098617 seconds (306.69 k allocations: 302.687 MiB, 12.87% gc time)
  1.080106 seconds (234.27 k allocations: 232.122 MiB, 13.09% gc time)
  1.064546 seconds (179.74 k allocations: 177.287 MiB, 13.28% gc time)
  1.045955 seconds (132.53 k allocations: 130.913 MiB, 13.52% gc time)
  1.015101 seconds (93.35 k allocations: 92.449 MiB, 13.93% gc time)
3260
758
9510
4510
8255
2013
  0.765790 seconds (501.38 k allocations: 488.409 MiB)
5824
  0.781909 seconds (88.06 k allocations: 89.383 MiB)
3261
  0.872814 seconds (167.81 k allocations: 169.573 MiB)
759
  0.877713 seconds (168.54 k allocations: 169.256 MiB)
8256
  0.877977 seconds (178.79 k allocations: 179.277 MiB)
2014
  0.888166 seconds (189.92 k allocations: 193.804 MiB)
9511
  0.948328 seconds (484.35 k allocations: 481.859 MiB)
7008
  0.926822 seconds (363.69 k allocations: 361.742 MiB)
4511
  0.786584 seconds (554.57 k allocations: 549.278 MiB)
5825
  0.866707 seconds (554.57 k allocations: 549.278 MiB)
3262
  0.748392 seconds (120.11 k allocations: 119.034 MiB)
4512
  0.858886 seconds (392.56 k allocations: 389.749 MiB)
8257
  0.856287 seconds (357.05 k allocations: 354.746 MiB)
9512
  0.871813 seconds (396.42 k allocations: 393.863 MiB)
2015
  0.853272 seconds (352.53 k allocations: 349.621 MiB)
760
  0.861083 seconds (386.74 k allocations: 383.773 MiB)
7009
  0.871108 seconds (554.57 k allocations: 549.278 MiB)
5826
  0.851999 seconds (516.12 k allocations: 511.055 MiB)
3263
  0.864349 seconds (522.25 k allocations: 517.127 MiB)
4513
  0.775290 seconds (196.89 k allocations: 195.166 MiB)
7010
  1.610490 seconds (329.24 k allocations: 325.718 MiB, 10.46% gc time)
  1.608631 seconds (323.20 k allocations: 319.908 MiB, 10.47% gc time)
  1.592391 seconds (273.73 k allocations: 271.310 MiB, 10.58% gc time)
  0.968646 seconds (108.92 k allocations: 108.834 MiB, 17.39% gc time)
  1.519153 seconds (188.14 k allocations: 187.300 MiB, 11.09% gc time)
8258
5827
9513
2016
761
  0.751438 seconds (479.07 k allocations: 467.022 MiB)
3264
  0.816820 seconds (235.66 k allocations: 235.526 MiB)
4514
  0.789642 seconds (84.29 k allocations: 87.197 MiB)
5828
  0.843423 seconds (247.03 k allocations: 248.028 MiB)
7011
  0.832814 seconds (198.72 k allocations: 199.560 MiB)
762
  0.925712 seconds (396.12 k allocations: 392.345 MiB)
8259
  0.927680 seconds (400.36 k allocations: 397.826 MiB)
9514
  0.936418 seconds (417.59 k allocations: 415.753 MiB)
2017
  0.863122 seconds (554.57 k allocations: 549.278 MiB)
3265
  0.787784 seconds (403.25 k allocations: 397.758 MiB)
5829
  0.864426 seconds (511.53 k allocations: 506.450 MiB)
4515
  0.868573 seconds (467.72 k allocations: 463.511 MiB)
  0.775282 seconds (248.06 k allocations: 247.967 MiB)
7012
8260
  0.865600 seconds (478.25 k allocations: 475.237 MiB)
763
  0.875607 seconds (478.58 k allocations: 475.127 MiB)
9515
  0.881360 seconds (487.57 k allocations: 483.942 MiB)
2018
  0.745757 seconds (530.68 k allocations: 524.985 MiB)
3266
  0.782184 seconds (554.57 k allocations: 549.278 MiB)
5830
  1.838151 seconds (511.53 k allocations: 502.584 MiB, 15.56% gc time)
  1.788171 seconds (342.12 k allocations: 339.235 MiB, 15.99% gc time)
  1.769126 seconds (307.62 k allocations: 303.783 MiB, 16.16% gc time)
  1.679285 seconds (174.26 k allocations: 172.200 MiB, 17.03% gc time)
  1.771008 seconds (307.79 k allocations: 304.050 MiB, 16.15% gc time)
  1.651579 seconds (149.48 k allocations: 147.318 MiB, 17.31% gc time)
  1.145677 seconds (70.42 k allocations: 69.137 MiB, 24.96% gc time)
7013
8261
9516
2019
3267
4516
764
  0.769137 seconds (532.24 k allocations: 517.992 MiB)
5831
  0.875025 seconds (98.48 k allocations: 101.804 MiB)
3268
  0.921735 seconds (149.55 k allocations: 147.198 MiB)
765
  0.933244 seconds (171.52 k allocations: 173.330 MiB)
  0.939242 seconds (192.75 k allocations: 195.889 MiB)
7014
  0.939065 seconds (190.87 k allocations: 197.105 MiB)
9517
2020
  0.933237 seconds (178.34 k allocations: 181.706 MiB)
  0.931991 seconds (182.60 k allocations: 187.033 MiB)
8262
4517
  0.785075 seconds (554.57 k allocations: 549.278 MiB)
5832
  0.864314 seconds (538.98 k allocations: 528.623 MiB)
3269
  0.860850 seconds (184.84 k allocations: 187.087 MiB)
  0.851918 seconds (141.38 k allocations: 141.999 MiB)
766
4518
  0.868886 seconds (188.75 k allocations: 191.254 MiB)
2021
  0.871098 seconds (208.71 k allocations: 209.343 MiB)
  0.878870 seconds (226.01 k allocations: 230.132 MiB)
9518
7015
  0.880535 seconds (255.26 k allocations: 256.723 MiB)
8263
  0.878090 seconds (554.57 k allocations: 549.278 MiB)
5833
  0.859611 seconds (502.31 k allocations: 494.254 MiB)
3270
  0.854216 seconds (247.46 k allocations: 247.021 MiB)
767
  0.858974 seconds (174.70 k allocations: 175.151 MiB)
2022
  0.861138 seconds (178.04 k allocations: 179.766 MiB)
9519
  0.863300 seconds (182.75 k allocations: 185.734 MiB)
4519
  0.867550 seconds (208.25 k allocations: 210.334 MiB)
7016
  0.870382 seconds (217.35 k allocations: 219.249 MiB)
8264
  1.031700 seconds (200.47 k allocations: 201.864 MiB, 22.02% gc time)
5834
  0.799142 seconds (385.02 k allocations: 377.033 MiB)
3271
  0.792339 seconds (79.22 k allocations: 78.479 MiB)
5835
  0.826739 seconds (137.80 k allocations: 140.871 MiB)
4520
  0.827633 seconds (138.37 k allocations: 141.612 MiB)
2023
  0.834255 seconds (157.19 k allocations: 162.288 MiB)
768
  0.829960 seconds (176.00 k allocations: 178.021 MiB)
8265
  0.843104 seconds (240.07 k allocations: 240.764 MiB)
7017
  0.946894 seconds (652.97 k allocations: 650.815 MiB)
9520
  0.771142 seconds (554.57 k allocations: 549.278 MiB)
3272
  0.785657 seconds (309.30 k allocations: 307.434 MiB)
5836
  0.767988 seconds (194.67 k allocations: 195.483 MiB)
4521
  0.771780 seconds (220.39 k allocations: 219.072 MiB)
7018
  0.863661 seconds (431.88 k allocations: 429.009 MiB)
2024
  0.875407 seconds (453.31 k allocations: 453.392 MiB)
769
  0.872111 seconds (437.30 k allocations: 435.843 MiB)
8266
  0.867307 seconds (554.57 k allocations: 549.278 MiB)
9521
  0.865116 seconds (554.57 k allocations: 549.278 MiB)
3273
  0.783072 seconds (372.95 k allocations: 371.405 MiB)
5837
  1.838142 seconds (494.97 k allocations: 489.592 MiB, 7.95% gc time)
  1.813897 seconds (465.91 k allocations: 460.557 MiB, 8.06% gc time)
  1.735779 seconds (243.47 k allocations: 240.959 MiB, 8.42% gc time)
  1.740350 seconds (252.95 k allocations: 251.274 MiB, 8.40% gc time)
  1.645131 seconds (149.50 k allocations: 147.369 MiB, 8.88% gc time)
  1.720221 seconds (228.77 k allocations: 225.928 MiB, 8.49% gc time)
  1.009674 seconds (27.16 k allocations: 26.373 MiB, 14.47% gc time)
770
4522
8267
7019
2025
9522
3274
  0.763581 seconds (526.96 k allocations: 512.836 MiB)
5838
  0.780631 seconds (79.22 k allocations: 78.479 MiB)
3275
  0.839905 seconds (161.85 k allocations: 165.098 MiB)
771
  0.841175 seconds (164.18 k allocations: 162.639 MiB)
7020
  0.856898 seconds (206.28 k allocations: 211.709 MiB)
8268
  0.927478 seconds (396.12 k allocations: 392.345 MiB)
2026
  0.929123 seconds (397.07 k allocations: 394.684 MiB)
4523
  0.934982 seconds (414.75 k allocations: 413.033 MiB)
9523
  0.784245 seconds (554.57 k allocations: 549.278 MiB)
5839
  0.858664 seconds (536.50 k allocations: 529.133 MiB)
3276
  0.873422 seconds (413.89 k allocations: 411.797 MiB)
7021
  0.868599 seconds (401.18 k allocations: 398.620 MiB)
  0.872341 seconds (404.58 k allocations: 403.164 MiB)
8269
772
  0.859437 seconds (279.81 k allocations: 279.837 MiB)
2027
  0.862406 seconds (289.17 k allocations: 288.969 MiB)
4524
  0.876887 seconds (355.29 k allocations: 353.679 MiB)
9524
  0.885237 seconds (554.57 k allocations: 549.278 MiB)
5840
  0.873056 seconds (554.57 k allocations: 549.278 MiB)
3277
  1.649381 seconds (481.93 k allocations: 472.824 MiB, 10.92% gc time)
  1.598026 seconds (220.97 k allocations: 220.424 MiB, 11.27% gc time)
  1.593168 seconds (201.42 k allocations: 200.495 MiB, 11.30% gc time)
  1.588270 seconds (188.12 k allocations: 186.692 MiB, 11.34% gc time)
  1.567185 seconds (150.21 k allocations: 149.229 MiB, 11.49% gc time)
  1.563517 seconds (149.73 k allocations: 147.828 MiB, 11.51% gc time)
  0.982480 seconds (70.66 k allocations: 69.649 MiB, 18.32% gc time)
7022
5841
8270
773
9525
4525
2028
  0.792965 seconds (532.46 k allocations: 518.263 MiB)
3278
  0.791683 seconds (93.98 k allocations: 96.269 MiB)
5842
  0.821939 seconds (129.97 k allocations: 128.472 MiB)
4526
  0.840312 seconds (170.27 k allocations: 170.892 MiB)
7023
  0.844931 seconds (183.50 k allocations: 185.012 MiB)
774
  0.916558 seconds (411.91 k allocations: 412.339 MiB)
9526
  0.924324 seconds (417.08 k allocations: 416.279 MiB)
8271
  0.928249 seconds (436.61 k allocations: 433.940 MiB)
2029
  0.863472 seconds (554.56 k allocations: 549.259 MiB)
3279
  0.783425 seconds (430.43 k allocations: 424.945 MiB)
5843
  0.852092 seconds (432.22 k allocations: 429.315 MiB)
4527
  0.866813 seconds (436.23 k allocations: 432.141 MiB)
7024
  0.870264 seconds (443.48 k allocations: 440.503 MiB)
775
  0.859361 seconds (434.78 k allocations: 431.782 MiB)
9527
  0.859180 seconds (419.37 k allocations: 417.240 MiB)
8272
  0.862839 seconds (440.49 k allocations: 437.655 MiB)
2030
  0.757191 seconds (484.05 k allocations: 480.378 MiB)
3280
  0.784215 seconds (520.73 k allocations: 515.345 MiB)
5844
  1.735321 seconds (467.95 k allocations: 461.990 MiB, 9.63% gc time)
  1.641909 seconds (192.56 k allocations: 190.447 MiB, 10.18% gc time)
  1.703324 seconds (386.03 k allocations: 379.771 MiB, 9.81% gc time)
  1.629195 seconds (160.84 k allocations: 158.948 MiB, 10.26% gc time)
  1.618601 seconds (149.23 k allocations: 146.653 MiB, 10.33% gc time)
  1.702644 seconds (385.77 k allocations: 379.541 MiB, 9.82% gc time)
  1.031587 seconds (46.87 k allocations: 45.135 MiB, 16.20% gc time)
776
2031
7025
8273
9528
4528
3281
  0.766823 seconds (521.94 k allocations: 508.054 MiB)
5845
  0.873410 seconds (79.22 k allocations: 78.479 MiB)
3282
  0.901552 seconds (201.77 k allocations: 204.508 MiB)
4529
  0.930578 seconds (216.77 k allocations: 216.618 MiB)
9529
  0.931314 seconds (226.29 k allocations: 223.511 MiB)
  0.934226 seconds (232.71 k allocations: 233.484 MiB)
  0.933253 seconds (231.81 k allocations: 231.645 MiB)
2032
777
7026
  0.936488 seconds (267.43 k allocations: 268.374 MiB)
8274
  0.784456 seconds (554.57 k allocations: 549.278 MiB)
5846
  0.739975 seconds (423.27 k allocations: 413.827 MiB)
4530
  0.775666 seconds (175.99 k allocations: 176.176 MiB)
7027
  0.863399 seconds (556.63 k allocations: 548.190 MiB)
3283
  0.857471 seconds (338.91 k allocations: 338.619 MiB)
9530
  0.859352 seconds (336.67 k allocations: 336.684 MiB)
2033
  0.869661 seconds (380.79 k allocations: 379.100 MiB)
8275
  0.862060 seconds (397.19 k allocations: 395.010 MiB)
778
  0.880049 seconds (554.57 k allocations: 549.278 MiB)
5847
  0.862074 seconds (554.57 k allocations: 549.278 MiB)
4531
  1.670225 seconds (496.79 k allocations: 491.326 MiB, 10.60% gc time)
  1.644554 seconds (427.88 k allocations: 421.300 MiB, 10.77% gc time)
  1.575469 seconds (187.65 k allocations: 184.920 MiB, 11.24% gc time)
  1.594858 seconds (224.53 k allocations: 221.422 MiB, 11.10% gc time)
  1.598711 seconds (234.60 k allocations: 232.338 MiB, 11.08% gc time)
  1.521486 seconds (149.57 k allocations: 147.357 MiB, 11.64% gc time)
  0.976701 seconds (70.45 k allocations: 69.062 MiB, 18.13% gc time)
7028
5848
8276
779
9531
2034
3284
  0.741653 seconds (519.62 k allocations: 505.843 MiB)
4532
  0.785383 seconds (91.23 k allocations: 96.081 MiB)
5849
  0.843259 seconds (169.62 k allocations: 172.527 MiB)
780
  0.840540 seconds (161.24 k allocations: 159.823 MiB)
7029
  0.929733 seconds (316.90 k allocations: 313.879 MiB)
9532
  0.930803 seconds (317.67 k allocations: 316.030 MiB)
  0.931035 seconds (319.36 k allocations: 319.043 MiB)
2035
3285
  0.937316 seconds (335.16 k allocations: 335.656 MiB)
8277
  0.771069 seconds (554.57 k allocations: 549.278 MiB)
4533
  0.786355 seconds (547.99 k allocations: 540.174 MiB)
5850
  0.871552 seconds (481.35 k allocations: 477.777 MiB)
781
  0.867114 seconds (476.50 k allocations: 473.358 MiB)
7030
  0.865162 seconds (320.85 k allocations: 318.890 MiB)
  0.867652 seconds (324.31 k allocations: 323.716 MiB)
  0.866691 seconds (322.99 k allocations: 323.144 MiB)
3286
9533
2036
  0.866810 seconds (337.13 k allocations: 337.526 MiB)
8278
  0.862343 seconds (554.57 k allocations: 549.278 MiB)
4534
  0.782702 seconds (554.57 k allocations: 549.278 MiB)
5851
  1.649299 seconds (466.23 k allocations: 462.087 MiB, 9.38% gc time)
  1.647157 seconds (466.01 k allocations: 460.659 MiB, 9.39% gc time)
  1.562241 seconds (155.52 k allocations: 154.136 MiB, 9.90% gc time)
  1.560393 seconds (153.12 k allocations: 151.816 MiB, 9.91% gc time)
  1.562368 seconds (155.91 k allocations: 154.540 MiB, 9.90% gc time)
  1.555697 seconds (149.72 k allocations: 147.659 MiB, 9.94% gc time)
  1.014031 seconds (70.64 k allocations: 69.519 MiB, 15.25% gc time)
782
7031
9534
4535
2037
3287
8279
  0.757041 seconds (537.66 k allocations: 523.292 MiB)
5852
  0.835283 seconds (84.32 k allocations: 87.016 MiB)
9535
  0.871013 seconds (130.75 k allocations: 129.219 MiB)
2038
  0.930559 seconds (234.21 k allocations: 233.305 MiB)
  0.933059 seconds (241.45 k allocations: 242.271 MiB)
  0.928698 seconds (235.66 k allocations: 234.784 MiB)
4536
7032
3288
  0.938254 seconds (258.30 k allocations: 264.345 MiB)
  0.932967 seconds (253.43 k allocations: 256.154 MiB)
783
8280
  0.785447 seconds (554.57 k allocations: 549.278 MiB)
5853
  0.867749 seconds (526.02 k allocations: 520.521 MiB)
9536
  0.790554 seconds (111.26 k allocations: 110.570 MiB)
8281
  0.869610 seconds (530.36 k allocations: 520.634 MiB)
2039
  0.855042 seconds (303.85 k allocations: 303.830 MiB)
4537
  0.856036 seconds (307.38 k allocations: 306.206 MiB)
7033
  0.866898 seconds (348.58 k allocations: 348.289 MiB)
  0.863131 seconds (342.84 k allocations: 340.335 MiB)
784
3289
  0.875476 seconds (554.57 k allocations: 549.278 MiB)
5854
  0.863971 seconds (476.91 k allocations: 472.088 MiB)
9537
  0.867792 seconds (431.53 k allocations: 425.989 MiB)
8282
  0.862231 seconds (388.10 k allocations: 381.769 MiB)
2040
  0.853477 seconds (207.98 k allocations: 209.619 MiB)
4538
  0.858903 seconds (212.54 k allocations: 211.733 MiB)
  0.860164 seconds (212.58 k allocations: 211.782 MiB)
3290
  0.871402 seconds (238.27 k allocations: 241.264 MiB)
7034
785
  0.969285 seconds (214.17 k allocations: 214.924 MiB, 17.13% gc time)
5855
  0.873362 seconds (370.19 k allocations: 362.821 MiB)
9538
  0.790056 seconds (8.41 k allocations: 9.489 MiB)
5856
  0.847467 seconds (147.26 k allocations: 149.903 MiB)
8283
  0.849297 seconds (152.63 k allocations: 155.246 MiB)
3291
  0.935884 seconds (416.05 k allocations: 414.873 MiB)
4539
  0.934090 seconds (377.38 k allocations: 376.866 MiB)
2041
  0.937642 seconds (384.15 k allocations: 383.549 MiB)
7035
  0.941272 seconds (408.43 k allocations: 406.997 MiB)
786
  0.784589 seconds (378.99 k allocations: 375.752 MiB)
5857
  0.753640 seconds (184.07 k allocations: 182.484 MiB)
4540
  0.871520 seconds (486.86 k allocations: 484.272 MiB)
9539
  0.865053 seconds (467.48 k allocations: 464.712 MiB)
8284
  0.865319 seconds (484.70 k allocations: 481.398 MiB)
3292
  0.860789 seconds (439.34 k allocations: 436.143 MiB)
2042
  0.854697 seconds (413.57 k allocations: 410.467 MiB)
787
  0.868687 seconds (437.16 k allocations: 435.699 MiB)
7036
  0.781428 seconds (554.57 k allocations: 549.278 MiB)
5858
  1.126231 seconds (311.19 k allocations: 308.438 MiB, 12.90% gc time)
  1.156819 seconds (389.82 k allocations: 386.119 MiB, 12.56% gc time)
  1.153373 seconds (379.04 k allocations: 374.577 MiB, 12.60% gc time)
  1.121514 seconds (307.74 k allocations: 303.918 MiB, 12.96% gc time)
  1.029246 seconds (102.82 k allocations: 102.510 MiB, 14.12% gc time)
  1.013266 seconds (70.45 k allocations: 69.197 MiB, 14.34% gc time)
  1.016959 seconds (72.77 k allocations: 72.655 MiB, 14.29% gc time)
4541
8285
7037
3293
9540
2043
788
  0.764511 seconds (523.76 k allocations: 509.815 MiB)
  0.775854 seconds (2.87 k allocations: 5.361 MiB)
  0.775419 seconds (1.45 k allocations: 4.162 MiB)
  0.866609 seconds (5.51 k allocations: 11.889 MiB)
  0.864623 seconds (3.52 k allocations: 8.748 MiB)
  0.875483 seconds (5.62 k allocations: 13.489 MiB)
  0.876771 seconds (5.19 k allocations: 14.474 MiB)
  0.877201 seconds (5.62 k allocations: 16.296 MiB)
5859
789
2044
3294
8286
4542
7038
9541
  0.830205 seconds (33.50 k allocations: 36.953 MiB)
3295
  0.856863 seconds (66.72 k allocations: 68.959 MiB)
5860
  0.865431 seconds (91.63 k allocations: 91.777 MiB)
9542
  0.917214 seconds (255.91 k allocations: 252.869 MiB)
8287
  0.931569 seconds (308.68 k allocations: 312.162 MiB)
4543
  0.929731 seconds (293.16 k allocations: 292.599 MiB)
7039
  0.943765 seconds (340.08 k allocations: 338.927 MiB)
2045
  0.925313 seconds (479.66 k allocations: 472.708 MiB)
790
  0.865938 seconds (477.46 k allocations: 472.624 MiB)
3296
  0.877542 seconds (450.09 k allocations: 446.530 MiB)
5861
  0.870514 seconds (424.44 k allocations: 419.448 MiB)
9543
  1.133846 seconds (259.29 k allocations: 256.117 MiB, 15.65% gc time)
  1.121764 seconds (223.23 k allocations: 220.382 MiB, 15.81% gc time)
  1.132803 seconds (256.00 k allocations: 252.943 MiB, 15.66% gc time)
  1.108248 seconds (198.94 k allocations: 195.860 MiB, 16.01% gc time)
  1.029105 seconds (141.37 k allocations: 139.865 MiB, 17.24% gc time)
2046
4544
7040
8288
791
  0.772725 seconds (448.03 k allocations: 437.321 MiB)
3297
  0.783219 seconds (265.36 k allocations: 262.706 MiB)
5862
  0.767610 seconds (128.69 k allocations: 132.134 MiB)
792
  0.777840 seconds (155.09 k allocations: 155.164 MiB)
4545
  0.889994 seconds (459.13 k allocations: 456.106 MiB)
9544
  0.877760 seconds (344.65 k allocations: 344.324 MiB)
2047
  0.876983 seconds (344.85 k allocations: 344.722 MiB)
8289
  0.877185 seconds (360.50 k allocations: 359.887 MiB)
7041
  0.783619 seconds (387.95 k allocations: 384.326 MiB)
5863
  0.867850 seconds (582.14 k allocations: 575.663 MiB)
3298
  0.863483 seconds (498.31 k allocations: 494.013 MiB)
793
  0.866928 seconds (484.37 k allocations: 480.872 MiB)
4546
  0.777667 seconds (186.77 k allocations: 186.905 MiB)
7042
  0.870120 seconds (454.47 k allocations: 450.622 MiB)
9545
  0.869237 seconds (421.40 k allocations: 417.981 MiB)
8290
  0.874315 seconds (432.62 k allocations: 431.355 MiB)
2048
  0.791468 seconds (514.08 k allocations: 509.099 MiB)
5864
  0.874534 seconds (554.57 k allocations: 549.278 MiB)
3299
  0.860337 seconds (436.43 k allocations: 433.369 MiB)
  0.783846 seconds (210.56 k allocations: 210.166 MiB)
4547
9546
  0.863785 seconds (454.80 k allocations: 451.143 MiB)
794
  0.869836 seconds (450.38 k allocations: 445.498 MiB)
7043
  0.865354 seconds (337.05 k allocations: 333.574 MiB)
2049
  1.928039 seconds (362.83 k allocations: 359.676 MiB, 21.02% gc time)
  1.177148 seconds (204.70 k allocations: 203.058 MiB, 34.43% gc time)
  1.299969 seconds (283.91 k allocations: 281.510 MiB, 31.18% gc time)
8291
5865
3300
  0.747735 seconds (361.98 k allocations: 353.744 MiB)
4548
  0.860766 seconds (219.39 k allocations: 218.726 MiB)
795
  0.850975 seconds (119.33 k allocations: 119.504 MiB)
5866
  0.970809 seconds (574.33 k allocations: 564.940 MiB)
9547
  0.933539 seconds (351.78 k allocations: 349.714 MiB)
7044
  0.936864 seconds (343.20 k allocations: 342.918 MiB)
2050
  0.934570 seconds (346.93 k allocations: 345.485 MiB)
  0.929808 seconds (347.21 k allocations: 345.780 MiB)
8292
3301
  0.862756 seconds (554.57 k allocations: 549.278 MiB)
4549
  0.784741 seconds (431.38 k allocations: 425.879 MiB)
5867
  0.774638 seconds (322.71 k allocations: 317.799 MiB)
9548
  0.777674 seconds (257.32 k allocations: 255.435 MiB)
7045
  0.868708 seconds (615.86 k allocations: 609.347 MiB)
796
  0.863849 seconds (396.12 k allocations: 392.345 MiB)
8293
  0.872467 seconds (410.90 k allocations: 410.359 MiB)
  0.865852 seconds (399.83 k allocations: 398.706 MiB)
2051
3302
  0.858801 seconds (554.57 k allocations: 549.278 MiB)
4550
  0.868426 seconds (418.68 k allocations: 414.952 MiB)
5868
  0.867164 seconds (404.56 k allocations: 401.638 MiB)
9549
  0.862488 seconds (387.37 k allocations: 385.404 MiB)
797
  0.875420 seconds (426.12 k allocations: 422.688 MiB)
7046
  2.048889 seconds (333.44 k allocations: 331.130 MiB, 17.89% gc time)
  2.028793 seconds (299.14 k allocations: 295.867 MiB, 18.07% gc time)
  2.033951 seconds (301.91 k allocations: 299.726 MiB, 18.02% gc time)
  1.375381 seconds (220.19 k allocations: 217.717 MiB, 26.65% gc time)
  1.239649 seconds (11.13 k allocations: 10.826 MiB, 29.57% gc time)
3303
2052
9550
8294
4551
  0.761461 seconds (453.50 k allocations: 442.567 MiB)
5869
  0.827398 seconds (317.20 k allocations: 313.534 MiB)
798
  0.833267 seconds (158.45 k allocations: 156.945 MiB)
4552
  0.873295 seconds (293.60 k allocations: 293.833 MiB)
7047
  0.931338 seconds (318.33 k allocations: 316.469 MiB)
  0.932090 seconds (319.04 k allocations: 317.237 MiB)
8295
9551
  0.937095 seconds (327.84 k allocations: 329.664 MiB)
  0.934620 seconds (327.08 k allocations: 327.734 MiB)
2053
3304
  0.783351 seconds (554.57 k allocations: 549.278 MiB)
5870
  0.776641 seconds (396.12 k allocations: 392.345 MiB)
7048
  0.858620 seconds (566.63 k allocations: 560.817 MiB)
799
  0.861706 seconds (555.12 k allocations: 549.795 MiB)
4553
  0.774129 seconds (249.87 k allocations: 248.513 MiB)
2054
  0.859548 seconds (402.10 k allocations: 401.740 MiB)
8296
  0.864068 seconds (406.22 k allocations: 403.437 MiB)
3305
  0.873393 seconds (424.05 k allocations: 421.924 MiB)
9552
  0.876261 seconds (554.57 k allocations: 549.278 MiB)
5871
  0.868656 seconds (493.90 k allocations: 489.787 MiB)
7049
  0.856481 seconds (469.64 k allocations: 463.912 MiB)
800
  0.863237 seconds (437.29 k allocations: 433.165 MiB)
4554
  0.872837 seconds (467.25 k allocations: 463.267 MiB)
2055
  0.865132 seconds (328.53 k allocations: 327.676 MiB)
3306
  0.867380 seconds (333.89 k allocations: 331.776 MiB)
  0.867728 seconds (336.18 k allocations: 334.394 MiB)
9553
8297
  1.084130 seconds (168.50 k allocations: 168.186 MiB, 14.78% gc time)
  1.296224 seconds (317.58 k allocations: 316.387 MiB, 12.36% gc time)
  1.013519 seconds (70.25 k allocations: 70.186 MiB, 15.81% gc time)
7050
801
5872
  0.796008 seconds (426.57 k allocations: 416.805 MiB)
4555
  0.785216 seconds (87.19 k allocations: 87.319 MiB)
5873
  0.832506 seconds (183.74 k allocations: 186.057 MiB)
9554
  0.834898 seconds (181.32 k allocations: 180.265 MiB)
802
  0.876167 seconds (293.32 k allocations: 290.097 MiB)
7051
  0.947616 seconds (517.18 k allocations: 513.075 MiB)
2056
  0.935931 seconds (425.31 k allocations: 425.365 MiB)
3307
  0.942569 seconds (452.89 k allocations: 451.993 MiB)
8298
  0.774458 seconds (417.78 k allocations: 412.860 MiB)
5874
  0.860175 seconds (571.26 k allocations: 566.676 MiB)
4556
  0.859022 seconds (509.72 k allocations: 504.926 MiB)
9555
  0.867496 seconds (490.71 k allocations: 484.090 MiB)
803
  0.867613 seconds (413.20 k allocations: 408.497 MiB)
7052
  0.875632 seconds (420.40 k allocations: 416.796 MiB)
2057
  0.865603 seconds (403.17 k allocations: 400.517 MiB)
3308
  0.868914 seconds (426.15 k allocations: 422.700 MiB)
8299
  0.771434 seconds (495.67 k allocations: 491.491 MiB)
5875
  0.769307 seconds (487.94 k allocations: 484.288 MiB)
4557
  1.214678 seconds (510.70 k allocations: 503.429 MiB, 18.28% gc time)
  1.140505 seconds (309.76 k allocations: 302.976 MiB, 19.46% gc time)
  1.176728 seconds (425.61 k allocations: 419.336 MiB, 18.86% gc time)
  1.094960 seconds (153.26 k allocations: 150.738 MiB, 20.27% gc time)
  1.098574 seconds (160.39 k allocations: 158.912 MiB, 20.21% gc time)
  1.086758 seconds (145.60 k allocations: 142.474 MiB, 20.43% gc time)
804
3309
7053
9556
2058
8300
  0.753951 seconds (444.98 k allocations: 433.192 MiB)
5876
  0.863042 seconds (520.73 k allocations: 508.310 MiB)
4558
  0.862989 seconds (158.45 k allocations: 156.946 MiB)
3310
  0.876768 seconds (173.44 k allocations: 173.939 MiB)
8301
  0.882622 seconds (186.15 k allocations: 191.206 MiB)
  0.879629 seconds (184.51 k allocations: 185.999 MiB)
805
7054
  0.880413 seconds (193.80 k allocations: 196.487 MiB)
2059
  0.932078 seconds (514.24 k allocations: 505.791 MiB)
9557
  0.778111 seconds (554.57 k allocations: 549.278 MiB)
5877
  0.860814 seconds (554.57 k allocations: 549.278 MiB)
4559
  0.849919 seconds (284.02 k allocations: 284.666 MiB)
3311
  0.850411 seconds (248.96 k allocations: 249.884 MiB)
8302
  0.852528 seconds (251.51 k allocations: 251.307 MiB)
7055
  0.860069 seconds (279.71 k allocations: 279.743 MiB)
806
  0.877860 seconds (368.82 k allocations: 365.202 MiB)
2060
  0.875060 seconds (426.42 k allocations: 421.737 MiB)
9558
  0.869002 seconds (554.57 k allocations: 549.278 MiB)
5878
  0.851119 seconds (554.57 k allocations: 549.278 MiB)
4560
  0.852484 seconds (409.67 k allocations: 404.916 MiB)
3312
  0.872779 seconds (347.89 k allocations: 344.545 MiB)
7056
  0.868302 seconds (320.81 k allocations: 318.849 MiB)
8303
  0.849007 seconds (259.09 k allocations: 258.751 MiB)
  1.767310 seconds (277.10 k allocations: 277.302 MiB, 9.28% gc time)
  1.747107 seconds (257.53 k allocations: 256.215 MiB, 9.39% gc time)
  1.025853 seconds (99.09 k allocations: 99.282 MiB, 15.99% gc time)
  1.206462 seconds (178.56 k allocations: 177.982 MiB, 13.59% gc time)
9559
807
4561
2061
5879
  0.751510 seconds (491.96 k allocations: 479.423 MiB)
3313
  0.777964 seconds (106.19 k allocations: 109.161 MiB)
5880
  0.841891 seconds (158.45 k allocations: 156.946 MiB)
808
  0.871298 seconds (197.53 k allocations: 195.769 MiB)
4562
  0.921563 seconds (347.18 k allocations: 347.751 MiB)
8304
  0.935217 seconds (390.04 k allocations: 391.415 MiB)
7057
  0.928317 seconds (356.80 k allocations: 354.921 MiB)
9560
  0.941194 seconds (422.43 k allocations: 419.158 MiB)
2062
  0.857387 seconds (554.57 k allocations: 549.278 MiB)
3314
  0.777709 seconds (511.53 k allocations: 506.865 MiB)
5881
  0.769995 seconds (405.94 k allocations: 400.101 MiB)
4563
  0.869444 seconds (591.26 k allocations: 584.216 MiB)
809
  0.862985 seconds (364.45 k allocations: 361.842 MiB)
  0.876352 seconds (412.83 k allocations: 410.744 MiB)
7058
8305
  0.859858 seconds (354.97 k allocations: 354.391 MiB)
9561
  0.860604 seconds (394.91 k allocations: 392.825 MiB)
2063
  0.769941 seconds (508.66 k allocations: 503.917 MiB)
3315
  0.775763 seconds (516.31 k allocations: 511.438 MiB)
5882
  1.729224 seconds (545.05 k allocations: 538.954 MiB, 8.82% gc time)
  1.590749 seconds (196.28 k allocations: 194.364 MiB, 9.59% gc time)
  1.576635 seconds (160.53 k allocations: 158.946 MiB, 9.67% gc time)
  1.591528 seconds (198.43 k allocations: 196.538 MiB, 9.58% gc time)
  1.660883 seconds (466.39 k allocations: 461.263 MiB, 9.18% gc time)
  1.566271 seconds (149.54 k allocations: 147.486 MiB, 9.74% gc time)
  1.019018 seconds (43.31 k allocations: 41.908 MiB, 14.97% gc time)
7059
9562
4564
2064
810
8306
3316
  0.757870 seconds (523.29 k allocations: 509.396 MiB)
5883
  0.782799 seconds (82.52 k allocations: 82.855 MiB)
9563
  0.841230 seconds (158.45 k allocations: 156.946 MiB)
3317
  0.927266 seconds (243.32 k allocations: 245.708 MiB)
4565
  0.936579 seconds (253.69 k allocations: 253.378 MiB)
  0.934886 seconds (253.03 k allocations: 254.154 MiB)
811
8307
  0.937751 seconds (260.48 k allocations: 262.747 MiB)
2065
  0.939566 seconds (268.64 k allocations: 271.987 MiB)
7060
  0.776700 seconds (554.57 k allocations: 549.278 MiB)
5884
  0.865593 seconds (554.57 k allocations: 549.278 MiB)
9564
  0.861515 seconds (538.56 k allocations: 532.729 MiB)
3318
  0.855996 seconds (295.89 k allocations: 294.410 MiB)
4566
  0.862653 seconds (261.50 k allocations: 262.928 MiB)
812
  0.859113 seconds (257.64 k allocations: 256.998 MiB)
7061
  0.883624 seconds (331.13 k allocations: 329.990 MiB)
  0.885381 seconds (336.50 k allocations: 336.470 MiB)
2066
8308
  0.868240 seconds (554.40 k allocations: 548.733 MiB)
5885
  0.872107 seconds (537.10 k allocations: 531.137 MiB)
9565
  0.866834 seconds (527.92 k allocations: 521.128 MiB)
3319
  1.715664 seconds (228.83 k allocations: 229.423 MiB, 23.15% gc time)
  1.712652 seconds (217.51 k allocations: 217.335 MiB, 23.19% gc time)
  1.695256 seconds (175.00 k allocations: 174.271 MiB, 23.43% gc time)
  1.705297 seconds (195.69 k allocations: 195.355 MiB, 23.29% gc time)
  1.680006 seconds (162.58 k allocations: 161.317 MiB, 23.64% gc time)
  1.149826 seconds (83.90 k allocations: 83.853 MiB, 34.55% gc time)
4567
5886
7062
8309
2067
813
  0.864143 seconds (511.18 k allocations: 497.790 MiB)
9566
  0.836484 seconds (131.98 k allocations: 132.630 MiB)
4568
  0.855654 seconds (167.09 k allocations: 167.658 MiB)
5887
  0.938579 seconds (355.20 k allocations: 353.987 MiB)
3320
  0.935632 seconds (321.13 k allocations: 317.922 MiB)
7063
  0.949313 seconds (349.85 k allocations: 348.068 MiB)
8310
  1.209418 seconds (479.13 k allocations: 475.659 MiB)
2068
  1.500134 seconds (554.57 k allocations: 549.278 MiB)
814
  0.866600 seconds (440.99 k allocations: 436.516 MiB)
4569
  0.936701 seconds (553.71 k allocations: 547.082 MiB)
9567
  0.867489 seconds (316.90 k allocations: 313.879 MiB)
8311
  0.880149 seconds (328.06 k allocations: 327.212 MiB)
7064
  0.925402 seconds (438.81 k allocations: 435.849 MiB)
3321
  0.933561 seconds (466.85 k allocations: 465.353 MiB)
5888
  0.921825 seconds (554.57 k allocations: 549.278 MiB)
2069
  0.863359 seconds (554.57 k allocations: 549.278 MiB)
815
  0.865480 seconds (506.38 k allocations: 501.706 MiB)
4570
  0.775321 seconds (234.85 k allocations: 233.914 MiB)
7065
  0.785891 seconds (204.39 k allocations: 203.743 MiB)
5889
  0.909339 seconds (536.09 k allocations: 533.193 MiB)
9568
  0.858648 seconds (332.54 k allocations: 331.671 MiB)
8312
  0.864803 seconds (339.20 k allocations: 337.037 MiB)
3322
  1.602593 seconds (461.45 k allocations: 455.239 MiB, 16.71% gc time)
  1.184180 seconds (165.71 k allocations: 159.794 MiB, 22.62% gc time)
  1.121531 seconds (52.28 k allocations: 50.026 MiB, 23.88% gc time)
  1.438082 seconds (382.70 k allocations: 377.264 MiB, 18.63% gc time)
9569
3323
2070
816
  0.776374 seconds (372.35 k allocations: 364.992 MiB)
4571
  0.848852 seconds (355.03 k allocations: 348.531 MiB)
5890
  0.875406 seconds (209.78 k allocations: 209.731 MiB)
  0.961988 seconds (431.40 k allocations: 425.656 MiB)
  0.937275 seconds (349.13 k allocations: 347.083 MiB)
  0.926529 seconds (183.00 k allocations: 187.040 MiB)
  0.920173 seconds (161.34 k allocations: 165.245 MiB)
  0.930940 seconds (168.75 k allocations: 174.941 MiB)
3324
7066
8313
817
2071
9570
  0.765868 seconds (475.35 k allocations: 470.812 MiB)
5891
  0.869829 seconds (567.76 k allocations: 563.330 MiB)
4572
  0.783317 seconds (158.45 k allocations: 156.946 MiB)
9571
  0.819015 seconds (200.27 k allocations: 199.613 MiB)
8314
  0.864411 seconds (340.47 k allocations: 340.122 MiB)
2072
  0.861711 seconds (307.27 k allocations: 306.090 MiB)
818
  0.929525 seconds (463.85 k allocations: 459.803 MiB)
3325
  0.935891 seconds (478.51 k allocations: 475.272 MiB)
7067
  0.865162 seconds (485.52 k allocations: 481.778 MiB)
5892
  0.873615 seconds (497.94 k allocations: 493.863 MiB)
4573
  0.868160 seconds (510.62 k allocations: 504.349 MiB)
9572
  0.872920 seconds (440.83 k allocations: 436.350 MiB)
8315
  0.783213 seconds (240.24 k allocations: 238.068 MiB)
7068
  0.873189 seconds (432.50 k allocations: 430.023 MiB)
2073
  1.658299 seconds (417.53 k allocations: 413.037 MiB, 24.22% gc time)
  1.279659 seconds (140.98 k allocations: 142.033 MiB, 31.39% gc time)
  1.299919 seconds (165.78 k allocations: 166.957 MiB, 30.90% gc time)
  1.615646 seconds (308.66 k allocations: 308.989 MiB, 24.86% gc time)
819
5893
3326
4574
  0.867754 seconds (462.20 k allocations: 450.950 MiB)
9573
  0.876089 seconds (269.32 k allocations: 266.517 MiB)
  0.847190 seconds (116.76 k allocations: 119.394 MiB)
8316
2074
  0.843341 seconds (103.69 k allocations: 107.204 MiB)
820
  0.928256 seconds (337.38 k allocations: 337.152 MiB)
5894
  0.918074 seconds (320.95 k allocations: 319.191 MiB)
4575
  0.934812 seconds (347.26 k allocations: 347.023 MiB)
  0.956810 seconds (407.79 k allocations: 411.226 MiB)
3327
7069
  0.869646 seconds (546.53 k allocations: 538.732 MiB)
9574
  0.748883 seconds (88.19 k allocations: 89.492 MiB)
5895
  0.864119 seconds (431.46 k allocations: 428.827 MiB)
8317
  0.870935 seconds (463.41 k allocations: 459.599 MiB)
  0.771863 seconds (146.43 k allocations: 146.394 MiB)
2075
4576
  0.872648 seconds (537.80 k allocations: 533.563 MiB)
821
  0.872295 seconds (452.53 k allocations: 448.960 MiB)
3328
  0.887194 seconds (502.10 k allocations: 497.843 MiB)
7070
  0.791181 seconds (369.26 k allocations: 363.560 MiB)
5896
  0.872848 seconds (517.75 k allocations: 509.756 MiB)
9575
  1.333592 seconds (303.45 k allocations: 302.243 MiB, 23.93% gc time)
  1.330073 seconds (296.38 k allocations: 294.249 MiB, 23.99% gc time)
  1.307875 seconds (242.40 k allocations: 239.910 MiB, 24.40% gc time)
  1.236965 seconds (126.50 k allocations: 125.256 MiB, 25.80% gc time)
  1.189557 seconds (91.36 k allocations: 90.476 MiB, 26.83% gc time)
  1.296663 seconds (223.47 k allocations: 220.846 MiB, 24.61% gc time)
8318
4577
3329
7071
822
2076
  0.776836 seconds (496.57 k allocations: 483.757 MiB)
5897
  0.780803 seconds (87.38 k allocations: 88.711 MiB)
7072
  0.835024 seconds (147.82 k allocations: 147.997 MiB)
3330
  0.838981 seconds (165.73 k allocations: 164.120 MiB)
  0.844889 seconds (173.16 k allocations: 174.059 MiB)
8319
2077
  0.925913 seconds (509.59 k allocations: 505.846 MiB)
9576
  0.925314 seconds (438.45 k allocations: 434.284 MiB)
  0.932580 seconds (447.75 k allocations: 445.626 MiB)
823
4578
  0.776620 seconds (554.57 k allocations: 549.278 MiB)
5898
  0.867671 seconds (517.82 k allocations: 509.823 MiB)
7073
  0.772503 seconds (181.62 k allocations: 180.360 MiB)
9577
  0.865428 seconds (425.32 k allocations: 422.944 MiB)
3331
  0.867497 seconds (432.83 k allocations: 428.914 MiB)
8320
  0.872666 seconds (463.87 k allocations: 458.811 MiB)
2078
  0.859777 seconds (461.38 k allocations: 456.218 MiB)
824
  0.862260 seconds (472.36 k allocations: 468.166 MiB)
4579
  0.871713 seconds (554.57 k allocations: 549.278 MiB)
5899
  0.868411 seconds (417.01 k allocations: 411.915 MiB)
7074
  0.867599 seconds (373.11 k allocations: 370.125 MiB)
9578
  0.862145 seconds (342.67 k allocations: 341.192 MiB)
3332
  0.858806 seconds (350.00 k allocations: 346.976 MiB)
8321
  0.858629 seconds (338.18 k allocations: 334.456 MiB)
2079
  0.850394 seconds (275.69 k allocations: 273.636 MiB)
4580
  0.859779 seconds (286.42 k allocations: 286.547 MiB)
825
  1.098603 seconds (9.80 k allocations: 9.393 MiB, 21.20% gc time)
  1.405277 seconds (257.19 k allocations: 257.346 MiB, 16.57% gc time)
9579
5900
  0.797612 seconds (410.53 k allocations: 401.434 MiB)
7075
  0.782018 seconds (79.22 k allocations: 78.479 MiB)
9580
  0.858247 seconds (272.19 k allocations: 271.896 MiB)
3333
  0.844070 seconds (184.78 k allocations: 183.586 MiB)
5901
  0.935816 seconds (388.19 k allocations: 388.218 MiB)
8322
  0.932405 seconds (354.38 k allocations: 354.842 MiB)
4581
  0.951219 seconds (403.91 k allocations: 404.875 MiB)
2080
  0.950141 seconds (410.94 k allocations: 410.597 MiB)
826
  0.777818 seconds (554.57 k allocations: 549.278 MiB)
7076
  0.774867 seconds (426.41 k allocations: 422.551 MiB)
3334
  0.777361 seconds (430.88 k allocations: 427.039 MiB)
5902
  0.869246 seconds (630.38 k allocations: 623.063 MiB)
9581
  0.796404 seconds (374.26 k allocations: 371.236 MiB)
8323
  0.867830 seconds (432.36 k allocations: 429.483 MiB)
4582
  0.870326 seconds (424.70 k allocations: 422.350 MiB)
2081
  0.863574 seconds (441.44 k allocations: 438.575 MiB)
827
  0.870553 seconds (554.57 k allocations: 549.278 MiB)
7077
  0.768643 seconds (380.09 k allocations: 377.008 MiB)
5903
  0.866342 seconds (548.33 k allocations: 542.093 MiB)
3335
  1.775701 seconds (410.53 k allocations: 406.348 MiB, 8.87% gc time)
  1.820678 seconds (460.32 k allocations: 455.213 MiB, 8.65% gc time)
  1.686075 seconds (201.20 k allocations: 199.266 MiB, 9.34% gc time)
  1.687040 seconds (202.58 k allocations: 200.585 MiB, 9.33% gc time)
  1.018407 seconds (17.37 k allocations: 16.728 MiB, 15.46% gc time)
  1.662537 seconds (173.65 k allocations: 171.995 MiB, 9.47% gc time)
8324
9582
2082
828
4583
7078
  0.754005 seconds (499.63 k allocations: 486.714 MiB)
5904
  0.840824 seconds (81.65 k allocations: 82.020 MiB)
829
  0.877484 seconds (132.98 k allocations: 131.343 MiB)
7079
  0.951025 seconds (350.47 k allocations: 349.486 MiB)
3336
  0.927634 seconds (220.87 k allocations: 220.754 MiB)
  0.930232 seconds (226.80 k allocations: 229.033 MiB)
4584
8325
  0.932143 seconds (252.56 k allocations: 252.725 MiB)
  0.935729 seconds (264.60 k allocations: 266.845 MiB)
9583
2083
  0.778199 seconds (554.57 k allocations: 549.278 MiB)
5905
  0.759191 seconds (82.64 k allocations: 84.179 MiB)
4585
  0.869364 seconds (549.32 k allocations: 544.254 MiB)
830
  0.875460 seconds (508.03 k allocations: 499.020 MiB)
7080
  0.862781 seconds (294.73 k allocations: 295.114 MiB)
3337
  0.856389 seconds (264.72 k allocations: 262.922 MiB)
  0.857894 seconds (275.11 k allocations: 274.248 MiB)
8326
9584
  0.873059 seconds (335.83 k allocations: 333.824 MiB)
2084
  0.869638 seconds (554.57 k allocations: 549.278 MiB)
5906
  0.865447 seconds (520.09 k allocations: 514.497 MiB)
4586
  0.862116 seconds (270.08 k allocations: 267.452 MiB)
831
  0.883748 seconds (358.08 k allocations: 354.324 MiB)
7081
  0.858423 seconds (191.41 k allocations: 192.557 MiB)
9585
  0.870184 seconds (218.43 k allocations: 221.102 MiB)
3338
  0.862775 seconds (196.43 k allocations: 199.009 MiB)
8327
  0.862278 seconds (208.82 k allocations: 211.081 MiB)
  1.101481 seconds (131.36 k allocations: 134.616 MiB, 27.72% gc time)
5907
2085
  0.780836 seconds (453.50 k allocations: 442.583 MiB)
4587
  0.782682 seconds (81.50 k allocations: 81.879 MiB)
5908
  0.841867 seconds (158.45 k allocations: 156.946 MiB)
2086
  0.859524 seconds (184.74 k allocations: 187.226 MiB)
7082
  0.858755 seconds (180.94 k allocations: 184.930 MiB)
8328
  0.936953 seconds (482.49 k allocations: 482.328 MiB)
  0.923878 seconds (413.30 k allocations: 413.084 MiB)
9586
832
  0.926341 seconds (418.61 k allocations: 417.939 MiB)
3339
  0.768782 seconds (475.35 k allocations: 470.812 MiB)
5909
  0.863630 seconds (564.04 k allocations: 559.776 MiB)
4588
  0.778709 seconds (398.70 k allocations: 396.040 MiB)
2087
  0.866467 seconds (475.35 k allocations: 470.812 MiB)
8329
  0.872363 seconds (479.13 k allocations: 477.085 MiB)
7083
  0.861268 seconds (397.56 k allocations: 393.718 MiB)
  0.854534 seconds (391.55 k allocations: 387.277 MiB)
833
3340
  0.873022 seconds (426.49 k allocations: 426.710 MiB)
9587
  0.777827 seconds (486.83 k allocations: 483.028 MiB)
5910
  1.226546 seconds (545.05 k allocations: 538.954 MiB, 11.24% gc time)
  1.157690 seconds (465.85 k allocations: 460.508 MiB, 11.91% gc time)
  1.065899 seconds (308.76 k allocations: 303.381 MiB, 12.94% gc time)
  0.996296 seconds (70.02 k allocations: 68.596 MiB, 13.84% gc time)
  1.061758 seconds (295.56 k allocations: 289.562 MiB, 12.99% gc time)
  1.004232 seconds (78.54 k allocations: 78.488 MiB, 13.73% gc time)
  1.005098 seconds (79.82 k allocations: 79.823 MiB, 13.72% gc time)
2088
8330
7084
834
9588
4589
3341
  0.747025 seconds (532.41 k allocations: 518.230 MiB)
5911
  0.778509 seconds (81.82 k allocations: 82.184 MiB)
835
  0.833080 seconds (157.28 k allocations: 154.601 MiB)
4590
  0.862616 seconds (198.04 k allocations: 202.369 MiB)
9589
  0.877499 seconds (233.58 k allocations: 234.148 MiB)
  0.874841 seconds (232.00 k allocations: 232.796 MiB)
8331
  0.876695 seconds (236.30 k allocations: 238.338 MiB)
3342
7085
  0.879896 seconds (250.42 k allocations: 253.342 MiB)
2089
  0.777709 seconds (554.57 k allocations: 549.278 MiB)
5912
  0.739203 seconds (81.78 k allocations: 82.145 MiB)
8332
  0.867131 seconds (589.11 k allocations: 581.919 MiB)
836
  0.862062 seconds (431.05 k allocations: 424.936 MiB)
4591
  0.872419 seconds (360.06 k allocations: 358.441 MiB)
9590
  0.860041 seconds (284.97 k allocations: 284.350 MiB)
7086
  0.869885 seconds (319.74 k allocations: 319.039 MiB)
3343
  0.883820 seconds (392.34 k allocations: 388.728 MiB)
2090
  0.869356 seconds (554.38 k allocations: 548.682 MiB)
5913
  0.878354 seconds (517.02 k allocations: 511.912 MiB)
8333
  0.855720 seconds (460.24 k allocations: 454.975 MiB)
837
  0.861196 seconds (344.74 k allocations: 340.323 MiB)
4592
  0.866965 seconds (239.74 k allocations: 240.040 MiB)
9591
  0.846286 seconds (187.65 k allocations: 189.179 MiB)
3344
  0.874518 seconds (227.81 k allocations: 230.272 MiB)
7087
  0.872586 seconds (219.86 k allocations: 221.637 MiB)
2091
  1.061296 seconds (302.92 k allocations: 299.898 MiB, 25.12% gc time)
5914
  0.777284 seconds (1 allocation: 12.688 KiB)
5915
  0.858896 seconds (294.43 k allocations: 291.756 MiB)
8334
  0.838675 seconds (137.93 k allocations: 139.771 MiB)
4593
  0.866354 seconds (247.40 k allocations: 247.141 MiB)
838
  0.957062 seconds (480.92 k allocations: 478.178 MiB)
9592
  0.926320 seconds (336.71 k allocations: 335.494 MiB)
2092
  0.933243 seconds (350.75 k allocations: 350.373 MiB)
7088
  0.948513 seconds (404.80 k allocations: 404.719 MiB)
3345
  0.778324 seconds (432.98 k allocations: 428.623 MiB)
5916
  0.775097 seconds (416.61 k allocations: 413.181 MiB)
8335
  0.774279 seconds (226.07 k allocations: 225.322 MiB)
9593
  0.871663 seconds (501.52 k allocations: 498.504 MiB)
4594
  0.861034 seconds (496.49 k allocations: 493.908 MiB)
839
  0.774714 seconds (242.66 k allocations: 241.822 MiB)
3346
  0.876692 seconds (498.96 k allocations: 495.854 MiB)
2093
  0.877136 seconds (494.56 k allocations: 491.841 MiB)
7089
  0.775714 seconds (478.84 k allocations: 475.378 MiB)
5917
  1.239558 seconds (545.11 k allocations: 539.007 MiB, 10.88% gc time)
  1.118279 seconds (281.22 k allocations: 279.529 MiB, 12.06% gc time)
  1.110662 seconds (254.04 k allocations: 252.277 MiB, 12.14% gc time)
  1.108673 seconds (251.40 k allocations: 248.499 MiB, 12.16% gc time)
  1.089335 seconds (228.52 k allocations: 225.409 MiB, 12.38% gc time)
  1.003966 seconds (73.63 k allocations: 73.149 MiB, 13.43% gc time)
  0.999443 seconds (70.44 k allocations: 69.078 MiB, 13.49% gc time)
4595
2094
840
8336
3347
7090
9594
  0.747995 seconds (524.46 k allocations: 510.530 MiB)
5918
  0.835372 seconds (79.22 k allocations: 78.479 MiB)
9595
  0.873097 seconds (125.24 k allocations: 127.617 MiB)
841
  0.880011 seconds (149.12 k allocations: 155.568 MiB)
7091
  0.874458 seconds (133.30 k allocations: 134.505 MiB)
3348
  0.880253 seconds (149.98 k allocations: 155.578 MiB)
  0.879802 seconds (150.79 k allocations: 154.280 MiB)
2095
4596
  0.932913 seconds (522.05 k allocations: 513.269 MiB)
8337
  0.778141 seconds (554.57 k allocations: 549.278 MiB)
5919
  0.795697 seconds (140.73 k allocations: 138.563 MiB)
7092
  0.867577 seconds (425.51 k allocations: 420.066 MiB)
9596
  0.862053 seconds (287.63 k allocations: 286.933 MiB)
842
  0.860657 seconds (274.21 k allocations: 273.040 MiB)
3349
  0.865729 seconds (303.59 k allocations: 302.567 MiB)
4597
  0.875856 seconds (351.55 k allocations: 349.915 MiB)
2096
  0.858740 seconds (486.08 k allocations: 478.866 MiB)
8338
  0.870715 seconds (554.57 k allocations: 549.278 MiB)
5920
  0.878751 seconds (480.59 k allocations: 472.811 MiB)
7093
  0.861272 seconds (339.95 k allocations: 336.969 MiB)
9597
  0.854937 seconds (249.16 k allocations: 248.855 MiB)
843
  0.856973 seconds (229.91 k allocations: 230.651 MiB)
3350
  0.864981 seconds (228.44 k allocations: 229.422 MiB)
4598
  0.870702 seconds (237.62 k allocations: 238.439 MiB)
2097
  0.859692 seconds (255.75 k allocations: 255.967 MiB)
8339
  1.092407 seconds (307.69 k allocations: 304.465 MiB, 27.22% gc time)
5921
  0.860285 seconds (276.16 k allocations: 272.835 MiB)
9598
  0.778234 seconds (7.89 k allocations: 8.987 MiB)
5922
  0.864978 seconds (204.25 k allocations: 204.426 MiB)
7094
  0.872611 seconds (225.68 k allocations: 225.166 MiB)
3351
  0.863699 seconds (204.26 k allocations: 204.878 MiB)
844
  0.922788 seconds (419.44 k allocations: 415.885 MiB)
8340
  0.969078 seconds (542.37 k allocations: 539.821 MiB)
4599
  0.940028 seconds (441.71 k allocations: 440.056 MiB)
2098
  0.777022 seconds (399.55 k allocations: 393.988 MiB)
5923
  0.865458 seconds (479.66 k allocations: 473.318 MiB)
9599
  0.857545 seconds (377.02 k allocations: 375.289 MiB)
7095
  0.871625 seconds (415.18 k allocations: 410.787 MiB)
3352
  0.875892 seconds (424.38 k allocations: 421.027 MiB)
845
  0.866074 seconds (389.82 k allocations: 386.317 MiB)
8341
  0.867461 seconds (397.82 k allocations: 394.178 MiB)
  0.867660 seconds (398.26 k allocations: 394.638 MiB)
2099
4600
  0.769182 seconds (554.57 k allocations: 549.278 MiB)
5924
  1.238116 seconds (392.81 k allocations: 387.757 MiB, 19.92% gc time)
  1.260853 seconds (467.84 k allocations: 460.769 MiB, 19.56% gc time)
  1.202524 seconds (311.09 k allocations: 306.863 MiB, 20.51% gc time)
  1.196553 seconds (294.64 k allocations: 287.078 MiB, 20.61% gc time)
  1.116574 seconds (70.06 k allocations: 68.544 MiB, 22.08% gc time)
  1.124397 seconds (75.63 k allocations: 75.326 MiB, 21.93% gc time)
  1.123886 seconds (75.23 k allocations: 75.034 MiB, 21.94% gc time)
7096
3353
9600
4601
846
8342
2100
  0.747905 seconds (515.40 k allocations: 501.800 MiB)
5925
  0.831128 seconds (79.89 k allocations: 80.332 MiB)
847
  0.832378 seconds (80.81 k allocations: 81.428 MiB)
3354
  0.875582 seconds (184.56 k allocations: 182.142 MiB)
8343
  0.878733 seconds (200.50 k allocations: 198.811 MiB)
  0.878426 seconds (202.05 k allocations: 200.851 MiB)
2101
4602
  0.926277 seconds (416.58 k allocations: 412.130 MiB)
9601
  0.931907 seconds (447.01 k allocations: 441.447 MiB)
7097
  0.777436 seconds (554.57 k allocations: 549.278 MiB)
5926
  0.863840 seconds (423.68 k allocations: 418.299 MiB)
3355
  0.863529 seconds (361.36 k allocations: 358.878 MiB)
848
  0.868793 seconds (273.25 k allocations: 270.697 MiB)
4603
  0.869594 seconds (269.19 k allocations: 267.019 MiB)
2102
  0.878973 seconds (295.28 k allocations: 294.624 MiB)
8344
  0.860604 seconds (286.96 k allocations: 284.417 MiB)
  0.876317 seconds (310.56 k allocations: 309.604 MiB)
7098
9602
  0.875447 seconds (554.57 k allocations: 549.278 MiB)
5927
  0.872640 seconds (324.40 k allocations: 320.448 MiB)
3356
  0.860902 seconds (262.79 k allocations: 261.707 MiB)
8345
  0.868450 seconds (265.62 k allocations: 264.616 MiB)
4604
  0.864579 seconds (222.89 k allocations: 223.919 MiB)
  0.853901 seconds (195.13 k allocations: 197.033 MiB)
2103
849
  0.868718 seconds (200.75 k allocations: 203.139 MiB)
9603
  0.865251 seconds (207.06 k allocations: 209.397 MiB)
7099
  0.967224 seconds (284.37 k allocations: 282.139 MiB, 17.59% gc time)
5928
  0.793506 seconds (301.59 k allocations: 297.195 MiB)
3357
  0.779835 seconds (79.22 k allocations: 78.479 MiB)
5929
  0.838648 seconds (242.29 k allocations: 242.076 MiB)
8346
  0.959152 seconds (479.57 k allocations: 474.224 MiB)
9604
  0.938416 seconds (300.34 k allocations: 300.474 MiB)
2104
  0.935037 seconds (300.36 k allocations: 298.249 MiB)
850
  0.946666 seconds (321.96 k allocations: 324.026 MiB)
4605
  0.949359 seconds (341.02 k allocations: 342.477 MiB)
7100
  0.777389 seconds (418.33 k allocations: 414.830 MiB)
5930
  0.778786 seconds (418.87 k allocations: 415.537 MiB)
8347
  0.865423 seconds (592.79 k allocations: 587.278 MiB)
3358
  0.774042 seconds (437.08 k allocations: 431.133 MiB)
9605
  0.786585 seconds (311.94 k allocations: 309.143 MiB)
4606
  0.869264 seconds (447.52 k allocations: 445.209 MiB)
  0.858448 seconds (404.58 k allocations: 403.872 MiB)
2105
851
  0.869178 seconds (440.96 k allocations: 438.104 MiB)
7101
  0.772528 seconds (452.10 k allocations: 448.364 MiB)
5931
  1.282573 seconds (465.84 k allocations: 460.496 MiB, 14.42% gc time)
  1.288157 seconds (470.65 k allocations: 466.317 MiB, 14.36% gc time)
  1.195475 seconds (377.21 k allocations: 371.584 MiB, 15.47% gc time)
  1.140519 seconds (307.68 k allocations: 303.880 MiB, 16.21% gc time)
  1.072749 seconds (92.62 k allocations: 91.538 MiB, 17.24% gc time)
  1.070932 seconds (90.32 k allocations: 89.389 MiB, 17.27% gc time)
  1.053757 seconds (70.47 k allocations: 69.260 MiB, 17.55% gc time)
8348
9606
852
7102
4607
2106
3359
  0.755778 seconds (522.83 k allocations: 508.906 MiB)
5932
  0.783096 seconds (79.32 k allocations: 79.793 MiB)
853
  0.796117 seconds (91.55 k allocations: 91.697 MiB)
2107
  0.869610 seconds (225.55 k allocations: 222.587 MiB)
4608
  0.881952 seconds (249.82 k allocations: 247.246 MiB)
7103
  0.931706 seconds (355.52 k allocations: 353.469 MiB)
8349
  0.933414 seconds (360.87 k allocations: 358.804 MiB)
  0.930695 seconds (361.07 k allocations: 357.791 MiB)
9607
3360
  0.779899 seconds (554.57 k allocations: 549.278 MiB)
5933
  0.878321 seconds (492.87 k allocations: 488.808 MiB)
2108
  0.881577 seconds (483.39 k allocations: 477.080 MiB)
854
  0.879779 seconds (416.46 k allocations: 410.159 MiB)
4609
  0.870993 seconds (330.83 k allocations: 328.433 MiB)
7104
  0.853517 seconds (253.47 k allocations: 252.180 MiB)
3361
  0.869234 seconds (312.80 k allocations: 310.366 MiB)
  0.869952 seconds (313.04 k allocations: 310.585 MiB)
9608
8350
  0.871192 seconds (554.57 k allocations: 549.278 MiB)
5934
  0.764047 seconds (262.32 k allocations: 259.822 MiB)
7105
  0.863570 seconds (537.35 k allocations: 532.797 MiB)
2109
  0.860671 seconds (338.56 k allocations: 334.404 MiB)
4610
  0.861348 seconds (315.35 k allocations: 312.401 MiB)
  1.721171 seconds (216.98 k allocations: 215.965 MiB, 24.99% gc time)
  1.724571 seconds (220.51 k allocations: 221.797 MiB, 24.94% gc time)
  1.720802 seconds (217.01 k allocations: 215.998 MiB, 25.00% gc time)
  1.186487 seconds (138.44 k allocations: 138.451 MiB, 36.25% gc time)
855
3362
8351
5935
9609
  0.791041 seconds (451.10 k allocations: 440.270 MiB)
7106
  0.823537 seconds (117.77 k allocations: 120.256 MiB)
4611
  0.840214 seconds (137.98 k allocations: 141.030 MiB)
5936
  0.840629 seconds (133.35 k allocations: 133.136 MiB)
9610
  0.989900 seconds (656.12 k allocations: 645.841 MiB)
2110
  0.928962 seconds (333.36 k allocations: 331.059 MiB)
  0.929963 seconds (335.85 k allocations: 334.822 MiB)
8352
3363
  0.946967 seconds (385.02 k allocations: 387.046 MiB)
856
  0.871506 seconds (554.57 k allocations: 549.278 MiB)
7107
  0.777559 seconds (376.58 k allocations: 373.649 MiB)
5937
  0.864189 seconds (507.38 k allocations: 503.915 MiB)
4612
  0.759067 seconds (178.72 k allocations: 177.779 MiB)
857
  0.867429 seconds (513.69 k allocations: 510.367 MiB)
9611
  0.868841 seconds (466.10 k allocations: 462.988 MiB)
2111
  0.858021 seconds (413.78 k allocations: 410.674 MiB)
3364
  0.876270 seconds (453.64 k allocations: 452.692 MiB)
8353
  0.776012 seconds (475.35 k allocations: 470.812 MiB)
5938
  0.869904 seconds (565.34 k allocations: 559.584 MiB)
7108
  1.159064 seconds (364.85 k allocations: 362.406 MiB, 14.74% gc time)
  1.143145 seconds (329.80 k allocations: 327.650 MiB, 14.94% gc time)
  1.130415 seconds (319.32 k allocations: 316.382 MiB, 15.11% gc time)
  1.043734 seconds (85.54 k allocations: 85.930 MiB, 16.37% gc time)
  1.058910 seconds (123.40 k allocations: 123.398 MiB, 16.13% gc time)
  1.038979 seconds (82.00 k allocations: 81.375 MiB, 16.44% gc time)
858
3365
9612
8354
4613
2112
  0.755883 seconds (509.63 k allocations: 496.269 MiB)
5939
  0.777865 seconds (97.25 k allocations: 96.954 MiB)
4614
  0.870424 seconds (184.69 k allocations: 186.961 MiB)
3366
  0.865828 seconds (176.41 k allocations: 176.780 MiB)
  0.873778 seconds (187.74 k allocations: 191.981 MiB)
9613
  0.870441 seconds (181.90 k allocations: 184.826 MiB)
8355
2113
  0.874034 seconds (348.30 k allocations: 344.326 MiB)
859
  0.933848 seconds (490.06 k allocations: 488.768 MiB)
7109
  0.776708 seconds (554.57 k allocations: 549.278 MiB)
5940
  0.877014 seconds (554.57 k allocations: 549.278 MiB)
4615
  0.795729 seconds (229.82 k allocations: 227.695 MiB)
9614
  0.792957 seconds (249.45 k allocations: 245.465 MiB)
7110
  0.864070 seconds (391.21 k allocations: 386.231 MiB)
  0.867927 seconds (400.35 k allocations: 397.137 MiB)
2114
8356
  0.878322 seconds (439.47 k allocations: 438.916 MiB)
3367
  0.872332 seconds (551.65 k allocations: 545.255 MiB)
860
  0.869804 seconds (554.57 k allocations: 549.278 MiB)
5941
  0.862239 seconds (471.88 k allocations: 467.285 MiB)
4616
  0.873921 seconds (473.77 k allocations: 469.311 MiB)
9615
  0.856255 seconds (295.16 k allocations: 293.086 MiB)
8357
  0.868986 seconds (325.58 k allocations: 324.837 MiB)
7111
  0.872040 seconds (314.82 k allocations: 313.522 MiB)
2115
  0.881186 seconds (332.28 k allocations: 329.024 MiB)
3368
  1.570784 seconds (281.34 k allocations: 280.449 MiB, 18.95% gc time)
  1.092508 seconds (202.26 k allocations: 202.162 MiB, 27.25% gc time)
861
5942
  0.869700 seconds (387.25 k allocations: 379.229 MiB)
9616
  0.784382 seconds (2.20 k allocations: 3.548 MiB)
5943
  0.848226 seconds (165.33 k allocations: 165.977 MiB)
7112
  0.845348 seconds (175.94 k allocations: 173.891 MiB)
862
  0.868061 seconds (245.05 k allocations: 246.354 MiB)
2116
  0.948991 seconds (597.38 k allocations: 588.589 MiB)
4617
  0.945633 seconds (533.62 k allocations: 530.255 MiB)
8358
  0.924308 seconds (459.83 k allocations: 458.633 MiB)
3369
  0.774878 seconds (432.43 k allocations: 428.106 MiB)
5944
  0.777171 seconds (427.07 k allocations: 421.761 MiB)
9617
  0.780182 seconds (344.68 k allocations: 339.174 MiB)
2117
  0.747728 seconds (195.47 k allocations: 193.799 MiB)
3370
  0.867819 seconds (546.44 k allocations: 540.088 MiB)
  0.775352 seconds (251.78 k allocations: 251.744 MiB)
7113
8359
  0.872263 seconds (574.48 k allocations: 569.749 MiB)
863
  0.864172 seconds (567.71 k allocations: 560.627 MiB)
4618
  0.777087 seconds (487.46 k allocations: 483.628 MiB)
5945
  1.195378 seconds (375.03 k allocations: 369.293 MiB, 19.40% gc time)
  1.263967 seconds (540.15 k allocations: 532.836 MiB, 18.35% gc time)
  1.167140 seconds (260.58 k allocations: 257.105 MiB, 19.87% gc time)
  1.150096 seconds (190.44 k allocations: 187.294 MiB, 20.17% gc time)
  1.134255 seconds (132.30 k allocations: 130.543 MiB, 20.45% gc time)
  1.097491 seconds (70.35 k allocations: 69.077 MiB, 21.14% gc time)
  1.120167 seconds (98.51 k allocations: 97.411 MiB, 20.71% gc time)
4619
3371
7114
9618
8360
864
2118
  0.756909 seconds (523.87 k allocations: 509.946 MiB)
5946
  0.781100 seconds (80.35 k allocations: 80.777 MiB)
3372
  0.875792 seconds (168.06 k allocations: 172.251 MiB)
  0.872149 seconds (159.08 k allocations: 158.828 MiB)
4620
8361
  0.880513 seconds (177.68 k allocations: 184.333 MiB)
865
  0.877658 seconds (181.93 k allocations: 183.694 MiB)
  0.880768 seconds (184.22 k allocations: 187.882 MiB)
2119
7115
  0.932837 seconds (522.37 k allocations: 514.803 MiB)
9619
  0.769423 seconds (554.57 k allocations: 549.278 MiB)
5947
  0.865153 seconds (554.57 k allocations: 549.278 MiB)
3373
  0.860581 seconds (272.36 k allocations: 271.048 MiB)
4621
  0.865649 seconds (275.40 k allocations: 276.217 MiB)
8362
  0.860630 seconds (251.50 k allocations: 251.294 MiB)
2120
  0.865018 seconds (263.59 k allocations: 265.545 MiB)
866
  0.868499 seconds (315.90 k allocations: 314.541 MiB)
7116
  0.873089 seconds (531.61 k allocations: 524.857 MiB)
9620
  0.871348 seconds (554.57 k allocations: 549.278 MiB)
5948
  0.874360 seconds (551.60 k allocations: 545.010 MiB)
3374
  0.860332 seconds (264.47 k allocations: 264.727 MiB)
  0.854179 seconds (242.79 k allocations: 243.579 MiB)
867
4622
  0.856289 seconds (233.14 k allocations: 235.149 MiB)
8363
  0.865923 seconds (229.58 k allocations: 230.515 MiB)
2121
  0.867808 seconds (223.50 k allocations: 224.924 MiB)
7117
  0.864940 seconds (215.38 k allocations: 217.358 MiB)
9621
  0.975227 seconds (255.04 k allocations: 254.071 MiB, 18.08% gc time)
5949
  0.870698 seconds (335.67 k allocations: 329.868 MiB)
3375
  0.822036 seconds (64.03 k allocations: 63.930 MiB)
2122
  0.869716 seconds (186.94 k allocations: 187.858 MiB)
8364
  0.868494 seconds (194.42 k allocations: 191.581 MiB)
  0.873137 seconds (203.10 k allocations: 203.713 MiB)
7118
868
  0.850887 seconds (325.93 k allocations: 321.514 MiB)
5950
  0.937431 seconds (484.10 k allocations: 481.653 MiB)
4623
  0.950497 seconds (535.08 k allocations: 529.397 MiB)
9622
  0.862812 seconds (473.28 k allocations: 465.761 MiB)
3376
  0.860914 seconds (426.31 k allocations: 421.019 MiB)
2123
  0.774968 seconds (76.68 k allocations: 77.488 MiB)
4624
  0.787430 seconds (125.16 k allocations: 125.292 MiB)
5951
  0.771643 seconds (169.25 k allocations: 167.679 MiB)
9623
  0.865756 seconds (448.86 k allocations: 444.262 MiB)
8365
  0.863755 seconds (457.03 k allocations: 452.260 MiB)
7119
  0.871204 seconds (511.90 k allocations: 506.207 MiB)
869
  0.776935 seconds (142.30 k allocations: 141.098 MiB)
5952
  0.871139 seconds (416.73 k allocations: 410.455 MiB)
3377
  0.863480 seconds (345.72 k allocations: 341.033 MiB)
2124
  1.063277 seconds (327.33 k allocations: 323.661 MiB, 13.88% gc time)
  1.027761 seconds (142.15 k allocations: 144.002 MiB, 14.36% gc time)
  1.023922 seconds (129.53 k allocations: 130.709 MiB, 14.42% gc time)
  1.018471 seconds (117.66 k allocations: 118.185 MiB, 14.50% gc time)
  1.012837 seconds (112.75 k allocations: 112.341 MiB, 14.58% gc time)
4625
9624
7120
870
8366
  0.756275 seconds (473.48 k allocations: 461.668 MiB)
5953
  0.784425 seconds (196.06 k allocations: 197.624 MiB)
3378
  0.790245 seconds (114.53 k allocations: 113.689 MiB)
  0.789861 seconds (115.30 k allocations: 114.952 MiB)
871
4626
  0.806138 seconds (175.19 k allocations: 174.586 MiB)
8367
  0.881816 seconds (466.86 k allocations: 463.725 MiB)
2125
  0.865429 seconds (400.94 k allocations: 395.942 MiB)
9625
  0.880534 seconds (439.05 k allocations: 436.285 MiB)
7121
  0.777371 seconds (554.57 k allocations: 549.278 MiB)
5954
  0.753721 seconds (450.48 k allocations: 445.385 MiB)
3379
  0.870221 seconds (429.15 k allocations: 426.399 MiB)
4627
  0.870516 seconds (403.74 k allocations: 398.212 MiB)
8368
  0.872040 seconds (406.17 k allocations: 401.967 MiB)
872
  0.860545 seconds (346.60 k allocations: 343.751 MiB)
2126
  0.859514 seconds (351.84 k allocations: 350.181 MiB)
9626
  0.870410 seconds (431.84 k allocations: 428.155 MiB)
7122
  0.868396 seconds (554.57 k allocations: 549.278 MiB)
5955
  0.863998 seconds (554.57 k allocations: 549.278 MiB)
3380
  0.868088 seconds (462.90 k allocations: 457.250 MiB)
4628
  0.858673 seconds (392.65 k allocations: 388.815 MiB)
8369
  0.852321 seconds (279.42 k allocations: 279.237 MiB)
2127
  0.866293 seconds (302.10 k allocations: 301.137 MiB)
9627
  0.860274 seconds (296.13 k allocations: 295.641 MiB)
873
  0.863193 seconds (326.13 k allocations: 324.539 MiB)
7123
  1.017985 seconds (26.98 k allocations: 25.833 MiB, 16.37% gc time)
  1.224412 seconds (278.09 k allocations: 275.931 MiB, 13.61% gc time)
  1.293294 seconds (357.38 k allocations: 354.483 MiB, 12.88% gc time)
2128
3381
5956
  0.759596 seconds (389.01 k allocations: 380.848 MiB)
4629
  0.845586 seconds (296.88 k allocations: 294.101 MiB)
8370
  0.870046 seconds (237.92 k allocations: 236.653 MiB)
7124
  0.850424 seconds (177.54 k allocations: 176.641 MiB)
5957
  0.870613 seconds (220.69 k allocations: 220.590 MiB)
3382
  0.875142 seconds (235.10 k allocations: 235.803 MiB)
2129
  0.930811 seconds (450.62 k allocations: 447.160 MiB)
874
  0.957684 seconds (552.20 k allocations: 549.454 MiB)
9628
  0.781302 seconds (554.57 k allocations: 549.278 MiB)
4630
  0.778862 seconds (294.23 k allocations: 290.552 MiB)
5958
  0.871485 seconds (572.19 k allocations: 564.711 MiB)
8371
  0.761056 seconds (179.04 k allocations: 176.845 MiB)
9629
  0.874987 seconds (507.03 k allocations: 502.330 MiB)
7125
  0.868828 seconds (433.94 k allocations: 428.494 MiB)
3383
  0.882092 seconds (468.07 k allocations: 463.793 MiB)
2130
  0.862487 seconds (436.25 k allocations: 433.549 MiB)
875
  0.873349 seconds (554.55 k allocations: 549.221 MiB)
4631
  0.775635 seconds (502.07 k allocations: 494.944 MiB)
5959
  1.982748 seconds (395.10 k allocations: 389.945 MiB, 19.62% gc time)
  1.959715 seconds (328.68 k allocations: 322.298 MiB, 19.85% gc time)
  1.908590 seconds (184.66 k allocations: 183.223 MiB, 20.39% gc time)
  2.001801 seconds (441.13 k allocations: 436.655 MiB, 19.44% gc time)
  1.897171 seconds (164.71 k allocations: 162.888 MiB, 20.51% gc time)
  1.259797 seconds (52.49 k allocations: 50.304 MiB, 30.88% gc time)
  1.879148 seconds (149.81 k allocations: 147.921 MiB, 20.70% gc time)
8372
7126
3384
2131
876
9630
4632
  0.760942 seconds (518.92 k allocations: 505.163 MiB)
5960
  0.836442 seconds (79.92 k allocations: 80.366 MiB)
2132
  0.842848 seconds (86.67 k allocations: 88.248 MiB)
877
  0.846517 seconds (93.59 k allocations: 98.743 MiB)
4633
  0.846684 seconds (96.34 k allocations: 100.378 MiB)
9631
  0.850894 seconds (112.30 k allocations: 117.067 MiB)
8373
  0.939080 seconds (446.87 k allocations: 441.109 MiB)
7127
  0.944501 seconds (451.25 k allocations: 447.970 MiB)
3385
  0.781468 seconds (554.57 k allocations: 549.278 MiB)
5961
  0.868003 seconds (298.74 k allocations: 298.745 MiB)
2133
  0.771277 seconds (89.74 k allocations: 89.965 MiB)
3386
  0.868650 seconds (290.37 k allocations: 289.783 MiB)
9632
  0.870119 seconds (295.29 k allocations: 295.746 MiB)
4634
  0.793922 seconds (146.42 k allocations: 149.737 MiB)
7128
  0.871537 seconds (314.88 k allocations: 314.813 MiB)
8374
  0.872838 seconds (481.25 k allocations: 475.449 MiB)
878
  0.874748 seconds (554.57 k allocations: 549.278 MiB)
5962
  0.879894 seconds (320.27 k allocations: 317.915 MiB)
2134
  0.872537 seconds (225.57 k allocations: 226.101 MiB)
3387
  0.868048 seconds (191.53 k allocations: 192.501 MiB)
  0.869884 seconds (193.73 k allocations: 194.792 MiB)
9633
7129
  0.859436 seconds (178.05 k allocations: 179.988 MiB)
8375
  0.883091 seconds (213.51 k allocations: 216.567 MiB)
4635
  0.862574 seconds (264.54 k allocations: 264.390 MiB)
879
  1.161205 seconds (364.89 k allocations: 359.180 MiB, 35.13% gc time)
5963
  0.765454 seconds (220.09 k allocations: 219.205 MiB)
2135
  0.832690 seconds (178.06 k allocations: 176.739 MiB)
4636
  0.859232 seconds (194.84 k allocations: 193.001 MiB)
3388
  0.841093 seconds (187.68 k allocations: 186.341 MiB)
5964
  0.951537 seconds (422.24 k allocations: 419.593 MiB)
  0.952629 seconds (426.05 k allocations: 423.313 MiB)
  0.943573 seconds (395.63 k allocations: 394.361 MiB)
7130
9634
8376
  0.935405 seconds (473.01 k allocations: 468.777 MiB)
880
  0.781640 seconds (554.57 k allocations: 549.278 MiB)
2136
  0.773309 seconds (423.16 k allocations: 419.448 MiB)
3389
  0.775626 seconds (341.79 k allocations: 337.497 MiB)
5965
  0.863903 seconds (614.54 k allocations: 608.082 MiB)
4637
  0.866195 seconds (363.68 k allocations: 359.872 MiB)
  0.867827 seconds (364.83 k allocations: 362.344 MiB)
9635
7131
  0.870381 seconds (371.95 k allocations: 370.644 MiB)
8377
  0.865599 seconds (452.06 k allocations: 447.510 MiB)
881
  0.871062 seconds (554.57 k allocations: 549.278 MiB)
2137
  0.775504 seconds (414.95 k allocations: 410.364 MiB)
5966
  0.862622 seconds (537.32 k allocations: 531.335 MiB)
3390
  1.771431 seconds (485.31 k allocations: 480.552 MiB, 8.46% gc time)
  1.659078 seconds (219.21 k allocations: 217.735 MiB, 9.03% gc time)
  1.654740 seconds (210.39 k allocations: 208.072 MiB, 9.05% gc time)
  1.660691 seconds (223.64 k allocations: 221.952 MiB, 9.02% gc time)
  1.009268 seconds (84.30 k allocations: 82.332 MiB, 14.84% gc time)
  1.622328 seconds (169.47 k allocations: 168.149 MiB, 9.23% gc time)
8378
9636
4638
882
7132
2138
  0.760472 seconds (507.12 k allocations: 493.914 MiB)
5967
  0.788732 seconds (79.22 k allocations: 78.479 MiB)
2139
  0.849802 seconds (237.73 k allocations: 238.913 MiB)
3391
  0.843909 seconds (150.29 k allocations: 151.793 MiB)
883
  0.928953 seconds (318.77 k allocations: 316.888 MiB)
9637
  0.934056 seconds (323.48 k allocations: 324.044 MiB)
4639
  0.940469 seconds (334.71 k allocations: 336.233 MiB)
8379
  0.938755 seconds (335.04 k allocations: 335.523 MiB)
7133
  0.777448 seconds (554.57 k allocations: 549.278 MiB)
5968
  0.876976 seconds (475.61 k allocations: 470.864 MiB)
2140
  0.875822 seconds (445.02 k allocations: 441.790 MiB)
3392
  0.872961 seconds (478.99 k allocations: 474.497 MiB)
884
  0.855112 seconds (276.19 k allocations: 273.697 MiB)
4640
  0.860315 seconds (284.02 k allocations: 282.621 MiB)
7134
  0.866699 seconds (296.73 k allocations: 298.675 MiB)
9638
  0.853797 seconds (294.99 k allocations: 294.753 MiB)
8380
  0.827083 seconds (554.57 k allocations: 549.278 MiB)
5969
  0.868429 seconds (502.90 k allocations: 496.973 MiB)
2141
  0.871969 seconds (447.07 k allocations: 438.040 MiB)
3393
  1.720121 seconds (218.70 k allocations: 219.715 MiB, 26.80% gc time)
  1.699110 seconds (163.69 k allocations: 164.601 MiB, 27.13% gc time)
  1.713285 seconds (201.52 k allocations: 202.020 MiB, 26.90% gc time)
  1.689104 seconds (154.50 k allocations: 153.361 MiB, 27.29% gc time)
  1.694830 seconds (157.81 k allocations: 157.748 MiB, 27.20% gc time)
  1.223132 seconds (75.75 k allocations: 75.548 MiB, 37.68% gc time)
7135
8381
5970
9639
4641
885
  0.797379 seconds (517.80 k allocations: 504.130 MiB)
2142
  0.841769 seconds (85.71 k allocations: 87.132 MiB)
5971
  0.851321 seconds (100.84 k allocations: 100.583 MiB)
886
  0.925002 seconds (251.56 k allocations: 253.594 MiB)
8382
  0.924631 seconds (246.63 k allocations: 247.870 MiB)
4642
  0.934673 seconds (262.33 k allocations: 265.532 MiB)
9640
  0.930336 seconds (257.49 k allocations: 258.660 MiB)
  0.945611 seconds (304.29 k allocations: 311.306 MiB)
7136
3394
  0.872824 seconds (554.57 k allocations: 549.278 MiB)
2143
  0.783119 seconds (464.08 k allocations: 460.037 MiB)
5972
  0.776933 seconds (158.45 k allocations: 156.946 MiB)
  0.779137 seconds (158.68 k allocations: 157.538 MiB)
9641
3395
  0.874074 seconds (568.37 k allocations: 565.345 MiB)
887
  0.794878 seconds (206.54 k allocations: 208.477 MiB)
4643
  0.804435 seconds (239.76 k allocations: 245.376 MiB)
7137
  0.852663 seconds (534.78 k allocations: 530.344 MiB)
8383
  0.777045 seconds (475.35 k allocations: 470.812 MiB)
5973
  0.871913 seconds (568.74 k allocations: 562.842 MiB)
2144
  1.203391 seconds (198.60 k allocations: 199.260 MiB, 21.79% gc time)
  1.206240 seconds (209.96 k allocations: 211.321 MiB, 21.74% gc time)
  1.194747 seconds (161.48 k allocations: 161.067 MiB, 21.95% gc time)
  1.191401 seconds (151.97 k allocations: 149.505 MiB, 22.01% gc time)
  1.190259 seconds (150.58 k allocations: 148.316 MiB, 22.03% gc time)
  1.125564 seconds (86.04 k allocations: 85.474 MiB, 23.30% gc time)
9642
7138
888
8384
4644
3396
  0.797909 seconds (510.86 k allocations: 497.469 MiB)
5974
  0.877089 seconds (79.23 k allocations: 78.479 MiB)
8385
  0.878936 seconds (80.51 k allocations: 81.140 MiB)
7139
  0.933503 seconds (268.27 k allocations: 269.592 MiB)
2145
  0.924841 seconds (217.38 k allocations: 214.962 MiB)
3397
  0.928917 seconds (234.85 k allocations: 233.120 MiB)
4645
  0.935598 seconds (258.69 k allocations: 259.809 MiB)
  0.936017 seconds (264.98 k allocations: 265.974 MiB)
9643
889
  0.779932 seconds (554.57 k allocations: 549.278 MiB)
5975
  0.757212 seconds (414.62 k allocations: 405.560 MiB)
8386
  0.770706 seconds (217.84 k allocations: 217.456 MiB)
2146
  0.870743 seconds (555.57 k allocations: 544.517 MiB)
7140
  0.856600 seconds (308.46 k allocations: 307.033 MiB)
  0.862791 seconds (325.16 k allocations: 325.615 MiB)
4646
3398
  0.879533 seconds (393.00 k allocations: 390.796 MiB)
9644
  0.863055 seconds (393.98 k allocations: 391.926 MiB)
890
  0.779543 seconds (554.57 k allocations: 549.278 MiB)
5976
  0.870127 seconds (544.02 k allocations: 537.756 MiB)
8387
  0.870993 seconds (509.92 k allocations: 503.893 MiB)
2147
  1.747448 seconds (436.25 k allocations: 430.757 MiB, 23.75% gc time)
  1.706275 seconds (280.57 k allocations: 277.673 MiB, 24.33% gc time)
  1.679960 seconds (217.90 k allocations: 215.260 MiB, 24.71% gc time)
  1.678405 seconds (217.05 k allocations: 214.486 MiB, 24.73% gc time)
  1.171854 seconds (97.32 k allocations: 96.576 MiB, 35.42% gc time)
  1.621149 seconds (176.59 k allocations: 175.096 MiB, 25.60% gc time)
7141
4647
9645
3399
891
5977
  0.873871 seconds (495.40 k allocations: 482.681 MiB)
8388
  0.821372 seconds (92.91 k allocations: 96.484 MiB)
892
  0.819150 seconds (61.70 k allocations: 64.364 MiB)
3400
  0.871910 seconds (303.12 k allocations: 301.703 MiB)
2148
  0.848767 seconds (203.17 k allocations: 201.370 MiB)
5978
  0.927031 seconds (400.12 k allocations: 397.387 MiB)
4648
  0.933182 seconds (407.35 k allocations: 405.751 MiB)
7142
  0.937666 seconds (416.31 k allocations: 415.747 MiB)
9646
  0.776862 seconds (463.43 k allocations: 457.780 MiB)
8389
  0.787843 seconds (316.90 k allocations: 313.879 MiB)
5979
  0.865684 seconds (471.98 k allocations: 467.391 MiB)
893
  0.876785 seconds (492.59 k allocations: 487.317 MiB)
3401
  0.768755 seconds (253.61 k allocations: 250.866 MiB)
9647
  0.873029 seconds (512.65 k allocations: 508.148 MiB)
2149
  0.795172 seconds (305.86 k allocations: 304.918 MiB)
7143
  0.859840 seconds (551.96 k allocations: 546.756 MiB)
4649
  0.784759 seconds (423.48 k allocations: 418.322 MiB)
5980
  0.869201 seconds (557.46 k allocations: 553.470 MiB)
8390
  1.962258 seconds (242.85 k allocations: 238.952 MiB, 16.33% gc time)
  1.986613 seconds (310.07 k allocations: 307.133 MiB, 16.13% gc time)  2.023101 seconds (467.87 k allocations: 459.373 MiB, 15.84% gc time)

  1.972921 seconds (269.23 k allocations: 266.824 MiB, 16.24% gc time)
  1.922236 seconds (167.57 k allocations: 165.635 MiB, 16.67% gc time)
  1.901357 seconds (149.52 k allocations: 147.346 MiB, 16.85% gc time)
  1.188438 seconds (3.05 k allocations: 3.189 MiB, 26.96% gc time)
7144
9648
3402
2150
4650
8391
894
  0.804358 seconds (527.55 k allocations: 513.541 MiB)
5981
  0.833728 seconds (89.23 k allocations: 90.508 MiB)
4651
  0.842427 seconds (97.57 k allocations: 99.917 MiB)
  0.840218 seconds (93.05 k allocations: 95.603 MiB)
9649
3403
  0.876836 seconds (244.21 k allocations: 240.653 MiB)
8392
  0.936675 seconds (396.07 k allocations: 393.531 MiB)
7145
  0.931840 seconds (392.28 k allocations: 388.872 MiB)
895
  0.940344 seconds (406.71 k allocations: 406.563 MiB)
2151
  0.787846 seconds (554.57 k allocations: 549.278 MiB)
5982
  0.769969 seconds (377.31 k allocations: 375.371 MiB)
4652
  0.861775 seconds (447.79 k allocations: 443.011 MiB)
9650
  0.866552 seconds (452.96 k allocations: 449.396 MiB)
3404
  0.878783 seconds (516.30 k allocations: 505.915 MiB)
8393
  0.857777 seconds (351.60 k allocations: 350.965 MiB)
  0.857150 seconds (352.54 k allocations: 350.810 MiB)
7146
896
  0.860995 seconds (364.71 k allocations: 363.919 MiB)
2152
  0.790054 seconds (554.57 k allocations: 549.278 MiB)
5983
  0.863015 seconds (554.57 k allocations: 549.278 MiB)
4653
  1.702736 seconds (465.03 k allocations: 459.513 MiB, 16.38% gc time)
  1.697134 seconds (454.82 k allocations: 448.517 MiB, 16.43% gc time)
  1.609464 seconds (204.06 k allocations: 203.008 MiB, 17.32% gc time)
  1.606575 seconds (198.88 k allocations: 196.849 MiB, 17.36% gc time)
  1.603414 seconds (195.21 k allocations: 192.089 MiB, 17.39% gc time)
  1.539967 seconds (149.49 k allocations: 147.062 MiB, 18.11% gc time)
  1.057771 seconds (70.65 k allocations: 69.335 MiB, 26.36% gc time)
897
2153
7147
3405
8394
9651
5984
  0.772815 seconds (522.66 k allocations: 508.738 MiB)
4654
  0.836203 seconds (135.22 k allocations: 139.395 MiB)
5985
  0.843142 seconds (119.88 k allocations: 123.698 MiB)
898
  0.865151 seconds (175.19 k allocations: 175.616 MiB)
3406
  0.887660 seconds (258.82 k allocations: 258.307 MiB)
2154
  0.950917 seconds (403.21 k allocations: 399.137 MiB)
9652
  0.953501 seconds (407.81 k allocations: 406.174 MiB)
7148
  0.948436 seconds (410.68 k allocations: 409.138 MiB)
8395
  0.863959 seconds (554.57 k allocations: 549.278 MiB)
4655
  0.777729 seconds (456.95 k allocations: 451.572 MiB)
5986
  0.863706 seconds (486.67 k allocations: 481.445 MiB)
899
  0.878636 seconds (477.42 k allocations: 472.782 MiB)
3407
  0.852840 seconds (451.21 k allocations: 445.902 MiB)
2155
  0.794049 seconds (286.53 k allocations: 285.022 MiB)
8396
  0.850438 seconds (421.35 k allocations: 416.708 MiB)
9653
  0.856059 seconds (448.15 k allocations: 443.794 MiB)
7149
  0.773620 seconds (475.35 k allocations: 470.812 MiB)
5987
  0.856591 seconds (570.96 k allocations: 566.388 MiB)
4656
  1.345832 seconds (492.77 k allocations: 484.858 MiB, 26.43% gc time)
  1.288757 seconds (297.53 k allocations: 292.497 MiB, 27.60% gc time)
  1.279505 seconds (261.84 k allocations: 257.091 MiB, 27.80% gc time)
  1.264035 seconds (210.69 k allocations: 206.953 MiB, 28.14% gc time)
  1.231503 seconds (138.36 k allocations: 136.726 MiB, 28.89% gc time)
  1.221368 seconds (130.75 k allocations: 128.265 MiB, 29.13% gc time)
2156
900
8397
3408
7150
9654
  0.797972 seconds (456.55 k allocations: 445.482 MiB)
5988
  0.875114 seconds (79.22 k allocations: 78.479 MiB)
7151
  0.954656 seconds (438.03 k allocations: 430.596 MiB)
4657
  0.921176 seconds (164.91 k allocations: 164.545 MiB)
  0.923417 seconds (170.17 k allocations: 172.187 MiB)
2157
901
  0.926928 seconds (186.77 k allocations: 189.544 MiB)
8398
  0.925187 seconds (194.10 k allocations: 195.554 MiB)
  0.926939 seconds (196.85 k allocations: 198.801 MiB)
3409
9655
  0.777498 seconds (554.57 k allocations: 549.278 MiB)
5989
  0.863298 seconds (329.08 k allocations: 324.920 MiB)
7152
  0.866880 seconds (273.49 k allocations: 271.930 MiB)
4658
  0.863034 seconds (166.85 k allocations: 170.083 MiB)
2158
  0.861870 seconds (170.74 k allocations: 170.363 MiB)
  0.867704 seconds (182.47 k allocations: 186.149 MiB)
3410
902
  0.867416 seconds (194.30 k allocations: 195.734 MiB)
  0.868096 seconds (196.10 k allocations: 197.812 MiB)
9656
8399
  0.776582 seconds (554.57 k allocations: 549.278 MiB)
5990
  0.775769 seconds (373.15 k allocations: 367.079 MiB)
7153
  0.782977 seconds (293.20 k allocations: 290.785 MiB)
4659
  1.468823 seconds (231.15 k allocations: 227.942 MiB, 10.96% gc time)
  1.468749 seconds (231.08 k allocations: 227.888 MiB, 10.96% gc time)
  1.470760 seconds (232.10 k allocations: 228.851 MiB, 10.95% gc time)
  1.430119 seconds (204.47 k allocations: 201.168 MiB, 11.26% gc time)
  1.474742 seconds (244.23 k allocations: 244.066 MiB, 10.92% gc time)
  0.936629 seconds (125.94 k allocations: 123.879 MiB, 17.19% gc time)
8400
3411
9657
2159
903
5991
  0.776099 seconds (468.85 k allocations: 457.286 MiB)
7154
  0.780829 seconds (79.23 k allocations: 78.479 MiB)
5992
  0.860358 seconds (421.15 k allocations: 414.442 MiB)
4660
  0.806562 seconds (117.45 k allocations: 121.586 MiB)
3412
  0.838340 seconds (242.32 k allocations: 242.512 MiB)
8401
  0.843865 seconds (285.60 k allocations: 282.913 MiB)
  0.844956 seconds (288.56 k allocations: 286.899 MiB)
2160
904
  0.926294 seconds (555.93 k allocations: 554.252 MiB)
9658
  0.866913 seconds (554.57 k allocations: 549.278 MiB)
  0.770457 seconds (349.85 k allocations: 347.456 MiB)
7155
5993
  0.853401 seconds (405.63 k allocations: 401.017 MiB)
4661
  0.854938 seconds (390.07 k allocations: 386.362 MiB)
3413
  0.861047 seconds (357.92 k allocations: 355.796 MiB)
8402
  0.862142 seconds (376.21 k allocations: 372.272 MiB)
2161
  0.868825 seconds (407.50 k allocations: 403.634 MiB)
905
  0.877750 seconds (554.57 k allocations: 549.278 MiB)
9659
  0.775768 seconds (478.01 k allocations: 474.587 MiB)
5994
  1.274967 seconds (545.07 k allocations: 538.962 MiB, 12.76% gc time)
  1.170197 seconds (327.84 k allocations: 322.715 MiB, 13.90% gc time)
  1.166982 seconds (313.39 k allocations: 307.655 MiB, 13.94% gc time)
  1.132724 seconds (178.38 k allocations: 177.226 MiB, 14.36% gc time)
  1.122446 seconds (154.00 k allocations: 152.726 MiB, 14.50% gc time)
  1.117134 seconds (149.74 k allocations: 148.008 MiB, 14.56% gc time)
  1.027592 seconds (70.58 k allocations: 69.692 MiB, 15.83% gc time)
4662
3414
2162
8403
906
9660
7156
  0.757532 seconds (523.82 k allocations: 509.843 MiB)
5995
  0.782317 seconds (79.23 k allocations: 78.479 MiB)
9661
  0.782930 seconds (81.47 k allocations: 82.061 MiB)
2163
  0.787037 seconds (84.01 k allocations: 87.079 MiB)
8404
  0.874067 seconds (317.02 k allocations: 315.216 MiB)
3415
  0.874317 seconds (318.53 k allocations: 316.868 MiB)
4663
  0.883441 seconds (341.05 k allocations: 339.846 MiB)
907
  0.930416 seconds (532.24 k allocations: 524.232 MiB)
7157
  0.779606 seconds (554.57 k allocations: 549.278 MiB)
5996
  0.860210 seconds (398.82 k allocations: 397.371 MiB)
  0.771888 seconds (170.85 k allocations: 169.769 MiB)
9662
3416
  0.870349 seconds (427.24 k allocations: 424.978 MiB)
  0.870139 seconds (430.40 k allocations: 429.389 MiB)
2164
8405
  0.863673 seconds (483.74 k allocations: 478.627 MiB)
4664
  0.860010 seconds (465.39 k allocations: 461.274 MiB)
908
  0.863078 seconds (532.14 k allocations: 525.365 MiB)
7158
  0.866598 seconds (554.57 k allocations: 549.278 MiB)
5997
  0.864683 seconds (346.20 k allocations: 344.363 MiB)
  0.864503 seconds (343.42 k allocations: 343.082 MiB)
9663
3417
  0.868723 seconds (349.39 k allocations: 347.818 MiB)
8406
  0.880733 seconds (373.12 k allocations: 371.960 MiB)
2165
  0.857696 seconds (257.87 k allocations: 257.594 MiB)
909
  0.859656 seconds (248.83 k allocations: 249.154 MiB)
4665
  0.858819 seconds (227.99 k allocations: 229.423 MiB)
7159
  0.919177 seconds (263.44 k allocations: 262.121 MiB, 18.16% gc time)
5998
  0.787111 seconds (1 allocation: 12.688 KiB)
5999
  0.846245 seconds (87.76 k allocations: 89.080 MiB)
8407
  0.862770 seconds (151.90 k allocations: 155.566 MiB)
2166
  0.968939 seconds (493.02 k allocations: 488.325 MiB)
  0.932233 seconds (302.98 k allocations: 302.686 MiB)
9664
7160
  0.945935 seconds (345.97 k allocations: 348.023 MiB)
3418
  0.924502 seconds (289.79 k allocations: 290.799 MiB)
910
  0.935688 seconds (346.04 k allocations: 346.075 MiB)
4666
  0.779608 seconds (429.39 k allocations: 426.628 MiB)
6000
  0.781700 seconds (417.89 k allocations: 414.612 MiB)
2167
  0.774482 seconds (194.02 k allocations: 194.649 MiB)
9665
  0.883622 seconds (579.78 k allocations: 574.838 MiB)
8408
  0.780352 seconds (194.82 k allocations: 194.612 MiB)
4667
  0.863792 seconds (420.33 k allocations: 417.972 MiB)
3419
  0.866471 seconds (416.97 k allocations: 414.964 MiB)
911
  0.883046 seconds (460.14 k allocations: 460.128 MiB)
7161
  0.780139 seconds (499.75 k allocations: 495.384 MiB)
6001
  1.344992 seconds (545.05 k allocations: 538.954 MiB, 20.11% gc time)
  1.246473 seconds (314.67 k allocations: 311.740 MiB, 21.70% gc time)
  1.264684 seconds (359.04 k allocations: 355.427 MiB, 21.39% gc time)
  1.238579 seconds (307.48 k allocations: 303.638 MiB, 21.84% gc time)
  1.158371 seconds (95.72 k allocations: 95.481 MiB, 23.35% gc time)
  1.149390 seconds (77.92 k allocations: 77.594 MiB, 23.53% gc time)
  1.139393 seconds (70.57 k allocations: 69.658 MiB, 23.74% gc time)
2168
8409
9666
7162
3420
912
4668
  0.745117 seconds (530.47 k allocations: 516.214 MiB)
6002
  0.878603 seconds (79.73 k allocations: 80.191 MiB)
  0.880360 seconds (81.25 k allocations: 84.237 MiB)
7163
913
  0.882754 seconds (91.70 k allocations: 93.282 MiB)
3421
  0.925480 seconds (204.21 k allocations: 204.812 MiB)
4669
  0.932241 seconds (224.74 k allocations: 227.130 MiB)
2169
  0.934339 seconds (254.87 k allocations: 253.687 MiB)
  0.945377 seconds (282.64 k allocations: 286.321 MiB)
9667
8410
  0.778216 seconds (554.57 k allocations: 549.278 MiB)
6003
  0.774114 seconds (419.77 k allocations: 411.707 MiB)
7164
  0.854216 seconds (221.69 k allocations: 221.147 MiB)
4670
  0.864840 seconds (239.67 k allocations: 240.999 MiB)
  0.872665 seconds (264.91 k allocations: 267.762 MiB)
2170
3422
  0.861645 seconds (234.95 k allocations: 235.661 MiB)
  0.868127 seconds (246.63 k allocations: 249.126 MiB)
914
9668
  0.858529 seconds (247.28 k allocations: 249.104 MiB)
8411
  0.873432 seconds (554.57 k allocations: 549.278 MiB)
6004
  0.867934 seconds (554.57 k allocations: 549.278 MiB)
7165
  1.475614 seconds (247.96 k allocations: 246.271 MiB, 16.63% gc time)
  1.470137 seconds (237.23 k allocations: 234.795 MiB, 16.69% gc time)
  1.492557 seconds (290.83 k allocations: 288.548 MiB, 16.44% gc time)
  1.432826 seconds (172.57 k allocations: 170.460 MiB, 17.12% gc time)
  1.437752 seconds (177.68 k allocations: 176.537 MiB, 17.06% gc time)
  1.399457 seconds (149.67 k allocations: 147.721 MiB, 17.53% gc time)
  1.000336 seconds (70.67 k allocations: 69.745 MiB, 24.53% gc time)
2171
6005
8412
3423
9669
4671
915
  0.770857 seconds (522.48 k allocations: 508.542 MiB)
7166
  0.779545 seconds (79.96 k allocations: 80.402 MiB)
916
  0.833984 seconds (150.17 k allocations: 149.015 MiB)
6006
  0.841966 seconds (170.16 k allocations: 169.578 MiB)
9670
  0.932233 seconds (317.22 k allocations: 315.408 MiB)
8413
  0.935849 seconds (322.31 k allocations: 320.485 MiB)
  0.936601 seconds (322.95 k allocations: 321.600 MiB)
3424
2172
  0.935274 seconds (326.36 k allocations: 327.218 MiB)
4672
  0.869947 seconds (554.57 k allocations: 549.278 MiB)
7167
  0.775874 seconds (397.18 k allocations: 393.354 MiB)
6007
  0.870130 seconds (597.90 k allocations: 590.731 MiB)
917
  0.865767 seconds (532.85 k allocations: 527.275 MiB)
9671
  0.781918 seconds (238.88 k allocations: 238.003 MiB)
8414
  0.872715 seconds (400.01 k allocations: 397.287 MiB)
3425
  0.871951 seconds (399.57 k allocations: 397.076 MiB)
4673
  0.885762 seconds (422.99 k allocations: 422.129 MiB)
2173
  0.775606 seconds (456.96 k allocations: 451.796 MiB)
6008
  0.868111 seconds (577.15 k allocations: 570.879 MiB)
7168
  1.294215 seconds (452.02 k allocations: 445.840 MiB, 18.87% gc time)
  1.239342 seconds (341.43 k allocations: 337.566 MiB, 19.70% gc time)
  1.237211 seconds (341.49 k allocations: 337.613 MiB, 19.74% gc time)
  1.138887 seconds (118.02 k allocations: 117.004 MiB, 21.44% gc time)
  1.145228 seconds (127.33 k allocations: 127.131 MiB, 21.32% gc time)
  1.120145 seconds (104.36 k allocations: 102.848 MiB, 21.80% gc time)
918
4674
8415
2174
9672
3426
  0.747187 seconds (486.45 k allocations: 474.076 MiB)
6009
  0.872458 seconds (81.43 k allocations: 81.809 MiB)
  0.873259 seconds (82.17 k allocations: 83.901 MiB)
4675
8416
  0.879226 seconds (93.49 k allocations: 97.434 MiB)
919
  0.885660 seconds (121.45 k allocations: 124.418 MiB)
3427
  0.944436 seconds (428.71 k allocations: 425.981 MiB)
7169
  0.930719 seconds (362.28 k allocations: 356.504 MiB)
9673
  0.934999 seconds (404.31 k allocations: 398.151 MiB)
2175
  0.776178 seconds (554.57 k allocations: 549.278 MiB)
6010
  0.861145 seconds (289.18 k allocations: 285.520 MiB)
  0.861435 seconds (288.28 k allocations: 285.471 MiB)
920
4676
  0.865156 seconds (281.32 k allocations: 279.634 MiB)
8417
  0.868166 seconds (268.39 k allocations: 267.454 MiB)
3428
  0.862507 seconds (247.02 k allocations: 247.224 MiB)
7170
  0.853059 seconds (269.65 k allocations: 267.865 MiB)
2176
  0.867604 seconds (350.57 k allocations: 347.956 MiB)
9674
  0.875604 seconds (554.57 k allocations: 549.278 MiB)
6011
  0.760014 seconds (107.74 k allocations: 106.989 MiB)
7171
  0.877236 seconds (358.81 k allocations: 353.573 MiB)
921
  0.885268 seconds (375.64 k allocations: 372.325 MiB)
  0.874920 seconds (313.80 k allocations: 312.974 MiB)
4677
8418
  0.868946 seconds (274.08 k allocations: 275.565 MiB)
3429
  0.874561 seconds (260.65 k allocations: 262.933 MiB)
2177
  0.867541 seconds (290.67 k allocations: 290.645 MiB)
9675
  1.861220 seconds (387.68 k allocations: 382.223 MiB, 39.30% gc time)
  1.597512 seconds (306.91 k allocations: 300.842 MiB, 45.79% gc time)
6012
7172
  0.874535 seconds (280.10 k allocations: 276.621 MiB)
8419
  0.863819 seconds (129.71 k allocations: 130.439 MiB)
4678
  0.871301 seconds (148.61 k allocations: 149.990 MiB)
3430
  0.893338 seconds (213.56 k allocations: 214.795 MiB)
922
  0.847324 seconds (143.47 k allocations: 144.237 MiB)
6013
  0.873955 seconds (327.94 k allocations: 322.194 MiB)
7173
  0.960870 seconds (503.50 k allocations: 497.756 MiB)
2178
  0.963572 seconds (509.06 k allocations: 504.448 MiB)
9676
  0.774993 seconds (224.47 k allocations: 222.583 MiB)
6014
  0.871677 seconds (496.73 k allocations: 489.630 MiB)
8420
  0.868029 seconds (384.06 k allocations: 381.822 MiB)
4679
  0.859781 seconds (345.28 k allocations: 343.679 MiB)
3431
  0.873062 seconds (403.41 k allocations: 396.658 MiB)
923
  0.888670 seconds (436.66 k allocations: 432.361 MiB)
7174
  0.868483 seconds (383.72 k allocations: 381.907 MiB)
2179
  0.869620 seconds (395.25 k allocations: 393.144 MiB)
9677
  0.779327 seconds (541.31 k allocations: 535.150 MiB)
6015
  1.429461 seconds (341.34 k allocations: 337.261 MiB, 26.88% gc time)
  1.465864 seconds (453.38 k allocations: 446.941 MiB, 26.21% gc time)
  1.431429 seconds (343.37 k allocations: 339.199 MiB, 26.84% gc time)
  1.328375 seconds (89.91 k allocations: 89.972 MiB, 28.93% gc time)
  1.285614 seconds (70.09 k allocations: 68.591 MiB, 29.89% gc time)
  1.318207 seconds (80.40 k allocations: 79.685 MiB, 29.15% gc time)
  1.392921 seconds (250.98 k allocations: 245.566 MiB, 27.58% gc time)
7175
9678
2180
924
4680
3432
8421
  0.767479 seconds (527.55 k allocations: 513.414 MiB)
6016
  0.924704 seconds (102.35 k allocations: 104.263 MiB)
9679
  0.926982 seconds (100.36 k allocations: 102.563 MiB)
  0.932191 seconds (110.51 k allocations: 113.506 MiB)
8422
  0.937065 seconds (122.52 k allocations: 126.668 MiB)
3433
  0.935711 seconds (120.10 k allocations: 125.166 MiB)
4681
  0.923688 seconds (145.13 k allocations: 147.404 MiB)
  0.942088 seconds (168.35 k allocations: 172.285 MiB)
7176
925
2181
  0.776308 seconds (554.57 k allocations: 549.278 MiB)
6017
  0.871461 seconds (203.88 k allocations: 205.121 MiB)
9680
  0.855463 seconds (105.44 k allocations: 107.435 MiB)
7177
  0.865821 seconds (134.38 k allocations: 139.021 MiB)
4682
  0.880595 seconds (174.33 k allocations: 178.672 MiB)
3434
  0.882243 seconds (177.94 k allocations: 182.323 MiB)
8423
  0.869472 seconds (177.16 k allocations: 179.344 MiB)
  0.878787 seconds (190.07 k allocations: 194.301 MiB)
926
2182
  0.871562 seconds (554.57 k allocations: 549.278 MiB)
6018
  0.857850 seconds (201.00 k allocations: 202.359 MiB)
9681
  0.857597 seconds (163.38 k allocations: 165.335 MiB)
4683
  0.860554 seconds (165.34 k allocations: 168.645 MiB)
7178
  0.858241 seconds (145.95 k allocations: 150.289 MiB)
3435
  0.877483 seconds (212.78 k allocations: 214.464 MiB)
8424
  0.875963 seconds (235.36 k allocations: 235.030 MiB)
  0.875557 seconds (241.72 k allocations: 242.404 MiB)
927
2183
  1.231129 seconds (304.34 k allocations: 301.253 MiB, 38.70% gc time)
6019
  0.863736 seconds (281.85 k allocations: 278.293 MiB)
9682
  0.836987 seconds (78.00 k allocations: 78.531 MiB)
2184
  0.839922 seconds (116.77 k allocations: 115.835 MiB)
6020
  0.947885 seconds (361.45 k allocations: 357.542 MiB)
4684
  0.958762 seconds (391.92 k allocations: 389.335 MiB)
7179
  0.961153 seconds (398.32 k allocations: 396.895 MiB)
3436
  0.942698 seconds (337.44 k allocations: 338.831 MiB)
8425
  0.931622 seconds (337.99 k allocations: 338.340 MiB)
928
  0.779215 seconds (528.70 k allocations: 523.095 MiB)
9683
  0.773422 seconds (467.60 k allocations: 461.958 MiB)
2185
  0.775154 seconds (452.46 k allocations: 446.086 MiB)
6021
  0.779889 seconds (245.91 k allocations: 244.514 MiB)
8426
  0.849765 seconds (419.98 k allocations: 416.189 MiB)
4685
  0.865561 seconds (388.11 k allocations: 387.120 MiB)
7180
  0.874898 seconds (399.30 k allocations: 398.041 MiB)
3437
  0.865465 seconds (391.83 k allocations: 389.872 MiB)
929
  0.762847 seconds (396.12 k allocations: 392.339 MiB)
6022
  0.886156 seconds (579.23 k allocations: 571.573 MiB)
9684
  1.396503 seconds (503.57 k allocations: 499.261 MiB, 24.07% gc time)
  1.291244 seconds (367.88 k allocations: 363.891 MiB, 26.04% gc time)
  1.254949 seconds (240.27 k allocations: 236.459 MiB, 26.79% gc time)
  1.223648 seconds (124.81 k allocations: 124.817 MiB, 27.47% gc time)
  1.203971 seconds (88.89 k allocations: 89.279 MiB, 27.92% gc time)
  1.199601 seconds (87.43 k allocations: 87.483 MiB, 28.03% gc time)
8427
930
7181
3438
2186
4686
  0.761693 seconds (508.16 k allocations: 494.900 MiB)
6023
  0.829098 seconds (79.22 k allocations: 78.479 MiB)
931
  0.876591 seconds (143.01 k allocations: 145.854 MiB)
3439
  0.948656 seconds (300.94 k allocations: 300.876 MiB)
9685
  0.931652 seconds (218.01 k allocations: 218.034 MiB)
4687
  0.940725 seconds (244.19 k allocations: 246.937 MiB)
8428
  0.940751 seconds (253.09 k allocations: 255.677 MiB)
2187
  0.936949 seconds (259.25 k allocations: 259.333 MiB)
7182
  0.782035 seconds (554.57 k allocations: 549.278 MiB)
6024
  0.777124 seconds (131.70 k allocations: 133.577 MiB)
9686
  0.868353 seconds (450.07 k allocations: 440.895 MiB)
3440
  0.884226 seconds (506.09 k allocations: 497.174 MiB)
932
  0.871902 seconds (281.81 k allocations: 281.516 MiB)
8429
  0.855914 seconds (246.39 k allocations: 245.382 MiB)
4688
  0.865519 seconds (280.65 k allocations: 279.602 MiB)
7183
  0.882434 seconds (337.23 k allocations: 337.623 MiB)
2188
  0.872368 seconds (554.57 k allocations: 549.278 MiB)
6025
  0.868510 seconds (533.94 k allocations: 526.684 MiB)
9687
  0.861431 seconds (362.34 k allocations: 356.944 MiB)
3441
  0.860669 seconds (319.79 k allocations: 316.450 MiB)
933
  0.860881 seconds (233.96 k allocations: 235.725 MiB)
8430
  0.860526 seconds (229.60 k allocations: 231.710 MiB)
4689
  0.878590 seconds (265.85 k allocations: 266.669 MiB)
7184
  0.879054 seconds (277.10 k allocations: 277.622 MiB)
2189
  1.204202 seconds (261.84 k allocations: 256.293 MiB, 28.66% gc time)
  1.481815 seconds (365.49 k allocations: 360.977 MiB, 23.29% gc time)
9688
6026
  0.799674 seconds (299.43 k allocations: 295.137 MiB)
3442
  0.888223 seconds (255.96 k allocations: 254.949 MiB)
8431
  0.880303 seconds (199.60 k allocations: 199.978 MiB)
934
  0.871262 seconds (163.96 k allocations: 166.108 MiB)
2190
  0.837058 seconds (106.98 k allocations: 110.517 MiB)
6027
  0.932370 seconds (430.74 k allocations: 426.700 MiB)
4690
  0.944246 seconds (491.09 k allocations: 487.116 MiB)
7185
  0.925284 seconds (483.55 k allocations: 478.870 MiB)
9689
  0.867204 seconds (554.57 k allocations: 549.278 MiB)
  0.771805 seconds (222.97 k allocations: 222.515 MiB)
3443
6028
  0.867664 seconds (424.90 k allocations: 420.906 MiB)
8432
  0.870134 seconds (394.88 k allocations: 392.378 MiB)
2191
  0.872798 seconds (402.13 k allocations: 399.524 MiB)
935
  0.856990 seconds (375.59 k allocations: 371.465 MiB)
4691
  0.858340 seconds (457.45 k allocations: 452.460 MiB)
7186
  0.862835 seconds (513.01 k allocations: 508.291 MiB)
9690
  0.770797 seconds (504.03 k allocations: 499.486 MiB)
6029
  1.310984 seconds (529.48 k allocations: 521.249 MiB, 19.65% gc time)
  1.172819 seconds (101.99 k allocations: 100.254 MiB, 21.96% gc time)
  1.256773 seconds (310.67 k allocations: 307.710 MiB, 20.50% gc time)
  1.249420 seconds (283.81 k allocations: 280.763 MiB, 20.62% gc time)
  1.218791 seconds (196.08 k allocations: 193.183 MiB, 21.14% gc time)
  1.233814 seconds (233.33 k allocations: 230.222 MiB, 20.88% gc time)
  1.139006 seconds (70.47 k allocations: 69.358 MiB, 22.62% gc time)
9691
4692
7187
8433
936
3444
2192
  0.755377 seconds (530.36 k allocations: 516.221 MiB)
6030
  0.838365 seconds (94.86 k allocations: 97.114 MiB)
8434
  0.837857 seconds (90.41 k allocations: 90.618 MiB)
2193
  0.876279 seconds (176.86 k allocations: 178.451 MiB)
9692
  0.926577 seconds (284.50 k allocations: 284.085 MiB)
4693
  0.927734 seconds (285.83 k allocations: 286.792 MiB)
7188
  0.925562 seconds (282.89 k allocations: 284.190 MiB)
937
  0.931314 seconds (333.80 k allocations: 331.902 MiB)
3445
  0.783283 seconds (554.57 k allocations: 549.278 MiB)
6031
  0.786754 seconds (285.00 k allocations: 281.518 MiB)
9693
  0.759506 seconds (127.50 k allocations: 129.775 MiB)
7189
  0.877842 seconds (574.74 k allocations: 568.581 MiB)
8435
  0.869019 seconds (446.30 k allocations: 441.389 MiB)
2194
  0.859911 seconds (333.21 k allocations: 330.919 MiB)
  0.862724 seconds (337.43 k allocations: 336.314 MiB)
3446
938
  0.874383 seconds (430.85 k allocations: 427.219 MiB)
4694
  0.866885 seconds (554.57 k allocations: 549.278 MiB)
6032
  0.884427 seconds (480.23 k allocations: 475.289 MiB)
9694
  0.877992 seconds (462.63 k allocations: 458.643 MiB)
7190
  0.878821 seconds (440.95 k allocations: 433.827 MiB)
8436
  1.579156 seconds (345.60 k allocations: 341.315 MiB, 17.25% gc time)
  1.528369 seconds (252.37 k allocations: 249.672 MiB, 17.82% gc time)
  1.493202 seconds (219.01 k allocations: 216.517 MiB, 18.24% gc time)
  1.024144 seconds (140.15 k allocations: 138.489 MiB, 26.60% gc time)
  1.528386 seconds (252.69 k allocations: 250.049 MiB, 17.82% gc time)
6033
4695
2195
3447
939
  0.860798 seconds (447.39 k allocations: 436.712 MiB)
9695
  0.783063 seconds (26.81 k allocations: 29.531 MiB)
6034
  0.833252 seconds (153.83 k allocations: 152.525 MiB)
940
  0.959347 seconds (551.53 k allocations: 543.099 MiB)
7191
  0.929228 seconds (294.34 k allocations: 293.513 MiB)
2196
  0.945116 seconds (343.22 k allocations: 345.375 MiB)
8437
  0.930881 seconds (310.18 k allocations: 309.085 MiB)
3448
  0.933149 seconds (318.49 k allocations: 318.473 MiB)
4696
  0.775751 seconds (457.65 k allocations: 452.459 MiB)
6035
  0.869008 seconds (554.84 k allocations: 549.335 MiB)
9696
  0.767800 seconds (328.12 k allocations: 323.004 MiB)
7192
  0.863668 seconds (561.68 k allocations: 556.289 MiB)
941
  0.876106 seconds (347.65 k allocations: 345.759 MiB)
8438
  0.885895 seconds (365.66 k allocations: 365.633 MiB)
  0.860880 seconds (320.92 k allocations: 319.708 MiB)
2197
3449
  0.867157 seconds (328.18 k allocations: 330.188 MiB)
4697
  0.773152 seconds (554.57 k allocations: 549.278 MiB)
6036
  1.351280 seconds (476.23 k allocations: 470.237 MiB, 21.83% gc time)
  1.325563 seconds (422.03 k allocations: 417.128 MiB, 22.26% gc time)
  1.177905 seconds (92.69 k allocations: 93.802 MiB, 25.05% gc time)
  1.169213 seconds (72.24 k allocations: 71.860 MiB, 25.23% gc time)
  1.169110 seconds (72.25 k allocations: 71.904 MiB, 25.24% gc time)
  1.283330 seconds (386.98 k allocations: 382.460 MiB, 22.99% gc time)
  1.164782 seconds (70.49 k allocations: 69.324 MiB, 25.33% gc time)
9697
2198
3450
7193
942
8439
4698
  0.755862 seconds (521.63 k allocations: 507.784 MiB)
6037
  0.790243 seconds (79.23 k allocations: 78.479 MiB)
943
  0.864369 seconds (196.52 k allocations: 200.715 MiB)
4699
  0.877240 seconds (186.29 k allocations: 185.011 MiB)
  0.877977 seconds (187.76 k allocations: 187.626 MiB)
8440
2199
  0.884408 seconds (209.57 k allocations: 210.145 MiB)
3451
  0.927633 seconds (425.24 k allocations: 419.208 MiB)
9698
  0.943331 seconds (490.96 k allocations: 485.955 MiB)
7194
  0.770986 seconds (554.57 k allocations: 549.278 MiB)
6038
  0.866588 seconds (554.57 k allocations: 549.278 MiB)
944
  0.871112 seconds (410.74 k allocations: 407.356 MiB)
4700
  0.871277 seconds (334.78 k allocations: 332.213 MiB)
  0.864272 seconds (313.21 k allocations: 308.978 MiB)
3452
8441
  0.877972 seconds (355.39 k allocations: 354.801 MiB)
2200
  0.865843 seconds (365.59 k allocations: 363.342 MiB)
9699
  0.863114 seconds (380.63 k allocations: 377.927 MiB)
7195
  0.870193 seconds (554.57 k allocations: 549.278 MiB)
6039
  0.861831 seconds (554.57 k allocations: 549.278 MiB)
945
  0.862317 seconds (423.50 k allocations: 418.330 MiB)
4701
  1.524624 seconds (369.97 k allocations: 364.463 MiB, 11.83% gc time)
  1.398515 seconds (203.16 k allocations: 203.612 MiB, 12.90% gc time)
  1.363839 seconds (172.37 k allocations: 171.704 MiB, 13.23% gc time)
  1.364248 seconds (172.65 k allocations: 171.969 MiB, 13.23% gc time)
  1.356854 seconds (169.37 k allocations: 167.552 MiB, 13.30% gc time)
  0.933464 seconds (90.40 k allocations: 89.453 MiB, 19.33% gc time)
7196
3453
6040
2201
9700
8442
  0.796427 seconds (500.51 k allocations: 487.538 MiB)
946
  0.781254 seconds (91.34 k allocations: 96.188 MiB)
6041
  0.831882 seconds (153.25 k allocations: 150.754 MiB)
9701
  0.839118 seconds (163.81 k allocations: 163.505 MiB)
8443
  0.926318 seconds (463.61 k allocations: 460.399 MiB)
4702
  0.931853 seconds (363.11 k allocations: 359.528 MiB)
  0.931122 seconds (363.36 k allocations: 359.832 MiB)
7197
3454
  0.935948 seconds (378.09 k allocations: 376.720 MiB)
2202
  0.770763 seconds (468.19 k allocations: 461.147 MiB)
6042
  0.862488 seconds (578.56 k allocations: 573.672 MiB)
947
  0.772379 seconds (307.56 k allocations: 303.315 MiB)
4703
  0.867381 seconds (520.40 k allocations: 516.507 MiB)
  0.862495 seconds (510.79 k allocations: 505.458 MiB)
9702
8444
  0.772201 seconds (235.22 k allocations: 235.922 MiB)
7198
  0.874975 seconds (494.85 k allocations: 491.931 MiB)
3455
  0.878391 seconds (502.85 k allocations: 498.566 MiB)
2203
  0.773145 seconds (500.39 k allocations: 496.000 MiB)
6043
  1.389321 seconds (545.08 k allocations: 538.981 MiB, 17.30% gc time)
  1.276550 seconds (336.28 k allocations: 332.213 MiB, 18.83% gc time)
  1.244486 seconds (235.13 k allocations: 232.965 MiB, 19.31% gc time)
  1.253234 seconds (252.92 k allocations: 251.255 MiB, 19.18% gc time)
  1.234827 seconds (228.54 k allocations: 225.504 MiB, 19.46% gc time)
  1.147947 seconds (101.94 k allocations: 100.305 MiB, 20.94% gc time)
  1.120994 seconds (70.23 k allocations: 68.738 MiB, 21.44% gc time)
7199
3456
9703
948
8445
2204
4704
  0.758850 seconds (522.39 k allocations: 508.484 MiB)
6044
  0.836869 seconds (79.22 k allocations: 78.479 MiB)
  0.845111 seconds (90.38 k allocations: 95.438 MiB)
4705
949
  0.875969 seconds (154.10 k allocations: 154.217 MiB)
9704
  0.881940 seconds (169.69 k allocations: 174.240 MiB)
  0.880556 seconds (166.14 k allocations: 168.986 MiB)
3457
2205
  0.933382 seconds (459.81 k allocations: 452.270 MiB)
7200
  0.950840 seconds (493.00 k allocations: 489.140 MiB)
8446
  0.775941 seconds (554.57 k allocations: 549.278 MiB)
6045
  0.768563 seconds (232.47 k allocations: 229.013 MiB)
3458
  0.772455 seconds (235.40 k allocations: 234.397 MiB)
9705
  0.873541 seconds (495.49 k allocations: 492.336 MiB)
4706
  0.876211 seconds (485.13 k allocations: 482.634 MiB)
950
  0.863696 seconds (420.58 k allocations: 417.184 MiB)
2206
  0.867627 seconds (498.96 k allocations: 493.407 MiB)
7201
  0.868594 seconds (504.62 k allocations: 500.254 MiB)
8447
  0.868120 seconds (554.57 k allocations: 549.278 MiB)
6046
  0.860730 seconds (475.35 k allocations: 470.812 MiB)
3459
  0.877489 seconds (487.89 k allocations: 485.480 MiB)
9706
  0.855811 seconds (370.29 k allocations: 367.627 MiB)
4707
  0.863199 seconds (380.93 k allocations: 378.014 MiB)
  0.861571 seconds (374.53 k allocations: 369.831 MiB)
951
2207
  1.546160 seconds (265.81 k allocations: 265.405 MiB, 15.72% gc time)
  1.535045 seconds (253.92 k allocations: 252.783 MiB, 15.83% gc time)
  0.996619 seconds (175.46 k allocations: 175.288 MiB, 24.39% gc time)
7202
8448
6047
  0.861567 seconds (408.97 k allocations: 399.943 MiB)
9707
  0.784718 seconds (13.10 k allocations: 13.977 MiB)
6048
  0.874025 seconds (283.63 k allocations: 281.650 MiB)
4708
  0.960768 seconds (531.19 k allocations: 522.417 MiB)
3460
  0.929058 seconds (294.57 k allocations: 294.960 MiB)
952
  0.926477 seconds (291.76 k allocations: 290.035 MiB)
8449
  0.942503 seconds (333.25 k allocations: 336.021 MiB)
2208
  0.935196 seconds (331.95 k allocations: 331.353 MiB)
7203
  0.781416 seconds (466.80 k allocations: 461.204 MiB)
6049
  0.869313 seconds (558.73 k allocations: 553.053 MiB)
9708
  0.779175 seconds (304.11 k allocations: 300.007 MiB)
3461
  0.749497 seconds (173.33 k allocations: 173.845 MiB)
8450
  0.885005 seconds (654.82 k allocations: 646.637 MiB)
4709
  0.863196 seconds (464.01 k allocations: 459.759 MiB)
953
  0.861002 seconds (436.90 k allocations: 434.021 MiB)
2209
  0.867327 seconds (461.55 k allocations: 457.811 MiB)
7204
  0.772252 seconds (554.57 k allocations: 549.278 MiB)
6050
  1.244071 seconds (371.39 k allocations: 366.040 MiB, 17.93% gc time)
  1.269507 seconds (448.91 k allocations: 444.095 MiB, 17.57% gc time)
  1.241632 seconds (368.21 k allocations: 362.958 MiB, 17.96% gc time)
  1.195132 seconds (304.72 k allocations: 299.535 MiB, 18.66% gc time)
  1.121645 seconds (125.57 k allocations: 124.246 MiB, 19.88% gc time)
  1.104150 seconds (81.74 k allocations: 81.092 MiB, 20.20% gc time)
  1.093313 seconds (70.34 k allocations: 69.056 MiB, 20.40% gc time)
3462
8451
9709
7205
4710
954
2210
  0.757481 seconds (520.19 k allocations: 506.379 MiB)
6051
  0.785272 seconds (79.23 k allocations: 78.479 MiB)
  0.785359 seconds (79.68 k allocations: 79.778 MiB)
955
4711
  0.835879 seconds (209.00 k allocations: 205.521 MiB)
3463
  0.839516 seconds (220.49 k allocations: 217.942 MiB)
9710
  0.862040 seconds (299.19 k allocations: 297.133 MiB)
2211
  0.863546 seconds (315.25 k allocations: 313.934 MiB)
7206
  0.925890 seconds (547.69 k allocations: 542.685 MiB)
8452
  0.777767 seconds (554.57 k allocations: 549.266 MiB)
6052
  0.869138 seconds (445.23 k allocations: 439.122 MiB)
4712
  0.876102 seconds (453.81 k allocations: 448.744 MiB)
956
  0.866107 seconds (334.30 k allocations: 331.759 MiB)
3464
  0.867481 seconds (330.33 k allocations: 328.158 MiB)
9711
  0.854046 seconds (297.97 k allocations: 295.973 MiB)
2212
  0.870734 seconds (380.35 k allocations: 376.235 MiB)
7207
  0.868587 seconds (541.27 k allocations: 535.328 MiB)
8453
  0.871331 seconds (554.57 k allocations: 549.278 MiB)
6053
  0.870857 seconds (486.82 k allocations: 478.726 MiB)
4713
  0.869488 seconds (288.03 k allocations: 287.285 MiB)
3465
  0.858074 seconds (236.10 k allocations: 236.556 MiB)
2213
  0.864660 seconds (248.78 k allocations: 248.896 MiB)
  0.868252 seconds (252.95 k allocations: 253.029 MiB)
9712
957
  0.861846 seconds (238.58 k allocations: 239.341 MiB)
7208
  0.861673 seconds (276.53 k allocations: 275.871 MiB)
8454
  0.916583 seconds (224.35 k allocations: 224.690 MiB, 17.75% gc time)
6054
  0.747527 seconds (357.19 k allocations: 350.391 MiB)
4714
  0.781849 seconds (79.22 k allocations: 78.479 MiB)
6055
  0.846257 seconds (195.68 k allocations: 197.481 MiB)
7209
  0.845059 seconds (181.61 k allocations: 184.216 MiB)
3466
  0.849083 seconds (199.87 k allocations: 201.898 MiB)
2214
  0.966030 seconds (690.09 k allocations: 679.780 MiB)
9713
  0.922383 seconds (438.83 k allocations: 437.083 MiB)
958
  0.936996 seconds (484.04 k allocations: 480.560 MiB)
8455
  0.771778 seconds (554.57 k allocations: 549.278 MiB)
4715
  0.768962 seconds (466.80 k allocations: 461.009 MiB)
6056
  0.866318 seconds (416.58 k allocations: 414.376 MiB)
7210
  0.865621 seconds (409.66 k allocations: 407.946 MiB)
3467
  0.865335 seconds (417.42 k allocations: 414.157 MiB)
2215
  0.859156 seconds (462.73 k allocations: 456.103 MiB)
9714
  0.860848 seconds (451.90 k allocations: 448.372 MiB)
959
  0.869352 seconds (503.78 k allocations: 498.217 MiB)
8456
  0.859554 seconds (554.57 k allocations: 549.278 MiB)
4716
  0.777108 seconds (521.42 k allocations: 516.337 MiB)
6057
  1.694231 seconds (390.24 k allocations: 385.274 MiB, 9.80% gc time)
  1.701195 seconds (409.86 k allocations: 406.731 MiB, 9.76% gc time)
  1.687053 seconds (373.67 k allocations: 368.196 MiB, 9.84% gc time)
  1.636101 seconds (249.09 k allocations: 244.866 MiB, 10.15% gc time)
  1.582581 seconds (149.54 k allocations: 147.409 MiB, 10.49% gc time)
  1.029100 seconds (46.97 k allocations: 45.302 MiB, 16.14% gc time)
  1.612236 seconds (187.32 k allocations: 184.900 MiB, 10.30% gc time)
8457
7211
3468
2216
9715
4717
960
  0.751722 seconds (530.04 k allocations: 515.876 MiB)
6058
  0.780369 seconds (79.22 k allocations: 78.479 MiB)
961
  0.840914 seconds (155.78 k allocations: 155.625 MiB)
8458
  0.843141 seconds (161.16 k allocations: 160.960 MiB)
2217
  0.926128 seconds (318.80 k allocations: 318.147 MiB)
9716
  0.931707 seconds (325.22 k allocations: 325.725 MiB)
7212
  0.930603 seconds (328.78 k allocations: 328.100 MiB)
4718
  0.935938 seconds (337.80 k allocations: 340.606 MiB)
3469
  0.775918 seconds (554.57 k allocations: 549.278 MiB)
6059
  0.860924 seconds (544.94 k allocations: 537.192 MiB)
962
  0.862127 seconds (454.08 k allocations: 450.462 MiB)
8459
  0.871408 seconds (477.99 k allocations: 473.555 MiB)
2218
  0.867696 seconds (349.33 k allocations: 348.581 MiB)
9717
  0.867053 seconds (326.68 k allocations: 324.665 MiB)
7213
  0.869409 seconds (335.51 k allocations: 334.557 MiB)
4719
  0.874761 seconds (355.64 k allocations: 355.241 MiB)
3470
  0.870205 seconds (554.57 k allocations: 549.278 MiB)
6060
  0.855700 seconds (498.33 k allocations: 492.596 MiB)
963
  0.859729 seconds (438.37 k allocations: 435.429 MiB)
8460
  0.857240 seconds (430.50 k allocations: 428.105 MiB)
2219
  0.866109 seconds (233.30 k allocations: 233.889 MiB)
9718
  0.857591 seconds (200.21 k allocations: 199.968 MiB)
3471
  0.872670 seconds (230.77 k allocations: 233.098 MiB)
7214
  0.880350 seconds (264.82 k allocations: 265.890 MiB)
4720
  0.958904 seconds (307.70 k allocations: 304.465 MiB, 17.91% gc time)
6061
  0.868976 seconds (273.57 k allocations: 270.384 MiB)
9719
  0.786406 seconds (8.07 k allocations: 9.173 MiB)
6062
  0.866922 seconds (226.62 k allocations: 227.087 MiB)
964
  0.939240 seconds (289.64 k allocations: 290.034 MiB)
8461
  0.962943 seconds (338.03 k allocations: 339.005 MiB)
  0.951598 seconds (298.55 k allocations: 298.766 MiB)
2220
  0.948088 seconds (291.69 k allocations: 293.782 MiB)
7215
4721
  0.951388 seconds (328.42 k allocations: 329.186 MiB)
3472
  0.774284 seconds (397.70 k allocations: 395.076 MiB)
6063
  0.865997 seconds (492.29 k allocations: 489.461 MiB)
9720
  0.753447 seconds (176.33 k allocations: 177.730 MiB)
  0.862025 seconds (482.62 k allocations: 480.588 MiB)
8462
965
  0.861241 seconds (329.69 k allocations: 327.338 MiB)
7216
  0.864519 seconds (332.68 k allocations: 331.642 MiB)
4722
  0.869460 seconds (341.99 k allocations: 341.980 MiB)
2221
  0.869539 seconds (375.32 k allocations: 374.082 MiB)
3473
  0.771748 seconds (554.57 k allocations: 549.278 MiB)
6064
  1.148928 seconds (386.66 k allocations: 382.075 MiB, 12.16% gc time)
  1.155382 seconds (400.70 k allocations: 397.956 MiB, 12.09% gc time)
  1.147327 seconds (386.73 k allocations: 382.145 MiB, 12.17% gc time)
  1.024326 seconds (104.73 k allocations: 105.310 MiB, 13.64% gc time)
  1.017296 seconds (83.89 k allocations: 82.934 MiB, 13.73% gc time)
  1.005342 seconds (70.30 k allocations: 68.842 MiB, 13.89% gc time)
  1.019141 seconds (86.66 k allocations: 85.846 MiB, 13.71% gc time)
3474
4723
2222
9721
966
7217
8463
  0.756366 seconds (523.43 k allocations: 509.484 MiB)
6065
  0.775833 seconds (118.22 k allocations: 123.153 MiB)
967
  0.776164 seconds (90.30 k allocations: 90.502 MiB)
8464
  0.866416 seconds (237.67 k allocations: 235.412 MiB)
  0.873332 seconds (238.41 k allocations: 237.488 MiB)
  0.873840 seconds (239.13 k allocations: 239.563 MiB)
2223
3475
7218
  0.877117 seconds (248.24 k allocations: 249.806 MiB)
9722
  0.879476 seconds (254.25 k allocations: 256.948 MiB)
4724
  0.763725 seconds (554.57 k allocations: 549.278 MiB)
6066
  0.866823 seconds (485.68 k allocations: 481.925 MiB)
968
  0.873326 seconds (494.54 k allocations: 490.617 MiB)
8465
  0.866830 seconds (239.42 k allocations: 238.304 MiB)
  0.868524 seconds (241.41 k allocations: 240.531 MiB)
9723
3476
  0.871310 seconds (255.70 k allocations: 255.521 MiB)
  0.875841 seconds (259.15 k allocations: 260.060 MiB)
4725
7219
  0.882428 seconds (284.66 k allocations: 291.012 MiB)
2224
  0.870668 seconds (554.57 k allocations: 549.278 MiB)
6067
  0.855632 seconds (487.75 k allocations: 483.909 MiB)
969
  0.859797 seconds (487.14 k allocations: 483.533 MiB)
8466
  0.867716 seconds (223.47 k allocations: 224.280 MiB)
  0.865996 seconds (205.81 k allocations: 207.104 MiB)
9724
7220
  0.856598 seconds (189.53 k allocations: 190.979 MiB)
  0.871124 seconds (212.60 k allocations: 214.989 MiB)
2225
3477
  0.858912 seconds (212.33 k allocations: 214.435 MiB)
4726
  0.998655 seconds (325.06 k allocations: 321.092 MiB, 24.87% gc time)
6068
  0.799616 seconds (259.34 k allocations: 256.763 MiB)
970
  0.782363 seconds (79.22 k allocations: 78.479 MiB)
6069
  0.845875 seconds (177.04 k allocations: 178.417 MiB)
2226
  0.955994 seconds (433.82 k allocations: 430.473 MiB)
8467
  0.960013 seconds (384.02 k allocations: 383.030 MiB)
7221
  0.949230 seconds (342.33 k allocations: 342.090 MiB)
9725
  0.933930 seconds (310.32 k allocations: 310.457 MiB)
3478
  0.969366 seconds (466.33 k allocations: 462.398 MiB)
4727
  0.776755 seconds (422.31 k allocations: 418.629 MiB)
6070
  0.861689 seconds (567.88 k allocations: 563.444 MiB)
971
  0.778037 seconds (444.50 k allocations: 441.503 MiB)
2227
  0.775197 seconds (428.29 k allocations: 422.927 MiB)
8468
  0.852664 seconds (362.06 k allocations: 358.321 MiB)
7222
  0.869378 seconds (391.34 k allocations: 390.211 MiB)
9726
  0.885520 seconds (422.17 k allocations: 419.925 MiB)
3479
  0.872848 seconds (481.24 k allocations: 475.437 MiB)
4728
  0.772272 seconds (459.43 k allocations: 455.368 MiB)
6071
  1.289838 seconds (452.74 k allocations: 446.527 MiB, 14.38% gc time)
  1.320702 seconds (499.79 k allocations: 494.183 MiB, 14.05% gc time)
  1.237297 seconds (386.75 k allocations: 382.137 MiB, 14.99% gc time)
  1.116586 seconds (189.25 k allocations: 186.189 MiB, 16.61% gc time)
  1.102643 seconds (136.16 k allocations: 134.276 MiB, 16.82% gc time)
  1.090817 seconds (107.66 k allocations: 105.862 MiB, 17.01% gc time)
  1.060409 seconds (70.50 k allocations: 69.278 MiB, 17.49% gc time)
2228
7223
8469
9727
972
3480
4729
  0.746341 seconds (532.40 k allocations: 518.118 MiB)
6072
  0.785576 seconds (81.98 k allocations: 82.336 MiB)
9728
  0.785555 seconds (81.53 k allocations: 83.335 MiB)
973
  0.834756 seconds (205.16 k allocations: 203.065 MiB)
8470
  0.871957 seconds (290.11 k allocations: 291.920 MiB)
7224
  0.874882 seconds (298.36 k allocations: 297.563 MiB)
3481
  0.924708 seconds (458.94 k allocations: 452.676 MiB)
4730
  0.935970 seconds (473.87 k allocations: 470.817 MiB)
2229
  0.777099 seconds (554.57 k allocations: 549.278 MiB)
6073
  0.770080 seconds (250.18 k allocations: 247.171 MiB)
7225
  0.864046 seconds (479.18 k allocations: 475.709 MiB)
9729
  0.871457 seconds (502.94 k allocations: 498.652 MiB)
974
  0.868293 seconds (513.43 k allocations: 507.259 MiB)
8471
  0.861214 seconds (470.72 k allocations: 464.956 MiB)
3482
  0.852463 seconds (441.69 k allocations: 437.381 MiB)
4731
  0.881260 seconds (529.44 k allocations: 524.004 MiB)
2230
  0.870170 seconds (554.57 k allocations: 549.278 MiB)
6074
  0.865333 seconds (424.83 k allocations: 420.854 MiB)
7226
  0.859456 seconds (388.12 k allocations: 384.686 MiB)
975
  0.870715 seconds (409.33 k allocations: 407.642 MiB)
9730
  0.867699 seconds (361.96 k allocations: 358.432 MiB)
8472
  0.858040 seconds (334.51 k allocations: 332.375 MiB)
3483
  0.855649 seconds (320.74 k allocations: 317.971 MiB)
4732
  1.508327 seconds (337.49 k allocations: 334.197 MiB, 16.09% gc time)
  0.988263 seconds (258.68 k allocations: 256.109 MiB, 24.55% gc time)
2231
6075
  0.804301 seconds (329.56 k allocations: 323.951 MiB)
7227
  0.831875 seconds (234.60 k allocations: 233.276 MiB)
976
  0.781213 seconds (84.44 k allocations: 86.118 MiB)
6076
  0.835161 seconds (228.05 k allocations: 228.639 MiB)
8473
  0.960798 seconds (571.98 k allocations: 565.292 MiB)
9731
  0.927401 seconds (378.59 k allocations: 378.012 MiB)
3484
  0.939853 seconds (412.65 k allocations: 410.828 MiB)
4733
  0.933601 seconds (449.50 k allocations: 445.065 MiB)
2232
  0.776936 seconds (330.06 k allocations: 327.705 MiB)
6077
  0.865222 seconds (584.80 k allocations: 579.635 MiB)
7228
  0.859662 seconds (486.37 k allocations: 481.362 MiB)
977
  0.869629 seconds (506.40 k allocations: 501.964 MiB)
8474
  0.777503 seconds (341.58 k allocations: 338.737 MiB)
9732
  0.778377 seconds (362.13 k allocations: 358.587 MiB)
4734
  0.855144 seconds (531.79 k allocations: 526.068 MiB)
3485
  0.871024 seconds (540.56 k allocations: 534.648 MiB)
2233
  0.775694 seconds (507.56 k allocations: 502.862 MiB)
  0.752268 seconds (470.50 k allocations: 466.136 MiB)
6078
7229
  1.744068 seconds (358.71 k allocations: 353.899 MiB, 8.54% gc time)
  1.745181 seconds (360.17 k allocations: 355.280 MiB, 8.53% gc time)
  1.772465 seconds (454.29 k allocations: 449.232 MiB, 8.40% gc time)
  1.702430 seconds (303.33 k allocations: 298.206 MiB, 8.75% gc time)
  1.645270 seconds (213.32 k allocations: 209.500 MiB, 9.05% gc time)
  1.594550 seconds (149.66 k allocations: 147.560 MiB, 9.34% gc time)
  1.012658 seconds (15.92 k allocations: 15.621 MiB, 14.71% gc time)
9733
978
4735
8475
2234
7230
3486
  0.753930 seconds (524.17 k allocations: 510.170 MiB)
6079
  0.839302 seconds (80.76 k allocations: 82.402 MiB)
9734
  0.873134 seconds (126.93 k allocations: 125.558 MiB)
7231
  0.904046 seconds (242.01 k allocations: 244.444 MiB)
2235
  0.929677 seconds (286.00 k allocations: 284.277 MiB)
8476
  0.933699 seconds (296.65 k allocations: 299.546 MiB)
4736
  0.930907 seconds (311.17 k allocations: 308.805 MiB)
3487
  0.937419 seconds (323.61 k allocations: 325.777 MiB)
979
  0.768992 seconds (554.56 k allocations: 549.253 MiB)
6080
  0.747059 seconds (314.49 k allocations: 308.532 MiB)
2236
  0.869001 seconds (580.87 k allocations: 574.231 MiB)
9735
  0.862911 seconds (501.57 k allocations: 492.834 MiB)
7232
  0.852747 seconds (310.18 k allocations: 308.681 MiB)
8477
  0.870699 seconds (349.65 k allocations: 347.488 MiB)
4737
  0.861826 seconds (357.30 k allocations: 353.785 MiB)
980
  0.875825 seconds (374.89 k allocations: 374.501 MiB)
3488
  0.869280 seconds (554.39 k allocations: 548.713 MiB)
6081
  0.876605 seconds (554.39 k allocations: 548.713 MiB)
2237
  0.869501 seconds (495.12 k allocations: 489.354 MiB)
9736
  1.575393 seconds (426.62 k allocations: 419.919 MiB, 10.77% gc time)
  1.539846 seconds (248.61 k allocations: 247.096 MiB, 11.02% gc time)
  1.523330 seconds (184.06 k allocations: 184.098 MiB, 11.14% gc time)
  1.512792 seconds (160.58 k allocations: 159.402 MiB, 11.21% gc time)
  1.512615 seconds (160.76 k allocations: 159.658 MiB, 11.21% gc time)
  0.962986 seconds (81.70 k allocations: 81.453 MiB, 17.61% gc time)
8478
7233
6082
3489
4738
981
  0.771439 seconds (506.95 k allocations: 493.712 MiB)
2238
  0.778747 seconds (89.70 k allocations: 94.620 MiB)
6083
  0.837479 seconds (158.45 k allocations: 156.946 MiB)
7234
  0.839552 seconds (160.10 k allocations: 159.951 MiB)
4739
  0.847604 seconds (180.00 k allocations: 180.427 MiB)
982
  0.921780 seconds (396.12 k allocations: 392.345 MiB)
3490
  0.932746 seconds (408.78 k allocations: 405.891 MiB)
  0.945242 seconds (457.73 k allocations: 461.430 MiB)
8479
9737
  0.854174 seconds (554.57 k allocations: 549.278 MiB)
2239
  0.777164 seconds (497.30 k allocations: 493.244 MiB)
6084
  0.866212 seconds (409.25 k allocations: 407.365 MiB)
7235
  0.869205 seconds (409.77 k allocations: 408.050 MiB)
4740
  0.790722 seconds (195.64 k allocations: 197.827 MiB)
3491
  0.869996 seconds (426.14 k allocations: 425.364 MiB)
983
  0.860405 seconds (466.22 k allocations: 460.853 MiB)
8480
  0.861997 seconds (469.19 k allocations: 465.137 MiB)
9738
  0.778078 seconds (475.35 k allocations: 470.812 MiB)
6085
  0.857830 seconds (550.27 k allocations: 545.165 MiB)
2240
  1.102382 seconds (282.04 k allocations: 280.531 MiB, 13.49% gc time)
  1.100843 seconds (278.73 k allocations: 277.361 MiB, 13.51% gc time)
  1.096426 seconds (271.73 k allocations: 269.403 MiB, 13.56% gc time)
  1.017247 seconds (90.51 k allocations: 89.636 MiB, 14.62% gc time)
  1.067857 seconds (219.28 k allocations: 215.317 MiB, 13.93% gc time)
  1.017717 seconds (91.06 k allocations: 90.673 MiB, 14.61% gc time)
4741
7236
3492
8481
984
9739
  0.758166 seconds (497.40 k allocations: 484.551 MiB)
6086
  0.790193 seconds (79.53 k allocations: 79.982 MiB)
985
  0.862940 seconds (299.17 k allocations: 297.731 MiB)
2241
  0.863796 seconds (197.38 k allocations: 195.634 MiB)
7237
  0.869380 seconds (209.54 k allocations: 208.658 MiB)
3493
  0.871386 seconds (216.81 k allocations: 217.049 MiB)
9740
  0.879957 seconds (246.18 k allocations: 250.270 MiB)
4742
  0.888177 seconds (299.09 k allocations: 302.316 MiB)
8482
  0.773690 seconds (554.55 k allocations: 549.234 MiB)
6087
  0.870151 seconds (534.45 k allocations: 528.564 MiB)
986
  0.860828 seconds (380.22 k allocations: 374.071 MiB)
2242
  0.858413 seconds (228.43 k allocations: 229.007 MiB)
3494
  0.868401 seconds (260.18 k allocations: 262.053 MiB)
7238
  0.860525 seconds (239.76 k allocations: 240.259 MiB)
4743
  0.869576 seconds (266.87 k allocations: 268.879 MiB)
9741
  0.859314 seconds (260.50 k allocations: 261.756 MiB)
8483
  0.870091 seconds (554.57 k allocations: 549.278 MiB)
6088
  0.855514 seconds (523.89 k allocations: 518.500 MiB)
987
  0.847238 seconds (374.08 k allocations: 368.188 MiB)
2243
  0.868751 seconds (257.82 k allocations: 256.784 MiB)
3495
  0.857575 seconds (215.02 k allocations: 213.568 MiB)
9742
  0.866589 seconds (241.99 k allocations: 243.252 MiB)
7239
  0.868526 seconds (255.85 k allocations: 255.507 MiB)
8484
  0.878057 seconds (272.97 k allocations: 275.751 MiB)
4744
  1.258874 seconds (204.36 k allocations: 206.434 MiB, 13.93% gc time)
  1.031218 seconds (40.59 k allocations: 41.724 MiB, 17.00% gc time)
6089
2244
  0.800267 seconds (460.10 k allocations: 448.863 MiB)
988
  0.839970 seconds (85.70 k allocations: 87.125 MiB)
  0.844746 seconds (101.63 k allocations: 106.603 MiB)
7240
3496
  0.841610 seconds (102.01 k allocations: 103.136 MiB)
6090
  0.865276 seconds (169.30 k allocations: 171.424 MiB)
8485
  0.876279 seconds (232.72 k allocations: 232.315 MiB)
2245
  0.932716 seconds (508.63 k allocations: 507.575 MiB)
9743
  0.943614 seconds (512.37 k allocations: 508.905 MiB)
4745
  0.861108 seconds (554.57 k allocations: 549.278 MiB)
989
  0.771291 seconds (290.43 k allocations: 288.332 MiB)
7241
  0.775614 seconds (289.46 k allocations: 287.609 MiB)
6091
  0.788727 seconds (336.16 k allocations: 331.086 MiB)
2246
  0.772801 seconds (307.78 k allocations: 305.141 MiB)
9744
  0.865759 seconds (553.22 k allocations: 549.224 MiB)
3497
  0.868927 seconds (567.62 k allocations: 561.763 MiB)
8486
  0.859668 seconds (554.57 k allocations: 549.278 MiB)
4746
  0.773985 seconds (369.70 k allocations: 365.639 MiB)
6092
  0.863517 seconds (534.59 k allocations: 528.729 MiB)
990
  0.857233 seconds (494.94 k allocations: 489.564 MiB)
7242
  1.180269 seconds (370.94 k allocations: 367.045 MiB, 13.89% gc time)
  1.153488 seconds (278.69 k allocations: 276.086 MiB, 14.21% gc time)
  1.138821 seconds (242.66 k allocations: 240.379 MiB, 14.39% gc time)
  1.110717 seconds (208.33 k allocations: 206.322 MiB, 14.76% gc time)
  1.036324 seconds (129.26 k allocations: 127.998 MiB, 15.82% gc time)
4747
2247
3498
8487
9745
  0.754942 seconds (463.32 k allocations: 451.987 MiB)
6093
  0.783868 seconds (149.55 k allocations: 148.211 MiB)
3499
  0.819700 seconds (221.83 k allocations: 222.479 MiB)
7243
  0.879420 seconds (312.33 k allocations: 309.303 MiB)
  0.878643 seconds (310.57 k allocations: 308.672 MiB)
4748
8488
  0.946601 seconds (575.47 k allocations: 568.861 MiB)
991
  0.871595 seconds (321.40 k allocations: 321.061 MiB)
2248
  0.937298 seconds (554.57 k allocations: 549.278 MiB)
9746
  0.775645 seconds (554.57 k allocations: 549.278 MiB)
6094
  0.868873 seconds (500.97 k allocations: 496.556 MiB)
3500
  0.780461 seconds (222.69 k allocations: 222.306 MiB)
8489
  0.866217 seconds (519.49 k allocations: 515.920 MiB)
7244
  0.792268 seconds (277.04 k allocations: 275.944 MiB)
992
  0.861481 seconds (516.41 k allocations: 511.346 MiB)
4749
  0.856095 seconds (500.86 k allocations: 496.666 MiB)
2249
  0.869165 seconds (554.57 k allocations: 549.278 MiB)
9747
  0.808566 seconds (554.57 k allocations: 549.278 MiB)
6095
  0.862052 seconds (381.59 k allocations: 378.237 MiB)
3501
  0.866809 seconds (381.14 k allocations: 379.231 MiB)
8490
  0.860070 seconds (357.37 k allocations: 356.687 MiB)
7245
  0.867135 seconds (380.13 k allocations: 377.241 MiB)
993
  0.876610 seconds (374.09 k allocations: 371.485 MiB)
4750
  0.863966 seconds (360.50 k allocations: 358.668 MiB)
2250
  0.862560 seconds (380.72 k allocations: 376.809 MiB)
9748
  1.051912 seconds (258.17 k allocations: 253.790 MiB, 16.49% gc time)
  1.348467 seconds (435.56 k allocations: 430.487 MiB, 12.86% gc time)
7246
6096
  0.798540 seconds (286.47 k allocations: 285.586 MiB)
3502
  0.856916 seconds (300.18 k allocations: 296.025 MiB)
994
  0.869479 seconds (317.74 k allocations: 313.031 MiB)
8491
  0.878053 seconds (267.18 k allocations: 263.653 MiB)
7247
  0.949857 seconds (388.84 k allocations: 386.398 MiB)
4751
  0.950376 seconds (392.22 k allocations: 389.828 MiB)
9749
  1.171438 seconds (507.80 k allocations: 503.097 MiB)
2251
  1.163986 seconds (546.22 k allocations: 540.064 MiB)
6097
  0.768138 seconds (506.42 k allocations: 500.342 MiB)
3503
  0.792235 seconds (510.51 k allocations: 504.456 MiB)
995
  0.841091 seconds (547.97 k allocations: 541.524 MiB)
8492
  0.796991 seconds (387.83 k allocations: 385.635 MiB)
7248
  0.866422 seconds (475.35 k allocations: 470.812 MiB)
  0.868693 seconds (476.07 k allocations: 472.887 MiB)
9750
4752
  0.786653 seconds (475.35 k allocations: 470.812 MiB)
6098
  0.861608 seconds (571.23 k allocations: 565.221 MiB)
2252
  0.867499 seconds (540.36 k allocations: 534.255 MiB)
3504
  0.865422 seconds (539.08 k allocations: 533.237 MiB)
996
  0.870495 seconds (487.53 k allocations: 483.694 MiB)
8493
  0.867422 seconds (484.86 k allocations: 481.334 MiB)
7249
  0.857575 seconds (460.05 k allocations: 454.948 MiB)
9751
  1.866489 seconds (474.88 k allocations: 470.571 MiB, 9.83% gc time)
  1.625727 seconds (351.44 k allocations: 348.348 MiB, 11.29% gc time)
  1.597390 seconds (316.62 k allocations: 313.814 MiB, 11.49% gc time)
  1.197387 seconds (219.79 k allocations: 217.066 MiB, 15.32% gc time)
  1.038409 seconds (42.27 k allocations: 47.415 MiB, 17.67% gc time)
  1.148717 seconds (163.87 k allocations: 167.874 MiB, 15.97% gc time)
4753
2253
6099
3505
8494
997
  0.792366 seconds (526.34 k allocations: 512.405 MiB)
7250
  0.784063 seconds (137.37 k allocations: 137.795 MiB)
6100
  0.847717 seconds (251.00 k allocations: 250.409 MiB)
2254
  0.877631 seconds (246.16 k allocations: 244.752 MiB)
8495
  0.943390 seconds (377.75 k allocations: 377.032 MiB)
9752
  0.944153 seconds (358.48 k allocations: 357.541 MiB)
3506
  1.217377 seconds (475.35 k allocations: 470.812 MiB)
998
  1.300223 seconds (556.98 k allocations: 552.813 MiB)
4754
  0.783922 seconds (475.35 k allocations: 470.812 MiB)
6101
  0.898451 seconds (564.14 k allocations: 559.665 MiB)
7251
  0.757075 seconds (335.76 k allocations: 331.922 MiB)
9753
  0.880649 seconds (582.34 k allocations: 574.433 MiB)
2255
  0.774089 seconds (403.29 k allocations: 399.412 MiB)
3507
  0.842500 seconds (492.88 k allocations: 490.246 MiB)
8496
  0.864527 seconds (554.57 k allocations: 549.278 MiB)
999
  0.852928 seconds (554.57 k allocations: 549.278 MiB)
4755
  0.869033 seconds (554.57 k allocations: 549.278 MiB)
6102
  1.811787 seconds (444.72 k allocations: 437.419 MiB, 21.63% gc time)  1.726465 seconds (228.51 k allocations: 225.411 MiB, 22.70% gc time)  1.733628 seconds (233.23 k allocations: 231.159 MiB, 22.60% gc time)

  1.849570 seconds (508.39 k allocations: 502.442 MiB, 21.19% gc time)

  1.742075 seconds (247.10 k allocations: 245.670 MiB, 22.49% gc time)
  1.262805 seconds (70.26 k allocations: 68.625 MiB, 31.03% gc time)
  1.366594 seconds (149.57 k allocations: 147.156 MiB, 28.67% gc time)
1000
4756
2256
8497
3508
9754
7252
  0.748292 seconds (525.25 k allocations: 511.270 MiB)
6103
  0.833179 seconds (110.74 k allocations: 115.985 MiB)
1001
  0.840892 seconds (103.38 k allocations: 103.021 MiB)
7253
  0.934050 seconds (249.13 k allocations: 250.061 MiB)
  0.933641 seconds (247.26 k allocations: 248.387 MiB)
4757
2257
  0.937533 seconds (254.35 k allocations: 257.905 MiB)
9755
  0.939818 seconds (275.10 k allocations: 275.511 MiB)
8498
  0.944007 seconds (284.67 k allocations: 286.112 MiB)
3509
  0.776848 seconds (554.57 k allocations: 549.278 MiB)
6104
  0.862643 seconds (496.67 k allocations: 492.437 MiB)
1002
  0.867493 seconds (500.04 k allocations: 495.870 MiB)
7254
  0.853968 seconds (237.89 k allocations: 238.082 MiB)
4758
  0.855939 seconds (218.18 k allocations: 218.194 MiB)
9756
  0.864754 seconds (256.60 k allocations: 255.167 MiB)
8499
  0.879507 seconds (293.99 k allocations: 293.597 MiB)
  0.866857 seconds (281.60 k allocations: 280.672 MiB)
2258
3510
  0.870291 seconds (554.57 k allocations: 549.278 MiB)
6105
  0.859732 seconds (298.08 k allocations: 295.264 MiB)
1003
  0.860758 seconds (252.40 k allocations: 251.761 MiB)
7255
  0.861149 seconds (153.25 k allocations: 157.087 MiB)
4759
  0.865040 seconds (149.62 k allocations: 153.809 MiB)
9757
  0.860108 seconds (125.27 k allocations: 129.469 MiB)
8500
  0.869827 seconds (141.72 k allocations: 147.873 MiB)
2259
  0.868222 seconds (141.87 k allocations: 147.016 MiB)
3511
  1.016135 seconds (351.14 k allocations: 346.043 MiB, 25.66% gc time)
6106
  0.856562 seconds (227.92 k allocations: 226.693 MiB)
9758
  0.784097 seconds (8.23 k allocations: 9.315 MiB)
6107
  0.843515 seconds (99.00 k allocations: 103.743 MiB)
7256
  0.861135 seconds (168.11 k allocations: 166.408 MiB)
3512
  0.886846 seconds (261.54 k allocations: 263.358 MiB)
1004
  0.881495 seconds (279.07 k allocations: 275.463 MiB)
2260
  0.938887 seconds (497.69 k allocations: 493.426 MiB)
4760
  0.952269 seconds (528.99 k allocations: 524.792 MiB)
8501
  0.770126 seconds (365.94 k allocations: 361.614 MiB)
6108
  0.771462 seconds (336.56 k allocations: 333.714 MiB)
9759
  0.778781 seconds (317.00 k allocations: 312.749 MiB)
3513
  0.870449 seconds (524.29 k allocations: 517.435 MiB)
7257
  0.768593 seconds (256.46 k allocations: 254.820 MiB)
4761
  0.875918 seconds (503.17 k allocations: 500.091 MiB)
1005
  0.877660 seconds (543.34 k allocations: 536.077 MiB)
2261
  0.868668 seconds (542.43 k allocations: 536.430 MiB)
8502
  0.777628 seconds (478.54 k allocations: 473.662 MiB)
6109
  1.178460 seconds (443.81 k allocations: 436.567 MiB, 11.45% gc time)
  1.234384 seconds (532.26 k allocations: 525.287 MiB, 10.93% gc time)
  1.131537 seconds (289.43 k allocations: 284.738 MiB, 11.92% gc time)
  1.117357 seconds (234.88 k allocations: 231.269 MiB, 12.08% gc time)
  1.063592 seconds (130.82 k allocations: 127.897 MiB, 12.69% gc time)
  1.094824 seconds (177.63 k allocations: 175.415 MiB, 12.32% gc time)
  1.004873 seconds (70.40 k allocations: 69.063 MiB, 13.43% gc time)
4762
2262
1006
3514
8503
7258
9760
  0.760528 seconds (525.70 k allocations: 511.645 MiB)
6110
  0.786087 seconds (82.92 k allocations: 83.233 MiB)
9761
  0.789536 seconds (86.05 k allocations: 87.653 MiB)
3515
  0.790877 seconds (98.91 k allocations: 100.181 MiB)
1007
  0.871041 seconds (318.78 k allocations: 316.904 MiB)
  0.878882 seconds (337.30 k allocations: 340.913 MiB)
4763
8504
  0.878592 seconds (328.62 k allocations: 330.402 MiB)
2263
  0.946233 seconds (557.34 k allocations: 553.152 MiB)
7259
  0.779487 seconds (554.57 k allocations: 549.278 MiB)
6111
  0.873970 seconds (404.13 k allocations: 401.232 MiB)
  0.865251 seconds (395.19 k allocations: 390.048 MiB)
9762
1008
  0.890162 seconds (429.09 k allocations: 427.973 MiB)
3516
  0.852937 seconds (302.09 k allocations: 301.135 MiB)
4764
  0.863828 seconds (380.69 k allocations: 375.304 MiB)
2264
  0.872903 seconds (402.71 k allocations: 399.076 MiB)
8505
  0.868727 seconds (534.73 k allocations: 527.844 MiB)
7260
  0.874092 seconds (554.57 k allocations: 549.278 MiB)
6112
  0.868551 seconds (340.03 k allocations: 335.592 MiB)
1009
  0.887286 seconds (347.95 k allocations: 344.606 MiB)
9763
  0.863046 seconds (239.36 k allocations: 239.674 MiB)
4765
  0.904156 seconds (328.00 k allocations: 327.139 MiB)
3517
  0.872282 seconds (239.84 k allocations: 239.124 MiB)
2265
  0.910094 seconds (318.16 k allocations: 316.711 MiB)
8506
  0.897095 seconds (341.09 k allocations: 337.668 MiB)
7261
  1.501274 seconds (314.74 k allocations: 311.217 MiB, 46.67% gc time)
6113
  0.861344 seconds (272.47 k allocations: 269.367 MiB)
9764
  0.883001 seconds (224.65 k allocations: 222.539 MiB)
1010
  0.853658 seconds (131.69 k allocations: 131.344 MiB)
3518
  0.875717 seconds (197.46 k allocations: 198.169 MiB)
2266
  0.837428 seconds (221.01 k allocations: 218.432 MiB)
6114
  0.946249 seconds (498.50 k allocations: 492.773 MiB)
4766
  0.932312 seconds (458.78 k allocations: 454.957 MiB)
8507
  0.939594 seconds (517.48 k allocations: 512.556 MiB)
7262
  0.787488 seconds (498.27 k allocations: 491.111 MiB)
9765
  0.779471 seconds (324.17 k allocations: 319.407 MiB)
2267
  0.780116 seconds (281.22 k allocations: 278.314 MiB)
6115
  0.865532 seconds (508.08 k allocations: 501.924 MiB)
3519
  0.873332 seconds (533.50 k allocations: 530.339 MiB)
1011
  0.865278 seconds (472.65 k allocations: 465.571 MiB)
4767
  0.872665 seconds (466.98 k allocations: 462.816 MiB)
8508
  0.868813 seconds (484.32 k allocations: 479.599 MiB)
7263
  0.776576 seconds (532.66 k allocations: 526.890 MiB)
9766
  0.778002 seconds (450.62 k allocations: 444.296 MiB)
6116
  0.869960 seconds (567.26 k allocations: 561.423 MiB)
2268
  1.859776 seconds (189.38 k allocations: 187.990 MiB, 19.50% gc time)
  1.957742 seconds (407.11 k allocations: 402.868 MiB, 18.53% gc time)
  1.952396 seconds (395.34 k allocations: 390.379 MiB, 18.58% gc time)
  1.898880 seconds (288.18 k allocations: 283.734 MiB, 19.10% gc time)
  1.837334 seconds (169.74 k allocations: 167.891 MiB, 19.74% gc time)
  1.238433 seconds (90.87 k allocations: 90.008 MiB, 29.29% gc time)
3520
4768
7264
9767
8509
1012
  0.757043 seconds (496.88 k allocations: 484.066 MiB)
6117
  0.825288 seconds (80.51 k allocations: 82.155 MiB)
9768
  0.852435 seconds (191.45 k allocations: 194.650 MiB)
2269
  0.837807 seconds (99.96 k allocations: 101.168 MiB)
7265
  0.842799 seconds (122.36 k allocations: 124.047 MiB)
3521
  0.846048 seconds (135.40 k allocations: 137.946 MiB)
1013
  0.915743 seconds (504.75 k allocations: 501.366 MiB)
4769
  0.947438 seconds (531.40 k allocations: 525.880 MiB)
8510
  0.781972 seconds (554.57 k allocations: 549.278 MiB)
6118
  0.779069 seconds (301.81 k allocations: 301.676 MiB)
9769
  0.781579 seconds (275.24 k allocations: 276.471 MiB)
2270
  0.782666 seconds (266.32 k allocations: 264.249 MiB)
1014
  0.865032 seconds (462.27 k allocations: 455.641 MiB)
3522
  0.875343 seconds (482.15 k allocations: 479.770 MiB)
7266
  0.871041 seconds (491.19 k allocations: 484.757 MiB)
4770
  0.869127 seconds (528.73 k allocations: 523.324 MiB)
8511
  0.869058 seconds (554.57 k allocations: 549.278 MiB)
6119
  0.871312 seconds (428.69 k allocations: 424.734 MiB)
2271
  0.876087 seconds (432.10 k allocations: 429.431 MiB)
9770
  0.861658 seconds (436.11 k allocations: 432.046 MiB)
1015
  1.797903 seconds (395.56 k allocations: 390.589 MiB, 21.94% gc time)
  1.793217 seconds (389.49 k allocations: 383.558 MiB, 22.00% gc time)
  1.692809 seconds (256.26 k allocations: 252.260 MiB, 23.30% gc time)
  1.736754 seconds (301.11 k allocations: 296.323 MiB, 22.71% gc time)
  1.146097 seconds (177.57 k allocations: 174.578 MiB, 34.42% gc time)
7267
3523
8512
6120
4771
  0.771871 seconds (20.47 k allocations: 23.285 MiB)
4772
  0.863723 seconds (415.74 k allocations: 407.864 MiB)
9771
  0.839628 seconds (153.58 k allocations: 153.535 MiB)
6121
  0.876135 seconds (314.25 k allocations: 311.151 MiB)
1016
  0.861009 seconds (228.85 k allocations: 229.605 MiB)
7268
  0.972616 seconds (706.34 k allocations: 692.872 MiB)
2272
  0.927685 seconds (456.36 k allocations: 452.648 MiB)
3524
  0.932938 seconds (481.12 k allocations: 476.543 MiB)
8513
  0.779369 seconds (442.40 k allocations: 436.435 MiB)
9772
  0.776685 seconds (313.45 k allocations: 310.369 MiB)
6122
  0.777125 seconds (310.12 k allocations: 307.391 MiB)
1017
  0.871740 seconds (640.00 k allocations: 632.257 MiB)
4773
  0.801138 seconds (408.39 k allocations: 402.669 MiB)
2273
  0.870678 seconds (552.92 k allocations: 547.698 MiB)
7269
  0.849705 seconds (480.24 k allocations: 475.500 MiB)
3525
  0.873313 seconds (507.15 k allocations: 502.672 MiB)
8514
  0.773888 seconds (380.18 k allocations: 376.890 MiB)
6123
  0.873141 seconds (550.74 k allocations: 544.195 MiB)
9773
  1.309175 seconds (450.34 k allocations: 445.673 MiB, 16.25% gc time)
  1.273776 seconds (379.86 k allocations: 375.557 MiB, 16.70% gc time)
  1.224398 seconds (286.11 k allocations: 283.183 MiB, 17.37% gc time)
  1.195502 seconds (246.19 k allocations: 242.339 MiB, 17.79% gc time)
  1.084220 seconds (92.69 k allocations: 91.794 MiB, 19.62% gc time)
  1.118922 seconds (120.42 k allocations: 119.505 MiB, 19.01% gc time)
8515
2274
1018
4774
7270
3526
  0.753007 seconds (494.95 k allocations: 482.221 MiB)
6124
  0.826685 seconds (113.54 k allocations: 117.431 MiB)
4775
  0.849073 seconds (206.01 k allocations: 208.567 MiB)
9774
  0.839510 seconds (126.55 k allocations: 126.634 MiB)
7271
  0.867546 seconds (231.92 k allocations: 230.111 MiB)
8516
  0.870330 seconds (252.17 k allocations: 249.701 MiB)
3527
  0.935344 seconds (474.02 k allocations: 469.530 MiB)
1019
  0.934094 seconds (477.51 k allocations: 474.323 MiB)
2275
  0.779010 seconds (554.57 k allocations: 549.278 MiB)
6125
  0.773707 seconds (370.56 k allocations: 366.240 MiB)
9775
  0.753122 seconds (271.92 k allocations: 270.840 MiB)
8517
  0.863281 seconds (556.42 k allocations: 549.408 MiB)
4776
  0.867583 seconds (501.29 k allocations: 496.851 MiB)
7272
  0.864287 seconds (507.56 k allocations: 498.992 MiB)
3528
  0.862081 seconds (473.06 k allocations: 468.634 MiB)
2276
  0.869281 seconds (499.14 k allocations: 495.018 MiB)
1020
  0.870463 seconds (554.57 k allocations: 549.278 MiB)
6126
  0.874429 seconds (496.92 k allocations: 492.687 MiB)
9776
  0.867108 seconds (482.38 k allocations: 477.540 MiB)
8518
  0.864018 seconds (468.02 k allocations: 462.380 MiB)
4777
  0.869021 seconds (430.08 k allocations: 426.266 MiB)
7273
  0.863081 seconds (397.20 k allocations: 393.576 MiB)
3529
  1.722635 seconds (365.70 k allocations: 362.228 MiB, 11.98% gc time)
  1.665023 seconds (324.69 k allocations: 321.785 MiB, 12.39% gc time)
  0.983362 seconds (125.18 k allocations: 124.150 MiB, 20.98% gc time)
  1.157780 seconds (245.72 k allocations: 243.604 MiB, 17.82% gc time)
2277
6127
9777
1021
  0.810637 seconds (414.09 k allocations: 404.834 MiB)
8519
  0.814542 seconds (192.36 k allocations: 191.642 MiB)
4778
  0.837662 seconds (214.49 k allocations: 214.245 MiB)
7274
  0.840673 seconds (194.32 k allocations: 191.480 MiB)
6128
  0.843347 seconds (206.80 k allocations: 204.858 MiB)
1022
  0.949610 seconds (581.09 k allocations: 575.467 MiB)
3530
  0.927454 seconds (429.24 k allocations: 429.142 MiB)
9778
  0.935914 seconds (458.16 k allocations: 454.566 MiB)
2278
  0.865140 seconds (546.13 k allocations: 539.775 MiB)
8520
  0.778078 seconds (275.20 k allocations: 272.531 MiB)
6129
  0.777657 seconds (276.04 k allocations: 273.559 MiB)
1023
  0.870618 seconds (583.36 k allocations: 575.396 MiB)
4779
  0.866408 seconds (566.01 k allocations: 558.985 MiB)
7275
  0.864542 seconds (466.40 k allocations: 462.049 MiB)
3531
  0.863788 seconds (445.77 k allocations: 442.516 MiB)
9779
  0.878740 seconds (523.09 k allocations: 516.698 MiB)
2279
  0.765841 seconds (372.72 k allocations: 368.315 MiB)
6130
  0.866152 seconds (531.28 k allocations: 525.579 MiB)
8521
  1.225690 seconds (419.70 k allocations: 414.919 MiB, 12.60% gc time)
  1.085380 seconds (177.91 k allocations: 175.568 MiB, 14.23% gc time)
  1.174151 seconds (311.40 k allocations: 308.821 MiB, 13.15% gc time)
  1.187660 seconds (326.75 k allocations: 324.723 MiB, 13.00% gc time)
  1.025587 seconds (74.13 k allocations: 73.903 MiB, 15.06% gc time)
  1.063172 seconds (121.86 k allocations: 120.846 MiB, 14.53% gc time)
1024
7276
2280
9780
4780
3532
  0.752275 seconds (519.88 k allocations: 506.123 MiB)
6131
  0.785640 seconds (138.20 k allocations: 137.374 MiB)
2281
  0.840456 seconds (209.43 k allocations: 206.968 MiB)
1025
  0.873362 seconds (259.73 k allocations: 257.750 MiB)
9781
  0.879336 seconds (276.15 k allocations: 279.771 MiB)
8522
  0.873177 seconds (312.47 k allocations: 309.853 MiB)
3533
  0.930676 seconds (476.94 k allocations: 471.099 MiB)
7277
  0.942327 seconds (536.95 k allocations: 531.185 MiB)
4781
  0.776005 seconds (554.57 k allocations: 549.278 MiB)
6132
  0.870542 seconds (542.93 k allocations: 536.707 MiB)
2282
  0.786844 seconds (259.25 k allocations: 257.287 MiB)
8523
  0.860223 seconds (499.37 k allocations: 492.371 MiB)
1026
  0.773236 seconds (278.26 k allocations: 274.460 MiB)
7278
  0.863423 seconds (510.37 k allocations: 505.554 MiB)
9782
  0.869819 seconds (564.19 k allocations: 557.256 MiB)
3534
  0.870535 seconds (554.57 k allocations: 549.278 MiB)
4782
  0.870090 seconds (554.57 k allocations: 549.278 MiB)
6133
  0.859957 seconds (446.24 k allocations: 441.339 MiB)
2283
  0.864352 seconds (432.02 k allocations: 427.931 MiB)
8524
  0.856657 seconds (366.85 k allocations: 364.345 MiB)
1027
  0.862665 seconds (373.19 k allocations: 369.168 MiB)
7279
  1.585422 seconds (374.15 k allocations: 370.312 MiB, 10.46% gc time)
  1.546189 seconds (325.50 k allocations: 322.521 MiB, 10.73% gc time)
  1.461852 seconds (246.45 k allocations: 244.213 MiB, 11.35% gc time)
  0.952442 seconds (167.57 k allocations: 166.118 MiB, 17.42% gc time)
6134
3535
9783
4783
  0.794766 seconds (442.88 k allocations: 432.391 MiB)
8525
  0.783648 seconds (79.23 k allocations: 78.479 MiB)
6135
  0.947336 seconds (483.98 k allocations: 475.796 MiB)
2284
  0.937237 seconds (278.50 k allocations: 278.168 MiB)
7280
  0.942041 seconds (287.71 k allocations: 288.412 MiB)
1028
  0.934237 seconds (268.67 k allocations: 266.708 MiB)
9784
  0.936308 seconds (280.08 k allocations: 280.289 MiB)
3536
  0.941613 seconds (297.59 k allocations: 298.459 MiB)
4784
  0.780415 seconds (475.35 k allocations: 470.812 MiB)
6136
  0.876885 seconds (570.20 k allocations: 565.662 MiB)
8526
  0.772805 seconds (243.56 k allocations: 243.285 MiB)
7281
  0.756710 seconds (164.57 k allocations: 165.461 MiB)
3537
  0.768410 seconds (200.95 k allocations: 200.482 MiB)
4785
  0.870642 seconds (693.61 k allocations: 680.949 MiB)
2285
  0.861935 seconds (489.40 k allocations: 486.690 MiB)
1029
  0.875256 seconds (508.49 k allocations: 506.415 MiB)
9785
  0.768722 seconds (492.48 k allocations: 488.433 MiB)
6137
  1.270398 seconds (545.10 k allocations: 538.995 MiB, 13.33% gc time)
  1.156077 seconds (325.73 k allocations: 322.136 MiB, 14.65% gc time)
  1.150400 seconds (305.67 k allocations: 301.688 MiB, 14.72% gc time)
  1.059441 seconds (96.26 k allocations: 94.757 MiB, 15.98% gc time)
  1.137523 seconds (273.93 k allocations: 270.094 MiB, 14.89% gc time)
  1.101952 seconds (203.35 k allocations: 199.941 MiB, 15.37% gc time)
  1.039384 seconds (75.61 k allocations: 82.028 MiB, 16.29% gc time)
7282
8527
3538
4786
2286
1030
9786
  0.754516 seconds (527.63 k allocations: 513.550 MiB)
6138
  0.785815 seconds (152.52 k allocations: 151.064 MiB)
1031
  0.877432 seconds (233.81 k allocations: 231.510 MiB)
7283
  0.877739 seconds (233.73 k allocations: 232.864 MiB)
2287
  1.006647 seconds (393.64 k allocations: 392.201 MiB)
4787
  0.990750 seconds (389.76 k allocations: 385.030 MiB)
9787
  1.069818 seconds (475.87 k allocations: 472.532 MiB)
8528
  1.120818 seconds (555.35 k allocations: 551.248 MiB)
3539
  0.772585 seconds (554.57 k allocations: 549.278 MiB)
6139
  0.872636 seconds (554.57 k allocations: 549.278 MiB)
1032
  0.863110 seconds (443.86 k allocations: 439.451 MiB)
2288
  0.879646 seconds (473.30 k allocations: 469.064 MiB)
7284
  0.896970 seconds (543.86 k allocations: 536.163 MiB)
4788
  0.859006 seconds (423.77 k allocations: 420.230 MiB)
  0.865686 seconds (430.77 k allocations: 429.543 MiB)
8529
9788
  0.867233 seconds (554.57 k allocations: 549.278 MiB)
3540
  0.862046 seconds (554.57 k allocations: 549.278 MiB)
6140
  0.859464 seconds (455.81 k allocations: 451.905 MiB)
1033
  0.863189 seconds (427.04 k allocations: 424.588 MiB)
2289
  0.869192 seconds (449.81 k allocations: 446.587 MiB)
7285
  1.392013 seconds (336.87 k allocations: 333.203 MiB, 12.08% gc time)
  1.260657 seconds (249.60 k allocations: 245.799 MiB, 13.34% gc time)
  1.380014 seconds (328.74 k allocations: 324.194 MiB, 12.19% gc time)
  1.410165 seconds (373.52 k allocations: 369.504 MiB, 11.93% gc time)
  0.964237 seconds (170.76 k allocations: 167.673 MiB, 17.44% gc time)
9789
3541
8530
6141
4789
  0.800367 seconds (419.94 k allocations: 410.448 MiB)
2290
  0.829352 seconds (279.10 k allocations: 275.860 MiB)
7286
  0.787191 seconds (82.96 k allocations: 83.481 MiB)
6142
  0.889755 seconds (482.18 k allocations: 474.300 MiB)
1034
  0.922365 seconds (320.43 k allocations: 320.941 MiB)
3542
  0.927831 seconds (328.27 k allocations: 329.860 MiB)
9790
  0.926037 seconds (331.89 k allocations: 331.085 MiB)
4790
  0.934810 seconds (360.47 k allocations: 359.859 MiB)
8531
  0.778287 seconds (357.98 k allocations: 354.416 MiB)
6143
  0.881588 seconds (587.09 k allocations: 581.838 MiB)
2291
  0.869178 seconds (519.86 k allocations: 514.651 MiB)
7287
  0.868764 seconds (521.63 k allocations: 516.531 MiB)
1035
  0.855107 seconds (329.65 k allocations: 328.524 MiB)
9791
  0.869769 seconds (355.37 k allocations: 355.796 MiB)
3543
  0.864702 seconds (351.79 k allocations: 350.127 MiB)
8532
  0.876164 seconds (373.31 k allocations: 373.384 MiB)
4791
  0.774708 seconds (514.12 k allocations: 509.145 MiB)
6144
  1.243160 seconds (386.64 k allocations: 382.055 MiB, 20.43% gc time)
  1.337223 seconds (540.01 k allocations: 532.687 MiB, 18.99% gc time)
  1.278313 seconds (430.94 k allocations: 425.642 MiB, 19.86% gc time)
  1.128301 seconds (70.07 k allocations: 68.622 MiB, 22.50% gc time)
  1.153106 seconds (149.78 k allocations: 148.582 MiB, 22.02% gc time)
  1.128450 seconds (70.33 k allocations: 68.982 MiB, 22.50% gc time)
  1.132853 seconds (76.69 k allocations: 77.857 MiB, 22.41% gc time)
1036
4792
7288
8533
9792
3544
2292
  0.754961 seconds (520.92 k allocations: 507.064 MiB)
6145
  0.844759 seconds (79.59 k allocations: 80.051 MiB)
1037
  0.880121 seconds (140.15 k allocations: 145.552 MiB)
4793
  0.879274 seconds (130.80 k allocations: 130.694 MiB)
3545
  0.883560 seconds (137.26 k allocations: 138.296 MiB)
8534
  0.935093 seconds (350.77 k allocations: 346.501 MiB)
2293
  0.940574 seconds (362.38 k allocations: 359.030 MiB)
9793
  0.940579 seconds (369.08 k allocations: 366.885 MiB)
7289
  0.769385 seconds (554.57 k allocations: 549.278 MiB)
6146
  0.774469 seconds (239.53 k allocations: 235.563 MiB)
3546
  0.795292 seconds (285.34 k allocations: 282.045 MiB)
8535
  0.769586 seconds (158.26 k allocations: 158.197 MiB)
9794
  0.871389 seconds (565.16 k allocations: 559.441 MiB)
1038
  0.859824 seconds (526.91 k allocations: 523.014 MiB)
4794
  0.865309 seconds (480.40 k allocations: 476.869 MiB)
2294
  0.873316 seconds (488.92 k allocations: 485.229 MiB)
7290
  0.868102 seconds (554.57 k allocations: 549.278 MiB)
6147
  0.864082 seconds (458.31 k allocations: 451.437 MiB)
3547
  0.865049 seconds (375.41 k allocations: 372.313 MiB)
8536
  0.863096 seconds (301.12 k allocations: 301.426 MiB)
9795
  0.864214 seconds (298.60 k allocations: 298.004 MiB)
1039
  0.870021 seconds (308.89 k allocations: 309.280 MiB)
4795
  0.862596 seconds (233.63 k allocations: 233.397 MiB)
2295
  0.870563 seconds (241.70 k allocations: 242.530 MiB)
7291
  1.090325 seconds (332.22 k allocations: 327.927 MiB, 27.11% gc time)
6148
  0.777020 seconds (252.22 k allocations: 249.938 MiB)
3548
  0.782264 seconds (79.22 k allocations: 78.479 MiB)
6149
  0.862164 seconds (203.71 k allocations: 205.137 MiB)
8537
  0.853439 seconds (167.09 k allocations: 169.095 MiB)
1040
  0.877980 seconds (282.60 k allocations: 279.841 MiB)
2296
  0.966942 seconds (534.75 k allocations: 531.116 MiB)
9796
  0.949934 seconds (447.15 k allocations: 445.069 MiB)
4796
  0.960137 seconds (468.40 k allocations: 468.036 MiB)
7292
  0.777098 seconds (389.62 k allocations: 385.914 MiB)
6150
  0.868683 seconds (555.46 k allocations: 551.554 MiB)
3549
  0.778797 seconds (380.80 k allocations: 376.244 MiB)
2297
  0.750770 seconds (227.98 k allocations: 227.352 MiB)
9797
  0.866362 seconds (542.90 k allocations: 538.115 MiB)
8538
  0.865422 seconds (543.75 k allocations: 539.072 MiB)
1041
  0.779082 seconds (340.88 k allocations: 339.685 MiB)
4797
  0.860116 seconds (554.57 k allocations: 549.278 MiB)
7293
  0.755223 seconds (475.35 k allocations: 470.812 MiB)
3550
  0.777282 seconds (500.92 k allocations: 497.946 MiB)
6151
  1.837118 seconds (246.52 k allocations: 243.873 MiB, 14.55% gc time)
  1.886960 seconds (455.52 k allocations: 448.998 MiB, 14.16% gc time)
  1.866168 seconds (352.97 k allocations: 348.210 MiB, 14.32% gc time)
  1.840562 seconds (253.07 k allocations: 251.472 MiB, 14.52% gc time)
  1.821532 seconds (228.70 k allocations: 225.759 MiB, 14.67% gc time)
  1.735926 seconds (149.69 k allocations: 147.581 MiB, 15.40% gc time)
  1.137565 seconds (31.69 k allocations: 30.655 MiB, 23.50% gc time)
7294
1042
2298
4798
9798
3551
8539
  0.753465 seconds (537.21 k allocations: 522.825 MiB)
6152
  0.840245 seconds (94.12 k allocations: 98.853 MiB)
1043
  0.842828 seconds (95.11 k allocations: 101.221 MiB)
2299
  0.840812 seconds (104.24 k allocations: 105.280 MiB)
7295
  0.885814 seconds (247.13 k allocations: 244.666 MiB)
3552
  0.932907 seconds (381.19 k allocations: 378.057 MiB)
  0.931433 seconds (381.26 k allocations: 379.530 MiB)
4799
8540
  0.934326 seconds (386.01 k allocations: 385.526 MiB)
9799
  0.777873 seconds (554.57 k allocations: 549.278 MiB)
6153
  0.768595 seconds (79.23 k allocations: 78.479 MiB)
9800
  0.870982 seconds (407.28 k allocations: 405.480 MiB)
2300
  0.864101 seconds (387.61 k allocations: 385.650 MiB)
  0.872038 seconds (403.28 k allocations: 401.995 MiB)
7296
1044
  0.880634 seconds (496.56 k allocations: 488.469 MiB)
3553
  0.855628 seconds (392.88 k allocations: 389.445 MiB)
4800
  0.860959 seconds (406.73 k allocations: 404.130 MiB)
8541
  0.867707 seconds (554.57 k allocations: 549.278 MiB)
6154
  0.773635 seconds (392.88 k allocations: 388.881 MiB)
9801
  1.601898 seconds (396.97 k allocations: 391.736 MiB, 10.67% gc time)
  1.556812 seconds (219.50 k allocations: 217.818 MiB, 10.98% gc time)
  1.611286 seconds (424.20 k allocations: 418.985 MiB, 10.61% gc time)
  1.524979 seconds (149.26 k allocations: 147.017 MiB, 11.21% gc time)
  1.532579 seconds (155.93 k allocations: 154.590 MiB, 11.15% gc time)
  1.545877 seconds (186.61 k allocations: 185.259 MiB, 11.06% gc time)
  0.963598 seconds (70.60 k allocations: 69.586 MiB, 17.74% gc time)
7297
3554
8542
1045
2301
4801
6155
  0.865494 seconds (520.75 k allocations: 506.914 MiB)
  0.775932 seconds (1.19 k allocations: 3.592 MiB)
4802
9802
  0.835701 seconds (151.98 k allocations: 150.753 MiB)
8543
  0.841835 seconds (168.46 k allocations: 170.403 MiB)
1046
  0.840487 seconds (172.12 k allocations: 172.879 MiB)
6156
  0.846124 seconds (193.41 k allocations: 194.697 MiB)
2302
  0.922038 seconds (479.10 k allocations: 476.843 MiB)
7298
  0.931278 seconds (490.20 k allocations: 488.926 MiB)
3555
  0.778477 seconds (165.25 k allocations: 164.676 MiB)
6157
  0.794697 seconds (195.72 k allocations: 197.712 MiB)
8544
  0.862092 seconds (500.70 k allocations: 495.639 MiB)
4803
  0.864057 seconds (507.06 k allocations: 503.014 MiB)
9803
  0.771853 seconds (301.12 k allocations: 296.324 MiB)
7299
  0.868780 seconds (511.05 k allocations: 508.860 MiB)
1047
  0.865110 seconds (514.97 k allocations: 511.586 MiB)
2303
  0.878723 seconds (554.57 k allocations: 549.278 MiB)
3556
  0.774828 seconds (372.68 k allocations: 370.924 MiB)
6158
  0.759116 seconds (149.55 k allocations: 148.426 MiB)
1048
  1.203355 seconds (379.31 k allocations: 375.050 MiB, 13.82% gc time)
  1.211765 seconds (408.11 k allocations: 405.021 MiB, 13.72% gc time)
  1.203015 seconds (379.02 k allocations: 374.781 MiB, 13.82% gc time)
  1.150850 seconds (204.95 k allocations: 204.161 MiB, 14.45% gc time)
  1.125890 seconds (155.46 k allocations: 154.415 MiB, 14.77% gc time)
  1.037162 seconds (81.95 k allocations: 88.205 MiB, 16.03% gc time)
4804
2304
9804
8545
7300
3557
  0.750089 seconds (513.48 k allocations: 499.965 MiB)
6159
  0.774424 seconds (157.45 k allocations: 160.680 MiB)
3558
  0.868540 seconds (158.45 k allocations: 156.946 MiB)
  0.872310 seconds (163.00 k allocations: 166.355 MiB)
9805
7301
  0.878036 seconds (184.97 k allocations: 185.174 MiB)
2305
  0.927894 seconds (368.46 k allocations: 368.325 MiB)
1049
  0.926041 seconds (377.03 k allocations: 371.827 MiB)
4805
  0.927696 seconds (384.91 k allocations: 380.729 MiB)
8546
  0.776603 seconds (554.57 k allocations: 549.278 MiB)
6160
  0.868988 seconds (554.57 k allocations: 549.278 MiB)
3559
  0.855939 seconds (385.32 k allocations: 378.951 MiB)
7302
  0.870037 seconds (401.90 k allocations: 396.220 MiB)
  0.859595 seconds (347.82 k allocations: 344.662 MiB)
9806
2306
  0.863496 seconds (361.88 k allocations: 358.361 MiB)
1050
  0.861147 seconds (365.80 k allocations: 362.305 MiB)
4806
  0.865900 seconds (398.77 k allocations: 395.285 MiB)
8547
  0.862356 seconds (554.57 k allocations: 549.278 MiB)
6161
  0.869932 seconds (554.57 k allocations: 549.278 MiB)
3560
  0.778562 seconds (278.92 k allocations: 274.679 MiB)
9807
  1.694406 seconds (463.20 k allocations: 456.362 MiB, 15.67% gc time)
  1.680318 seconds (387.35 k allocations: 379.932 MiB, 15.80% gc time)
  1.632018 seconds (210.54 k allocations: 208.322 MiB, 16.27% gc time)
  1.635069 seconds (215.63 k allocations: 214.466 MiB, 16.24% gc time)
  1.622011 seconds (201.07 k allocations: 198.073 MiB, 16.37% gc time)
  1.061685 seconds (122.52 k allocations: 120.690 MiB, 25.01% gc time)
7303
8548
1051
6162
2307
4807
  0.888990 seconds (469.95 k allocations: 458.347 MiB)
9808
  0.833039 seconds (51.30 k allocations: 51.752 MiB)
6163
  0.844243 seconds (79.27 k allocations: 79.954 MiB)
1052
  0.871809 seconds (194.99 k allocations: 197.011 MiB)
  0.844627 seconds (109.64 k allocations: 109.726 MiB)
2308
4808
  0.945725 seconds (577.72 k allocations: 568.572 MiB)
3561
  0.928914 seconds (457.57 k allocations: 453.803 MiB)
7304
  0.936204 seconds (475.02 k allocations: 471.935 MiB)
8549
  0.772020 seconds (489.62 k allocations: 481.450 MiB)
9809
  0.776920 seconds (364.72 k allocations: 360.662 MiB)
6164
  0.788323 seconds (282.07 k allocations: 277.706 MiB)
3562
  0.777038 seconds (210.51 k allocations: 208.192 MiB)
8550
  0.870850 seconds (460.76 k allocations: 458.066 MiB)
  0.851540 seconds (399.15 k allocations: 395.265 MiB)
4809
1053
  0.875321 seconds (493.38 k allocations: 492.163 MiB)
2309
  0.864148 seconds (513.45 k allocations: 508.700 MiB)
7305
  0.777224 seconds (475.35 k allocations: 470.812 MiB)
6165
  0.872625 seconds (574.47 k allocations: 568.329 MiB)
9810
  1.264334 seconds (428.19 k allocations: 421.600 MiB, 21.42% gc time)
  1.215041 seconds (237.84 k allocations: 235.566 MiB, 22.29% gc time)
  1.182692 seconds (167.55 k allocations: 165.651 MiB, 22.90% gc time)
  1.217872 seconds (244.05 k allocations: 242.736 MiB, 22.23% gc time)
  1.136565 seconds (97.87 k allocations: 96.500 MiB, 23.82% gc time)
  1.158940 seconds (124.35 k allocations: 123.029 MiB, 23.36% gc time)
7306
1054
4810
2310
8551
3563
  0.756353 seconds (499.97 k allocations: 487.012 MiB)
6166
  0.789509 seconds (81.86 k allocations: 82.218 MiB)
1055
  0.847750 seconds (223.04 k allocations: 224.874 MiB)
9811
  0.870796 seconds (270.04 k allocations: 271.280 MiB)
2311
  0.876333 seconds (248.37 k allocations: 248.300 MiB)
  0.873887 seconds (246.60 k allocations: 245.825 MiB)
8552
7307
  0.887482 seconds (310.27 k allocations: 310.402 MiB)
4811
  0.930502 seconds (534.13 k allocations: 526.042 MiB)
3564
  0.775847 seconds (554.57 k allocations: 549.278 MiB)
6167
  0.776885 seconds (403.75 k allocations: 398.028 MiB)
9812
  0.770165 seconds (266.22 k allocations: 265.179 MiB)
2312
  0.867643 seconds (607.03 k allocations: 600.900 MiB)
1056
  0.864844 seconds (406.85 k allocations: 402.409 MiB)
7308
  0.877077 seconds (421.83 k allocations: 418.176 MiB)
8553
  0.878547 seconds (425.55 k allocations: 421.947 MiB)
4812
  0.867963 seconds (501.56 k allocations: 494.888 MiB)
3565
  0.866784 seconds (554.57 k allocations: 549.278 MiB)
6168
  0.868621 seconds (453.23 k allocations: 449.443 MiB)
9813
  0.863793 seconds (424.23 k allocations: 421.889 MiB)
2313
  0.850561 seconds (411.38 k allocations: 409.798 MiB)
1057
  0.772249 seconds (234.46 k allocations: 235.007 MiB)
7309
  1.864805 seconds (384.49 k allocations: 379.994 MiB, 10.48% gc time)
  1.853427 seconds (359.82 k allocations: 355.138 MiB, 10.54% gc time)
  1.804640 seconds (314.67 k allocations: 310.748 MiB, 10.82% gc time)
  1.050861 seconds (36.02 k allocations: 34.683 MiB, 18.59% gc time)
  1.253281 seconds (235.81 k allocations: 232.797 MiB, 15.59% gc time)
8554
9814
4813
3566
6169
  0.788095 seconds (432.12 k allocations: 422.106 MiB)
2314
  0.786852 seconds (84.73 k allocations: 84.968 MiB)
9815
  0.860225 seconds (350.95 k allocations: 347.268 MiB)
7310
  0.839800 seconds (199.18 k allocations: 197.347 MiB)
  0.880640 seconds (372.48 k allocations: 368.361 MiB)
6170
1058
  0.938916 seconds (400.74 k allocations: 397.980 MiB)
4814
  0.934179 seconds (398.26 k allocations: 395.823 MiB)
  0.943360 seconds (406.01 k allocations: 405.825 MiB)
3567
8555
  0.868032 seconds (554.57 k allocations: 549.278 MiB)
2315
  0.778364 seconds (307.40 k allocations: 303.563 MiB)
6171
  0.869030 seconds (524.92 k allocations: 518.049 MiB)
9816
  0.863463 seconds (487.99 k allocations: 482.916 MiB)
7311
  0.876184 seconds (537.23 k allocations: 531.460 MiB)
1059
  0.860520 seconds (396.12 k allocations: 392.345 MiB)
  0.863239 seconds (396.86 k allocations: 394.421 MiB)
8556
3568
  0.871902 seconds (415.20 k allocations: 414.674 MiB)
4815
  0.773293 seconds (432.38 k allocations: 426.830 MiB)
6172
  0.862159 seconds (575.82 k allocations: 569.611 MiB)
2316
  0.777315 seconds (373.98 k allocations: 371.735 MiB)
9817
  1.227969 seconds (464.19 k allocations: 457.687 MiB, 17.12% gc time)
  1.094421 seconds (174.59 k allocations: 172.594 MiB, 19.21% gc time)
  1.176250 seconds (405.00 k allocations: 399.830 MiB, 17.87% gc time)
  1.093738 seconds (176.88 k allocations: 178.425 MiB, 19.22% gc time)
  1.087841 seconds (171.77 k allocations: 172.419 MiB, 19.33% gc time)
8557
1060
3569
4816
7312
  0.747153 seconds (424.57 k allocations: 414.933 MiB)
6173
  0.786668 seconds (158.18 k allocations: 156.465 MiB)
  0.786516 seconds (157.55 k allocations: 157.247 MiB)
1061
4817
  0.891859 seconds (497.25 k allocations: 488.677 MiB)
2317
  0.874856 seconds (371.29 k allocations: 368.368 MiB)
3570
  0.940591 seconds (578.31 k allocations: 571.593 MiB)
9818
  0.837312 seconds (393.96 k allocations: 390.486 MiB)
7313
  0.875735 seconds (490.14 k allocations: 486.394 MiB)
8558
  0.777618 seconds (554.57 k allocations: 549.278 MiB)
6174
  0.797917 seconds (459.70 k allocations: 455.625 MiB)
4818
  0.775757 seconds (324.77 k allocations: 321.213 MiB)
3571
  0.865388 seconds (536.68 k allocations: 532.163 MiB)
1062
  0.778589 seconds (279.30 k allocations: 277.891 MiB)
9819
  0.752198 seconds (257.89 k allocations: 256.385 MiB)
8559
  0.880089 seconds (630.89 k allocations: 625.176 MiB)
2318
  0.868389 seconds (585.05 k allocations: 579.665 MiB)
7314
  0.869346 seconds (554.57 k allocations: 549.278 MiB)
6175
  0.775032 seconds (254.85 k allocations: 252.867 MiB)
9820
  0.871337 seconds (557.60 k allocations: 552.182 MiB)
4819
  0.747953 seconds (178.18 k allocations: 179.910 MiB)
2319
  0.868738 seconds (564.87 k allocations: 557.710 MiB)
3572
  0.864281 seconds (434.05 k allocations: 431.281 MiB)
8560
  0.861541 seconds (415.86 k allocations: 412.875 MiB)
1063
  1.757201 seconds (355.52 k allocations: 353.900 MiB, 9.20% gc time)
  1.025449 seconds (84.96 k allocations: 85.438 MiB, 15.76% gc time)
  1.013860 seconds (61.97 k allocations: 62.164 MiB, 15.94% gc time)
  1.180521 seconds (276.59 k allocations: 275.711 MiB, 13.69% gc time)
9821
6176
7315
2320
  0.769741 seconds (470.81 k allocations: 459.118 MiB)
4820
  0.783556 seconds (79.23 k allocations: 78.479 MiB)
9822
  0.850074 seconds (204.82 k allocations: 206.214 MiB)
8561
  0.835912 seconds (155.00 k allocations: 153.860 MiB)
7316
  0.840515 seconds (162.26 k allocations: 162.233 MiB)
6177
  0.871187 seconds (273.15 k allocations: 274.704 MiB)
2321
  0.947190 seconds (594.77 k allocations: 591.224 MiB)
3573
  0.928221 seconds (481.10 k allocations: 481.414 MiB)
1064
  0.870969 seconds (554.57 k allocations: 549.278 MiB)
4821
  0.772416 seconds (291.52 k allocations: 289.388 MiB)
8562
  0.778405 seconds (286.76 k allocations: 286.283 MiB)
6178
  0.853205 seconds (583.57 k allocations: 575.603 MiB)
9823
  0.861262 seconds (505.07 k allocations: 500.484 MiB)
7317
  0.863259 seconds (470.21 k allocations: 464.464 MiB)
2322
  0.854155 seconds (443.53 k allocations: 440.367 MiB)
3574
  0.854388 seconds (455.91 k allocations: 452.424 MiB)
1065
  0.773990 seconds (340.10 k allocations: 337.301 MiB)
6179
  0.857908 seconds (561.81 k allocations: 556.211 MiB)
4822
  1.887381 seconds (514.76 k allocations: 509.755 MiB, 8.77% gc time)
  1.857837 seconds (465.99 k allocations: 460.627 MiB, 8.91% gc time)
  1.787666 seconds (345.74 k allocations: 340.091 MiB, 9.25% gc time)
  1.755532 seconds (235.75 k allocations: 232.139 MiB, 9.42% gc time)
  1.725072 seconds (156.38 k allocations: 155.094 MiB, 9.59% gc time)
  1.025256 seconds (3.44 k allocations: 3.690 MiB, 16.14% gc time)
  1.718232 seconds (149.94 k allocations: 148.117 MiB, 9.63% gc time)
2323
8563
9824
7318
1066
3575
4823
  0.756097 seconds (528.57 k allocations: 514.466 MiB)
6180
  0.791061 seconds (79.22 k allocations: 78.479 MiB)
4824
  0.837950 seconds (136.62 k allocations: 136.052 MiB)
1067
  0.929737 seconds (250.31 k allocations: 254.827 MiB)
2324
  0.927922 seconds (240.96 k allocations: 239.979 MiB)
3576
  0.936385 seconds (257.01 k allocations: 257.998 MiB)
  0.934037 seconds (256.51 k allocations: 256.295 MiB)
8564
  0.936771 seconds (261.72 k allocations: 264.084 MiB)
7319
9825
  0.776541 seconds (554.57 k allocations: 549.278 MiB)
6181
  0.779092 seconds (531.46 k allocations: 525.729 MiB)
4825
  0.772194 seconds (522.69 k allocations: 517.556 MiB)
1068
  0.774397 seconds (237.67 k allocations: 235.412 MiB)
8565
  0.864308 seconds (339.94 k allocations: 339.608 MiB)
3577
  0.870780 seconds (350.81 k allocations: 351.423 MiB)
2325
  0.866796 seconds (332.33 k allocations: 332.721 MiB)
7320
  0.877049 seconds (379.13 k allocations: 377.719 MiB)
9826
  0.868359 seconds (554.57 k allocations: 549.278 MiB)
6182
  0.863762 seconds (526.67 k allocations: 521.149 MiB)
4826
  0.853539 seconds (523.74 k allocations: 518.554 MiB)
1069
  1.646201 seconds (482.50 k allocations: 477.869 MiB, 11.48% gc time)
  1.546069 seconds (165.73 k allocations: 164.109 MiB, 12.23% gc time)
  1.562608 seconds (191.75 k allocations: 191.417 MiB, 12.10% gc time)
  1.568008 seconds (210.77 k allocations: 210.986 MiB, 12.05% gc time)
  1.555849 seconds (176.74 k allocations: 176.028 MiB, 12.15% gc time)
  0.981580 seconds (87.24 k allocations: 86.731 MiB, 19.26% gc time)
8566
9827
7321
6183
2326
3578
  0.752475 seconds (506.77 k allocations: 493.540 MiB)
4827
  0.784398 seconds (79.23 k allocations: 78.479 MiB)
6184
  0.840619 seconds (152.15 k allocations: 150.904 MiB)
8567
  0.924517 seconds (339.18 k allocations: 339.890 MiB)
1070
  0.931436 seconds (271.28 k allocations: 269.004 MiB)
  0.930559 seconds (272.12 k allocations: 270.393 MiB)
7322
3579
  0.936363 seconds (281.31 k allocations: 282.671 MiB)
9828
  0.935756 seconds (290.21 k allocations: 291.386 MiB)
2327
  0.866232 seconds (554.57 k allocations: 549.278 MiB)
4828
  0.767335 seconds (498.26 k allocations: 492.733 MiB)
6185
  0.769915 seconds (164.00 k allocations: 164.701 MiB)
3580
  0.773867 seconds (169.45 k allocations: 171.348 MiB)
7323
  0.868507 seconds (562.96 k allocations: 560.185 MiB)
8568
  0.779316 seconds (193.16 k allocations: 194.452 MiB)
9829
  0.858493 seconds (563.36 k allocations: 555.021 MiB)
1071
  0.861292 seconds (513.15 k allocations: 507.189 MiB)
2328
  0.776066 seconds (475.35 k allocations: 470.812 MiB)
6186
  0.868498 seconds (564.43 k allocations: 558.717 MiB)
4829
  1.147968 seconds (282.08 k allocations: 280.358 MiB, 14.84% gc time)
  1.106675 seconds (175.86 k allocations: 173.615 MiB, 15.39% gc time)
  1.134798 seconds (240.15 k allocations: 237.766 MiB, 15.01% gc time)
  1.144171 seconds (267.71 k allocations: 265.389 MiB, 14.89% gc time)
  1.051823 seconds (83.46 k allocations: 82.842 MiB, 16.19% gc time)
  1.086329 seconds (126.22 k allocations: 125.152 MiB, 15.68% gc time)
8569
7324
3581
9830
2329
1072
  0.750911 seconds (511.06 k allocations: 497.664 MiB)
6187
  0.778029 seconds (79.22 k allocations: 78.479 MiB)
1073
  0.787674 seconds (87.44 k allocations: 87.781 MiB)
9831
  0.831544 seconds (241.01 k allocations: 243.486 MiB)
4830
  0.869040 seconds (299.97 k allocations: 296.458 MiB)
3582
  0.877003 seconds (317.57 k allocations: 314.718 MiB)
  0.876754 seconds (319.64 k allocations: 317.793 MiB)
8570
7325
  0.880803 seconds (341.80 k allocations: 340.785 MiB)
2330
  0.779395 seconds (554.57 k allocations: 549.278 MiB)
6188
  0.871862 seconds (438.68 k allocations: 434.290 MiB)
  0.872277 seconds (438.45 k allocations: 434.839 MiB)
1074
9832
  0.792118 seconds (108.45 k allocations: 109.308 MiB)
2331
  0.869730 seconds (439.48 k allocations: 432.414 MiB)
4831
  0.858428 seconds (323.62 k allocations: 320.517 MiB)
  0.867451 seconds (352.39 k allocations: 350.474 MiB)
3583
8571
  0.866700 seconds (357.89 k allocations: 356.168 MiB)
7326
  0.870469 seconds (554.57 k allocations: 549.278 MiB)
6189
  0.780771 seconds (429.49 k allocations: 425.296 MiB)
9833
  1.734235 seconds (296.15 k allocations: 292.392 MiB, 18.13% gc time)
  1.746672 seconds (365.06 k allocations: 359.556 MiB, 18.00% gc time)
  1.699578 seconds (180.60 k allocations: 179.362 MiB, 18.50% gc time)
  1.694689 seconds (173.89 k allocations: 171.689 MiB, 18.55% gc time)
  1.663901 seconds (149.18 k allocations: 146.810 MiB, 18.90% gc time)
  1.708355 seconds (206.13 k allocations: 205.189 MiB, 18.40% gc time)
  1.069896 seconds (70.73 k allocations: 69.912 MiB, 29.39% gc time)
7327
8572
3584
4832
2332
1075
6190
  0.927199 seconds (524.32 k allocations: 510.385 MiB)
9834
  0.845662 seconds (85.50 k allocations: 86.934 MiB)
2333
  0.875545 seconds (135.91 k allocations: 136.589 MiB)
3585
  0.934481 seconds (271.29 k allocations: 268.814 MiB)
7328
  0.934617 seconds (279.04 k allocations: 276.432 MiB)
  0.940611 seconds (290.15 k allocations: 289.162 MiB)
4833
8573
  1.162430 seconds (477.09 k allocations: 473.710 MiB)
1076
  1.566266 seconds (554.57 k allocations: 549.278 MiB)
6191
  0.772954 seconds (429.26 k allocations: 425.264 MiB)
9835
  0.776920 seconds (265.34 k allocations: 263.121 MiB)
8574
  0.876525 seconds (496.48 k allocations: 489.393 MiB)
3586
  0.887903 seconds (493.93 k allocations: 487.171 MiB)
2334
  0.866366 seconds (434.32 k allocations: 430.331 MiB)
7329
  1.093755 seconds (554.57 k allocations: 549.278 MiB)
4834
  0.982230 seconds (554.57 k allocations: 549.278 MiB)
1077
  0.980039 seconds (475.35 k allocations: 470.812 MiB)
  0.998941 seconds (486.86 k allocations: 484.256 MiB)
6192
9836
  0.871278 seconds (327.19 k allocations: 324.953 MiB)
8575
  0.885101 seconds (357.04 k allocations: 353.714 MiB)
3587
  0.874546 seconds (350.75 k allocations: 349.130 MiB)
7330
  0.973681 seconds (464.28 k allocations: 459.211 MiB)
2335
  1.941631 seconds (413.81 k allocations: 409.694 MiB, 22.98% gc time)
  1.832384 seconds (335.01 k allocations: 331.609 MiB, 24.35% gc time)
  1.321610 seconds (68.65 k allocations: 67.112 MiB, 33.76% gc time)
  1.409000 seconds (175.26 k allocations: 171.800 MiB, 31.66% gc time)
9837
1078
4835
6193
  0.851807 seconds (415.21 k allocations: 405.952 MiB)
8576
  0.864998 seconds (339.78 k allocations: 333.504 MiB)
3588
  0.856513 seconds (302.85 k allocations: 298.383 MiB)
7331
  0.942450 seconds (337.58 k allocations: 335.487 MiB)
  0.934281 seconds (312.54 k allocations: 310.454 MiB)
2336
  0.940630 seconds (319.59 k allocations: 318.628 MiB)
1079
9838
  1.239569 seconds (488.65 k allocations: 484.341 MiB)
6194
  1.316738 seconds (554.38 k allocations: 548.669 MiB)
4836
  0.772209 seconds (396.12 k allocations: 392.345 MiB)
  0.774519 seconds (396.44 k allocations: 393.211 MiB)
7332
3589
  0.866198 seconds (631.28 k allocations: 622.697 MiB)
8577
  0.857610 seconds (486.46 k allocations: 481.251 MiB)
2337
  0.795373 seconds (407.47 k allocations: 404.632 MiB)
9839
  0.987620 seconds (560.27 k allocations: 555.958 MiB)
1080
  0.779163 seconds (554.57 k allocations: 549.278 MiB)
6195
  0.862902 seconds (554.57 k allocations: 549.278 MiB)
4837
  0.865324 seconds (450.83 k allocations: 445.918 MiB)
  0.867195 seconds (452.48 k allocations: 448.884 MiB)
7333
3590
  0.865493 seconds (503.06 k allocations: 497.540 MiB)
8578
  0.777189 seconds (475.35 k allocations: 470.812 MiB)
9840
  1.771182 seconds (553.94 k allocations: 548.676 MiB, 8.97% gc time)
  1.581834 seconds (466.05 k allocations: 460.769 MiB, 10.05% gc time)
  1.468232 seconds (386.93 k allocations: 382.455 MiB, 10.82% gc time)
  1.286658 seconds (310.02 k allocations: 309.090 MiB, 12.35% gc time)
  1.062650 seconds (125.88 k allocations: 126.323 MiB, 14.96% gc time)
  1.020248 seconds (72.62 k allocations: 74.180 MiB, 15.58% gc time)
  1.063325 seconds (128.06 k allocations: 131.036 MiB, 14.95% gc time)
2338
6196
1081
7334
4838
8579
3591
  0.827436 seconds (65.57 k allocations: 67.658 MiB)
6197
  0.951711 seconds (568.02 k allocations: 553.716 MiB)
  0.857380 seconds (105.88 k allocations: 108.949 MiB)
9841
1082
  0.877345 seconds (187.85 k allocations: 187.722 MiB)
3592
  0.896257 seconds (282.26 k allocations: 279.498 MiB)
7335
  0.947165 seconds (415.61 k allocations: 415.551 MiB)
2339
  0.903846 seconds (390.93 k allocations: 387.260 MiB)
4839
  0.922266 seconds (407.31 k allocations: 405.586 MiB)
8580
  0.772450 seconds (474.73 k allocations: 468.264 MiB)
6198
  0.777252 seconds (384.62 k allocations: 379.918 MiB)
9842
  0.872121 seconds (515.52 k allocations: 510.274 MiB)
1083
  0.791676 seconds (193.71 k allocations: 193.342 MiB)
8581
  0.878388 seconds (480.30 k allocations: 475.560 MiB)
3593
  0.865473 seconds (440.67 k allocations: 434.963 MiB)
7336
  0.878245 seconds (477.10 k allocations: 472.502 MiB)
2340
  0.863091 seconds (453.90 k allocations: 449.263 MiB)
4840
  0.772780 seconds (536.12 k allocations: 530.190 MiB)
6199
  1.426572 seconds (277.71 k allocations: 274.965 MiB, 32.24% gc time)
  1.528293 seconds (545.19 k allocations: 539.062 MiB, 30.10% gc time)
  1.404527 seconds (212.98 k allocations: 208.966 MiB, 32.75% gc time)
  1.451511 seconds (366.12 k allocations: 360.850 MiB, 31.69% gc time)
  1.394086 seconds (182.95 k allocations: 179.094 MiB, 33.00% gc time)
  1.346530 seconds (87.42 k allocations: 86.532 MiB, 34.16% gc time)
  1.326681 seconds (70.37 k allocations: 69.041 MiB, 34.67% gc time)
8582
9843
3594
1084
2341
4841
7337
  0.760590 seconds (522.97 k allocations: 509.049 MiB)
6200
  0.925769 seconds (84.37 k allocations: 85.843 MiB)
  0.925005 seconds (82.04 k allocations: 84.581 MiB)
8583
4842
  0.934003 seconds (97.11 k allocations: 103.347 MiB)
2342
  0.934284 seconds (99.05 k allocations: 104.190 MiB)
9844
  0.936200 seconds (109.70 k allocations: 115.798 MiB)
1085
  0.933820 seconds (119.28 k allocations: 123.963 MiB)
  0.935527 seconds (126.63 k allocations: 132.390 MiB)
3595
7338
  0.777746 seconds (554.57 k allocations: 549.278 MiB)
6201
  0.769605 seconds (130.09 k allocations: 133.253 MiB)
4843
  0.780293 seconds (135.12 k allocations: 139.517 MiB)
2343
  0.850539 seconds (242.30 k allocations: 243.510 MiB)
8584
  0.855123 seconds (249.02 k allocations: 247.711 MiB)
1086
  0.868493 seconds (280.62 k allocations: 279.372 MiB)
9845
  0.875188 seconds (297.04 k allocations: 297.722 MiB)
3596
  0.877304 seconds (312.05 k allocations: 312.311 MiB)
7339
  0.779989 seconds (554.57 k allocations: 549.278 MiB)
6202
  0.865031 seconds (498.98 k allocations: 494.650 MiB)
4844
  0.758229 seconds (95.53 k allocations: 96.738 MiB)
9846
  0.872622 seconds (516.78 k allocations: 511.898 MiB)
2344
  0.846408 seconds (339.44 k allocations: 336.666 MiB)
8585
  1.739610 seconds (306.96 k allocations: 304.578 MiB, 27.00% gc time)
  1.719904 seconds (286.22 k allocations: 282.277 MiB, 27.31% gc time)
  1.759303 seconds (376.15 k allocations: 371.980 MiB, 26.70% gc time)
  1.261490 seconds (207.92 k allocations: 204.929 MiB, 37.24% gc time)
7340
1087
6203
3597
  0.865215 seconds (382.39 k allocations: 374.520 MiB)
9847
  0.881959 seconds (371.94 k allocations: 364.716 MiB)
4845
  0.883490 seconds (352.42 k allocations: 346.247 MiB)
2345
  0.838631 seconds (164.29 k allocations: 165.190 MiB)
6204
  0.847693 seconds (243.75 k allocations: 240.202 MiB)
1088
  0.926368 seconds (439.93 k allocations: 437.942 MiB)
8586
  0.939531 seconds (445.67 k allocations: 443.645 MiB)
3598
  0.940583 seconds (451.98 k allocations: 449.879 MiB)
7341
  0.771932 seconds (494.10 k allocations: 488.556 MiB)
9848
  0.779505 seconds (351.08 k allocations: 347.818 MiB)
6205
  0.861650 seconds (509.99 k allocations: 503.757 MiB)
4846
  0.869899 seconds (490.94 k allocations: 486.966 MiB)
2346
  0.776872 seconds (281.23 k allocations: 277.303 MiB)
7342
  0.865937 seconds (507.17 k allocations: 502.702 MiB)
1089
  0.859014 seconds (492.29 k allocations: 487.029 MiB)
8587
  0.864287 seconds (519.63 k allocations: 515.842 MiB)
3599
  0.776594 seconds (465.78 k allocations: 460.236 MiB)
6206
  0.868549 seconds (580.02 k allocations: 575.063 MiB)
9849
  1.218549 seconds (483.92 k allocations: 476.362 MiB, 18.29% gc time)
  1.192318 seconds (387.19 k allocations: 381.132 MiB, 18.70% gc time)
  1.156468 seconds (273.33 k allocations: 269.496 MiB, 19.28% gc time)
  1.154120 seconds (271.15 k allocations: 266.313 MiB, 19.32% gc time)
  1.104660 seconds (160.19 k allocations: 157.466 MiB, 20.18% gc time)
  1.084837 seconds (136.46 k allocations: 133.580 MiB, 20.55% gc time)
7343
1090
3600
2347
8588
4847
  0.798923 seconds (439.68 k allocations: 429.409 MiB)
6207
  0.780059 seconds (81.39 k allocations: 81.770 MiB)
8589
  0.877109 seconds (174.94 k allocations: 178.848 MiB)
2348
  0.877695 seconds (168.40 k allocations: 169.116 MiB)
  0.880816 seconds (171.11 k allocations: 172.224 MiB)
3601
7344
  0.966495 seconds (596.25 k allocations: 587.550 MiB)
9850
  0.890465 seconds (201.67 k allocations: 206.482 MiB)
1091
  0.924742 seconds (416.86 k allocations: 411.389 MiB)
4848
  0.777207 seconds (554.57 k allocations: 549.278 MiB)
6208
  0.873196 seconds (554.57 k allocations: 549.278 MiB)
8590
  0.780010 seconds (180.43 k allocations: 181.650 MiB)
3602
  0.785782 seconds (195.86 k allocations: 197.852 MiB)
9851
  0.870748 seconds (393.76 k allocations: 391.109 MiB)
  0.861816 seconds (357.94 k allocations: 355.764 MiB)
2349
1092
  0.869626 seconds (373.55 k allocations: 372.183 MiB)
7345
  0.854151 seconds (410.24 k allocations: 407.498 MiB)
4849
  0.779586 seconds (554.57 k allocations: 549.278 MiB)
6209
  0.751601 seconds (434.27 k allocations: 431.294 MiB)
8591
  0.790572 seconds (444.75 k allocations: 441.535 MiB)
9852
  1.771971 seconds (510.98 k allocations: 505.107 MiB, 19.85% gc time)
  1.683522 seconds (246.72 k allocations: 244.087 MiB, 20.89% gc time)
  1.693523 seconds (276.62 k allocations: 273.958 MiB, 20.77% gc time)
  1.667838 seconds (219.95 k allocations: 217.306 MiB, 21.09% gc time)
  1.636162 seconds (194.77 k allocations: 192.078 MiB, 21.49% gc time)
  1.128025 seconds (116.44 k allocations: 115.289 MiB, 31.18% gc time)
3603
7346
6210
2350
1093
4850
  0.792412 seconds (476.43 k allocations: 464.483 MiB)
8592
  0.838893 seconds (80.11 k allocations: 81.777 MiB)
6211
  0.843224 seconds (85.61 k allocations: 86.020 MiB)
1094
  0.868644 seconds (157.46 k allocations: 162.336 MiB)
4851
  0.952010 seconds (540.38 k allocations: 532.642 MiB)
9853
  0.933709 seconds (358.44 k allocations: 355.066 MiB)
  0.933908 seconds (360.81 k allocations: 358.713 MiB)
7347
3604
  0.936538 seconds (367.75 k allocations: 366.826 MiB)
2351
  0.768939 seconds (554.57 k allocations: 549.278 MiB)
8593
  0.777517 seconds (432.65 k allocations: 429.761 MiB)
6212
  0.767175 seconds (386.49 k allocations: 383.137 MiB)
4852
  0.775085 seconds (244.77 k allocations: 243.431 MiB)
  0.870257 seconds (567.98 k allocations: 563.290 MiB)
7348
1095
  0.867658 seconds (511.40 k allocations: 503.879 MiB)
9854
  0.851799 seconds (421.72 k allocations: 418.270 MiB)
2352
  0.867447 seconds (443.51 k allocations: 443.011 MiB)
3605
  0.868759 seconds (554.57 k allocations: 549.278 MiB)
8594
  0.775567 seconds (483.20 k allocations: 478.331 MiB)
6213
  1.693192 seconds (545.05 k allocations: 538.954 MiB, 9.21% gc time)
  1.520475 seconds (148.99 k allocations: 146.660 MiB, 10.25% gc time)
  1.606204 seconds (381.92 k allocations: 376.170 MiB, 9.71% gc time)
  1.607237 seconds (383.15 k allocations: 377.651 MiB, 9.70% gc time)
  1.541625 seconds (200.99 k allocations: 199.318 MiB, 10.11% gc time)
  1.520563 seconds (149.68 k allocations: 147.816 MiB, 10.25% gc time)
  0.924119 seconds (63.12 k allocations: 60.964 MiB, 16.87% gc time)
4853
2353
1096
7349
3606
9855
8595
  0.789485 seconds (526.54 k allocations: 512.500 MiB)
6214
  0.839812 seconds (85.75 k allocations: 90.832 MiB)
2354
  0.840083 seconds (83.03 k allocations: 83.551 MiB)
9856
  0.841486 seconds (87.67 k allocations: 89.418 MiB)
3607
  0.869857 seconds (198.21 k allocations: 196.630 MiB)
8596
  0.926646 seconds (392.98 k allocations: 388.108 MiB)
1097
  0.937803 seconds (406.87 k allocations: 404.053 MiB)
  0.937285 seconds (408.72 k allocations: 407.207 MiB)
4854
7350
  0.775976 seconds (554.57 k allocations: 549.278 MiB)
6215
  0.862760 seconds (356.04 k allocations: 353.794 MiB)
9857
  0.870463 seconds (368.08 k allocations: 367.965 MiB)
2355
  0.866396 seconds (358.56 k allocations: 357.827 MiB)
3608
  0.848621 seconds (350.59 k allocations: 348.985 MiB)
8597
  0.849993 seconds (407.84 k allocations: 404.776 MiB)
1098
  0.867111 seconds (429.18 k allocations: 425.420 MiB)
7351
  0.872439 seconds (436.21 k allocations: 434.797 MiB)
4855
  0.778410 seconds (554.57 k allocations: 549.278 MiB)
6216
  0.779285 seconds (318.74 k allocations: 316.874 MiB)
9858
  1.586367 seconds (407.73 k allocations: 405.889 MiB, 12.35% gc time)
  1.575054 seconds (383.90 k allocations: 377.992 MiB, 12.44% gc time)
  1.583437 seconds (399.33 k allocations: 396.611 MiB, 12.37% gc time)
  1.490622 seconds (160.55 k allocations: 159.050 MiB, 13.14% gc time)
  1.517519 seconds (219.41 k allocations: 216.694 MiB, 12.91% gc time)
  1.475221 seconds (149.68 k allocations: 147.572 MiB, 13.28% gc time)
  0.972129 seconds (70.87 k allocations: 69.980 MiB, 20.15% gc time)
2356
3609
7352
1099
4856
8598
6217
  0.917807 seconds (529.29 k allocations: 515.106 MiB)
9859
  0.871789 seconds (100.28 k allocations: 99.861 MiB)
8599
  0.933469 seconds (230.48 k allocations: 227.095 MiB)
  0.934839 seconds (233.37 k allocations: 229.878 MiB)
  0.933600 seconds (231.06 k allocations: 228.029 MiB)
7353
2357
4857
  0.934978 seconds (236.33 k allocations: 238.216 MiB)
3610
  1.145278 seconds (475.35 k allocations: 470.812 MiB)
6218
  1.193821 seconds (527.24 k allocations: 521.894 MiB)
1100
  0.793141 seconds (469.98 k allocations: 461.392 MiB)
8600
  0.799042 seconds (236.88 k allocations: 233.438 MiB)
4858
  0.879376 seconds (329.43 k allocations: 327.090 MiB)
2358
  0.888466 seconds (336.33 k allocations: 333.918 MiB)
3611
  0.914546 seconds (390.34 k allocations: 389.464 MiB)
7354
  0.986236 seconds (711.61 k allocations: 700.781 MiB)
9860
  0.800458 seconds (526.97 k allocations: 521.435 MiB)
6219
  0.873339 seconds (554.57 k allocations: 549.278 MiB)
1101
  0.873029 seconds (551.08 k allocations: 544.501 MiB)
8601
  0.877106 seconds (530.69 k allocations: 523.771 MiB)
4859
  0.771933 seconds (229.82 k allocations: 228.092 MiB)
9861
  1.804244 seconds (254.68 k allocations: 253.310 MiB, 32.77% gc time)
  1.859423 seconds (392.75 k allocations: 389.132 MiB, 31.80% gc time)
  1.825758 seconds (298.51 k allocations: 297.725 MiB, 32.38% gc time)
  1.666038 seconds (175.97 k allocations: 175.272 MiB, 35.49% gc time)
  1.461866 seconds (97.17 k allocations: 97.389 MiB, 40.44% gc time)
2359
3612
6220
7355
1102
  0.875027 seconds (493.66 k allocations: 480.989 MiB)
8602
  0.842947 seconds (140.19 k allocations: 142.950 MiB)
9862
  0.833600 seconds (93.57 k allocations: 96.076 MiB)
6221
  0.849794 seconds (153.39 k allocations: 157.223 MiB)
4860
  0.934004 seconds (338.85 k allocations: 338.553 MiB)
2360
  0.927714 seconds (320.25 k allocations: 319.730 MiB)
7356
  0.929929 seconds (325.07 k allocations: 324.559 MiB)
1103
  0.935677 seconds (350.03 k allocations: 349.881 MiB)
3613
  0.779252 seconds (337.58 k allocations: 334.887 MiB)
6222
  0.879163 seconds (567.95 k allocations: 559.205 MiB)
8603
  0.871879 seconds (459.57 k allocations: 455.723 MiB)
9863
  0.779061 seconds (207.44 k allocations: 206.484 MiB)
7357
  0.867773 seconds (486.08 k allocations: 482.726 MiB)
4861
  0.767064 seconds (215.58 k allocations: 214.688 MiB)
3614
  0.868764 seconds (522.80 k allocations: 518.687 MiB)
2361
  0.854642 seconds (484.49 k allocations: 480.988 MiB)
1104
  0.881372 seconds (527.25 k allocations: 521.712 MiB)
6223
  0.856621 seconds (424.05 k allocations: 417.433 MiB)
8604
  0.859607 seconds (304.63 k allocations: 303.363 MiB)
7358
  0.866105 seconds (317.67 k allocations: 316.047 MiB)
9864
  1.197559 seconds (313.92 k allocations: 312.676 MiB, 19.65% gc time)
  1.114853 seconds (168.24 k allocations: 167.948 MiB, 21.11% gc time)
  1.184678 seconds (304.03 k allocations: 301.858 MiB, 19.86% gc time)
  1.090750 seconds (146.39 k allocations: 146.020 MiB, 21.57% gc time)
2362
3615
1105
4862
  0.747151 seconds (439.80 k allocations: 429.441 MiB)
6224
  0.786523 seconds (410.68 k allocations: 403.021 MiB)
8605
  0.781846 seconds (158.56 k allocations: 159.502 MiB)
1106
  0.865744 seconds (263.46 k allocations: 264.996 MiB)
  0.879508 seconds (310.99 k allocations: 313.073 MiB)
9865
7359
  0.864909 seconds (250.11 k allocations: 250.172 MiB)
3616
  0.881899 seconds (312.72 k allocations: 311.516 MiB)
2363
  0.932269 seconds (543.00 k allocations: 536.992 MiB)
4863
  0.777592 seconds (554.57 k allocations: 549.278 MiB)
6225
  0.869856 seconds (550.32 k allocations: 543.775 MiB)
8606
  0.775386 seconds (247.15 k allocations: 246.911 MiB)
7360
  0.862410 seconds (545.18 k allocations: 540.500 MiB)
1107
  0.778406 seconds (280.79 k allocations: 278.103 MiB)
2364
  0.865790 seconds (492.82 k allocations: 487.529 MiB)
9866
  0.796334 seconds (398.53 k allocations: 394.861 MiB)
  0.867484 seconds (498.19 k allocations: 494.267 MiB)
4864
3617
  0.870420 seconds (554.57 k allocations: 549.278 MiB)
6226
  0.776824 seconds (306.78 k allocations: 299.911 MiB)
2365
  0.859607 seconds (511.73 k allocations: 506.861 MiB)
8607
  0.867510 seconds (484.73 k allocations: 479.810 MiB)
7361
  0.870228 seconds (501.65 k allocations: 496.190 MiB)
1108
  1.719117 seconds (260.97 k allocations: 260.562 MiB, 9.14% gc time)
  1.718573 seconds (260.37 k allocations: 259.984 MiB, 9.15% gc time)
  1.706441 seconds (251.05 k allocations: 249.810 MiB, 9.21% gc time)
  0.934618 seconds (5.48 k allocations: 5.304 MiB, 16.82% gc time)
  1.081679 seconds (172.30 k allocations: 171.962 MiB, 14.53% gc time)
3618
4865
6227
9867
8608
  0.756118 seconds (496.61 k allocations: 483.803 MiB)
2366
  0.842897 seconds (79.22 k allocations: 78.479 MiB)
3619
  0.868813 seconds (110.54 k allocations: 109.874 MiB)
8609
  0.907877 seconds (229.50 k allocations: 231.256 MiB)
1109
  0.941884 seconds (353.11 k allocations: 353.425 MiB)
7362
  0.932611 seconds (295.56 k allocations: 293.666 MiB)
9868
  0.933919 seconds (302.60 k allocations: 301.840 MiB)
6228
  0.935773 seconds (309.50 k allocations: 309.861 MiB)
4866
  0.778558 seconds (554.57 k allocations: 549.278 MiB)
2367
  0.770752 seconds (84.41 k allocations: 85.886 MiB)
6229
  0.868061 seconds (501.96 k allocations: 497.494 MiB)
3620
  0.875656 seconds (508.41 k allocations: 501.019 MiB)
8610
  0.857261 seconds (371.55 k allocations: 367.405 MiB)
1110
  0.867546 seconds (380.37 k allocations: 378.494 MiB)
7363
  0.863806 seconds (379.71 k allocations: 375.625 MiB)
9869
  0.872794 seconds (424.39 k allocations: 421.037 MiB)
4867
  0.870128 seconds (554.57 k allocations: 549.278 MiB)
2368
  0.774531 seconds (448.00 k allocations: 443.010 MiB)
6230
  0.750439 seconds (141.14 k allocations: 140.384 MiB)
9870
  0.849411 seconds (475.75 k allocations: 471.193 MiB)
3621
  1.650465 seconds (384.43 k allocations: 381.159 MiB, 9.42% gc time)
  1.608907 seconds (225.71 k allocations: 225.399 MiB, 9.66% gc time)
  1.639592 seconds (337.11 k allocations: 333.231 MiB, 9.48% gc time)
  1.018103 seconds (90.94 k allocations: 91.276 MiB, 15.27% gc time)
  1.584514 seconds (170.08 k allocations: 169.666 MiB, 9.81% gc time)
4868
8611
1111
7364
2369
  0.757420 seconds (497.62 k allocations: 484.771 MiB)
6231
  0.785481 seconds (79.23 k allocations: 78.479 MiB)
2370
  0.831351 seconds (146.54 k allocations: 149.219 MiB)
3622
  0.832447 seconds (145.22 k allocations: 149.411 MiB)
1112
  0.838517 seconds (183.04 k allocations: 182.108 MiB)
4869
  0.928790 seconds (476.57 k allocations: 476.674 MiB)
9871
  0.932533 seconds (423.24 k allocations: 423.414 MiB)
  0.932127 seconds (424.57 k allocations: 422.345 MiB)
8612
7365
  0.778051 seconds (554.57 k allocations: 549.278 MiB)
6232
  0.778457 seconds (470.96 k allocations: 464.985 MiB)
2371
  0.865304 seconds (414.75 k allocations: 411.391 MiB)
1113
  0.873796 seconds (421.45 k allocations: 419.236 MiB)
3623
  0.873732 seconds (429.01 k allocations: 426.678 MiB)
4870
  0.866321 seconds (354.79 k allocations: 351.563 MiB)
9872
  0.878185 seconds (386.93 k allocations: 381.304 MiB)
7366
  0.889663 seconds (421.05 k allocations: 416.605 MiB)
8613
  0.872361 seconds (554.57 k allocations: 549.278 MiB)
6233
  0.864678 seconds (554.57 k allocations: 549.278 MiB)
2372
  1.625270 seconds (161.81 k allocations: 160.148 MiB, 17.85% gc time)
  1.701031 seconds (359.92 k allocations: 356.007 MiB, 17.06% gc time)
  1.687572 seconds (320.23 k allocations: 315.427 MiB, 17.19% gc time)
  1.608283 seconds (149.29 k allocations: 147.039 MiB, 18.04% gc time)
  1.655367 seconds (229.18 k allocations: 225.959 MiB, 17.53% gc time)
  1.663841 seconds (254.98 k allocations: 251.963 MiB, 17.44% gc time)
  1.080968 seconds (70.55 k allocations: 69.456 MiB, 26.84% gc time)
4871
6234
8614
3624
7367
9873
1114
  0.767716 seconds (125.16 k allocations: 127.156 MiB)
6235
  0.880618 seconds (577.38 k allocations: 562.513 MiB)
2373
  0.838378 seconds (144.77 k allocations: 143.844 MiB)
1115
  0.932700 seconds (237.68 k allocations: 235.412 MiB)
3625
  0.933605 seconds (238.44 k allocations: 237.527 MiB)
  0.931932 seconds (238.78 k allocations: 238.127 MiB)
7368
  0.936537 seconds (242.74 k allocations: 244.491 MiB)
9874
8615
  0.945481 seconds (286.25 k allocations: 288.827 MiB)
4872
  0.783460 seconds (530.35 k allocations: 524.670 MiB)
6236
  0.875824 seconds (537.46 k allocations: 531.488 MiB)
2374
  0.869989 seconds (531.55 k allocations: 526.027 MiB)
1116
  0.751057 seconds (154.40 k allocations: 153.266 MiB)
  0.774956 seconds (198.47 k allocations: 197.996 MiB)
3626
9875
  0.866736 seconds (440.18 k allocations: 436.963 MiB)
7369
  0.874748 seconds (448.42 k allocations: 446.266 MiB)
8616
  0.880430 seconds (464.19 k allocations: 461.569 MiB)
4873
  0.776009 seconds (554.57 k allocations: 549.278 MiB)
6237
  1.145405 seconds (319.16 k allocations: 316.052 MiB, 13.32% gc time)
  1.197464 seconds (493.27 k allocations: 485.091 MiB, 12.74% gc time)
  1.131570 seconds (307.65 k allocations: 303.818 MiB, 13.48% gc time)
  1.154699 seconds (338.02 k allocations: 335.334 MiB, 13.21% gc time)
  1.054877 seconds (120.64 k allocations: 119.372 MiB, 14.46% gc time)
  1.033839 seconds (77.13 k allocations: 76.654 MiB, 14.76% gc time)
  1.026813 seconds (70.36 k allocations: 69.019 MiB, 14.86% gc time)
9876
3627
1117
7370
4874
2375
8617
  0.755660 seconds (526.63 k allocations: 512.583 MiB)
6238
  0.839248 seconds (161.12 k allocations: 160.495 MiB)
9877
  0.871328 seconds (201.31 k allocations: 200.398 MiB)
3628
  0.874086 seconds (206.55 k allocations: 206.844 MiB)
1118
  0.896487 seconds (301.81 k allocations: 299.437 MiB)
2376
  0.936792 seconds (428.67 k allocations: 424.708 MiB)
4875
  0.936541 seconds (459.97 k allocations: 454.869 MiB)
8618
  1.008457 seconds (557.74 k allocations: 553.546 MiB)
7371
  0.779000 seconds (554.57 k allocations: 549.278 MiB)
6239
  0.775187 seconds (484.94 k allocations: 479.788 MiB)
9878
  0.861159 seconds (445.62 k allocations: 442.161 MiB)
3629
  0.773213 seconds (301.40 k allocations: 298.999 MiB)
4876
  0.864697 seconds (445.64 k allocations: 442.388 MiB)
1119
  0.870612 seconds (489.06 k allocations: 484.133 MiB)
2377
  0.877045 seconds (554.57 k allocations: 549.278 MiB)
8619
  0.879855 seconds (554.57 k allocations: 549.278 MiB)
7372
  0.876707 seconds (554.57 k allocations: 549.278 MiB)
6240
  0.894176 seconds (554.57 k allocations: 549.278 MiB)
9879
  0.762124 seconds (294.24 k allocations: 292.196 MiB)
2378
  1.869242 seconds (416.90 k allocations: 412.238 MiB, 25.65% gc time)
  1.890294 seconds (462.78 k allocations: 457.356 MiB, 25.37% gc time)
  1.740923 seconds (255.47 k allocations: 252.719 MiB, 27.55% gc time)
  1.652524 seconds (176.42 k allocations: 174.505 MiB, 29.02% gc time)
  1.820036 seconds (334.87 k allocations: 331.438 MiB, 26.35% gc time)
  1.231861 seconds (97.64 k allocations: 96.766 MiB, 38.93% gc time)
4877
6241
3630
8620
7373
1120
  0.856473 seconds (495.60 k allocations: 482.838 MiB)
9880
  0.832456 seconds (95.92 k allocations: 99.368 MiB)
1121
  0.872850 seconds (253.64 k allocations: 254.175 MiB)
2379
  0.851355 seconds (120.32 k allocations: 121.881 MiB)
6242
  0.931637 seconds (319.22 k allocations: 317.326 MiB)
4878
  0.935477 seconds (322.72 k allocations: 322.107 MiB)
  0.936365 seconds (324.55 k allocations: 325.244 MiB)
  0.934085 seconds (325.86 k allocations: 326.642 MiB)
7374
8621
3631
  0.773960 seconds (547.77 k allocations: 541.340 MiB)
9881
  0.781762 seconds (400.12 k allocations: 397.391 MiB)
2380
  0.785412 seconds (406.10 k allocations: 403.325 MiB)
6243
  0.864060 seconds (598.65 k allocations: 592.678 MiB)
1122
  0.797717 seconds (296.32 k allocations: 295.421 MiB)
8622
  0.859856 seconds (389.13 k allocations: 384.433 MiB)
  0.865015 seconds (395.93 k allocations: 394.766 MiB)
7375
4879
  0.866964 seconds (407.88 k allocations: 405.251 MiB)
3632
  0.773084 seconds (554.57 k allocations: 549.278 MiB)
9882
  0.785197 seconds (468.41 k allocations: 462.742 MiB)
6244
  1.933098 seconds (549.99 k allocations: 543.755 MiB, 16.31% gc time)
  1.871969 seconds (443.25 k allocations: 437.463 MiB, 16.84% gc time)
  1.815010 seconds (363.66 k allocations: 355.761 MiB, 17.37% gc time)
  1.750595 seconds (149.25 k allocations: 146.956 MiB, 18.01% gc time)
  1.755876 seconds (152.56 k allocations: 151.598 MiB, 17.96% gc time)
  1.758755 seconds (156.64 k allocations: 156.741 MiB, 17.93% gc time)
  1.181503 seconds (70.54 k allocations: 69.353 MiB, 26.69% gc time)
2381
4880
1123
9883
8623
7376
3633
  0.765562 seconds (530.72 k allocations: 516.439 MiB)
6245
  0.777533 seconds (79.22 k allocations: 78.479 MiB)
9884
  0.929806 seconds (166.16 k allocations: 169.221 MiB)
1124
  0.930729 seconds (165.76 k allocations: 167.817 MiB)
4881
  0.932358 seconds (170.39 k allocations: 172.445 MiB)
  0.930294 seconds (169.03 k allocations: 171.369 MiB)
7377
3634
  0.936241 seconds (193.06 k allocations: 197.000 MiB)
8624
  0.945398 seconds (241.54 k allocations: 244.823 MiB)
2382
  0.778473 seconds (554.57 k allocations: 549.278 MiB)
6246
  0.856958 seconds (554.57 k allocations: 549.278 MiB)
9885
  0.758013 seconds (138.93 k allocations: 137.040 MiB)
2383
  0.855898 seconds (244.65 k allocations: 243.314 MiB)
  0.867782 seconds (295.49 k allocations: 298.250 MiB)
1125
3635
  0.864332 seconds (265.96 k allocations: 270.235 MiB)
4882
  0.867566 seconds (276.63 k allocations: 278.192 MiB)
7378
  0.880852 seconds (327.73 k allocations: 329.747 MiB)
8625
  0.880574 seconds (554.57 k allocations: 549.278 MiB)
6247
  0.774971 seconds (535.92 k allocations: 530.012 MiB)
9886
  1.774894 seconds (545.10 k allocations: 538.988 MiB, 17.01% gc time)
  1.681584 seconds (150.05 k allocations: 150.119 MiB, 17.96% gc time)
  1.696620 seconds (201.23 k allocations: 201.532 MiB, 17.80% gc time)
  1.689677 seconds (172.80 k allocations: 173.151 MiB, 17.87% gc time)
  1.678469 seconds (149.74 k allocations: 147.786 MiB, 17.99% gc time)
  1.679021 seconds (149.94 k allocations: 148.156 MiB, 17.99% gc time)
  1.106424 seconds (71.12 k allocations: 70.576 MiB, 27.29% gc time)
2384
4883
8626
7379
3636
1126
6248
  0.864263 seconds (526.33 k allocations: 512.298 MiB)
9887
  0.785156 seconds (21.46 k allocations: 23.195 MiB)
1127
  0.840419 seconds (156.25 k allocations: 154.851 MiB)
3637
  0.839023 seconds (162.87 k allocations: 162.604 MiB)
6249
  0.929228 seconds (319.26 k allocations: 317.366 MiB)
4884
  0.932609 seconds (321.94 k allocations: 321.354 MiB)
7380
  0.936230 seconds (327.25 k allocations: 327.866 MiB)
8627
  0.936649 seconds (332.41 k allocations: 334.226 MiB)
2385
  0.772015 seconds (491.72 k allocations: 487.710 MiB)
9888
  0.777999 seconds (396.12 k allocations: 392.345 MiB)
6250
  0.870048 seconds (573.51 k allocations: 565.977 MiB)
1128
  0.867682 seconds (557.77 k allocations: 553.570 MiB)
3638
  0.777485 seconds (245.34 k allocations: 244.176 MiB)
2386
  0.867061 seconds (414.97 k allocations: 412.834 MiB)
4885
  0.868406 seconds (414.87 k allocations: 414.157 MiB)
7381
  0.875629 seconds (440.92 k allocations: 439.290 MiB)
8628
  0.862492 seconds (554.57 k allocations: 549.278 MiB)
  0.775136 seconds (423.67 k allocations: 421.291 MiB)
9889
  0.878210 seconds (476.08 k allocations: 472.888 MiB)
1129
  0.866446 seconds (366.06 k allocations: 364.957 MiB)
3639
  0.880664 seconds (375.02 k allocations: 373.737 MiB)
2387
  0.858770 seconds (261.47 k allocations: 260.999 MiB)
4886
  0.877768 seconds (280.21 k allocations: 279.146 MiB)
7382
  1.033054 seconds (171.59 k allocations: 171.345 MiB, 16.25% gc time)
  1.636207 seconds (251.40 k allocations: 251.764 MiB, 10.26% gc time)
9890
8629
  0.758338 seconds (341.19 k allocations: 333.856 MiB)
1130
  0.850636 seconds (185.94 k allocations: 185.508 MiB)
3640
  0.864558 seconds (141.30 k allocations: 139.314 MiB)
9891
  0.944662 seconds (403.34 k allocations: 398.845 MiB)
2388
  0.936075 seconds (315.71 k allocations: 313.963 MiB)
4887
  0.935355 seconds (307.60 k allocations: 306.405 MiB)
7383
  0.935410 seconds (317.00 k allocations: 315.606 MiB)
8630
  0.868070 seconds (475.35 k allocations: 470.812 MiB)
1131
  0.770581 seconds (337.54 k allocations: 333.422 MiB)
9892
  0.865315 seconds (517.02 k allocations: 510.692 MiB)
3641
  0.766013 seconds (207.55 k allocations: 207.817 MiB)
7384
  0.775342 seconds (234.68 k allocations: 233.970 MiB)
8631
  0.874440 seconds (571.26 k allocations: 562.380 MiB)
2389
  0.929139 seconds (475.35 k allocations: 470.812 MiB)
4888
  0.859281 seconds (475.35 k allocations: 470.812 MiB)
1132
  0.863907 seconds (453.84 k allocations: 447.449 MiB)
9893
  0.870532 seconds (342.88 k allocations: 339.974 MiB)
3642
  0.866644 seconds (327.42 k allocations: 323.935 MiB)
7385
  1.733393 seconds (325.54 k allocations: 322.356 MiB, 7.59% gc time)
  1.687294 seconds (265.58 k allocations: 263.738 MiB, 7.79% gc time)
  1.553582 seconds (186.65 k allocations: 185.589 MiB, 8.46% gc time)
  0.988174 seconds (107.94 k allocations: 107.862 MiB, 13.31% gc time)
1133
8632
4889
2390
  0.860176 seconds (407.48 k allocations: 397.307 MiB)
9894
  0.785425 seconds (18.70 k allocations: 23.007 MiB)
1134
  0.942929 seconds (265.53 k allocations: 265.528 MiB)
3643
  0.933234 seconds (194.97 k allocations: 198.215 MiB)
7386
  0.929000 seconds (180.89 k allocations: 181.281 MiB)
  0.929869 seconds (183.88 k allocations: 185.535 MiB)
8633
2391
  0.931272 seconds (193.95 k allocations: 196.634 MiB)
4890
  0.766012 seconds (410.07 k allocations: 406.909 MiB)
9895
  0.778756 seconds (428.42 k allocations: 424.694 MiB)
1135
  0.754537 seconds (181.36 k allocations: 182.544 MiB)
7387
  0.864543 seconds (298.28 k allocations: 298.307 MiB)
3644
  0.850571 seconds (245.25 k allocations: 244.101 MiB)
4891
  0.868338 seconds (278.33 k allocations: 278.417 MiB)
  0.869510 seconds (280.32 k allocations: 280.541 MiB)
2392
8634
  0.864332 seconds (442.60 k allocations: 438.045 MiB)
9896
  0.862108 seconds (475.34 k allocations: 470.812 MiB)
1136
  0.866827 seconds (464.44 k allocations: 459.155 MiB)
  0.757623 seconds (149.42 k allocations: 148.462 MiB)
  1.599428 seconds (207.98 k allocations: 208.740 MiB, 8.84% gc time)
  1.579635 seconds (151.74 k allocations: 152.617 MiB, 8.95% gc time)
  1.593057 seconds (185.17 k allocations: 185.805 MiB, 8.88% gc time)
  0.914611 seconds (71.35 k allocations: 71.946 MiB, 15.46% gc time)
7388
2393
3645
8635
9897
4892
  0.756313 seconds (444.34 k allocations: 432.537 MiB)
1137
  0.779476 seconds (84.55 k allocations: 84.803 MiB)
9898
  0.839192 seconds (149.97 k allocations: 148.833 MiB)
3646
  0.843415 seconds (155.01 k allocations: 155.085 MiB)
7389
  0.850368 seconds (193.47 k allocations: 193.322 MiB)
2394
  0.923194 seconds (400.54 k allocations: 396.572 MiB)
4893
  0.940711 seconds (420.79 k allocations: 418.606 MiB)
8636
  0.872847 seconds (475.35 k allocations: 470.812 MiB)
1138
  0.855661 seconds (445.94 k allocations: 439.808 MiB)
9899
  0.790748 seconds (180.13 k allocations: 177.689 MiB)
4894
  0.870020 seconds (341.86 k allocations: 341.648 MiB)
7390
  0.870841 seconds (343.51 k allocations: 343.422 MiB)
3647
  0.879787 seconds (375.89 k allocations: 373.188 MiB)
2395
  0.876224 seconds (475.35 k allocations: 470.812 MiB)
8637
  0.855475 seconds (475.35 k allocations: 470.812 MiB)
1139
  0.869618 seconds (465.74 k allocations: 460.189 MiB)
9900
  0.795996 seconds (177.73 k allocations: 178.055 MiB)
2396
  1.880759 seconds (292.56 k allocations: 289.377 MiB, 15.50% gc time)  1.871714 seconds (285.66 k allocations: 281.548 MiB, 15.57% gc time)
  1.889285 seconds (305.18 k allocations: 303.904 MiB, 15.43% gc time)  1.797320 seconds (206.46 k allocations: 203.105 MiB, 16.22% gc time)


  1.140467 seconds (127.34 k allocations: 124.707 MiB, 25.56% gc time)
7391
8638
1140
3648
4895
  0.845957 seconds (259.82 k allocations: 254.768 MiB)
  0.784476 seconds (16.23 k allocations: 18.292 MiB)
2397
1141
  0.865040 seconds (256.71 k allocations: 253.437 MiB)
7392
  0.831888 seconds (160.76 k allocations: 158.138 MiB)
4896
  0.970028 seconds (628.19 k allocations: 617.907 MiB)
9901
  0.934202 seconds (387.64 k allocations: 385.464 MiB)
8639
  0.932260 seconds (389.99 k allocations: 386.682 MiB)
3649
  0.778931 seconds (368.32 k allocations: 364.103 MiB)
1142
  0.799687 seconds (386.72 k allocations: 381.926 MiB)
2398
  0.770778 seconds (301.46 k allocations: 297.875 MiB)
4897
  0.776846 seconds (349.48 k allocations: 343.626 MiB)
9902
  0.865642 seconds (526.66 k allocations: 521.201 MiB)
7393
  0.870090 seconds (402.00 k allocations: 399.192 MiB)
8640
  0.875010 seconds (409.43 k allocations: 406.501 MiB)
3650
  0.860739 seconds (347.49 k allocations: 344.382 MiB)
1143
  0.871428 seconds (354.44 k allocations: 352.465 MiB)
2399
  0.860284 seconds (331.08 k allocations: 328.875 MiB)
4898
  0.869088 seconds (331.42 k allocations: 327.973 MiB)
9903
  1.857733 seconds (433.89 k allocations: 427.467 MiB, 8.14% gc time)
  1.769551 seconds (287.38 k allocations: 283.165 MiB, 8.55% gc time)
  1.758988 seconds (275.73 k allocations: 270.782 MiB, 8.60% gc time)
  1.011823 seconds (66.39 k allocations: 63.588 MiB, 14.95% gc time)
8641
3651
2400
7394
  0.753105 seconds (317.01 k allocations: 310.698 MiB)
1144
  0.783034 seconds (82.90 k allocations: 84.459 MiB)
2401
  0.863412 seconds (322.23 k allocations: 317.359 MiB)
4899
  0.964592 seconds (507.98 k allocations: 500.221 MiB)
9904
  0.933144 seconds (298.72 k allocations: 295.262 MiB)
7395
  0.938775 seconds (302.96 k allocations: 301.976 MiB)
  0.936872 seconds (303.66 k allocations: 301.981 MiB)
8642
3652
  0.872398 seconds (475.35 k allocations: 470.812 MiB)
1145
  0.768045 seconds (352.52 k allocations: 349.393 MiB)
  0.782537 seconds (370.08 k allocations: 368.796 MiB)
4900
2402
  0.748743 seconds (244.52 k allocations: 243.187 MiB)
3653
  0.778830 seconds (277.48 k allocations: 277.383 MiB)
8643
  0.866827 seconds (547.54 k allocations: 538.495 MiB)
9905
  0.868349 seconds (463.08 k allocations: 457.855 MiB)
7396
  0.834034 seconds (316.90 k allocations: 313.879 MiB)
4901
  0.863116 seconds (375.41 k allocations: 373.738 MiB)
1146
  0.859257 seconds (351.85 k allocations: 350.187 MiB)
2403
  0.778525 seconds (351.37 k allocations: 346.860 MiB)
8644
  2.084237 seconds (390.44 k allocations: 386.912 MiB, 21.04% gc time)
  1.964526 seconds (238.48 k allocations: 236.382 MiB, 22.32% gc time)
  1.305777 seconds (30.15 k allocations: 30.280 MiB, 33.58% gc time)
  2.028021 seconds (303.86 k allocations: 300.204 MiB, 21.62% gc time)
  1.304298 seconds (29.16 k allocations: 29.459 MiB, 33.62% gc time)
4902
7397
3654
1147
9906
  0.802354 seconds (440.07 k allocations: 428.549 MiB)
2404
  0.835011 seconds (88.50 k allocations: 88.585 MiB)
1148
  0.844045 seconds (99.22 k allocations: 100.259 MiB)
4903
  0.849317 seconds (112.31 k allocations: 114.224 MiB)
7398
  0.941139 seconds (374.56 k allocations: 375.197 MiB)
8645
  0.929430 seconds (325.19 k allocations: 324.397 MiB)
3655
  0.929988 seconds (341.81 k allocations: 340.594 MiB)
9907
  0.801601 seconds (475.35 k allocations: 470.812 MiB)
2405
  0.772392 seconds (351.17 k allocations: 349.119 MiB)
1149
  0.779594 seconds (167.72 k allocations: 167.041 MiB)
8646
  0.878072 seconds (415.31 k allocations: 412.128 MiB)
4904
  0.878144 seconds (424.91 k allocations: 422.750 MiB)
7399
  0.894269 seconds (393.93 k allocations: 389.013 MiB)
3656
  0.925405 seconds (435.30 k allocations: 431.265 MiB)
9908
  0.884300 seconds (475.35 k allocations: 470.812 MiB)
2406
  0.789737 seconds (290.17 k allocations: 288.092 MiB)
8647
  0.881526 seconds (485.06 k allocations: 478.674 MiB)
1150
  0.881144 seconds (383.20 k allocations: 378.555 MiB)
7400
  0.863886 seconds (357.32 k allocations: 353.989 MiB)
4905
  1.952987 seconds (239.48 k allocations: 238.773 MiB, 18.05% gc time)
  1.986092 seconds (279.83 k allocations: 278.618 MiB, 17.75% gc time)
  1.228548 seconds (47.92 k allocations: 48.724 MiB, 28.69% gc time)
  1.359016 seconds (160.57 k allocations: 160.592 MiB, 25.94% gc time)
8648
3657
9909
2407
  0.747335 seconds (436.83 k allocations: 425.363 MiB)
1151
  0.803702 seconds (81.94 k allocations: 82.301 MiB)
8649
  0.841320 seconds (135.79 k allocations: 134.039 MiB)
2408
  0.864359 seconds (182.91 k allocations: 183.009 MiB)
4906
  0.929460 seconds (320.82 k allocations: 318.851 MiB)
9910
  0.940704 seconds (362.93 k allocations: 365.494 MiB)
7401
  0.933700 seconds (327.60 k allocations: 328.202 MiB)
3658
  0.858752 seconds (475.35 k allocations: 470.812 MiB)
1152
  0.798409 seconds (341.70 k allocations: 338.842 MiB)
2409
  0.858685 seconds (472.68 k allocations: 467.445 MiB)
8650
  0.783234 seconds (212.46 k allocations: 208.840 MiB)
7402
  0.878422 seconds (490.51 k allocations: 484.104 MiB)
4907
  0.861692 seconds (381.49 k allocations: 377.128 MiB)
3659
  0.884658 seconds (420.88 k allocations: 418.687 MiB)
9911
  0.862140 seconds (475.35 k allocations: 470.812 MiB)
1153
  0.863696 seconds (397.61 k allocations: 393.567 MiB)
8651
  0.874902 seconds (357.88 k allocations: 354.319 MiB)
2410
  0.870601 seconds (299.63 k allocations: 298.788 MiB)
7403
  0.884900 seconds (291.95 k allocations: 288.778 MiB)
4908
  0.873199 seconds (262.54 k allocations: 259.621 MiB)
  1.780078 seconds (275.50 k allocations: 274.644 MiB, 17.38% gc time)
  1.151090 seconds (191.93 k allocations: 190.855 MiB, 26.88% gc time)
3660
1154
9912
  0.869859 seconds (325.77 k allocations: 319.157 MiB)
8652
  0.835356 seconds (173.14 k allocations: 172.026 MiB)
  0.777513 seconds (25.85 k allocations: 28.787 MiB)
2411
1155
  0.825753 seconds (142.46 k allocations: 144.294 MiB)
4909
  0.840662 seconds (308.40 k allocations: 304.533 MiB)
3661
  0.934294 seconds (545.16 k allocations: 538.612 MiB)
7404
  0.936489 seconds (475.35 k allocations: 470.812 MiB)
9913
  0.769785 seconds (228.74 k allocations: 226.660 MiB)
1156
  0.749643 seconds (151.17 k allocations: 148.758 MiB)
7405
  0.868752 seconds (365.46 k allocations: 364.061 MiB)
8653
  0.866361 seconds (338.92 k allocations: 337.607 MiB)
2412
  0.869631 seconds (357.96 k allocations: 356.028 MiB)
4910
  0.867977 seconds (502.41 k allocations: 495.495 MiB)
3662
  0.770988 seconds (436.52 k allocations: 432.431 MiB)
9914
  0.756549 seconds (157.11 k allocations: 155.452 MiB)
2413
  0.757201 seconds (148.39 k allocations: 147.316 MiB)
4911
  0.777859 seconds (205.59 k allocations: 205.991 MiB)
8654
  0.854833 seconds (531.71 k allocations: 527.613 MiB)
1157
  0.862148 seconds (442.15 k allocations: 440.262 MiB)
7406
  0.773077 seconds (254.46 k allocations: 253.105 MiB)
9915
  0.868631 seconds (379.74 k allocations: 375.673 MiB)
3663
  1.172588 seconds (300.72 k allocations: 294.523 MiB, 15.75% gc time)  1.030428 seconds (56.45 k allocations: 54.018 MiB, 17.93% gc time)
  1.155373 seconds (267.09 k allocations: 261.116 MiB, 15.99% gc time)

4912
8655
2414
  0.774487 seconds (268.43 k allocations: 263.119 MiB)
3664
  0.782483 seconds (83.16 k allocations: 83.474 MiB)
2415
  0.790458 seconds (92.14 k allocations: 93.489 MiB)
  0.784672 seconds (89.02 k allocations: 89.274 MiB)
4913
8656
  0.897267 seconds (427.00 k allocations: 420.459 MiB)
1158
  0.971591 seconds (616.85 k allocations: 608.572 MiB)
7407
  0.963319 seconds (548.11 k allocations: 541.680 MiB)
9916
  0.869079 seconds (475.35 k allocations: 470.812 MiB)
3665
  0.798694 seconds (271.82 k allocations: 268.082 MiB)
4914
  0.868550 seconds (371.84 k allocations: 366.465 MiB)
8657
  0.879254 seconds (397.65 k allocations: 394.962 MiB)
2416
  0.766376 seconds (191.25 k allocations: 191.189 MiB)
9917
  0.869563 seconds (423.77 k allocations: 420.025 MiB)
7408
  0.933573 seconds (487.14 k allocations: 483.338 MiB)
1159
  0.877653 seconds (443.44 k allocations: 438.854 MiB)
3666
  0.872255 seconds (424.67 k allocations: 418.240 MiB)
4915
  0.866375 seconds (267.73 k allocations: 266.830 MiB)
8658
  0.875246 seconds (277.51 k allocations: 278.847 MiB)
2417
  0.880178 seconds (287.35 k allocations: 287.249 MiB)
9918
  0.868390 seconds (294.15 k allocations: 291.103 MiB)
7409
  0.848947 seconds (293.66 k allocations: 290.829 MiB)
1160
  1.211083 seconds (293.79 k allocations: 287.224 MiB, 27.99% gc time)
3667
  0.866871 seconds (196.41 k allocations: 195.319 MiB)
2418
  0.882853 seconds (143.22 k allocations: 142.162 MiB)
8659
  0.873932 seconds (138.54 k allocations: 136.665 MiB)
3668
  0.957032 seconds (296.06 k allocations: 293.739 MiB)
4916
  0.968287 seconds (335.51 k allocations: 334.156 MiB)
9919
  0.921260 seconds (234.13 k allocations: 234.882 MiB)
1161
  0.953956 seconds (334.96 k allocations: 334.019 MiB)
7410
  0.747675 seconds (20.32 k allocations: 20.685 MiB)
1162
  0.871162 seconds (466.17 k allocations: 462.027 MiB)
2419
  0.779608 seconds (104.84 k allocations: 106.864 MiB)
4917
  0.778568 seconds (100.09 k allocations: 102.515 MiB)
9920
  0.877213 seconds (606.33 k allocations: 594.933 MiB)
8660
  0.865679 seconds (461.10 k allocations: 458.189 MiB)
3669
  0.875367 seconds (459.60 k allocations: 454.523 MiB)
7411
  0.799564 seconds (277.38 k allocations: 275.653 MiB)
  0.776494 seconds (202.30 k allocations: 200.127 MiB)
2420
9921
  0.755831 seconds (151.89 k allocations: 152.115 MiB)
8661
  0.857575 seconds (453.56 k allocations: 447.305 MiB)
1163
  0.873769 seconds (479.99 k allocations: 476.465 MiB)
4918
  0.783906 seconds (342.10 k allocations: 338.196 MiB)
7412
  0.897468 seconds (498.56 k allocations: 491.807 MiB)
3670
  1.437802 seconds (302.29 k allocations: 297.244 MiB, 28.35% gc time)
  1.435991 seconds (300.74 k allocations: 295.776 MiB, 28.38% gc time)
  1.449273 seconds (330.81 k allocations: 328.419 MiB, 28.12% gc time)
  1.361216 seconds (151.89 k allocations: 149.217 MiB, 29.94% gc time)
  1.274281 seconds (39.27 k allocations: 37.559 MiB, 31.99% gc time)
  1.307551 seconds (88.05 k allocations: 85.785 MiB, 31.17% gc time)
4919
7413
9922
1164
2421
8662
  0.776002 seconds (425.92 k allocations: 414.949 MiB)
3671
  0.829363 seconds (92.29 k allocations: 97.093 MiB)
1165
  0.828688 seconds (85.66 k allocations: 89.731 MiB)
4920
  0.828077 seconds (87.89 k allocations: 90.849 MiB)
8663
  0.854174 seconds (180.63 k allocations: 183.486 MiB)
9923
  0.874910 seconds (296.65 k allocations: 292.246 MiB)
7414
  0.921219 seconds (451.27 k allocations: 446.552 MiB)
2422
  0.859175 seconds (475.35 k allocations: 470.812 MiB)
3672
  0.777116 seconds (255.60 k allocations: 252.366 MiB)
4921
  0.862331 seconds (350.63 k allocations: 347.175 MiB)
1166
  0.771760 seconds (172.01 k allocations: 171.358 MiB)
  0.868413 seconds (344.54 k allocations: 342.934 MiB)
2423
8664
  0.858666 seconds (348.37 k allocations: 346.846 MiB)
9924
  0.863471 seconds (443.17 k allocations: 436.336 MiB)
7415
  0.877878 seconds (458.91 k allocations: 453.655 MiB)
3673
  0.862410 seconds (463.06 k allocations: 457.839 MiB)
4922
  0.850109 seconds (276.87 k allocations: 273.934 MiB)
1167
  0.863817 seconds (211.34 k allocations: 210.214 MiB)
2424
  0.870175 seconds (212.70 k allocations: 212.937 MiB)
  0.868526 seconds (204.43 k allocations: 204.525 MiB)
9925
8665
  1.000612 seconds (136.03 k allocations: 135.902 MiB, 22.75% gc time)
  1.746539 seconds (224.17 k allocations: 224.342 MiB, 13.03% gc time)
7416
3674
  0.795885 seconds (373.28 k allocations: 364.598 MiB)
4923
  0.849402 seconds (135.83 k allocations: 137.541 MiB)
9926
  0.865418 seconds (179.95 k allocations: 182.430 MiB)
1168
  0.837545 seconds (100.18 k allocations: 102.618 MiB)
7417
  0.862998 seconds (170.80 k allocations: 172.849 MiB)
8666
  0.871456 seconds (279.55 k allocations: 275.884 MiB)
3675
  0.938233 seconds (481.38 k allocations: 479.031 MiB)
2425
  0.777471 seconds (475.35 k allocations: 470.812 MiB)
4924
  0.849575 seconds (274.30 k allocations: 272.686 MiB)
9927
  0.864664 seconds (253.19 k allocations: 251.505 MiB)
7418
  0.873082 seconds (273.24 k allocations: 273.335 MiB)
1169
  0.857946 seconds (239.28 k allocations: 239.800 MiB)
8667
  0.892564 seconds (437.17 k allocations: 431.633 MiB)
3676
  0.878601 seconds (417.95 k allocations: 414.666 MiB)
2426
  0.872244 seconds (475.35 k allocations: 470.812 MiB)
4925
  0.765922 seconds (332.25 k allocations: 329.578 MiB)
9928
  0.856365 seconds (326.49 k allocations: 325.509 MiB)
1170
  0.860078 seconds (329.42 k allocations: 328.521 MiB)
8668
  0.865476 seconds (356.29 k allocations: 353.004 MiB)
7419
  0.878395 seconds (388.99 k allocations: 385.525 MiB)
  0.869500 seconds (382.00 k allocations: 377.983 MiB)
3677
2427
  1.258446 seconds (318.87 k allocations: 317.394 MiB, 14.09% gc time)
  1.172497 seconds (239.90 k allocations: 239.175 MiB, 15.12% gc time)
  1.034813 seconds (32.73 k allocations: 34.187 MiB, 17.13% gc time)
  1.063835 seconds (74.08 k allocations: 74.955 MiB, 16.66% gc time)
8669
9929
4926
1171
  0.860137 seconds (441.92 k allocations: 430.333 MiB)
7420
  0.837252 seconds (80.97 k allocations: 81.380 MiB)
1172
  0.861691 seconds (119.91 k allocations: 123.743 MiB)
2428
  0.872245 seconds (146.61 k allocations: 150.719 MiB)
9930
  0.872381 seconds (150.29 k allocations: 153.250 MiB)
8670
  0.925085 seconds (396.12 k allocations: 392.345 MiB)
  0.947892 seconds (410.89 k allocations: 410.302 MiB)
4927
3678
  0.858897 seconds (475.35 k allocations: 470.812 MiB)
7421
  0.795210 seconds (207.48 k allocations: 205.303 MiB)
8671
  0.871071 seconds (367.12 k allocations: 364.398 MiB)
1173
  0.868049 seconds (340.65 k allocations: 339.266 MiB)
2429
  0.869681 seconds (354.94 k allocations: 351.931 MiB)
9931
  0.900510 seconds (412.14 k allocations: 408.898 MiB)
4928
  0.960095 seconds (475.35 k allocations: 470.812 MiB)
3679
  0.751536 seconds (446.62 k allocations: 441.890 MiB)
7422
  0.765016 seconds (266.64 k allocations: 265.570 MiB)
2430
  0.870778 seconds (483.81 k allocations: 476.057 MiB)
8672
  1.887054 seconds (328.15 k allocations: 324.858 MiB, 16.80% gc time)
  1.885493 seconds (328.37 k allocations: 325.059 MiB, 16.81% gc time)
  1.728390 seconds (249.09 k allocations: 246.535 MiB, 18.34% gc time)
  1.631946 seconds (170.22 k allocations: 168.416 MiB, 19.42% gc time)
  1.186676 seconds (91.10 k allocations: 90.115 MiB, 26.71% gc time)
1174
9932
4929
3680
7423
  0.772589 seconds (451.25 k allocations: 439.216 MiB)
2431
  0.778024 seconds (79.23 k allocations: 78.479 MiB)
7424
  0.832461 seconds (188.04 k allocations: 190.155 MiB)
8673
  0.844293 seconds (192.09 k allocations: 193.000 MiB)
1175
  0.850192 seconds (223.57 k allocations: 222.114 MiB)
4930
  0.941844 seconds (411.10 k allocations: 410.344 MiB)
9933
  0.941547 seconds (402.01 k allocations: 399.404 MiB)
3681
  0.768442 seconds (475.35 k allocations: 470.812 MiB)
2432
  0.774684 seconds (416.74 k allocations: 411.865 MiB)
7425
  0.773220 seconds (359.99 k allocations: 356.336 MiB)
8674
  0.757086 seconds (346.35 k allocations: 342.274 MiB)
4931
  0.867672 seconds (489.75 k allocations: 485.817 MiB)
1176
  0.865196 seconds (405.71 k allocations: 402.749 MiB)
9934
  0.857660 seconds (399.24 k allocations: 396.757 MiB)
3682
  0.855266 seconds (475.35 k allocations: 470.812 MiB)
2433
  0.864807 seconds (402.57 k allocations: 398.322 MiB)
7426
  0.871908 seconds (379.82 k allocations: 376.732 MiB)
8675
  0.759235 seconds (279.87 k allocations: 278.639 MiB)
1177
  0.870193 seconds (400.23 k allocations: 397.908 MiB)
4932
  1.859801 seconds (244.26 k allocations: 243.361 MiB, 23.11% gc time)
  1.844910 seconds (232.34 k allocations: 230.729 MiB, 23.29% gc time)
  1.292372 seconds (153.39 k allocations: 152.498 MiB, 33.25% gc time)
3683
9935
2434
  0.812231 seconds (359.03 k allocations: 350.928 MiB)
7427
  0.841977 seconds (156.21 k allocations: 155.812 MiB)
1178
  0.841397 seconds (144.89 k allocations: 146.414 MiB)
4933
  0.966780 seconds (408.27 k allocations: 404.778 MiB)
8676
  0.935735 seconds (267.87 k allocations: 266.965 MiB)
2435
  0.948169 seconds (299.86 k allocations: 299.009 MiB)
3684
  0.938406 seconds (300.68 k allocations: 299.985 MiB)
9936
  0.767934 seconds (468.49 k allocations: 461.444 MiB)
7428
  0.771399 seconds (182.66 k allocations: 181.131 MiB)
8677
  0.874019 seconds (414.85 k allocations: 412.917 MiB)
4934
  0.761938 seconds (133.30 k allocations: 134.302 MiB)
3685
  0.883361 seconds (471.76 k allocations: 469.009 MiB)
1179
  0.877173 seconds (433.58 k allocations: 430.633 MiB)
2436
  0.872250 seconds (419.01 k allocations: 415.675 MiB)
9937
  0.864565 seconds (475.35 k allocations: 470.812 MiB)
7429
  0.878258 seconds (282.34 k allocations: 279.380 MiB)
4935
  0.893980 seconds (305.32 k allocations: 304.023 MiB)
8678
  0.767655 seconds (120.23 k allocations: 120.576 MiB)
9938
  0.877296 seconds (306.10 k allocations: 305.183 MiB)
1180
  0.908752 seconds (342.15 k allocations: 342.338 MiB)
3686
  0.876352 seconds (410.01 k allocations: 405.849 MiB)
2437
  1.302870 seconds (119.41 k allocations: 118.169 MiB, 31.11% gc time)
  1.365265 seconds (333.93 k allocations: 328.940 MiB, 29.69% gc time)
  1.276789 seconds (64.44 k allocations: 64.268 MiB, 31.75% gc time)
  1.251709 seconds (4.61 k allocations: 4.538 MiB, 32.38% gc time)
4936
1181
8679
7430
  0.867776 seconds (410.53 k allocations: 400.300 MiB)
9939
  0.853711 seconds (237.45 k allocations: 234.794 MiB)
3687
  0.842165 seconds (126.96 k allocations: 128.045 MiB)
1182
  0.930040 seconds (282.75 k allocations: 282.228 MiB)
2438
  0.920543 seconds (247.96 k allocations: 247.914 MiB)
4937
  0.932720 seconds (278.25 k allocations: 278.324 MiB)
8680
  0.926964 seconds (280.04 k allocations: 280.247 MiB)
7431
  0.868867 seconds (445.55 k allocations: 440.867 MiB)
9940
  0.868840 seconds (409.84 k allocations: 405.468 MiB)
3688
  0.750473 seconds (73.23 k allocations: 72.944 MiB)
7432
  0.778134 seconds (149.50 k allocations: 151.026 MiB)
2439
  0.870597 seconds (533.22 k allocations: 525.354 MiB)
1183
  0.871349 seconds (350.45 k allocations: 348.653 MiB)
4938
  0.895777 seconds (383.02 k allocations: 380.008 MiB)
8681
  0.789712 seconds (422.88 k allocations: 416.318 MiB)
9941
  0.748158 seconds (168.03 k allocations: 167.144 MiB)
4939
  0.880784 seconds (373.94 k allocations: 370.913 MiB)
3689
  0.878376 seconds (372.91 k allocations: 370.148 MiB)
2440
  1.817729 seconds (387.49 k allocations: 381.438 MiB, 7.95% gc time)
  1.740763 seconds (329.49 k allocations: 324.686 MiB, 8.30% gc time)
  1.707361 seconds (306.33 k allocations: 301.294 MiB, 8.47% gc time)
  1.003006 seconds (28.66 k allocations: 27.450 MiB, 14.41% gc time)
  1.140236 seconds (227.35 k allocations: 223.069 MiB, 12.68% gc time)
3690
7433
9942
8682
1184
  0.754701 seconds (372.57 k allocations: 362.681 MiB)
4940
  0.785145 seconds (98.35 k allocations: 98.003 MiB)
9943
  0.906236 seconds (485.76 k allocations: 475.050 MiB)
2441
  0.839057 seconds (206.01 k allocations: 205.102 MiB)
1185
  0.880633 seconds (315.20 k allocations: 312.257 MiB)
3691
  0.933084 seconds (401.66 k allocations: 397.644 MiB)
8683
  0.929134 seconds (428.01 k allocations: 424.295 MiB)
7434
  0.866738 seconds (475.35 k allocations: 470.812 MiB)
4941
  0.864512 seconds (407.40 k allocations: 402.926 MiB)
9944
  0.873395 seconds (392.41 k allocations: 388.783 MiB)
2442
  0.869476 seconds (404.35 k allocations: 398.989 MiB)
1186
  0.876318 seconds (447.33 k allocations: 441.346 MiB)
3692
  0.867719 seconds (431.75 k allocations: 426.444 MiB)
8684
  0.863548 seconds (446.62 k allocations: 442.097 MiB)
7435
  0.754720 seconds (475.35 k allocations: 470.812 MiB)
4942
  0.746044 seconds (303.64 k allocations: 299.763 MiB)
1187
  0.866219 seconds (471.44 k allocations: 465.627 MiB)
9945
  1.885952 seconds (467.17 k allocations: 461.746 MiB, 24.05% gc time)
  1.760831 seconds (250.85 k allocations: 246.805 MiB, 25.75% gc time)
  1.802158 seconds (324.24 k allocations: 319.670 MiB, 25.16% gc time)
  1.221422 seconds (112.52 k allocations: 110.590 MiB, 37.13% gc time)
  1.692819 seconds (191.77 k allocations: 189.100 MiB, 26.79% gc time)
3693
8685
2443
7436
4943
  0.765158 seconds (416.20 k allocations: 405.673 MiB)
1188
  0.832217 seconds (79.22 k allocations: 78.479 MiB)
7437
  0.949924 seconds (385.65 k allocations: 379.259 MiB)
9946
  0.925092 seconds (201.07 k allocations: 202.829 MiB)
  0.927195 seconds (206.95 k allocations: 209.242 MiB)
8686
3694
  0.934596 seconds (247.11 k allocations: 246.072 MiB)
  0.934826 seconds (247.75 k allocations: 246.802 MiB)
2444
4944
  0.862460 seconds (475.35 k allocations: 470.812 MiB)
1189
  0.772944 seconds (474.47 k allocations: 468.543 MiB)
7438
  0.757278 seconds (158.45 k allocations: 156.946 MiB)
2445
  0.778570 seconds (204.84 k allocations: 206.451 MiB)
8687
  0.867661 seconds (462.14 k allocations: 455.297 MiB)
9947
  0.860432 seconds (368.95 k allocations: 367.572 MiB)
3695
  0.858458 seconds (363.62 k allocations: 361.446 MiB)
4945
  0.855045 seconds (475.35 k allocations: 470.812 MiB)
1190
  0.862444 seconds (475.35 k allocations: 470.812 MiB)
7439
  0.775470 seconds (211.65 k allocations: 209.060 MiB)
9948
  0.857050 seconds (416.73 k allocations: 412.062 MiB)
2446
  1.961861 seconds (402.79 k allocations: 398.925 MiB, 19.30% gc time)
  1.886393 seconds (199.42 k allocations: 199.001 MiB, 20.07% gc time)
  1.871444 seconds (186.71 k allocations: 185.614 MiB, 20.23% gc time)
  1.233541 seconds (107.97 k allocations: 107.807 MiB, 30.70% gc time)
8688
4946
3696
1191
  0.782991 seconds (407.60 k allocations: 397.394 MiB)
7440
  0.775018 seconds (95.94 k allocations: 99.382 MiB)
1192
  0.870752 seconds (167.56 k allocations: 169.347 MiB)
2447
  0.945995 seconds (344.30 k allocations: 342.347 MiB)
9949
  0.933355 seconds (260.76 k allocations: 261.376 MiB)
8689
  0.936872 seconds (280.93 k allocations: 279.666 MiB)
  0.939790 seconds (283.76 k allocations: 283.245 MiB)
3697
4947
  0.774047 seconds (475.35 k allocations: 470.812 MiB)
7441
  0.768156 seconds (470.06 k allocations: 464.528 MiB)
1193
  0.755541 seconds (158.45 k allocations: 156.946 MiB)
4948
  0.767710 seconds (173.29 k allocations: 172.578 MiB)
3698
  0.856568 seconds (507.84 k allocations: 503.329 MiB)
2448
  0.867176 seconds (457.84 k allocations: 453.580 MiB)
9950
  0.864734 seconds (424.10 k allocations: 422.719 MiB)
8690
  0.866015 seconds (466.29 k allocations: 460.446 MiB)
7442
  0.857510 seconds (475.22 k allocations: 470.412 MiB)
1194
  1.648069 seconds (148.99 k allocations: 147.886 MiB, 10.73% gc time)
  1.727476 seconds (327.50 k allocations: 325.235 MiB, 10.23% gc time)
  1.713561 seconds (302.76 k allocations: 297.715 MiB, 10.32% gc time)
  1.722888 seconds (317.74 k allocations: 314.861 MiB, 10.26% gc time)
  1.027200 seconds (70.34 k allocations: 69.048 MiB, 17.21% gc time)
  1.646005 seconds (149.69 k allocations: 147.746 MiB, 10.74% gc time)
8691
4949
2449
9951
3699
7443
  0.751279 seconds (449.88 k allocations: 437.857 MiB)
1195
  0.842311 seconds (80.70 k allocations: 81.107 MiB)
  0.841422 seconds (79.73 k allocations: 80.771 MiB)
9952
3700
  0.843997 seconds (82.87 k allocations: 86.046 MiB)
2450
  0.842213 seconds (89.10 k allocations: 92.212 MiB)
7444
  0.871707 seconds (215.26 k allocations: 216.832 MiB)
4950
  0.934481 seconds (479.33 k allocations: 477.059 MiB)
8692
  0.865194 seconds (475.35 k allocations: 470.812 MiB)
1196
  0.774885 seconds (191.96 k allocations: 192.670 MiB)
9953
  0.778034 seconds (190.98 k allocations: 190.742 MiB)
7445
  0.769809 seconds (193.93 k allocations: 193.745 MiB)
4951
  0.879134 seconds (431.64 k allocations: 430.007 MiB)
3701
  0.882434 seconds (430.32 k allocations: 427.732 MiB)
2451
  0.858434 seconds (458.30 k allocations: 452.044 MiB)
8693
  0.852796 seconds (475.35 k allocations: 470.812 MiB)
1197
  0.749730 seconds (161.09 k allocations: 159.266 MiB)
2452
  0.869889 seconds (355.06 k allocations: 353.064 MiB)
  0.871384 seconds (355.59 k allocations: 354.573 MiB)
9954
7446
  0.870610 seconds (368.59 k allocations: 367.626 MiB)
4952
  0.875866 seconds (314.20 k allocations: 310.284 MiB)
3702
  0.869504 seconds (342.12 k allocations: 337.216 MiB)
  1.376284 seconds (267.38 k allocations: 263.526 MiB, 38.18% gc time)
8694
1198
  0.815584 seconds (248.47 k allocations: 245.143 MiB)
7447
  0.880324 seconds (285.05 k allocations: 281.575 MiB)
2453
  0.852446 seconds (195.58 k allocations: 194.931 MiB)
4953
  0.850675 seconds (198.41 k allocations: 197.851 MiB)
3703
  0.841279 seconds (267.84 k allocations: 263.261 MiB)
1199
  0.957042 seconds (520.67 k allocations: 513.987 MiB)
9955
  0.945147 seconds (493.50 k allocations: 488.188 MiB)
8695
  0.769634 seconds (279.65 k allocations: 276.593 MiB)
2454
  0.769547 seconds (263.36 k allocations: 261.219 MiB)
4954
  0.872297 seconds (545.64 k allocations: 540.936 MiB)
7448
  0.778106 seconds (281.49 k allocations: 278.767 MiB)
3704
  0.780210 seconds (353.21 k allocations: 350.062 MiB)
1200
  0.776207 seconds (381.84 k allocations: 376.223 MiB)
9956
  0.869569 seconds (475.35 k allocations: 470.812 MiB)
8696
  0.862069 seconds (333.85 k allocations: 331.125 MiB)
2455
  0.860327 seconds (315.90 k allocations: 314.160 MiB)
4955
  0.867713 seconds (288.14 k allocations: 284.930 MiB)
3705
  0.883906 seconds (337.01 k allocations: 333.130 MiB)
7449
  0.857666 seconds (314.98 k allocations: 312.254 MiB)
1201
  0.869563 seconds (340.83 k allocations: 339.635 MiB)
9957
  0.873375 seconds (464.55 k allocations: 459.259 MiB)
8697
  1.338188 seconds (318.25 k allocations: 315.190 MiB, 26.09% gc time)
  1.315797 seconds (247.07 k allocations: 244.412 MiB, 26.53% gc time)
  1.275213 seconds (122.81 k allocations: 121.416 MiB, 27.38% gc time)
  1.216927 seconds (77.62 k allocations: 76.941 MiB, 28.69% gc time)
  1.153293 seconds (11.51 k allocations: 12.508 MiB, 30.27% gc time)
3706
4956
9958
7450
2456
  0.786725 seconds (454.72 k allocations: 442.659 MiB)
1202
  0.855386 seconds (86.19 k allocations: 87.594 MiB)
3707
  0.929640 seconds (167.80 k allocations: 169.578 MiB)
8698
  0.948710 seconds (187.94 k allocations: 187.812 MiB)
9959
  0.966860 seconds (233.90 k allocations: 238.133 MiB)
4957
  0.963155 seconds (229.97 k allocations: 230.900 MiB)
2457
  0.970102 seconds (281.23 k allocations: 280.147 MiB)
7451
  0.866974 seconds (475.35 k allocations: 470.812 MiB)
1203
  0.805493 seconds (253.57 k allocations: 250.215 MiB)
  0.773951 seconds (119.73 k allocations: 120.317 MiB)
8699
4958
  0.878333 seconds (482.97 k allocations: 480.963 MiB)
3708
  0.789711 seconds (216.85 k allocations: 214.453 MiB)
7452
  0.874794 seconds (451.85 k allocations: 448.114 MiB)
9960
  0.890135 seconds (459.47 k allocations: 455.626 MiB)
2458
  0.851094 seconds (475.35 k allocations: 470.812 MiB)
1204
  0.744753 seconds (111.52 k allocations: 109.389 MiB)
9961
  0.858822 seconds (307.17 k allocations: 303.344 MiB)
4959
  0.870551 seconds (331.52 k allocations: 330.508 MiB)
8700
  0.873161 seconds (340.54 k allocations: 339.359 MiB)
3709
  1.918909 seconds (397.29 k allocations: 392.440 MiB, 11.98% gc time)
  1.832089 seconds (270.07 k allocations: 266.829 MiB, 12.55% gc time)
  1.087325 seconds (121.99 k allocations: 116.716 MiB, 21.14% gc time)
7453
2459
1205
  0.867611 seconds (323.29 k allocations: 316.745 MiB)
  0.839162 seconds (203.17 k allocations: 201.492 MiB)
9962
8701
  0.782231 seconds (25.16 k allocations: 26.937 MiB)
1206
  0.830177 seconds (158.16 k allocations: 159.329 MiB)
3710
  0.948003 seconds (432.87 k allocations: 429.749 MiB)
4960
  0.949736 seconds (380.53 k allocations: 376.207 MiB)
  0.949930 seconds (382.59 k allocations: 379.555 MiB)
2460
7454
  0.775758 seconds (286.25 k allocations: 284.344 MiB)
  0.776567 seconds (285.13 k allocations: 284.649 MiB)
9963
8702
  0.777545 seconds (289.80 k allocations: 289.377 MiB)
1207
  0.870119 seconds (473.98 k allocations: 468.279 MiB)
3711
  0.771829 seconds (373.06 k allocations: 368.839 MiB)
4961
  0.759807 seconds (342.56 k allocations: 338.650 MiB)
7455
  0.796177 seconds (440.50 k allocations: 436.236 MiB)
2461
  0.773399 seconds (362.30 k allocations: 359.773 MiB)
9964
  0.871569 seconds (435.97 k allocations: 431.698 MiB)
8703
  0.771796 seconds (232.39 k allocations: 230.358 MiB)
4962
  0.861392 seconds (477.72 k allocations: 471.860 MiB)
1208
  0.867839 seconds (417.58 k allocations: 414.100 MiB)
3712
  1.831022 seconds (390.15 k allocations: 385.404 MiB, 9.38% gc time)
  1.789292 seconds (347.04 k allocations: 342.922 MiB, 9.60% gc time)
  1.032848 seconds (83.60 k allocations: 81.428 MiB, 16.63% gc time)
  1.052804 seconds (119.89 k allocations: 117.371 MiB, 16.31% gc time)
  1.159082 seconds (268.02 k allocations: 264.619 MiB, 14.82% gc time)
9965
8704
4963
2462
7456
  0.752261 seconds (404.78 k allocations: 394.713 MiB)
1209
  0.780918 seconds (79.41 k allocations: 79.886 MiB)
4964
  0.787448 seconds (86.24 k allocations: 87.843 MiB)
8705
  0.860566 seconds (237.67 k allocations: 235.412 MiB)
7457
  0.906293 seconds (423.52 k allocations: 420.753 MiB)
3713
  0.881086 seconds (269.98 k allocations: 270.413 MiB)
9966
  0.945563 seconds (455.73 k allocations: 450.812 MiB)
2463
  0.876525 seconds (475.35 k allocations: 470.812 MiB)
1210
  0.797140 seconds (375.09 k allocations: 370.992 MiB)
8706
  0.885888 seconds (444.42 k allocations: 441.224 MiB)
4965
  0.879770 seconds (336.73 k allocations: 334.089 MiB)
  0.892958 seconds (367.34 k allocations: 365.067 MiB)
9967
7458
  0.820785 seconds (243.99 k allocations: 244.311 MiB)
2464
  0.899476 seconds (414.20 k allocations: 409.834 MiB)
3714
  0.871298 seconds (462.02 k allocations: 456.632 MiB)
1211
  0.872423 seconds (441.87 k allocations: 437.348 MiB)
8707
  0.864595 seconds (418.42 k allocations: 415.106 MiB)
4966
  0.864678 seconds (267.77 k allocations: 265.433 MiB)
9968
  2.018513 seconds (254.56 k allocations: 251.783 MiB, 23.45% gc time)
  2.024852 seconds (267.25 k allocations: 265.109 MiB, 23.38% gc time)
  1.978699 seconds (217.48 k allocations: 215.054 MiB, 23.92% gc time)
  1.327559 seconds (138.93 k allocations: 137.594 MiB, 35.66% gc time)
2465
7459
3715
1212
  0.753415 seconds (381.99 k allocations: 372.896 MiB)
8708
  0.817373 seconds (99.39 k allocations: 102.681 MiB)
9969
  0.831918 seconds (107.20 k allocations: 106.679 MiB)
1213
  0.844048 seconds (135.59 k allocations: 135.283 MiB)
7460
  0.963878 seconds (590.48 k allocations: 579.375 MiB)
4967
  0.931396 seconds (376.22 k allocations: 375.748 MiB)
3716
  0.936125 seconds (387.85 k allocations: 385.884 MiB)
2466
  0.777491 seconds (475.35 k allocations: 470.812 MiB)
8709
  0.767865 seconds (316.65 k allocations: 313.438 MiB)
1214
  0.782959 seconds (314.54 k allocations: 311.615 MiB)
7461
  0.866181 seconds (518.69 k allocations: 512.299 MiB)
9970
  0.860878 seconds (426.52 k allocations: 420.008 MiB)
4968
  0.871244 seconds (398.29 k allocations: 395.639 MiB)
2467
  0.870353 seconds (403.69 k allocations: 401.015 MiB)
3717
  0.783264 seconds (475.35 k allocations: 470.812 MiB)
8710
  0.866200 seconds (379.25 k allocations: 374.767 MiB)
1215
  0.881443 seconds (389.52 k allocations: 386.032 MiB)
7462
  0.796715 seconds (285.95 k allocations: 283.096 MiB)
4969
  0.870757 seconds (398.09 k allocations: 394.438 MiB)
9971
  1.327258 seconds (275.54 k allocations: 270.645 MiB, 10.70% gc time)
  1.748925 seconds (354.71 k allocations: 349.047 MiB, 8.12% gc time)
  1.781711 seconds (397.12 k allocations: 390.874 MiB, 7.97% gc time)
  0.997503 seconds (32.41 k allocations: 30.997 MiB, 14.24% gc time)
4970
3718
2468
8711
  0.855978 seconds (337.99 k allocations: 330.832 MiB)
9972
  0.776678 seconds (22.40 k allocations: 24.097 MiB)
4971
  0.888041 seconds (378.19 k allocations: 370.899 MiB)
1216
  0.841987 seconds (197.05 k allocations: 196.534 MiB)
3719
  0.844242 seconds (201.63 k allocations: 202.347 MiB)
2469
  0.963262 seconds (602.24 k allocations: 592.039 MiB)
7463
  0.934277 seconds (448.12 k allocations: 443.528 MiB)
8712
  0.846776 seconds (364.29 k allocations: 360.443 MiB)
4972
  0.866775 seconds (409.33 k allocations: 406.203 MiB)
9973
  0.781370 seconds (153.50 k allocations: 153.635 MiB)
2470
  0.849377 seconds (377.95 k allocations: 373.720 MiB)
1217
  0.780973 seconds (277.33 k allocations: 272.034 MiB)
7464
  0.860532 seconds (474.00 k allocations: 469.206 MiB)
3720
  0.863283 seconds (475.21 k allocations: 470.374 MiB)
8713
  0.774236 seconds (280.63 k allocations: 277.528 MiB)
9974
  0.865292 seconds (356.65 k allocations: 352.942 MiB)
4973
  0.863943 seconds (345.77 k allocations: 342.736 MiB)
2471
  0.797026 seconds (174.43 k allocations: 175.104 MiB)
3721
  0.855907 seconds (303.33 k allocations: 302.337 MiB)
1218
  0.871768 seconds (338.13 k allocations: 335.832 MiB)
7465
  1.797200 seconds (382.32 k allocations: 376.875 MiB, 8.64% gc time)
  1.142602 seconds (303.30 k allocations: 298.626 MiB, 13.59% gc time)
  1.015010 seconds (45.61 k allocations: 43.689 MiB, 15.30% gc time)
9975
1219
8714
  0.764547 seconds (289.28 k allocations: 284.192 MiB)
4974
  0.837132 seconds (196.40 k allocations: 194.284 MiB)
2472
  0.854946 seconds (221.87 k allocations: 220.076 MiB)
3722
  0.892875 seconds (359.15 k allocations: 355.327 MiB)
7466
  0.862811 seconds (294.05 k allocations: 292.010 MiB)
9976
  0.878254 seconds (341.62 k allocations: 338.966 MiB)
1220
  0.933749 seconds (463.09 k allocations: 457.862 MiB)
8715
  0.860634 seconds (475.35 k allocations: 470.812 MiB)
4975
  0.754499 seconds (295.48 k allocations: 294.602 MiB)
2473
  0.755543 seconds (223.64 k allocations: 220.553 MiB)
1221
  0.867729 seconds (417.79 k allocations: 414.298 MiB)
3723
  0.873134 seconds (427.97 k allocations: 424.243 MiB)
7467
  0.856948 seconds (417.55 k allocations: 413.061 MiB)
9977
  0.866692 seconds (475.35 k allocations: 470.812 MiB)
8716
  0.852423 seconds (415.39 k allocations: 412.004 MiB)
4976
  0.859911 seconds (424.97 k allocations: 421.388 MiB)
2474
  0.776116 seconds (276.50 k allocations: 275.012 MiB)
3724
  0.769496 seconds (279.16 k allocations: 276.549 MiB)
9978
  0.857893 seconds (413.23 k allocations: 408.720 MiB)
  0.859874 seconds (413.92 k allocations: 409.829 MiB)
7468
1222
  1.729162 seconds (335.36 k allocations: 333.170 MiB, 8.30% gc time)
  1.077578 seconds (206.28 k allocations: 205.589 MiB, 13.31% gc time)
  1.053117 seconds (151.29 k allocations: 150.289 MiB, 13.62% gc time)
  1.010248 seconds (65.36 k allocations: 65.395 MiB, 14.20% gc time)
3725
2475
8717
4977
  0.865001 seconds (418.51 k allocations: 407.850 MiB)
9979
  0.783689 seconds (11.77 k allocations: 16.353 MiB)
3726
  0.869942 seconds (158.45 k allocations: 156.946 MiB)
4978
  0.879175 seconds (170.02 k allocations: 169.444 MiB)
2476
  0.931986 seconds (331.31 k allocations: 331.348 MiB)
7469
  0.923790 seconds (288.71 k allocations: 290.761 MiB)
1223
  0.933419 seconds (358.03 k allocations: 354.879 MiB)
8718
  0.750290 seconds (197.47 k allocations: 195.309 MiB)
4979
  0.863310 seconds (422.05 k allocations: 419.812 MiB)
9980
  0.867557 seconds (442.97 k allocations: 440.036 MiB)
3727
  0.759654 seconds (172.11 k allocations: 171.451 MiB)
7470
  0.798145 seconds (327.79 k allocations: 323.063 MiB)
2477
  0.749205 seconds (204.31 k allocations: 203.883 MiB)
8719
  0.855792 seconds (493.26 k allocations: 489.180 MiB)
1224
  0.785309 seconds (339.81 k allocations: 333.960 MiB)
4980
  0.772639 seconds (254.40 k allocations: 252.438 MiB)
9981
  0.778370 seconds (204.24 k allocations: 203.411 MiB)
7471
  0.776006 seconds (205.56 k allocations: 204.884 MiB)
2478
  1.826231 seconds (348.64 k allocations: 346.915 MiB, 8.20% gc time)
  1.801295 seconds (279.32 k allocations: 276.899 MiB, 8.32% gc time)
  1.013064 seconds (6.47 k allocations: 6.150 MiB, 14.79% gc time)
  1.711282 seconds (200.50 k allocations: 198.803 MiB, 8.75% gc time)
9982
3728
8720
1225
  0.747761 seconds (392.97 k allocations: 383.397 MiB)
4981
  0.778334 seconds (79.23 k allocations: 78.479 MiB)
9983
  0.838253 seconds (158.45 k allocations: 156.945 MiB)
1226
  0.864511 seconds (234.96 k allocations: 236.486 MiB)
2479
  0.947282 seconds (435.55 k allocations: 433.544 MiB)
7472
  0.929915 seconds (336.82 k allocations: 334.371 MiB)
3729
  0.934820 seconds (341.96 k allocations: 341.952 MiB)
8721
  0.864316 seconds (475.35 k allocations: 470.812 MiB)
4982
  0.770547 seconds (426.32 k allocations: 421.293 MiB)
9984
  0.770596 seconds (399.04 k allocations: 396.365 MiB)
1227
  0.752358 seconds (227.78 k allocations: 224.721 MiB)
8722
  0.777193 seconds (281.30 k allocations: 279.804 MiB)
7473
  0.867576 seconds (535.75 k allocations: 531.467 MiB)
2480
  0.859265 seconds (476.02 k allocations: 472.688 MiB)
3730
  0.856205 seconds (426.04 k allocations: 422.196 MiB)
4983
  0.861395 seconds (425.48 k allocations: 420.843 MiB)
9985
  1.767231 seconds (149.12 k allocations: 146.793 MiB, 13.25% gc time)
  1.859392 seconds (249.80 k allocations: 248.236 MiB, 12.59% gc time)
  1.919182 seconds (440.58 k allocations: 433.470 MiB, 12.20% gc time)
  1.854974 seconds (242.49 k allocations: 239.990 MiB, 12.62% gc time)
  1.842570 seconds (228.89 k allocations: 225.925 MiB, 12.70% gc time)
  1.102859 seconds (20.35 k allocations: 26.395 MiB, 21.23% gc time)
8723
3731
7474
2481
1228
4984
  0.892714 seconds (451.40 k allocations: 439.324 MiB)
9986
  0.843909 seconds (60.79 k allocations: 62.068 MiB)
1229
  0.846416 seconds (66.25 k allocations: 69.939 MiB)
7475
  0.877931 seconds (170.79 k allocations: 171.407 MiB)
2482
  0.920212 seconds (295.34 k allocations: 294.471 MiB)
4985
  0.930586 seconds (328.27 k allocations: 324.978 MiB)
8724
  0.933010 seconds (342.07 k allocations: 339.594 MiB)
3732
  0.768196 seconds (200.33 k allocations: 195.405 MiB)
2483
  0.861275 seconds (440.62 k allocations: 436.164 MiB)
9987
  0.769814 seconds (122.44 k allocations: 122.476 MiB)
4986
  0.870582 seconds (439.30 k allocations: 435.103 MiB)
1230
  0.875156 seconds (458.73 k allocations: 453.891 MiB)
7476
  0.870529 seconds (385.07 k allocations: 380.545 MiB)
  0.872491 seconds (386.89 k allocations: 383.659 MiB)
3733
8725
  0.855860 seconds (312.96 k allocations: 308.472 MiB)
9988
  0.872455 seconds (342.15 k allocations: 339.075 MiB)
2484
  0.851899 seconds (277.41 k allocations: 276.070 MiB)
4987
  0.872319 seconds (331.27 k allocations: 327.830 MiB)
1231
  0.871852 seconds (317.36 k allocations: 313.115 MiB)
7477
  1.866966 seconds (237.22 k allocations: 235.383 MiB, 11.47% gc time)
  1.077494 seconds (51.16 k allocations: 50.391 MiB, 19.87% gc time)
  1.873534 seconds (241.44 k allocations: 240.661 MiB, 11.43% gc time)
9989
8726
3734
  0.787972 seconds (356.77 k allocations: 348.780 MiB)
4988
  0.758463 seconds (79.05 k allocations: 77.088 MiB)
9990
  0.824890 seconds (172.17 k allocations: 172.525 MiB)
7478
  0.939178 seconds (492.97 k allocations: 484.618 MiB)
2485
  0.936992 seconds (364.44 k allocations: 363.053 MiB)
1232
  0.934075 seconds (337.02 k allocations: 334.568 MiB)
8727
  0.935905 seconds (345.72 k allocations: 344.324 MiB)
3735
  0.773519 seconds (390.88 k allocations: 385.903 MiB)
9991
  0.863434 seconds (512.62 k allocations: 506.472 MiB)
4989
  0.768536 seconds (407.79 k allocations: 402.286 MiB)
7479
  0.753178 seconds (237.67 k allocations: 235.412 MiB)
8728
  0.861231 seconds (513.81 k allocations: 507.618 MiB)
2486
  0.859925 seconds (420.21 k allocations: 416.616 MiB)
1233
  0.869923 seconds (427.96 k allocations: 424.248 MiB)
3736
  0.773496 seconds (429.49 k allocations: 424.067 MiB)
9992
  1.215704 seconds (386.74 k allocations: 382.149 MiB, 11.97% gc time)
  1.244623 seconds (420.61 k allocations: 415.774 MiB, 11.69% gc time)
  1.077925 seconds (214.63 k allocations: 210.683 MiB, 13.50% gc time)
  1.112734 seconds (273.69 k allocations: 270.030 MiB, 13.08% gc time)
  1.001692 seconds (70.37 k allocations: 69.051 MiB, 14.53% gc time)
  1.026820 seconds (101.55 k allocations: 100.187 MiB, 14.17% gc time)
3737
8729
2487
7480
4990
1234
  0.857095 seconds (452.97 k allocations: 440.873 MiB)
9993
  0.779005 seconds (34.47 k allocations: 40.567 MiB)
8730
  0.831647 seconds (158.45 k allocations: 156.946 MiB)
  0.838310 seconds (162.31 k allocations: 162.113 MiB)
1235
7481
  0.863295 seconds (217.35 k allocations: 217.379 MiB)
4991
  0.878321 seconds (270.73 k allocations: 271.123 MiB)
  0.878731 seconds (275.26 k allocations: 275.621 MiB)
3738
2488
  0.866703 seconds (406.04 k allocations: 403.061 MiB)
9994
  0.868044 seconds (409.02 k allocations: 406.125 MiB)
8731
  0.858940 seconds (266.11 k allocations: 263.640 MiB)
7482
  0.873513 seconds (294.37 k allocations: 293.350 MiB)
1236
  0.865009 seconds (239.78 k allocations: 240.089 MiB)
4992
  0.860441 seconds (236.17 k allocations: 235.599 MiB)
3739
  0.861212 seconds (243.53 k allocations: 244.083 MiB)
2489
  0.748905 seconds (18.29 k allocations: 21.196 MiB)
4993
  0.863562 seconds (424.01 k allocations: 421.672 MiB)
9995
  0.756402 seconds (19.41 k allocations: 21.448 MiB)
2490
  0.866997 seconds (462.20 k allocations: 458.434 MiB)
8732
  0.852228 seconds (341.14 k allocations: 337.086 MiB)
7483
  1.820623 seconds (213.18 k allocations: 212.402 MiB, 7.57% gc time)
  1.001284 seconds (23.45 k allocations: 22.487 MiB, 13.77% gc time)
  1.818942 seconds (213.38 k allocations: 212.567 MiB, 7.58% gc time)
3740
9996
1237
  0.744279 seconds (379.38 k allocations: 370.417 MiB)
4994
  0.849818 seconds (163.86 k allocations: 164.356 MiB)
8733
  0.844479 seconds (107.20 k allocations: 106.679 MiB)
1238
  0.874532 seconds (179.04 k allocations: 176.845 MiB)
9997
  0.936234 seconds (391.95 k allocations: 389.366 MiB)
2491
  0.932489 seconds (357.13 k allocations: 356.258 MiB)
7484
  0.933883 seconds (376.31 k allocations: 373.593 MiB)
3741
  0.864129 seconds (475.35 k allocations: 470.812 MiB)
4995
  0.771078 seconds (252.81 k allocations: 248.250 MiB)
9998
  0.791593 seconds (220.10 k allocations: 217.158 MiB)
2492
  0.873140 seconds (490.58 k allocations: 485.388 MiB)
8734
  0.872827 seconds (482.54 k allocations: 477.695 MiB)
1239
  0.860263 seconds (404.86 k allocations: 401.935 MiB)
7485
  0.867364 seconds (414.82 k allocations: 411.669 MiB)
3742
  0.747602 seconds (475.35 k allocations: 470.812 MiB)
4996
  0.770898 seconds (438.28 k allocations: 432.468 MiB)
9999
  1.510568 seconds (165.29 k allocations: 163.502 MiB, 8.75% gc time)
  1.577514 seconds (307.60 k allocations: 303.762 MiB, 8.38% gc time)
  1.601609 seconds (338.14 k allocations: 334.212 MiB, 8.26% gc time)
  1.608908 seconds (355.51 k allocations: 352.038 MiB, 8.22% gc time)
  1.496373 seconds (149.47 k allocations: 147.189 MiB, 8.84% gc time)
  0.970977 seconds (70.43 k allocations: 68.994 MiB, 13.62% gc time)
3743
2493
1240
7486
8735
4997
  0.867454 seconds (448.68 k allocations: 436.723 MiB)
10000
  0.842255 seconds (79.23 k allocations: 78.479 MiB)
7487
  0.872692 seconds (116.79 k allocations: 120.762 MiB)
2494
  0.930186 seconds (236.52 k allocations: 233.077 MiB)
4998
  0.932211 seconds (238.95 k allocations: 238.057 MiB)
3744
  0.933841 seconds (245.00 k allocations: 245.285 MiB)
8736
  0.940018 seconds (270.74 k allocations: 271.338 MiB)
1241
  0.778946 seconds (349.81 k allocations: 346.596 MiB)
7488
  0.863270 seconds (492.28 k allocations: 488.447 MiB)
  0.796028 seconds (89.28 k allocations: 91.914 MiB)
3745
  0.869274 seconds (407.71 k allocations: 403.434 MiB)
2495
  0.853031 seconds (229.85 k allocations: 230.541 MiB)
4999
  0.858026 seconds (257.86 k allocations: 257.529 MiB)
1242
  0.875535 seconds (292.03 k allocations: 292.883 MiB)
8737
  0.871832 seconds (396.12 k allocations: 392.345 MiB)
7489
  0.768011 seconds (226.74 k allocations: 224.946 MiB)
2496
  0.772519 seconds (113.09 k allocations: 112.318 MiB)
8738
  0.868906 seconds (356.06 k allocations: 352.800 MiB)
3746
  0.853116 seconds (217.61 k allocations: 216.415 MiB)
5000
  0.992560 seconds (212.72 k allocations: 210.699 MiB, 13.07% gc time)
1243
  0.789679 seconds (224.06 k allocations: 220.552 MiB)
2497
  0.808591 seconds (221.62 k allocations: 218.420 MiB)
7490
  0.804360 seconds (163.71 k allocations: 161.983 MiB)
3747
  0.787796 seconds (157.00 k allocations: 155.769 MiB)
1244
  0.883121 seconds (360.92 k allocations: 358.450 MiB)
  0.875839 seconds (338.33 k allocations: 336.998 MiB)
8739
  0.769247 seconds (276.79 k allocations: 275.443 MiB)
2498
  0.862911 seconds (295.40 k allocations: 291.833 MiB)
7491
  0.867052 seconds (201.35 k allocations: 202.025 MiB)
3748
  0.863171 seconds (198.60 k allocations: 196.838 MiB)
1245
  0.866679 seconds (316.90 k allocations: 313.879 MiB)
8740
  0.861520 seconds (316.90 k allocations: 313.879 MiB)
2499
  0.773968 seconds (79.22 k allocations: 78.479 MiB)
8741
  0.859595 seconds (178.81 k allocations: 177.869 MiB)
1246
  0.869217 seconds (195.62 k allocations: 195.378 MiB)
3749
  0.937320 seconds (379.90 k allocations: 376.840 MiB)
7492
  1.124907 seconds (277.07 k allocations: 273.339 MiB, 14.12% gc time)
  0.957703 seconds (117.26 k allocations: 114.891 MiB, 16.58% gc time)
  0.932834 seconds (57.32 k allocations: 54.882 MiB, 17.02% gc time)
8742
3750
2500
  0.797613 seconds (249.79 k allocations: 243.951 MiB)
1247
  0.867348 seconds (79.23 k allocations: 78.479 MiB)
  0.873234 seconds (79.96 k allocations: 80.555 MiB)
8743
  0.884850 seconds (96.04 k allocations: 97.383 MiB)
  0.957764 seconds (262.70 k allocations: 261.907 MiB)
7493
  0.870732 seconds (159.92 k allocations: 161.097 MiB)
1248
  0.857043 seconds (122.70 k allocations: 121.301 MiB)
8744
  0.874695 seconds (135.39 k allocations: 133.650 MiB)
7494
  0.854026 seconds (158.45 k allocations: 156.946 MiB)
1249
  0.755865 seconds (79.22 k allocations: 78.479 MiB)
7495
  0.857391 seconds (189.61 k allocations: 186.765 MiB)
8745
  1.014830 seconds (49.64 k allocations: 47.512 MiB, 14.38% gc time)
  1.149830 seconds (149.04 k allocations: 146.713 MiB, 12.69% gc time)
7496
1250
  0.787237 seconds (2.53 k allocations: 3.664 MiB)
  0.876552 seconds (142.29 k allocations: 139.998 MiB)
8746
  0.928623 seconds (79.96 k allocations: 80.555 MiB)
7497
  0.879292 seconds (79.22 k allocations: 78.479 MiB)
8747
  0.769150 seconds (36.27 k allocations: 36.146 MiB)
7498
  0.790088 seconds (32.46 k allocations: 32.297 MiB)
8748
  0.858447 seconds (79.22 k allocations: 78.479 MiB)
7499
  0.958101 seconds (69.78 k allocations: 68.210 MiB, 9.02% gc time)
8749
  0.760063 seconds (78.49 k allocations: 76.403 MiB)
7500
  0.874953 seconds (79.22 k allocations: 78.479 MiB)
8750
  0.769131 seconds (79.22 k allocations: 78.479 MiB)
  0.862648 seconds (737 allocations: 2.088 MiB)
