MigrationRate,ProbabilityDeme1First,ErrorDeme1
1.0e-7,0.6466019417475728,0.021064296884872772
6.493816315762114e-7,0.2631578947368421,0.013747437017006646
4.216965034285822e-6,0.18422889043963714,0.010240942634746217
2.7384196342643615e-5,0.1771978021978022,0.01000682257283347
0.00017782794100389227,0.20479134466769705,0.011218355798140544
0.0011547819846894581,0.24183006535947713,0.013084095049913503
0.007498942093324558,0.17529411764705882,0.013041386157171642
0.04869675251658631,0.001336898395721925,0.0013360044481824992
0.31622776601683794,0.001443001443001443,0.00144195994056117
