MigrationRate,SurvivalProbability
0.0,0.1064
1.0e-10,0.1134
1.000000000000004e-9,0.1102
1.0e-8,0.1171
9.99999999999998e-8,0.1785
1.0e-6,0.4059
1.0e-5,0.4892
0.0001,0.4562
0.000999999999999999,0.3658
0.010000000000000005,0.2726
0.10000000000000013,0.24
0.9999999999999992,0.9976
10.0,0.1123
0.0,0.2388
