MigrationRate,SurvivalProbability
0.0,0.0295
1.0e-10,0.034
1.000000000000004e-9,0.0333
1.0e-8,0.0348
9.99999999999998e-8,0.0383
1.0e-6,0.0804
1.0e-5,0.1656
0.0001,0.1541
0.000999999999999999,0.1244
0.010000000000000005,0.097
0.10000000000000013,0.078
0.9999999999999992,0.0805
10.0,0.0763
0.0,0.0793
