MigrationRate,SurvivalProbability
0.0,0.140985901409859
1.0e-7,0.17468253174682533
5.27499706370263e-7,0.27677232276772323
2.782559402207126e-6,0.43585641435856415
1.4677992676220675e-5,0.47455254474552544
7.742636826811262e-5,0.46265373462653736
0.00040842386526745257,0.43045695430456954
0.002154434690031882,0.40635936406359363
0.011364636663857255,0.35366463353664634
0.059948425031894056,0.3116688331166883
0.31622776601683794,0.30456954304569545
0.0,0.2977702229777022
