MigrationRate,SurvivalProbability
0.0,0.0184
1.0e-7,0.018
5.27499706370263e-7,0.0276
2.782559402207126e-6,0.0627
1.4677992676220675e-5,0.0913
7.742636826811262e-5,0.0935
0.00040842386526745257,0.0763
0.002154434690031882,0.0636
0.011364636663857255,0.0501
0.059948425031894056,0.0435
0.31622776601683794,0.0426
0.0,0.0392
