MigrationRate,SurvivalProbability
0.0,0.373
1.0e-7,0.4316
5.27499706370263e-7,0.5928
2.782559402207126e-6,0.7517
1.4677992676220675e-5,0.7967
7.742636826811262e-5,0.8164
0.00040842386526745257,0.7932
0.002154434690031882,0.7441
0.011364636663857255,0.6957
0.059948425031894056,0.6521
0.31622776601683794,0.6521
0.0,0.6535
