MigrationRate,SurvivalProbability
0.0,0.1037
1.0e-7,0.1786
5.27499706370263e-7,0.3553
2.782559402207126e-6,0.4798
1.4677992676220675e-5,0.4969
7.742636826811262e-5,0.4677
0.00040842386526745257,0.4002
0.002154434690031882,0.3394
0.011364636663857255,0.2832
0.059948425031894056,0.2322
0.31622776601683794,0.232
0.0,0.2355
