MigrationRate,SurvivalProbability
0.0,0.1064
1.0e-10,0.1134
1.000000000000004e-9,0.1102
1.0e-8,0.1177
9.99999999999998e-8,0.1733
1.0e-6,0.4033
1.0e-5,0.4816
0.0001,0.4579
0.000999999999999999,0.3765
0.010000000000000005,0.2891
0.10000000000000013,0.2469
0.9999999999999992,0.2392
10.0,0.2427
0.0,0.2388
