/home/dswartz/julia-1.9.0/bin/julia
Graph 1 is connected.
Graph 2 is connected.
Graph 3 is connected.
Graph 4 is connected.
Graph 5 is connected.
Graph 6 is connected.
Graph 7 is connected.
Graph 8 is connected.
Graph 9 is connected.
Graph 10 is connected.
Graph 11 is connected.
Matrix 1 is not normalized
Matrix 2 is not normalized
Matrix 3 is not normalized
Matrix 4 is not normalized
Matrix 5 is not normalized
Matrix 6 is not normalized
Matrix 7 is not normalized
Matrix 8 is not normalized
Matrix 9 is not normalized
Matrix 10 is not normalized
Matrix 11 is not normalized
Number of threads: 6
7001
2501
4001
8501
1001
5501
  1.774756 seconds (24.30 k allocations: 30.727 MiB)
  1.714243 seconds (4.59 k allocations: 8.191 MiB)
2502
4002
  1.698992 seconds (2 allocations: 816 bytes)
  1.711070 seconds (182 allocations: 11.125 KiB)
5502
  1.786278 seconds (27.17 k allocations: 23.395 MiB, 12.15% compilation time)
8502
  1.805894 seconds (35.38 k allocations: 36.099 MiB, 12.02% compilation time)
7002
1002
  1.697506 seconds (34.41 k allocations: 40.312 MiB, 3.49% compilation time)
2503
  1.689870 seconds (8.94 k allocations: 12.256 MiB)
8503
  1.702046 seconds (15.15 k allocations: 21.738 MiB)
5503
  1.702544 seconds (16.55 k allocations: 20.199 MiB)
1003
  1.720933 seconds (27.11 k allocations: 34.099 MiB)
7003
  2.039644 seconds (74.05 k allocations: 90.345 MiB, 2.90% compilation time)
4003
  1.692999 seconds (39.56 k allocations: 49.949 MiB)
2504
  1.691184 seconds (34.35 k allocations: 43.248 MiB)
8504
  1.687056 seconds (28.75 k allocations: 36.354 MiB)
5504
  1.697992 seconds (35.81 k allocations: 44.253 MiB)
1004
  1.747965 seconds (39.80 k allocations: 50.201 MiB)
7004
  1.702290 seconds (39.88 k allocations: 50.285 MiB)
4004
  1.694613 seconds (39.88 k allocations: 50.285 MiB)
2505
  2.056602 seconds (35.17 k allocations: 43.557 MiB, 4.42% gc time)
  2.045265 seconds (27.46 k allocations: 33.761 MiB, 4.45% gc time)
  2.036569 seconds (23.34 k allocations: 28.351 MiB, 4.47% gc time)
  1.787061 seconds (7.47 k allocations: 8.384 MiB, 5.09% gc time)
  1.875366 seconds (15.49 k allocations: 18.468 MiB, 4.85% gc time)
5505
8505
7005
4005
1005
  1.690146 seconds (37.81 k allocations: 44.938 MiB)
2506
  1.733786 seconds (8.56 k allocations: 11.871 MiB)
7006
  1.738784 seconds (15.09 k allocations: 18.010 MiB)
4006
  1.743129 seconds (20.57 k allocations: 25.523 MiB)
1006
  1.783754 seconds (31.81 k allocations: 40.127 MiB)
8506
  1.793292 seconds (36.96 k allocations: 47.299 MiB)
5506
  1.693722 seconds (39.72 k allocations: 50.117 MiB)
2507
  1.705511 seconds (39.16 k allocations: 48.853 MiB)
7007
  1.701917 seconds (31.21 k allocations: 39.520 MiB)
  1.698874 seconds (30.01 k allocations: 37.708 MiB)
4007
1007
  1.688529 seconds (35.80 k allocations: 45.423 MiB)
8507
  1.692539 seconds (38.72 k allocations: 47.875 MiB)
5507
  1.693761 seconds (39.64 k allocations: 50.033 MiB)
2508
  1.702523 seconds (34.58 k allocations: 43.480 MiB)
7008
  1.699090 seconds (25.13 k allocations: 33.331 MiB)
4008
  1.705659 seconds (32.16 k allocations: 39.965 MiB)
1008
  1.687382 seconds (28.61 k allocations: 34.423 MiB)
8508
  1.696398 seconds (32.85 k allocations: 40.669 MiB)
5508
  1.691626 seconds (39.88 k allocations: 50.285 MiB)
2509
  1.699620 seconds (27.66 k allocations: 34.510 MiB)
  1.697499 seconds (26.37 k allocations: 33.835 MiB)
7009
4009
  3.246597 seconds (15.58 k allocations: 20.436 MiB, 2.34% gc time)
  3.254019 seconds (19.80 k allocations: 25.983 MiB, 2.34% gc time)
  3.240052 seconds (13.02 k allocations: 16.656 MiB, 2.35% gc time)
  1.670804 seconds (6.22 k allocations: 8.994 MiB, 4.55% gc time)
8509
5509
1009
2510
  1.693428 seconds (1.96 k allocations: 3.215 MiB)
2511
  1.714904 seconds (8.22 k allocations: 11.516 MiB)
8510
  1.768651 seconds (16.17 k allocations: 21.564 MiB)
5510
  1.794497 seconds (27.53 k allocations: 37.517 MiB)
7010
  1.801205 seconds (32.96 k allocations: 42.520 MiB)
  1.795522 seconds (32.19 k allocations: 41.163 MiB)
4010
1010
  1.693464 seconds (39.80 k allocations: 50.201 MiB)
2512
  1.687262 seconds (39.72 k allocations: 50.117 MiB)
8511
  1.700383 seconds (39.80 k allocations: 50.201 MiB)
5511
  1.689690 seconds (39.42 k allocations: 49.165 MiB)
7011
  1.695411 seconds (31.81 k allocations: 40.127 MiB)
1011
  1.704903 seconds (36.68 k allocations: 47.021 MiB)
4011
  1.694711 seconds (39.72 k allocations: 50.117 MiB)
2513
  1.687740 seconds (39.64 k allocations: 50.032 MiB)
8512
  1.703655 seconds (39.64 k allocations: 50.033 MiB)
  1.693753 seconds (32.07 k allocations: 41.077 MiB)
5512
7012
  1.695956 seconds (31.81 k allocations: 40.127 MiB)
  1.699518 seconds (32.82 k allocations: 43.039 MiB)
4012
1012
  1.688136 seconds (39.50 k allocations: 49.249 MiB)
2514
  1.846416 seconds (34.92 k allocations: 44.013 MiB, 2.34% gc time)
  1.768604 seconds (19.17 k allocations: 24.143 MiB, 2.44% gc time)
  1.769423 seconds (19.19 k allocations: 24.175 MiB, 2.44% gc time)
  1.744341 seconds (5.43 k allocations: 7.533 MiB, 2.48% gc time)
  1.739474 seconds (3.47 k allocations: 4.435 MiB, 2.49% gc time)
8513
7013
5513
4013
1013
  1.711747 seconds (34.35 k allocations: 41.256 MiB)
2515
  1.714853 seconds (9.14 k allocations: 12.467 MiB)
5514
  1.724148 seconds (16.52 k allocations: 21.917 MiB)
4014
  1.727340 seconds (19.78 k allocations: 24.719 MiB)
  1.728759 seconds (20.08 k allocations: 26.314 MiB)
8514
7014
  1.728240 seconds (27.41 k allocations: 35.115 MiB)
1014
  1.699379 seconds (39.80 k allocations: 50.201 MiB)
2516
  1.688927 seconds (10.71 k allocations: 15.299 MiB)
8515
  1.698524 seconds (26.13 k allocations: 32.991 MiB)
  1.710862 seconds (43.50 k allocations: 54.761 MiB)
4015
  1.694032 seconds (14.14 k allocations: 18.408 MiB)
5515
7015
  1.698065 seconds (26.56 k allocations: 33.014 MiB)
1015
  1.693430 seconds (39.64 k allocations: 50.033 MiB)
2517
  1.689273 seconds (25.98 k allocations: 33.529 MiB)
8516
  1.687847 seconds (16.46 k allocations: 20.627 MiB)
7016
  1.695689 seconds (25.24 k allocations: 32.718 MiB)
4016
  1.694474 seconds (29.16 k allocations: 36.215 MiB)
  1.702458 seconds (34.52 k allocations: 43.122 MiB)
1016
5516
  1.693236 seconds (39.80 k allocations: 50.201 MiB)
2518
  1.788067 seconds (34.45 k allocations: 42.179 MiB, 3.82% gc time)
  1.780805 seconds (24.98 k allocations: 31.128 MiB, 3.83% gc time)
  1.767199 seconds (6.78 k allocations: 7.657 MiB, 3.86% gc time)
  1.774889 seconds (15.80 k allocations: 19.300 MiB, 3.85% gc time)
  1.768344 seconds (6.90 k allocations: 7.823 MiB, 3.86% gc time)
8517
5517
7017
1017
4017
  1.693764 seconds (37.88 k allocations: 45.021 MiB)
2519
  1.718169 seconds (7.92 k allocations: 9.991 MiB)
1018
  1.725929 seconds (15.82 k allocations: 19.980 MiB)
  1.727348 seconds (16.21 k allocations: 21.016 MiB)
  1.729604 seconds (16.59 k allocations: 22.052 MiB)
  1.742746 seconds (16.97 k allocations: 23.087 MiB)
8518
7018
5518
4018
  1.692246 seconds (39.64 k allocations: 50.033 MiB)
2520
  1.698314 seconds (39.34 k allocations: 49.081 MiB)
1019
  1.688093 seconds (22.15 k allocations: 28.894 MiB)
8519
  1.696307 seconds (26.82 k allocations: 35.568 MiB)
  1.696435 seconds (24.20 k allocations: 31.089 MiB)
7019
  1.698392 seconds (25.88 k allocations: 33.495 MiB)
4019
5519
  1.694684 seconds (39.64 k allocations: 50.033 MiB)
2521
  1.693323 seconds (39.72 k allocations: 50.117 MiB)
1020
  1.687755 seconds (36.11 k allocations: 44.570 MiB)
8520
  1.687831 seconds (27.48 k allocations: 35.016 MiB)
7020
  1.696629 seconds (35.19 k allocations: 44.804 MiB)
4020
  1.706897 seconds (39.72 k allocations: 50.117 MiB)
5520
  1.693435 seconds (39.72 k allocations: 50.117 MiB)
2522
  1.688360 seconds (31.89 k allocations: 40.211 MiB)
  1.696488 seconds (35.27 k allocations: 45.539 MiB)
8521
1021
  3.307850 seconds (27.69 k allocations: 34.775 MiB, 2.18% gc time)
  3.299009 seconds (20.27 k allocations: 25.899 MiB, 2.19% gc time)
  3.277759 seconds (12.36 k allocations: 15.882 MiB, 2.20% gc time)
  1.673038 seconds (4.44 k allocations: 5.868 MiB, 4.31% gc time)
2523
5521
4021
7021
  1.690701 seconds (28.94 k allocations: 35.679 MiB)
8522
  1.720433 seconds (14.11 k allocations: 19.985 MiB)
5522
  1.720859 seconds (11.77 k allocations: 17.082 MiB)
2524
  1.789009 seconds (23.82 k allocations: 30.053 MiB)
7022
  1.798987 seconds (26.71 k allocations: 36.141 MiB)
1022
  1.804008 seconds (39.64 k allocations: 50.033 MiB)
4022
  1.690905 seconds (39.64 k allocations: 50.033 MiB)
8523
  1.694833 seconds (31.73 k allocations: 40.043 MiB)
  1.699465 seconds (33.68 k allocations: 43.908 MiB)
2525
5523
  1.687089 seconds (32.27 k allocations: 41.830 MiB)
7023
  1.695229 seconds (39.80 k allocations: 50.201 MiB)
1023
  1.696236 seconds (39.80 k allocations: 50.201 MiB)
4023
  1.692076 seconds (39.72 k allocations: 50.117 MiB)
8524
  1.711838 seconds (31.64 k allocations: 39.959 MiB)
5524
  1.719617 seconds (35.68 k allocations: 44.771 MiB)
2526
  1.701210 seconds (39.61 k allocations: 50.027 MiB)
7024
  1.700731 seconds (39.64 k allocations: 50.032 MiB)
1024
  1.696211 seconds (36.99 k allocations: 46.105 MiB)
4024
  1.691777 seconds (39.72 k allocations: 50.117 MiB)
8525
  1.775305 seconds (30.34 k allocations: 37.411 MiB, 0.83% gc time)
  1.725185 seconds (22.23 k allocations: 26.603 MiB, 0.85% gc time)
  1.780819 seconds (34.70 k allocations: 43.079 MiB, 0.83% gc time)
  1.715126 seconds (11.94 k allocations: 14.132 MiB, 0.86% gc time)
  1.706427 seconds (6.85 k allocations: 7.753 MiB, 0.86% gc time)
2527
1025
4025
7025
5525
  1.693471 seconds (37.96 k allocations: 45.105 MiB)
8526
  1.691442 seconds (23.74 k allocations: 31.036 MiB)
1026
  1.706917 seconds (22.01 k allocations: 28.732 MiB)
4026
  1.711996 seconds (23.82 k allocations: 30.054 MiB)
7026
  1.730660 seconds (37.39 k allocations: 48.270 MiB)
2528
  1.735711 seconds (39.72 k allocations: 50.117 MiB)
5526
  1.692209 seconds (39.34 k allocations: 49.081 MiB)
8527
  1.701730 seconds (39.72 k allocations: 50.117 MiB)
1027
  1.696210 seconds (39.80 k allocations: 50.201 MiB)
4027
  1.698100 seconds (39.80 k allocations: 50.201 MiB)
7027
  1.691439 seconds (35.30 k allocations: 44.394 MiB)
2529
  1.705313 seconds (39.72 k allocations: 50.117 MiB)
5527
  1.692720 seconds (39.72 k allocations: 50.117 MiB)
8528
  1.697965 seconds (39.64 k allocations: 50.033 MiB)
1028
  1.697202 seconds (39.64 k allocations: 50.033 MiB)
4028
  1.689385 seconds (31.24 k allocations: 39.550 MiB)
7028
  1.695415 seconds (36.73 k allocations: 45.850 MiB)
2530
  1.698096 seconds (39.64 k allocations: 50.033 MiB)
5528
  1.691265 seconds (39.72 k allocations: 50.117 MiB)
8529
  1.689498 seconds (39.72 k allocations: 50.117 MiB)
1029
  3.278501 seconds (33.75 k allocations: 42.118 MiB, 0.75% gc time)
  3.267347 seconds (20.85 k allocations: 27.006 MiB, 0.75% gc time)
  3.263793 seconds (18.89 k allocations: 23.757 MiB, 0.75% gc time)
  3.228024 seconds (11.02 k allocations: 13.843 MiB, 0.76% gc time)
  1.615051 seconds (3.16 k allocations: 3.935 MiB, 1.52% gc time)
7029
8530
2531
5529
4029
  1.688083 seconds (33.25 k allocations: 40.136 MiB)
1030
  1.702847 seconds (14.50 k allocations: 20.385 MiB)
8531
  1.788165 seconds (15.82 k allocations: 19.980 MiB)
  1.790258 seconds (16.47 k allocations: 22.513 MiB)
2532
7030
  1.794983 seconds (31.71 k allocations: 38.806 MiB)
5530
  1.798261 seconds (35.11 k allocations: 44.200 MiB)
4030
  1.689458 seconds (39.72 k allocations: 50.117 MiB)
1031
  1.692821 seconds (39.72 k allocations: 50.117 MiB)
8532
  1.688494 seconds (31.41 k allocations: 39.090 MiB)
7031
  1.698325 seconds (39.34 k allocations: 49.081 MiB)
2533
  1.696409 seconds (30.90 k allocations: 39.199 MiB)
5531
  1.696402 seconds (34.62 k allocations: 43.687 MiB)
4031
  1.696214 seconds (39.72 k allocations: 50.117 MiB)
1032
  1.693116 seconds (39.72 k allocations: 50.117 MiB)
8533
  1.694538 seconds (39.34 k allocations: 49.081 MiB)
7032
  1.693654 seconds (34.67 k allocations: 43.630 MiB)
2534
  1.698057 seconds (31.81 k allocations: 40.127 MiB)
  1.701977 seconds (34.26 k allocations: 44.092 MiB)
4032
5532
  1.697769 seconds (39.64 k allocations: 50.033 MiB)
1033
  1.839450 seconds (38.07 k allocations: 47.217 MiB, 1.77% gc time)
  1.755104 seconds (30.04 k allocations: 36.918 MiB, 1.86% gc time)
  1.742939 seconds (22.33 k allocations: 27.332 MiB, 1.87% gc time)
  1.729008 seconds (6.57 k allocations: 7.448 MiB, 1.88% gc time)
  1.729965 seconds (6.63 k allocations: 7.532 MiB, 1.88% gc time)
8534
5533
7033
2535
4033
  1.694184 seconds (37.32 k allocations: 44.400 MiB)
1034
  1.719385 seconds (8.21 k allocations: 11.520 MiB)
7034
  1.728175 seconds (14.07 k allocations: 19.412 MiB)
5534
  1.731821 seconds (21.52 k allocations: 26.482 MiB)
4034
  1.737228 seconds (26.51 k allocations: 34.734 MiB)
8535
  1.747431 seconds (39.80 k allocations: 50.201 MiB)
2536
  1.702695 seconds (39.80 k allocations: 50.201 MiB)
1035
  1.691179 seconds (36.53 k allocations: 46.164 MiB)
7035
  1.702856 seconds (38.26 k allocations: 47.937 MiB)
  1.697153 seconds (29.39 k allocations: 37.604 MiB)
  1.691116 seconds (24.32 k allocations: 31.425 MiB)
5535
8536
4035
  1.694135 seconds (39.72 k allocations: 50.117 MiB)
2537
  1.701599 seconds (39.64 k allocations: 50.033 MiB)
1036
  1.694269 seconds (39.64 k allocations: 50.033 MiB)
7036
  1.695110 seconds (24.39 k allocations: 31.866 MiB)
8537
  1.697830 seconds (26.75 k allocations: 33.748 MiB)
  1.701716 seconds (29.01 k allocations: 36.688 MiB)
4036
5536
  1.697476 seconds (39.29 k allocations: 48.460 MiB)
2538
  1.701195 seconds (39.72 k allocations: 50.117 MiB)
1037
  1.687905 seconds (36.79 k allocations: 45.904 MiB)
7037
  3.442057 seconds (24.48 k allocations: 31.962 MiB, 2.16% gc time)
  3.435655 seconds (18.27 k allocations: 22.449 MiB, 2.16% gc time)
  3.425792 seconds (11.07 k allocations: 13.878 MiB, 2.17% gc time)
  1.765085 seconds (2.57 k allocations: 4.505 MiB, 4.21% gc time)
  3.437896 seconds (18.79 k allocations: 24.690 MiB, 2.16% gc time)
2539
8538
5537
1038
4037
  1.692344 seconds (36.72 k allocations: 43.732 MiB)
7038
  1.790384 seconds (23.13 k allocations: 28.066 MiB)
  1.787679 seconds (23.51 k allocations: 29.102 MiB)
8539
5538
  2.860528 seconds (24.63 k allocations: 32.114 MiB)
4038
  1.696175 seconds (7.91 k allocations: 9.990 MiB)
5539
  3.961266 seconds (56.56 k allocations: 71.067 MiB)
  2.279594 seconds (32.03 k allocations: 40.995 MiB)
  3.942519 seconds (40.32 k allocations: 52.020 MiB)
2540
7039
1039
  2.769108 seconds (41.08 k allocations: 52.730 MiB)
8540
  2.227541 seconds (39.64 k allocations: 50.033 MiB)
4039
  1.697133 seconds (39.64 k allocations: 50.033 MiB)
5540
  2.279519 seconds (38.87 k allocations: 47.961 MiB)
  2.333433 seconds (24.12 k allocations: 31.005 MiB)
  2.377718 seconds (32.11 k allocations: 41.079 MiB)
2541
7040
1040
  1.700555 seconds (23.90 k allocations: 30.137 MiB)
5541
  3.904264 seconds (42.75 k allocations: 53.914 MiB, 0.36% gc time)
  3.358971 seconds (34.91 k allocations: 43.971 MiB, 0.42% gc time)
  2.027275 seconds (15.64 k allocations: 20.260 MiB, 0.70% gc time)
  2.019857 seconds (11.22 k allocations: 15.121 MiB, 0.70% gc time)
  1.993151 seconds (5.57 k allocations: 8.475 MiB, 0.71% gc time)
8541
4040
2542
1041
7041
  1.692391 seconds (33.00 k allocations: 39.932 MiB)
  1.689335 seconds (26.82 k allocations: 33.050 MiB)
5542
8542
  3.459264 seconds (15.90 k allocations: 20.064 MiB)
7042
  3.889435 seconds (39.20 k allocations: 49.515 MiB)
2543
  2.328772 seconds (15.90 k allocations: 20.064 MiB)
5543
  4.083126 seconds (54.86 k allocations: 68.108 MiB)
4041
  4.253074 seconds (49.82 k allocations: 63.570 MiB)
1042
  2.882005 seconds (39.72 k allocations: 50.117 MiB)
8543
  1.703231 seconds (23.90 k allocations: 30.137 MiB)
5544
  2.017943 seconds (39.80 k allocations: 50.201 MiB)
2544
  3.135896 seconds (55.62 k allocations: 70.180 MiB)
7043
  2.603977 seconds (39.88 k allocations: 50.285 MiB)
4042
  2.895330 seconds (39.80 k allocations: 50.201 MiB)
1043
  1.702168 seconds (31.81 k allocations: 40.127 MiB)
5545
  2.539222 seconds (22.84 k allocations: 27.807 MiB, 2.15% gc time)
  3.269304 seconds (30.58 k allocations: 37.651 MiB, 1.67% gc time)
  4.624612 seconds (46.51 k allocations: 57.744 MiB, 1.18% gc time)
  2.460084 seconds (16.71 k allocations: 22.183 MiB, 2.22% gc time)
  1.996678 seconds (9.29 k allocations: 13.730 MiB, 2.73% gc time)
7044
2545
8544
4043
1044
  1.692414 seconds (37.81 k allocations: 44.938 MiB)
5546
  3.399809 seconds (30.76 k allocations: 38.289 MiB)
7045
  3.382629 seconds (13.90 k allocations: 16.791 MiB)
1045
  4.004576 seconds (41.21 k allocations: 51.574 MiB)
  4.007063 seconds (39.42 k allocations: 49.165 MiB)
8545
2546
  4.008905 seconds (33.37 k allocations: 42.422 MiB)
4044
  3.391774 seconds (39.72 k allocations: 50.117 MiB)
5547
  1.995906 seconds (39.34 k allocations: 49.081 MiB)
7046
  3.875771 seconds (39.72 k allocations: 50.117 MiB)
1046
  3.394767 seconds (23.90 k allocations: 30.138 MiB)
4045
  3.769136 seconds (31.81 k allocations: 40.127 MiB)
8546
  3.847090 seconds (40.88 k allocations: 52.516 MiB)
2547
  3.039619 seconds (39.80 k allocations: 50.201 MiB)
5548
  2.793919 seconds (39.80 k allocations: 50.201 MiB)
7047
  1.787693 seconds (31.81 k allocations: 40.127 MiB)
4046
  2.027786 seconds (31.81 k allocations: 40.127 MiB)
8547
  1.726208 seconds (23.82 k allocations: 30.053 MiB)
5549
  1.715482 seconds (23.82 k allocations: 30.053 MiB)
7048
  4.405359 seconds (66.49 k allocations: 83.889 MiB, 2.27% gc time)
  3.830730 seconds (42.72 k allocations: 53.857 MiB, 2.61% gc time)
  2.462127 seconds (19.00 k allocations: 23.878 MiB, 4.06% gc time)
  1.859418 seconds (12.59 k allocations: 17.037 MiB, 5.38% gc time)
  1.824960 seconds (4.71 k allocations: 7.081 MiB, 5.48% gc time)
2548
1047
4047
8548
5550
  1.699325 seconds (33.08 k allocations: 39.964 MiB)
7049
  1.727764 seconds (22.80 k allocations: 28.900 MiB)
2549
  2.579544 seconds (15.90 k allocations: 20.064 MiB)
8549
  3.007256 seconds (36.91 k allocations: 47.135 MiB)
1048
  3.251994 seconds (35.06 k allocations: 45.885 MiB)
4048
  1.699217 seconds (31.81 k allocations: 40.127 MiB)
7050
  3.406500 seconds (47.79 k allocations: 61.501 MiB)
5551
  2.006967 seconds (31.81 k allocations: 40.127 MiB)
8550
  3.129740 seconds (47.71 k allocations: 60.190 MiB)
2550
  1.702442 seconds (23.82 k allocations: 30.053 MiB)
7051
  2.407681 seconds (23.82 k allocations: 30.053 MiB)
5552
  3.387322 seconds (55.62 k allocations: 70.180 MiB)
1049
  3.386841 seconds (55.62 k allocations: 70.180 MiB)
4049
  1.699213 seconds (23.82 k allocations: 30.053 MiB)
7052
  4.052875 seconds (46.15 k allocations: 57.369 MiB, 0.41% gc time)
  3.804474 seconds (38.27 k allocations: 47.405 MiB, 0.44% gc time)
  2.826033 seconds (22.44 k allocations: 27.391 MiB, 0.59% gc time)
  2.016320 seconds (8.38 k allocations: 11.180 MiB, 0.83% gc time)
  2.279665 seconds (16.32 k allocations: 21.192 MiB, 0.73% gc time)
8551
2551
5553
4050
1050
  1.704250 seconds (36.62 k allocations: 43.676 MiB)
7053
  1.723418 seconds (23.13 k allocations: 28.066 MiB)
2552
  2.574261 seconds (31.04 k allocations: 38.055 MiB)
5554
  2.980817 seconds (46.91 k allocations: 58.606 MiB)
8552
  1.701236 seconds (23.73 k allocations: 29.969 MiB)
7054
  3.395692 seconds (42.25 k allocations: 53.919 MiB)
  3.387429 seconds (40.02 k allocations: 51.068 MiB)
4051
1051
  2.305765 seconds (39.56 k allocations: 49.949 MiB)
2553
  2.414770 seconds (39.64 k allocations: 50.033 MiB)
5555
  1.700151 seconds (31.73 k allocations: 40.043 MiB)
7055
  2.470472 seconds (23.82 k allocations: 30.053 MiB)
1052
  3.360391 seconds (55.46 k allocations: 70.012 MiB)
8553
  2.617999 seconds (31.73 k allocations: 40.043 MiB)
2554
  1.703609 seconds (23.82 k allocations: 30.053 MiB)
7056
  3.399813 seconds (56.80 k allocations: 71.436 MiB)
4052
  1.858210 seconds (23.73 k allocations: 29.969 MiB)
8554
  3.385491 seconds (55.54 k allocations: 70.096 MiB)
5556
  1.702639 seconds (18.90 k allocations: 24.337 MiB)
  4.622780 seconds (47.98 k allocations: 61.140 MiB, 1.75% gc time)
  3.858350 seconds (32.12 k allocations: 41.080 MiB, 2.10% gc time)
  3.713012 seconds (16.40 k allocations: 21.327 MiB, 2.18% gc time)
  2.116121 seconds (1.49 k allocations: 4.105 MiB, 3.83% gc time)
  2.336204 seconds (9.44 k allocations: 14.154 MiB, 3.47% gc time)
2555
1053
4053
7057
5557
8555
  1.712657 seconds (6.68 k allocations: 10.486 MiB)
1054
  1.734480 seconds (12.23 k allocations: 18.073 MiB)
2556
  1.736898 seconds (15.04 k allocations: 17.953 MiB)
7058
  1.760186 seconds (40.62 k allocations: 53.300 MiB)
4054
  1.796247 seconds (31.73 k allocations: 40.043 MiB)
5558
  1.802008 seconds (38.10 k allocations: 47.236 MiB)
8556
  1.686248 seconds (39.72 k allocations: 50.117 MiB)
1055
  1.690263 seconds (38.49 k allocations: 48.171 MiB)
2557
  1.700505 seconds (39.80 k allocations: 50.201 MiB)
7059
  1.699381 seconds (39.88 k allocations: 50.285 MiB)
4055
  1.691625 seconds (31.81 k allocations: 40.127 MiB)
  1.700204 seconds (38.82 k allocations: 49.142 MiB)
8557
5559
  1.688812 seconds (39.80 k allocations: 50.201 MiB)
1056
  1.693482 seconds (39.72 k allocations: 50.117 MiB)
2558
  1.701574 seconds (39.34 k allocations: 49.081 MiB)
7060
  1.696323 seconds (34.27 k allocations: 43.340 MiB)
4056
  1.694555 seconds (31.81 k allocations: 40.127 MiB)
8558
  1.702260 seconds (38.49 k allocations: 47.642 MiB)
5560
  1.690089 seconds (39.80 k allocations: 50.201 MiB)
1057
  1.816825 seconds (34.68 k allocations: 43.751 MiB, 1.02% gc time)
  1.781858 seconds (18.79 k allocations: 23.699 MiB, 1.04% gc time)
  1.788163 seconds (21.96 k allocations: 28.187 MiB, 1.03% gc time)
  1.733924 seconds (12.19 k allocations: 16.352 MiB, 1.06% gc time)
  1.722610 seconds (4.71 k allocations: 7.412 MiB, 1.07% gc time)
2559
4057
7061
8559
5561
  1.719936 seconds (33.02 k allocations: 39.908 MiB)
  1.717158 seconds (15.51 k allocations: 19.027 MiB)
  1.708543 seconds (766 allocations: 2.072 MiB)
1058
  1.727204 seconds (20.73 k allocations: 25.637 MiB)
5562
7062
2560
  2.550821 seconds (31.81 k allocations: 40.127 MiB)
  2.568124 seconds (47.32 k allocations: 59.153 MiB)
8560
4058
  1.696279 seconds (24.00 k allocations: 30.823 MiB)
5563
  1.696402 seconds (22.20 k allocations: 28.416 MiB)
7063
  2.103734 seconds (54.56 k allocations: 67.156 MiB)
1059
  2.115964 seconds (39.72 k allocations: 50.117 MiB)
2561
  2.333334 seconds (31.81 k allocations: 40.127 MiB)
  2.353342 seconds (39.72 k allocations: 50.117 MiB)
4059
8561
  1.697884 seconds (31.73 k allocations: 40.043 MiB)
  1.700932 seconds (32.12 k allocations: 42.303 MiB)
7064
5564
  2.226191 seconds (39.72 k allocations: 50.117 MiB)
  2.203628 seconds (32.11 k allocations: 41.079 MiB)
1060
2562
  1.701018 seconds (15.99 k allocations: 20.148 MiB)
5565
  1.700859 seconds (16.62 k allocations: 21.490 MiB)
7065
  3.422855 seconds (42.92 k allocations: 54.144 MiB, 1.88% gc time)
  3.410164 seconds (35.50 k allocations: 45.280 MiB, 1.89% gc time)
  2.255670 seconds (11.35 k allocations: 14.209 MiB, 2.86% gc time)
  2.232129 seconds (5.61 k allocations: 8.724 MiB, 2.89% gc time)
1061
4060
2563
8562
  1.700363 seconds (28.70 k allocations: 35.453 MiB)
5566
  1.720443 seconds (15.96 k allocations: 20.700 MiB)
1062
  1.736524 seconds (23.83 k allocations: 30.600 MiB)
4061
  1.778723 seconds (34.09 k allocations: 45.475 MiB)
7066
  1.786409 seconds (36.24 k allocations: 45.876 MiB)
2564
  1.783728 seconds (39.57 k allocations: 48.746 MiB)
8563
  1.708942 seconds (39.72 k allocations: 50.117 MiB)
5567
  1.692545 seconds (39.72 k allocations: 50.117 MiB)
1063
  1.700041 seconds (39.80 k allocations: 50.201 MiB)
4062
  1.709414 seconds (39.72 k allocations: 50.117 MiB)
7067
  1.696508 seconds (32.88 k allocations: 41.233 MiB)
2565
  1.702941 seconds (39.80 k allocations: 50.201 MiB)
8564
  1.702286 seconds (23.98 k allocations: 30.222 MiB)
4063
  1.729431 seconds (34.10 k allocations: 43.172 MiB)
1064
  1.754382 seconds (50.11 k allocations: 62.695 MiB)
5568
  1.701456 seconds (31.89 k allocations: 40.211 MiB)
2566
  1.701269 seconds (31.38 k allocations: 38.469 MiB)
8565
  1.729640 seconds (47.85 k allocations: 60.342 MiB)
7068
  1.687796 seconds (29.93 k allocations: 37.516 MiB)
1065
  1.914673 seconds (37.74 k allocations: 47.748 MiB, 7.18% gc time)
  1.899527 seconds (26.83 k allocations: 33.808 MiB, 7.23% gc time)
  1.865464 seconds (18.52 k allocations: 22.759 MiB, 7.37% gc time)
  1.852148 seconds (9.21 k allocations: 11.258 MiB, 7.42% gc time)
  1.843143 seconds (3.23 k allocations: 3.991 MiB, 7.45% gc time)
2567
7069
5569
8566
4064
  1.689026 seconds (33.63 k allocations: 40.533 MiB)
1066
  1.733626 seconds (10.42 k allocations: 16.205 MiB)
2568
  1.741099 seconds (15.90 k allocations: 20.064 MiB)
  1.742972 seconds (16.14 k allocations: 20.752 MiB)
8567
7070
  1.748174 seconds (27.64 k allocations: 33.440 MiB)
4065
  1.762864 seconds (39.72 k allocations: 50.117 MiB)
5570
  1.691581 seconds (39.72 k allocations: 50.117 MiB)
1067
  1.694740 seconds (39.72 k allocations: 50.117 MiB)
2569
  1.695601 seconds (31.97 k allocations: 40.813 MiB)
8568
  1.705348 seconds (36.43 k allocations: 46.065 MiB)
  1.699691 seconds (32.27 k allocations: 41.247 MiB)
7071
4066
  1.710287 seconds (39.80 k allocations: 50.201 MiB)
5571
  1.685319 seconds (39.80 k allocations: 50.201 MiB)
1068
  1.694508 seconds (39.71 k allocations: 49.980 MiB)
2570
  1.695704 seconds (39.27 k allocations: 48.952 MiB)
8569
  1.696576 seconds (31.81 k allocations: 40.127 MiB)
  1.703064 seconds (34.50 k allocations: 44.748 MiB)
4067
7072
  1.704339 seconds (39.72 k allocations: 50.117 MiB)
5572
  1.689897 seconds (39.64 k allocations: 50.033 MiB)
1069
  1.812355 seconds (14.80 k allocations: 18.911 MiB, 4.28% gc time)  1.845573 seconds (38.07 k allocations: 47.217 MiB, 4.21% gc time)

  1.826801 seconds (30.19 k allocations: 37.237 MiB, 4.25% gc time)
  1.780462 seconds (6.55 k allocations: 7.303 MiB, 4.36% gc time)
  1.809611 seconds (14.46 k allocations: 17.296 MiB, 4.29% gc time)
5573
2571
8570
7073
4068
  1.689488 seconds (37.68 k allocations: 44.757 MiB)
1070
  1.716513 seconds (8.00 k allocations: 10.075 MiB)
2572
  1.734950 seconds (15.99 k allocations: 20.148 MiB)
  1.734262 seconds (16.37 k allocations: 21.184 MiB)
7074
4069
  1.737079 seconds (20.36 k allocations: 26.008 MiB)
8571
  1.742852 seconds (31.24 k allocations: 37.796 MiB)
5574
  1.691980 seconds (39.72 k allocations: 50.117 MiB)
1071
  1.689507 seconds (7.99 k allocations: 10.074 MiB)
  1.696861 seconds (18.92 k allocations: 23.709 MiB)
4070
  1.702000 seconds (23.79 k allocations: 30.009 MiB)
8572
7075
  1.719365 seconds (58.20 k allocations: 71.664 MiB)
  1.701534 seconds (28.26 k allocations: 34.634 MiB)
2573
5575
  1.687707 seconds (39.72 k allocations: 50.117 MiB)
1072
  1.696510 seconds (30.19 k allocations: 38.997 MiB)
  1.693561 seconds (23.64 k allocations: 30.401 MiB)
4071
8573
  1.693464 seconds (21.59 k allocations: 26.564 MiB)
2574
  1.706393 seconds (35.00 k allocations: 44.604 MiB)
  1.702005 seconds (28.27 k allocations: 35.926 MiB)
7076
5576
  1.701691 seconds (39.72 k allocations: 50.117 MiB)
1073
  1.692273 seconds (29.07 k allocations: 35.996 MiB)
  1.698122 seconds (32.68 k allocations: 42.257 MiB)
8574
4072
  3.332424 seconds (12.48 k allocations: 17.252 MiB, 1.56% gc time)
  3.336112 seconds (17.06 k allocations: 23.174 MiB, 1.56% gc time)
  3.330120 seconds (12.44 k allocations: 15.987 MiB, 1.56% gc time)
  1.711549 seconds (4.67 k allocations: 6.123 MiB, 3.04% gc time)
5577
2575
7077
1074
  1.702659 seconds (31.42 k allocations: 38.277 MiB)
8575
  1.721642 seconds (10.62 k allocations: 15.205 MiB)
2576
  1.792642 seconds (15.82 k allocations: 19.980 MiB)
7078
  1.801429 seconds (20.94 k allocations: 28.346 MiB)
4073
  1.794571 seconds (19.98 k allocations: 25.610 MiB)
  1.802131 seconds (26.47 k allocations: 34.106 MiB)
1075
5578
  1.693683 seconds (39.88 k allocations: 50.285 MiB)
8576
  1.694567 seconds (39.88 k allocations: 50.285 MiB)
2577
  1.692903 seconds (15.82 k allocations: 19.980 MiB)
  1.695562 seconds (16.21 k allocations: 21.016 MiB)
5579
1076
  1.705956 seconds (30.72 k allocations: 39.011 MiB)
  1.709251 seconds (37.97 k allocations: 48.284 MiB)
4074
7079
  1.693057 seconds (39.72 k allocations: 50.117 MiB)
8577
  1.693077 seconds (39.72 k allocations: 50.117 MiB)
2578
  1.700154 seconds (17.92 k allocations: 23.347 MiB)
  1.704581 seconds (24.72 k allocations: 31.669 MiB)
4075
5580
  1.708250 seconds (26.05 k allocations: 33.040 MiB)
1077
  1.710215 seconds (36.94 k allocations: 46.068 MiB)
7080
  1.693596 seconds (39.72 k allocations: 50.117 MiB)
8578
  1.796929 seconds (22.75 k allocations: 28.272 MiB, 2.67% gc time)
  1.877743 seconds (38.34 k allocations: 47.494 MiB, 2.55% gc time)
  1.791356 seconds (15.62 k allocations: 19.091 MiB, 2.68% gc time)
  1.787151 seconds (11.34 k allocations: 13.437 MiB, 2.68% gc time)
  1.779698 seconds (9.15 k allocations: 12.614 MiB, 2.69% gc time)
5581
1078
2579
4076
7081
  1.691012 seconds (37.60 k allocations: 44.675 MiB)
8579
  1.721242 seconds (15.53 k allocations: 19.028 MiB)
5582
  1.730366 seconds (23.42 k allocations: 29.017 MiB)
1079
  1.740952 seconds (30.32 k allocations: 37.912 MiB)
2580
  2.526723 seconds (31.81 k allocations: 40.127 MiB)
7082
  2.585581 seconds (39.72 k allocations: 50.117 MiB)
4077
  1.695319 seconds (31.62 k allocations: 39.614 MiB)
5583
  1.714370 seconds (31.73 k allocations: 40.043 MiB)
1080
  2.129360 seconds (55.54 k allocations: 70.096 MiB)
8580
  2.184402 seconds (39.56 k allocations: 49.949 MiB)
2581
  1.700506 seconds (39.64 k allocations: 50.033 MiB)
7083
  1.694336 seconds (39.64 k allocations: 50.033 MiB)
4078
  1.692621 seconds (39.64 k allocations: 50.033 MiB)
5584
  1.700173 seconds (39.72 k allocations: 50.117 MiB)
1081
  1.694335 seconds (39.80 k allocations: 50.201 MiB)
8581
  1.695362 seconds (39.72 k allocations: 50.117 MiB)
2582
  1.706126 seconds (39.72 k allocations: 50.117 MiB)
7084
  1.695321 seconds (39.72 k allocations: 50.117 MiB)
4079
  1.694856 seconds (39.72 k allocations: 50.117 MiB)
5585
  2.171233 seconds (19.04 k allocations: 23.940 MiB, 3.40% gc time)
  2.302110 seconds (26.90 k allocations: 33.895 MiB, 3.20% gc time)
  2.658052 seconds (34.77 k allocations: 43.845 MiB, 2.77% gc time)
  1.804442 seconds (4.88 k allocations: 7.453 MiB, 4.09% gc time)
  1.832447 seconds (12.97 k allocations: 17.633 MiB, 4.03% gc time)
2583
8582
7085
1082
4080
  1.694480 seconds (36.84 k allocations: 43.840 MiB)
5586
  1.803963 seconds (14.72 k allocations: 19.386 MiB)
7086
  2.556577 seconds (38.04 k allocations: 46.421 MiB)
8583
  2.979224 seconds (45.72 k allocations: 56.183 MiB)
2584
  3.393407 seconds (31.89 k allocations: 40.211 MiB)
  3.409710 seconds (32.27 k allocations: 41.247 MiB)
1083
4081
  1.711712 seconds (31.89 k allocations: 40.211 MiB)
7087
  2.322823 seconds (47.79 k allocations: 60.274 MiB)
5587
  2.204062 seconds (39.80 k allocations: 50.201 MiB)
8584
  2.127047 seconds (39.80 k allocations: 50.201 MiB)
2585
  1.763998 seconds (31.89 k allocations: 40.211 MiB)
4082
  1.709381 seconds (31.97 k allocations: 40.295 MiB)
7088
  1.881411 seconds (55.70 k allocations: 70.152 MiB)
1084
  1.718916 seconds (39.88 k allocations: 50.285 MiB)
5588
  1.695071 seconds (39.88 k allocations: 50.285 MiB)
8585
  1.702597 seconds (39.88 k allocations: 50.285 MiB)
2586
  1.699347 seconds (39.88 k allocations: 50.285 MiB)
4083
  1.733057 seconds (39.80 k allocations: 50.201 MiB)
7089
  2.922809 seconds (26.84 k allocations: 33.842 MiB, 3.19% gc time)  1.871823 seconds (11.01 k allocations: 13.816 MiB, 4.99% gc time)

  2.219977 seconds (18.95 k allocations: 23.847 MiB, 4.21% gc time)
  1.768116 seconds (3.19 k allocations: 3.880 MiB, 5.28% gc time)
  3.379678 seconds (34.77 k allocations: 43.845 MiB, 2.76% gc time)
2587
5589
8586
4084
1085
  1.706422 seconds (37.51 k allocations: 44.582 MiB)
7090
  1.734017 seconds (22.86 k allocations: 28.955 MiB)
2588
  1.795512 seconds (29.11 k allocations: 37.260 MiB)
5590
  2.865722 seconds (31.34 k allocations: 39.007 MiB)
8587
  3.182679 seconds (31.73 k allocations: 40.043 MiB)
1086
  3.964686 seconds (47.25 k allocations: 59.070 MiB)
4085
  2.265133 seconds (28.78 k allocations: 35.820 MiB)
2589
  2.371334 seconds (47.63 k allocations: 60.106 MiB)
7091
  2.827359 seconds (39.72 k allocations: 50.117 MiB)
5591
  1.698758 seconds (31.73 k allocations: 40.043 MiB)
1087
  1.981742 seconds (15.90 k allocations: 20.064 MiB)
7092
  2.237525 seconds (39.34 k allocations: 49.081 MiB)
4086
  3.369358 seconds (63.45 k allocations: 80.085 MiB)
8588
  2.191436 seconds (31.73 k allocations: 40.043 MiB)
5592
  3.108656 seconds (55.46 k allocations: 70.012 MiB)
2590
  2.074823 seconds (39.64 k allocations: 50.033 MiB)
1088
  1.717286 seconds (39.64 k allocations: 50.033 MiB)
7093
  2.403825 seconds (22.53 k allocations: 27.516 MiB, 3.16% gc time)
  3.033931 seconds (37.95 k allocations: 46.439 MiB, 2.51% gc time)
  3.011530 seconds (31.74 k allocations: 39.759 MiB, 2.52% gc time)
  2.092293 seconds (8.91 k allocations: 11.699 MiB, 3.63% gc time)
  2.145995 seconds (17.09 k allocations: 22.053 MiB, 3.54% gc time)
5593
4087
8589
2591
1089
  1.701242 seconds (37.42 k allocations: 44.491 MiB)
7094
  3.410192 seconds (29.23 k allocations: 36.734 MiB)
5594
  3.422298 seconds (21.39 k allocations: 26.882 MiB)
2592
  3.654958 seconds (25.54 k allocations: 33.039 MiB)
8590
  3.737134 seconds (42.42 k allocations: 53.445 MiB)
4088
  3.993001 seconds (39.80 k allocations: 50.201 MiB)
1090
  2.681527 seconds (39.80 k allocations: 50.201 MiB)
7095
  1.730633 seconds (15.82 k allocations: 19.980 MiB)
4089
  1.712428 seconds (7.91 k allocations: 9.990 MiB)
7096
  2.697442 seconds (47.63 k allocations: 60.106 MiB)
2593
  2.933263 seconds (47.63 k allocations: 60.106 MiB)
8591
  3.293379 seconds (71.22 k allocations: 89.291 MiB)
5595
  3.005491 seconds (47.71 k allocations: 60.190 MiB)
1091
  1.703046 seconds (31.81 k allocations: 40.127 MiB)
7097
  1.917035 seconds (23.73 k allocations: 29.969 MiB)
8592
  3.227561 seconds (55.70 k allocations: 70.264 MiB)
4090
  2.797092 seconds (47.71 k allocations: 60.190 MiB)
2594
  2.475451 seconds (39.72 k allocations: 50.117 MiB)
5596
  1.708595 seconds (31.81 k allocations: 40.127 MiB)
7098
  2.777378 seconds (16.36 k allocations: 21.202 MiB, 3.54% gc time)
  4.429840 seconds (40.16 k allocations: 51.244 MiB, 2.22% gc time)
  2.949976 seconds (24.28 k allocations: 31.225 MiB, 3.34% gc time)
  2.291919 seconds (1.93 k allocations: 4.268 MiB, 4.29% gc time)
  2.537466 seconds (10.54 k allocations: 15.612 MiB, 3.88% gc time)
8593
1092
4091
5597
2595
  1.694254 seconds (28.76 k allocations: 35.563 MiB)
7099
  1.720672 seconds (23.05 k allocations: 27.982 MiB)
8594
  1.800044 seconds (30.95 k allocations: 37.970 MiB)
1093
  2.887009 seconds (38.94 k allocations: 48.044 MiB)
4092
  3.438225 seconds (33.45 k allocations: 43.028 MiB)
5598
  1.698201 seconds (15.82 k allocations: 19.980 MiB)
1094
  3.693418 seconds (47.71 k allocations: 60.190 MiB)
2596
  3.230703 seconds (47.71 k allocations: 60.190 MiB)
7100
  2.090947 seconds (31.81 k allocations: 40.127 MiB)
4093
  3.297589 seconds (55.62 k allocations: 70.180 MiB)
8595
  1.716719 seconds (31.81 k allocations: 40.127 MiB)
1095
  2.425020 seconds (47.79 k allocations: 60.274 MiB)
5599
  2.358557 seconds (39.80 k allocations: 50.201 MiB)
2597
  1.698050 seconds (31.59 k allocations: 39.259 MiB)
4094
  1.698682 seconds (23.90 k allocations: 30.137 MiB)
1096
  3.676628 seconds (34.67 k allocations: 43.751 MiB, 1.60% gc time)
  2.799529 seconds (18.71 k allocations: 23.605 MiB, 2.10% gc time)
  3.780793 seconds (50.76 k allocations: 64.000 MiB, 1.56% gc time)
  2.595206 seconds (12.32 k allocations: 17.108 MiB, 2.27% gc time)
  1.991017 seconds (4.44 k allocations: 7.137 MiB, 2.96% gc time)
8596
5600
2598
4095
7101
  1.716808 seconds (15.37 k allocations: 19.457 MiB)
8597
  1.787400 seconds (21.79 k allocations: 26.640 MiB)
  1.810090 seconds (30.33 k allocations: 39.715 MiB)
5601
1097
  2.889689 seconds (40.45 k allocations: 50.794 MiB)
2599
  3.414143 seconds (31.81 k allocations: 40.127 MiB)
7102
  1.700437 seconds (15.90 k allocations: 20.064 MiB)
1098
  3.703216 seconds (55.39 k allocations: 69.311 MiB)
4096
  2.097879 seconds (23.90 k allocations: 30.137 MiB)
2600
  3.293527 seconds (40.88 k allocations: 52.526 MiB)
  3.373178 seconds (56.00 k allocations: 71.216 MiB)
5602
8598
  1.700777 seconds (31.73 k allocations: 40.043 MiB)
1099
  2.547871 seconds (47.71 k allocations: 60.190 MiB)
7103
  1.772441 seconds (31.89 k allocations: 40.211 MiB)
2601
  1.793952 seconds (23.90 k allocations: 30.137 MiB)
8599
  1.707760 seconds (23.81 k allocations: 30.053 MiB)
1100
  3.241256 seconds (61.20 k allocations: 76.560 MiB)
  3.565127 seconds (38.40 k allocations: 47.959 MiB, 2.63% gc time)
  1.876039 seconds (14.62 k allocations: 17.932 MiB, 4.99% gc time)
  2.653397 seconds (22.59 k allocations: 27.948 MiB, 3.53% gc time)
  1.744392 seconds (8.24 k allocations: 10.796 MiB, 5.37% gc time)
2602
5603
4097
7104
8600
  1.699484 seconds (37.05 k allocations: 44.124 MiB)
1101
  1.734977 seconds (19.59 k allocations: 25.626 MiB)
  1.737668 seconds (17.08 k allocations: 22.489 MiB)
2603
5604
  1.806244 seconds (31.43 k allocations: 39.091 MiB)
7105
  2.603052 seconds (39.34 k allocations: 49.081 MiB)
4098
  2.587930 seconds (35.23 k allocations: 44.312 MiB)
8601
  1.704820 seconds (39.80 k allocations: 50.201 MiB)
1102
  1.712772 seconds (23.82 k allocations: 30.053 MiB)
7106
  2.132327 seconds (47.33 k allocations: 59.154 MiB)
  2.132401 seconds (40.11 k allocations: 51.154 MiB)
2604
5605
  2.309465 seconds (31.73 k allocations: 40.043 MiB)
8602
  1.703214 seconds (31.73 k allocations: 40.043 MiB)
1103
  1.712762 seconds (31.64 k allocations: 39.959 MiB)
7107
  2.871017 seconds (63.33 k allocations: 79.929 MiB)
4099
  1.704464 seconds (31.64 k allocations: 39.959 MiB)
5606
  2.498081 seconds (40.22 k allocations: 51.849 MiB)
2605
  1.763769 seconds (39.56 k allocations: 49.949 MiB)
8603
  1.708376 seconds (31.73 k allocations: 40.043 MiB)
7108
  2.436774 seconds (11.12 k allocations: 13.951 MiB, 2.86% gc time)  3.335684 seconds (26.95 k allocations: 33.940 MiB, 2.09% gc time)  3.704757 seconds (42.72 k allocations: 53.861 MiB, 1.88% gc time)

  3.220547 seconds (18.91 k allocations: 23.823 MiB, 2.16% gc time)

  2.071790 seconds (5.60 k allocations: 8.868 MiB, 3.36% gc time)
2606
5607
4100
1104
8604
  1.697838 seconds (35.80 k allocations: 42.796 MiB)
7109
  1.719983 seconds (20.55 k allocations: 26.595 MiB)
2607
  1.795834 seconds (23.62 k allocations: 30.434 MiB)
5608
  1.796557 seconds (23.28 k allocations: 29.510 MiB)
1105
  2.605608 seconds (31.65 k allocations: 39.959 MiB)
4101
  3.029540 seconds (39.56 k allocations: 49.949 MiB)
8605
  1.704716 seconds (39.56 k allocations: 49.949 MiB)
7110
  1.733540 seconds (39.64 k allocations: 50.033 MiB)
2608
  1.700212 seconds (34.45 k allocations: 44.034 MiB)
5609
  2.523593 seconds (39.64 k allocations: 50.033 MiB)
1106
  1.906739 seconds (39.72 k allocations: 50.117 MiB)
4102
  1.705803 seconds (31.73 k allocations: 40.043 MiB)
7111
  1.728046 seconds (23.90 k allocations: 30.137 MiB)
5610
  2.123770 seconds (39.80 k allocations: 50.201 MiB)
2609
  1.809206 seconds (31.89 k allocations: 40.211 MiB)
1107
  3.384132 seconds (71.61 k allocations: 90.327 MiB)
8606
  2.224272 seconds (39.80 k allocations: 50.201 MiB)
4103
  1.702024 seconds (39.80 k allocations: 50.201 MiB)
7112
  2.787317 seconds (22.41 k allocations: 27.403 MiB, 3.08% gc time)  3.328362 seconds (30.42 k allocations: 37.466 MiB, 2.58% gc time)

  2.470370 seconds (14.70 k allocations: 17.552 MiB, 3.48% gc time)
  2.146012 seconds (6.68 k allocations: 7.452 MiB, 4.01% gc time)
  3.697525 seconds (38.26 k allocations: 47.397 MiB, 2.32% gc time)
2610
8607
1108
5611
4104
  1.700432 seconds (16.58 k allocations: 21.803 MiB)
2611
  1.723547 seconds (12.73 k allocations: 18.572 MiB)
8608
  1.808074 seconds (46.58 k allocations: 57.520 MiB)
7113
  1.796048 seconds (23.89 k allocations: 30.137 MiB)
  1.805069 seconds (25.55 k allocations: 33.711 MiB)
4105
1109
  1.813385 seconds (39.72 k allocations: 50.117 MiB)
5612
  1.696988 seconds (39.64 k allocations: 50.033 MiB)
2612
  1.699159 seconds (39.56 k allocations: 49.949 MiB)
8609
  1.703510 seconds (39.43 k allocations: 49.456 MiB)
7114
  1.700910 seconds (30.23 k allocations: 37.299 MiB)
4106
  1.708590 seconds (37.30 k allocations: 46.234 MiB)
1110
  1.717801 seconds (39.64 k allocations: 50.033 MiB)
5613
  1.699496 seconds (39.72 k allocations: 50.117 MiB)
2613
  1.703903 seconds (39.64 k allocations: 50.033 MiB)
8610
  1.702727 seconds (29.86 k allocations: 37.442 MiB)
  1.713879 seconds (39.35 k allocations: 49.686 MiB)
4107
7115
  1.726568 seconds (39.64 k allocations: 50.033 MiB)
1111
  1.712344 seconds (37.67 k allocations: 46.803 MiB)
5614
  1.698647 seconds (39.72 k allocations: 50.117 MiB)
2614
  1.837800 seconds (18.91 k allocations: 23.810 MiB, 3.62% gc time)
  1.923569 seconds (34.70 k allocations: 43.768 MiB, 3.46% gc time)
  1.794935 seconds (3.10 k allocations: 3.874 MiB, 3.71% gc time)
  1.836328 seconds (19.04 k allocations: 23.969 MiB, 3.63% gc time)
  1.804747 seconds (11.54 k allocations: 16.304 MiB, 3.69% gc time)
8611
5615
7116
4108
1112
  1.711642 seconds (35.77 k allocations: 42.763 MiB)
2615
  1.730631 seconds (12.41 k allocations: 15.804 MiB)
  1.736209 seconds (15.29 k allocations: 19.381 MiB)
7117
5616
  1.798047 seconds (31.27 k allocations: 38.875 MiB)
8612
  1.856489 seconds (31.81 k allocations: 40.127 MiB)
4109
  1.869644 seconds (39.72 k allocations: 50.117 MiB)
1113
  1.691658 seconds (39.80 k allocations: 50.201 MiB)
2616
  1.690529 seconds (33.73 k allocations: 43.321 MiB)
7118
  1.699530 seconds (39.88 k allocations: 50.285 MiB)
5617
  1.691867 seconds (39.88 k allocations: 50.285 MiB)
8613
  1.697309 seconds (39.96 k allocations: 50.369 MiB)
4110
  1.699888 seconds (39.88 k allocations: 50.285 MiB)
1114
  1.697753 seconds (39.88 k allocations: 50.285 MiB)
2617
  1.700723 seconds (39.80 k allocations: 50.201 MiB)
7119
  1.711698 seconds (39.80 k allocations: 50.201 MiB)
5618
  1.698733 seconds (39.80 k allocations: 50.201 MiB)
8614
  1.702063 seconds (39.88 k allocations: 50.285 MiB)
4111
  1.709246 seconds (39.88 k allocations: 50.285 MiB)
1115
  1.694135 seconds (39.96 k allocations: 50.369 MiB)
2618
  1.952732 seconds (38.45 k allocations: 47.607 MiB, 3.72% gc time)
  1.925327 seconds (30.46 k allocations: 37.533 MiB, 3.77% gc time)
  1.808127 seconds (14.60 k allocations: 17.451 MiB, 4.01% gc time)
  1.890134 seconds (22.55 k allocations: 27.504 MiB, 3.84% gc time)
  1.772958 seconds (6.70 k allocations: 7.497 MiB, 4.09% gc time)
8615
7120
5619
4112
1116
  1.691914 seconds (37.46 k allocations: 44.544 MiB)
2619
  1.724830 seconds (9.57 k allocations: 12.897 MiB)
5620
  1.724336 seconds (10.54 k allocations: 13.375 MiB)
1117
  1.730642 seconds (17.69 k allocations: 21.360 MiB)
7121
  1.735050 seconds (23.68 k allocations: 29.395 MiB)
8616
  1.738099 seconds (31.21 k allocations: 38.999 MiB)
4113
  1.693353 seconds (39.64 k allocations: 50.033 MiB)
2620
  1.692914 seconds (11.44 k allocations: 14.813 MiB)
8617
  1.707190 seconds (31.30 k allocations: 40.172 MiB)
5621
  1.702499 seconds (19.76 k allocations: 25.856 MiB)
7122
  1.696733 seconds (18.68 k allocations: 23.066 MiB)
4114
  1.713526 seconds (46.29 k allocations: 57.500 MiB)
1118
  1.692375 seconds (39.56 k allocations: 49.949 MiB)
2621
  1.693632 seconds (25.71 k allocations: 33.623 MiB)
8618
  1.699231 seconds (23.23 k allocations: 28.760 MiB)
  1.697136 seconds (18.67 k allocations: 24.746 MiB)
7123
4115
  1.707896 seconds (32.12 k allocations: 40.433 MiB)
  1.700063 seconds (28.60 k allocations: 35.051 MiB)
5622
1119
  1.693043 seconds (39.72 k allocations: 50.117 MiB)
2622
  1.693603 seconds (38.84 k allocations: 47.932 MiB)
8619
  3.282281 seconds (21.17 k allocations: 26.655 MiB, 1.60% gc time)
  3.271985 seconds (11.08 k allocations: 13.887 MiB, 1.61% gc time)
  3.282012 seconds (20.71 k allocations: 26.176 MiB, 1.60% gc time)
  3.275457 seconds (11.86 k allocations: 15.966 MiB, 1.60% gc time)  1.647892 seconds (3.29 k allocations: 4.092 MiB, 3.19% gc time)

2623
1120
5623
4116
7124
  1.694891 seconds (32.43 k allocations: 39.304 MiB)
8620
  1.722325 seconds (19.58 k allocations: 25.566 MiB)
1121
  1.723460 seconds (15.53 k allocations: 22.119 MiB)
2624
  1.793579 seconds (23.98 k allocations: 30.222 MiB)
5624
  1.796206 seconds (26.71 k allocations: 33.714 MiB)
  1.799650 seconds (29.19 k allocations: 36.884 MiB)
7125
4117
  1.693137 seconds (39.72 k allocations: 50.117 MiB)
8621
  1.692992 seconds (31.73 k allocations: 40.043 MiB)
2625
  1.701890 seconds (36.26 k allocations: 46.589 MiB)
1122
  1.696212 seconds (23.90 k allocations: 30.138 MiB)
  1.695970 seconds (24.16 k allocations: 30.904 MiB)
  1.703884 seconds (32.01 k allocations: 42.142 MiB)
4118
7126
5625
  1.693342 seconds (39.72 k allocations: 50.117 MiB)
8622
  1.695595 seconds (35.52 k allocations: 45.132 MiB)
2626
  1.703835 seconds (39.72 k allocations: 50.117 MiB)
1123
  1.690411 seconds (23.82 k allocations: 30.054 MiB)
7127
  1.697770 seconds (29.01 k allocations: 38.509 MiB)
4119
  1.704449 seconds (38.52 k allocations: 47.670 MiB)
5626
  1.693758 seconds (39.80 k allocations: 50.201 MiB)
8623
  1.864072 seconds (38.17 k allocations: 47.309 MiB, 2.26% gc time)
  1.849034 seconds (30.35 k allocations: 37.407 MiB, 2.28% gc time)
  1.775283 seconds (12.16 k allocations: 14.327 MiB, 2.37% gc time)
  1.780264 seconds (17.50 k allocations: 23.432 MiB, 2.36% gc time)
  1.767730 seconds (8.35 k allocations: 11.001 MiB, 2.38% gc time)
2627
1124
4120
5627
7128
  1.694249 seconds (37.89 k allocations: 45.022 MiB)
8624
  1.733829 seconds (15.44 k allocations: 18.944 MiB)
4121
  1.739908 seconds (18.61 k allocations: 24.108 MiB)
1125
  1.740578 seconds (26.05 k allocations: 32.382 MiB)
5628
  1.728700 seconds (31.73 k allocations: 40.043 MiB)
7129
  1.769125 seconds (41.05 k allocations: 52.742 MiB)
2628
  1.691044 seconds (39.72 k allocations: 50.117 MiB)
8625
  1.696791 seconds (35.63 k allocations: 44.593 MiB)
4122
  1.704493 seconds (33.26 k allocations: 42.834 MiB)
1126
  1.707607 seconds (35.08 k allocations: 44.155 MiB)
5629
  1.691590 seconds (26.84 k allocations: 33.832 MiB)
  1.697826 seconds (30.69 k allocations: 39.641 MiB)
2629
7130
  1.695881 seconds (39.80 k allocations: 50.201 MiB)
8626
  1.698041 seconds (39.80 k allocations: 50.201 MiB)
4123
  1.698772 seconds (37.41 k allocations: 47.073 MiB)
1127
  1.692942 seconds (20.92 k allocations: 27.098 MiB)
2630
  1.701522 seconds (31.83 k allocations: 40.144 MiB)
5630
  1.697455 seconds (30.85 k allocations: 38.636 MiB)
7131
  1.696948 seconds (39.64 k allocations: 50.033 MiB)
8627
  1.700965 seconds (39.64 k allocations: 50.033 MiB)
4124
  3.290526 seconds (28.67 k allocations: 36.222 MiB, 2.14% gc time)
  3.284737 seconds (20.20 k allocations: 25.644 MiB, 2.14% gc time)
  3.271874 seconds (11.10 k allocations: 13.945 MiB, 2.15% gc time)
  1.666388 seconds (3.27 k allocations: 4.072 MiB, 4.23% gc time)
  3.278158 seconds (14.72 k allocations: 18.877 MiB, 2.15% gc time)
8628
2631
1128
7132
5631
  1.699707 seconds (37.03 k allocations: 44.091 MiB)
4125
  1.720680 seconds (14.76 k allocations: 21.867 MiB)
8629
  1.788082 seconds (15.91 k allocations: 20.064 MiB)
  1.784873 seconds (16.12 k allocations: 20.675 MiB)
1129
5632
  1.789154 seconds (19.70 k allocations: 25.333 MiB)
7133
  1.801673 seconds (39.83 k allocations: 50.218 MiB)
2632
  1.689755 seconds (39.64 k allocations: 50.033 MiB)
4126
  1.692482 seconds (39.72 k allocations: 50.117 MiB)
8630
  1.690490 seconds (23.82 k allocations: 29.948 MiB)
1130
  1.698719 seconds (30.29 k allocations: 36.718 MiB)
7134
  1.693277 seconds (26.87 k allocations: 33.870 MiB)
  1.707583 seconds (36.60 k allocations: 47.581 MiB)
2633
5633
  1.697867 seconds (39.80 k allocations: 50.201 MiB)
4127
  1.694038 seconds (39.80 k allocations: 50.201 MiB)
8631
  1.703194 seconds (38.51 k allocations: 48.184 MiB)
1131
  1.698542 seconds (24.55 k allocations: 32.025 MiB)
7135
  1.696605 seconds (21.47 k allocations: 27.135 MiB)
2634
  1.706116 seconds (39.88 k allocations: 50.285 MiB)
5634
  1.696313 seconds (39.88 k allocations: 50.285 MiB)
4128
  1.877728 seconds (38.23 k allocations: 47.377 MiB, 4.06% gc time)
  1.792397 seconds (14.48 k allocations: 18.603 MiB, 4.25% gc time)
  1.797149 seconds (21.00 k allocations: 26.514 MiB, 4.24% gc time)
  1.790058 seconds (14.06 k allocations: 16.364 MiB, 4.26% gc time)
  1.779357 seconds (6.55 k allocations: 7.483 MiB, 4.28% gc time)
2635
8632
5635
7136
1132
  1.699140 seconds (37.80 k allocations: 44.937 MiB)
4129
  1.723706 seconds (12.40 k allocations: 17.016 MiB)
2636
  1.726216 seconds (13.11 k allocations: 18.417 MiB)
5636
  1.726317 seconds (17.52 k allocations: 22.413 MiB)
1133
  1.732262 seconds (22.55 k allocations: 28.235 MiB)
8633
  1.731252 seconds (29.81 k allocations: 37.577 MiB)
7137
  1.690730 seconds (39.64 k allocations: 50.033 MiB)
4130
  1.695730 seconds (36.85 k allocations: 45.842 MiB)
2637
  1.693352 seconds (16.68 k allocations: 20.863 MiB)
  1.701348 seconds (29.23 k allocations: 38.022 MiB)
  1.692591 seconds (16.45 k allocations: 21.688 MiB)
  1.699111 seconds (22.88 k allocations: 30.801 MiB)
8634
5637
1134
7138
  1.696396 seconds (39.80 k allocations: 50.201 MiB)
4131
  1.692312 seconds (38.94 k allocations: 47.875 MiB)
2638
  1.691920 seconds (16.22 k allocations: 21.595 MiB)
8635
  1.695406 seconds (18.33 k allocations: 23.237 MiB)
7139
  1.700761 seconds (28.93 k allocations: 34.742 MiB)
  1.706492 seconds (32.54 k allocations: 42.747 MiB)
1135
5638
  1.698332 seconds (39.88 k allocations: 50.285 MiB)
4132
  1.695687 seconds (39.41 k allocations: 49.164 MiB)
2639
  3.308382 seconds (26.44 k allocations: 33.370 MiB, 1.51% gc time)
  3.305308 seconds (22.21 k allocations: 27.702 MiB, 1.51% gc time)
  3.297618 seconds (11.23 k allocations: 15.295 MiB, 1.52% gc time)
  1.643884 seconds (3.33 k allocations: 4.134 MiB, 3.04% gc time)
  3.294839 seconds (11.21 k allocations: 14.093 MiB, 1.52% gc time)
8636
4133
7140
1136
5639
  1.709691 seconds (34.95 k allocations: 41.913 MiB)
2640
  1.724075 seconds (12.89 k allocations: 18.726 MiB)
4134
  1.790379 seconds (17.00 k allocations: 22.399 MiB)
8637
  1.791953 seconds (19.27 k allocations: 24.197 MiB)
7141
  1.797340 seconds (28.79 k allocations: 35.822 MiB)
1137
  1.798001 seconds (32.11 k allocations: 39.905 MiB)
5640
  1.694608 seconds (39.80 k allocations: 50.201 MiB)
2641
  1.698462 seconds (39.72 k allocations: 50.117 MiB)
4135
  1.693578 seconds (35.55 k allocations: 45.173 MiB)
8638
  1.693099 seconds (30.67 k allocations: 38.273 MiB)
7142
  1.699516 seconds (33.06 k allocations: 42.628 MiB)
1138
  1.700804 seconds (35.17 k allocations: 44.253 MiB)
5641
  1.692439 seconds (39.80 k allocations: 50.201 MiB)
2642
  1.697397 seconds (39.80 k allocations: 50.201 MiB)
4136
  1.695363 seconds (39.10 k allocations: 48.793 MiB)
8639
  1.691614 seconds (35.02 k allocations: 43.462 MiB)
7143
  1.697258 seconds (36.66 k allocations: 46.309 MiB)
1139
  1.698176 seconds (38.01 k allocations: 47.151 MiB)
5642
  1.696813 seconds (39.72 k allocations: 50.117 MiB)
2643
  1.847360 seconds (38.24 k allocations: 47.380 MiB, 2.93% gc time)
  1.790818 seconds (24.49 k allocations: 30.724 MiB, 3.02% gc time)
  1.786239 seconds (22.47 k allocations: 27.430 MiB, 3.03% gc time)
  1.771544 seconds (12.45 k allocations: 14.633 MiB, 3.06% gc time)
  1.764587 seconds (6.79 k allocations: 7.657 MiB, 3.07% gc time)
7144
8640
5643
4137
1140
  1.692144 seconds (37.21 k allocations: 44.270 MiB)
2644
  1.730242 seconds (8.00 k allocations: 10.075 MiB)
  1.727544 seconds (8.38 k allocations: 11.110 MiB)
7145
1141
  1.733025 seconds (12.32 k allocations: 15.881 MiB)
8641
  1.739005 seconds (25.88 k allocations: 31.624 MiB)
5644
  1.741919 seconds (34.74 k allocations: 43.821 MiB)
4138
  1.694592 seconds (39.64 k allocations: 50.033 MiB)
2645
  1.695519 seconds (26.22 k allocations: 33.076 MiB)
  1.691831 seconds (20.10 k allocations: 25.361 MiB)
7146
8642
  1.701896 seconds (35.28 k allocations: 43.670 MiB)
1142
  1.696261 seconds (28.93 k allocations: 35.968 MiB)
4139
  1.706934 seconds (40.50 k allocations: 50.920 MiB)
5645
  1.693340 seconds (39.80 k allocations: 50.201 MiB)
2646
  1.693486 seconds (30.07 k allocations: 37.666 MiB)
8643
  1.707323 seconds (36.63 k allocations: 46.269 MiB)
  1.698450 seconds (22.95 k allocations: 29.120 MiB)
7147
4140
  1.707239 seconds (32.45 k allocations: 41.480 MiB)
1143
  1.712324 seconds (39.72 k allocations: 50.117 MiB)
5646
  1.691738 seconds (39.72 k allocations: 50.117 MiB)
2647
  1.693381 seconds (39.72 k allocations: 50.117 MiB)
8644
  3.246861 seconds (21.56 k allocations: 27.749 MiB, 0.79% gc time)
  3.246678 seconds (21.38 k allocations: 27.553 MiB, 0.79% gc time)
  3.242394 seconds (19.09 k allocations: 24.010 MiB, 0.79% gc time)
  3.219763 seconds (11.23 k allocations: 14.131 MiB, 0.80% gc time)
  1.617692 seconds (3.38 k allocations: 4.230 MiB, 1.59% gc time)
2648
7148
1144
5647
4141
  1.692287 seconds (35.63 k allocations: 42.619 MiB)
8645
  1.712444 seconds (15.19 k allocations: 21.084 MiB)
2649
  1.758534 seconds (18.81 k allocations: 25.488 MiB)
1145
  1.796574 seconds (23.90 k allocations: 30.138 MiB)
7149
  1.799424 seconds (27.69 k allocations: 34.702 MiB)
  1.801227 seconds (27.94 k allocations: 35.025 MiB)
5648
4142
  1.694988 seconds (39.72 k allocations: 50.117 MiB)
8646
  1.691503 seconds (39.72 k allocations: 50.117 MiB)
2650
  1.699185 seconds (39.80 k allocations: 50.201 MiB)
1146
  1.695479 seconds (34.71 k allocations: 43.611 MiB)
7150
  1.695997 seconds (30.70 k allocations: 37.772 MiB)
  1.700912 seconds (32.83 k allocations: 43.037 MiB)
4143
5649
  1.698372 seconds (39.80 k allocations: 50.201 MiB)
8647
  1.693761 seconds (39.80 k allocations: 50.201 MiB)
2651
  1.696771 seconds (39.88 k allocations: 50.285 MiB)
1147
  1.688347 seconds (37.61 k allocations: 46.568 MiB)
7151
  1.696866 seconds (31.81 k allocations: 40.127 MiB)
4144
  1.700984 seconds (33.50 k allocations: 42.560 MiB)
5650
  1.694428 seconds (39.64 k allocations: 50.033 MiB)
8648
  1.860041 seconds (38.03 k allocations: 47.158 MiB, 2.41% gc time)
  1.761007 seconds (22.33 k allocations: 27.286 MiB, 2.55% gc time)
  1.793739 seconds (30.19 k allocations: 37.237 MiB, 2.50% gc time)
  1.748534 seconds (9.21 k allocations: 13.258 MiB, 2.57% gc time)
  1.745961 seconds (8.54 k allocations: 11.320 MiB, 2.57% gc time)
2652
7152
1148
5651
4145
  1.696415 seconds (37.81 k allocations: 44.888 MiB)
  1.697375 seconds (8.22 k allocations: 11.523 MiB)
8649
5652
  1.715665 seconds (23.52 k allocations: 29.102 MiB)
  1.720160 seconds (23.90 k allocations: 30.137 MiB)
1149
7153
  2.557516 seconds (39.42 k allocations: 49.165 MiB)
2653
  2.551330 seconds (39.72 k allocations: 50.117 MiB)
4146
  1.701283 seconds (31.81 k allocations: 40.127 MiB)
5653
  1.701183 seconds (23.90 k allocations: 30.137 MiB)
7154
  2.093409 seconds (31.89 k allocations: 40.211 MiB)
1150
  2.139080 seconds (55.78 k allocations: 70.348 MiB)
8650
  2.320173 seconds (39.88 k allocations: 50.285 MiB)
2654
  1.702560 seconds (31.89 k allocations: 40.211 MiB)
5654
  1.701195 seconds (31.81 k allocations: 40.127 MiB)
7155
  1.693735 seconds (31.73 k allocations: 40.043 MiB)
1151
  2.972487 seconds (63.61 k allocations: 80.253 MiB)
4147
  2.210183 seconds (39.72 k allocations: 50.117 MiB)
8651
  1.705264 seconds (31.73 k allocations: 40.043 MiB)
5655
  2.888370 seconds (42.53 k allocations: 53.677 MiB, 1.41% gc time)
  2.645777 seconds (26.79 k allocations: 33.764 MiB, 1.54% gc time)
  2.217398 seconds (11.04 k allocations: 13.887 MiB, 1.83% gc time)
  2.267401 seconds (18.97 k allocations: 23.866 MiB, 1.79% gc time)
  1.726043 seconds (4.83 k allocations: 7.994 MiB, 2.36% gc time)
2655
7156
1152
4148
8652
  1.691083 seconds (16.33 k allocations: 21.609 MiB)
7157
  1.782609 seconds (36.20 k allocations: 45.076 MiB)
5656
  1.782613 seconds (23.42 k allocations: 29.016 MiB)
1153
  1.801083 seconds (31.35 k allocations: 39.007 MiB)
2656
  1.852714 seconds (31.81 k allocations: 40.127 MiB)
8653
  1.972487 seconds (47.33 k allocations: 59.155 MiB)
4149
  1.692680 seconds (39.80 k allocations: 50.201 MiB)
7158
  1.702906 seconds (39.80 k allocations: 50.201 MiB)
5657
  1.698044 seconds (39.80 k allocations: 50.201 MiB)
1154
  1.692704 seconds (39.80 k allocations: 50.201 MiB)
2657
  1.691287 seconds (39.80 k allocations: 50.201 MiB)
8654
  1.696708 seconds (39.88 k allocations: 50.285 MiB)
4150
  1.692408 seconds (39.88 k allocations: 50.285 MiB)
7159
  1.702298 seconds (39.58 k allocations: 49.333 MiB)
5658
  1.697702 seconds (34.02 k allocations: 42.445 MiB)
1155
  1.694364 seconds (34.58 k allocations: 43.663 MiB)
2658
  1.693933 seconds (39.88 k allocations: 50.285 MiB)
8655
  1.695991 seconds (39.88 k allocations: 50.285 MiB)
4151
  1.691424 seconds (39.88 k allocations: 50.285 MiB)
7160
  1.894003 seconds (18.91 k allocations: 23.813 MiB, 0.92% gc time)
  1.901684 seconds (30.67 k allocations: 38.312 MiB, 0.91% gc time)
  1.891994 seconds (19.02 k allocations: 23.912 MiB, 0.92% gc time)
  1.825366 seconds (11.14 k allocations: 14.037 MiB, 0.95% gc time)
  1.704991 seconds (3.27 k allocations: 4.178 MiB, 1.02% gc time)
1156
5659
8656
2659
4152
  1.695163 seconds (32.54 k allocations: 39.416 MiB)
7161
  1.693860 seconds (13.15 k allocations: 19.012 MiB)
8657
  1.723740 seconds (18.88 k allocations: 25.546 MiB)
5660
  1.739044 seconds (23.98 k allocations: 30.222 MiB)
4153
  1.741830 seconds (26.18 k allocations: 33.174 MiB)
  1.746740 seconds (28.24 k allocations: 35.907 MiB)
2660
1157
  1.698066 seconds (35.64 k allocations: 45.263 MiB)
7162
  1.707165 seconds (39.80 k allocations: 50.201 MiB)
8658
  1.703730 seconds (39.72 k allocations: 50.117 MiB)
5661
  1.694963 seconds (29.32 k allocations: 38.118 MiB)
  1.692346 seconds (24.12 k allocations: 31.005 MiB)
4154
2661
  1.700336 seconds (39.55 k allocations: 49.948 MiB)
1158
  1.691342 seconds (39.56 k allocations: 49.949 MiB)
7163
  1.694183 seconds (39.64 k allocations: 50.033 MiB)
8659
  1.701655 seconds (39.72 k allocations: 50.117 MiB)
5662
  1.693958 seconds (26.64 k allocations: 32.994 MiB)
  1.695633 seconds (27.46 k allocations: 34.604 MiB)
4155
2662
  1.705035 seconds (39.80 k allocations: 50.201 MiB)
1159
  1.695749 seconds (39.72 k allocations: 50.117 MiB)
7164
  1.879057 seconds (38.17 k allocations: 47.308 MiB, 6.17% gc time)
  1.847147 seconds (22.96 k allocations: 28.480 MiB, 6.27% gc time)
  1.839070 seconds (14.48 k allocations: 17.367 MiB, 6.30% gc time)
  1.842871 seconds (16.00 k allocations: 20.152 MiB, 6.29% gc time)
  1.817900 seconds (6.85 k allocations: 7.847 MiB, 6.37% gc time)
5663
8660
2663
1160
4156
  1.693804 seconds (37.65 k allocations: 44.733 MiB)
7165
  1.714990 seconds (7.91 k allocations: 9.990 MiB)
4157
  1.726921 seconds (16.01 k allocations: 21.389 MiB)
2664
  1.728821 seconds (17.47 k allocations: 22.359 MiB)
8661
  1.736379 seconds (31.73 k allocations: 40.043 MiB)
1161
  1.754772 seconds (41.43 k allocations: 53.076 MiB)
5664
  1.692803 seconds (39.72 k allocations: 50.117 MiB)
7166
  1.694711 seconds (39.80 k allocations: 50.201 MiB)
4158
  1.692281 seconds (32.34 k allocations: 40.670 MiB)
2665
  1.695179 seconds (35.40 k allocations: 44.498 MiB)
8662
  1.696437 seconds (39.80 k allocations: 50.201 MiB)
1162
  1.709821 seconds (39.80 k allocations: 50.201 MiB)
5665
  1.691691 seconds (39.80 k allocations: 50.201 MiB)
7167
  1.696346 seconds (39.49 k allocations: 49.248 MiB)
4159
  1.693290 seconds (30.95 k allocations: 39.262 MiB)
2666
  1.693871 seconds (34.94 k allocations: 42.792 MiB)
8663
  1.694964 seconds (39.80 k allocations: 50.201 MiB)
1163
  1.699928 seconds (39.72 k allocations: 50.117 MiB)
5666
  1.703567 seconds (39.64 k allocations: 50.033 MiB)
7168
  1.695709 seconds (32.62 k allocations: 41.540 MiB)
4160
  3.348578 seconds (33.46 k allocations: 41.805 MiB, 0.44% gc time)
  3.340763 seconds (26.69 k allocations: 33.680 MiB, 0.44% gc time)
  3.325343 seconds (18.93 k allocations: 23.890 MiB, 0.45% gc time)
  3.295012 seconds (11.16 k allocations: 14.146 MiB, 0.45% gc time)
  1.679658 seconds (3.39 k allocations: 4.428 MiB, 0.88% gc time)
2667
8664
1164
5667
7169
  1.696010 seconds (30.47 k allocations: 37.308 MiB)
4161
  1.699746 seconds (25.62 k allocations: 31.733 MiB)
2668
  1.779041 seconds (15.91 k allocations: 20.064 MiB)
1165
  1.786557 seconds (22.83 k allocations: 29.050 MiB)
8665
  1.788542 seconds (29.83 k allocations: 36.890 MiB)
7170
  1.805436 seconds (39.72 k allocations: 50.117 MiB)
5668
  1.686101 seconds (38.93 k allocations: 48.617 MiB)
4162
  1.693506 seconds (39.72 k allocations: 50.117 MiB)
2669
  1.696625 seconds (37.79 k allocations: 47.454 MiB)
1166
  1.693806 seconds (32.09 k allocations: 40.406 MiB)
8666
  1.690705 seconds (31.82 k allocations: 39.613 MiB)
7171
  1.702183 seconds (39.88 k allocations: 50.285 MiB)
5669
  1.694547 seconds (39.88 k allocations: 50.285 MiB)
4163
  1.694208 seconds (39.96 k allocations: 50.369 MiB)
2670
  1.698756 seconds (33.84 k allocations: 42.728 MiB)
1167
  1.694011 seconds (25.17 k allocations: 32.136 MiB)
  1.698660 seconds (28.70 k allocations: 37.606 MiB)
7172
8667
  1.702634 seconds (39.64 k allocations: 50.033 MiB)
5670
  1.696528 seconds (39.64 k allocations: 50.033 MiB)
4164
  1.944083 seconds (38.06 k allocations: 47.209 MiB, 3.20% gc time)
  1.842985 seconds (14.36 k allocations: 17.247 MiB, 3.37% gc time)
  1.844070 seconds (14.55 k allocations: 17.582 MiB, 3.37% gc time)
  1.846788 seconds (17.59 k allocations: 23.151 MiB, 3.37% gc time)
  1.801971 seconds (8.49 k allocations: 11.832 MiB, 3.45% gc time)
2671
8668
7173
1168
5671
  1.697548 seconds (37.04 k allocations: 44.095 MiB)
4165
  1.733620 seconds (22.97 k allocations: 27.898 MiB)
  1.734761 seconds (23.36 k allocations: 28.935 MiB)
8669
7174
  1.786351 seconds (38.79 k allocations: 47.877 MiB)
2672
  1.690545 seconds (23.73 k allocations: 29.969 MiB)
4166
  1.814623 seconds (39.56 k allocations: 49.949 MiB)
  1.820433 seconds (39.94 k allocations: 50.984 MiB)
5672
1169
  1.686871 seconds (33.24 k allocations: 42.818 MiB)
8670
  1.706303 seconds (39.64 k allocations: 50.033 MiB)
7175
  1.721593 seconds (39.64 k allocations: 50.033 MiB)
2673
  1.702363 seconds (39.72 k allocations: 50.117 MiB)
4167
  1.703794 seconds (31.81 k allocations: 40.127 MiB)
1170
  1.711770 seconds (35.37 k allocations: 44.461 MiB)
5673
  1.698738 seconds (39.72 k allocations: 50.117 MiB)
8671
  1.695710 seconds (39.72 k allocations: 50.117 MiB)
7176
  1.697454 seconds (39.64 k allocations: 50.033 MiB)
2674
  1.697580 seconds (39.72 k allocations: 50.117 MiB)
4168
  1.696360 seconds (34.70 k allocations: 44.302 MiB)
1171
  1.701567 seconds (39.64 k allocations: 50.032 MiB)
5674
  1.693764 seconds (36.78 k allocations: 45.897 MiB)
8672
  3.404572 seconds (26.77 k allocations: 33.768 MiB, 1.91% gc time)
  3.460797 seconds (34.72 k allocations: 43.794 MiB, 1.88% gc time)
  1.808547 seconds (18.51 k allocations: 22.767 MiB, 3.60% gc time)
  1.784686 seconds (226 allocations: 197.492 KiB, 3.65% gc time)
  1.798588 seconds (13.46 k allocations: 18.487 MiB, 3.62% gc time)
5675
4169
7177
2675
1172
  1.696130 seconds (35.48 k allocations: 42.405 MiB)
8673
  1.744852 seconds (15.60 k allocations: 19.111 MiB)
  1.747224 seconds (16.21 k allocations: 21.602 MiB)
4170
5676
  1.802872 seconds (31.58 k allocations: 39.258 MiB)
7178
  2.555084 seconds (39.49 k allocations: 49.248 MiB)
2676
  2.545473 seconds (39.80 k allocations: 50.201 MiB)
1173
  1.699276 seconds (23.82 k allocations: 30.053 MiB)
5677
  1.687242 seconds (23.90 k allocations: 30.137 MiB)
7179
  2.118924 seconds (55.70 k allocations: 70.264 MiB)
8674
  1.693155 seconds (31.89 k allocations: 40.211 MiB)
2677
  2.722537 seconds (57.82 k allocations: 73.649 MiB)
4171
  2.526232 seconds (39.88 k allocations: 50.285 MiB)
1174
  1.701918 seconds (39.80 k allocations: 50.201 MiB)
5678
  1.695183 seconds (39.80 k allocations: 50.201 MiB)
7180
  2.012353 seconds (39.72 k allocations: 50.117 MiB)
8675
  2.118008 seconds (39.72 k allocations: 50.117 MiB)
2678
  1.699717 seconds (23.90 k allocations: 30.137 MiB)
5679
  1.693127 seconds (18.38 k allocations: 23.286 MiB)
  3.326715 seconds (34.97 k allocations: 44.360 MiB, 1.67% gc time)
  2.596012 seconds (11.25 k allocations: 14.440 MiB, 2.13% gc time)
  1.883879 seconds (4.27 k allocations: 6.699 MiB, 2.94% gc time)
  3.967119 seconds (44.83 k allocations: 58.631 MiB, 1.40% gc time)
7181
1175
8676
2679
4172
  1.701920 seconds (30.38 k allocations: 37.198 MiB)
5680
  1.746238 seconds (23.20 k allocations: 28.149 MiB)
1176
  1.802618 seconds (29.94 k allocations: 36.880 MiB)
7182
  2.016918 seconds (23.90 k allocations: 30.137 MiB)
4173
  2.053484 seconds (33.01 k allocations: 42.579 MiB)
8677
  2.087722 seconds (40.92 k allocations: 52.569 MiB)
2680
  1.707072 seconds (39.72 k allocations: 50.117 MiB)
5681
  1.689793 seconds (39.64 k allocations: 50.033 MiB)
1177
  1.700229 seconds (39.64 k allocations: 50.033 MiB)
7183
  1.699167 seconds (39.64 k allocations: 50.033 MiB)
4174
  1.694666 seconds (39.72 k allocations: 50.117 MiB)
8678
  1.694654 seconds (39.64 k allocations: 50.033 MiB)
2681
  1.713257 seconds (39.72 k allocations: 50.117 MiB)
5682
  1.690959 seconds (39.80 k allocations: 50.201 MiB)
1178
  1.697896 seconds (39.80 k allocations: 50.201 MiB)
7184
  1.698599 seconds (39.80 k allocations: 50.201 MiB)
4175
  1.697347 seconds (39.88 k allocations: 50.285 MiB)
8679
  1.696555 seconds (39.88 k allocations: 50.285 MiB)
2682
  1.691476 seconds (31.89 k allocations: 40.211 MiB)
1179
  1.711996 seconds (40.20 k allocations: 51.238 MiB)
5683
  2.084960 seconds (28.05 k allocations: 35.763 MiB, 4.52% gc time)
  1.829292 seconds (20.17 k allocations: 25.807 MiB, 5.16% gc time)
  1.814085 seconds (12.31 k allocations: 15.845 MiB, 5.20% gc time)
  1.788095 seconds (4.51 k allocations: 5.991 MiB, 5.28% gc time)
2683
8680
4176
7185
  1.687212 seconds (30.83 k allocations: 37.617 MiB)
1180
  1.708152 seconds (9.65 k allocations: 12.992 MiB)
2684
  1.729661 seconds (15.90 k allocations: 20.064 MiB)
8681
  1.744284 seconds (23.90 k allocations: 30.138 MiB)
4177
  1.801555 seconds (34.12 k allocations: 44.936 MiB)
5684
  1.798549 seconds (35.09 k allocations: 44.174 MiB)
7186
  1.685883 seconds (39.88 k allocations: 50.285 MiB)
1181
  1.690957 seconds (31.81 k allocations: 40.127 MiB)
8682
  1.718944 seconds (40.72 k allocations: 51.844 MiB)
2685
  1.699712 seconds (39.88 k allocations: 50.285 MiB)
4178
  1.699435 seconds (34.58 k allocations: 44.188 MiB)
5685
  1.698148 seconds (32.99 k allocations: 42.032 MiB)
7187
  1.689170 seconds (39.80 k allocations: 50.201 MiB)
1182
  1.694890 seconds (33.47 k allocations: 43.054 MiB)
  1.692525 seconds (32.19 k allocations: 41.163 MiB)
8683
2686
  1.696502 seconds (39.80 k allocations: 50.201 MiB)
4179
  1.703045 seconds (33.88 k allocations: 43.468 MiB)
5686
  1.700464 seconds (32.39 k allocations: 41.416 MiB)
7188
  1.702413 seconds (39.64 k allocations: 50.033 MiB)
1183
  1.916278 seconds (30.26 k allocations: 37.331 MiB, 6.11% gc time)
  1.914056 seconds (30.34 k allocations: 37.385 MiB, 6.12% gc time)
  1.891620 seconds (22.50 k allocations: 27.443 MiB, 6.19% gc time)
  1.826361 seconds (6.80 k allocations: 7.621 MiB, 6.41% gc time)
  1.833167 seconds (11.75 k allocations: 16.317 MiB, 6.39% gc time)
2687
8684
7189
4180
5687
  1.696095 seconds (37.68 k allocations: 44.757 MiB)
1184
  1.735259 seconds (14.01 k allocations: 17.426 MiB)
  1.734403 seconds (13.38 k allocations: 16.935 MiB)
  1.736270 seconds (14.24 k allocations: 18.949 MiB)
2688
8685
7190
  2.578364 seconds (31.73 k allocations: 40.043 MiB)
  2.575196 seconds (32.11 k allocations: 41.079 MiB)
4181
5688
  1.682841 seconds (39.64 k allocations: 50.033 MiB)
1185
  1.698933 seconds (30.29 k allocations: 37.877 MiB)
7191
  2.117041 seconds (38.20 k allocations: 47.867 MiB)
8686
  2.108877 seconds (33.83 k allocations: 42.889 MiB)
2689
  2.329199 seconds (39.26 k allocations: 48.997 MiB)
4182
  1.705736 seconds (31.73 k allocations: 40.043 MiB)
1186
  1.699995 seconds (31.81 k allocations: 40.127 MiB)
7192
  2.844745 seconds (55.54 k allocations: 70.096 MiB)
5689
  1.675436 seconds (39.42 k allocations: 49.165 MiB)
8687
  1.691608 seconds (23.82 k allocations: 30.053 MiB)
1187
  1.700591 seconds (23.82 k allocations: 30.053 MiB)
7193
  4.669760 seconds (50.62 k allocations: 63.857 MiB, 1.49% gc time)
  3.598191 seconds (42.69 k allocations: 53.844 MiB, 1.93% gc time)
  2.986526 seconds (11.08 k allocations: 13.875 MiB, 2.32% gc time)
  3.075465 seconds (18.98 k allocations: 23.854 MiB, 2.26% gc time)
  1.757334 seconds (5.31 k allocations: 8.536 MiB, 3.95% gc time)
8688
2690
5690
4183
1188
  1.699890 seconds (33.07 k allocations: 39.938 MiB)
7194
  1.721100 seconds (16.43 k allocations: 21.177 MiB)
2691
  1.792266 seconds (23.50 k allocations: 29.101 MiB)
5691
  2.056833 seconds (25.30 k allocations: 32.788 MiB)
4184
  2.249901 seconds (50.24 k allocations: 63.883 MiB)
8689
  1.707391 seconds (31.73 k allocations: 40.043 MiB)
7195
  3.464600 seconds (47.71 k allocations: 60.190 MiB)
  1.695997 seconds (24.20 k allocations: 31.089 MiB)
1189
5692
  1.873612 seconds (47.63 k allocations: 60.106 MiB)
2692
  1.777695 seconds (39.80 k allocations: 50.201 MiB)
4185
  1.702612 seconds (31.81 k allocations: 40.127 MiB)
7196
  1.691049 seconds (23.90 k allocations: 30.137 MiB)
5693
  1.696630 seconds (23.82 k allocations: 30.053 MiB)
2693
  1.865614 seconds (39.72 k allocations: 50.117 MiB)
1190
  3.258063 seconds (71.61 k allocations: 90.327 MiB)
8690
  2.419726 seconds (39.80 k allocations: 50.201 MiB)
4186
  1.705250 seconds (39.80 k allocations: 50.201 MiB)
7197
  2.955341 seconds (14.50 k allocations: 17.398 MiB, 3.29% gc time)  3.280574 seconds (38.33 k allocations: 47.476 MiB, 2.96% gc time)

  3.152562 seconds (30.48 k allocations: 37.541 MiB, 3.08% gc time)
  2.170665 seconds (8.92 k allocations: 11.726 MiB, 4.48% gc time)
  3.091687 seconds (24.91 k allocations: 31.873 MiB, 3.15% gc time)
8691
5694
2694
1191
4187
  1.696167 seconds (37.89 k allocations: 45.022 MiB)
7198
  1.727961 seconds (23.85 k allocations: 30.025 MiB)
8692
  1.785738 seconds (30.95 k allocations: 37.970 MiB)
5695
  2.828239 seconds (23.82 k allocations: 30.053 MiB)
1192
  3.446616 seconds (46.94 k allocations: 58.117 MiB)
2695
  1.694302 seconds (15.90 k allocations: 20.064 MiB)
5696
  4.006943 seconds (49.06 k allocations: 62.787 MiB)
4188
  2.560211 seconds (47.63 k allocations: 60.106 MiB)
7199
  3.389252 seconds (47.71 k allocations: 60.190 MiB)
8693
  1.694892 seconds (23.90 k allocations: 30.137 MiB)
5697
  2.381112 seconds (47.63 k allocations: 60.106 MiB)
1193
  2.600633 seconds (47.63 k allocations: 60.106 MiB)
2696
  2.235620 seconds (31.73 k allocations: 40.043 MiB)
7200
  2.700589 seconds (47.63 k allocations: 60.106 MiB)
4189
  1.691223 seconds (31.64 k allocations: 39.959 MiB)
5698
  1.838352 seconds (3.15 k allocations: 3.858 MiB, 4.04% gc time)
  3.465057 seconds (42.52 k allocations: 53.679 MiB, 2.14% gc time)
  3.328139 seconds (26.77 k allocations: 33.760 MiB, 2.23% gc time)
  2.530643 seconds (18.87 k allocations: 23.781 MiB, 2.93% gc time)
  2.025581 seconds (11.03 k allocations: 13.823 MiB, 3.66% gc time)
8694
2697
1194
4190
7201
  1.690887 seconds (33.42 k allocations: 40.321 MiB)
5699
  1.728024 seconds (23.12 k allocations: 28.065 MiB)
8695
  1.791358 seconds (31.03 k allocations: 38.054 MiB)
2698
  1.784612 seconds (23.82 k allocations: 30.053 MiB)
7202
  1.908459 seconds (33.28 k allocations: 42.852 MiB)
4191
  1.939100 seconds (49.10 k allocations: 61.024 MiB)
1195
  1.691724 seconds (39.64 k allocations: 50.033 MiB)
5700
  1.699111 seconds (39.64 k allocations: 50.033 MiB)
8696
  1.693172 seconds (39.56 k allocations: 49.949 MiB)
2699
  1.699784 seconds (39.56 k allocations: 49.949 MiB)
7203
  1.687145 seconds (31.73 k allocations: 40.043 MiB)
1196
  1.707656 seconds (41.84 k allocations: 53.495 MiB)
4192
  1.695903 seconds (39.72 k allocations: 50.117 MiB)
5701
  1.694993 seconds (39.72 k allocations: 50.117 MiB)
8697
  1.694433 seconds (39.80 k allocations: 50.201 MiB)
2700
  1.702835 seconds (39.72 k allocations: 50.117 MiB)
7204
  1.702170 seconds (39.72 k allocations: 50.117 MiB)
1197
  1.695184 seconds (39.72 k allocations: 50.117 MiB)
4193
  1.691097 seconds (39.80 k allocations: 50.201 MiB)
5702
  1.937767 seconds (38.42 k allocations: 47.576 MiB, 0.87% gc time)
  1.878804 seconds (30.58 k allocations: 37.636 MiB, 0.90% gc time)
  1.826103 seconds (22.72 k allocations: 27.719 MiB, 0.92% gc time)
  1.715625 seconds (6.94 k allocations: 7.870 MiB, 0.98% gc time)
  1.729513 seconds (16.39 k allocations: 20.988 MiB, 0.98% gc time)
8698
2701
4194
7205
1198
  1.692361 seconds (37.85 k allocations: 44.935 MiB)
5703
  1.719228 seconds (18.47 k allocations: 24.429 MiB)
  1.718531 seconds (17.17 k allocations: 23.738 MiB)
2702
4195
  1.739808 seconds (23.85 k allocations: 31.311 MiB)
7206
  1.737591 seconds (31.73 k allocations: 40.043 MiB)
1199
  1.778525 seconds (39.72 k allocations: 50.117 MiB)
8699
  1.693513 seconds (39.72 k allocations: 50.117 MiB)
5704
  1.692853 seconds (31.81 k allocations: 40.127 MiB)
2703
  1.696699 seconds (35.25 k allocations: 44.333 MiB)
4196
  1.702700 seconds (39.72 k allocations: 50.117 MiB)
  1.692536 seconds (32.11 k allocations: 41.079 MiB)
7207
1200
  1.699980 seconds (39.64 k allocations: 50.033 MiB)
8700
  1.696408 seconds (39.64 k allocations: 50.033 MiB)
5705
  1.697862 seconds (34.80 k allocations: 44.397 MiB)
2704
  1.707513 seconds (37.23 k allocations: 46.358 MiB)
4197
  1.709261 seconds (31.89 k allocations: 40.211 MiB)
  1.714150 seconds (34.30 k allocations: 44.501 MiB)
1201
7208
  1.701350 seconds (39.80 k allocations: 50.201 MiB)
8701
  1.693895 seconds (39.72 k allocations: 50.117 MiB)
5706
  1.696094 seconds (36.62 k allocations: 46.249 MiB)
2705
  3.387713 seconds (34.59 k allocations: 43.668 MiB, 2.09% gc time)
  3.341144 seconds (19.13 k allocations: 25.272 MiB, 2.12% gc time)
  3.337773 seconds (18.93 k allocations: 23.803 MiB, 2.12% gc time)
  3.316872 seconds (11.02 k allocations: 13.814 MiB, 2.13% gc time)
  1.731941 seconds (4.99 k allocations: 8.022 MiB, 4.08% gc time)
4198
8702
7209
5707
1202
  1.710587 seconds (34.75 k allocations: 41.676 MiB)
2706
  1.790876 seconds (23.13 k allocations: 28.066 MiB)
  1.797101 seconds (23.51 k allocations: 29.102 MiB)
8703
7210
  1.789944 seconds (23.90 k allocations: 30.138 MiB)
1203
  2.572154 seconds (47.23 k allocations: 59.626 MiB)
4199
  2.576148 seconds (39.72 k allocations: 50.117 MiB)
5708
  1.698292 seconds (23.73 k allocations: 29.969 MiB)
7211
  1.696410 seconds (23.73 k allocations: 29.969 MiB)
1204
  2.123632 seconds (55.54 k allocations: 70.096 MiB)
2707
  1.708281 seconds (31.81 k allocations: 40.127 MiB)
4200
  2.701698 seconds (55.54 k allocations: 70.096 MiB)
8704
  2.528707 seconds (39.72 k allocations: 50.117 MiB)
5709
  1.700062 seconds (39.80 k allocations: 50.201 MiB)
7212
  1.694014 seconds (39.72 k allocations: 50.117 MiB)
1205
  2.022344 seconds (39.64 k allocations: 50.033 MiB)
2708
  2.006565 seconds (31.73 k allocations: 40.043 MiB)
8705
  1.697669 seconds (23.35 k allocations: 28.934 MiB)
7213
  3.276970 seconds (18.82 k allocations: 23.735 MiB, 0.44% gc time)
  3.356894 seconds (34.72 k allocations: 43.781 MiB, 0.43% gc time)
  2.622390 seconds (11.04 k allocations: 13.836 MiB, 0.55% gc time)  4.198088 seconds (50.66 k allocations: 63.861 MiB, 0.34% gc time)

  1.965365 seconds (4.58 k allocations: 7.886 MiB, 0.73% gc time)
2709
4201
1206
5710
8706
  1.690366 seconds (18.60 k allocations: 25.133 MiB)
2710
  1.759997 seconds (16.39 k allocations: 22.298 MiB)
1207
  2.564334 seconds (15.90 k allocations: 20.064 MiB)
5711
  2.974502 seconds (23.82 k allocations: 30.054 MiB)
8707
  3.235719 seconds (31.81 k allocations: 40.127 MiB)
7214
  3.410861 seconds (54.64 k allocations: 70.279 MiB)
4202
  1.703486 seconds (31.81 k allocations: 40.127 MiB)
1208
  2.009644 seconds (31.81 k allocations: 40.127 MiB)
5712
  3.147590 seconds (55.70 k allocations: 70.264 MiB)
2711
  1.697731 seconds (15.98 k allocations: 20.148 MiB)
1209
  2.483285 seconds (39.80 k allocations: 50.201 MiB)
7215
  3.375301 seconds (55.70 k allocations: 70.264 MiB)
8708
  3.390987 seconds (47.79 k allocations: 60.274 MiB)
4203
  2.262360 seconds (39.80 k allocations: 50.201 MiB)
5713
  1.699477 seconds (26.81 k allocations: 33.807 MiB)
1210
  3.373001 seconds (26.68 k allocations: 32.469 MiB, 1.79% gc time)
  2.741935 seconds (20.19 k allocations: 25.790 MiB, 2.20% gc time)
  2.301600 seconds (12.47 k allocations: 16.077 MiB, 2.62% gc time)
  4.269157 seconds (45.34 k allocations: 58.040 MiB, 1.41% gc time)
7216
8709
2712
4204
  1.708645 seconds (105 allocations: 1.327 MiB)
4205
  1.806883 seconds (38.20 k allocations: 45.924 MiB)
  1.812180 seconds (38.06 k allocations: 46.420 MiB)
1211
5714
  2.867816 seconds (23.73 k allocations: 29.969 MiB)
2713
  2.908101 seconds (46.86 k allocations: 58.034 MiB)
7217
  1.696187 seconds (17.31 k allocations: 22.718 MiB)
1212
  1.791002 seconds (39.64 k allocations: 50.033 MiB)
4206
  3.762431 seconds (70.68 k allocations: 88.087 MiB)
8710
  2.263680 seconds (39.64 k allocations: 50.033 MiB)
5715
  1.711975 seconds (31.64 k allocations: 39.959 MiB)
7218
  2.132215 seconds (47.63 k allocations: 60.106 MiB)
2714
  1.713171 seconds (39.64 k allocations: 50.033 MiB)
1213
  1.842741 seconds (31.81 k allocations: 40.127 MiB)
8711
  2.185926 seconds (31.81 k allocations: 40.127 MiB)
5716
  2.731228 seconds (55.62 k allocations: 70.180 MiB)
4207
  1.704535 seconds (39.72 k allocations: 50.117 MiB)
7219
  1.773441 seconds (39.72 k allocations: 50.117 MiB)
2715
  2.196321 seconds (39.64 k allocations: 50.033 MiB)
1214
  2.523528 seconds (14.39 k allocations: 17.284 MiB, 2.97% gc time)
  2.609769 seconds (30.19 k allocations: 37.261 MiB, 2.88% gc time)
  2.570188 seconds (22.41 k allocations: 27.352 MiB, 2.92% gc time)
  3.260696 seconds (38.38 k allocations: 47.515 MiB, 2.30% gc time)
  2.048138 seconds (8.59 k allocations: 11.769 MiB, 3.67% gc time)
8712
7220
5717
4208
2716
  1.690655 seconds (36.81 k allocations: 43.877 MiB)
1215
  1.728414 seconds (19.85 k allocations: 25.890 MiB)
8713
  1.772640 seconds (27.09 k allocations: 35.188 MiB)
7221
  1.801835 seconds (30.62 k allocations: 38.222 MiB)
5718
  2.557389 seconds (31.73 k allocations: 40.043 MiB)
2717
  2.600558 seconds (39.64 k allocations: 50.033 MiB)
4209
  1.717352 seconds (15.82 k allocations: 19.980 MiB)
  1.762088 seconds (24.13 k allocations: 31.006 MiB)
5719
7222
  2.121133 seconds (55.46 k allocations: 70.012 MiB)
1216
  2.127288 seconds (55.38 k allocations: 69.928 MiB)
8714
  2.295419 seconds (39.64 k allocations: 50.033 MiB)
2718
  1.697783 seconds (23.82 k allocations: 30.054 MiB)
  1.697792 seconds (24.21 k allocations: 31.090 MiB)
5720
7223
  1.703801 seconds (31.89 k allocations: 40.211 MiB)
1217
  3.154706 seconds (63.53 k allocations: 80.169 MiB)
4210
  2.199781 seconds (39.72 k allocations: 50.117 MiB)
8715
  1.702143 seconds (23.73 k allocations: 29.969 MiB)
7224
  3.320204 seconds (42.72 k allocations: 53.873 MiB, 0.56% gc time)
  2.983302 seconds (26.72 k allocations: 33.712 MiB, 0.62% gc time)
  2.667653 seconds (18.90 k allocations: 23.764 MiB, 0.70% gc time)
  2.429105 seconds (12.25 k allocations: 16.701 MiB, 0.76% gc time)
  2.137727 seconds (4.83 k allocations: 7.665 MiB, 0.87% gc time)
2719
1218
5721
8716
4211
  1.730742 seconds (7.61 k allocations: 9.039 MiB)
1219
  1.767869 seconds (31.02 k allocations: 38.515 MiB)
7225
  1.778982 seconds (23.32 k allocations: 27.677 MiB)
8717
  1.803660 seconds (31.51 k allocations: 39.175 MiB)
5722
  2.561583 seconds (31.81 k allocations: 40.127 MiB)
4212
  3.367178 seconds (59.88 k allocations: 75.613 MiB)
2720
  1.692681 seconds (39.80 k allocations: 50.201 MiB)
1220
  1.696257 seconds (31.73 k allocations: 40.043 MiB)
8718
  1.698359 seconds (31.73 k allocations: 40.043 MiB)
5723
  2.104463 seconds (55.16 k allocations: 69.060 MiB)
7226
  2.125015 seconds (39.64 k allocations: 50.033 MiB)
4213
  1.694959 seconds (31.26 k allocations: 38.923 MiB)
1221
  1.714647 seconds (23.73 k allocations: 29.969 MiB)
5724
  1.709098 seconds (23.73 k allocations: 29.969 MiB)
7227
  2.372007 seconds (63.29 k allocations: 79.917 MiB)
2721
  2.541860 seconds (55.46 k allocations: 70.012 MiB)
8719
  2.215001 seconds (39.64 k allocations: 50.033 MiB)
4214
  1.729982 seconds (31.81 k allocations: 40.127 MiB)
5725
  2.814509 seconds (11.16 k allocations: 13.991 MiB, 3.63% gc time)  3.125778 seconds (19.13 k allocations: 24.008 MiB, 3.26% gc time)
  3.674453 seconds (42.75 k allocations: 53.913 MiB, 2.78% gc time)

  3.283161 seconds (27.05 k allocations: 34.042 MiB, 3.11% gc time)
  1.945266 seconds (5.63 k allocations: 9.031 MiB, 5.25% gc time)
8720
1222
2722
7228
4215
  1.724206 seconds (7.61 k allocations: 9.039 MiB)
2723
  1.769286 seconds (41.07 k allocations: 49.988 MiB)
5726
  1.768242 seconds (20.23 k allocations: 26.979 MiB)
8721
  1.798245 seconds (31.51 k allocations: 39.175 MiB)
7229
  2.589814 seconds (31.81 k allocations: 40.127 MiB)
4216
  1.707225 seconds (31.73 k allocations: 40.043 MiB)
2724
  3.475529 seconds (55.24 k allocations: 69.144 MiB)
  1.714829 seconds (31.64 k allocations: 39.959 MiB)
1223
5727
  1.695728 seconds (31.81 k allocations: 40.127 MiB)
7230
  2.114146 seconds (47.71 k allocations: 60.190 MiB)
8722
  2.093617 seconds (39.80 k allocations: 50.201 MiB)
4217
  1.702035 seconds (23.82 k allocations: 30.053 MiB)
5728
  1.698781 seconds (23.73 k allocations: 29.969 MiB)
7231
  1.911912 seconds (55.70 k allocations: 70.264 MiB)
2725
  2.319084 seconds (47.71 k allocations: 60.190 MiB)
1224
  2.639677 seconds (39.80 k allocations: 50.201 MiB)
8723
  2.008652 seconds (39.88 k allocations: 50.285 MiB)
4218
  1.706976 seconds (39.88 k allocations: 50.285 MiB)
  1.691670 seconds (32.00 k allocations: 40.489 MiB)
5729
7232
  3.561808 seconds (30.75 k allocations: 38.536 MiB, 1.56% gc time)
  2.363982 seconds (14.85 k allocations: 18.454 MiB, 2.36% gc time)
  3.106812 seconds (22.88 k allocations: 28.544 MiB, 1.79% gc time)
  2.159992 seconds (8.69 k allocations: 12.051 MiB, 2.58% gc time)
2726
1225
8724
4219
  1.697757 seconds (19.60 k allocations: 23.704 MiB)
2727
  1.708047 seconds (13.22 k allocations: 15.403 MiB)
1226
  1.788071 seconds (38.85 k allocations: 48.467 MiB)
5730
  1.801409 seconds (42.42 k allocations: 52.751 MiB)
7233
  2.574172 seconds (31.73 k allocations: 40.043 MiB)
4220
  3.034754 seconds (41.01 k allocations: 52.659 MiB)
8725
  1.701772 seconds (39.26 k allocations: 48.997 MiB)
2728
  1.707711 seconds (31.64 k allocations: 39.959 MiB)
5731
  1.705548 seconds (31.64 k allocations: 39.959 MiB)
7234
  1.906317 seconds (31.73 k allocations: 40.043 MiB)
4221
  3.100438 seconds (63.45 k allocations: 80.085 MiB)
1227
  1.862582 seconds (39.64 k allocations: 50.033 MiB)
8726
  1.703265 seconds (31.81 k allocations: 40.127 MiB)
5732
  1.702234 seconds (31.73 k allocations: 40.043 MiB)
7235
  2.438292 seconds (55.62 k allocations: 70.180 MiB)
2729
  1.837024 seconds (39.72 k allocations: 50.117 MiB)
4222
  1.700173 seconds (23.82 k allocations: 30.053 MiB)
5733
  1.696530 seconds (22.73 k allocations: 27.718 MiB)
  3.260035 seconds (47.54 k allocations: 58.997 MiB, 1.71% gc time)
  2.217990 seconds (15.80 k allocations: 18.936 MiB, 2.51% gc time)
  3.145868 seconds (39.58 k allocations: 48.960 MiB, 1.77% gc time)
  1.695163 seconds (9.34 k allocations: 13.907 MiB, 3.28% gc time)
2730
8727
7236
4223
1228
  1.715472 seconds (9.03 k allocations: 12.921 MiB)
2731
  1.802346 seconds (42.48 k allocations: 51.489 MiB)
  1.786691 seconds (11.19 k allocations: 15.200 MiB)
5734
7237
  1.791175 seconds (14.13 k allocations: 18.952 MiB)
8728
  2.545197 seconds (31.81 k allocations: 40.127 MiB)
1229
  3.420456 seconds (50.83 k allocations: 65.174 MiB)
4224
  1.737618 seconds (39.72 k allocations: 50.117 MiB)
2732
  1.687886 seconds (23.82 k allocations: 30.054 MiB)
5735
  1.698441 seconds (27.41 k allocations: 34.415 MiB)
7238
  2.072591 seconds (39.72 k allocations: 50.117 MiB)
8729
  2.342748 seconds (39.64 k allocations: 50.033 MiB)
1230
  1.710588 seconds (39.64 k allocations: 50.033 MiB)
4225
  1.688404 seconds (28.25 k allocations: 35.794 MiB)
5736
  1.696778 seconds (31.64 k allocations: 39.959 MiB)
7239
  2.200642 seconds (31.64 k allocations: 39.959 MiB)
8730
  3.012687 seconds (63.37 k allocations: 80.001 MiB)
2733
  1.793561 seconds (39.56 k allocations: 49.949 MiB)
  1.689431 seconds (24.13 k allocations: 31.006 MiB)
1231
5737
  1.698084 seconds (31.73 k allocations: 40.043 MiB)
7240
  3.067617 seconds (26.86 k allocations: 33.887 MiB, 2.66% gc time)
  4.021471 seconds (50.61 k allocations: 63.861 MiB, 2.03% gc time)
  2.281435 seconds (4.45 k allocations: 6.313 MiB, 3.58% gc time)
  2.283239 seconds (4.72 k allocations: 6.783 MiB, 3.58% gc time)
  2.696043 seconds (19.03 k allocations: 23.959 MiB, 3.03% gc time)
8731
4226
5738
2734
1232
  1.723423 seconds (33.69 k allocations: 40.633 MiB)
7241
  1.730383 seconds (19.93 k allocations: 27.143 MiB)
8732
  1.785535 seconds (15.99 k allocations: 20.148 MiB)
  1.800984 seconds (20.79 k allocations: 29.351 MiB)
5739
1233
  2.600161 seconds (31.89 k allocations: 40.211 MiB)
2735
  2.649100 seconds (39.80 k allocations: 50.201 MiB)
4227
  1.702184 seconds (39.72 k allocations: 50.117 MiB)
7242
  1.704390 seconds (23.78 k allocations: 31.236 MiB)
5740
  2.136336 seconds (47.55 k allocations: 60.022 MiB)
8733
  1.701609 seconds (31.64 k allocations: 39.959 MiB)
2736
  2.952820 seconds (47.47 k allocations: 59.938 MiB)
1234
  2.294268 seconds (39.64 k allocations: 50.033 MiB)
4228
  1.699263 seconds (39.64 k allocations: 50.033 MiB)
7243
  1.702298 seconds (39.72 k allocations: 50.117 MiB)
5741
  2.141719 seconds (39.80 k allocations: 50.201 MiB)
8734
  1.786644 seconds (31.89 k allocations: 40.211 MiB)
1235
  1.698669 seconds (23.98 k allocations: 30.222 MiB)
7244
  4.115193 seconds (54.27 k allocations: 67.585 MiB, 2.10% gc time)
  3.235967 seconds (22.50 k allocations: 27.462 MiB, 2.66% gc time)
  2.428478 seconds (14.63 k allocations: 17.565 MiB, 3.55% gc time)
  3.478639 seconds (38.63 k allocations: 47.806 MiB, 2.48% gc time)
  1.874812 seconds (8.48 k allocations: 11.931 MiB, 4.60% gc time)
8735
2737
4229
5742
1236
  1.738202 seconds (32.14 k allocations: 39.004 MiB)
7245
  1.739952 seconds (16.00 k allocations: 20.738 MiB)
4230
  1.792987 seconds (19.37 k allocations: 24.825 MiB)
5743
  1.837728 seconds (28.46 k allocations: 36.005 MiB)
2738
  2.120160 seconds (31.89 k allocations: 40.211 MiB)
8736
  2.148720 seconds (39.80 k allocations: 50.201 MiB)
1237
  1.703458 seconds (36.55 k allocations: 46.192 MiB)
7246
  1.704288 seconds (36.50 k allocations: 45.614 MiB)
4231
  1.702616 seconds (39.72 k allocations: 50.117 MiB)
5744
  1.701043 seconds (39.64 k allocations: 50.033 MiB)
2739
  1.698600 seconds (39.72 k allocations: 50.117 MiB)
8737
  1.691139 seconds (39.64 k allocations: 50.033 MiB)
1238
  1.710712 seconds (36.11 k allocations: 45.739 MiB)
  1.705272 seconds (31.85 k allocations: 40.369 MiB)
4232
7247
  1.716787 seconds (39.72 k allocations: 50.117 MiB)
5745
  1.709161 seconds (39.64 k allocations: 50.033 MiB)
2740
  1.699822 seconds (39.64 k allocations: 50.033 MiB)
8738
  1.695244 seconds (39.72 k allocations: 50.117 MiB)
1239
  1.698609 seconds (31.81 k allocations: 40.127 MiB)
  1.700406 seconds (32.19 k allocations: 41.163 MiB)
4233
7248
  2.060427 seconds (21.17 k allocations: 26.818 MiB, 3.38% gc time)
  2.096973 seconds (28.99 k allocations: 36.746 MiB, 3.32% gc time)
  1.784595 seconds (13.25 k allocations: 16.795 MiB, 3.90% gc time)
  1.756109 seconds (5.31 k allocations: 6.749 MiB, 3.96% gc time)
8739
1240
2741
5746
  1.698902 seconds (32.30 k allocations: 39.176 MiB)
4234
  1.714515 seconds (8.39 k allocations: 11.699 MiB)
1241
  1.725656 seconds (15.99 k allocations: 20.148 MiB)
8740
  1.731486 seconds (19.54 k allocations: 24.475 MiB)
5747
  1.785046 seconds (31.81 k allocations: 40.127 MiB)
  1.800304 seconds (33.15 k allocations: 43.357 MiB)
2742
7249
  1.689546 seconds (39.80 k allocations: 50.201 MiB)
4235
  1.690096 seconds (39.80 k allocations: 50.201 MiB)
1242
  1.693920 seconds (37.43 k allocations: 47.077 MiB)
8741
  1.703318 seconds (39.88 k allocations: 50.285 MiB)
5748
  1.696130 seconds (34.98 k allocations: 44.596 MiB)
2743
  1.701740 seconds (39.72 k allocations: 50.117 MiB)
7250
  1.694511 seconds (39.72 k allocations: 50.117 MiB)
4236
  1.693999 seconds (39.72 k allocations: 50.117 MiB)
1243
  1.695963 seconds (39.72 k allocations: 50.117 MiB)
8742
  1.702305 seconds (39.72 k allocations: 50.117 MiB)
5749
  1.695184 seconds (39.72 k allocations: 50.117 MiB)
2744
  1.701183 seconds (39.64 k allocations: 50.033 MiB)
7251
  1.695539 seconds (39.56 k allocations: 49.949 MiB)
4237
  1.869218 seconds (37.98 k allocations: 47.125 MiB, 3.29% gc time)
  1.852820 seconds (30.09 k allocations: 37.138 MiB, 3.32% gc time)
  1.778017 seconds (14.39 k allocations: 17.389 MiB, 3.46% gc time)
  1.828768 seconds (22.25 k allocations: 27.278 MiB, 3.37% gc time)
  1.760135 seconds (6.61 k allocations: 7.653 MiB, 3.50% gc time)
8743
1244
5750
2745
7252
  1.697478 seconds (37.29 k allocations: 44.357 MiB)
4238
  1.719742 seconds (7.91 k allocations: 9.990 MiB)
7253
  1.729721 seconds (14.27 k allocations: 20.835 MiB)
  1.727369 seconds (10.54 k allocations: 15.040 MiB)
  1.723793 seconds (9.60 k allocations: 12.867 MiB)
8744
1245
2746
  1.742103 seconds (39.80 k allocations: 50.201 MiB)
5751
  1.691804 seconds (39.80 k allocations: 50.201 MiB)
4239
  1.686592 seconds (15.82 k allocations: 19.980 MiB)
1246
  1.693329 seconds (19.10 k allocations: 25.251 MiB)
  1.693945 seconds (22.82 k allocations: 28.455 MiB)
  1.699685 seconds (29.89 k allocations: 39.905 MiB)
8745
2747
7254
  1.704400 seconds (39.72 k allocations: 50.117 MiB)
5752
  1.697508 seconds (39.72 k allocations: 50.117 MiB)
4240
  1.690778 seconds (35.19 k allocations: 43.460 MiB)
1247
  1.694158 seconds (26.17 k allocations: 33.686 MiB)
8746
  1.695399 seconds (24.79 k allocations: 32.980 MiB)
2748
  1.701964 seconds (36.41 k allocations: 45.525 MiB)
7255
  1.703950 seconds (39.80 k allocations: 50.201 MiB)
5753
  1.696348 seconds (39.80 k allocations: 50.201 MiB)
4241
  1.687896 seconds (38.64 k allocations: 48.175 MiB)
1248
  3.318292 seconds (28.45 k allocations: 36.045 MiB, 1.83% gc time)
  3.310052 seconds (20.70 k allocations: 26.857 MiB, 1.84% gc time)
  3.305079 seconds (18.85 k allocations: 23.785 MiB, 1.84% gc time)
  3.279870 seconds (11.01 k allocations: 13.891 MiB, 1.85% gc time)
  1.656922 seconds (3.17 k allocations: 3.994 MiB, 3.67% gc time)
2749
5754
8747
7256
4242
  1.686116 seconds (34.06 k allocations: 40.958 MiB)
1249
  1.726505 seconds (8.00 k allocations: 10.075 MiB)
4243
  1.739397 seconds (20.75 k allocations: 28.675 MiB)
5755
  1.790559 seconds (23.98 k allocations: 30.222 MiB)
  1.789390 seconds (24.23 k allocations: 30.950 MiB)
2750
8748
  1.795444 seconds (34.60 k allocations: 42.448 MiB)
7257
  1.689636 seconds (39.80 k allocations: 50.201 MiB)
1250
  1.695075 seconds (38.38 k allocations: 48.058 MiB)
4244
  1.703563 seconds (39.80 k allocations: 50.201 MiB)
5756
  1.692553 seconds (29.67 k allocations: 37.257 MiB)
  1.694328 seconds (29.68 k allocations: 37.896 MiB)
2751
8749
  1.700194 seconds (39.88 k allocations: 50.285 MiB)
7258
  1.688957 seconds (39.88 k allocations: 50.285 MiB)
1251
  1.695959 seconds (39.88 k allocations: 50.285 MiB)
4245
  1.703913 seconds (39.88 k allocations: 50.285 MiB)
5757
  1.693222 seconds (31.89 k allocations: 40.211 MiB)
8750
  1.700270 seconds (35.32 k allocations: 45.640 MiB)
2752
  1.699518 seconds (39.88 k allocations: 50.285 MiB)
7259
  1.688564 seconds (39.80 k allocations: 50.201 MiB)
1252
  1.823499 seconds (38.06 k allocations: 47.208 MiB, 2.85% gc time)
  1.801247 seconds (30.20 k allocations: 37.251 MiB, 2.89% gc time)
  1.768043 seconds (19.45 k allocations: 23.651 MiB, 2.94% gc time)
  1.761627 seconds (14.36 k allocations: 17.225 MiB, 2.95% gc time)
  1.749209 seconds (6.54 k allocations: 7.357 MiB, 2.97% gc time)
8751
5758
2753
7260
4246
  1.688718 seconds (37.33 k allocations: 44.406 MiB)
1253
  1.721010 seconds (9.80 k allocations: 14.377 MiB)
8752
  1.721333 seconds (9.65 k allocations: 13.676 MiB)
7261
  1.730836 seconds (23.82 k allocations: 30.054 MiB)
2754
  1.738725 seconds (28.34 k allocations: 36.583 MiB)
5759
  1.739026 seconds (35.78 k allocations: 44.873 MiB)
4247
  1.690572 seconds (39.56 k allocations: 49.949 MiB)
1254
  1.692062 seconds (32.70 k allocations: 42.258 MiB)
8753
  1.698840 seconds (39.64 k allocations: 50.032 MiB)
  1.688991 seconds (26.98 k allocations: 34.503 MiB)
7262
2755
  1.694802 seconds (31.81 k allocations: 40.127 MiB)
4248
  1.705555 seconds (40.06 k allocations: 50.469 MiB)
5760
  1.688564 seconds (39.72 k allocations: 50.117 MiB)
1255
  1.694585 seconds (39.26 k allocations: 48.997 MiB)
8754
  1.691243 seconds (30.82 k allocations: 37.891 MiB)
2756
  1.698025 seconds (37.98 k allocations: 47.125 MiB)
7263
  1.696649 seconds (38.00 k allocations: 47.672 MiB)
4249
  1.699768 seconds (39.80 k allocations: 50.201 MiB)
5761
  1.688332 seconds (39.88 k allocations: 50.285 MiB)
1256
  1.692182 seconds (38.82 k allocations: 48.511 MiB)
8755
  3.253174 seconds (33.06 k allocations: 41.404 MiB, 0.80% gc time)
  3.244240 seconds (26.87 k allocations: 33.858 MiB, 0.81% gc time)
  3.232733 seconds (19.00 k allocations: 23.900 MiB, 0.81% gc time)
  3.217574 seconds (11.13 k allocations: 14.001 MiB, 0.81% gc time)
  1.614893 seconds (3.29 k allocations: 4.129 MiB, 1.62% gc time)
2757
1257
5762
7264
4250
  1.693321 seconds (35.31 k allocations: 42.292 MiB)
8756
  1.703549 seconds (12.94 k allocations: 18.790 MiB)
1258
  1.796998 seconds (15.91 k allocations: 20.064 MiB)
  1.796167 seconds (16.29 k allocations: 21.100 MiB)
2758
7265
  1.801019 seconds (22.07 k allocations: 27.746 MiB)
  1.801811 seconds (27.18 k allocations: 33.609 MiB)
5763
4251
  1.695519 seconds (39.64 k allocations: 50.033 MiB)
8757
  1.689228 seconds (39.56 k allocations: 49.949 MiB)
1259
  1.689980 seconds (28.68 k allocations: 36.821 MiB)
2759
  1.695504 seconds (29.34 k allocations: 36.912 MiB)
7266
  1.695373 seconds (27.62 k allocations: 34.636 MiB)
  1.697798 seconds (28.21 k allocations: 36.459 MiB)
5764
4252
  1.694494 seconds (39.72 k allocations: 50.117 MiB)
8758
  1.689836 seconds (39.72 k allocations: 50.117 MiB)
1260
  1.702470 seconds (38.32 k allocations: 48.000 MiB)
2760
  1.695946 seconds (23.81 k allocations: 30.053 MiB)
  1.702762 seconds (28.06 k allocations: 37.478 MiB)
4253
7267
  1.703121 seconds (27.05 k allocations: 35.970 MiB)
5765
  1.690685 seconds (39.17 k allocations: 48.913 MiB)
8759
  1.846801 seconds (38.09 k allocations: 47.224 MiB, 1.24% gc time)
  1.737272 seconds (29.86 k allocations: 36.248 MiB, 1.31% gc time)
  1.725396 seconds (6.68 k allocations: 8.717 MiB, 1.32% gc time)
  1.722701 seconds (6.67 k allocations: 7.535 MiB, 1.32% gc time)
  1.724396 seconds (6.76 k allocations: 7.681 MiB, 1.32% gc time)
1261
2761
7268
5766
4254
  1.690852 seconds (37.37 k allocations: 44.435 MiB)
8760
  1.689932 seconds (9.61 k allocations: 12.942 MiB)
5767
  1.701925 seconds (20.63 k allocations: 29.787 MiB)
7269
  1.705333 seconds (22.83 k allocations: 27.827 MiB)
2762
  1.718388 seconds (31.81 k allocations: 40.127 MiB)
4255
  1.732300 seconds (39.80 k allocations: 50.201 MiB)
1262
  1.691700 seconds (39.80 k allocations: 50.201 MiB)
8761
  1.728078 seconds (39.42 k allocations: 49.165 MiB)
  1.693475 seconds (15.74 k allocations: 19.832 MiB)
5768
4256
  1.688144 seconds (13.46 k allocations: 17.057 MiB)
1263
  1.727519 seconds (46.65 k allocations: 56.736 MiB)
7270
  1.742240 seconds (55.70 k allocations: 70.264 MiB)
2763
  1.694552 seconds (39.88 k allocations: 50.285 MiB)
8762
  1.689836 seconds (18.59 k allocations: 24.032 MiB)
1264
  1.697388 seconds (27.86 k allocations: 35.452 MiB)
4257
  1.701893 seconds (34.73 k allocations: 44.345 MiB)
  1.696941 seconds (31.04 k allocations: 38.768 MiB)
5769
7271
  1.691808 seconds (39.80 k allocations: 50.201 MiB)
2764
  1.693022 seconds (39.80 k allocations: 50.201 MiB)
8763
  1.689081 seconds (33.83 k allocations: 42.862 MiB)
1265
  3.258887 seconds (30.17 k allocations: 37.760 MiB, 0.47% gc time)
  3.252268 seconds (19.04 k allocations: 25.165 MiB, 0.47% gc time)
  3.249672 seconds (19.09 k allocations: 23.975 MiB, 0.47% gc time)
  3.233160 seconds (11.19 k allocations: 13.979 MiB, 0.47% gc time)
  1.608198 seconds (3.25 k allocations: 3.985 MiB, 0.94% gc time)
8764
7272
5770
4258
2765
  1.687156 seconds (32.44 k allocations: 39.362 MiB)
1266
  1.691505 seconds (29.10 k allocations: 35.280 MiB)
8765
  1.785810 seconds (15.90 k allocations: 20.064 MiB)
  1.789584 seconds (16.29 k allocations: 21.100 MiB)
2766
5771
  1.798969 seconds (30.27 k allocations: 37.336 MiB)
7273
  1.804870 seconds (39.40 k allocations: 48.561 MiB)
4259
  1.690208 seconds (39.26 k allocations: 48.997 MiB)
1267
  1.694555 seconds (39.55 k allocations: 49.948 MiB)
8766
  1.702239 seconds (31.47 k allocations: 40.362 MiB)
2767
  1.710187 seconds (35.10 k allocations: 43.468 MiB)
  1.703790 seconds (29.21 k allocations: 36.195 MiB)
5772
  1.698094 seconds (24.87 k allocations: 31.248 MiB)
7274
4260
  1.688468 seconds (39.26 k allocations: 48.997 MiB)
1268
  1.694725 seconds (39.64 k allocations: 50.033 MiB)
8767
  1.695883 seconds (31.57 k allocations: 39.710 MiB)
2768
  1.697263 seconds (21.98 k allocations: 26.950 MiB)
4261
  1.701655 seconds (25.40 k allocations: 32.375 MiB)
  1.705186 seconds (29.72 k allocations: 38.635 MiB)
7275
5773
  1.689656 seconds (39.80 k allocations: 50.201 MiB)
1269
  1.861562 seconds (38.40 k allocations: 47.550 MiB, 1.42% gc time)
  1.738263 seconds (17.16 k allocations: 20.679 MiB, 1.52% gc time)
  1.743657 seconds (26.34 k allocations: 31.975 MiB, 1.51% gc time)
  1.730216 seconds (6.78 k allocations: 7.680 MiB, 1.52% gc time)
  1.731222 seconds (6.87 k allocations: 7.814 MiB, 1.52% gc time)
8768
5774
7276
2769
4262
  1.688544 seconds (37.16 k allocations: 44.177 MiB)
1270
  1.724557 seconds (9.70 k allocations: 14.251 MiB)
  1.722770 seconds (8.00 k allocations: 10.075 MiB)
  1.722516 seconds (8.76 k allocations: 12.146 MiB)
  1.723139 seconds (9.14 k allocations: 13.182 MiB)
7277
5775
4263
2770
  1.732381 seconds (21.55 k allocations: 26.680 MiB)
8769
  1.688907 seconds (39.64 k allocations: 50.033 MiB)
1271
  1.695350 seconds (11.43 k allocations: 16.027 MiB)
  1.691288 seconds (8.29 k allocations: 11.026 MiB)
4264
  1.693264 seconds (9.41 k allocations: 12.864 MiB)
  1.700069 seconds (16.52 k allocations: 23.833 MiB)
2771
8770
  1.701059 seconds (20.36 k allocations: 27.860 MiB)
7278
5776
  1.694381 seconds (39.72 k allocations: 50.117 MiB)
1272
  1.696073 seconds (15.24 k allocations: 22.373 MiB)
  1.694440 seconds (8.96 k allocations: 12.930 MiB)
  1.696870 seconds (10.26 k allocations: 16.131 MiB)
4265
8771
2772
  1.705565 seconds (31.81 k allocations: 40.127 MiB)
7279
  1.708012 seconds (32.80 k allocations: 41.842 MiB)
5777
  1.690966 seconds (39.80 k allocations: 50.201 MiB)
1273
  1.695409 seconds (24.67 k allocations: 32.151 MiB)
  1.693944 seconds (24.10 k allocations: 30.724 MiB)
  1.691948 seconds (24.28 k allocations: 31.173 MiB)
4266
8772
2773
  3.223833 seconds (13.84 k allocations: 18.128 MiB, 0.50% gc time)
  3.230309 seconds (17.02 k allocations: 22.610 MiB, 0.50% gc time)
  1.607107 seconds (6.00 k allocations: 8.193 MiB, 1.00% gc time)
1274
5778
7280
  1.685603 seconds (9.04 k allocations: 12.900 MiB)
1275
  1.696235 seconds (29.28 k allocations: 36.736 MiB)
4267
  1.774113 seconds (17.40 k allocations: 22.815 MiB)
5779
  1.795120 seconds (26.44 k allocations: 33.954 MiB)
8773
  1.798507 seconds (29.92 k allocations: 38.189 MiB)
2774
  1.801575 seconds (39.88 k allocations: 50.285 MiB)
7281
  1.689544 seconds (36.52 k allocations: 46.166 MiB)
1276
  1.686018 seconds (32.45 k allocations: 41.478 MiB)
4268
  1.700215 seconds (39.96 k allocations: 50.369 MiB)
5780
  1.692970 seconds (36.37 k allocations: 46.005 MiB)
8774
  1.690346 seconds (33.29 k allocations: 41.697 MiB)
2775
  1.698926 seconds (39.80 k allocations: 50.201 MiB)
7282
  1.690209 seconds (31.73 k allocations: 40.043 MiB)
1277
  1.694922 seconds (37.11 k allocations: 46.233 MiB)
4269
  1.703368 seconds (39.64 k allocations: 50.033 MiB)
5781
  1.696296 seconds (26.83 k allocations: 35.045 MiB)
8775
  1.695463 seconds (28.79 k allocations: 36.524 MiB)
2776
  1.713597 seconds (39.64 k allocations: 50.033 MiB)
7283
  1.689460 seconds (36.62 k allocations: 46.260 MiB)
1278
  1.892376 seconds (34.61 k allocations: 43.683 MiB, 1.66% gc time)
  1.775821 seconds (12.12 k allocations: 16.190 MiB, 1.77% gc time)
  1.776550 seconds (13.02 k allocations: 17.152 MiB, 1.77% gc time)
  1.773279 seconds (12.50 k allocations: 17.099 MiB, 1.77% gc time)
  1.732700 seconds (4.61 k allocations: 7.189 MiB, 1.81% gc time)
8776
5782
4270
7284
2777
  1.686802 seconds (35.57 k allocations: 42.557 MiB)
1279
  1.724388 seconds (11.01 k allocations: 14.370 MiB)
7285
  1.742530 seconds (18.91 k allocations: 24.359 MiB)
  1.744949 seconds (19.40 k allocations: 26.713 MiB)
4271
5783
  2.544403 seconds (31.73 k allocations: 40.043 MiB)
8777
  2.571206 seconds (39.64 k allocations: 50.033 MiB)
2778
  1.700303 seconds (31.73 k allocations: 40.043 MiB)
7286
  1.702025 seconds (23.73 k allocations: 29.969 MiB)
5784
  2.120167 seconds (55.46 k allocations: 70.012 MiB)
1280
  2.103224 seconds (39.64 k allocations: 50.033 MiB)
4272
  2.308550 seconds (39.64 k allocations: 50.033 MiB)
8778
  1.701115 seconds (31.73 k allocations: 40.043 MiB)
7287
  1.705652 seconds (31.73 k allocations: 40.043 MiB)
5785
  2.826095 seconds (55.46 k allocations: 70.012 MiB)
2779
  1.713866 seconds (39.64 k allocations: 50.033 MiB)
1281
  2.472893 seconds (39.72 k allocations: 50.117 MiB)
4273
  1.699085 seconds (31.89 k allocations: 40.211 MiB)
7288
  2.821335 seconds (26.97 k allocations: 33.976 MiB, 0.51% gc time)
  2.563656 seconds (19.10 k allocations: 23.980 MiB, 0.56% gc time)
  3.113797 seconds (42.86 k allocations: 54.005 MiB, 0.46% gc time)
  2.466233 seconds (12.62 k allocations: 17.243 MiB, 0.59% gc time)
  1.655300 seconds (4.95 k allocations: 7.758 MiB, 0.87% gc time)
2780
8779
5786
4274
1282
  1.716013 seconds (29.67 k allocations: 36.484 MiB)
7289
  1.786981 seconds (16.39 k allocations: 21.130 MiB)
8780
  1.799548 seconds (23.52 k allocations: 29.102 MiB)
5787
  1.808508 seconds (31.43 k allocations: 39.091 MiB)
4275
  2.534613 seconds (31.73 k allocations: 40.043 MiB)
1283
  2.973193 seconds (61.79 k allocations: 77.563 MiB)
2781
  1.732382 seconds (39.72 k allocations: 50.117 MiB)
7290
  1.705353 seconds (31.81 k allocations: 40.127 MiB)
5788
  1.708034 seconds (31.81 k allocations: 40.127 MiB)
4276
  2.274229 seconds (55.54 k allocations: 70.096 MiB)
8781
  2.142023 seconds (39.72 k allocations: 50.117 MiB)
1284
  2.237181 seconds (39.72 k allocations: 50.117 MiB)
2782
  1.702318 seconds (31.81 k allocations: 40.127 MiB)
5789
  1.701774 seconds (31.81 k allocations: 40.127 MiB)
4277
  2.325557 seconds (55.54 k allocations: 70.096 MiB)
7291
  1.949873 seconds (31.81 k allocations: 40.127 MiB)
1285
  1.695157 seconds (31.34 k allocations: 39.007 MiB)
2783
  1.701811 seconds (27.66 k allocations: 34.669 MiB)
5790
  4.632737 seconds (58.65 k allocations: 73.976 MiB, 0.41% gc time)
  2.932294 seconds (19.01 k allocations: 23.935 MiB, 0.64% gc time)
  3.459978 seconds (27.14 k allocations: 34.226 MiB, 0.55% gc time)
  2.036315 seconds (11.30 k allocations: 14.257 MiB, 0.93% gc time)
  1.778916 seconds (3.36 k allocations: 5.291 MiB, 1.06% gc time)
8782
1286
7292
2784
4278
  1.688789 seconds (14.22 k allocations: 19.389 MiB)
1287
  1.703632 seconds (40.76 k allocations: 48.498 MiB)
5791
  1.718620 seconds (23.30 k allocations: 31.267 MiB)
8783
  1.795527 seconds (23.73 k allocations: 29.969 MiB)
2785
  1.802002 seconds (24.17 k allocations: 31.081 MiB)
  1.800266 seconds (25.52 k allocations: 33.135 MiB)
7293
4279
  1.692271 seconds (38.27 k allocations: 47.941 MiB)
1288
  1.708121 seconds (39.72 k allocations: 50.117 MiB)
5792
  1.692247 seconds (39.72 k allocations: 50.117 MiB)
8784
  1.694562 seconds (23.82 k allocations: 30.053 MiB)
  1.705681 seconds (28.43 k allocations: 37.845 MiB)
2786
  1.702554 seconds (25.16 k allocations: 32.769 MiB)
7294
4280
  1.694510 seconds (39.64 k allocations: 50.033 MiB)
1289
  1.706443 seconds (39.26 k allocations: 48.997 MiB)
  1.696330 seconds (31.91 k allocations: 40.569 MiB)
5793
8785
  1.696371 seconds (23.90 k allocations: 30.137 MiB)
  1.701155 seconds (24.28 k allocations: 31.173 MiB)
  1.705376 seconds (26.57 k allocations: 36.442 MiB)
2787
4281
7295
  1.688531 seconds (39.80 k allocations: 50.201 MiB)
1290
  1.891991 seconds (26.69 k allocations: 33.689 MiB, 4.08% gc time)
  1.779367 seconds (3.02 k allocations: 3.791 MiB, 4.34% gc time)
  1.893373 seconds (26.78 k allocations: 33.772 MiB, 4.07% gc time)
  1.779553 seconds (3.11 k allocations: 3.901 MiB, 4.34% gc time)
  1.780948 seconds (3.15 k allocations: 3.935 MiB, 4.33% gc time)
8786
2788
5794
4282
7296
  1.689403 seconds (33.94 k allocations: 40.840 MiB)
1291
  1.727789 seconds (10.47 k allocations: 13.832 MiB)
  1.728390 seconds (9.69 k allocations: 13.676 MiB)
5795
2789
  1.733530 seconds (16.99 k allocations: 21.870 MiB)
  1.736247 seconds (20.73 k allocations: 26.336 MiB)
4283
8787
  1.733717 seconds (35.59 k allocations: 43.452 MiB)
7297
  1.688660 seconds (39.80 k allocations: 50.201 MiB)
1292
  1.690310 seconds (21.52 k allocations: 28.247 MiB)
2790
  1.690672 seconds (15.96 k allocations: 20.131 MiB)
8788
  1.699645 seconds (29.36 k allocations: 37.641 MiB)
  1.696897 seconds (26.07 k allocations: 32.999 MiB)
5796
4284
  1.701714 seconds (39.72 k allocations: 50.117 MiB)
7298
  1.691802 seconds (39.72 k allocations: 50.117 MiB)
1293
  1.699093 seconds (34.73 k allocations: 43.045 MiB)
  1.693800 seconds (23.48 k allocations: 30.216 MiB)
8789
2791
  1.697175 seconds (27.27 k allocations: 32.410 MiB)
4285
  1.706015 seconds (37.48 k allocations: 46.612 MiB)
5797
  1.709451 seconds (39.72 k allocations: 50.117 MiB)
7299
  1.689774 seconds (39.64 k allocations: 50.033 MiB)
1294
  1.816481 seconds (28.69 k allocations: 36.261 MiB, 4.01% gc time)
  1.813986 seconds (26.19 k allocations: 32.460 MiB, 4.02% gc time)
  1.807411 seconds (20.63 k allocations: 24.894 MiB, 4.03% gc time)
  1.798552 seconds (14.36 k allocations: 17.272 MiB, 4.05% gc time)
  1.775179 seconds (6.54 k allocations: 7.403 MiB, 4.10% gc time)
8790
5798
7300
2792
4286
  1.690470 seconds (36.92 k allocations: 43.940 MiB)
1295
  1.728620 seconds (9.15 k allocations: 12.468 MiB)
  1.726014 seconds (8.29 k allocations: 11.026 MiB)
8791
2793
  1.738384 seconds (23.93 k allocations: 31.393 MiB)
7301
  1.742452 seconds (31.81 k allocations: 40.127 MiB)
4287
  1.752407 seconds (34.76 k allocations: 45.065 MiB)
5799
  1.688266 seconds (39.80 k allocations: 50.201 MiB)
1296
  1.690677 seconds (31.89 k allocations: 40.211 MiB)
8792
  1.705394 seconds (39.42 k allocations: 49.165 MiB)
2794
  1.705731 seconds (38.82 k allocations: 47.325 MiB)
  1.695378 seconds (24.60 k allocations: 31.236 MiB)
7302
4288
  1.711310 seconds (39.64 k allocations: 50.032 MiB)
5800
  1.690161 seconds (39.56 k allocations: 49.949 MiB)
1297
  1.691836 seconds (39.64 k allocations: 50.033 MiB)
8793
  1.696404 seconds (38.95 k allocations: 48.045 MiB)
2795
  1.698898 seconds (31.43 k allocations: 39.091 MiB)
  1.704709 seconds (33.90 k allocations: 44.132 MiB)
4289
7303
  1.705866 seconds (39.72 k allocations: 50.117 MiB)
5801
  1.689290 seconds (39.72 k allocations: 50.117 MiB)
1298
  1.690754 seconds (39.64 k allocations: 50.033 MiB)
8794
  3.236401 seconds (34.67 k allocations: 43.750 MiB, 0.60% gc time)
  3.212694 seconds (18.94 k allocations: 23.845 MiB, 0.61% gc time)
  3.213973 seconds (19.06 k allocations: 23.948 MiB, 0.61% gc time)
  3.198259 seconds (11.16 k allocations: 13.998 MiB, 0.61% gc time)
  1.615408 seconds (3.32 k allocations: 4.081 MiB, 1.21% gc time)
5802
1299
2796
7304
4290
  1.688139 seconds (14.35 k allocations: 19.532 MiB)
  1.694104 seconds (33.41 k allocations: 40.308 MiB)
1300
8795
  1.742454 seconds (25.20 k allocations: 33.225 MiB)
5803
  1.781182 seconds (23.82 k allocations: 30.054 MiB)
2797
  1.804250 seconds (31.81 k allocations: 40.127 MiB)
  1.806703 seconds (32.19 k allocations: 41.163 MiB)
4291
7305
  1.688245 seconds (31.89 k allocations: 40.211 MiB)
1301
  1.691526 seconds (35.25 k allocations: 44.336 MiB)
8796
  1.703946 seconds (39.88 k allocations: 50.285 MiB)
5804
  1.693939 seconds (39.80 k allocations: 50.201 MiB)
2798
  1.696171 seconds (31.95 k allocations: 41.502 MiB)
4292
  1.701936 seconds (37.70 k allocations: 46.827 MiB)
7306
  1.689936 seconds (33.68 k allocations: 43.254 MiB)
1302
  1.693089 seconds (35.41 k allocations: 44.492 MiB)
8797
  1.721197 seconds (39.72 k allocations: 50.117 MiB)
5805
  1.699751 seconds (39.64 k allocations: 50.033 MiB)
2799
  1.696935 seconds (37.48 k allocations: 47.140 MiB)
4293
  1.714254 seconds (39.72 k allocations: 50.117 MiB)
7307
  1.689491 seconds (31.80 k allocations: 41.350 MiB)
1303
  1.691555 seconds (33.59 k allocations: 42.641 MiB)
  1.785845 seconds (27.06 k allocations: 34.701 MiB, 0.85% gc time)
  1.769680 seconds (19.16 k allocations: 24.701 MiB, 0.86% gc time)
  1.745207 seconds (11.24 k allocations: 14.697 MiB, 0.87% gc time)
  1.716803 seconds (3.43 k allocations: 4.776 MiB, 0.89% gc time)
8798
7308
5806
2800
4294
  1.689553 seconds (32.43 k allocations: 39.365 MiB)
1304
  1.701212 seconds (20.83 k allocations: 26.888 MiB)
7309
  1.709877 seconds (23.43 k allocations: 29.018 MiB)
5807
  1.793892 seconds (32.14 k allocations: 41.041 MiB)
8799
  2.530549 seconds (31.64 k allocations: 39.959 MiB)
4295
  2.590104 seconds (39.56 k allocations: 49.949 MiB)
2801
  1.702691 seconds (31.64 k allocations: 39.959 MiB)
7310
  1.702612 seconds (31.64 k allocations: 39.959 MiB)
5808
  2.060694 seconds (31.64 k allocations: 39.959 MiB)
8800
  1.709191 seconds (31.64 k allocations: 39.959 MiB)
4296
  2.986676 seconds (63.89 k allocations: 81.748 MiB)
1305
  2.330462 seconds (39.64 k allocations: 50.033 MiB)
2802
  1.716840 seconds (39.72 k allocations: 50.117 MiB)
7311
  1.720737 seconds (39.80 k allocations: 50.201 MiB)
5809
  2.091516 seconds (39.88 k allocations: 50.285 MiB)
8801
  1.805568 seconds (31.89 k allocations: 40.211 MiB)
1306
  1.704450 seconds (23.82 k allocations: 30.053 MiB)
7312
  4.180875 seconds (50.84 k allocations: 64.074 MiB, 1.43% gc time)
  3.320306 seconds (18.83 k allocations: 23.744 MiB, 1.80% gc time)
  2.485381 seconds (11.13 k allocations: 13.927 MiB, 2.41% gc time)
  1.960115 seconds (5.02 k allocations: 7.776 MiB, 3.05% gc time)
  3.519811 seconds (37.05 k allocations: 48.220 MiB, 1.70% gc time)
4297
5810
8802
1307
2803
  1.691657 seconds (35.94 k allocations: 42.930 MiB)
7313
  1.732923 seconds (23.13 k allocations: 28.066 MiB)
4298
  1.793058 seconds (31.04 k allocations: 38.056 MiB)
5811
  2.867020 seconds (38.94 k allocations: 48.044 MiB)
8803
  1.704092 seconds (7.99 k allocations: 10.074 MiB)
5812
  3.941376 seconds (39.64 k allocations: 50.033 MiB)
2804
  3.972053 seconds (48.77 k allocations: 62.489 MiB)
  2.254258 seconds (32.19 k allocations: 41.163 MiB)
1308
4299
  2.870943 seconds (55.54 k allocations: 70.096 MiB)
7314
  2.245530 seconds (39.64 k allocations: 50.033 MiB)
8804
  1.703201 seconds (39.64 k allocations: 50.033 MiB)
5813
  1.727358 seconds (39.17 k allocations: 48.913 MiB)
2805
  1.973169 seconds (31.64 k allocations: 39.959 MiB)
4300
  2.250135 seconds (47.17 k allocations: 58.986 MiB)
1309
  1.715387 seconds (23.90 k allocations: 30.137 MiB)
5814
  3.766473 seconds (42.79 k allocations: 53.948 MiB, 2.01% gc time)
  3.208540 seconds (34.94 k allocations: 44.000 MiB, 2.37% gc time)
  2.333626 seconds (11.30 k allocations: 14.121 MiB, 3.25% gc time)
  2.624209 seconds (19.23 k allocations: 24.124 MiB, 2.89% gc time)
  2.072132 seconds (5.56 k allocations: 8.920 MiB, 3.66% gc time)
7315
8805
4301
2806
1310
  1.701826 seconds (35.12 k allocations: 42.099 MiB)
5815
  1.794003 seconds (18.87 k allocations: 23.612 MiB)
8806
  1.979484 seconds (15.91 k allocations: 20.064 MiB)
4302
  2.002419 seconds (23.82 k allocations: 30.053 MiB)
2807
  2.600221 seconds (31.73 k allocations: 40.043 MiB)
1311
  3.024519 seconds (54.31 k allocations: 67.499 MiB)
7316
  1.713587 seconds (39.72 k allocations: 50.117 MiB)
5816
  1.775775 seconds (39.64 k allocations: 50.033 MiB)
8807
  1.704411 seconds (31.81 k allocations: 40.127 MiB)
2808
  1.885847 seconds (31.89 k allocations: 40.211 MiB)
1312
  2.946836 seconds (55.62 k allocations: 70.180 MiB)
4303
  1.977962 seconds (39.72 k allocations: 50.117 MiB)
7317
  1.705822 seconds (39.72 k allocations: 50.117 MiB)
5817
  1.698899 seconds (31.73 k allocations: 40.043 MiB)
2809
  2.377326 seconds (47.71 k allocations: 60.190 MiB)
8808
  1.714392 seconds (31.89 k allocations: 40.211 MiB)
4304
  1.702460 seconds (23.90 k allocations: 30.137 MiB)
5818
  3.970861 seconds (54.38 k allocations: 67.691 MiB, 0.74% gc time)
  3.031068 seconds (22.67 k allocations: 27.679 MiB, 0.97% gc time)
  2.504773 seconds (14.87 k allocations: 17.892 MiB, 1.17% gc time)
  3.465549 seconds (38.81 k allocations: 48.070 MiB, 0.85% gc time)
  1.780654 seconds (8.20 k allocations: 11.233 MiB, 1.65% gc time)
1313
8809
2810
7318
4305
  1.704340 seconds (7.32 k allocations: 11.139 MiB)
1314
  1.724593 seconds (14.68 k allocations: 19.330 MiB)
2811
  1.766897 seconds (18.29 k allocations: 24.956 MiB)
8810
  1.817903 seconds (58.73 k allocations: 71.929 MiB)
5819
  1.811739 seconds (31.65 k allocations: 39.959 MiB)
7319
  1.833544 seconds (39.56 k allocations: 49.949 MiB)
4306
  1.687016 seconds (39.56 k allocations: 49.949 MiB)
1315
  1.691852 seconds (39.56 k allocations: 49.949 MiB)
2812
  1.693943 seconds (39.56 k allocations: 49.949 MiB)
8811
  1.706961 seconds (39.64 k allocations: 50.033 MiB)
  1.691524 seconds (31.88 k allocations: 40.461 MiB)
5820
7320
  1.710722 seconds (39.64 k allocations: 50.033 MiB)
4307
  1.687555 seconds (39.64 k allocations: 50.033 MiB)
1316
  1.699380 seconds (39.72 k allocations: 50.117 MiB)
2813
  1.693007 seconds (39.64 k allocations: 50.033 MiB)
8812
  1.692721 seconds (31.73 k allocations: 40.043 MiB)
7321
  1.717649 seconds (31.73 k allocations: 40.043 MiB)
  1.757917 seconds (40.65 k allocations: 52.944 MiB)
4308
5821
  1.686062 seconds (39.64 k allocations: 50.033 MiB)
1317
  1.906570 seconds (34.63 k allocations: 43.706 MiB, 0.73% gc time)
  1.867838 seconds (26.78 k allocations: 33.760 MiB, 0.75% gc time)
  1.810644 seconds (18.95 k allocations: 23.820 MiB, 0.77% gc time)
  1.747847 seconds (3.19 k allocations: 4.026 MiB, 0.80% gc time)
  1.750286 seconds (5.04 k allocations: 8.152 MiB, 0.80% gc time)
8813
2814
7322
4309
5822
  1.690343 seconds (34.56 k allocations: 41.519 MiB)
1318
  1.703221 seconds (24.99 k allocations: 31.140 MiB)
8814
  1.744610 seconds (23.20 k allocations: 28.720 MiB)
2815
  1.747548 seconds (23.27 k allocations: 29.510 MiB)
7323
  2.532536 seconds (31.97 k allocations: 40.295 MiB)
5823
  2.987055 seconds (39.88 k allocations: 50.285 MiB)
4310
  1.689965 seconds (39.42 k allocations: 49.165 MiB)
1319
  1.698631 seconds (26.36 k allocations: 33.870 MiB)
2816
  1.711079 seconds (31.64 k allocations: 39.959 MiB)
7324
  1.910031 seconds (31.64 k allocations: 39.959 MiB)
5824
  1.883134 seconds (31.73 k allocations: 40.043 MiB)
4311
  3.289183 seconds (71.44 k allocations: 90.159 MiB)
8815
  1.705541 seconds (31.81 k allocations: 40.127 MiB)
2817
  1.721412 seconds (31.81 k allocations: 40.127 MiB)
7325
  2.239689 seconds (55.54 k allocations: 70.096 MiB)
1320
  1.740141 seconds (31.81 k allocations: 40.127 MiB)
4312
  1.699919 seconds (23.82 k allocations: 30.053 MiB)
2818
  2.899471 seconds (10.88 k allocations: 13.691 MiB, 2.25% gc time)
  3.350154 seconds (18.85 k allocations: 23.759 MiB, 1.95% gc time)
  3.541149 seconds (34.65 k allocations: 43.727 MiB, 1.84% gc time)
  1.876659 seconds (4.38 k allocations: 7.140 MiB, 3.48% gc time)
  4.065918 seconds (52.20 k allocations: 67.378 MiB, 1.60% gc time)
8816
1321
7326
5825
4313
  1.788945 seconds (11.85 k allocations: 14.527 MiB)
1322
  1.833931 seconds (27.95 k allocations: 36.651 MiB)
2819
  2.594875 seconds (15.90 k allocations: 20.064 MiB)
4314
  3.014766 seconds (40.80 k allocations: 51.149 MiB)
7327
  3.336170 seconds (33.54 k allocations: 43.116 MiB)
5826
  3.424010 seconds (54.86 k allocations: 68.108 MiB)
8817
  1.722649 seconds (31.73 k allocations: 40.043 MiB)
2820
  2.453100 seconds (47.63 k allocations: 60.106 MiB)
1323
  1.971482 seconds (39.72 k allocations: 50.117 MiB)
4315
  1.706763 seconds (39.64 k allocations: 50.033 MiB)
7328
  1.738985 seconds (23.73 k allocations: 29.969 MiB)
2821
  2.103555 seconds (39.72 k allocations: 50.117 MiB)
8818
  2.332944 seconds (55.62 k allocations: 70.180 MiB)
5827
  1.712941 seconds (23.90 k allocations: 30.137 MiB)
7329
  2.401306 seconds (47.71 k allocations: 60.190 MiB)
1324
  2.158648 seconds (47.79 k allocations: 60.274 MiB)
4316
  1.702036 seconds (39.80 k allocations: 50.201 MiB)
2822
  3.535956 seconds (38.15 k allocations: 47.297 MiB, 2.76% gc time)  3.368092 seconds (30.31 k allocations: 37.365 MiB, 2.89% gc time)

  2.623244 seconds (22.39 k allocations: 27.355 MiB, 3.72% gc time)
  2.377875 seconds (14.45 k allocations: 17.320 MiB, 4.10% gc time)
  2.270772 seconds (8.61 k allocations: 11.846 MiB, 4.29% gc time)
8819
1325
5828
7330
4317
  1.701269 seconds (36.68 k allocations: 43.692 MiB)
2823
  1.722493 seconds (19.13 k allocations: 23.936 MiB)
  1.725676 seconds (19.95 k allocations: 25.410 MiB)
1326
8820
  1.809080 seconds (33.08 k allocations: 41.946 MiB)
5829
  2.602344 seconds (31.81 k allocations: 40.127 MiB)
4318
  3.046149 seconds (39.72 k allocations: 50.117 MiB)
7331
  1.696248 seconds (39.64 k allocations: 50.033 MiB)
2824
  1.691868 seconds (39.33 k allocations: 49.080 MiB)
1327
  1.713600 seconds (31.73 k allocations: 40.043 MiB)
5830
  2.536389 seconds (47.63 k allocations: 60.106 MiB)
8821
  1.908428 seconds (39.80 k allocations: 50.201 MiB)
4319
  1.729557 seconds (31.81 k allocations: 40.127 MiB)
2825
  1.707260 seconds (23.82 k allocations: 30.053 MiB)
5831
  2.277557 seconds (55.62 k allocations: 70.180 MiB)
7332
  2.245860 seconds (47.63 k allocations: 60.106 MiB)
1328
  2.118077 seconds (39.56 k allocations: 49.949 MiB)
8822
  2.252094 seconds (39.64 k allocations: 50.033 MiB)
4320
  1.710424 seconds (31.73 k allocations: 40.043 MiB)
5832
  3.301229 seconds (18.93 k allocations: 23.839 MiB, 2.05% gc time)
  3.645477 seconds (26.82 k allocations: 33.820 MiB, 1.85% gc time)
  3.858316 seconds (42.74 k allocations: 53.853 MiB, 1.75% gc time)
  2.594521 seconds (12.36 k allocations: 17.093 MiB, 2.60% gc time)
  2.169447 seconds (4.77 k allocations: 7.742 MiB, 3.11% gc time)
1329
7333
2826
8823
4321
  1.691280 seconds (18.99 k allocations: 24.368 MiB)
7334
  1.801531 seconds (26.74 k allocations: 34.178 MiB)
5833
  2.328491 seconds (30.96 k allocations: 37.971 MiB)
2827
  2.416286 seconds (23.73 k allocations: 29.969 MiB)
4322
  2.548249 seconds (48.03 k allocations: 60.442 MiB)
1330
  2.915578 seconds (39.56 k allocations: 49.949 MiB)
8824
  1.693209 seconds (31.64 k allocations: 39.959 MiB)
5834
  2.128059 seconds (47.47 k allocations: 59.938 MiB)
7335
  1.698478 seconds (39.56 k allocations: 49.949 MiB)
2828
  1.882041 seconds (31.64 k allocations: 39.959 MiB)
1331
  2.047238 seconds (47.47 k allocations: 59.938 MiB)
4323
  1.897065 seconds (39.56 k allocations: 49.949 MiB)
8825
  1.695622 seconds (39.56 k allocations: 49.949 MiB)
5835
  1.712095 seconds (39.64 k allocations: 50.033 MiB)
7336
  1.714970 seconds (39.72 k allocations: 50.117 MiB)
2829
  1.689274 seconds (39.72 k allocations: 50.117 MiB)
1332
  1.701177 seconds (39.72 k allocations: 50.117 MiB)
4324
  1.696547 seconds (39.72 k allocations: 50.117 MiB)
8826
  1.699925 seconds (39.64 k allocations: 50.033 MiB)
5836
  2.739964 seconds (38.28 k allocations: 47.416 MiB, 3.18% gc time)
  2.536365 seconds (30.42 k allocations: 37.474 MiB, 3.44% gc time)
  2.068730 seconds (14.78 k allocations: 17.687 MiB, 4.22% gc time)
  2.163297 seconds (22.64 k allocations: 27.617 MiB, 4.03% gc time)
  1.756049 seconds (9.26 k allocations: 12.730 MiB, 4.97% gc time)
7337
1333
2830
4325
8827
  1.702687 seconds (37.30 k allocations: 44.378 MiB)
5837
  1.760348 seconds (22.46 k allocations: 29.761 MiB)
7338
  1.787904 seconds (23.59 k allocations: 29.185 MiB)
1334
  1.809578 seconds (29.41 k allocations: 36.978 MiB)
2831
  2.547502 seconds (31.89 k allocations: 40.211 MiB)
8828
  2.985301 seconds (39.80 k allocations: 50.201 MiB)
4326
  1.721210 seconds (39.72 k allocations: 50.117 MiB)
5838
  1.708694 seconds (39.72 k allocations: 50.117 MiB)
7339
  1.715311 seconds (31.73 k allocations: 40.043 MiB)
2832
  1.906409 seconds (31.73 k allocations: 40.043 MiB)
8829
  3.033022 seconds (55.54 k allocations: 70.096 MiB)
1335
  1.922943 seconds (39.72 k allocations: 50.117 MiB)
4327
  1.701553 seconds (31.73 k allocations: 40.043 MiB)
7340
  1.708596 seconds (31.81 k allocations: 40.127 MiB)
2833
  2.370903 seconds (50.35 k allocations: 64.101 MiB)
5839
  1.925718 seconds (39.72 k allocations: 50.117 MiB)
8830
  1.704393 seconds (23.73 k allocations: 29.969 MiB)
7341
  3.561249 seconds (42.56 k allocations: 53.692 MiB, 2.35% gc time)  3.141046 seconds (18.64 k allocations: 23.543 MiB, 2.66% gc time)  3.453042 seconds (34.60 k allocations: 43.671 MiB, 2.42% gc time)


  2.516025 seconds (12.68 k allocations: 17.298 MiB, 3.32% gc time)
  1.953836 seconds (5.30 k allocations: 8.229 MiB, 4.28% gc time)
1336
2834
4328
8831
5840
  1.723866 seconds (34.84 k allocations: 41.813 MiB)
  1.715159 seconds (16.48 k allocations: 21.234 MiB)
7342
1337
  1.797462 seconds (31.11 k allocations: 38.138 MiB)
2835
  1.792994 seconds (24.58 k allocations: 32.057 MiB)
8832
  2.559784 seconds (31.73 k allocations: 40.043 MiB)
5841
  3.057478 seconds (54.10 k allocations: 67.298 MiB)
4329
  1.689893 seconds (39.17 k allocations: 48.913 MiB)
7343
  1.730949 seconds (39.56 k allocations: 49.949 MiB)
1338
  1.703503 seconds (39.56 k allocations: 49.949 MiB)
2836
  1.901702 seconds (31.64 k allocations: 39.959 MiB)
5842
  1.893137 seconds (31.73 k allocations: 40.043 MiB)
4330
  3.259251 seconds (55.46 k allocations: 70.012 MiB)
8833
  1.693644 seconds (39.64 k allocations: 50.033 MiB)
7344
  1.708172 seconds (31.81 k allocations: 40.127 MiB)
2837
  2.224159 seconds (47.71 k allocations: 60.190 MiB)
1339
  1.938483 seconds (39.72 k allocations: 50.117 MiB)
5843
  1.700486 seconds (23.90 k allocations: 30.137 MiB)
7345
  3.099765 seconds (22.30 k allocations: 27.285 MiB, 2.32% gc time)
  3.230220 seconds (38.33 k allocations: 47.458 MiB, 2.23% gc time)
  2.630074 seconds (14.59 k allocations: 17.513 MiB, 2.74% gc time)
  1.807717 seconds (8.59 k allocations: 11.396 MiB, 3.98% gc time)
  3.347368 seconds (48.44 k allocations: 61.620 MiB, 2.15% gc time)
8834
1340
2838
5844
4331
  1.714098 seconds (37.55 k allocations: 44.629 MiB)
7346
  1.752093 seconds (24.22 k allocations: 31.618 MiB)
8835
  1.716518 seconds (8.58 k allocations: 11.365 MiB)
5845
  1.800853 seconds (39.03 k allocations: 48.129 MiB)
2839
  2.232430 seconds (31.81 k allocations: 40.127 MiB)
4332
  2.321903 seconds (54.94 k allocations: 68.192 MiB)
1341
  1.701221 seconds (39.80 k allocations: 50.201 MiB)
7347
  1.695968 seconds (32.52 k allocations: 42.081 MiB)
8836
  1.718871 seconds (39.80 k allocations: 50.201 MiB)
5846
  1.703891 seconds (39.72 k allocations: 50.117 MiB)
2840
  1.702015 seconds (39.72 k allocations: 50.117 MiB)
4333
  1.692130 seconds (39.64 k allocations: 50.033 MiB)
1342
  1.706335 seconds (39.56 k allocations: 49.949 MiB)
7348
  1.700010 seconds (39.64 k allocations: 50.033 MiB)
8837
  1.731399 seconds (39.72 k allocations: 50.117 MiB)
5847
  1.717105 seconds (39.72 k allocations: 50.117 MiB)
2841
  1.703211 seconds (39.72 k allocations: 50.117 MiB)
4334
  1.693374 seconds (39.72 k allocations: 50.117 MiB)
1343
  1.698419 seconds (39.64 k allocations: 50.033 MiB)
7349
  1.695670 seconds (39.64 k allocations: 50.033 MiB)
8838
  3.360027 seconds (34.62 k allocations: 43.697 MiB, 1.96% gc time)
  3.339060 seconds (26.78 k allocations: 33.760 MiB, 1.98% gc time)
  2.860600 seconds (11.03 k allocations: 13.830 MiB, 2.31% gc time)
  2.896362 seconds (18.94 k allocations: 23.820 MiB, 2.28% gc time)
  1.746199 seconds (5.38 k allocations: 8.677 MiB, 3.78% gc time)
1344
5848
2842
4335
7350
  1.678200 seconds (35.77 k allocations: 42.751 MiB)
8839
  1.716574 seconds (22.54 k allocations: 29.857 MiB)
1345
  1.800665 seconds (24.92 k allocations: 31.711 MiB)
2843
  1.811331 seconds (31.99 k allocations: 39.616 MiB)
5849
  2.576506 seconds (33.90 k allocations: 43.481 MiB)
4336
  1.705796 seconds (31.81 k allocations: 40.127 MiB)
8840
  3.466890 seconds (47.71 k allocations: 60.190 MiB)
7351
  1.704300 seconds (29.73 k allocations: 37.315 MiB)
2844
  1.703653 seconds (28.49 k allocations: 35.525 MiB)
5850
  2.117572 seconds (55.70 k allocations: 70.264 MiB)
1346
  2.076231 seconds (39.88 k allocations: 50.285 MiB)
4337
  1.703012 seconds (22.93 k allocations: 28.446 MiB)
2845
  1.704819 seconds (23.89 k allocations: 30.137 MiB)
5851
  1.859004 seconds (47.33 k allocations: 59.154 MiB)
7352
  2.105758 seconds (31.73 k allocations: 40.043 MiB)
1347
  2.027615 seconds (31.73 k allocations: 40.043 MiB)
4338
  3.370234 seconds (79.44 k allocations: 100.233 MiB)
8841
  1.699082 seconds (39.26 k allocations: 48.997 MiB)
2846
  3.584855 seconds (34.51 k allocations: 43.584 MiB, 2.67% gc time)  3.441678 seconds (26.67 k allocations: 33.657 MiB, 2.78% gc time)

  2.073470 seconds (11.01 k allocations: 13.791 MiB, 4.62% gc time)
  2.862115 seconds (18.83 k allocations: 23.721 MiB, 3.34% gc time)
  2.037684 seconds (5.19 k allocations: 8.536 MiB, 4.70% gc time)
4339
5852
8842
7353
1348
  1.692462 seconds (34.80 k allocations: 41.769 MiB)
2847
  1.727021 seconds (15.52 k allocations: 19.028 MiB)
  1.738847 seconds (16.53 k allocations: 21.924 MiB)
8843
4340
  1.789364 seconds (31.88 k allocations: 40.789 MiB)
5853
  2.580515 seconds (31.73 k allocations: 40.043 MiB)
1349
  3.041672 seconds (47.25 k allocations: 59.070 MiB)
7354
  1.702728 seconds (39.64 k allocations: 50.033 MiB)
2848
  1.694919 seconds (39.33 k allocations: 49.080 MiB)
8844
  1.705009 seconds (31.81 k allocations: 40.127 MiB)
5854
  2.512065 seconds (47.71 k allocations: 60.190 MiB)
4341
  2.097749 seconds (39.80 k allocations: 50.201 MiB)
1350
  1.702931 seconds (38.73 k allocations: 47.885 MiB)
7355
  1.704383 seconds (23.90 k allocations: 30.137 MiB)
5855
  2.097250 seconds (39.80 k allocations: 50.201 MiB)
8845
  2.771894 seconds (55.62 k allocations: 70.180 MiB)
2849
  1.920123 seconds (39.64 k allocations: 50.033 MiB)
4342
  1.698457 seconds (31.65 k allocations: 39.959 MiB)
7356
  1.700042 seconds (31.73 k allocations: 40.043 MiB)
5856
  3.688592 seconds (42.51 k allocations: 53.666 MiB, 1.68% gc time)
  2.871189 seconds (26.72 k allocations: 33.712 MiB, 2.15% gc time)
  1.973611 seconds (3.18 k allocations: 4.188 MiB, 3.13% gc time)
  2.224142 seconds (12.43 k allocations: 17.239 MiB, 2.78% gc time)
  2.263670 seconds (20.38 k allocations: 27.231 MiB, 2.73% gc time)
8846
7357
1351
2850
4343
  1.691805 seconds (20.35 k allocations: 25.752 MiB)
7358
  1.722500 seconds (23.13 k allocations: 28.066 MiB)
8847
  1.745870 seconds (34.01 k allocations: 43.528 MiB)
5857
  1.878677 seconds (39.11 k allocations: 48.212 MiB)
1352
  1.956469 seconds (32.68 k allocations: 42.242 MiB)
2851
  1.977031 seconds (39.72 k allocations: 50.117 MiB)
4344
  1.699313 seconds (39.72 k allocations: 50.117 MiB)
7359
  1.695641 seconds (39.72 k allocations: 50.117 MiB)
8848
  1.700850 seconds (39.64 k allocations: 50.033 MiB)
5858
  1.689416 seconds (39.64 k allocations: 50.033 MiB)
1353
  1.690519 seconds (39.72 k allocations: 50.117 MiB)
2852
  1.695046 seconds (39.72 k allocations: 50.117 MiB)
4345
  1.710737 seconds (39.64 k allocations: 50.033 MiB)
7360
  1.693490 seconds (39.64 k allocations: 50.033 MiB)
8849
  1.710953 seconds (39.64 k allocations: 50.033 MiB)
5859
  1.689824 seconds (39.64 k allocations: 50.033 MiB)
1354
  1.705272 seconds (39.64 k allocations: 50.033 MiB)
2853
  1.695471 seconds (39.64 k allocations: 50.033 MiB)
4346
  1.703152 seconds (39.64 k allocations: 50.033 MiB)
7361
  1.693199 seconds (32.20 k allocations: 41.236 MiB)
8850
  1.877434 seconds (19.43 k allocations: 25.043 MiB, 0.80% gc time)
  1.988639 seconds (27.27 k allocations: 34.974 MiB, 0.76% gc time)
  1.727673 seconds (5.71 k allocations: 8.395 MiB, 0.87% gc time)
  1.748152 seconds (15.24 k allocations: 20.671 MiB, 0.86% gc time)
1355
5860
2854
4347
  1.695519 seconds (30.80 k allocations: 37.633 MiB)
7362
  1.720884 seconds (22.76 k allocations: 28.861 MiB)
8851
  1.728669 seconds (23.43 k allocations: 29.018 MiB)
2855
  1.738582 seconds (30.41 k allocations: 36.829 MiB)
5861
  2.535258 seconds (46.78 k allocations: 59.116 MiB)
1356
  2.643200 seconds (39.72 k allocations: 50.117 MiB)
4348
  1.704891 seconds (39.72 k allocations: 50.117 MiB)
7363
  1.692303 seconds (39.42 k allocations: 49.165 MiB)
8852
  1.692907 seconds (38.82 k allocations: 48.496 MiB)
2856
  1.701039 seconds (39.72 k allocations: 50.117 MiB)
5862
  1.691682 seconds (39.72 k allocations: 50.117 MiB)
1357
  1.713714 seconds (39.72 k allocations: 50.117 MiB)
4349
  1.696186 seconds (39.72 k allocations: 50.117 MiB)
7364
  1.695683 seconds (39.34 k allocations: 49.081 MiB)
8853
  1.691938 seconds (36.93 k allocations: 46.051 MiB)
2857
  1.700915 seconds (39.64 k allocations: 50.033 MiB)
5863
  1.686420 seconds (39.64 k allocations: 50.033 MiB)
1358
  1.697522 seconds (39.64 k allocations: 50.033 MiB)
4350
  1.713794 seconds (39.64 k allocations: 50.033 MiB)
7365
  1.692043 seconds (37.47 k allocations: 45.909 MiB)
  1.900851 seconds (14.81 k allocations: 17.945 MiB, 4.84% gc time)  2.690711 seconds (30.58 k allocations: 37.828 MiB, 3.42% gc time)
  2.667829 seconds (22.75 k allocations: 27.949 MiB, 3.45% gc time)

  1.732558 seconds (6.94 k allocations: 8.006 MiB, 5.31% gc time)
8854
1359
2858
4351
5864
  1.720353 seconds (37.30 k allocations: 44.358 MiB)
7366
  1.735457 seconds (8.00 k allocations: 10.075 MiB)
1360
  1.740739 seconds (11.21 k allocations: 14.049 MiB)
4352
  1.800378 seconds (24.05 k allocations: 31.521 MiB)
8855
  1.802852 seconds (28.37 k allocations: 35.399 MiB)
  1.806209 seconds (30.34 k allocations: 38.050 MiB)
5865
2859
  1.711890 seconds (39.72 k allocations: 50.117 MiB)
7367
  1.691695 seconds (28.38 k allocations: 36.627 MiB)
1361
  1.700620 seconds (39.72 k allocations: 50.116 MiB)
4353
  1.696859 seconds (34.37 k allocations: 43.264 MiB)
8856
  1.695401 seconds (26.71 k allocations: 33.694 MiB)
2860
  1.702474 seconds (33.29 k allocations: 42.331 MiB)
5866
  1.691602 seconds (31.34 k allocations: 39.007 MiB)
1362
  1.708469 seconds (39.26 k allocations: 48.997 MiB)
7368
  1.700655 seconds (33.31 k allocations: 42.353 MiB)
4354
  1.695029 seconds (36.09 k allocations: 45.072 MiB)
8857
  1.697545 seconds (31.73 k allocations: 40.043 MiB)
2861
  1.701375 seconds (32.84 k allocations: 41.875 MiB)
5867
  1.691424 seconds (39.72 k allocations: 50.117 MiB)
1363
  1.844303 seconds (26.78 k allocations: 33.780 MiB, 3.53% gc time)
  1.847449 seconds (27.64 k allocations: 35.848 MiB, 3.52% gc time)
  1.791977 seconds (18.99 k allocations: 23.874 MiB, 3.63% gc time)
  1.772748 seconds (4.05 k allocations: 5.996 MiB, 3.67% gc time)
  1.768386 seconds (3.28 k allocations: 4.056 MiB, 3.68% gc time)
2862
7369
8858
4355
5868
  1.690940 seconds (34.17 k allocations: 41.089 MiB)
1364
  1.713208 seconds (9.62 k allocations: 14.173 MiB)
7370
  1.720024 seconds (13.97 k allocations: 16.865 MiB)
  1.718912 seconds (14.62 k allocations: 17.800 MiB)
8859
5869
  1.727856 seconds (23.45 k allocations: 30.381 MiB)
2863
  1.741211 seconds (39.80 k allocations: 50.201 MiB)
4356
  1.688958 seconds (39.72 k allocations: 50.117 MiB)
1365
  1.692638 seconds (20.13 k allocations: 25.600 MiB)
8860
  1.706642 seconds (38.10 k allocations: 47.761 MiB)
  1.691537 seconds (18.25 k allocations: 23.443 MiB)
  1.699508 seconds (23.82 k allocations: 31.360 MiB)
7371
2864
5870
  1.697979 seconds (39.64 k allocations: 50.033 MiB)
4357
  1.692157 seconds (39.64 k allocations: 50.033 MiB)
1366
  1.694254 seconds (28.10 k allocations: 36.177 MiB)
8861
  1.691089 seconds (17.39 k allocations: 22.279 MiB)
2865
  1.700352 seconds (30.39 k allocations: 38.682 MiB)
  1.699038 seconds (31.65 k allocations: 39.388 MiB)
7372
5871
  1.698320 seconds (39.80 k allocations: 50.201 MiB)
4358
  1.688529 seconds (39.80 k allocations: 50.201 MiB)
1367
  1.781335 seconds (30.87 k allocations: 38.533 MiB, 2.98% gc time)
  1.778075 seconds (26.39 k allocations: 31.974 MiB, 2.98% gc time)
  1.770378 seconds (15.38 k allocations: 19.556 MiB, 3.00% gc time)
  1.766777 seconds (14.71 k allocations: 17.704 MiB, 3.00% gc time)
  1.747845 seconds (6.92 k allocations: 7.925 MiB, 3.04% gc time)
8862
7373
2866
4359
5872
  1.687679 seconds (36.69 k allocations: 43.755 MiB)
1368
  1.710080 seconds (10.89 k allocations: 14.246 MiB)
2867
  1.722121 seconds (24.16 k allocations: 30.936 MiB)
8863
  1.725803 seconds (25.66 k allocations: 33.159 MiB)
4360
  1.739665 seconds (35.63 k allocations: 45.250 MiB)
7374
  1.733963 seconds (35.29 k allocations: 44.375 MiB)
5873
  1.689248 seconds (39.64 k allocations: 50.033 MiB)
1369
  1.688370 seconds (37.24 k allocations: 46.883 MiB)
2868
  1.694669 seconds (39.80 k allocations: 50.201 MiB)
8864
  1.695774 seconds (39.80 k allocations: 50.201 MiB)
4361
  1.701041 seconds (35.35 k allocations: 44.960 MiB)
7375
  1.698868 seconds (32.69 k allocations: 41.730 MiB)
5874
  1.689824 seconds (39.64 k allocations: 50.033 MiB)
1370
  1.693008 seconds (39.64 k allocations: 50.033 MiB)
2869
  1.693043 seconds (39.72 k allocations: 50.117 MiB)
8865
  1.697479 seconds (39.72 k allocations: 50.117 MiB)
4362
  1.699555 seconds (32.71 k allocations: 42.278 MiB)
7376
  1.700963 seconds (34.78 k allocations: 43.860 MiB)
5875
  1.690228 seconds (39.80 k allocations: 50.201 MiB)
1371
  1.694775 seconds (39.80 k allocations: 50.201 MiB)
2870
  3.236503 seconds (26.91 k allocations: 33.903 MiB, 0.49% gc time)
  3.252808 seconds (34.78 k allocations: 43.867 MiB, 0.49% gc time)
  3.215368 seconds (11.04 k allocations: 13.877 MiB, 0.49% gc time)
  3.212825 seconds (11.17 k allocations: 14.052 MiB, 0.49% gc time)
  1.603765 seconds (3.31 k allocations: 4.227 MiB, 0.99% gc time)
4363
5876
8866
7377
1372
  1.691617 seconds (34.52 k allocations: 41.488 MiB)
2871
  1.701686 seconds (33.07 k allocations: 40.676 MiB)
4364
  1.766933 seconds (16.77 k allocations: 22.160 MiB)
7378
  1.788442 seconds (24.10 k allocations: 31.568 MiB)
8867
  1.790945 seconds (30.45 k allocations: 37.519 MiB)
1373
  1.808420 seconds (40.96 k allocations: 52.611 MiB)
5877
  1.692634 seconds (39.80 k allocations: 50.201 MiB)
2872
  1.696463 seconds (39.80 k allocations: 50.201 MiB)
4365
  1.698570 seconds (39.88 k allocations: 50.285 MiB)
7379
  1.690527 seconds (39.02 k allocations: 48.699 MiB)
8868
  1.685743 seconds (34.00 k allocations: 43.070 MiB)
1374
  1.697273 seconds (39.72 k allocations: 50.117 MiB)
5878
  1.694174 seconds (39.72 k allocations: 50.117 MiB)
2873
  1.697327 seconds (39.64 k allocations: 50.033 MiB)
4366
  1.699135 seconds (39.64 k allocations: 50.033 MiB)
7380
  1.694681 seconds (34.13 k allocations: 43.716 MiB)
8869
  1.694735 seconds (34.32 k allocations: 43.382 MiB)
1375
  1.702162 seconds (39.56 k allocations: 49.949 MiB)
5879
  1.691263 seconds (39.64 k allocations: 50.033 MiB)
2874
  1.861343 seconds (38.32 k allocations: 47.475 MiB, 2.09% gc time)
  1.771404 seconds (18.34 k allocations: 22.531 MiB, 2.19% gc time)
  1.764253 seconds (14.69 k allocations: 17.560 MiB, 2.20% gc time)
  1.740858 seconds (6.88 k allocations: 7.774 MiB, 2.23% gc time)
  1.782821 seconds (30.24 k allocations: 36.660 MiB, 2.18% gc time)
8870
1376
5880
7381
4367
  1.702110 seconds (10.96 k allocations: 14.909 MiB)
5881
  1.728403 seconds (42.17 k allocations: 51.148 MiB)
  1.718738 seconds (15.90 k allocations: 20.064 MiB)
2875
  1.723785 seconds (20.13 k allocations: 26.297 MiB)
7382
8871
  2.563073 seconds (31.65 k allocations: 39.959 MiB)
1377
  2.564890 seconds (35.52 k allocations: 44.615 MiB)
4368
  1.697412 seconds (39.64 k allocations: 50.033 MiB)
5882
  1.699418 seconds (35.61 k allocations: 44.579 MiB)
2876
  2.106574 seconds (31.73 k allocations: 40.043 MiB)
8872
  1.688673 seconds (31.26 k allocations: 38.923 MiB)
1378
  2.752205 seconds (55.16 k allocations: 69.060 MiB)
7383
  1.698698 seconds (31.73 k allocations: 40.043 MiB)
5883
  1.698847 seconds (31.81 k allocations: 40.127 MiB)
2877
  2.631408 seconds (55.62 k allocations: 70.180 MiB)
4369
  1.899591 seconds (39.80 k allocations: 50.201 MiB)
8873
  2.067198 seconds (31.89 k allocations: 40.211 MiB)
7384
  2.426900 seconds (47.79 k allocations: 60.274 MiB)
1379
  1.697264 seconds (39.88 k allocations: 50.285 MiB)
5884
  3.673889 seconds (34.86 k allocations: 43.939 MiB, 0.49% gc time)
  3.552880 seconds (27.00 k allocations: 33.997 MiB, 0.51% gc time)
  3.027585 seconds (19.11 k allocations: 23.991 MiB, 0.60% gc time)
  2.235236 seconds (11.24 k allocations: 14.098 MiB, 0.81% gc time)
  2.074116 seconds (5.38 k allocations: 8.786 MiB, 0.87% gc time)
2878
1380
4370
8874
7385
  1.691287 seconds (9.36 k allocations: 12.044 MiB)
  1.698640 seconds (11.55 k allocations: 16.156 MiB)
8875
1381
  1.777582 seconds (23.91 k allocations: 30.728 MiB)
2879
  1.796443 seconds (38.40 k allocations: 49.857 MiB)
5885
  2.559519 seconds (39.41 k allocations: 49.164 MiB)
4371
  1.695009 seconds (23.73 k allocations: 29.969 MiB)
  3.389238 seconds (40.10 k allocations: 51.152 MiB)
1382
7386
  1.730100 seconds (41.53 k allocations: 53.181 MiB)
8876
  1.701656 seconds (39.64 k allocations: 50.033 MiB)
2880
  2.075260 seconds (39.72 k allocations: 50.117 MiB)
5886
  2.113998 seconds (39.72 k allocations: 50.117 MiB)
4372
  1.705973 seconds (39.63 k allocations: 49.902 MiB)
1383
  1.709594 seconds (23.73 k allocations: 29.969 MiB)
2881
  1.702116 seconds (23.73 k allocations: 29.969 MiB)
5887
  2.319866 seconds (47.55 k allocations: 60.022 MiB)
8877
  1.905990 seconds (31.64 k allocations: 39.959 MiB)
4373
  3.404882 seconds (71.36 k allocations: 90.075 MiB)
7387
  1.701877 seconds (31.81 k allocations: 40.127 MiB)
2882
  3.673218 seconds (42.59 k allocations: 53.752 MiB, 1.95% gc time)
  3.205802 seconds (26.86 k allocations: 33.847 MiB, 2.23% gc time)
  3.013662 seconds (19.05 k allocations: 23.941 MiB, 2.37% gc time)
  2.159991 seconds (12.71 k allocations: 17.365 MiB, 3.31% gc time)
  1.942464 seconds (5.28 k allocations: 8.124 MiB, 3.68% gc time)
1384
8878
5888
4374
7388
  1.720406 seconds (37.19 k allocations: 44.262 MiB)
2883
  1.794012 seconds (24.70 k allocations: 30.837 MiB)
5889
  1.798832 seconds (27.38 k allocations: 34.259 MiB)
1385
  2.894532 seconds (25.34 k allocations: 32.841 MiB)
4375
  3.435356 seconds (31.73 k allocations: 40.043 MiB)
7389
  1.698014 seconds (21.06 k allocations: 25.369 MiB)
5890
  4.008240 seconds (49.16 k allocations: 62.894 MiB)
8879
  2.514595 seconds (31.73 k allocations: 40.043 MiB)
1386
  2.980946 seconds (55.62 k allocations: 70.180 MiB)
2884
  1.702377 seconds (23.90 k allocations: 30.137 MiB)
5891
  2.035816 seconds (23.90 k allocations: 30.137 MiB)
8880
  3.170372 seconds (55.70 k allocations: 70.264 MiB)
4376
  3.001461 seconds (53.81 k allocations: 67.634 MiB)
7390
  2.562776 seconds (39.72 k allocations: 50.117 MiB)
  1.706718 seconds (24.20 k allocations: 31.089 MiB)
1387
5892
  3.763819 seconds (40.24 k allocations: 50.122 MiB, 2.12% gc time)
  2.400118 seconds (18.62 k allocations: 22.946 MiB, 3.32% gc time)
  2.429194 seconds (28.77 k allocations: 35.873 MiB, 3.28% gc time)
  2.015470 seconds (13.20 k allocations: 16.203 MiB, 3.96% gc time)
2885
4377
7391
8881
  1.727599 seconds (28.52 k allocations: 34.144 MiB)
  1.730807 seconds (29.18 k allocations: 35.345 MiB)
5893
1388
  1.771296 seconds (24.98 k allocations: 31.817 MiB)
  1.769498 seconds (23.77 k allocations: 30.007 MiB)
4378
7392
  2.534599 seconds (31.73 k allocations: 40.043 MiB)
8882
  2.603494 seconds (47.33 k allocations: 59.155 MiB)
2886
  1.708853 seconds (39.34 k allocations: 49.081 MiB)
5894
  1.717160 seconds (23.90 k allocations: 30.137 MiB)
7393
  2.112266 seconds (47.79 k allocations: 60.274 MiB)
1389
  2.455962 seconds (39.81 k allocations: 51.426 MiB)
4379
  1.710086 seconds (39.72 k allocations: 50.117 MiB)
8883
  2.120852 seconds (39.80 k allocations: 50.201 MiB)
2887
  1.712232 seconds (39.72 k allocations: 50.117 MiB)
5895
  1.712279 seconds (39.64 k allocations: 50.033 MiB)
7394
  1.697081 seconds (39.64 k allocations: 50.033 MiB)
1390
  1.699770 seconds (39.64 k allocations: 50.033 MiB)
4380
  1.695225 seconds (39.64 k allocations: 50.033 MiB)
8884
  1.693175 seconds (39.64 k allocations: 50.033 MiB)
2888
  1.699483 seconds (39.72 k allocations: 50.117 MiB)
5896
  2.956346 seconds (38.26 k allocations: 47.406 MiB, 1.47% gc time)
  2.640447 seconds (30.43 k allocations: 37.479 MiB, 1.65% gc time)
  2.234849 seconds (22.52 k allocations: 27.468 MiB, 1.95% gc time)
  2.198630 seconds (14.67 k allocations: 17.555 MiB, 1.98% gc time)
  1.705928 seconds (8.56 k allocations: 11.738 MiB, 2.55% gc time)
8885
7395
4381
1391
2889
  1.711202 seconds (37.30 k allocations: 44.367 MiB)
5897
  1.718180 seconds (18.86 k allocations: 24.833 MiB)
8886
  1.751064 seconds (27.25 k allocations: 35.298 MiB)
7396
  1.787316 seconds (23.90 k allocations: 30.137 MiB)
1392
  1.797666 seconds (26.50 k allocations: 33.491 MiB)
2890
  1.805305 seconds (32.27 k allocations: 41.286 MiB)
4382
  1.688465 seconds (39.80 k allocations: 50.201 MiB)
5898
  1.701624 seconds (39.88 k allocations: 50.285 MiB)
8887
  1.717799 seconds (39.80 k allocations: 50.201 MiB)
7397
  1.697105 seconds (25.39 k allocations: 32.885 MiB)
2891
  1.701848 seconds (29.65 k allocations: 36.705 MiB)
4383
  1.721242 seconds (47.25 k allocations: 60.249 MiB)
1393
  1.691689 seconds (39.64 k allocations: 50.033 MiB)
5899
  1.705731 seconds (39.64 k allocations: 50.033 MiB)
8888
  1.711599 seconds (39.64 k allocations: 50.033 MiB)
7398
  1.698465 seconds (37.59 k allocations: 47.243 MiB)
2892
  1.702832 seconds (39.25 k allocations: 48.997 MiB)
4384
  1.708136 seconds (39.56 k allocations: 49.949 MiB)
1394
  1.697437 seconds (39.56 k allocations: 49.949 MiB)
5900
  1.697048 seconds (39.56 k allocations: 49.949 MiB)
8889
  3.319232 seconds (34.64 k allocations: 43.715 MiB, 1.74% gc time)
  3.295512 seconds (26.39 k allocations: 32.724 MiB, 1.75% gc time)
  3.284570 seconds (18.98 k allocations: 23.864 MiB, 1.76% gc time)
  3.262520 seconds (11.19 k allocations: 14.111 MiB, 1.77% gc time)
  1.704782 seconds (4.73 k allocations: 7.345 MiB, 3.39% gc time)
2893
7399
1395
4385
5901
  1.693605 seconds (35.84 k allocations: 42.779 MiB)
8890
  1.727220 seconds (16.77 k allocations: 22.734 MiB)
2894
  1.773178 seconds (23.71 k allocations: 30.535 MiB)
7400
  1.792986 seconds (30.45 k allocations: 39.266 MiB)
1396
  2.571146 seconds (31.81 k allocations: 40.127 MiB)
  2.583434 seconds (32.19 k allocations: 41.163 MiB)
5902
4386
  1.717353 seconds (31.81 k allocations: 40.127 MiB)
2895
  1.697100 seconds (31.73 k allocations: 40.043 MiB)
7401
  2.158325 seconds (55.62 k allocations: 70.180 MiB)
8891
  1.695950 seconds (31.34 k allocations: 39.007 MiB)
5903
  2.524440 seconds (47.63 k allocations: 60.106 MiB)
1397
  2.305566 seconds (39.64 k allocations: 50.033 MiB)
4387
  1.701231 seconds (31.73 k allocations: 40.043 MiB)
7402
  2.127378 seconds (47.55 k allocations: 60.022 MiB)
2896
  1.699121 seconds (31.73 k allocations: 40.043 MiB)
5904
  1.983341 seconds (31.73 k allocations: 40.043 MiB)
1398
  2.917709 seconds (55.54 k allocations: 70.096 MiB)
8892
  1.699887 seconds (31.81 k allocations: 40.127 MiB)
7403
  3.608342 seconds (42.67 k allocations: 53.830 MiB, 0.48% gc time)
  2.528008 seconds (18.93 k allocations: 23.822 MiB, 0.69% gc time)
  2.214127 seconds (11.01 k allocations: 13.814 MiB, 0.78% gc time)
  1.749738 seconds (4.53 k allocations: 7.058 MiB, 0.99% gc time)
  2.950060 seconds (28.82 k allocations: 38.023 MiB, 0.59% gc time)
4388
1399
5905
8893
2897
  1.702868 seconds (28.84 k allocations: 35.627 MiB)
7404
  1.704293 seconds (25.43 k allocations: 31.574 MiB)
4389
  1.789308 seconds (23.43 k allocations: 29.018 MiB)
5906
  1.795717 seconds (30.91 k allocations: 37.348 MiB)
8894
  2.555604 seconds (31.81 k allocations: 40.127 MiB)
2898
  1.694171 seconds (31.34 k allocations: 39.007 MiB)
7405
  3.468669 seconds (55.70 k allocations: 70.842 MiB)
1400
  1.697948 seconds (30.76 k allocations: 38.359 MiB)
  1.691786 seconds (24.12 k allocations: 31.005 MiB)
5907
8895
  2.136662 seconds (55.54 k allocations: 70.096 MiB)
4390
  2.139102 seconds (39.64 k allocations: 50.033 MiB)
2899
  1.693771 seconds (39.64 k allocations: 50.033 MiB)
7406
  1.700784 seconds (31.43 k allocations: 39.091 MiB)
5908
  1.876013 seconds (47.71 k allocations: 60.190 MiB)
1401
  2.145236 seconds (31.89 k allocations: 40.211 MiB)
4391
  2.618930 seconds (47.79 k allocations: 60.274 MiB)
8896
  1.699355 seconds (31.97 k allocations: 40.295 MiB)
7407
  3.597813 seconds (46.47 k allocations: 57.692 MiB, 1.76% gc time)
  3.127932 seconds (30.47 k allocations: 37.544 MiB, 2.02% gc time)
  2.316884 seconds (14.54 k allocations: 17.418 MiB, 2.73% gc time)
  2.956117 seconds (22.63 k allocations: 27.627 MiB, 2.14% gc time)
  2.184113 seconds (7.75 k allocations: 10.116 MiB, 2.90% gc time)
1402
5909
8897
2900
4392
  1.693672 seconds (12.51 k allocations: 16.484 MiB)
8898
  1.718406 seconds (18.28 k allocations: 23.072 MiB)
  1.722017 seconds (17.33 k allocations: 22.756 MiB)
1403
5910
  1.805799 seconds (49.99 k allocations: 62.933 MiB)
7408
  2.596609 seconds (39.41 k allocations: 49.164 MiB)
  2.565894 seconds (32.19 k allocations: 41.163 MiB)
2901
4393
  1.695780 seconds (23.90 k allocations: 30.137 MiB)
5911
  1.704568 seconds (23.90 k allocations: 30.137 MiB)
7409
  2.144825 seconds (55.62 k allocations: 70.180 MiB)
8899
  2.127694 seconds (40.92 k allocations: 52.039 MiB)
1404
  2.312198 seconds (39.34 k allocations: 49.081 MiB)
2902
  1.698892 seconds (31.81 k allocations: 40.127 MiB)
5912
  1.701788 seconds (31.81 k allocations: 40.127 MiB)
7410
  1.694189 seconds (31.51 k allocations: 39.175 MiB)
8900
  3.370271 seconds (63.61 k allocations: 80.253 MiB)
4394
  2.212341 seconds (39.72 k allocations: 50.117 MiB)
1405
  1.692512 seconds (31.73 k allocations: 40.043 MiB)
5913
  3.095102 seconds (26.63 k allocations: 33.629 MiB, 2.08% gc time)
  3.384104 seconds (42.57 k allocations: 53.703 MiB, 1.91% gc time)
  2.740236 seconds (18.86 k allocations: 23.832 MiB, 2.35% gc time)
  2.219712 seconds (4.20 k allocations: 6.825 MiB, 2.91% gc time)
  2.303853 seconds (12.55 k allocations: 17.676 MiB, 2.80% gc time)
7411
2903
8901
1406
4395
  1.712707 seconds (15.21 k allocations: 18.075 MiB)
  1.735968 seconds (22.06 k allocations: 28.155 MiB)
2904
7412
  1.778464 seconds (36.81 k allocations: 46.377 MiB)
5914
  2.867908 seconds (25.30 k allocations: 32.798 MiB)
1407
  1.710746 seconds (15.90 k allocations: 20.064 MiB)
7413
  3.467801 seconds (55.01 k allocations: 68.275 MiB)
8902
  4.043746 seconds (47.71 k allocations: 60.190 MiB)
4396
  2.562471 seconds (39.72 k allocations: 50.117 MiB)
2905
  2.954192 seconds (39.72 k allocations: 50.117 MiB)
5915
  1.709284 seconds (31.73 k allocations: 40.043 MiB)
7414
  2.033699 seconds (23.82 k allocations: 30.053 MiB)
4397
  3.306455 seconds (55.54 k allocations: 70.096 MiB)
1408
  3.063621 seconds (47.55 k allocations: 60.022 MiB)
8903
  1.700729 seconds (23.73 k allocations: 29.969 MiB)
7415
  4.539590 seconds (42.35 k allocations: 53.491 MiB, 1.38% gc time)
  4.043498 seconds (34.52 k allocations: 43.589 MiB, 1.55% gc time)
  2.706310 seconds (18.78 k allocations: 23.733 MiB, 2.32% gc time)
  2.618943 seconds (10.94 k allocations: 13.831 MiB, 2.40% gc time)
  2.277264 seconds (4.51 k allocations: 7.198 MiB, 2.76% gc time)
2906
5916
1409
8904
4398
  1.722220 seconds (15.22 k allocations: 18.076 MiB)
1410
  1.753514 seconds (34.61 k allocations: 42.204 MiB)
7416
  1.739240 seconds (15.90 k allocations: 20.064 MiB)
4399
  1.800474 seconds (39.03 k allocations: 48.129 MiB)
5917
  2.566871 seconds (47.70 k allocations: 60.113 MiB)
2907
  3.390851 seconds (39.72 k allocations: 50.117 MiB)
  1.687053 seconds (31.73 k allocations: 40.043 MiB)
8905
1411
  1.704312 seconds (31.81 k allocations: 40.127 MiB)
4400
  1.700848 seconds (31.81 k allocations: 40.127 MiB)
5918
  2.091055 seconds (55.54 k allocations: 70.096 MiB)
7417
  2.109632 seconds (39.64 k allocations: 50.033 MiB)
2908
  1.697311 seconds (23.73 k allocations: 29.969 MiB)
4401
  1.700168 seconds (23.73 k allocations: 29.969 MiB)
5919
  1.700427 seconds (23.73 k allocations: 29.969 MiB)
7418
  2.314559 seconds (62.91 k allocations: 78.881 MiB)
8906
  2.842639 seconds (63.45 k allocations: 80.169 MiB)
1412
  1.929440 seconds (39.72 k allocations: 50.201 MiB)
2909
  1.706094 seconds (31.81 k allocations: 40.211 MiB)
5920
  3.294643 seconds (26.98 k allocations: 34.065 MiB, 0.41% gc time)
  3.660046 seconds (42.92 k allocations: 54.128 MiB, 0.37% gc time)
  3.083179 seconds (18.99 k allocations: 23.886 MiB, 0.44% gc time)
  2.538145 seconds (11.14 k allocations: 13.922 MiB, 0.53% gc time)
  2.195949 seconds (4.79 k allocations: 8.163 MiB, 0.61% gc time)
1413
8907
7419
2910
4402
  1.692215 seconds (35.59 k allocations: 42.624 MiB)
5921
  1.785540 seconds (31.34 k allocations: 38.827 MiB)
1414
  1.788652 seconds (20.59 k allocations: 24.890 MiB)
  1.791645 seconds (20.85 k allocations: 25.291 MiB)
2911
7420
  2.530847 seconds (47.50 k allocations: 59.852 MiB)
8908
  2.577418 seconds (39.64 k allocations: 50.033 MiB)
4403
  1.691870 seconds (15.82 k allocations: 19.980 MiB)
2912
  1.699745 seconds (21.63 k allocations: 26.599 MiB)
7421
  2.005768 seconds (43.89 k allocations: 54.903 MiB)
1415
  2.154670 seconds (63.45 k allocations: 80.085 MiB)
5922
  1.693231 seconds (39.64 k allocations: 50.033 MiB)
8909
  1.697850 seconds (39.64 k allocations: 50.033 MiB)
4404
  1.693080 seconds (37.67 k allocations: 47.321 MiB)
2913
  1.702390 seconds (39.72 k allocations: 50.117 MiB)
7422
  1.697070 seconds (39.64 k allocations: 50.033 MiB)
1416
  1.708926 seconds (39.72 k allocations: 50.117 MiB)
5923
  1.692561 seconds (39.72 k allocations: 50.117 MiB)
8910
  1.697267 seconds (39.80 k allocations: 50.201 MiB)
4405
  1.691433 seconds (39.72 k allocations: 50.117 MiB)
2914
  2.525275 seconds (34.65 k allocations: 43.726 MiB, 1.63% gc time)
  2.230345 seconds (26.73 k allocations: 33.716 MiB, 1.84% gc time)
  2.187508 seconds (18.91 k allocations: 23.799 MiB, 1.88% gc time)
  1.732951 seconds (3.17 k allocations: 3.945 MiB, 2.37% gc time)
  1.807834 seconds (11.06 k allocations: 13.914 MiB, 2.27% gc time)
7423
4406
8911
5924
1417
  1.673769 seconds (34.23 k allocations: 41.135 MiB)
2915
  1.733846 seconds (8.15 k allocations: 11.460 MiB)
8912
  1.785474 seconds (17.50 k allocations: 24.150 MiB)
  1.778993 seconds (16.52 k allocations: 22.570 MiB)
7424
1418
  2.549507 seconds (32.04 k allocations: 41.597 MiB)
5925
  2.590504 seconds (39.80 k allocations: 50.201 MiB)
4407
  1.726195 seconds (39.72 k allocations: 50.117 MiB)
2916
  1.700592 seconds (31.34 k allocations: 39.007 MiB)
7425
  2.080230 seconds (31.73 k allocations: 40.043 MiB)
1419
  1.694005 seconds (31.73 k allocations: 40.043 MiB)
5926
  2.764653 seconds (63.53 k allocations: 80.169 MiB)
8913
  2.083022 seconds (39.72 k allocations: 50.117 MiB)
4408
  1.700819 seconds (31.81 k allocations: 40.127 MiB)
7426
  2.248995 seconds (47.63 k allocations: 60.106 MiB)
2917
  1.693657 seconds (31.73 k allocations: 40.043 MiB)
5927
  2.077593 seconds (47.63 k allocations: 60.106 MiB)
1420
  2.164183 seconds (31.64 k allocations: 39.959 MiB)
4409
  2.375422 seconds (47.55 k allocations: 60.022 MiB)
8914
  1.700471 seconds (39.64 k allocations: 50.032 MiB)
7427
  3.066532 seconds (34.62 k allocations: 43.686 MiB, 0.63% gc time)
  2.758794 seconds (26.80 k allocations: 33.764 MiB, 0.70% gc time)
  2.735554 seconds (18.98 k allocations: 23.907 MiB, 0.70% gc time)
  1.828799 seconds (11.19 k allocations: 14.081 MiB, 1.05% gc time)
  1.816241 seconds (4.57 k allocations: 7.039 MiB, 1.06% gc time)
2918
5928
1421
4410
8915
  1.692132 seconds (23.23 k allocations: 28.638 MiB)
  1.700942 seconds (33.09 k allocations: 40.621 MiB)
2919
7428
  1.783819 seconds (21.52 k allocations: 27.011 MiB)
  1.786009 seconds (22.22 k allocations: 28.371 MiB)
5929
1422
  2.560056 seconds (31.81 k allocations: 40.127 MiB)
4411
  2.579831 seconds (39.72 k allocations: 50.117 MiB)
8916
  1.704093 seconds (31.73 k allocations: 40.043 MiB)
7429
  1.701797 seconds (31.34 k allocations: 39.007 MiB)
5930
  2.087168 seconds (31.73 k allocations: 40.043 MiB)
1423
  2.288260 seconds (55.94 k allocations: 71.732 MiB)
2920
  1.717777 seconds (39.80 k allocations: 50.201 MiB)
4412
  1.928289 seconds (39.80 k allocations: 50.201 MiB)
8917
  1.702825 seconds (39.80 k allocations: 50.201 MiB)
7430
  1.694162 seconds (39.80 k allocations: 50.201 MiB)
5931
  1.708543 seconds (39.80 k allocations: 50.201 MiB)
1424
  1.695969 seconds (39.72 k allocations: 50.117 MiB)
2921
  1.700572 seconds (39.72 k allocations: 50.117 MiB)
4413
  1.700560 seconds (39.64 k allocations: 50.033 MiB)
8918
  1.703871 seconds (39.64 k allocations: 50.033 MiB)
7431
  2.799160 seconds (38.12 k allocations: 47.258 MiB, 3.01% gc time)
  2.378186 seconds (30.24 k allocations: 37.284 MiB, 3.54% gc time)
  2.299295 seconds (22.35 k allocations: 27.312 MiB, 3.66% gc time)
  1.990139 seconds (14.49 k allocations: 17.336 MiB, 4.23% gc time)
  1.743498 seconds (6.64 k allocations: 7.418 MiB, 4.83% gc time)
2922
8919
5932
1425
4414
  1.721916 seconds (1.15 k allocations: 3.623 MiB)
8920
  1.744926 seconds (22.46 k allocations: 29.713 MiB)
2923
  1.740246 seconds (12.43 k allocations: 15.287 MiB)
1426
  1.743109 seconds (17.93 k allocations: 22.832 MiB)
4415
  1.770926 seconds (58.48 k allocations: 72.332 MiB)
7432
  1.794519 seconds (39.80 k allocations: 50.201 MiB)
5933
  1.694121 seconds (39.88 k allocations: 50.285 MiB)
8921
  1.691494 seconds (35.96 k allocations: 44.936 MiB)
2924
  1.695882 seconds (27.04 k allocations: 34.569 MiB)
4416
  1.712263 seconds (43.44 k allocations: 53.878 MiB)
1427
  1.707129 seconds (37.48 k allocations: 46.611 MiB)
7433
  1.702641 seconds (39.64 k allocations: 50.033 MiB)
5934
  1.710451 seconds (39.72 k allocations: 50.117 MiB)
8922
  1.701359 seconds (33.14 k allocations: 42.182 MiB)
2925
  1.700979 seconds (38.05 k allocations: 47.719 MiB)
4417
  1.709012 seconds (35.63 k allocations: 45.247 MiB)
  1.704461 seconds (32.19 k allocations: 41.163 MiB)
1428
7434
  1.697130 seconds (39.64 k allocations: 50.033 MiB)
5935
  1.697797 seconds (32.45 k allocations: 42.003 MiB)
8923
  1.701797 seconds (34.27 k allocations: 43.331 MiB)
  1.820539 seconds (26.87 k allocations: 34.100 MiB, 3.90% gc time)
  1.800072 seconds (11.21 k allocations: 14.389 MiB, 3.94% gc time)
  1.800062 seconds (11.33 k allocations: 14.589 MiB, 3.94% gc time)  1.766605 seconds (3.35 k allocations: 4.525 MiB, 4.02% gc time)

2926
1429
5936
4418
7435
  1.693656 seconds (35.75 k allocations: 42.734 MiB)
8924
  1.724895 seconds (8.23 k allocations: 11.549 MiB)
  1.720942 seconds (8.03 k allocations: 10.127 MiB)
5937
7436
  1.735199 seconds (22.24 k allocations: 28.443 MiB)
2927
  1.739399 seconds (27.70 k allocations: 35.928 MiB)
1430
  1.745114 seconds (38.49 k allocations: 47.643 MiB)
4419
  1.693377 seconds (39.80 k allocations: 50.201 MiB)
8925
  1.694558 seconds (18.99 k allocations: 24.435 MiB)
2928
  1.715511 seconds (38.80 k allocations: 47.265 MiB)
5938
  1.718459 seconds (39.86 k allocations: 50.262 MiB)
7437
  1.697892 seconds (21.85 k allocations: 27.522 MiB)
4420
  1.729210 seconds (44.90 k allocations: 56.634 MiB)
1431
  1.695825 seconds (39.88 k allocations: 50.285 MiB)
8926
  1.698579 seconds (39.38 k allocations: 49.075 MiB)
2929
  1.693165 seconds (25.92 k allocations: 33.424 MiB)
5939
  1.700489 seconds (31.89 k allocations: 40.211 MiB)
  1.704430 seconds (32.67 k allocations: 42.873 MiB)
4421
7438
  1.710034 seconds (39.72 k allocations: 50.117 MiB)
1432
  1.695022 seconds (39.72 k allocations: 50.117 MiB)
8927
  1.853777 seconds (32.64 k allocations: 40.972 MiB, 4.77% gc time)
  1.848907 seconds (30.24 k allocations: 37.284 MiB, 4.78% gc time)
  1.834152 seconds (14.47 k allocations: 17.352 MiB, 4.82% gc time)
  1.832817 seconds (14.54 k allocations: 17.435 MiB, 4.82% gc time)
  1.795367 seconds (6.80 k allocations: 7.848 MiB, 4.92% gc time)
2930
5940
7439
4422
1433
  1.692523 seconds (37.88 k allocations: 45.021 MiB)
8928
  1.731255 seconds (8.18 k allocations: 11.491 MiB)
7440
  1.735225 seconds (10.73 k allocations: 13.556 MiB)
2931
  1.736714 seconds (14.54 k allocations: 18.103 MiB)
5941
  1.737694 seconds (20.59 k allocations: 26.239 MiB)
4423
  1.740479 seconds (28.00 k allocations: 34.499 MiB)
1434
  1.692704 seconds (39.64 k allocations: 50.033 MiB)
8929
  1.693133 seconds (17.24 k allocations: 21.958 MiB)
  1.693920 seconds (17.08 k allocations: 22.340 MiB)
2932
5942
  1.706438 seconds (39.82 k allocations: 49.980 MiB)
7441
  1.698126 seconds (24.23 k allocations: 29.959 MiB)
4424
  1.707222 seconds (39.80 k allocations: 50.201 MiB)
1435
  1.692195 seconds (39.80 k allocations: 50.201 MiB)
8930
  1.691466 seconds (24.48 k allocations: 31.247 MiB)
  1.693473 seconds (26.95 k allocations: 34.301 MiB)
5943
2933
  1.701066 seconds (32.94 k allocations: 42.503 MiB)
  1.698165 seconds (32.06 k allocations: 40.874 MiB)
7442
4425
  1.700364 seconds (39.72 k allocations: 50.117 MiB)
1436
  1.693280 seconds (39.72 k allocations: 50.117 MiB)
8931
  1.695706 seconds (31.73 k allocations: 40.043 MiB)
2934
  1.699877 seconds (33.17 k allocations: 42.211 MiB)
  3.288817 seconds (19.17 k allocations: 24.730 MiB, 1.99% gc time)
  1.658446 seconds (3.51 k allocations: 4.874 MiB, 3.95% gc time)
  3.291000 seconds (19.28 k allocations: 24.823 MiB, 1.99% gc time)
  3.274762 seconds (11.47 k allocations: 14.886 MiB, 2.00% gc time)
5944
8932
7443
1437
4426
  1.711692 seconds (32.81 k allocations: 39.682 MiB)
2935
  1.720123 seconds (9.89 k allocations: 14.457 MiB)
8933
  1.776353 seconds (18.39 k allocations: 25.051 MiB)
7444
  1.794849 seconds (26.77 k allocations: 35.515 MiB)
5945
  1.801312 seconds (31.73 k allocations: 40.043 MiB)
1438
  1.805097 seconds (32.87 k allocations: 41.901 MiB)
4427
  1.694024 seconds (39.64 k allocations: 50.033 MiB)
2936
  1.690933 seconds (39.64 k allocations: 50.033 MiB)
8934
  1.704794 seconds (39.56 k allocations: 49.949 MiB)
7445
  1.696395 seconds (37.23 k allocations: 46.356 MiB)
5946
  1.698719 seconds (32.89 k allocations: 42.446 MiB)
  1.696488 seconds (31.89 k allocations: 40.675 MiB)
1439
4428
  1.694859 seconds (39.56 k allocations: 49.949 MiB)
2937
  1.691117 seconds (39.56 k allocations: 49.949 MiB)
8935
  1.695504 seconds (31.64 k allocations: 39.959 MiB)
5947
  1.708020 seconds (39.02 k allocations: 49.395 MiB)
7446
  1.698951 seconds (31.64 k allocations: 39.959 MiB)
  1.701551 seconds (32.03 k allocations: 40.995 MiB)
4429
1440
  1.693848 seconds (39.64 k allocations: 50.033 MiB)
2938
  1.930358 seconds (38.24 k allocations: 47.380 MiB, 4.38% gc time)
  1.846646 seconds (23.01 k allocations: 29.226 MiB, 4.57% gc time)
  1.843597 seconds (22.50 k allocations: 27.463 MiB, 4.58% gc time)
  1.821258 seconds (6.64 k allocations: 7.448 MiB, 4.64% gc time)
  1.819752 seconds (8.53 k allocations: 11.680 MiB, 4.64% gc time)
8936
4430
7447
5948
1441
  1.693682 seconds (37.23 k allocations: 44.294 MiB)
2939
  1.719284 seconds (15.52 k allocations: 19.028 MiB)
5949
  1.734511 seconds (23.43 k allocations: 29.018 MiB)
7448
  1.744594 seconds (30.12 k allocations: 36.544 MiB)
4431
  2.553408 seconds (31.64 k allocations: 39.959 MiB)
1442
  2.624783 seconds (47.25 k allocations: 59.071 MiB)
8937
  1.691117 seconds (31.34 k allocations: 39.007 MiB)
5950
  1.701378 seconds (31.34 k allocations: 39.007 MiB)
7449
  2.157942 seconds (55.46 k allocations: 70.012 MiB)
2940
  2.108082 seconds (39.64 k allocations: 50.033 MiB)
4432
  2.322438 seconds (39.64 k allocations: 50.033 MiB)
  2.291863 seconds (32.12 k allocations: 41.080 MiB)
1443
8938
  1.688766 seconds (39.64 k allocations: 50.033 MiB)
5951
  1.699328 seconds (39.72 k allocations: 50.117 MiB)
7450
  1.856210 seconds (39.80 k allocations: 50.201 MiB)
2941
  1.943313 seconds (39.72 k allocations: 50.117 MiB)
4433
  1.690105 seconds (34.53 k allocations: 44.128 MiB)
1444
  1.693232 seconds (37.32 k allocations: 46.453 MiB)
8939
  1.689720 seconds (39.64 k allocations: 50.033 MiB)
5952
  3.253729 seconds (34.64 k allocations: 43.713 MiB, 1.20% gc time)
  2.690764 seconds (26.77 k allocations: 33.758 MiB, 1.45% gc time)
  2.571466 seconds (18.93 k allocations: 23.807 MiB, 1.52% gc time)
  1.767055 seconds (4.86 k allocations: 7.482 MiB, 2.21% gc time)
  1.774161 seconds (9.53 k allocations: 13.581 MiB, 2.20% gc time)
2942
4434
7451
1445
8940
  1.689074 seconds (17.73 k allocations: 23.037 MiB)
2943
  1.741392 seconds (14.98 k allocations: 18.410 MiB)
4435
  1.802884 seconds (46.29 k allocations: 57.235 MiB)
5953
  1.798352 seconds (28.68 k allocations: 36.237 MiB)
7452
  2.534153 seconds (31.81 k allocations: 40.127 MiB)
8941
  2.556538 seconds (39.72 k allocations: 50.117 MiB)
1446
  1.735007 seconds (31.73 k allocations: 40.043 MiB)
4436
  1.701557 seconds (23.73 k allocations: 29.969 MiB)
7453
  1.716874 seconds (34.06 k allocations: 43.124 MiB)
5954
  1.863612 seconds (63.45 k allocations: 80.085 MiB)
2944
  1.691689 seconds (39.72 k allocations: 50.117 MiB)
8942
  1.686514 seconds (39.80 k allocations: 50.201 MiB)
1447
  1.697521 seconds (39.80 k allocations: 50.201 MiB)
4437
  1.705379 seconds (34.49 k allocations: 44.097 MiB)
7454
  1.705115 seconds (33.16 k allocations: 42.205 MiB)
5955
  1.692981 seconds (39.80 k allocations: 50.201 MiB)
2945
  1.694812 seconds (39.72 k allocations: 50.117 MiB)
8943
  1.687638 seconds (39.80 k allocations: 50.201 MiB)
1448
  1.699152 seconds (39.88 k allocations: 50.285 MiB)
4438
  2.435932 seconds (29.13 k allocations: 37.392 MiB, 0.63% gc time)
  2.432118 seconds (26.87 k allocations: 33.856 MiB, 0.63% gc time)
  1.711437 seconds (11.11 k allocations: 13.940 MiB, 0.90% gc time)  2.391832 seconds (19.06 k allocations: 23.948 MiB, 0.64% gc time)

  1.700820 seconds (3.24 k allocations: 4.038 MiB, 0.91% gc time)
8944
1449
2946
7455
5956
  1.685834 seconds (12.66 k allocations: 17.798 MiB)
1450
  1.697012 seconds (35.71 k allocations: 43.355 MiB)
4439
  1.721681 seconds (18.99 k allocations: 26.873 MiB)
8945
  1.781994 seconds (23.90 k allocations: 30.138 MiB)
5957
  1.786895 seconds (26.50 k allocations: 33.489 MiB)
2947
  1.792462 seconds (36.92 k allocations: 46.041 MiB)
7456
  1.688980 seconds (31.89 k allocations: 40.211 MiB)
  1.696286 seconds (36.69 k allocations: 46.968 MiB)
4440
1451
  1.691623 seconds (39.88 k allocations: 50.285 MiB)
8946
  1.690486 seconds (30.24 k allocations: 37.832 MiB)
2948
  1.705687 seconds (42.31 k allocations: 53.773 MiB)
5958
  1.705792 seconds (39.72 k allocations: 50.117 MiB)
7457
  1.702644 seconds (31.89 k allocations: 41.436 MiB)
4441
  1.705313 seconds (34.03 k allocations: 43.093 MiB)
1452
  1.695979 seconds (39.80 k allocations: 50.201 MiB)
8947
  1.694142 seconds (39.80 k allocations: 50.201 MiB)
2949
  1.709687 seconds (39.88 k allocations: 50.285 MiB)
5959
  1.712290 seconds (39.80 k allocations: 50.201 MiB)
7458
  1.688495 seconds (31.81 k allocations: 40.127 MiB)
  1.698909 seconds (35.17 k allocations: 45.418 MiB)
1453
4442
  1.928726 seconds (27.18 k allocations: 34.808 MiB, 5.99% gc time)
  1.862362 seconds (20.77 k allocations: 27.080 MiB, 6.20% gc time)
  1.820289 seconds (5.11 k allocations: 7.282 MiB, 6.35% gc time)
  1.833897 seconds (12.99 k allocations: 17.149 MiB, 6.30% gc time)
8948
7459
2950
5960
  1.695729 seconds (32.07 k allocations: 38.981 MiB)
1454
  1.736605 seconds (25.68 k allocations: 33.101 MiB)
  1.743005 seconds (18.98 k allocations: 24.371 MiB)
4443
7460
  1.736816 seconds (21.12 k allocations: 24.856 MiB)
5961
  2.567659 seconds (31.64 k allocations: 39.959 MiB)
  2.579942 seconds (32.03 k allocations: 40.995 MiB)
8949
2951
  1.695631 seconds (39.64 k allocations: 50.033 MiB)
1455
  1.707876 seconds (31.65 k allocations: 41.022 MiB)
7461
  2.109346 seconds (39.61 k allocations: 49.835 MiB)
4444
  2.115211 seconds (39.80 k allocations: 50.201 MiB)
5962
  2.080296 seconds (31.81 k allocations: 40.127 MiB)
2952
  2.336287 seconds (47.25 k allocations: 59.070 MiB)
8950
  1.699304 seconds (31.81 k allocations: 40.127 MiB)
7462
  1.705913 seconds (23.82 k allocations: 30.053 MiB)
5963
  2.438081 seconds (55.62 k allocations: 70.180 MiB)
1456
  2.104326 seconds (47.55 k allocations: 60.022 MiB)
4445
  1.707121 seconds (23.82 k allocations: 30.053 MiB)
7463
  2.655839 seconds (18.97 k allocations: 23.880 MiB, 2.33% gc time)  2.370562 seconds (11.07 k allocations: 13.895 MiB, 2.61% gc time)

  3.325198 seconds (34.70 k allocations: 43.771 MiB, 1.86% gc time)
  2.273735 seconds (4.45 k allocations: 7.106 MiB, 2.72% gc time)
  3.570200 seconds (44.21 k allocations: 57.277 MiB, 1.73% gc time)
5964
1457
8951
4446
2953
  1.708703 seconds (9.16 k allocations: 11.847 MiB)
1458
  1.802897 seconds (29.08 k allocations: 36.570 MiB)
7464
  2.527718 seconds (36.69 k allocations: 46.253 MiB)
5965
  2.523667 seconds (28.21 k allocations: 34.600 MiB)
4447
  2.567473 seconds (31.73 k allocations: 40.043 MiB)
2954
  3.035977 seconds (47.32 k allocations: 59.153 MiB)
8952
  1.701119 seconds (31.73 k allocations: 40.043 MiB)
7465
  2.082601 seconds (47.71 k allocations: 60.190 MiB)
1459
  1.711945 seconds (35.15 k allocations: 44.761 MiB)
5966
  1.901033 seconds (31.89 k allocations: 40.211 MiB)
2955
  2.086364 seconds (31.97 k allocations: 40.295 MiB)
8953
  1.708350 seconds (31.97 k allocations: 40.295 MiB)
7466
  3.010151 seconds (63.86 k allocations: 80.506 MiB)
4448
  2.032836 seconds (39.88 k allocations: 50.285 MiB)
1460
  1.712086 seconds (39.80 k allocations: 50.201 MiB)
5967
  1.699693 seconds (23.73 k allocations: 29.969 MiB)
7467
  2.988048 seconds (38.16 k allocations: 47.304 MiB, 2.27% gc time)
  2.576557 seconds (22.35 k allocations: 27.333 MiB, 2.64% gc time)
  2.164966 seconds (7.94 k allocations: 10.092 MiB, 3.14% gc time)
  3.610715 seconds (47.84 k allocations: 60.436 MiB, 1.88% gc time)
  2.232812 seconds (17.20 k allocations: 22.762 MiB, 3.04% gc time)
8954
4449
5968
2956
1461
  1.741190 seconds (37.66 k allocations: 44.742 MiB)
7468
  2.004681 seconds (7.99 k allocations: 10.074 MiB)
2957
  2.097290 seconds (31.04 k allocations: 38.055 MiB)
4450
  2.132431 seconds (38.95 k allocations: 48.045 MiB)
5969
  2.712095 seconds (34.22 k allocations: 43.810 MiB)
  2.759427 seconds (53.77 k allocations: 66.950 MiB)
1462
8955
  1.689007 seconds (39.56 k allocations: 49.949 MiB)
7469
  1.705476 seconds (23.73 k allocations: 29.969 MiB)
5970
  2.032868 seconds (47.47 k allocations: 59.938 MiB)
2958
  2.010036 seconds (47.55 k allocations: 60.022 MiB)
4451
  1.692205 seconds (23.82 k allocations: 30.053 MiB)
7470
  2.357487 seconds (37.34 k allocations: 46.467 MiB)
  2.380472 seconds (47.63 k allocations: 60.106 MiB)
8956
1463
  1.703771 seconds (39.72 k allocations: 50.117 MiB)
5971
  2.198610 seconds (39.64 k allocations: 50.033 MiB)
2959
  2.179055 seconds (38.42 k allocations: 47.569 MiB)
4452
  1.695528 seconds (39.26 k allocations: 48.997 MiB)
7471
  1.704359 seconds (23.82 k allocations: 30.053 MiB)
5972
  3.511460 seconds (42.29 k allocations: 52.798 MiB, 2.64% gc time)
  2.313353 seconds (18.64 k allocations: 22.884 MiB, 4.01% gc time)
  3.499032 seconds (34.81 k allocations: 43.872 MiB, 2.65% gc time)
  1.821749 seconds (4.99 k allocations: 7.639 MiB, 5.09% gc time)
  2.290646 seconds (13.02 k allocations: 17.819 MiB, 4.04% gc time)
8957
2960
1464
4453
7472
  1.694595 seconds (35.08 k allocations: 42.006 MiB)
5973
  1.729195 seconds (21.93 k allocations: 26.786 MiB)
2961
  1.795830 seconds (29.73 k allocations: 36.664 MiB)
8958
  2.878097 seconds (23.90 k allocations: 30.138 MiB)
4454
  1.691199 seconds (23.82 k allocations: 30.053 MiB)
5974
  3.413427 seconds (39.80 k allocations: 50.201 MiB)
1465
  3.978388 seconds (48.88 k allocations: 62.609 MiB)
7473
  2.538308 seconds (39.80 k allocations: 50.201 MiB)
2962
  2.930302 seconds (39.72 k allocations: 50.117 MiB)
8959
  1.699307 seconds (31.81 k allocations: 40.127 MiB)
5975
  2.622322 seconds (47.79 k allocations: 60.274 MiB)
4455
  2.321101 seconds (39.72 k allocations: 50.117 MiB)
1466
  2.027273 seconds (31.89 k allocations: 40.211 MiB)
2963
  2.468965 seconds (47.71 k allocations: 60.190 MiB)
7474
  1.693329 seconds (31.73 k allocations: 40.043 MiB)
5976
  3.082227 seconds (30.26 k allocations: 37.320 MiB, 1.68% gc time)
  3.885237 seconds (46.15 k allocations: 57.365 MiB, 1.33% gc time)
  2.139271 seconds (8.11 k allocations: 10.281 MiB, 2.42% gc time)
  2.283677 seconds (16.26 k allocations: 20.563 MiB, 2.26% gc time)
  2.830746 seconds (25.27 k allocations: 34.050 MiB, 1.83% gc time)
8960
4456
7475
2964
1467
  1.693725 seconds (37.08 k allocations: 44.146 MiB)
5977
  1.750604 seconds (7.99 k allocations: 10.074 MiB)
  1.788934 seconds (23.52 k allocations: 29.103 MiB)
1468
7476
  1.866882 seconds (41.08 k allocations: 51.431 MiB)
8961
  2.349698 seconds (31.89 k allocations: 40.211 MiB)
2965
  2.513858 seconds (55.02 k allocations: 68.276 MiB)
4457
  1.692718 seconds (39.80 k allocations: 50.201 MiB)
5978
  1.691977 seconds (33.31 k allocations: 42.877 MiB)
1469
  1.709913 seconds (39.64 k allocations: 50.033 MiB)
7477
  1.694545 seconds (39.64 k allocations: 50.033 MiB)
8962
  1.701091 seconds (39.64 k allocations: 50.033 MiB)
2966
  1.703252 seconds (39.72 k allocations: 50.117 MiB)
4458
  1.693692 seconds (39.72 k allocations: 50.117 MiB)
5979
  1.689295 seconds (39.80 k allocations: 50.201 MiB)
1470
  1.701733 seconds (39.88 k allocations: 50.285 MiB)
7478
  1.692858 seconds (39.80 k allocations: 50.201 MiB)
8963
  1.702571 seconds (39.72 k allocations: 50.117 MiB)
2967
  1.695835 seconds (39.80 k allocations: 50.201 MiB)
4459
  1.698454 seconds (39.80 k allocations: 50.201 MiB)
5980
  1.692713 seconds (39.72 k allocations: 50.117 MiB)
1471
  2.691434 seconds (18.84 k allocations: 23.728 MiB, 2.56% gc time)
  3.278243 seconds (34.62 k allocations: 43.693 MiB, 2.10% gc time)
  3.230863 seconds (26.74 k allocations: 33.728 MiB, 2.13% gc time)
  2.571686 seconds (13.01 k allocations: 17.822 MiB, 2.67% gc time)
  1.708492 seconds (5.15 k allocations: 7.863 MiB, 4.03% gc time)
8964
7479
2968
4460
5981
  1.693465 seconds (33.64 k allocations: 40.540 MiB)
1472
  1.782991 seconds (23.41 k allocations: 29.579 MiB)
7480
  2.537281 seconds (15.90 k allocations: 20.064 MiB)
4461
  3.026804 seconds (34.10 k allocations: 43.048 MiB)
2969
  3.239618 seconds (47.54 k allocations: 59.943 MiB)
8965
  3.442512 seconds (39.80 k allocations: 50.201 MiB)
  1.704459 seconds (24.28 k allocations: 31.173 MiB)
5982
7481
  2.028350 seconds (31.89 k allocations: 40.211 MiB)
4462
  3.386471 seconds (55.70 k allocations: 70.264 MiB)
1473
  1.701336 seconds (15.90 k allocations: 20.064 MiB)
7482
  2.468979 seconds (47.79 k allocations: 60.274 MiB)
2970
  2.822623 seconds (47.71 k allocations: 60.190 MiB)
8966
  3.381432 seconds (39.80 k allocations: 50.201 MiB)
5983
  1.699076 seconds (23.82 k allocations: 30.053 MiB)
7483
  3.733707 seconds (34.62 k allocations: 43.690 MiB, 2.15% gc time)
  4.201190 seconds (42.69 k allocations: 53.836 MiB, 1.91% gc time)
  3.285077 seconds (18.84 k allocations: 23.734 MiB, 2.44% gc time)
  2.738855 seconds (10.93 k allocations: 13.706 MiB, 2.93% gc time)
  1.914511 seconds (5.02 k allocations: 8.037 MiB, 4.19% gc time)
2971
1474
8967
4463
5984
  1.700457 seconds (35.29 k allocations: 42.209 MiB)
7484
  1.727111 seconds (14.80 k allocations: 19.458 MiB)
  1.735768 seconds (14.18 k allocations: 19.474 MiB)
2972
8968
  1.778392 seconds (30.63 k allocations: 39.438 MiB)
1475
  2.589725 seconds (31.73 k allocations: 40.043 MiB)
5985
  2.598181 seconds (39.64 k allocations: 50.033 MiB)
4464
  1.699864 seconds (39.56 k allocations: 49.949 MiB)
7485
  1.708265 seconds (31.64 k allocations: 39.959 MiB)
8969
  2.136468 seconds (47.17 k allocations: 58.986 MiB)
2973
  1.695671 seconds (31.81 k allocations: 40.127 MiB)
5986
  2.732356 seconds (47.63 k allocations: 60.106 MiB)
1476
  2.121372 seconds (39.72 k allocations: 50.117 MiB)
4465
  1.707907 seconds (39.72 k allocations: 50.117 MiB)
7486
  1.801239 seconds (39.64 k allocations: 50.033 MiB)
8970
  1.696325 seconds (39.56 k allocations: 49.949 MiB)
2974
  1.697569 seconds (39.56 k allocations: 49.949 MiB)
5987
  1.707753 seconds (39.56 k allocations: 49.949 MiB)
1477
  1.696219 seconds (39.64 k allocations: 50.033 MiB)
4466
  1.708116 seconds (39.72 k allocations: 50.117 MiB)
7487
  2.915969 seconds (38.26 k allocations: 47.397 MiB, 1.81% gc time)
  2.609213 seconds (30.38 k allocations: 37.431 MiB, 2.02% gc time)
  2.177466 seconds (22.68 k allocations: 27.756 MiB, 2.42% gc time)
  1.719515 seconds (8.30 k allocations: 10.990 MiB, 3.07% gc time)
  1.959106 seconds (16.27 k allocations: 21.052 MiB, 2.69% gc time)
2975
8971
5988
4467
1478
  1.691509 seconds (37.97 k allocations: 45.106 MiB)
7488
  1.776339 seconds (23.21 k allocations: 28.150 MiB)
5989
  2.428142 seconds (16.69 k allocations: 22.096 MiB)
4468
  2.510636 seconds (41.91 k allocations: 53.515 MiB)
2976
  2.556005 seconds (47.11 k allocations: 58.287 MiB)
8972
  2.910116 seconds (39.80 k allocations: 50.201 MiB)
1479
  1.695931 seconds (31.73 k allocations: 40.043 MiB)
5990
  1.760446 seconds (31.73 k allocations: 40.043 MiB)
4469
  1.710663 seconds (28.28 k allocations: 35.305 MiB)
2977
  2.587977 seconds (63.45 k allocations: 80.085 MiB)
7489
  1.891127 seconds (39.56 k allocations: 49.949 MiB)
8973
  2.049066 seconds (39.56 k allocations: 49.949 MiB)
1480
  1.696272 seconds (39.64 k allocations: 50.033 MiB)
5991
  1.699944 seconds (38.99 k allocations: 48.681 MiB)
4470
  1.707446 seconds (39.72 k allocations: 50.117 MiB)
2978
  1.700862 seconds (39.72 k allocations: 50.117 MiB)
7490
  1.696330 seconds (39.80 k allocations: 50.201 MiB)
8974
  1.693800 seconds (39.80 k allocations: 50.201 MiB)
1481
  1.691289 seconds (39.72 k allocations: 50.117 MiB)
5992
  2.550165 seconds (18.80 k allocations: 23.683 MiB, 3.49% gc time)
  2.594162 seconds (26.73 k allocations: 33.717 MiB, 3.43% gc time)
  2.613643 seconds (34.58 k allocations: 43.667 MiB, 3.40% gc time)
  2.380344 seconds (12.27 k allocations: 17.089 MiB, 3.74% gc time)
  1.819944 seconds (4.40 k allocations: 7.109 MiB, 4.89% gc time)
7491
4471
2979
1482
8975
  1.805219 seconds (22.23 k allocations: 28.883 MiB)
5993
  1.805368 seconds (17.42 k allocations: 22.242 MiB)
7492
  2.159998 seconds (30.86 k allocations: 39.037 MiB)
4472
  2.155744 seconds (23.73 k allocations: 29.969 MiB)
8976
  2.803807 seconds (31.65 k allocations: 39.959 MiB)
1483
  3.482821 seconds (43.22 k allocations: 54.909 MiB)
2980
  1.698921 seconds (32.68 k allocations: 42.235 MiB)
5994
  1.708515 seconds (39.64 k allocations: 50.032 MiB)
7493
  1.722478 seconds (39.64 k allocations: 50.033 MiB)
4473
  2.006227 seconds (39.64 k allocations: 50.033 MiB)
8977
  2.207724 seconds (39.64 k allocations: 50.033 MiB)
1484
  1.701877 seconds (31.44 k allocations: 39.190 MiB)
5995
  1.709324 seconds (31.73 k allocations: 40.043 MiB)
7494
  1.842431 seconds (31.73 k allocations: 40.043 MiB)
4474
  2.823449 seconds (63.19 k allocations: 79.491 MiB)
  2.109605 seconds (32.11 k allocations: 41.079 MiB)
2981
8978
  1.703848 seconds (31.73 k allocations: 40.043 MiB)
5996
  3.341067 seconds (30.24 k allocations: 37.305 MiB, 2.12% gc time)
  3.524504 seconds (46.14 k allocations: 57.346 MiB, 2.01% gc time)
  2.815361 seconds (22.51 k allocations: 27.496 MiB, 2.52% gc time)
  2.229775 seconds (6.69 k allocations: 7.536 MiB, 3.18% gc time)
  2.243105 seconds (15.98 k allocations: 20.367 MiB, 3.16% gc time)
1485
8979
7495
4475
2982
  1.696563 seconds (37.76 k allocations: 44.835 MiB)
5997
  1.722906 seconds (16.07 k allocations: 20.761 MiB)
  1.730915 seconds (17.98 k allocations: 24.628 MiB)
8980
1486
  1.792219 seconds (30.59 k allocations: 39.416 MiB)
7496
  2.600870 seconds (33.05 k allocations: 42.620 MiB)
  2.595202 seconds (32.03 k allocations: 40.995 MiB)
4476
2983
  1.698798 seconds (39.56 k allocations: 49.949 MiB)
5998
  1.701933 seconds (23.73 k allocations: 29.969 MiB)
7497
  2.118516 seconds (39.56 k allocations: 49.949 MiB)
  2.141107 seconds (47.47 k allocations: 59.938 MiB)
1487
8981
  2.303014 seconds (31.81 k allocations: 40.127 MiB)
  2.329726 seconds (39.72 k allocations: 50.117 MiB)
2984
4477
  1.700148 seconds (39.80 k allocations: 50.201 MiB)
5999
  1.701659 seconds (39.80 k allocations: 50.201 MiB)
7498
  2.220261 seconds (39.42 k allocations: 49.165 MiB)
  2.216663 seconds (32.19 k allocations: 41.163 MiB)
1488
8982
  1.698892 seconds (23.82 k allocations: 30.053 MiB)
6000
  1.704504 seconds (23.73 k allocations: 29.969 MiB)
7499
  3.618865 seconds (42.51 k allocations: 53.668 MiB, 2.39% gc time)
  3.630889 seconds (50.10 k allocations: 62.653 MiB, 2.39% gc time)
  2.466433 seconds (20.03 k allocations: 25.603 MiB, 3.51% gc time)
  2.453917 seconds (12.53 k allocations: 16.674 MiB, 3.53% gc time)
  1.778024 seconds (6.30 k allocations: 9.703 MiB, 4.87% gc time)
4478
2985
1489
8983
6001
  1.693457 seconds (35.09 k allocations: 42.060 MiB)
7500
  3.445975 seconds (29.78 k allocations: 37.296 MiB)
  3.397530 seconds (8.29 k allocations: 11.026 MiB)
4479
6002
  3.698411 seconds (40.29 k allocations: 50.628 MiB)
1490
  3.951621 seconds (31.73 k allocations: 40.043 MiB)
8984
  4.054593 seconds (54.86 k allocations: 68.108 MiB)
2986
  3.386986 seconds (39.72 k allocations: 50.117 MiB)
7501
  3.470213 seconds (31.81 k allocations: 40.127 MiB)
6003
  3.497104 seconds (37.70 k allocations: 46.833 MiB)
4480
  3.372368 seconds (39.80 k allocations: 50.201 MiB)
1491
  3.385220 seconds (39.80 k allocations: 50.201 MiB)
8985
  3.382605 seconds (39.80 k allocations: 50.201 MiB)
2987
  3.380466 seconds (39.72 k allocations: 50.117 MiB)
7502
  2.458194 seconds (23.73 k allocations: 29.969 MiB)
1492
  2.636667 seconds (44.99 k allocations: 56.717 MiB)
6004
  2.771710 seconds (31.73 k allocations: 40.043 MiB)
8986
  3.300880 seconds (55.54 k allocations: 70.096 MiB)
4481
  3.386737 seconds (39.72 k allocations: 50.117 MiB)
2988
  1.715135 seconds (23.90 k allocations: 30.137 MiB)
6005
  3.479640 seconds (34.67 k allocations: 43.752 MiB, 4.12% gc time)
  4.530497 seconds (42.62 k allocations: 53.764 MiB, 3.17% gc time)
  2.871059 seconds (20.46 k allocations: 26.699 MiB, 5.00% gc time)
  2.788217 seconds (12.49 k allocations: 16.640 MiB, 5.14% gc time)
  2.188884 seconds (5.85 k allocations: 9.067 MiB, 6.55% gc time)
1493
7503
8987
2989
4482
  1.721675 seconds (13.27 k allocations: 17.253 MiB)
1494
  1.722882 seconds (12.18 k allocations: 15.572 MiB)
2990
  1.771275 seconds (48.10 k allocations: 59.545 MiB)
6006
  1.777283 seconds (35.52 k allocations: 44.479 MiB)
8988
  1.961304 seconds (41.84 k allocations: 52.855 MiB)
7504
  2.049755 seconds (39.88 k allocations: 50.285 MiB)
4483
  1.690986 seconds (39.88 k allocations: 50.285 MiB)
1495
  1.694588 seconds (39.73 k allocations: 49.889 MiB)
2991
  1.700890 seconds (39.80 k allocations: 50.201 MiB)
6007
  1.697427 seconds (39.72 k allocations: 50.117 MiB)
8989
  1.703407 seconds (39.64 k allocations: 50.033 MiB)
7505
  1.709767 seconds (39.64 k allocations: 50.033 MiB)
4484
  1.695050 seconds (39.56 k allocations: 49.949 MiB)
1496
  1.698611 seconds (39.26 k allocations: 48.997 MiB)
2992
  1.699820 seconds (31.73 k allocations: 40.043 MiB)
  1.717743 seconds (40.02 k allocations: 51.068 MiB)
8990
6008
  1.713671 seconds (39.64 k allocations: 50.033 MiB)
7506
  1.704912 seconds (39.72 k allocations: 50.117 MiB)
4485
  1.696954 seconds (39.64 k allocations: 50.033 MiB)
1497
  2.074106 seconds (34.54 k allocations: 43.606 MiB, 2.72% gc time)
  2.057215 seconds (18.76 k allocations: 23.661 MiB, 2.74% gc time)
  1.735245 seconds (3.14 k allocations: 4.062 MiB, 3.25% gc time)
  2.055826 seconds (18.99 k allocations: 24.032 MiB, 2.75% gc time)
  1.846138 seconds (11.10 k allocations: 14.099 MiB, 3.06% gc time)
8991
2993
4486
7507
6009
  1.688227 seconds (35.91 k allocations: 42.914 MiB)
1498
  1.728811 seconds (9.37 k allocations: 13.923 MiB)
4487
  1.741337 seconds (16.11 k allocations: 21.495 MiB)
7508
  1.785898 seconds (24.82 k allocations: 32.305 MiB)
8992
  1.787886 seconds (25.78 k allocations: 33.992 MiB)
2994
  1.799618 seconds (39.72 k allocations: 50.117 MiB)
6010
  1.689319 seconds (39.72 k allocations: 50.117 MiB)
1499
  1.703540 seconds (39.72 k allocations: 50.117 MiB)
4488
  1.710088 seconds (39.72 k allocations: 50.117 MiB)
7509
  1.690616 seconds (33.80 k allocations: 43.378 MiB)
8993
  1.694535 seconds (38.92 k allocations: 48.076 MiB)
2995
  1.701923 seconds (39.72 k allocations: 50.117 MiB)
6011
  1.689675 seconds (39.80 k allocations: 50.201 MiB)
1500
  1.699126 seconds (39.80 k allocations: 50.201 MiB)
4489
  1.703140 seconds (39.80 k allocations: 50.201 MiB)
7510
  1.692640 seconds (38.47 k allocations: 48.149 MiB)
8994
  1.695527 seconds (39.80 k allocations: 50.201 MiB)
2996
  1.702078 seconds (39.72 k allocations: 50.117 MiB)
6012
  1.692583 seconds (39.72 k allocations: 50.117 MiB)
1501
  1.889634 seconds (38.24 k allocations: 47.391 MiB, 5.15% gc time)
  1.854338 seconds (22.28 k allocations: 27.259 MiB, 5.24% gc time)
  1.843361 seconds (14.54 k allocations: 17.455 MiB, 5.28% gc time)
  1.864007 seconds (30.02 k allocations: 36.427 MiB, 5.22% gc time)
  1.802605 seconds (6.72 k allocations: 7.580 MiB, 5.40% gc time)
8995
2997
6013
4490
7511
  1.688646 seconds (37.15 k allocations: 44.216 MiB)
1502
  1.726830 seconds (9.62 k allocations: 14.185 MiB)
8996
  1.733259 seconds (15.82 k allocations: 19.980 MiB)
2998
  1.741068 seconds (21.54 k allocations: 27.727 MiB)
  1.740340 seconds (23.81 k allocations: 29.465 MiB)
6014
4491
  1.742682 seconds (30.19 k allocations: 37.959 MiB)
7512
  1.690740 seconds (31.34 k allocations: 39.007 MiB)
8997
  1.694174 seconds (28.60 k allocations: 35.456 MiB)
2999
  1.701953 seconds (18.90 k allocations: 24.346 MiB)
  1.704939 seconds (20.36 k allocations: 26.471 MiB)
6015
  1.700509 seconds (18.46 k allocations: 24.022 MiB)
4492
7513
  1.792560 seconds (79.27 k allocations: 100.064 MiB)
1503
  1.693356 seconds (39.72 k allocations: 50.117 MiB)
8998
  1.705220 seconds (39.72 k allocations: 50.117 MiB)
3000
  1.697286 seconds (23.98 k allocations: 30.222 MiB)
4493
  1.692619 seconds (21.98 k allocations: 26.961 MiB)
  1.710917 seconds (32.32 k allocations: 42.515 MiB)
1504
  1.714239 seconds (37.07 k allocations: 46.847 MiB)
6016
7514
  1.696858 seconds (39.80 k allocations: 50.201 MiB)
8999
  1.797248 seconds (34.42 k allocations: 42.847 MiB, 3.28% gc time)
  1.773711 seconds (11.57 k allocations: 14.935 MiB, 3.33% gc time)
  1.782779 seconds (24.59 k allocations: 30.170 MiB, 3.31% gc time)
  1.768603 seconds (3.19 k allocations: 3.932 MiB, 3.33% gc time)
  1.766406 seconds (3.30 k allocations: 4.118 MiB, 3.34% gc time)
3001
1505
6017
4494
7515
  1.692698 seconds (35.60 k allocations: 42.526 MiB)
9000
  1.725654 seconds (19.74 k allocations: 24.506 MiB)
  1.733381 seconds (20.12 k allocations: 25.542 MiB)
  1.728459 seconds (8.76 k allocations: 12.146 MiB)
1506
3002
7516
  2.542851 seconds (31.89 k allocations: 40.211 MiB)
4495
  2.574714 seconds (39.80 k allocations: 50.201 MiB)
6018
  1.696375 seconds (15.90 k allocations: 21.293 MiB)
3003
  1.701868 seconds (20.44 k allocations: 25.379 MiB)
7517
  2.140382 seconds (55.54 k allocations: 70.096 MiB)
9001
  1.695163 seconds (23.73 k allocations: 29.969 MiB)
6019
  2.596319 seconds (47.55 k allocations: 60.022 MiB)
1507
  2.137336 seconds (47.55 k allocations: 60.022 MiB)
4496
  1.715421 seconds (31.73 k allocations: 40.043 MiB)
7518
  1.747716 seconds (44.69 k allocations: 56.411 MiB)
3004
  1.700405 seconds (39.72 k allocations: 50.117 MiB)
9002
  1.697807 seconds (39.72 k allocations: 50.117 MiB)
6020
  1.696670 seconds (39.80 k allocations: 50.201 MiB)
1508
  1.700262 seconds (39.88 k allocations: 50.285 MiB)
4497
  1.705183 seconds (39.88 k allocations: 50.285 MiB)
7519
  2.111999 seconds (10.96 k allocations: 13.773 MiB, 3.26% gc time)  2.962494 seconds (34.91 k allocations: 43.991 MiB, 2.32% gc time)

  2.161295 seconds (18.93 k allocations: 23.844 MiB, 3.18% gc time)
  2.632296 seconds (26.91 k allocations: 33.917 MiB, 2.61% gc time)
  1.740178 seconds (3.08 k allocations: 3.792 MiB, 3.95% gc time)
1509
6021
9003
3005
4498
  1.692716 seconds (15.44 k allocations: 20.633 MiB)
6022
  1.721274 seconds (7.99 k allocations: 10.074 MiB)
4499
  1.765841 seconds (15.91 k allocations: 20.064 MiB)
3006
  1.779054 seconds (23.90 k allocations: 30.137 MiB)
  1.786167 seconds (24.29 k allocations: 31.175 MiB)
9004
1510
  1.805232 seconds (48.46 k allocations: 63.943 MiB)
7520
  1.693160 seconds (39.72 k allocations: 50.117 MiB)
6023
  1.707318 seconds (39.80 k allocations: 50.201 MiB)
4500
  1.689009 seconds (23.43 k allocations: 29.018 MiB)
1511
  1.696333 seconds (26.45 k allocations: 34.667 MiB)
9005
  1.717414 seconds (48.36 k allocations: 60.329 MiB)
3007
  1.704208 seconds (39.88 k allocations: 50.285 MiB)
7521
  1.707109 seconds (39.80 k allocations: 50.201 MiB)
6024
  1.699892 seconds (39.80 k allocations: 50.201 MiB)
4501
  1.692314 seconds (33.26 k allocations: 42.194 MiB)
1512
  1.696226 seconds (34.10 k allocations: 42.451 MiB)
9006
  1.723384 seconds (39.63 k allocations: 50.032 MiB)
3008
  1.713888 seconds (33.18 k allocations: 42.222 MiB)
7522
  1.700425 seconds (39.72 k allocations: 50.117 MiB)
6025
  1.900479 seconds (34.60 k allocations: 43.667 MiB, 5.15% gc time)
  1.860437 seconds (25.21 k allocations: 31.461 MiB, 5.26% gc time)
  1.851288 seconds (18.74 k allocations: 23.609 MiB, 5.28% gc time)
  1.816098 seconds (4.75 k allocations: 6.692 MiB, 5.39% gc time)
  1.812560 seconds (4.34 k allocations: 7.374 MiB, 5.40% gc time)
3009
1513
9007
4502
7523
  1.697775 seconds (13.51 k allocations: 19.951 MiB)
6026
  1.726586 seconds (14.81 k allocations: 19.469 MiB)
  1.733052 seconds (15.56 k allocations: 20.880 MiB)
9008
  1.745959 seconds (23.75 k allocations: 31.152 MiB)
1514
3010
  2.565998 seconds (31.81 k allocations: 40.127 MiB)
7524
  2.584917 seconds (32.94 k allocations: 43.205 MiB)
4503
  1.695355 seconds (39.72 k allocations: 50.117 MiB)
6027
  1.706912 seconds (23.73 k allocations: 29.969 MiB)
3011
  2.119320 seconds (47.23 k allocations: 58.924 MiB)
9009
  1.694134 seconds (31.34 k allocations: 39.007 MiB)
7525
  2.094368 seconds (31.73 k allocations: 40.043 MiB)
4504
  3.382400 seconds (58.44 k allocations: 74.272 MiB)
1515
  1.703617 seconds (31.64 k allocations: 39.959 MiB)
3012
  1.923364 seconds (47.55 k allocations: 60.022 MiB)
6028
  2.114582 seconds (39.64 k allocations: 50.033 MiB)
9010
  1.691802 seconds (39.64 k allocations: 50.033 MiB)
7526
  1.998884 seconds (39.64 k allocations: 50.033 MiB)
4505
  1.699822 seconds (31.73 k allocations: 40.043 MiB)
3013
  3.273885 seconds (42.53 k allocations: 53.680 MiB, 1.00% gc time)
  3.055499 seconds (26.74 k allocations: 33.714 MiB, 1.07% gc time)
  2.429811 seconds (18.91 k allocations: 23.839 MiB, 1.34% gc time)
  2.409324 seconds (11.07 k allocations: 13.937 MiB, 1.35% gc time)
  1.679326 seconds (5.24 k allocations: 8.654 MiB, 1.94% gc time)
7527
6029
1516
9011
4506
  1.691361 seconds (14.34 k allocations: 18.314 MiB)
6030
  1.712116 seconds (16.47 k allocations: 22.391 MiB)
7528
  1.784495 seconds (32.26 k allocations: 41.647 MiB)
3014
  1.786056 seconds (23.74 k allocations: 29.970 MiB)
  1.784119 seconds (24.12 k allocations: 31.005 MiB)
1517
9012
  1.810126 seconds (39.56 k allocations: 49.949 MiB)
4507
  1.692650 seconds (39.56 k allocations: 49.949 MiB)
6031
  1.693261 seconds (39.56 k allocations: 49.949 MiB)
7529
  1.701362 seconds (39.56 k allocations: 49.949 MiB)
  1.689721 seconds (24.22 k allocations: 32.327 MiB)
3015
1518
  1.696049 seconds (36.96 k allocations: 46.078 MiB)
9013
  1.714190 seconds (39.56 k allocations: 49.949 MiB)
4508
  1.691489 seconds (39.56 k allocations: 49.949 MiB)
6032
  1.693729 seconds (39.56 k allocations: 49.949 MiB)
7530
  1.687517 seconds (27.52 k allocations: 35.049 MiB)
1519
  1.692233 seconds (29.89 k allocations: 36.948 MiB)
  1.703749 seconds (40.56 k allocations: 50.967 MiB)
9014
3016
  1.710223 seconds (39.80 k allocations: 50.201 MiB)
4509
  1.703699 seconds (39.80 k allocations: 50.201 MiB)
6033
  1.852877 seconds (34.77 k allocations: 43.848 MiB, 1.00% gc time)
  1.776771 seconds (26.14 k allocations: 31.818 MiB, 1.04% gc time)
  1.765203 seconds (10.96 k allocations: 13.769 MiB, 1.05% gc time)
  1.765865 seconds (11.10 k allocations: 13.971 MiB, 1.05% gc time)
  1.710935 seconds (3.29 k allocations: 4.192 MiB, 1.08% gc time)
9015
1520
7531
4510
3017
  1.688224 seconds (6.66 k allocations: 10.463 MiB)
  1.703041 seconds (38.10 k allocations: 45.888 MiB)
1521
  1.691996 seconds (9.05 k allocations: 11.794 MiB)
6034
7532
  1.707152 seconds (28.09 k allocations: 35.635 MiB)
4511
  1.722393 seconds (36.92 k allocations: 46.551 MiB)
9016
  1.722732 seconds (39.64 k allocations: 50.033 MiB)
3018
  1.694765 seconds (30.87 k allocations: 39.700 MiB)
1522
  1.696185 seconds (28.17 k allocations: 35.191 MiB)
7533
  1.704965 seconds (31.89 k allocations: 40.211 MiB)
4512
  1.726012 seconds (42.59 k allocations: 54.960 MiB)
  1.695677 seconds (26.92 k allocations: 34.003 MiB)
9017
6035
  1.704312 seconds (39.64 k allocations: 50.033 MiB)
3019
  1.695304 seconds (36.65 k allocations: 46.290 MiB)
1523
  1.698433 seconds (37.29 k allocations: 46.407 MiB)
7534
  1.698751 seconds (32.49 k allocations: 41.336 MiB)
4513
  1.701614 seconds (29.63 k allocations: 36.676 MiB)
9018
  1.710137 seconds (38.54 k allocations: 47.687 MiB)
6036
  1.704631 seconds (39.80 k allocations: 50.201 MiB)
3020
  1.689907 seconds (38.01 k allocations: 47.678 MiB)
1524
  1.806123 seconds (24.54 k allocations: 30.799 MiB, 3.86% gc time)
  1.825340 seconds (34.89 k allocations: 43.965 MiB, 3.82% gc time)
  1.797534 seconds (17.95 k allocations: 22.121 MiB, 3.88% gc time)
  1.787857 seconds (11.17 k allocations: 13.984 MiB, 3.90% gc time)
  1.773137 seconds (3.36 k allocations: 4.192 MiB, 3.93% gc time)
9019
7535
3021
6037
4514
  1.690421 seconds (35.51 k allocations: 42.508 MiB)
1525
  1.721701 seconds (8.67 k allocations: 11.984 MiB)
6038
  1.726270 seconds (11.56 k allocations: 14.412 MiB)
9020
  1.731790 seconds (22.00 k allocations: 26.985 MiB)
7536
  1.734579 seconds (25.19 k allocations: 32.163 MiB)
3022
  1.740402 seconds (39.88 k allocations: 50.285 MiB)
4515
  1.691508 seconds (39.80 k allocations: 50.201 MiB)
1526
  1.692767 seconds (29.45 k allocations: 36.376 MiB)
9021
  1.713542 seconds (40.72 k allocations: 51.794 MiB)
6039
  1.709722 seconds (29.39 k allocations: 37.660 MiB)
  1.708329 seconds (29.66 k allocations: 36.709 MiB)
7537
3023
  1.702418 seconds (33.08 k allocations: 40.899 MiB)
4516
  1.693136 seconds (39.64 k allocations: 50.033 MiB)
1527
  1.693322 seconds (39.64 k allocations: 50.033 MiB)
9022
  1.692578 seconds (23.96 k allocations: 30.716 MiB)
7538
  1.706588 seconds (36.18 k allocations: 45.814 MiB)
  1.695560 seconds (23.27 k allocations: 28.917 MiB)
6040
  1.704041 seconds (27.45 k allocations: 36.347 MiB)
4517
3024
  1.688578 seconds (39.64 k allocations: 50.033 MiB)
1528
  1.811516 seconds (38.15 k allocations: 47.298 MiB, 4.12% gc time)
  1.789120 seconds (28.95 k allocations: 34.624 MiB, 4.17% gc time)
  1.777885 seconds (8.36 k allocations: 10.447 MiB, 4.20% gc time)
  1.777709 seconds (8.28 k allocations: 10.399 MiB, 4.20% gc time)
  1.773708 seconds (6.77 k allocations: 7.710 MiB, 4.21% gc time)
9023
7539
6041
3025
4518
  1.689807 seconds (37.40 k allocations: 44.486 MiB)
1529
  1.723568 seconds (7.92 k allocations: 9.990 MiB)
4519
  1.734115 seconds (14.79 k allocations: 17.705 MiB)
9024
  1.737313 seconds (17.34 k allocations: 22.224 MiB)
3026
  1.744097 seconds (27.98 k allocations: 35.000 MiB)
7540
  1.754898 seconds (39.63 k allocations: 48.798 MiB)
6042
  1.690114 seconds (39.80 k allocations: 50.201 MiB)
1530
  1.702498 seconds (39.50 k allocations: 49.249 MiB)
  1.693260 seconds (25.42 k allocations: 32.917 MiB)
4520
9025
  1.693963 seconds (30.63 k allocations: 37.060 MiB)
  1.703366 seconds (38.83 k allocations: 49.153 MiB)
7541
3027
  1.704156 seconds (39.72 k allocations: 50.117 MiB)
6043
  1.690873 seconds (39.64 k allocations: 50.033 MiB)
1531
  1.695978 seconds (31.73 k allocations: 40.678 MiB)
  1.693567 seconds (31.07 k allocations: 38.259 MiB)
4521
9026
  1.697984 seconds (32.42 k allocations: 41.979 MiB)
7542
  1.706236 seconds (38.57 k allocations: 47.721 MiB)
3028
  1.705536 seconds (39.64 k allocations: 50.033 MiB)
6044
  1.688869 seconds (39.64 k allocations: 50.033 MiB)
1532
  1.693652 seconds (31.54 k allocations: 39.354 MiB)
  1.696473 seconds (32.19 k allocations: 41.163 MiB)
9027
4522
  3.256902 seconds (27.26 k allocations: 34.274 MiB, 1.59% gc time)
  3.247798 seconds (20.83 k allocations: 26.472 MiB, 1.59% gc time)
  3.233893 seconds (13.02 k allocations: 16.550 MiB, 1.60% gc time)
  1.642341 seconds (5.08 k allocations: 6.547 MiB, 3.15% gc time)
1533
3029
6045
7543
  1.694524 seconds (30.32 k allocations: 37.162 MiB)
9028
  1.714170 seconds (13.25 k allocations: 19.101 MiB)
1534
  1.798017 seconds (21.40 k allocations: 29.325 MiB)
  1.789845 seconds (16.37 k allocations: 21.184 MiB)
4523
  1.796116 seconds (18.09 k allocations: 24.858 MiB)
7544
3030
  1.813769 seconds (39.80 k allocations: 50.201 MiB)
6046
  1.696358 seconds (39.72 k allocations: 50.117 MiB)
9029
  1.688933 seconds (39.64 k allocations: 50.033 MiB)
1535
  1.685923 seconds (27.69 k allocations: 36.444 MiB)
4524
  1.694216 seconds (32.48 k allocations: 42.024 MiB)
7545
  1.702409 seconds (36.82 k allocations: 45.935 MiB)
3031
  1.706332 seconds (39.64 k allocations: 50.033 MiB)
6047
  1.695888 seconds (39.64 k allocations: 50.033 MiB)
9030
  1.693947 seconds (39.72 k allocations: 50.117 MiB)
1536
  1.696219 seconds (39.72 k allocations: 50.117 MiB)
4525
  1.694282 seconds (37.05 k allocations: 46.708 MiB)
7546
  1.702613 seconds (39.80 k allocations: 50.201 MiB)
3032
  1.707895 seconds (39.80 k allocations: 50.201 MiB)
6048
  1.696016 seconds (39.80 k allocations: 50.201 MiB)
9031
  1.883052 seconds (38.24 k allocations: 47.392 MiB, 2.29% gc time)
  1.808439 seconds (30.31 k allocations: 37.358 MiB, 2.38% gc time)
  1.788032 seconds (22.50 k allocations: 27.498 MiB, 2.41% gc time)
  1.764164 seconds (14.66 k allocations: 17.613 MiB, 2.44% gc time)
  1.742931 seconds (6.75 k allocations: 7.644 MiB, 2.47% gc time)
1537
6049
7547
3033
4526
  1.691690 seconds (37.36 k allocations: 44.423 MiB)
9032
  1.726543 seconds (8.23 k allocations: 12.759 MiB)
  1.729170 seconds (8.38 k allocations: 11.110 MiB)
6050
  1.731398 seconds (12.73 k allocations: 16.241 MiB)
  1.732178 seconds (12.97 k allocations: 16.618 MiB)
1538
  1.732053 seconds (15.93 k allocations: 20.859 MiB)
4527
3034
7548
  1.692189 seconds (39.72 k allocations: 50.117 MiB)
9033
  1.688919 seconds (22.73 k allocations: 28.826 MiB)
1539
  1.701525 seconds (21.27 k allocations: 27.987 MiB)
  1.709242 seconds (39.70 k allocations: 49.966 MiB)
  1.698094 seconds (16.75 k allocations: 22.219 MiB)
4528
6051
7549
  1.707780 seconds (32.64 k allocations: 40.456 MiB)
3035
  1.694727 seconds (39.72 k allocations: 50.117 MiB)
9034
  1.689295 seconds (39.72 k allocations: 50.117 MiB)
1540
  1.698242 seconds (24.87 k allocations: 31.706 MiB)
  1.696823 seconds (23.89 k allocations: 30.136 MiB)
4529
  1.702336 seconds (25.45 k allocations: 32.437 MiB)
7550
6052
  1.702159 seconds (38.60 k allocations: 47.754 MiB)
3036
  1.695376 seconds (39.80 k allocations: 50.201 MiB)
9035
  1.690127 seconds (39.88 k allocations: 50.285 MiB)
1541
  3.276508 seconds (20.41 k allocations: 26.587 MiB, 1.47% gc time)
  3.275901 seconds (19.72 k allocations: 25.325 MiB, 1.47% gc time)
  3.272061 seconds (17.86 k allocations: 22.026 MiB, 1.47% gc time)
  1.641192 seconds (3.38 k allocations: 4.176 MiB, 2.93% gc time)
  3.264286 seconds (11.35 k allocations: 14.223 MiB, 1.47% gc time)
9036
7551
6053
3037
4530
  1.687237 seconds (35.42 k allocations: 42.416 MiB)
1542
  1.713581 seconds (14.63 k allocations: 20.514 MiB)
9037
  1.796883 seconds (16.95 k allocations: 22.356 MiB)
7552
  1.795139 seconds (16.78 k allocations: 21.647 MiB)
4531
  1.798433 seconds (26.87 k allocations: 32.644 MiB)
3038
  1.806816 seconds (34.35 k allocations: 44.639 MiB)
6054
  1.688036 seconds (39.72 k allocations: 50.117 MiB)
1543
  1.690435 seconds (39.72 k allocations: 50.117 MiB)
9038
  1.696073 seconds (30.38 k allocations: 39.194 MiB)
7553
  1.701862 seconds (33.13 k allocations: 40.833 MiB)
4532
  1.699483 seconds (26.38 k allocations: 34.594 MiB)
3039
  1.702323 seconds (35.86 k allocations: 44.965 MiB)
6055
  1.690071 seconds (39.72 k allocations: 50.117 MiB)
1544
  1.691848 seconds (39.72 k allocations: 50.117 MiB)
9039
  1.694642 seconds (25.71 k allocations: 32.566 MiB)
4533
  1.706447 seconds (38.67 k allocations: 48.401 MiB)
7554
  1.722597 seconds (37.94 k allocations: 47.614 MiB)
  1.717801 seconds (32.11 k allocations: 41.079 MiB)
3040
6056
  1.688830 seconds (39.56 k allocations: 49.949 MiB)
1545
  1.889044 seconds (38.17 k allocations: 47.320 MiB, 1.31% gc time)
  1.787695 seconds (26.30 k allocations: 32.568 MiB, 1.38% gc time)
  1.753750 seconds (7.48 k allocations: 9.581 MiB, 1.41% gc time)
  1.781118 seconds (22.56 k allocations: 27.570 MiB, 1.39% gc time)
  1.751085 seconds (8.88 k allocations: 12.051 MiB, 1.41% gc time)
3041
9040
4534
6057
7555
  1.688980 seconds (37.85 k allocations: 44.991 MiB)
1546
  1.729400 seconds (23.86 k allocations: 30.036 MiB)
3042
  1.712532 seconds (10.04 k allocations: 14.072 MiB)
6058
  1.734563 seconds (32.25 k allocations: 38.713 MiB)
9041
  2.555049 seconds (32.01 k allocations: 41.549 MiB)
4535
  2.975858 seconds (39.64 k allocations: 50.033 MiB)
7556
  1.714315 seconds (39.64 k allocations: 50.033 MiB)
1547
  1.696122 seconds (31.26 k allocations: 38.923 MiB)
  1.701667 seconds (31.65 k allocations: 39.959 MiB)
6059
3043
  2.319319 seconds (39.64 k allocations: 50.033 MiB)
9042
  1.895005 seconds (31.81 k allocations: 40.127 MiB)
7557
  2.454045 seconds (47.71 k allocations: 60.190 MiB)
4536
  1.699098 seconds (24.80 k allocations: 32.282 MiB)
6060
  1.701420 seconds (26.87 k allocations: 33.865 MiB)
3044
  2.432805 seconds (55.62 k allocations: 70.180 MiB)
1548
  2.167931 seconds (39.64 k allocations: 50.033 MiB)
9043
  1.697167 seconds (19.29 k allocations: 24.741 MiB)
6061
  3.094289 seconds (34.80 k allocations: 43.857 MiB, 2.12% gc time)
  2.985966 seconds (18.91 k allocations: 23.830 MiB, 2.19% gc time)
  2.280389 seconds (11.14 k allocations: 13.942 MiB, 2.87% gc time)
  3.207931 seconds (42.79 k allocations: 53.901 MiB, 2.04% gc time)
  1.876409 seconds (4.84 k allocations: 8.013 MiB, 3.49% gc time)
4537
1549
7558
3045
9044
  1.707727 seconds (18.15 k allocations: 23.457 MiB)
4538
  1.760212 seconds (10.92 k allocations: 14.277 MiB)
7559
  1.801452 seconds (31.45 k allocations: 40.863 MiB)
6062
  1.801600 seconds (26.35 k allocations: 32.639 MiB)
3046
  1.815188 seconds (31.81 k allocations: 40.127 MiB)
1550
  1.902945 seconds (39.80 k allocations: 50.201 MiB)
9045
  1.708281 seconds (39.88 k allocations: 50.285 MiB)
4539
  1.713781 seconds (39.80 k allocations: 50.201 MiB)
7560
  1.713845 seconds (39.33 k allocations: 49.080 MiB)
6063
  1.689830 seconds (29.12 k allocations: 36.159 MiB)
1551
  1.717743 seconds (42.95 k allocations: 54.103 MiB)
3047
  1.699276 seconds (39.64 k allocations: 50.033 MiB)
9046
  1.700489 seconds (39.72 k allocations: 50.117 MiB)
4540
  1.706692 seconds (39.80 k allocations: 50.201 MiB)
7561
  1.694817 seconds (37.24 k allocations: 46.886 MiB)
6064
  1.689766 seconds (29.34 k allocations: 37.612 MiB)
1552
  1.702091 seconds (39.88 k allocations: 50.285 MiB)
3048
  1.681928 seconds (39.80 k allocations: 50.201 MiB)
9047
  1.698058 seconds (39.72 k allocations: 50.117 MiB)
4541
  1.861492 seconds (34.21 k allocations: 42.632 MiB, 3.25% gc time)
  1.843830 seconds (18.70 k allocations: 23.610 MiB, 3.28% gc time)
  1.849309 seconds (21.11 k allocations: 27.249 MiB, 3.27% gc time)
  1.826355 seconds (10.94 k allocations: 13.771 MiB, 3.31% gc time)
  1.751743 seconds (3.12 k allocations: 3.956 MiB, 3.45% gc time)
1553
9048
6065
7562
3049
  1.697986 seconds (37.81 k allocations: 44.938 MiB)
4542
  1.690581 seconds (21.76 k allocations: 27.791 MiB)
1554
  1.700207 seconds (26.54 k allocations: 34.584 MiB)
9049
  1.698512 seconds (19.75 k allocations: 27.133 MiB)
6066
  1.748567 seconds (31.89 k allocations: 40.211 MiB)
3050
  1.751503 seconds (32.28 k allocations: 41.248 MiB)
7563
  1.687168 seconds (31.51 k allocations: 39.175 MiB)
1555
  1.711104 seconds (46.13 k allocations: 57.354 MiB)
4543
  1.694431 seconds (34.87 k allocations: 44.476 MiB)
9050
  1.691713 seconds (32.93 k allocations: 41.962 MiB)
6067
  1.697125 seconds (31.81 k allocations: 40.127 MiB)
  1.698496 seconds (32.19 k allocations: 41.163 MiB)
3051
7564
  1.689819 seconds (36.97 k allocations: 46.611 MiB)
1556
  1.701609 seconds (39.80 k allocations: 50.201 MiB)
4544
  1.694413 seconds (28.55 k allocations: 36.795 MiB)
9051
  1.700147 seconds (38.17 k allocations: 47.320 MiB)
6068
  1.705527 seconds (31.81 k allocations: 40.127 MiB)
3052
  1.707834 seconds (33.06 k allocations: 42.104 MiB)
7565
  1.688684 seconds (39.72 k allocations: 50.117 MiB)
1557
  1.863293 seconds (30.53 k allocations: 38.825 MiB, 3.29% gc time)
  1.856950 seconds (24.79 k allocations: 31.022 MiB, 3.30% gc time)
  1.848335 seconds (18.95 k allocations: 23.831 MiB, 3.31% gc time)
  1.777118 seconds (4.63 k allocations: 6.635 MiB, 3.45% gc time)
  1.773504 seconds (5.40 k allocations: 8.785 MiB, 3.45% gc time)
3053
6069
4545
9052
7566
  1.686371 seconds (34.48 k allocations: 41.390 MiB)
1558
  1.730365 seconds (15.60 k allocations: 19.111 MiB)
3054
  1.733200 seconds (17.57 k allocations: 21.761 MiB)
  1.731922 seconds (18.11 k allocations: 22.962 MiB)
6070
9053
  2.527981 seconds (31.89 k allocations: 40.211 MiB)
7567
  2.992922 seconds (39.90 k allocations: 51.529 MiB)
4546
  1.713245 seconds (39.80 k allocations: 50.201 MiB)
1559
  1.691627 seconds (24.27 k allocations: 31.734 MiB)
6071
  1.699472 seconds (31.98 k allocations: 41.529 MiB)
3055
  2.319601 seconds (39.72 k allocations: 50.117 MiB)
9054
  2.101668 seconds (39.72 k allocations: 50.117 MiB)
7568
  1.692565 seconds (18.24 k allocations: 23.676 MiB)
  1.699047 seconds (16.29 k allocations: 21.100 MiB)
6072
3056
  2.225797 seconds (55.62 k allocations: 70.180 MiB)
4547
  2.630202 seconds (55.54 k allocations: 70.096 MiB)
1560
  1.968526 seconds (31.81 k allocations: 40.127 MiB)
7569
  1.689393 seconds (23.90 k allocations: 30.137 MiB)
6073
  3.353372 seconds (26.77 k allocations: 33.773 MiB, 1.21% gc time)
  4.440768 seconds (50.70 k allocations: 63.902 MiB, 0.91% gc time)
  3.237517 seconds (18.95 k allocations: 23.842 MiB, 1.25% gc time)
  2.437814 seconds (11.06 k allocations: 13.847 MiB, 1.67% gc time)
  1.836526 seconds (4.77 k allocations: 7.625 MiB, 2.21% gc time)
9055
1561
3057
4548
7570
  1.711148 seconds (11.05 k allocations: 16.174 MiB)
1562
  1.796329 seconds (10.24 k allocations: 14.819 MiB)
3058
  2.531291 seconds (18.28 k allocations: 24.937 MiB)
6074
  2.582809 seconds (23.98 k allocations: 30.222 MiB)
9056
  2.627100 seconds (31.89 k allocations: 40.211 MiB)
4549
  3.458083 seconds (39.80 k allocations: 50.201 MiB)
7571
  1.698541 seconds (31.81 k allocations: 40.127 MiB)
3059
  2.094373 seconds (47.79 k allocations: 60.274 MiB)
1563
  1.732863 seconds (39.72 k allocations: 50.117 MiB)
6075
  1.700274 seconds (31.81 k allocations: 40.127 MiB)
4550
  2.297335 seconds (47.63 k allocations: 60.106 MiB)
9057
  1.701421 seconds (31.64 k allocations: 39.959 MiB)
3060
  1.942715 seconds (31.64 k allocations: 39.959 MiB)
1564
  2.398346 seconds (47.65 k allocations: 61.348 MiB)
7572
  1.713534 seconds (39.64 k allocations: 50.033 MiB)
6076
  2.400602 seconds (39.64 k allocations: 50.033 MiB)
4551
  1.704960 seconds (31.73 k allocations: 40.043 MiB)
3061
  3.062105 seconds (26.62 k allocations: 33.606 MiB, 1.61% gc time)
  2.860610 seconds (10.80 k allocations: 13.606 MiB, 1.73% gc time)
  3.954616 seconds (42.61 k allocations: 53.759 MiB, 1.25% gc time)
  2.946838 seconds (18.86 k allocations: 23.790 MiB, 1.67% gc time)
  2.067368 seconds (4.80 k allocations: 7.989 MiB, 2.39% gc time)
7573
6077
1565
9058
4552
  1.683674 seconds (15.78 k allocations: 21.048 MiB)
6078
  1.710410 seconds (36.49 k allocations: 44.082 MiB)
3062
  1.787195 seconds (23.51 k allocations: 29.102 MiB)
  1.789033 seconds (23.90 k allocations: 30.138 MiB)
9059
7574
  2.536900 seconds (39.87 k allocations: 50.853 MiB)
1566
  2.587069 seconds (39.64 k allocations: 50.033 MiB)
4553
  1.703862 seconds (31.64 k allocations: 39.959 MiB)
3063
  1.701785 seconds (31.26 k allocations: 38.923 MiB)
9060
  2.050448 seconds (31.64 k allocations: 39.959 MiB)
7575
  1.713329 seconds (31.73 k allocations: 40.043 MiB)
1567
  3.386739 seconds (71.06 k allocations: 89.123 MiB)
6079
  1.699728 seconds (31.81 k allocations: 40.127 MiB)
3064
  2.520675 seconds (47.71 k allocations: 60.190 MiB)
4554
  1.677946 seconds (39.80 k allocations: 50.201 MiB)
9061
  1.699729 seconds (39.72 k allocations: 50.117 MiB)
7576
  2.112820 seconds (39.64 k allocations: 50.033 MiB)
1568
  1.700953 seconds (31.73 k allocations: 40.043 MiB)
3065
  3.139491 seconds (30.08 k allocations: 37.141 MiB, 0.52% gc time)
  2.722171 seconds (14.37 k allocations: 17.254 MiB, 0.60% gc time)
  3.202104 seconds (46.16 k allocations: 57.378 MiB, 0.51% gc time)
  3.106667 seconds (22.50 k allocations: 27.550 MiB, 0.53% gc time)
  1.883435 seconds (8.33 k allocations: 11.493 MiB, 0.87% gc time)
4555
9062
7577
6080
1569
  1.714089 seconds (36.53 k allocations: 43.585 MiB)
  1.707856 seconds (19.42 k allocations: 25.350 MiB)
3066
4556
  1.728094 seconds (15.83 k allocations: 19.980 MiB)
1570
  1.785846 seconds (23.82 k allocations: 30.054 MiB)
9063
  1.794651 seconds (31.81 k allocations: 40.127 MiB)
6081
  1.812605 seconds (39.72 k allocations: 50.117 MiB)
7578
  1.703418 seconds (31.81 k allocations: 40.127 MiB)
  1.707037 seconds (32.19 k allocations: 41.163 MiB)
4557
3067
  1.686379 seconds (39.72 k allocations: 50.116 MiB)
1571
  1.693607 seconds (39.72 k allocations: 50.117 MiB)
9064
  1.695520 seconds (39.72 k allocations: 50.117 MiB)
6082
  1.707145 seconds (39.72 k allocations: 50.117 MiB)
7579
  1.691090 seconds (23.82 k allocations: 30.053 MiB)
  1.700318 seconds (31.60 k allocations: 39.603 MiB)
1572
4558
  1.707859 seconds (36.15 k allocations: 45.628 MiB)
3068
  1.699575 seconds (39.64 k allocations: 50.033 MiB)
9065
  1.693575 seconds (35.15 k allocations: 44.229 MiB)
6083
  1.707382 seconds (39.56 k allocations: 49.949 MiB)
7580
  1.688753 seconds (29.95 k allocations: 38.756 MiB)
1573
  1.883462 seconds (29.45 k allocations: 37.734 MiB, 3.17% gc time)
  1.813572 seconds (15.93 k allocations: 20.049 MiB, 3.29% gc time)
  1.878202 seconds (26.74 k allocations: 33.713 MiB, 3.18% gc time)
  1.805825 seconds (11.05 k allocations: 13.852 MiB, 3.30% gc time)
  1.759765 seconds (3.14 k allocations: 3.909 MiB, 3.39% gc time)
9066
3069
6084
7581
4559
  1.690719 seconds (35.84 k allocations: 42.832 MiB)
1574
  1.726188 seconds (14.59 k allocations: 21.695 MiB)
9067
  1.727138 seconds (12.45 k allocations: 15.320 MiB)
6085
  1.737411 seconds (23.90 k allocations: 30.137 MiB)
7582
  1.740066 seconds (24.85 k allocations: 31.806 MiB)
4560
  1.746802 seconds (27.92 k allocations: 35.575 MiB)
3070
  1.692788 seconds (39.88 k allocations: 50.285 MiB)
1575
  1.695065 seconds (36.38 k allocations: 46.006 MiB)
9068
  1.699838 seconds (38.44 k allocations: 46.948 MiB)
6086
  1.704553 seconds (24.08 k allocations: 31.547 MiB)
  1.707996 seconds (27.00 k allocations: 36.398 MiB)
  1.704578 seconds (24.46 k allocations: 31.689 MiB)
4561
3071
7583
  1.687654 seconds (39.88 k allocations: 50.285 MiB)
1576
  1.694082 seconds (39.49 k allocations: 49.248 MiB)
9069
  1.698336 seconds (39.80 k allocations: 50.201 MiB)
6087
  1.698164 seconds (25.89 k allocations: 34.615 MiB)
4562
  1.705681 seconds (31.73 k allocations: 40.043 MiB)
  1.710363 seconds (32.12 k allocations: 41.080 MiB)
7584
3072
  1.691346 seconds (39.64 k allocations: 50.033 MiB)
1577
  1.826432 seconds (38.16 k allocations: 47.308 MiB, 3.76% gc time)
  1.792461 seconds (22.09 k allocations: 26.426 MiB, 3.84% gc time)
  1.811780 seconds (30.34 k allocations: 37.393 MiB, 3.80% gc time)
  1.776852 seconds (6.78 k allocations: 7.736 MiB, 3.87% gc time)
  1.776517 seconds (6.79 k allocations: 7.753 MiB, 3.87% gc time)
9070
6088
7585
4563
3073
  1.687020 seconds (37.46 k allocations: 44.529 MiB)
1578
  1.723314 seconds (7.99 k allocations: 10.074 MiB)
3074
  1.729556 seconds (12.68 k allocations: 15.544 MiB)
  1.732568 seconds (15.39 k allocations: 20.188 MiB)
  1.731381 seconds (14.61 k allocations: 18.162 MiB)
6089
9071
  1.733881 seconds (27.29 k allocations: 33.726 MiB)
4564
7586
  1.689394 seconds (39.72 k allocations: 50.117 MiB)
1579
  1.694219 seconds (21.02 k allocations: 25.816 MiB)
  1.696882 seconds (22.96 k allocations: 28.487 MiB)
9072
6090
  1.710300 seconds (44.59 k allocations: 54.440 MiB)
3075
  1.703344 seconds (30.25 k allocations: 37.324 MiB)
4565
  1.705086 seconds (32.32 k allocations: 41.310 MiB)
7587
  1.690704 seconds (39.72 k allocations: 50.117 MiB)
1580
  1.694122 seconds (29.14 k allocations: 36.699 MiB)
  1.694525 seconds (29.16 k allocations: 37.372 MiB)
9073
6091
  1.696621 seconds (25.86 k allocations: 33.361 MiB)
  1.705604 seconds (37.64 k allocations: 47.025 MiB)
4566
3076
  1.704493 seconds (39.64 k allocations: 50.032 MiB)
7588
  1.688733 seconds (39.64 k allocations: 50.033 MiB)
1581
  1.692816 seconds (31.65 k allocations: 39.959 MiB)
9074
  3.354238 seconds (34.75 k allocations: 43.819 MiB, 1.54% gc time)
  3.334505 seconds (18.89 k allocations: 23.382 MiB, 1.55% gc time)
  3.335410 seconds (19.18 k allocations: 24.082 MiB, 1.55% gc time)
  3.321371 seconds (11.32 k allocations: 14.157 MiB, 1.56% gc time)
  1.725377 seconds (3.48 k allocations: 4.228 MiB, 3.00% gc time)
6092
3077
7589
4567
1582
  1.691938 seconds (27.02 k allocations: 33.684 MiB)
9075
  1.710595 seconds (8.00 k allocations: 10.075 MiB)
1583
  1.795539 seconds (15.99 k allocations: 20.148 MiB)
6093
  1.802103 seconds (21.14 k allocations: 26.108 MiB)
  1.801274 seconds (23.16 k allocations: 28.805 MiB)
3078
4568
  1.804945 seconds (29.10 k allocations: 36.848 MiB)
7590
  1.695369 seconds (39.80 k allocations: 50.201 MiB)
9076
  1.692774 seconds (39.80 k allocations: 50.201 MiB)
1584
  1.690128 seconds (34.22 k allocations: 42.968 MiB)
6094
  1.703299 seconds (26.29 k allocations: 33.796 MiB)
  1.702146 seconds (24.72 k allocations: 32.849 MiB)
4569
  1.699820 seconds (24.48 k allocations: 31.657 MiB)
7591
3079
  1.694675 seconds (39.72 k allocations: 50.117 MiB)
9077
  1.688828 seconds (39.72 k allocations: 50.117 MiB)
1585
  1.694666 seconds (39.64 k allocations: 50.033 MiB)
6095
  1.697157 seconds (24.63 k allocations: 32.111 MiB)
4570
  1.701161 seconds (29.53 k allocations: 36.572 MiB)
7592
  1.703873 seconds (34.65 k allocations: 43.723 MiB)
3080
  1.693442 seconds (39.64 k allocations: 50.033 MiB)
9078
  1.874213 seconds (38.24 k allocations: 47.382 MiB, 2.66% gc time)
  1.787867 seconds (30.31 k allocations: 37.355 MiB, 2.79% gc time)
  1.768218 seconds (19.82 k allocations: 24.034 MiB, 2.82% gc time)
  1.759739 seconds (7.72 k allocations: 9.768 MiB, 2.83% gc time)
  1.756390 seconds (6.78 k allocations: 7.621 MiB, 2.84% gc time)
1586
6096
7593
3081
4571
  1.708966 seconds (35.83 k allocations: 42.717 MiB)
9079
  1.729349 seconds (7.91 k allocations: 9.990 MiB)
1587
  1.735739 seconds (12.53 k allocations: 15.392 MiB)
4572
  1.738366 seconds (18.15 k allocations: 23.047 MiB)
3082
  1.746829 seconds (31.55 k allocations: 38.640 MiB)
7594
  1.749486 seconds (35.19 k allocations: 44.276 MiB)
6097
  1.692612 seconds (39.72 k allocations: 50.117 MiB)
9080
  1.686946 seconds (35.27 k allocations: 44.175 MiB)
1588
  1.702227 seconds (30.08 k allocations: 37.663 MiB)
  1.703668 seconds (31.41 k allocations: 39.353 MiB)
3083
4573
  1.692794 seconds (17.54 k allocations: 23.131 MiB)
6098
  1.702560 seconds (38.69 k allocations: 47.851 MiB)
7595
  1.682134 seconds (39.72 k allocations: 50.117 MiB)
9081
  1.690532 seconds (39.80 k allocations: 50.201 MiB)
1589
  1.696432 seconds (20.71 k allocations: 26.193 MiB)
6099
  1.697231 seconds (20.76 k allocations: 26.871 MiB)
4574
  1.709946 seconds (38.51 k allocations: 46.952 MiB)
3084
  1.706175 seconds (33.77 k allocations: 42.820 MiB)
7596
  1.691350 seconds (39.80 k allocations: 50.201 MiB)
9082
  1.687815 seconds (39.72 k allocations: 50.117 MiB)
1590
  3.360586 seconds (27.55 k allocations: 35.786 MiB, 1.75% gc time)
  3.346404 seconds (10.90 k allocations: 13.714 MiB, 1.76% gc time)
  3.356728 seconds (26.25 k allocations: 32.511 MiB, 1.75% gc time)
  1.725743 seconds (3.14 k allocations: 3.958 MiB, 3.41% gc time)
  3.345586 seconds (11.10 k allocations: 13.997 MiB, 1.76% gc time)
6100
9083
3085
7597
4575
  1.687673 seconds (27.76 k allocations: 34.432 MiB)
1591
  1.716245 seconds (8.02 k allocations: 12.550 MiB)
9084
  1.797008 seconds (15.83 k allocations: 19.980 MiB)
6101
  1.801628 seconds (21.70 k allocations: 26.675 MiB)
  1.801193 seconds (22.38 k allocations: 27.905 MiB)
4576
3086
  1.804665 seconds (30.82 k allocations: 38.594 MiB)
7598
  1.685924 seconds (39.72 k allocations: 50.117 MiB)
1592
  1.693024 seconds (39.72 k allocations: 50.117 MiB)
9085
  1.695331 seconds (32.03 k allocations: 40.642 MiB)
6102
  1.703636 seconds (27.69 k allocations: 35.221 MiB)
4577
  1.704830 seconds (28.50 k allocations: 36.755 MiB)
3087
  1.711227 seconds (39.56 k allocations: 49.949 MiB)
7599
  1.687678 seconds (39.56 k allocations: 49.949 MiB)
1593
  1.695520 seconds (39.64 k allocations: 50.033 MiB)
9086
  1.692106 seconds (39.72 k allocations: 50.117 MiB)
6103
  1.696919 seconds (32.83 k allocations: 42.396 MiB)
4578
  1.702310 seconds (39.72 k allocations: 50.117 MiB)
3088
  1.702748 seconds (39.80 k allocations: 50.201 MiB)
7600
  1.689315 seconds (39.72 k allocations: 50.117 MiB)
1594
  1.872087 seconds (38.17 k allocations: 47.312 MiB, 0.80% gc time)
  1.772928 seconds (22.16 k allocations: 26.523 MiB, 0.84% gc time)
  1.790022 seconds (30.36 k allocations: 37.423 MiB, 0.83% gc time)
  1.763677 seconds (14.65 k allocations: 17.622 MiB, 0.85% gc time)
  1.745690 seconds (8.57 k allocations: 11.894 MiB, 0.86% gc time)
9087
6104
3089
4579
7601
  1.686005 seconds (36.97 k allocations: 44.040 MiB)
1595
  1.700131 seconds (21.17 k allocations: 28.467 MiB)
9088
  1.719375 seconds (22.09 k allocations: 27.593 MiB)
6105
  1.734526 seconds (29.66 k allocations: 37.244 MiB)
3090
  2.520179 seconds (31.89 k allocations: 40.211 MiB)
7602
  3.339727 seconds (39.88 k allocations: 50.285 MiB)
4580
  1.688701 seconds (39.80 k allocations: 50.201 MiB)
1596
  1.694270 seconds (31.81 k allocations: 40.127 MiB)
6106
  1.698398 seconds (31.73 k allocations: 40.043 MiB)
3091
  2.108085 seconds (55.70 k allocations: 70.264 MiB)
9089
  2.005764 seconds (39.72 k allocations: 50.117 MiB)
7603
  1.687017 seconds (31.89 k allocations: 40.211 MiB)
1597
  1.758786 seconds (47.71 k allocations: 60.190 MiB)
4581
  1.691257 seconds (33.07 k allocations: 42.115 MiB)
6107
  1.700187 seconds (39.72 k allocations: 50.117 MiB)
3092
  1.693790 seconds (39.72 k allocations: 50.117 MiB)
9090
  1.716243 seconds (39.64 k allocations: 50.033 MiB)
7604
  1.688621 seconds (39.72 k allocations: 50.117 MiB)
1598
  1.699833 seconds (31.90 k allocations: 41.445 MiB)
  1.699215 seconds (32.27 k allocations: 41.247 MiB)
4582
6108
  2.173551 seconds (15.11 k allocations: 18.722 MiB, 3.41% gc time)
  3.314178 seconds (30.85 k allocations: 38.636 MiB, 2.23% gc time)
  2.938710 seconds (26.32 k allocations: 33.370 MiB, 2.52% gc time)
  1.690394 seconds (12.40 k allocations: 15.966 MiB, 4.38% gc time)
3093
7605
9091
1599
  1.695199 seconds (26.89 k allocations: 32.766 MiB)
6109
  1.730354 seconds (30.68 k allocations: 38.548 MiB)
4583
  1.805480 seconds (31.03 k allocations: 38.054 MiB)
3094
  2.844675 seconds (27.77 k allocations: 35.317 MiB)
9092
  3.047398 seconds (31.89 k allocations: 40.211 MiB)
1600
  3.458573 seconds (55.01 k allocations: 68.275 MiB)
7606
  1.701999 seconds (23.90 k allocations: 30.137 MiB)
3095
  2.035537 seconds (47.79 k allocations: 60.274 MiB)
6110
  1.797683 seconds (31.81 k allocations: 40.127 MiB)
9093
  1.858012 seconds (31.73 k allocations: 40.043 MiB)
1601
  3.323590 seconds (63.61 k allocations: 80.253 MiB)
4584
  1.700928 seconds (31.64 k allocations: 39.959 MiB)
3096
  1.688973 seconds (31.64 k allocations: 39.959 MiB)
6111
  2.292931 seconds (55.46 k allocations: 70.012 MiB)
7607
  1.862496 seconds (39.64 k allocations: 50.033 MiB)
9094
  1.699595 seconds (23.82 k allocations: 30.053 MiB)
3097
  3.503829 seconds (42.51 k allocations: 53.666 MiB, 0.69% gc time)
  3.040013 seconds (18.89 k allocations: 23.834 MiB, 0.79% gc time)
  2.702988 seconds (11.07 k allocations: 14.049 MiB, 0.89% gc time)
  1.902452 seconds (4.31 k allocations: 6.443 MiB, 1.27% gc time)
1602
  3.420836 seconds (37.91 k allocations: 49.473 MiB, 0.71% gc time)
6112
7608
9095
4585
  1.709804 seconds (30.33 k allocations: 37.730 MiB)
3098
  1.789159 seconds (23.13 k allocations: 28.066 MiB)
6113
  2.572703 seconds (15.98 k allocations: 20.148 MiB)
4586
  3.002564 seconds (42.41 k allocations: 54.573 MiB)
1603
  3.390628 seconds (32.09 k allocations: 41.639 MiB)
9096
  3.473514 seconds (55.02 k allocations: 68.276 MiB)
  1.688931 seconds (24.15 k allocations: 30.879 MiB)
6114
7609
  2.328715 seconds (47.71 k allocations: 60.190 MiB)
3099
  1.693084 seconds (15.44 k allocations: 18.944 MiB)
6115
  1.999799 seconds (31.64 k allocations: 39.959 MiB)
9097
  3.414158 seconds (55.54 k allocations: 70.096 MiB)
4587
  2.656226 seconds (31.73 k allocations: 40.043 MiB)
7610
  3.374069 seconds (63.45 k allocations: 80.085 MiB)
1604
  2.739762 seconds (39.72 k allocations: 50.117 MiB)
3100
  1.690891 seconds (39.72 k allocations: 50.117 MiB)
6116
  4.110264 seconds (34.80 k allocations: 43.878 MiB, 1.53% gc time)
  3.139079 seconds (10.88 k allocations: 13.718 MiB, 2.01% gc time)
  3.493440 seconds (28.66 k allocations: 36.979 MiB, 1.80% gc time)
  3.359001 seconds (20.85 k allocations: 27.064 MiB, 1.88% gc time)
  2.720543 seconds (4.96 k allocations: 7.011 MiB, 2.32% gc time)
9098
1605
7611
3101
4588
  1.698783 seconds (31.37 k allocations: 39.262 MiB)
6117
  1.811135 seconds (23.21 k allocations: 28.150 MiB)
7612
  2.555279 seconds (31.13 k allocations: 38.140 MiB)
9099
  2.976516 seconds (27.78 k allocations: 35.328 MiB)
4589
  3.018757 seconds (44.73 k allocations: 54.643 MiB)
1606
  1.695252 seconds (23.82 k allocations: 30.053 MiB)
7613
  3.466642 seconds (41.28 k allocations: 52.409 MiB)
3102
  2.238694 seconds (47.71 k allocations: 60.190 MiB)
6118
  1.917846 seconds (39.80 k allocations: 50.201 MiB)
9100
  1.705557 seconds (39.42 k allocations: 49.165 MiB)
4590
  1.690002 seconds (31.34 k allocations: 39.007 MiB)
7614
  2.521272 seconds (47.63 k allocations: 60.106 MiB)
1607
  1.705237 seconds (31.64 k allocations: 39.959 MiB)
6119
  2.186205 seconds (47.55 k allocations: 60.022 MiB)
3103
  1.985017 seconds (39.72 k allocations: 50.117 MiB)
9101
  1.963549 seconds (39.80 k allocations: 50.201 MiB)
4591
  1.694382 seconds (39.88 k allocations: 50.285 MiB)
7615
  2.883271 seconds (34.93 k allocations: 44.012 MiB, 2.31% gc time)
  2.754713 seconds (26.98 k allocations: 33.966 MiB, 2.42% gc time)
  2.710031 seconds (19.31 k allocations: 24.526 MiB, 2.46% gc time)
  1.946215 seconds (12.42 k allocations: 16.710 MiB, 3.43% gc time)
  1.743956 seconds (5.16 k allocations: 8.127 MiB, 3.83% gc time)
1608
6120
3104
9102
4592
  1.695698 seconds (36.08 k allocations: 43.020 MiB)
7616
  1.794411 seconds (23.21 k allocations: 28.150 MiB)
3105
  2.524488 seconds (15.99 k allocations: 20.148 MiB)
9103
  2.988128 seconds (39.12 k allocations: 48.213 MiB)
6121
  3.415594 seconds (48.24 k allocations: 61.892 MiB)
1609
  3.427490 seconds (39.80 k allocations: 50.201 MiB)
4593
  1.697133 seconds (31.73 k allocations: 40.043 MiB)
3106
  2.338590 seconds (47.71 k allocations: 60.190 MiB)
7617
  2.433257 seconds (39.80 k allocations: 50.201 MiB)
9104
  1.702888 seconds (15.90 k allocations: 20.064 MiB)
3107
  2.475551 seconds (39.80 k allocations: 50.201 MiB)
1610
  2.517335 seconds (39.80 k allocations: 50.201 MiB)
4594
  3.140745 seconds (63.53 k allocations: 80.169 MiB)
6122
  2.299887 seconds (39.72 k allocations: 50.117 MiB)
7618
  1.703117 seconds (31.73 k allocations: 40.043 MiB)
3108
  2.444427 seconds (18.64 k allocations: 23.543 MiB, 4.34% gc time)
  3.446926 seconds (42.43 k allocations: 53.587 MiB, 3.08% gc time)
  2.078325 seconds (4.33 k allocations: 6.350 MiB, 5.10% gc time)
  2.535505 seconds (28.51 k allocations: 36.972 MiB, 4.18% gc time)
  2.310901 seconds (13.83 k allocations: 19.313 MiB, 4.59% gc time)
4595
9105
7619
6123
1611
  1.699848 seconds (2.27 k allocations: 3.542 MiB)
6124
  1.733175 seconds (34.06 k allocations: 42.065 MiB)
3109
  3.414946 seconds (15.82 k allocations: 19.980 MiB)
  1.706618 seconds (5.38 k allocations: 7.099 MiB)
  3.442057 seconds (34.69 k allocations: 45.260 MiB)
  3.407821 seconds (16.57 k allocations: 22.042 MiB)
  3.433497 seconds (26.23 k allocations: 34.824 MiB)
6125
9106
7620
  1.704013 seconds (10.63 k allocations: 14.226 MiB)
1612
4596
3110
  1.695643 seconds (27.14 k allocations: 33.944 MiB)
9107
  1.712722 seconds (31.80 k allocations: 39.357 MiB)
6126
  1.710597 seconds (18.75 k allocations: 24.188 MiB)
3111
  1.840944 seconds (26.66 k allocations: 34.178 MiB)
4597
  1.811543 seconds (28.26 k allocations: 35.275 MiB)
7621
  1.900745 seconds (42.56 k allocations: 54.241 MiB)
1613
  1.695796 seconds (39.72 k allocations: 50.117 MiB)
9108
  1.701634 seconds (39.72 k allocations: 50.117 MiB)
6127
  3.202755 seconds (22.98 k allocations: 29.190 MiB, 2.08% gc time)
  3.196097 seconds (19.00 k allocations: 23.891 MiB, 2.09% gc time)
  1.669552 seconds (3.19 k allocations: 3.879 MiB, 3.99% gc time)
  3.154251 seconds (11.09 k allocations: 13.867 MiB, 2.11% gc time)
  3.343017 seconds (34.81 k allocations: 43.881 MiB, 1.99% gc time)
9109
4598
1614
7622
3112
  1.713863 seconds (11.62 k allocations: 16.750 MiB)
4599
  1.720817 seconds (9.83 k allocations: 13.170 MiB)
9110
  1.793419 seconds (16.22 k allocations: 21.615 MiB)
1615
  1.802574 seconds (22.07 k allocations: 28.274 MiB)
7623
  1.815319 seconds (31.65 k allocations: 43.636 MiB)
6128
  1.808671 seconds (34.95 k allocations: 42.826 MiB)
3113
  1.695382 seconds (31.89 k allocations: 40.211 MiB)
9111
  1.711679 seconds (42.16 k allocations: 52.657 MiB)
4600
  1.689843 seconds (38.34 k allocations: 47.870 MiB)
1616
  1.701764 seconds (31.40 k allocations: 40.298 MiB)
7624
  1.714023 seconds (37.18 k allocations: 46.828 MiB)
6129
  1.709908 seconds (34.09 k allocations: 43.160 MiB)
3114
  1.699224 seconds (33.20 k allocations: 42.768 MiB)
9112
  1.704167 seconds (37.28 k allocations: 46.410 MiB)
4601
  1.696106 seconds (39.72 k allocations: 50.117 MiB)
1617
  1.706623 seconds (39.64 k allocations: 50.033 MiB)
7625
  1.713102 seconds (31.65 k allocations: 39.959 MiB)
6130
  1.716284 seconds (34.47 k allocations: 43.548 MiB)
3115
  1.693647 seconds (36.70 k allocations: 46.342 MiB)
9113
  1.819892 seconds (26.92 k allocations: 33.917 MiB, 3.04% gc time)
  1.879010 seconds (34.81 k allocations: 43.883 MiB, 2.94% gc time)
  1.787496 seconds (20.45 k allocations: 26.552 MiB, 3.09% gc time)
  1.760321 seconds (4.65 k allocations: 6.721 MiB, 3.14% gc time)
  1.764004 seconds (5.89 k allocations: 9.151 MiB, 3.13% gc time)
1618
3116
4602
7626
6131
  1.695013 seconds (30.16 k allocations: 36.981 MiB)
9114
  1.717016 seconds (22.54 k allocations: 29.799 MiB)
  1.720739 seconds (17.08 k allocations: 23.655 MiB)
1619
3117
  1.725762 seconds (26.26 k allocations: 33.773 MiB)
6132
  2.573734 seconds (34.25 k allocations: 43.846 MiB)
4603
  1.695493 seconds (31.89 k allocations: 40.211 MiB)
9115
  3.402122 seconds (47.79 k allocations: 60.274 MiB)
  1.692431 seconds (23.92 k allocations: 30.158 MiB)
3118
7627
  1.704961 seconds (31.73 k allocations: 40.043 MiB)
6133
  2.115398 seconds (47.63 k allocations: 60.106 MiB)
1620
  2.117622 seconds (39.72 k allocations: 50.117 MiB)
4604
  1.697993 seconds (30.95 k allocations: 38.544 MiB)
3119
  1.708581 seconds (23.82 k allocations: 30.053 MiB)
6134
  1.928061 seconds (55.46 k allocations: 70.012 MiB)
9116
  2.585829 seconds (47.63 k allocations: 60.106 MiB)
7628
  2.236307 seconds (39.64 k allocations: 50.033 MiB)
1621
  1.696457 seconds (39.64 k allocations: 50.033 MiB)
4605
  1.707453 seconds (39.64 k allocations: 50.033 MiB)
3120
  2.828309 seconds (26.67 k allocations: 33.667 MiB, 1.81% gc time)
  2.980579 seconds (34.67 k allocations: 43.741 MiB, 1.71% gc time)
  2.118398 seconds (18.79 k allocations: 23.689 MiB, 2.41% gc time)
  2.043480 seconds (10.98 k allocations: 13.823 MiB, 2.50% gc time)
  1.721074 seconds (3.12 k allocations: 3.933 MiB, 2.97% gc time)
9117
6135
4606
1622
7629
  1.693803 seconds (14.54 k allocations: 20.950 MiB)
9118
  1.729418 seconds (8.98 k allocations: 12.298 MiB)
4607
  1.787781 seconds (15.90 k allocations: 20.064 MiB)
1623
  1.799192 seconds (23.90 k allocations: 30.138 MiB)
6136
  1.811139 seconds (31.81 k allocations: 40.127 MiB)
7630
  1.827097 seconds (38.74 k allocations: 51.567 MiB)
3121
  1.697040 seconds (39.72 k allocations: 50.117 MiB)
9119
  1.706905 seconds (39.80 k allocations: 50.201 MiB)
4608
  1.693407 seconds (39.42 k allocations: 49.165 MiB)
1624
  1.700003 seconds (39.80 k allocations: 50.201 MiB)
6137
  1.713297 seconds (35.54 k allocations: 45.160 MiB)
  1.707844 seconds (31.95 k allocations: 40.516 MiB)
7631
3122
  1.699533 seconds (39.72 k allocations: 50.117 MiB)
9120
  1.699342 seconds (39.72 k allocations: 50.117 MiB)
4609
  1.692167 seconds (39.72 k allocations: 50.117 MiB)
1625
  1.704848 seconds (39.80 k allocations: 50.201 MiB)
6138
  1.707006 seconds (31.89 k allocations: 40.211 MiB)
3123
  1.716306 seconds (38.83 k allocations: 47.990 MiB)
7632
  1.701254 seconds (39.88 k allocations: 50.285 MiB)
9121
  1.894870 seconds (34.69 k allocations: 43.771 MiB, 3.31% gc time)
  1.855839 seconds (26.75 k allocations: 33.739 MiB, 3.38% gc time)
  1.774726 seconds (2.91 k allocations: 3.676 MiB, 3.54% gc time)
  1.819870 seconds (18.92 k allocations: 23.881 MiB, 3.45% gc time)
  1.788292 seconds (12.28 k allocations: 16.655 MiB, 3.51% gc time)
6139
7633
1626
4610
3124
  1.692950 seconds (32.95 k allocations: 39.779 MiB)
9122
  1.721572 seconds (15.52 k allocations: 19.027 MiB)
  1.730028 seconds (15.89 k allocations: 20.063 MiB)
1627
6140
  1.735643 seconds (21.28 k allocations: 26.310 MiB)
7634
  2.583641 seconds (39.24 k allocations: 48.996 MiB)
4611
  1.693010 seconds (31.64 k allocations: 39.959 MiB)
9123
  1.698175 seconds (18.16 k allocations: 23.585 MiB)
6141
  3.403994 seconds (49.12 k allocations: 62.324 MiB)
  1.700278 seconds (23.64 k allocations: 29.301 MiB)
3125
7635
  2.111875 seconds (42.28 k allocations: 53.953 MiB)
1628
  1.692696 seconds (31.89 k allocations: 40.211 MiB)
9124
  1.696871 seconds (31.12 k allocations: 38.140 MiB)
6142
  1.704510 seconds (23.90 k allocations: 30.138 MiB)
7636
  1.882835 seconds (31.89 k allocations: 40.211 MiB)
3126
  3.413139 seconds (71.61 k allocations: 90.327 MiB)
4612
  2.428634 seconds (39.72 k allocations: 50.117 MiB)
1629
  1.692112 seconds (39.64 k allocations: 50.033 MiB)
9125
  3.622038 seconds (38.13 k allocations: 47.268 MiB, 0.56% gc time)
  3.598017 seconds (30.21 k allocations: 37.254 MiB, 0.57% gc time)
  3.419764 seconds (22.47 k allocations: 27.445 MiB, 0.60% gc time)  2.747944 seconds (14.50 k allocations: 17.374 MiB, 0.74% gc time)

  2.448112 seconds (8.44 k allocations: 11.460 MiB, 0.84% gc time)
3127
7637
6143
4613
1630
  1.695180 seconds (33.79 k allocations: 40.634 MiB)
9126
  1.692637 seconds (20.03 k allocations: 26.082 MiB)
3128
  1.791727 seconds (23.34 k allocations: 28.933 MiB)
7638
  1.802103 seconds (31.33 k allocations: 39.006 MiB)
6144
  2.547799 seconds (31.73 k allocations: 40.043 MiB)
1631
  2.813220 seconds (47.24 k allocations: 59.069 MiB)
4614
  1.693517 seconds (39.34 k allocations: 49.081 MiB)
9127
  1.793591 seconds (39.72 k allocations: 50.117 MiB)
  1.700461 seconds (32.11 k allocations: 41.079 MiB)
3129
7639
  1.691358 seconds (29.91 k allocations: 37.666 MiB)
6145
  1.683902 seconds (39.72 k allocations: 50.117 MiB)
1632
  1.714581 seconds (39.72 k allocations: 50.117 MiB)
4615
  1.694553 seconds (17.95 k allocations: 23.381 MiB)
3130
  1.690567 seconds (16.21 k allocations: 21.017 MiB)
6146
  2.081691 seconds (33.64 k allocations: 43.219 MiB)
7640
  1.696769 seconds (23.82 k allocations: 30.053 MiB)
4616
  2.142258 seconds (39.72 k allocations: 50.117 MiB)
1633
  3.151373 seconds (79.44 k allocations: 100.233 MiB)
9128
  1.694485 seconds (31.89 k allocations: 40.211 MiB)
6147
  2.709302 seconds (18.85 k allocations: 23.769 MiB, 2.27% gc time)
  3.369173 seconds (26.85 k allocations: 33.843 MiB, 1.83% gc time)
  2.507856 seconds (11.00 k allocations: 13.791 MiB, 2.45% gc time)
  3.756727 seconds (36.65 k allocations: 46.929 MiB, 1.64% gc time)
  2.408151 seconds (4.82 k allocations: 8.223 MiB, 2.56% gc time)
4617
3131
1634
7641
9129
  1.716946 seconds (9.98 k allocations: 12.684 MiB)
3132
  1.782180 seconds (15.74 k allocations: 20.483 MiB)
1635
  1.791293 seconds (23.51 k allocations: 29.102 MiB)
7642
  1.805230 seconds (29.81 k allocations: 38.817 MiB)
6148
  2.542798 seconds (31.89 k allocations: 40.211 MiB)
9130
  2.982689 seconds (52.68 k allocations: 67.203 MiB)
4618
  1.722953 seconds (39.80 k allocations: 50.201 MiB)
3133
  1.703437 seconds (23.82 k allocations: 30.053 MiB)
  1.707741 seconds (25.40 k allocations: 32.918 MiB)
6149
7643
  2.287561 seconds (55.62 k allocations: 70.180 MiB)
1636
  2.162100 seconds (39.72 k allocations: 50.117 MiB)
9131
  1.693665 seconds (31.81 k allocations: 40.127 MiB)
3134
  1.703649 seconds (31.43 k allocations: 39.091 MiB)
6150
  1.973626 seconds (31.81 k allocations: 40.127 MiB)
7644
  2.961531 seconds (63.53 k allocations: 80.169 MiB)
4619
  2.020053 seconds (39.64 k allocations: 50.033 MiB)
1637
  1.700548 seconds (31.81 k allocations: 40.127 MiB)
3135
  3.091952 seconds (26.74 k allocations: 33.737 MiB, 2.68% gc time)
  3.568437 seconds (42.66 k allocations: 53.802 MiB, 2.32% gc time)
  2.351281 seconds (10.96 k allocations: 13.763 MiB, 3.52% gc time)
  2.795151 seconds (20.19 k allocations: 26.773 MiB, 2.96% gc time)
9132
  2.204212 seconds (4.81 k allocations: 7.608 MiB, 3.75% gc time)
4620
6151
7645
1638
  1.760343 seconds (20.36 k allocations: 26.731 MiB)
6152
  1.822961 seconds (25.68 k allocations: 33.301 MiB)
3136
  2.655264 seconds (31.04 k allocations: 38.056 MiB)
9133
  3.051320 seconds (39.03 k allocations: 48.129 MiB)
4621
  3.153630 seconds (31.81 k allocations: 40.127 MiB)
7646
  3.201803 seconds (39.80 k allocations: 50.201 MiB)
1639
  1.715279 seconds (39.72 k allocations: 50.117 MiB)
6153
  2.296389 seconds (39.80 k allocations: 50.201 MiB)
3137
  1.954219 seconds (39.72 k allocations: 50.117 MiB)
9134
  1.711833 seconds (31.73 k allocations: 40.043 MiB)
7647
  1.709800 seconds (23.73 k allocations: 29.969 MiB)
6154
  2.580313 seconds (55.54 k allocations: 70.096 MiB)
4622
  2.534293 seconds (47.55 k allocations: 60.022 MiB)
1640
  1.718403 seconds (39.56 k allocations: 49.949 MiB)
3138
  1.963912 seconds (31.64 k allocations: 39.959 MiB)
  1.707310 seconds (24.12 k allocations: 31.005 MiB)
7648
6155
  3.416798 seconds (45.42 k allocations: 57.331 MiB, 1.83% gc time)
  2.176400 seconds (9.04 k allocations: 11.255 MiB, 2.87% gc time)
  2.286172 seconds (17.19 k allocations: 21.528 MiB, 2.73% gc time)
  2.394919 seconds (27.00 k allocations: 34.587 MiB, 2.61% gc time)
9135
1641
3139
4623
  1.697843 seconds (29.03 k allocations: 36.494 MiB)
6156
  1.720621 seconds (28.52 k allocations: 36.622 MiB)
7649
  1.798699 seconds (30.52 k allocations: 39.350 MiB)
1642
  2.893422 seconds (25.96 k allocations: 33.469 MiB)
3140
  1.700248 seconds (23.82 k allocations: 30.053 MiB)
6157
  3.885704 seconds (47.73 k allocations: 60.780 MiB)
9136
  4.002634 seconds (47.71 k allocations: 60.190 MiB)
4624
  2.625968 seconds (31.73 k allocations: 40.043 MiB)
1643
  1.693559 seconds (31.73 k allocations: 40.043 MiB)
3141
  3.052710 seconds (55.54 k allocations: 70.096 MiB)
7650
  1.691605 seconds (39.72 k allocations: 50.117 MiB)
6158
  1.737106 seconds (39.72 k allocations: 50.117 MiB)
9137
  1.982856 seconds (39.80 k allocations: 50.201 MiB)
4625
  1.773217 seconds (31.89 k allocations: 40.211 MiB)
3142
  2.279410 seconds (47.71 k allocations: 60.190 MiB)
1644
  1.702780 seconds (31.81 k allocations: 40.127 MiB)
6159
  3.899733 seconds (46.23 k allocations: 57.452 MiB, 1.83% gc time)
  3.019027 seconds (30.30 k allocations: 37.347 MiB, 2.36% gc time)
  2.253022 seconds (16.09 k allocations: 20.329 MiB, 3.16% gc time)
  2.613194 seconds (24.14 k allocations: 30.447 MiB, 2.72% gc time)
  1.920764 seconds (9.29 k allocations: 13.746 MiB, 3.71% gc time)
7651
9138
3143
4626
1645
  1.702022 seconds (35.38 k allocations: 42.763 MiB)
6160
  2.601975 seconds (8.41 k allocations: 11.722 MiB)
4627
  2.733461 seconds (34.03 k allocations: 43.988 MiB)
9139
  3.261710 seconds (23.82 k allocations: 30.053 MiB)
1646
  3.973282 seconds (48.56 k allocations: 61.422 MiB)
  3.969338 seconds (43.67 k allocations: 55.808 MiB)
7652
3144
  2.483383 seconds (39.64 k allocations: 50.033 MiB)
6161
  1.702288 seconds (31.73 k allocations: 40.043 MiB)
9140
  2.596442 seconds (47.55 k allocations: 60.022 MiB)
4628
  1.708412 seconds (15.82 k allocations: 19.980 MiB)
6162
  3.380200 seconds (47.55 k allocations: 60.022 MiB)
1647
  1.696580 seconds (15.90 k allocations: 20.064 MiB)
4629
  3.377833 seconds (47.63 k allocations: 60.106 MiB)
  3.384870 seconds (48.01 k allocations: 61.142 MiB)
7653
3145
  1.705880 seconds (31.89 k allocations: 40.211 MiB)
6163
  3.383456 seconds (55.70 k allocations: 70.264 MiB)
9141
  1.808431 seconds (39.88 k allocations: 50.285 MiB)
1648
  1.710225 seconds (15.98 k allocations: 20.148 MiB)
  4.062574 seconds (40.22 k allocations: 51.269 MiB, 2.72% gc time)  3.645328 seconds (31.92 k allocations: 40.233 MiB, 3.03% gc time)

  3.625548 seconds (24.35 k allocations: 31.258 MiB, 3.05% gc time)
6164
  3.168309 seconds (9.83 k allocations: 14.545 MiB, 3.49% gc time)
  2.483615 seconds (1.99 k allocations: 4.702 MiB, 4.45% gc time)
7654
3146
4630
9142
1649
  1.713648 seconds (29.03 k allocations: 35.842 MiB)
6165
  1.737725 seconds (22.71 k allocations: 28.798 MiB)
4631
  1.793731 seconds (29.42 k allocations: 37.567 MiB)
7655
  2.890744 seconds (23.73 k allocations: 29.969 MiB)
3147
  1.708759 seconds (23.82 k allocations: 30.053 MiB)
6166
  3.999645 seconds (39.64 k allocations: 50.033 MiB)
  4.019971 seconds (42.17 k allocations: 54.477 MiB)
1650
  2.251065 seconds (24.28 k allocations: 31.173 MiB)
7656
9143
  1.702050 seconds (23.90 k allocations: 30.137 MiB)
6167
  3.419562 seconds (55.62 k allocations: 70.180 MiB)
4632
  1.690223 seconds (30.96 k allocations: 37.971 MiB)
1651
  3.089564 seconds (55.62 k allocations: 70.180 MiB)
3148
  2.674844 seconds (31.81 k allocations: 40.127 MiB)
7657
  1.706499 seconds (31.89 k allocations: 40.211 MiB)
6168
  3.844857 seconds (27.84 k allocations: 34.855 MiB, 1.40% gc time)
  4.943539 seconds (43.64 k allocations: 54.813 MiB, 1.09% gc time)
  3.249352 seconds (21.53 k allocations: 27.784 MiB, 1.65% gc time)
  2.256078 seconds (5.65 k allocations: 7.772 MiB, 2.38% gc time)
  2.956704 seconds (14.85 k allocations: 20.210 MiB, 1.81% gc time)
4633
9144
1652
7658
3149
  1.709910 seconds (35.83 k allocations: 42.821 MiB)
6169
  1.789014 seconds (20.17 k allocations: 24.944 MiB)
1653
  1.832969 seconds (32.65 k allocations: 40.921 MiB)
9145
  1.899816 seconds (23.90 k allocations: 30.138 MiB)
3150
  2.662067 seconds (47.98 k allocations: 60.398 MiB)
4634
  3.048373 seconds (39.80 k allocations: 50.201 MiB)
7659
  1.701675 seconds (39.80 k allocations: 50.201 MiB)
6170
  1.701648 seconds (39.80 k allocations: 50.201 MiB)
1654
  1.698296 seconds (31.81 k allocations: 40.127 MiB)
3151
  2.306188 seconds (47.79 k allocations: 60.274 MiB)
9146
  1.895784 seconds (31.89 k allocations: 40.211 MiB)
7660
  1.701779 seconds (31.89 k allocations: 40.211 MiB)
6171
  1.706360 seconds (23.90 k allocations: 30.137 MiB)
3152
  2.015997 seconds (39.88 k allocations: 50.285 MiB)
1655
  3.039054 seconds (71.69 k allocations: 90.411 MiB)
4635
  2.113503 seconds (39.72 k allocations: 50.117 MiB)
9147
  1.699142 seconds (31.81 k allocations: 40.127 MiB)
6172
  2.567836 seconds (23.24 k allocations: 28.237 MiB, 3.39% gc time)
  3.104723 seconds (47.02 k allocations: 58.261 MiB, 2.80% gc time)
  1.832445 seconds (8.76 k allocations: 12.147 MiB, 4.75% gc time)
  2.391998 seconds (16.78 k allocations: 22.229 MiB, 3.64% gc time)
  2.759031 seconds (33.19 k allocations: 43.905 MiB, 3.15% gc time)
1656
7661
9148
4636
3153
  1.727909 seconds (37.59 k allocations: 44.663 MiB)
6173
  1.767106 seconds (15.59 k allocations: 19.111 MiB)
9149
  3.410429 seconds (33.65 k allocations: 41.894 MiB)
  3.396176 seconds (16.29 k allocations: 21.100 MiB)
  3.414994 seconds (24.28 k allocations: 31.173 MiB)
7662
  1.709823 seconds (14.41 k allocations: 18.602 MiB)
6174
3154
  3.417034 seconds (38.27 k allocations: 46.852 MiB)
1657
4637
  1.705356 seconds (39.88 k allocations: 50.285 MiB)
9150
  1.713378 seconds (21.79 k allocations: 27.868 MiB)
6175
  1.725335 seconds (23.87 k allocations: 30.694 MiB)
1658
  2.215174 seconds (37.74 k allocations: 47.975 MiB)
7663
  2.310074 seconds (36.03 k allocations: 45.661 MiB)
3155
  2.563513 seconds (39.72 k allocations: 50.117 MiB)
4638
  2.954167 seconds (39.64 k allocations: 50.033 MiB)
9151
  1.709875 seconds (39.64 k allocations: 50.033 MiB)
6176
  1.925885 seconds (39.64 k allocations: 50.033 MiB)
1659
  1.698838 seconds (31.81 k allocations: 40.127 MiB)
3156
  1.696138 seconds (23.82 k allocations: 30.053 MiB)
9152
  3.607676 seconds (50.65 k allocations: 63.856 MiB, 1.97% gc time)  3.254542 seconds (34.80 k allocations: 43.861 MiB, 2.18% gc time)

  2.165789 seconds (10.91 k allocations: 13.726 MiB, 3.28% gc time)
  2.414144 seconds (18.80 k allocations: 23.724 MiB, 2.94% gc time)
  1.811002 seconds (4.84 k allocations: 8.179 MiB, 3.92% gc time)
1660
4639
6177
3157
7664
  1.710668 seconds (16.02 k allocations: 21.245 MiB)
4640
  1.755144 seconds (20.16 k allocations: 27.392 MiB)
9153
  1.773609 seconds (18.11 k allocations: 23.544 MiB)
6178
  1.785621 seconds (26.30 k allocations: 32.579 MiB)
1661
  2.622779 seconds (31.73 k allocations: 40.043 MiB)
7665
  1.707233 seconds (31.81 k allocations: 40.127 MiB)
4641
  1.715537 seconds (31.81 k allocations: 40.127 MiB)
9154
  1.704253 seconds (31.43 k allocations: 39.091 MiB)
6179
  3.497571 seconds (63.53 k allocations: 80.169 MiB)
3158
  2.107135 seconds (39.80 k allocations: 50.201 MiB)
1662
  2.334246 seconds (39.72 k allocations: 50.117 MiB)
7666
  1.700726 seconds (39.72 k allocations: 50.117 MiB)
4642
  1.715487 seconds (39.72 k allocations: 50.117 MiB)
9155
  1.711417 seconds (39.71 k allocations: 49.983 MiB)
6180
  2.426529 seconds (39.72 k allocations: 50.117 MiB)
3159
  2.696722 seconds (39.80 k allocations: 50.201 MiB)
1663
  1.699073 seconds (31.81 k allocations: 40.127 MiB)
4643
  3.589305 seconds (18.77 k allocations: 23.700 MiB, 1.77% gc time)
  3.812316 seconds (42.74 k allocations: 53.888 MiB, 1.67% gc time)
  3.601324 seconds (26.73 k allocations: 33.642 MiB, 1.77% gc time)
  2.849339 seconds (10.95 k allocations: 13.731 MiB, 2.23% gc time)
  2.161484 seconds (4.88 k allocations: 8.040 MiB, 2.95% gc time)
3160
6181
1664
7667
9156
  1.697329 seconds (30.65 k allocations: 37.458 MiB)
4644
  1.716788 seconds (15.99 k allocations: 21.898 MiB)
3161
  1.784379 seconds (23.24 k allocations: 31.207 MiB)
6182
  1.800244 seconds (27.38 k allocations: 36.136 MiB)
9157
  1.706166 seconds (23.90 k allocations: 30.137 MiB)
4645
  1.694723 seconds (23.82 k allocations: 30.053 MiB)
3162
  3.475462 seconds (47.71 k allocations: 60.190 MiB)
  3.467729 seconds (48.09 k allocations: 61.226 MiB)
  1.701934 seconds (24.66 k allocations: 32.209 MiB)
7668
1665
6183
  1.709414 seconds (39.72 k allocations: 50.117 MiB)
9158
  1.701976 seconds (39.72 k allocations: 50.117 MiB)
4646
  1.695832 seconds (33.94 k allocations: 42.997 MiB)
3163
  1.704997 seconds (23.82 k allocations: 30.053 MiB)
6184
  1.721850 seconds (23.82 k allocations: 30.053 MiB)
9159
  2.492281 seconds (39.64 k allocations: 50.033 MiB)
1666
  1.697145 seconds (23.73 k allocations: 29.969 MiB)
3164
  4.286203 seconds (65.40 k allocations: 81.484 MiB, 1.61% gc time)
  2.555845 seconds (18.61 k allocations: 23.512 MiB, 2.70% gc time)
  1.768976 seconds (2.92 k allocations: 3.682 MiB, 3.90% gc time)
  2.520746 seconds (10.91 k allocations: 13.791 MiB, 2.73% gc time)
  2.654709 seconds (31.45 k allocations: 42.010 MiB, 2.60% gc time)
1667
6185
9160
7669
4647
  1.715755 seconds (27.64 k allocations: 34.752 MiB)
3165
  1.729008 seconds (15.52 k allocations: 19.028 MiB)
1668
  1.753187 seconds (25.46 k allocations: 35.142 MiB)
6186
  1.829926 seconds (31.34 k allocations: 39.007 MiB)
9161
  2.566380 seconds (31.64 k allocations: 39.959 MiB)
4648
  1.694264 seconds (31.64 k allocations: 39.959 MiB)
3166
  3.445567 seconds (55.16 k allocations: 69.060 MiB)
7670
  1.702061 seconds (26.81 k allocations: 33.809 MiB)
6187
  1.716591 seconds (31.89 k allocations: 40.211 MiB)
9162
  2.121391 seconds (55.70 k allocations: 70.264 MiB)
1669
  1.697527 seconds (31.89 k allocations: 40.211 MiB)
3167
  1.706670 seconds (23.82 k allocations: 30.053 MiB)
6188
  1.713191 seconds (23.73 k allocations: 29.969 MiB)
9163
  1.692233 seconds (23.82 k allocations: 30.053 MiB)
1670
  3.410914 seconds (71.61 k allocations: 90.327 MiB)
4649
  1.692742 seconds (31.73 k allocations: 40.043 MiB)
3168
  4.710751 seconds (63.91 k allocations: 80.558 MiB, 1.49% gc time)
  2.987796 seconds (30.17 k allocations: 37.225 MiB, 2.35% gc time)
  2.877600 seconds (22.40 k allocations: 27.539 MiB, 2.44% gc time)
  2.602397 seconds (14.53 k allocations: 17.611 MiB, 2.70% gc time)
  2.118942 seconds (8.44 k allocations: 11.643 MiB, 3.32% gc time)
7671
6189
1671
9164
4650
  1.693295 seconds (32.23 k allocations: 39.406 MiB)
3169
  1.744042 seconds (17.84 k allocations: 24.217 MiB)
6190
  1.790897 seconds (23.43 k allocations: 29.018 MiB)
1672
  1.811072 seconds (29.36 k allocations: 35.760 MiB)
9165
  2.596731 seconds (31.73 k allocations: 40.043 MiB)
4651
  3.019960 seconds (47.25 k allocations: 59.071 MiB)
7672
  1.694346 seconds (39.72 k allocations: 50.117 MiB)
3170
  1.705371 seconds (39.80 k allocations: 50.201 MiB)
6191
  1.711154 seconds (31.81 k allocations: 40.127 MiB)
9166
  1.883876 seconds (31.81 k allocations: 40.127 MiB)
4652
  1.693732 seconds (23.73 k allocations: 29.969 MiB)
3171
  1.704200 seconds (23.82 k allocations: 30.053 MiB)
6192
  3.380760 seconds (68.87 k allocations: 86.838 MiB)
1673
  1.707760 seconds (31.81 k allocations: 40.127 MiB)
9167
  2.435654 seconds (63.53 k allocations: 80.169 MiB)
7673
  1.691265 seconds (31.73 k allocations: 40.043 MiB)
3172
  1.700045 seconds (31.73 k allocations: 40.043 MiB)
6193
  3.229234 seconds (18.89 k allocations: 23.816 MiB, 1.96% gc time)
  3.948000 seconds (50.82 k allocations: 64.037 MiB, 1.60% gc time)
  3.276780 seconds (26.86 k allocations: 33.841 MiB, 1.93% gc time)
  2.998742 seconds (11.16 k allocations: 14.005 MiB, 2.11% gc time)
  1.693161 seconds (3.21 k allocations: 3.973 MiB, 3.73% gc time)
3173
9168
7674
1674
4653
  1.723982 seconds (822 allocations: 2.058 MiB)
3174
  1.751814 seconds (8.33 k allocations: 11.638 MiB)
4654
  1.749530 seconds (9.51 k allocations: 12.314 MiB)
  1.794181 seconds (16.21 k allocations: 21.015 MiB)
  1.801631 seconds (20.47 k allocations: 30.667 MiB)
  1.802691 seconds (16.97 k allocations: 23.087 MiB)
1675
7675
6194
9169
  1.691268 seconds (39.64 k allocations: 50.033 MiB)
3175
  1.708855 seconds (39.26 k allocations: 48.997 MiB)
4655
  1.718546 seconds (21.44 k allocations: 29.380 MiB)
1676
  1.725763 seconds (23.82 k allocations: 30.054 MiB)
6195
  1.733538 seconds (31.29 k allocations: 38.371 MiB)
9170
  1.738535 seconds (36.24 k allocations: 45.355 MiB)
7676
  1.697090 seconds (39.72 k allocations: 50.117 MiB)
3176
  1.703458 seconds (39.64 k allocations: 50.033 MiB)
4656
  1.698032 seconds (30.41 k allocations: 38.004 MiB)
6196
  1.697183 seconds (23.82 k allocations: 30.053 MiB)
  1.727198 seconds (48.01 k allocations: 61.142 MiB)
7677
1677
  1.708692 seconds (30.41 k allocations: 39.392 MiB)
9171
  1.695043 seconds (39.80 k allocations: 50.201 MiB)
3177
  1.936535 seconds (34.89 k allocations: 43.971 MiB, 3.73% gc time)
  1.805232 seconds (27.06 k allocations: 34.033 MiB, 4.00% gc time)
  1.786744 seconds (5.64 k allocations: 7.641 MiB, 4.04% gc time)
  1.781092 seconds (3.30 k allocations: 4.001 MiB, 4.05% gc time)
  1.784650 seconds (4.13 k allocations: 6.207 MiB, 4.05% gc time)
6197
9172
7678
1678
4657
  1.695093 seconds (27.17 k allocations: 33.824 MiB)
3178
  1.726333 seconds (7.92 k allocations: 9.990 MiB)
6198
  1.727953 seconds (10.16 k allocations: 12.980 MiB)
4658
  1.735643 seconds (21.05 k allocations: 26.005 MiB)
7679
  1.740304 seconds (24.66 k allocations: 30.385 MiB)
9173
  1.748428 seconds (38.58 k allocations: 47.734 MiB)
1679
  1.694233 seconds (39.72 k allocations: 50.117 MiB)
3179
  1.700711 seconds (27.07 k allocations: 33.908 MiB)
  1.705549 seconds (32.98 k allocations: 42.565 MiB)
4659
6199
  1.698456 seconds (21.63 k allocations: 28.059 MiB)
7680
  1.711153 seconds (37.63 k allocations: 47.290 MiB)
9174
  1.723140 seconds (39.64 k allocations: 50.033 MiB)
1680
  1.693740 seconds (39.64 k allocations: 50.033 MiB)
3180
  1.693028 seconds (24.91 k allocations: 32.398 MiB)
6200
  1.693145 seconds (26.36 k allocations: 33.346 MiB)
  1.698958 seconds (29.96 k allocations: 38.875 MiB)
7681
4660
  1.701611 seconds (39.80 k allocations: 50.201 MiB)
9175
  1.698091 seconds (39.80 k allocations: 50.201 MiB)
1681
  1.692296 seconds (39.80 k allocations: 50.201 MiB)
3181
  1.804318 seconds (25.65 k allocations: 33.147 MiB, 3.44% gc time)
  1.800413 seconds (22.64 k allocations: 27.615 MiB, 3.45% gc time)
  1.800073 seconds (22.72 k allocations: 27.681 MiB, 3.45% gc time)
  1.775537 seconds (14.91 k allocations: 17.868 MiB, 3.49% gc time)
  1.759059 seconds (7.12 k allocations: 8.089 MiB, 3.53% gc time)
7682
6201
9176
1682
4661
  1.691685 seconds (35.86 k allocations: 42.700 MiB)
3182
  1.730797 seconds (7.92 k allocations: 9.990 MiB)
1683
  1.737478 seconds (14.38 k allocations: 17.278 MiB)
  1.738119 seconds (16.06 k allocations: 19.636 MiB)
7683
9177
  1.745203 seconds (30.43 k allocations: 37.493 MiB)
6202
  1.748042 seconds (35.12 k allocations: 44.201 MiB)
4662
  1.690806 seconds (39.72 k allocations: 50.117 MiB)
3183
  1.684357 seconds (22.91 k allocations: 28.433 MiB)
7684
  1.701309 seconds (42.59 k allocations: 53.552 MiB)
1684
  1.693607 seconds (24.00 k allocations: 30.259 MiB)
6203
  1.707151 seconds (44.53 k allocations: 56.245 MiB)
9178
  1.703367 seconds (37.16 k allocations: 46.287 MiB)
4663
  1.693379 seconds (39.80 k allocations: 50.201 MiB)
3184
  1.693837 seconds (39.72 k allocations: 50.117 MiB)
7685
  1.698466 seconds (37.29 k allocations: 46.936 MiB)
  1.692258 seconds (30.65 k allocations: 38.356 MiB)
1685
6204
  1.701762 seconds (35.17 k allocations: 44.785 MiB)
  1.697162 seconds (32.00 k allocations: 40.656 MiB)
9179
4664
  1.693134 seconds (39.72 k allocations: 50.117 MiB)
3185
  1.692232 seconds (39.64 k allocations: 50.033 MiB)
7686
  3.242768 seconds (26.67 k allocations: 33.659 MiB, 0.50% gc time)
  3.243523 seconds (26.74 k allocations: 33.722 MiB, 0.50% gc time)
  3.221736 seconds (11.04 k allocations: 13.833 MiB, 0.50% gc time)
  1.610854 seconds (3.33 k allocations: 4.180 MiB, 1.00% gc time)
  3.225593 seconds (12.16 k allocations: 16.306 MiB, 0.50% gc time)
3186
1686
6205
9180
4665
  1.689987 seconds (12.86 k allocations: 18.011 MiB)
  1.694337 seconds (23.85 k allocations: 31.101 MiB)
3187
7687
  1.789536 seconds (15.91 k allocations: 20.064 MiB)
6206
  1.796574 seconds (23.38 k allocations: 28.388 MiB)
1687
  1.800838 seconds (28.36 k allocations: 35.386 MiB)
9181
  1.803088 seconds (32.61 k allocations: 40.425 MiB)
4666
  1.692408 seconds (31.73 k allocations: 40.043 MiB)
3188
  1.694511 seconds (33.05 k allocations: 42.091 MiB)
7688
  1.693562 seconds (38.39 k allocations: 48.062 MiB)
6207
  1.705968 seconds (33.12 k allocations: 41.991 MiB)
1688
  1.705030 seconds (25.10 k allocations: 32.066 MiB)
  1.704116 seconds (26.06 k allocations: 33.280 MiB)
4667
9182
  1.695821 seconds (32.34 k allocations: 41.896 MiB)
3189
  1.698971 seconds (36.01 k allocations: 45.115 MiB)
7689
  1.702543 seconds (39.80 k allocations: 50.201 MiB)
6208
  1.701192 seconds (24.71 k allocations: 32.194 MiB)
4668
  1.710285 seconds (31.81 k allocations: 40.127 MiB)
9183
  1.715846 seconds (33.65 k allocations: 43.915 MiB)
1689
  1.694223 seconds (34.98 k allocations: 44.590 MiB)
3190
  1.930866 seconds (34.44 k allocations: 43.513 MiB, 3.94% gc time)
  1.799845 seconds (18.66 k allocations: 23.595 MiB, 4.23% gc time)
  1.814756 seconds (26.60 k allocations: 33.615 MiB, 4.19% gc time)
  1.785620 seconds (3.34 k allocations: 5.461 MiB, 4.26% gc time)
  1.782677 seconds (3.12 k allocations: 4.039 MiB, 4.27% gc time)
7690
6209
1690
9184
4669
  1.711692 seconds (22.21 k allocations: 28.761 MiB)
3191
  1.722905 seconds (7.92 k allocations: 9.991 MiB)
1691
  1.727785 seconds (13.21 k allocations: 16.092 MiB)
9185
  1.733177 seconds (21.81 k allocations: 26.780 MiB)
6210
  1.735204 seconds (24.02 k allocations: 29.738 MiB)
  1.736961 seconds (24.13 k allocations: 29.844 MiB)
4670
7691
  1.692639 seconds (39.72 k allocations: 50.117 MiB)
3192
  1.692334 seconds (7.99 k allocations: 10.074 MiB)
7692
  1.715280 seconds (40.98 k allocations: 51.409 MiB)
  1.702907 seconds (15.21 k allocations: 18.765 MiB)
1692
6211
  1.705588 seconds (18.52 k allocations: 24.140 MiB)
4671
  1.714057 seconds (39.07 k allocations: 49.469 MiB)
9186
  1.696449 seconds (39.72 k allocations: 50.117 MiB)
3193
  1.694625 seconds (32.22 k allocations: 40.233 MiB)
7693
  1.699399 seconds (16.24 k allocations: 21.629 MiB)
4672
  1.705312 seconds (20.37 k allocations: 26.548 MiB)
6212
  1.706740 seconds (21.87 k allocations: 28.700 MiB)
1693
  1.720026 seconds (39.80 k allocations: 50.201 MiB)
9187
  1.694422 seconds (39.80 k allocations: 50.201 MiB)
3194
  1.811942 seconds (37.99 k allocations: 47.137 MiB, 3.78% gc time)
  1.794794 seconds (17.48 k allocations: 22.884 MiB, 3.82% gc time)
  1.790982 seconds (14.27 k allocations: 17.133 MiB, 3.83% gc time)
  1.789582 seconds (14.44 k allocations: 17.421 MiB, 3.83% gc time)
  1.772958 seconds (6.47 k allocations: 7.389 MiB, 3.87% gc time)
1694
6213
4673
9188
7694
  1.693163 seconds (32.73 k allocations: 39.544 MiB)
3195
  1.733335 seconds (7.96 k allocations: 11.258 MiB)
  1.734266 seconds (8.57 k allocations: 12.264 MiB)
9189
1695
  1.735349 seconds (10.23 k allocations: 14.972 MiB)
4674
  1.736076 seconds (13.02 k allocations: 17.294 MiB)
6214
  1.734162 seconds (23.58 k allocations: 28.775 MiB)
7695
  1.694027 seconds (39.56 k allocations: 49.949 MiB)
3196
  1.690490 seconds (7.99 k allocations: 10.074 MiB)
  1.696719 seconds (12.57 k allocations: 17.841 MiB)
  1.698875 seconds (13.33 k allocations: 19.257 MiB)
  1.696028 seconds (9.14 k allocations: 13.182 MiB)
  1.703480 seconds (11.37 k allocations: 17.315 MiB)
6215
1696
9190
7696
4675
  1.690750 seconds (39.72 k allocations: 50.117 MiB)
3197
  1.718748 seconds (8.86 k allocations: 12.173 MiB)
6216
  1.723335 seconds (13.61 k allocations: 17.718 MiB)
  1.718025 seconds (13.99 k allocations: 17.380 MiB)
1697
7697
  1.725911 seconds (17.98 k allocations: 23.517 MiB)
4676
  1.726143 seconds (19.83 k allocations: 27.337 MiB)
9191
  1.691168 seconds (39.56 k allocations: 49.949 MiB)
3198
  1.693245 seconds (28.55 k allocations: 35.922 MiB)
6217
  3.172563 seconds (12.97 k allocations: 18.286 MiB, 0.49% gc time)
  3.169273 seconds (10.89 k allocations: 13.731 MiB, 0.49% gc time)
  3.170617 seconds (11.08 k allocations: 13.921 MiB, 0.49% gc time)
  3.168035 seconds (11.21 k allocations: 14.114 MiB, 0.49% gc time)
  1.612676 seconds (3.29 k allocations: 4.164 MiB, 0.96% gc time)
4677
1698
7698
9192
3199
  1.689422 seconds (9.48 k allocations: 13.345 MiB)
1699
  1.704285 seconds (18.46 k allocations: 24.413 MiB)
4678
  1.792814 seconds (22.57 k allocations: 30.527 MiB)
6218
  1.790322 seconds (21.87 k allocations: 26.846 MiB)
3200
  1.797502 seconds (30.93 k allocations: 38.006 MiB)
  1.797538 seconds (31.96 k allocations: 39.701 MiB)
7699
9193
  1.689435 seconds (39.56 k allocations: 49.949 MiB)
1700
  1.702507 seconds (39.56 k allocations: 49.949 MiB)
4679
  1.691686 seconds (28.58 k allocations: 35.435 MiB)
3201
  1.701162 seconds (40.15 k allocations: 50.550 MiB)
6219
  1.693212 seconds (28.22 k allocations: 35.251 MiB)
7700
  1.699963 seconds (39.72 k allocations: 50.117 MiB)
9194
  1.692455 seconds (39.72 k allocations: 50.117 MiB)
1701
  1.695769 seconds (39.72 k allocations: 50.117 MiB)
4680
  1.693313 seconds (33.75 k allocations: 42.655 MiB)
3202
  1.693274 seconds (30.88 k allocations: 38.483 MiB)
7701
  1.707119 seconds (42.18 k allocations: 53.849 MiB)
6220
  1.706407 seconds (39.56 k allocations: 49.949 MiB)
9195
  1.693854 seconds (39.64 k allocations: 50.033 MiB)
1702
  1.923380 seconds (34.70 k allocations: 43.776 MiB, 5.48% gc time)
  1.843536 seconds (26.39 k allocations: 32.658 MiB, 5.72% gc time)
  1.835511 seconds (19.03 k allocations: 23.904 MiB, 5.75% gc time)
  1.811806 seconds (3.24 k allocations: 3.955 MiB, 5.82% gc time)
  1.825719 seconds (11.22 k allocations: 14.012 MiB, 5.78% gc time)
3203
4681
7702
9196
6221
  1.710388 seconds (25.20 k allocations: 31.801 MiB)
1703
  1.718073 seconds (8.00 k allocations: 10.075 MiB)
3204
  1.736356 seconds (15.99 k allocations: 20.148 MiB)
7703
  1.746384 seconds (23.11 k allocations: 28.100 MiB)
9197
  1.749195 seconds (25.72 k allocations: 32.705 MiB)
6222
  1.755281 seconds (30.94 k allocations: 38.714 MiB)
4682
  1.707916 seconds (39.72 k allocations: 50.117 MiB)
1704
  1.700381 seconds (37.38 k allocations: 46.521 MiB)
3205
  1.699669 seconds (39.22 k allocations: 48.966 MiB)
7704
  1.709753 seconds (34.80 k allocations: 43.702 MiB)
9198
  1.704713 seconds (25.93 k allocations: 32.920 MiB)
4683
  1.710314 seconds (37.90 k allocations: 47.041 MiB)
6223
  1.697554 seconds (36.76 k allocations: 46.412 MiB)
1705
  1.697270 seconds (35.92 k allocations: 45.020 MiB)
3206
  1.697149 seconds (39.72 k allocations: 50.117 MiB)
7705
  1.699147 seconds (29.09 k allocations: 36.661 MiB)
4684
  1.707741 seconds (36.13 k allocations: 45.807 MiB)
9199
  1.706655 seconds (36.44 k allocations: 45.543 MiB)
6224
  1.697721 seconds (32.58 k allocations: 42.141 MiB)
1706
  1.697431 seconds (32.15 k allocations: 41.109 MiB)
3207
  1.815517 seconds (30.66 k allocations: 38.435 MiB, 3.96% gc time)
  1.791347 seconds (20.51 k allocations: 25.452 MiB, 4.01% gc time)
  1.774228 seconds (7.10 k allocations: 8.647 MiB, 4.05% gc time)
  1.781517 seconds (10.78 k allocations: 13.594 MiB, 4.04% gc time)
7706
4685
9200
6225
  1.696586 seconds (18.64 k allocations: 25.147 MiB)
3208
  1.733895 seconds (7.92 k allocations: 9.990 MiB)
  1.732096 seconds (7.94 k allocations: 10.018 MiB)
4686
7707
  1.744309 seconds (23.82 k allocations: 30.053 MiB)
6226
  1.746678 seconds (24.74 k allocations: 31.694 MiB)
  1.754372 seconds (30.34 k allocations: 42.558 MiB)
9201
1707
  1.706852 seconds (39.72 k allocations: 50.117 MiB)
3209
  1.701069 seconds (31.66 k allocations: 39.716 MiB)
7708
  1.708795 seconds (36.67 k allocations: 45.728 MiB)
4687
  1.707351 seconds (25.17 k allocations: 33.890 MiB)
6227
  1.708377 seconds (26.80 k allocations: 33.791 MiB)
1708
  1.712149 seconds (29.99 k allocations: 37.743 MiB)
9202
  1.700012 seconds (39.56 k allocations: 49.949 MiB)
3210
  1.697806 seconds (35.41 k allocations: 45.017 MiB)
7709
  1.699043 seconds (37.55 k allocations: 46.679 MiB)
4688
  1.694081 seconds (24.29 k allocations: 31.756 MiB)
1709
  1.703790 seconds (34.36 k allocations: 43.948 MiB)
6228
  1.705002 seconds (38.72 k allocations: 47.866 MiB)
9203
  1.697982 seconds (39.72 k allocations: 50.117 MiB)
3211
  1.809890 seconds (30.23 k allocations: 37.188 MiB, 4.14% gc time)
  1.818555 seconds (35.16 k allocations: 43.540 MiB, 4.12% gc time)
  1.797974 seconds (16.78 k allocations: 20.928 MiB, 4.16% gc time)
  1.792741 seconds (12.09 k allocations: 14.228 MiB, 4.18% gc time)
  1.784501 seconds (6.60 k allocations: 7.406 MiB, 4.20% gc time)
1710
9204
6229
7710
4689
  1.699416 seconds (32.49 k allocations: 39.246 MiB)
3212
  1.731426 seconds (7.91 k allocations: 9.990 MiB)
1711
  1.734960 seconds (11.60 k allocations: 14.456 MiB)
7711
  1.741993 seconds (18.94 k allocations: 22.628 MiB)
9205
  1.741961 seconds (20.89 k allocations: 26.539 MiB)
4690
  1.751427 seconds (39.34 k allocations: 48.509 MiB)
6230
  1.696916 seconds (39.72 k allocations: 50.117 MiB)
3213
  1.691685 seconds (32.98 k allocations: 41.219 MiB)
1712
  1.693553 seconds (24.05 k allocations: 31.518 MiB)
7712
  1.702322 seconds (30.33 k allocations: 37.920 MiB)
  1.704744 seconds (31.44 k allocations: 39.349 MiB)
9206
4691
  1.701692 seconds (36.22 k allocations: 44.104 MiB)
6231
  1.695810 seconds (39.64 k allocations: 50.033 MiB)
3214
  1.695975 seconds (35.46 k allocations: 45.079 MiB)
1713
  1.694703 seconds (35.47 k allocations: 44.567 MiB)
7713
  1.696454 seconds (28.79 k allocations: 36.348 MiB)
4692
  1.705904 seconds (31.64 k allocations: 39.959 MiB)
6232
  1.715411 seconds (37.18 k allocations: 47.522 MiB)
9207
  1.694897 seconds (39.64 k allocations: 50.033 MiB)
3215
  1.690700 seconds (32.53 k allocations: 42.091 MiB)
1714
  3.392068 seconds (26.74 k allocations: 33.738 MiB, 2.18% gc time)
  3.407538 seconds (34.63 k allocations: 43.704 MiB, 2.17% gc time)
  3.374002 seconds (11.22 k allocations: 15.286 MiB, 2.19% gc time)
  3.371154 seconds (11.14 k allocations: 14.026 MiB, 2.19% gc time)
  1.744762 seconds (5.41 k allocations: 8.793 MiB, 4.23% gc time)
7714
4693
9208
6233
3216
  1.686194 seconds (29.20 k allocations: 35.951 MiB)
1715
  1.732572 seconds (18.39 k allocations: 24.345 MiB)
4694
  1.803975 seconds (22.54 k allocations: 30.503 MiB)
9209
  1.806133 seconds (26.25 k allocations: 34.982 MiB)
6234
  1.798432 seconds (29.97 k allocations: 37.030 MiB)
3217
  1.829113 seconds (39.78 k allocations: 51.407 MiB)
7715
  1.688717 seconds (39.80 k allocations: 50.201 MiB)
1716
  1.705847 seconds (39.88 k allocations: 50.285 MiB)
4695
  1.702544 seconds (39.41 k allocations: 49.164 MiB)
9210
  1.696829 seconds (33.49 k allocations: 41.848 MiB)
6235
  1.696460 seconds (34.66 k allocations: 43.739 MiB)
3218
  1.691864 seconds (39.72 k allocations: 50.117 MiB)
7716
  1.690095 seconds (39.72 k allocations: 50.117 MiB)
1717
  1.694891 seconds (39.72 k allocations: 50.117 MiB)
4696
  1.691627 seconds (23.82 k allocations: 30.053 MiB)
3219
  1.705889 seconds (37.79 k allocations: 48.145 MiB)
9211
  1.704905 seconds (39.09 k allocations: 49.481 MiB)
6236
  1.734800 seconds (39.64 k allocations: 50.033 MiB)
7717
  1.691724 seconds (39.64 k allocations: 50.033 MiB)
1718
  1.980539 seconds (38.16 k allocations: 47.307 MiB, 4.83% gc time)
  1.900093 seconds (21.91 k allocations: 26.233 MiB, 5.04% gc time)
  1.898359 seconds (20.92 k allocations: 25.129 MiB, 5.04% gc time)
  1.887971 seconds (14.57 k allocations: 17.440 MiB, 5.07% gc time)
  1.781823 seconds (8.66 k allocations: 11.987 MiB, 5.37% gc time)
9212
6237
7718
3220
4697
  1.692605 seconds (27.16 k allocations: 33.826 MiB)
1719
  1.700657 seconds (12.84 k allocations: 16.237 MiB)
3221
  1.723707 seconds (20.40 k allocations: 25.875 MiB)
6238
  1.744970 seconds (27.48 k allocations: 35.021 MiB)
9213
  2.552286 seconds (31.81 k allocations: 40.127 MiB)
4698
  2.649400 seconds (39.72 k allocations: 50.117 MiB)
7719
  1.698720 seconds (39.61 k allocations: 49.845 MiB)
1720
  1.700828 seconds (31.73 k allocations: 40.043 MiB)
6239
  1.701220 seconds (31.73 k allocations: 40.043 MiB)
9214
  1.881962 seconds (55.15 k allocations: 69.059 MiB)
3222
  1.704008 seconds (39.72 k allocations: 50.117 MiB)
4699
  1.689495 seconds (39.72 k allocations: 50.117 MiB)
7720
  1.692886 seconds (39.72 k allocations: 50.117 MiB)
1721
  1.702254 seconds (39.72 k allocations: 50.117 MiB)
6240
  1.710577 seconds (39.72 k allocations: 50.117 MiB)
9215
  1.691656 seconds (39.64 k allocations: 50.033 MiB)
3223
  1.697298 seconds (39.72 k allocations: 50.117 MiB)
4700
  1.691560 seconds (39.72 k allocations: 50.117 MiB)
7721
  1.688979 seconds (39.64 k allocations: 50.033 MiB)
1722
  1.702310 seconds (39.72 k allocations: 50.117 MiB)
6241
  3.247081 seconds (26.87 k allocations: 33.853 MiB, 2.04% gc time)
  3.373567 seconds (34.82 k allocations: 43.901 MiB, 1.96% gc time)
  2.480347 seconds (11.16 k allocations: 13.979 MiB, 2.67% gc time)
  1.750962 seconds (4.84 k allocations: 7.484 MiB, 3.78% gc time)
  2.575125 seconds (21.13 k allocations: 28.051 MiB, 2.57% gc time)
3224
9216
7722
4701
1723
  1.698966 seconds (29.90 k allocations: 37.228 MiB)
6242
  1.784559 seconds (23.13 k allocations: 28.066 MiB)
9217
  1.879101 seconds (31.04 k allocations: 38.056 MiB)
3225
  1.947240 seconds (23.82 k allocations: 30.054 MiB)
1724
  2.686410 seconds (47.03 k allocations: 58.203 MiB)
7723
  2.717646 seconds (39.72 k allocations: 50.117 MiB)
4702
  1.694788 seconds (39.72 k allocations: 50.117 MiB)
6243
  1.713144 seconds (39.80 k allocations: 50.201 MiB)
9218
  2.092607 seconds (39.80 k allocations: 50.201 MiB)
3226
  1.721722 seconds (31.81 k allocations: 40.127 MiB)
7724
  2.902524 seconds (47.63 k allocations: 60.106 MiB)
1725
  2.314649 seconds (39.80 k allocations: 50.201 MiB)
4703
  1.709501 seconds (39.72 k allocations: 50.117 MiB)
6244
  1.703117 seconds (39.64 k allocations: 50.033 MiB)
9219
  2.139709 seconds (39.72 k allocations: 50.117 MiB)
3227
  1.767899 seconds (31.73 k allocations: 40.043 MiB)
1726
  1.698083 seconds (23.82 k allocations: 30.053 MiB)
6245
  3.514791 seconds (22.44 k allocations: 27.432 MiB, 2.93% gc time)
  3.658576 seconds (38.43 k allocations: 47.553 MiB, 2.81% gc time)
  4.295215 seconds (54.35 k allocations: 67.626 MiB, 2.40% gc time)
  2.022199 seconds (6.84 k allocations: 7.695 MiB, 5.09% gc time)
  2.572687 seconds (14.71 k allocations: 17.617 MiB, 4.00% gc time)
1727
9220
7725
3228
4704
  1.721308 seconds (7.72 k allocations: 10.329 MiB)
1728
  1.789939 seconds (14.59 k allocations: 18.016 MiB)
9221
  1.805903 seconds (36.36 k allocations: 45.833 MiB)
  1.793363 seconds (15.81 k allocations: 20.429 MiB)
6246
7726
  2.580879 seconds (39.28 k allocations: 50.198 MiB)
4705
  2.991300 seconds (39.64 k allocations: 50.033 MiB)
3229
  1.722852 seconds (39.72 k allocations: 50.117 MiB)
1729
  1.704731 seconds (31.51 k allocations: 39.175 MiB)
6247
  1.728293 seconds (41.75 k allocations: 52.767 MiB)
9222
  2.291118 seconds (39.88 k allocations: 50.285 MiB)
7727
  1.916835 seconds (31.89 k allocations: 40.211 MiB)
3230
  1.709487 seconds (23.82 k allocations: 30.053 MiB)
6248
  1.710609 seconds (23.82 k allocations: 30.053 MiB)
9223
  2.877772 seconds (63.69 k allocations: 80.337 MiB)
4706
  1.996443 seconds (55.62 k allocations: 70.180 MiB)
1730
  2.380989 seconds (39.64 k allocations: 50.033 MiB)
7728
  1.960354 seconds (39.72 k allocations: 50.117 MiB)
3231
  1.699019 seconds (37.64 k allocations: 46.769 MiB)
6249
  1.701994 seconds (39.72 k allocations: 50.117 MiB)
9224
  3.517739 seconds (26.83 k allocations: 33.823 MiB, 1.39% gc time)
  3.554646 seconds (34.70 k allocations: 43.784 MiB, 1.37% gc time)
  2.090372 seconds (4.34 k allocations: 6.245 MiB, 2.34% gc time)
  2.517129 seconds (20.84 k allocations: 27.346 MiB, 1.94% gc time)
  2.097994 seconds (10.26 k allocations: 14.765 MiB, 2.33% gc time)
1731
4707
6250
7729
3232
  1.692098 seconds (32.33 k allocations: 39.569 MiB)
9225
  2.491371 seconds (8.82 k allocations: 12.138 MiB)
3233
  2.625314 seconds (38.56 k allocations: 47.008 MiB)
1732
  2.738277 seconds (23.82 k allocations: 30.053 MiB)
7730
  2.871586 seconds (32.71 k allocations: 42.275 MiB)
6251
  2.894887 seconds (54.78 k allocations: 68.024 MiB)
4708
  1.697562 seconds (39.72 k allocations: 50.117 MiB)
9226
  1.692982 seconds (39.72 k allocations: 50.117 MiB)
3234
  1.690617 seconds (39.80 k allocations: 50.201 MiB)
1733
  1.692871 seconds (39.72 k allocations: 50.117 MiB)
7731
  1.700553 seconds (38.22 k allocations: 47.890 MiB)
6252
  1.703704 seconds (39.32 k allocations: 48.488 MiB)
4709
  1.700335 seconds (39.72 k allocations: 50.117 MiB)
9227
  1.694651 seconds (39.64 k allocations: 50.033 MiB)
3235
  1.688556 seconds (39.72 k allocations: 50.117 MiB)
1734
  1.691862 seconds (39.72 k allocations: 50.117 MiB)
7732
  1.702307 seconds (36.58 k allocations: 46.224 MiB)
6253
  1.698897 seconds (33.04 k allocations: 42.079 MiB)
4710
  1.699696 seconds (39.72 k allocations: 50.117 MiB)
9228
  2.158097 seconds (38.16 k allocations: 47.310 MiB, 0.76% gc time)
  1.890992 seconds (22.41 k allocations: 27.385 MiB, 0.87% gc time)
  1.749044 seconds (6.62 k allocations: 7.434 MiB, 0.94% gc time)
  2.064277 seconds (30.34 k allocations: 37.378 MiB, 0.80% gc time)
  1.752123 seconds (8.29 k allocations: 12.445 MiB, 0.94% gc time)
3236
1735
7733
4711
6254
  1.697495 seconds (31.92 k allocations: 38.732 MiB)
9229
  1.729748 seconds (15.52 k allocations: 19.028 MiB)
4712
  1.734175 seconds (23.29 k allocations: 27.656 MiB)
7734
  1.782970 seconds (31.34 k allocations: 39.007 MiB)
1736
  2.560906 seconds (47.58 k allocations: 61.158 MiB)
3237
  2.971380 seconds (39.72 k allocations: 50.117 MiB)
6255
  1.706220 seconds (39.64 k allocations: 50.033 MiB)
9230
  1.709219 seconds (39.26 k allocations: 48.997 MiB)
4713
  1.687472 seconds (31.73 k allocations: 40.043 MiB)
1737
  2.309917 seconds (47.55 k allocations: 60.022 MiB)
7735
  1.926510 seconds (31.73 k allocations: 40.043 MiB)
6256
  2.447171 seconds (47.55 k allocations: 60.022 MiB)
3238
  1.701276 seconds (39.64 k allocations: 50.033 MiB)
9231
  1.706539 seconds (31.73 k allocations: 40.043 MiB)
1738
  2.577152 seconds (47.63 k allocations: 60.106 MiB)
4714
  2.158800 seconds (39.64 k allocations: 50.033 MiB)
7736
  1.707881 seconds (39.72 k allocations: 50.117 MiB)
6257
  1.701230 seconds (31.89 k allocations: 40.211 MiB)
9232
  1.839335 seconds (47.71 k allocations: 60.190 MiB)
3239
  1.766223 seconds (39.72 k allocations: 50.117 MiB)
1739
  2.380196 seconds (26.70 k allocations: 33.688 MiB, 3.28% gc time)
  2.595462 seconds (34.68 k allocations: 43.760 MiB, 3.01% gc time)
  1.972791 seconds (20.41 k allocations: 26.647 MiB, 3.95% gc time)
  1.801190 seconds (12.55 k allocations: 16.684 MiB, 4.33% gc time)
  1.755414 seconds (5.94 k allocations: 9.058 MiB, 4.44% gc time)
4715
6258
7737
3240
9233
  1.707806 seconds (32.59 k allocations: 39.916 MiB)
1740
  1.725426 seconds (18.26 k allocations: 24.279 MiB)
6259
  1.739866 seconds (23.51 k allocations: 29.102 MiB)
3241
  1.781349 seconds (31.64 k allocations: 40.538 MiB)
7738
  1.709842 seconds (23.98 k allocations: 30.222 MiB)
1741
  1.692521 seconds (21.11 k allocations: 26.084 MiB)
6260
  3.461010 seconds (56.19 k allocations: 71.351 MiB)
4716
  1.721678 seconds (31.89 k allocations: 40.211 MiB)
  1.697909 seconds (24.28 k allocations: 31.173 MiB)
3242
7739
  3.473493 seconds (68.49 k allocations: 85.921 MiB)
9234
  1.697588 seconds (31.64 k allocations: 39.959 MiB)
6261
  1.727633 seconds (43.61 k allocations: 55.302 MiB)
1742
  1.711632 seconds (39.56 k allocations: 49.949 MiB)
4717
  1.700675 seconds (31.26 k allocations: 38.923 MiB)
7740
  2.552101 seconds (47.09 k allocations: 58.902 MiB)
3243
  2.715658 seconds (39.56 k allocations: 49.949 MiB)
9235
  1.706144 seconds (39.64 k allocations: 50.033 MiB)
6262
  2.854898 seconds (34.66 k allocations: 43.740 MiB, 2.37% gc time)
  2.809307 seconds (26.37 k allocations: 32.718 MiB, 2.41% gc time)
  1.961611 seconds (11.01 k allocations: 13.826 MiB, 3.45% gc time)
  1.765055 seconds (4.21 k allocations: 6.649 MiB, 3.83% gc time)
  2.784298 seconds (20.59 k allocations: 27.721 MiB, 2.43% gc time)
1743
3244
4718
9236
7741
  1.700644 seconds (19.32 k allocations: 24.695 MiB)
1744
  1.716641 seconds (23.12 k allocations: 28.065 MiB)
3245
  1.806983 seconds (32.00 k allocations: 40.261 MiB)
6263
  2.905592 seconds (27.22 k allocations: 34.748 MiB)
9237
  1.714056 seconds (23.90 k allocations: 30.137 MiB)
1745
  4.004292 seconds (39.88 k allocations: 50.285 MiB)
  4.053361 seconds (55.39 k allocations: 69.311 MiB)
7742
4719
  1.697897 seconds (23.90 k allocations: 30.137 MiB)
9238
  1.709605 seconds (23.82 k allocations: 30.053 MiB)
1746
  3.411803 seconds (50.51 k allocations: 63.740 MiB)
3246
  3.396334 seconds (55.62 k allocations: 70.180 MiB)
6264
  1.704235 seconds (23.90 k allocations: 30.137 MiB)
9239
  1.723623 seconds (17.24 k allocations: 22.657 MiB)
1747
  4.087169 seconds (42.58 k allocations: 53.740 MiB, 1.87% gc time)
  3.003718 seconds (18.85 k allocations: 23.747 MiB, 2.55% gc time)
  4.087210 seconds (42.60 k allocations: 53.748 MiB, 1.87% gc time)
  2.880552 seconds (13.13 k allocations: 17.943 MiB, 2.66% gc time)
  1.788488 seconds (5.18 k allocations: 7.894 MiB, 4.28% gc time)
3247
7743
4720
6265
9240
  1.710296 seconds (31.48 k allocations: 38.332 MiB)
1748
  1.727910 seconds (23.20 k allocations: 28.149 MiB)
  1.738614 seconds (23.59 k allocations: 29.185 MiB)
3248
7744
  2.882091 seconds (39.19 k allocations: 48.296 MiB)
4721
  1.701085 seconds (23.90 k allocations: 30.137 MiB)
1749
  3.954617 seconds (39.80 k allocations: 50.201 MiB)
9241
  2.264068 seconds (25.62 k allocations: 31.943 MiB)
  3.988243 seconds (49.41 k allocations: 63.798 MiB)
3249
6266
  2.828495 seconds (39.64 k allocations: 50.033 MiB)
7745
  1.707943 seconds (31.73 k allocations: 40.043 MiB)
1750
  2.264747 seconds (47.63 k allocations: 60.106 MiB)
4722
  2.356883 seconds (39.26 k allocations: 48.997 MiB)
9242
  1.707317 seconds (15.82 k allocations: 19.980 MiB)
1751
  4.550273 seconds (45.63 k allocations: 56.191 MiB, 1.30% gc time)
  3.997973 seconds (30.17 k allocations: 37.227 MiB, 1.49% gc time)
  3.415505 seconds (15.89 k allocations: 20.116 MiB, 1.74% gc time)
  2.208300 seconds (8.03 k allocations: 10.156 MiB, 2.69% gc time)
  4.508285 seconds (41.15 k allocations: 52.923 MiB, 1.32% gc time)
3250
7746
4723
6267
9243
  1.692410 seconds (36.87 k allocations: 44.182 MiB)
1752
  1.786360 seconds (23.13 k allocations: 28.066 MiB)
4724
  2.628397 seconds (15.82 k allocations: 19.980 MiB)
9244
  3.035990 seconds (25.12 k allocations: 32.602 MiB)
6268
  3.273668 seconds (47.03 k allocations: 58.203 MiB)
7747
  1.706251 seconds (31.81 k allocations: 40.127 MiB)
1753
  3.412067 seconds (62.93 k allocations: 78.266 MiB)
3251
  1.989908 seconds (31.81 k allocations: 40.127 MiB)
9245
  1.703965 seconds (15.82 k allocations: 19.980 MiB)
1754
  3.421425 seconds (55.70 k allocations: 70.264 MiB)
4725
  2.485465 seconds (47.63 k allocations: 60.106 MiB)
6269
  2.777777 seconds (31.73 k allocations: 40.043 MiB)
3252
  3.391562 seconds (55.62 k allocations: 70.180 MiB)
7748
  1.698902 seconds (31.81 k allocations: 40.127 MiB)
1755
  2.439878 seconds (47.79 k allocations: 60.274 MiB)
9246
  1.697671 seconds (7.91 k allocations: 9.990 MiB)
  2.942106 seconds (16.13 k allocations: 20.717 MiB, 2.98% gc time)
  4.404354 seconds (40.06 k allocations: 50.925 MiB, 1.99% gc time)
  4.013603 seconds (32.42 k allocations: 41.576 MiB, 2.18% gc time)
  3.421789 seconds (25.07 k allocations: 33.249 MiB, 2.56% gc time)
  2.459844 seconds (1.20 k allocations: 3.115 MiB, 3.56% gc time)
1756
6270
7749
3253
9247
4726
  1.720423 seconds (24.23 k allocations: 30.921 MiB)
1757
  1.785379 seconds (23.13 k allocations: 28.066 MiB)
3254
  2.601684 seconds (15.99 k allocations: 20.148 MiB)
9248
  3.028506 seconds (39.05 k allocations: 49.367 MiB)
7750
  3.246888 seconds (47.48 k allocations: 59.885 MiB)
6271
  3.314688 seconds (39.72 k allocations: 50.117 MiB)
4727
  1.696476 seconds (39.64 k allocations: 50.033 MiB)
1758
  2.456809 seconds (39.64 k allocations: 50.033 MiB)
3255
  1.696709 seconds (7.91 k allocations: 9.990 MiB)
1759
  2.203919 seconds (31.81 k allocations: 40.127 MiB)
6272
  2.736925 seconds (47.63 k allocations: 60.106 MiB)
7751
  3.387747 seconds (63.45 k allocations: 80.085 MiB)
9249
  2.454951 seconds (31.73 k allocations: 40.043 MiB)
3256
  3.411647 seconds (55.62 k allocations: 70.180 MiB)
4728
  1.698389 seconds (31.73 k allocations: 40.043 MiB)
6273
  2.472829 seconds (47.55 k allocations: 60.022 MiB)
1760
  3.189985 seconds (27.34 k allocations: 34.332 MiB, 2.18% gc time)
  2.510576 seconds (19.41 k allocations: 24.286 MiB, 2.77% gc time)
  2.061703 seconds (3.56 k allocations: 4.293 MiB, 3.38% gc time)  3.458763 seconds (35.13 k allocations: 44.224 MiB, 2.01% gc time)

  2.449996 seconds (13.02 k allocations: 18.222 MiB, 2.84% gc time)
9250
3257
6274
7752
4729
  1.698322 seconds (14.52 k allocations: 19.759 MiB)
9251
  1.713724 seconds (14.46 k allocations: 16.716 MiB)
6275
  1.789569 seconds (23.59 k allocations: 29.185 MiB)
  1.803042 seconds (25.27 k allocations: 32.769 MiB)
3258
1761
  2.554417 seconds (39.49 k allocations: 49.248 MiB)
7753
  2.959846 seconds (39.80 k allocations: 50.201 MiB)
4730
  1.714867 seconds (31.73 k allocations: 40.043 MiB)
6276
  1.738562 seconds (45.58 k allocations: 57.322 MiB)
9252
  1.701969 seconds (31.64 k allocations: 39.959 MiB)
1762
  1.909169 seconds (31.64 k allocations: 39.959 MiB)
7754
  1.928605 seconds (31.64 k allocations: 39.959 MiB)
4731
  3.269282 seconds (55.38 k allocations: 69.928 MiB)
3259
  1.719434 seconds (39.56 k allocations: 49.949 MiB)
6277
  1.712925 seconds (31.73 k allocations: 40.043 MiB)
1763
  2.207276 seconds (47.55 k allocations: 60.022 MiB)
9253
  1.984441 seconds (39.72 k allocations: 50.117 MiB)
7755
  1.702918 seconds (23.82 k allocations: 30.053 MiB)
6278
  3.540762 seconds (42.55 k allocations: 53.682 MiB, 2.18% gc time)  3.254164 seconds (18.72 k allocations: 23.628 MiB, 2.37% gc time)

  3.403510 seconds (34.62 k allocations: 43.691 MiB, 2.27% gc time)
  2.814252 seconds (12.19 k allocations: 17.006 MiB, 2.75% gc time)
  1.992229 seconds (5.00 k allocations: 8.365 MiB, 3.88% gc time)
1764
3260
4732
7756
9254
  1.781922 seconds (8.88 k allocations: 11.572 MiB)
3261
  1.805475 seconds (20.71 k allocations: 26.808 MiB)
6279
  1.951220 seconds (35.93 k allocations: 45.488 MiB)
1765
  1.982859 seconds (31.33 k allocations: 39.006 MiB)
7757
  2.619242 seconds (45.49 k allocations: 56.595 MiB)
4733
  3.407206 seconds (39.64 k allocations: 50.033 MiB)
9255
  1.700380 seconds (31.64 k allocations: 39.959 MiB)
6280
  1.785181 seconds (41.99 k allocations: 53.662 MiB)
3262
  1.705266 seconds (39.64 k allocations: 50.033 MiB)
1766
  1.997080 seconds (39.72 k allocations: 50.117 MiB)
7758
  2.178727 seconds (39.72 k allocations: 50.117 MiB)
4734
  1.705554 seconds (31.73 k allocations: 40.043 MiB)
6281
  1.712431 seconds (23.82 k allocations: 30.053 MiB)
1767
  1.977389 seconds (55.62 k allocations: 70.180 MiB)
9256
  2.301865 seconds (47.63 k allocations: 60.106 MiB)
3263
  2.398078 seconds (39.72 k allocations: 50.117 MiB)
7759
  1.701108 seconds (31.81 k allocations: 40.127 MiB)
6282
  3.658137 seconds (46.06 k allocations: 57.282 MiB, 2.34% gc time)
  2.561618 seconds (14.41 k allocations: 17.292 MiB, 3.35% gc time)
  3.062348 seconds (22.42 k allocations: 27.368 MiB, 2.80% gc time)
  3.102174 seconds (30.29 k allocations: 37.334 MiB, 2.76% gc time)
  2.046217 seconds (8.00 k allocations: 11.260 MiB, 4.19% gc time)
9257
3264
1768
7760
4735
  1.727466 seconds (3.99 k allocations: 5.288 MiB)
3265
  1.743191 seconds (21.75 k allocations: 29.067 MiB)
9258
  1.745707 seconds (24.29 k allocations: 32.355 MiB)
6283
  1.797517 seconds (26.93 k allocations: 34.453 MiB)
1769
  3.405612 seconds (31.89 k allocations: 40.211 MiB)
  1.693922 seconds (23.49 k allocations: 29.674 MiB)
  3.420035 seconds (32.35 k allocations: 41.439 MiB)
7761
3266
  1.696642 seconds (24.20 k allocations: 31.089 MiB)
4736
9259
  1.706350 seconds (39.72 k allocations: 50.116 MiB)
6284
  1.703442 seconds (39.72 k allocations: 50.117 MiB)
1770
  1.695251 seconds (31.51 k allocations: 39.175 MiB)
3267
  1.698707 seconds (23.32 k allocations: 28.855 MiB)
9260
  1.704814 seconds (23.90 k allocations: 30.137 MiB)
6285
  1.704831 seconds (23.90 k allocations: 30.137 MiB)
1771
  1.692083 seconds (23.90 k allocations: 30.137 MiB)
3268
  3.401582 seconds (64.08 k allocations: 80.781 MiB)
  3.531484 seconds (50.70 k allocations: 63.935 MiB, 1.44% gc time)
  1.818852 seconds (19.30 k allocations: 24.843 MiB, 2.79% gc time)
  1.746294 seconds (3.57 k allocations: 5.021 MiB, 2.91% gc time)
  1.803210 seconds (11.47 k allocations: 14.993 MiB, 2.82% gc time)
7762
9261
1772
6286
4737
  1.712807 seconds (28.29 k allocations: 35.011 MiB)
3269
  1.723596 seconds (13.65 k allocations: 17.067 MiB)
1773
  1.735901 seconds (22.32 k allocations: 27.829 MiB)
  1.738791 seconds (20.38 k allocations: 26.497 MiB)
7763
6287
  2.572413 seconds (31.81 k allocations: 40.127 MiB)
9262
  1.693459 seconds (31.81 k allocations: 40.127 MiB)
3270
  1.695663 seconds (31.81 k allocations: 40.127 MiB)
1774
  1.699307 seconds (23.73 k allocations: 29.969 MiB)
6288
  3.436047 seconds (59.70 k allocations: 75.036 MiB)
4738
  2.109189 seconds (39.56 k allocations: 49.949 MiB)
7764
  1.695315 seconds (31.64 k allocations: 39.959 MiB)
3271
  1.699800 seconds (31.64 k allocations: 39.959 MiB)
1775
  1.702004 seconds (31.26 k allocations: 38.923 MiB)
6289
  1.888205 seconds (31.73 k allocations: 40.043 MiB)
4739
  3.391811 seconds (71.28 k allocations: 89.991 MiB)
9263
  2.433857 seconds (39.72 k allocations: 50.117 MiB)
7765
  1.692412 seconds (39.72 k allocations: 50.117 MiB)
3272
  3.555501 seconds (38.38 k allocations: 47.533 MiB, 0.39% gc time)
  3.526488 seconds (30.46 k allocations: 37.510 MiB, 0.40% gc time)
  2.369985 seconds (6.72 k allocations: 7.508 MiB, 0.59% gc time)
  3.306344 seconds (22.67 k allocations: 27.602 MiB, 0.42% gc time)
  2.698083 seconds (16.41 k allocations: 21.408 MiB, 0.52% gc time)
7766
4740
1776
6290
9264
  1.693774 seconds (33.30 k allocations: 40.081 MiB)
3273
  1.691868 seconds (17.82 k allocations: 23.784 MiB)
7767
  1.743132 seconds (15.83 k allocations: 19.980 MiB)
4741
  1.794458 seconds (23.74 k allocations: 29.970 MiB)
6291
  1.799681 seconds (30.32 k allocations: 37.386 MiB)
9265
  1.806650 seconds (38.38 k allocations: 47.529 MiB)
1777
  1.692837 seconds (34.19 k allocations: 43.775 MiB)
3274
  1.693518 seconds (36.19 k allocations: 45.288 MiB)
7768
  1.702328 seconds (39.64 k allocations: 50.033 MiB)
4742
  1.691585 seconds (28.50 k allocations: 36.057 MiB)
  1.698199 seconds (36.95 k allocations: 47.120 MiB)
9266
6292
  1.702564 seconds (39.64 k allocations: 50.033 MiB)
1778
  1.695102 seconds (31.73 k allocations: 40.043 MiB)
  1.700148 seconds (34.58 k allocations: 44.663 MiB)
7769
3275
  1.698476 seconds (39.80 k allocations: 50.201 MiB)
4743
  1.702095 seconds (31.89 k allocations: 40.211 MiB)
9267
  1.704290 seconds (33.17 k allocations: 42.211 MiB)
6293
  1.702309 seconds (39.80 k allocations: 50.201 MiB)
1779
  1.699393 seconds (31.73 k allocations: 40.043 MiB)
7770
  1.807832 seconds (11.03 k allocations: 15.068 MiB, 3.89% gc time)
  1.859702 seconds (26.80 k allocations: 33.789 MiB, 3.78% gc time)
  1.932075 seconds (34.70 k allocations: 43.771 MiB, 3.64% gc time)
  1.805485 seconds (11.02 k allocations: 13.806 MiB, 3.90% gc time)
  1.792727 seconds (4.83 k allocations: 7.735 MiB, 3.92% gc time)
9268
6294
3276
4744
1780
  1.694878 seconds (28.88 k allocations: 35.631 MiB)
7771
  1.720866 seconds (14.90 k allocations: 18.341 MiB)
9269
  1.729207 seconds (14.51 k allocations: 18.631 MiB)
6295
  1.738810 seconds (28.63 k allocations: 36.182 MiB)
3277
  2.580045 seconds (31.81 k allocations: 40.127 MiB)
4745
  2.993643 seconds (39.72 k allocations: 50.117 MiB)
1781
  1.697885 seconds (39.80 k allocations: 50.201 MiB)
7772
  1.701852 seconds (31.49 k allocations: 39.174 MiB)
6296
  1.708898 seconds (31.81 k allocations: 40.127 MiB)
3278
  1.922549 seconds (31.89 k allocations: 40.211 MiB)
4746
  3.090484 seconds (55.92 k allocations: 71.711 MiB)
9270
  1.704636 seconds (31.81 k allocations: 40.127 MiB)
7773
  1.710402 seconds (31.81 k allocations: 40.127 MiB)
6297
  1.707089 seconds (31.73 k allocations: 40.043 MiB)
3279
  2.808583 seconds (63.61 k allocations: 80.253 MiB)
1782
  1.843348 seconds (39.72 k allocations: 50.117 MiB)
4747
  1.817608 seconds (39.64 k allocations: 50.033 MiB)
9271
  1.701162 seconds (39.64 k allocations: 50.033 MiB)
7774
  3.224501 seconds (30.37 k allocations: 37.426 MiB, 2.31% gc time)
  3.242188 seconds (38.30 k allocations: 47.439 MiB, 2.30% gc time)
  2.565839 seconds (22.50 k allocations: 27.455 MiB, 2.90% gc time)
  1.749829 seconds (6.89 k allocations: 7.768 MiB, 4.26% gc time)
  2.013472 seconds (14.72 k allocations: 17.609 MiB, 3.70% gc time)
1783
4748
3280
9272
6298
  1.708894 seconds (35.97 k allocations: 42.790 MiB)
7775
  1.732131 seconds (7.91 k allocations: 9.990 MiB)
  1.737612 seconds (8.87 k allocations: 13.719 MiB)
9273
3281
  1.743294 seconds (23.82 k allocations: 30.054 MiB)
4749
  1.791564 seconds (31.73 k allocations: 40.043 MiB)
1784
  1.816367 seconds (39.64 k allocations: 50.033 MiB)
6299
  1.692726 seconds (39.64 k allocations: 50.033 MiB)
7776
  1.692415 seconds (31.65 k allocations: 39.959 MiB)
9274
  1.705428 seconds (31.64 k allocations: 39.959 MiB)
4750
  1.735494 seconds (47.24 k allocations: 59.273 MiB)
3282
  1.698699 seconds (39.64 k allocations: 50.033 MiB)
1785
  1.708111 seconds (39.64 k allocations: 50.033 MiB)
6300
  1.699568 seconds (39.64 k allocations: 50.033 MiB)
7777
  1.696888 seconds (39.72 k allocations: 50.117 MiB)
9275
  1.699401 seconds (39.80 k allocations: 50.201 MiB)
4751
  1.692997 seconds (31.81 k allocations: 40.127 MiB)
1786
  1.716395 seconds (41.80 k allocations: 52.933 MiB)
3283
  1.711284 seconds (39.88 k allocations: 50.285 MiB)
6301
  1.699142 seconds (39.80 k allocations: 50.201 MiB)
7778
  1.697059 seconds (39.80 k allocations: 50.201 MiB)
9276
  3.317621 seconds (34.89 k allocations: 43.968 MiB, 2.18% gc time)
  3.281756 seconds (19.00 k allocations: 23.888 MiB, 2.20% gc time)
  3.279553 seconds (19.12 k allocations: 24.020 MiB, 2.20% gc time)
  1.670113 seconds (3.32 k allocations: 4.071 MiB, 4.32% gc time)
  3.226852 seconds (11.28 k allocations: 14.098 MiB, 2.24% gc time)
1787
4752
7779
3284
6302
  1.692324 seconds (26.59 k allocations: 33.242 MiB)
9277
  1.720796 seconds (8.04 k allocations: 11.342 MiB)
7780
  1.783193 seconds (15.98 k allocations: 20.148 MiB)
1788
  1.795112 seconds (23.90 k allocations: 30.138 MiB)
6303
  1.806388 seconds (31.81 k allocations: 40.127 MiB)
4753
  1.809491 seconds (35.00 k allocations: 44.088 MiB)
3285
  1.691525 seconds (39.72 k allocations: 50.117 MiB)
9278
  1.693148 seconds (39.72 k allocations: 50.117 MiB)
7781
  1.688511 seconds (39.72 k allocations: 50.117 MiB)
1789
  1.707150 seconds (39.80 k allocations: 50.201 MiB)
6304
  1.704576 seconds (33.90 k allocations: 43.482 MiB)
4754
  1.703128 seconds (32.80 k allocations: 41.844 MiB)
3286
  1.696095 seconds (39.64 k allocations: 50.033 MiB)
9279
  1.694808 seconds (39.64 k allocations: 50.033 MiB)
7782
  1.709094 seconds (39.56 k allocations: 49.949 MiB)
1790
  1.697379 seconds (23.84 k allocations: 31.307 MiB)
4755
  1.718317 seconds (47.07 k allocations: 58.901 MiB)
6305
  1.718624 seconds (39.56 k allocations: 49.949 MiB)
3287
  1.695580 seconds (39.56 k allocations: 49.949 MiB)
9280
  1.936699 seconds (38.16 k allocations: 47.299 MiB, 5.01% gc time)
  1.831740 seconds (21.93 k allocations: 26.202 MiB, 5.29% gc time)
  1.857782 seconds (30.36 k allocations: 37.427 MiB, 5.22% gc time)
  1.821506 seconds (14.62 k allocations: 17.497 MiB, 5.32% gc time)
  1.808249 seconds (6.77 k allocations: 7.560 MiB, 5.36% gc time)
6306
3288
1791
4756
7783
  1.693617 seconds (34.42 k allocations: 41.288 MiB)
9281
  1.730175 seconds (8.00 k allocations: 10.074 MiB)
1792
  1.735079 seconds (10.00 k allocations: 14.047 MiB)
3289
  1.737716 seconds (14.29 k allocations: 19.105 MiB)
  1.733009 seconds (15.67 k allocations: 19.974 MiB)
4757
  1.737332 seconds (17.18 k allocations: 22.147 MiB)
7784
6307
  1.677162 seconds (39.72 k allocations: 50.117 MiB)
9282
  1.695249 seconds (8.00 k allocations: 10.074 MiB)
7785
  1.703754 seconds (15.31 k allocations: 18.239 MiB)
4758
  1.711716 seconds (22.20 k allocations: 27.185 MiB)
6308
  1.729718 seconds (40.10 k allocations: 53.489 MiB)
1793
  1.735996 seconds (39.45 k allocations: 48.615 MiB)
3290
  1.692096 seconds (39.88 k allocations: 50.285 MiB)
9283
  1.691127 seconds (37.24 k allocations: 46.896 MiB)
7786
  1.698256 seconds (36.96 k allocations: 46.605 MiB)
4759
  1.706701 seconds (39.72 k allocations: 50.117 MiB)
6309
  1.697108 seconds (32.79 k allocations: 41.126 MiB)
1794
  1.706129 seconds (39.64 k allocations: 50.033 MiB)
3291
  1.693008 seconds (39.64 k allocations: 50.033 MiB)
9284
  1.694177 seconds (39.72 k allocations: 50.117 MiB)
7787
  3.245215 seconds (34.62 k allocations: 43.693 MiB, 1.22% gc time)
  3.224891 seconds (18.83 k allocations: 23.724 MiB, 1.23% gc time)
  3.229699 seconds (20.45 k allocations: 26.583 MiB, 1.23% gc time)
  3.207042 seconds (11.07 k allocations: 13.859 MiB, 1.24% gc time)
  1.632266 seconds (3.15 k allocations: 3.830 MiB, 2.43% gc time)
9285
6310
3292
4760
1795
  1.694913 seconds (26.53 k allocations: 33.179 MiB)
7788
  1.711763 seconds (10.65 k allocations: 17.695 MiB)
9286
  1.780921 seconds (15.90 k allocations: 20.064 MiB)
1796
  1.805449 seconds (23.82 k allocations: 30.054 MiB)
  1.805859 seconds (24.20 k allocations: 31.089 MiB)
3293
4761
  1.815367 seconds (39.72 k allocations: 50.117 MiB)
6311
  1.694366 seconds (39.64 k allocations: 50.033 MiB)
7789
  1.691289 seconds (39.72 k allocations: 50.117 MiB)
9287
  1.689499 seconds (39.72 k allocations: 50.117 MiB)
1797
  1.700689 seconds (31.81 k allocations: 40.127 MiB)
3294
  1.703605 seconds (34.67 k allocations: 43.739 MiB)
4762
  1.700554 seconds (39.72 k allocations: 48.891 MiB)
6312
  1.695587 seconds (39.80 k allocations: 50.201 MiB)
7790
  1.694125 seconds (39.80 k allocations: 50.201 MiB)
9288
  1.692221 seconds (39.72 k allocations: 50.117 MiB)
1798
  1.697524 seconds (30.11 k allocations: 37.688 MiB)
4763
  1.705153 seconds (31.64 k allocations: 39.959 MiB)
  1.715041 seconds (40.22 k allocations: 52.270 MiB)
6313
3295
  1.698572 seconds (39.64 k allocations: 50.033 MiB)
7791
  1.921529 seconds (38.09 k allocations: 47.232 MiB, 3.78% gc time)
  1.842363 seconds (30.24 k allocations: 37.290 MiB, 3.94% gc time)
  1.808821 seconds (22.39 k allocations: 27.360 MiB, 4.02% gc time)
  1.781553 seconds (6.57 k allocations: 7.397 MiB, 4.08% gc time)
  1.793395 seconds (10.81 k allocations: 12.946 MiB, 4.05% gc time)
1799
6314
3296
4764
9289
  1.695039 seconds (30.57 k allocations: 37.280 MiB)
7792
  1.709453 seconds (16.30 k allocations: 23.452 MiB)
3297
  1.730678 seconds (15.99 k allocations: 20.148 MiB)
  1.734343 seconds (16.28 k allocations: 21.007 MiB)
1800
6315
  1.735615 seconds (18.61 k allocations: 24.236 MiB)
4765
  1.734883 seconds (24.93 k allocations: 31.366 MiB)
9290
  1.694308 seconds (39.88 k allocations: 50.285 MiB)
7793
  1.705036 seconds (39.80 k allocations: 50.201 MiB)
3298
  1.690729 seconds (18.50 k allocations: 23.934 MiB)
  1.690732 seconds (16.20 k allocations: 21.016 MiB)
  1.704598 seconds (19.30 k allocations: 26.028 MiB)
1801
9291
4766
  1.709965 seconds (31.02 k allocations: 38.790 MiB)
6316
  1.699168 seconds (39.72 k allocations: 50.117 MiB)
7794
  1.696824 seconds (11.21 k allocations: 14.568 MiB)
9292
  1.727575 seconds (41.53 k allocations: 52.664 MiB)
  1.700365 seconds (13.61 k allocations: 17.771 MiB)
4767
3299
  1.705397 seconds (24.22 k allocations: 29.947 MiB)
1802
  1.714979 seconds (39.56 k allocations: 49.949 MiB)
6317
  1.695100 seconds (39.56 k allocations: 49.949 MiB)
7795
  1.695541 seconds (26.39 k allocations: 34.422 MiB)
9293
  3.401917 seconds (20.73 k allocations: 26.890 MiB, 2.09% gc time)
  3.400232 seconds (19.27 k allocations: 25.375 MiB, 2.09% gc time)
  3.397554 seconds (18.80 k allocations: 23.721 MiB, 2.09% gc time)
  1.761870 seconds (3.21 k allocations: 3.903 MiB, 4.03% gc time)
  3.384334 seconds (11.20 k allocations: 13.976 MiB, 2.10% gc time)
1803
3300
7796
6318
4768
  1.692786 seconds (27.48 k allocations: 34.128 MiB)
9294
  1.728574 seconds (7.92 k allocations: 9.990 MiB)
7797
  1.787327 seconds (15.90 k allocations: 20.064 MiB)
1804
  1.799044 seconds (23.82 k allocations: 30.054 MiB)
  1.799138 seconds (24.21 k allocations: 31.091 MiB)
3301
4769
  1.806797 seconds (39.72 k allocations: 50.116 MiB)
6319
  1.691100 seconds (39.72 k allocations: 50.117 MiB)
9295
  1.692755 seconds (39.72 k allocations: 50.117 MiB)
7798
  1.691177 seconds (39.42 k allocations: 49.165 MiB)
1805
  1.703363 seconds (31.41 k allocations: 39.090 MiB)
4770
  1.707319 seconds (34.12 k allocations: 42.537 MiB)
3302
  1.703691 seconds (34.36 k allocations: 43.431 MiB)
6320
  1.692193 seconds (39.72 k allocations: 50.117 MiB)
9296
  1.693164 seconds (39.64 k allocations: 50.033 MiB)
7799
  1.691940 seconds (39.64 k allocations: 50.033 MiB)
1806
  1.696483 seconds (36.62 k allocations: 46.047 MiB)
4771
  1.701484 seconds (31.64 k allocations: 39.959 MiB)
  1.704819 seconds (32.86 k allocations: 42.821 MiB)
6321
3303
  1.693119 seconds (39.64 k allocations: 50.033 MiB)
9297
  1.833073 seconds (38.25 k allocations: 47.389 MiB, 0.80% gc time)
  1.772471 seconds (30.41 k allocations: 37.472 MiB, 0.83% gc time)
  1.746829 seconds (22.60 k allocations: 27.622 MiB, 0.84% gc time)
  1.726715 seconds (6.79 k allocations: 7.684 MiB, 0.85% gc time)
  1.729522 seconds (7.00 k allocations: 9.177 MiB, 0.85% gc time)
3304
1807
6322
4772
7800
  1.690255 seconds (32.94 k allocations: 39.767 MiB)
9298
  1.706012 seconds (18.09 k allocations: 25.265 MiB)
3305
  1.722935 seconds (17.46 k allocations: 22.873 MiB)
4773
  1.728174 seconds (23.82 k allocations: 30.053 MiB)
1808
  1.734124 seconds (27.98 k allocations: 36.221 MiB)
6323
  1.734578 seconds (39.38 k allocations: 48.538 MiB)
7801
  1.691742 seconds (39.64 k allocations: 50.033 MiB)
9299
  1.702579 seconds (39.56 k allocations: 49.949 MiB)
3306
  1.686445 seconds (25.20 k allocations: 32.688 MiB)
1809
  1.703846 seconds (47.24 k allocations: 59.106 MiB)
4774
  1.691977 seconds (31.65 k allocations: 38.733 MiB)
7802
  1.700296 seconds (38.77 k allocations: 49.143 MiB)
6324
  1.691599 seconds (39.72 k allocations: 50.117 MiB)
9300
  1.693556 seconds (31.34 k allocations: 39.007 MiB)
1810
  1.710693 seconds (42.94 k allocations: 54.107 MiB)
3307
  1.697417 seconds (37.94 k allocations: 47.050 MiB)
4775
  1.692244 seconds (28.08 k allocations: 35.100 MiB)
7803
  1.711642 seconds (39.56 k allocations: 49.949 MiB)
6325
  1.693953 seconds (39.56 k allocations: 49.949 MiB)
9301
  1.688923 seconds (32.89 k allocations: 42.459 MiB)
1811
  3.323163 seconds (19.01 k allocations: 23.914 MiB, 1.28% gc time)
  3.341513 seconds (34.35 k allocations: 42.780 MiB, 1.27% gc time)
  3.329388 seconds (22.03 k allocations: 28.214 MiB, 1.28% gc time)
  3.309748 seconds (11.29 k allocations: 14.195 MiB, 1.29% gc time)
  1.692320 seconds (4.60 k allocations: 7.506 MiB, 2.52% gc time)
7804
6326
3308
4776
9302
  1.684613 seconds (15.62 k allocations: 21.066 MiB)
6327
  1.790548 seconds (15.52 k allocations: 19.028 MiB)
3309
  1.804364 seconds (24.65 k allocations: 32.889 MiB)
1812
  1.805837 seconds (30.48 k allocations: 36.909 MiB)
4777
  2.544527 seconds (39.83 k allocations: 51.002 MiB)
7805
  3.154161 seconds (39.80 k allocations: 50.201 MiB)
9303
  1.785386 seconds (39.72 k allocations: 50.117 MiB)
6328
  1.699281 seconds (39.42 k allocations: 49.418 MiB)
  1.695514 seconds (31.73 k allocations: 40.043 MiB)
3310
1813
  2.060135 seconds (39.72 k allocations: 50.117 MiB)
4778
  1.808116 seconds (39.64 k allocations: 50.033 MiB)
7806
  1.693105 seconds (39.72 k allocations: 50.117 MiB)
9304
  1.704529 seconds (39.72 k allocations: 50.117 MiB)
6329
  1.699914 seconds (31.81 k allocations: 40.127 MiB)
1814
  1.709974 seconds (39.72 k allocations: 50.117 MiB)
3311
  1.698323 seconds (39.80 k allocations: 50.201 MiB)
4779
  1.692004 seconds (39.72 k allocations: 50.117 MiB)
7807
  1.710018 seconds (39.72 k allocations: 50.117 MiB)
9305
  1.693777 seconds (39.64 k allocations: 50.033 MiB)
6330
  3.037648 seconds (34.66 k allocations: 43.730 MiB, 0.56% gc time)
  3.027648 seconds (26.74 k allocations: 33.722 MiB, 0.57% gc time)
  2.660634 seconds (18.94 k allocations: 23.814 MiB, 0.64% gc time)
  2.181746 seconds (11.05 k allocations: 13.847 MiB, 0.79% gc time)
  1.651023 seconds (4.57 k allocations: 7.523 MiB, 1.04% gc time)
7808
1815
3312
4780
9306
  1.687697 seconds (14.23 k allocations: 18.232 MiB)
  1.693004 seconds (15.68 k allocations: 20.348 MiB)
1816
7809
  1.795726 seconds (21.77 k allocations: 27.268 MiB)
3313
  1.803732 seconds (27.96 k allocations: 36.795 MiB)
6331
  2.558026 seconds (31.89 k allocations: 40.211 MiB)
9307
  2.586150 seconds (36.16 k allocations: 45.274 MiB)
4781
  1.698761 seconds (15.82 k allocations: 19.980 MiB)
  1.697691 seconds (16.20 k allocations: 21.016 MiB)
3314
6332
  2.129039 seconds (47.63 k allocations: 60.106 MiB)
7810
  2.426394 seconds (63.14 k allocations: 79.132 MiB)
1817
  1.696248 seconds (39.26 k allocations: 48.997 MiB)
9308
  2.073736 seconds (39.72 k allocations: 50.117 MiB)
4782
  1.708466 seconds (31.82 k allocations: 40.129 MiB)
  1.708336 seconds (31.81 k allocations: 40.127 MiB)
3315
6333
  1.695256 seconds (39.64 k allocations: 50.033 MiB)
7811
  1.687521 seconds (39.64 k allocations: 50.033 MiB)
1818
  1.684416 seconds (39.56 k allocations: 49.949 MiB)
9309
  1.702350 seconds (39.56 k allocations: 49.949 MiB)
4783
  1.698197 seconds (31.64 k allocations: 39.959 MiB)
6334
  2.141229 seconds (14.58 k allocations: 17.453 MiB, 3.06% gc time)  2.916838 seconds (38.20 k allocations: 47.338 MiB, 2.25% gc time)

  2.598403 seconds (30.34 k allocations: 37.403 MiB, 2.52% gc time)
  2.319688 seconds (22.46 k allocations: 27.425 MiB, 2.83% gc time)
  1.730230 seconds (7.97 k allocations: 10.640 MiB, 3.79% gc time)
9310
3316
1819
7812
4784
  1.714374 seconds (6.75 k allocations: 8.111 MiB)
1820
  1.782124 seconds (11.56 k allocations: 14.947 MiB)
  1.793774 seconds (12.55 k allocations: 16.597 MiB)
9311
3317
  1.809587 seconds (34.49 k allocations: 44.672 MiB)
6335
  2.586978 seconds (41.99 k allocations: 55.474 MiB)
7813
  3.417276 seconds (39.64 k allocations: 50.033 MiB)
  1.704711 seconds (32.03 k allocations: 40.995 MiB)
4785
1821
  1.693282 seconds (31.34 k allocations: 39.007 MiB)
9312
  1.711510 seconds (39.34 k allocations: 49.081 MiB)
3318
  1.696211 seconds (31.89 k allocations: 40.211 MiB)
7814
  2.546274 seconds (47.79 k allocations: 60.274 MiB)
6336
  1.709847 seconds (31.89 k allocations: 40.211 MiB)
1822
  1.709287 seconds (23.90 k allocations: 30.137 MiB)
3319
  1.698947 seconds (23.90 k allocations: 30.137 MiB)
7815
  1.695825 seconds (23.90 k allocations: 30.137 MiB)
6337
  1.708682 seconds (23.82 k allocations: 30.053 MiB)
1823
  3.436427 seconds (64.88 k allocations: 82.246 MiB)
4786
  4.333556 seconds (58.82 k allocations: 74.772 MiB, 1.47% gc time)
  2.591520 seconds (19.05 k allocations: 24.576 MiB, 2.47% gc time)
  1.835320 seconds (13.04 k allocations: 17.903 MiB, 3.48% gc time)
  1.745977 seconds (5.36 k allocations: 8.222 MiB, 3.66% gc time)
9313
3320
6338
7816
  1.698201 seconds (25.46 k allocations: 32.412 MiB)
1824
  1.744598 seconds (15.54 k allocations: 19.030 MiB)
4787
  1.760530 seconds (23.45 k allocations: 29.019 MiB)
6339
  1.800823 seconds (31.36 k allocations: 39.009 MiB)
3321
  2.555125 seconds (31.73 k allocations: 40.043 MiB)
  2.597863 seconds (39.74 k allocations: 50.118 MiB)
7817
9314
  1.702874 seconds (39.72 k allocations: 50.117 MiB)
1825
  1.702684 seconds (23.90 k allocations: 30.137 MiB)
3322
  2.121313 seconds (47.79 k allocations: 60.274 MiB)
  2.096596 seconds (40.26 k allocations: 51.320 MiB)
4788
6340
  2.314803 seconds (31.97 k allocations: 40.295 MiB)
9315
  2.338388 seconds (47.48 k allocations: 59.321 MiB)
7818
  1.715783 seconds (39.88 k allocations: 50.285 MiB)
1826
  1.716820 seconds (39.88 k allocations: 50.285 MiB)
3323
  2.211438 seconds (31.89 k allocations: 40.211 MiB)
6341
  1.697723 seconds (31.59 k allocations: 39.259 MiB)
9316
  2.813887 seconds (49.55 k allocations: 63.296 MiB)
4789
  1.710667 seconds (31.89 k allocations: 40.211 MiB)
1827
  2.263434 seconds (14.26 k allocations: 17.157 MiB, 4.48% gc time)  3.661721 seconds (30.10 k allocations: 37.158 MiB, 2.77% gc time)

  3.951455 seconds (46.12 k allocations: 57.343 MiB, 2.57% gc time)
  2.182060 seconds (8.09 k allocations: 10.835 MiB, 4.65% gc time)
  2.757825 seconds (24.13 k allocations: 31.073 MiB, 3.68% gc time)
7819
9317
3324
6342
4790
  1.759648 seconds (29.36 k allocations: 36.753 MiB)
1828
  1.804865 seconds (23.13 k allocations: 28.066 MiB)
3325
  2.300415 seconds (15.90 k allocations: 20.064 MiB)
4791
  2.435988 seconds (39.04 k allocations: 48.129 MiB)
7820
  2.594495 seconds (47.03 k allocations: 58.203 MiB)
9318
  2.849914 seconds (39.72 k allocations: 50.117 MiB)
6343
  1.712610 seconds (31.81 k allocations: 40.127 MiB)
3326
  2.092009 seconds (47.79 k allocations: 60.274 MiB)
1829
  1.740859 seconds (39.80 k allocations: 50.201 MiB)
4792
  1.718041 seconds (23.82 k allocations: 30.053 MiB)
6344
  2.333636 seconds (39.80 k allocations: 50.201 MiB)
9319
  1.714661 seconds (31.73 k allocations: 40.043 MiB)
3327
  2.945744 seconds (63.53 k allocations: 80.169 MiB)
7821
  1.778702 seconds (39.64 k allocations: 50.033 MiB)
1830
  1.718017 seconds (31.64 k allocations: 39.959 MiB)
6345
  2.352145 seconds (47.63 k allocations: 60.106 MiB)
4793
  1.708673 seconds (31.81 k allocations: 40.127 MiB)
3328
  3.171963 seconds (26.71 k allocations: 33.703 MiB, 2.16% gc time)
  2.857615 seconds (18.82 k allocations: 23.738 MiB, 2.40% gc time)
  3.626052 seconds (44.37 k allocations: 56.851 MiB, 1.89% gc time)
  2.239679 seconds (12.77 k allocations: 16.944 MiB, 3.06% gc time)
  2.126132 seconds (4.78 k allocations: 6.875 MiB, 3.22% gc time)
7822
6346
1831
9320
4794
  1.717744 seconds (7.61 k allocations: 9.039 MiB)
1832
  1.762882 seconds (35.34 k allocations: 44.642 MiB)
3329
  1.777382 seconds (23.73 k allocations: 30.540 MiB)
6347
  1.796213 seconds (31.51 k allocations: 39.175 MiB)
9321
  2.175187 seconds (39.42 k allocations: 49.165 MiB)
7823
  2.181104 seconds (39.72 k allocations: 50.117 MiB)
4795
  1.698982 seconds (31.73 k allocations: 40.043 MiB)
3330
  1.751576 seconds (31.64 k allocations: 39.959 MiB)
6348
  1.856852 seconds (55.54 k allocations: 70.096 MiB)
1833
  1.867786 seconds (39.56 k allocations: 49.949 MiB)
9322
  1.696367 seconds (39.56 k allocations: 49.949 MiB)
7824
  1.698342 seconds (39.64 k allocations: 50.033 MiB)
4796
  1.716925 seconds (39.64 k allocations: 50.033 MiB)
3331
  1.722204 seconds (39.64 k allocations: 50.033 MiB)
6349
  1.792863 seconds (31.73 k allocations: 40.043 MiB)
9323
  1.711623 seconds (31.64 k allocations: 39.959 MiB)
7825
  2.161279 seconds (55.54 k allocations: 70.096 MiB)
1834
  2.110301 seconds (39.64 k allocations: 50.033 MiB)
4797
  1.700283 seconds (39.64 k allocations: 50.033 MiB)
3332
  2.313812 seconds (30.24 k allocations: 37.296 MiB, 3.45% gc time)
  2.535927 seconds (38.10 k allocations: 47.243 MiB, 3.14% gc time)
  2.025924 seconds (14.40 k allocations: 17.268 MiB, 3.94% gc time)
  2.190174 seconds (22.32 k allocations: 27.261 MiB, 3.64% gc time)
  1.746629 seconds (8.01 k allocations: 11.110 MiB, 4.57% gc time)
9324
1835
7826
6350
4798
  1.716047 seconds (8.52 k allocations: 11.189 MiB)
1836
  1.747927 seconds (26.79 k allocations: 34.299 MiB)
3333
  1.795238 seconds (23.52 k allocations: 29.102 MiB)
7827
  1.808675 seconds (25.28 k allocations: 31.609 MiB)
6351
  2.568842 seconds (31.73 k allocations: 40.043 MiB)
  2.597145 seconds (49.66 k allocations: 64.035 MiB)
4799
9325
  1.692485 seconds (39.56 k allocations: 49.949 MiB)
1837
  1.702600 seconds (23.82 k allocations: 30.053 MiB)
6352
  2.098514 seconds (47.55 k allocations: 60.022 MiB)
3334
  2.072522 seconds (40.50 k allocations: 50.920 MiB)
7828
  2.104366 seconds (31.81 k allocations: 40.127 MiB)
9326
  2.269794 seconds (47.32 k allocations: 59.153 MiB)
4800
  1.709836 seconds (31.81 k allocations: 40.127 MiB)
6353
  1.966223 seconds (47.71 k allocations: 60.190 MiB)
1838
  1.704383 seconds (38.84 k allocations: 48.528 MiB)
  1.694854 seconds (31.93 k allocations: 40.283 MiB)
7829
3335
  1.705126 seconds (39.80 k allocations: 50.201 MiB)
9327
  1.699567 seconds (39.88 k allocations: 50.285 MiB)
4801
  1.703918 seconds (39.80 k allocations: 50.201 MiB)
6354
  3.188023 seconds (18.93 k allocations: 23.839 MiB, 2.18% gc time)
  3.188343 seconds (19.00 k allocations: 23.868 MiB, 2.18% gc time)
  3.376359 seconds (34.81 k allocations: 43.885 MiB, 2.06% gc time)
  2.355450 seconds (12.36 k allocations: 17.090 MiB, 2.95% gc time)
  1.965210 seconds (4.50 k allocations: 7.154 MiB, 3.54% gc time)
7830
1839
3336
4802
9328
  1.792110 seconds (11.89 k allocations: 14.579 MiB)
1840
  1.810307 seconds (24.05 k allocations: 29.008 MiB)
6355
  2.612208 seconds (31.11 k allocations: 38.138 MiB)
7831
  3.004517 seconds (43.02 k allocations: 54.651 MiB)
3337
  3.405651 seconds (31.97 k allocations: 40.295 MiB)
  3.419204 seconds (33.56 k allocations: 43.788 MiB)
9329
4803
  1.708915 seconds (39.50 k allocations: 49.249 MiB)
1841
  2.269771 seconds (39.80 k allocations: 50.201 MiB)
6356
  1.734351 seconds (15.90 k allocations: 20.064 MiB)
9330
  2.768293 seconds (39.72 k allocations: 50.117 MiB)
3338
  1.716541 seconds (15.90 k allocations: 20.064 MiB)
6357
  3.397126 seconds (63.69 k allocations: 80.337 MiB)
7832
  2.887444 seconds (47.79 k allocations: 60.274 MiB)
4804
  3.083846 seconds (47.79 k allocations: 60.274 MiB)
1842
  1.712601 seconds (23.82 k allocations: 30.053 MiB)
6358
  4.019328 seconds (46.28 k allocations: 57.509 MiB, 2.18% gc time)
  3.372954 seconds (38.26 k allocations: 47.402 MiB, 2.60% gc time)
  3.179179 seconds (23.69 k allocations: 29.946 MiB, 2.76% gc time)
  2.557661 seconds (8.35 k allocations: 10.780 MiB, 3.43% gc time)
  2.869018 seconds (17.21 k allocations: 22.528 MiB, 3.06% gc time)
9331
3339
7833
4805
1843
  1.692663 seconds (37.32 k allocations: 44.384 MiB)
6359
  3.408442 seconds (31.95 k allocations: 39.511 MiB)
9332
  3.425591 seconds (18.07 k allocations: 23.502 MiB)
4806
  3.960369 seconds (23.90 k allocations: 30.137 MiB)
  3.994953 seconds (39.42 k allocations: 49.165 MiB)
  4.007806 seconds (42.16 k allocations: 53.836 MiB)
1844
3340
7834
  3.371480 seconds (39.80 k allocations: 50.201 MiB)
6360
  1.984449 seconds (39.72 k allocations: 50.117 MiB)
9333
  3.873554 seconds (39.72 k allocations: 50.117 MiB)
4807
  3.391257 seconds (29.52 k allocations: 37.088 MiB)
1845
  3.844713 seconds (32.23 k allocations: 41.785 MiB)
  3.834466 seconds (32.11 k allocations: 41.079 MiB)
7835
3341
  3.372861 seconds (39.80 k allocations: 50.201 MiB)
6361
  3.386795 seconds (39.80 k allocations: 50.201 MiB)
9334
  3.407007 seconds (39.80 k allocations: 50.201 MiB)
4808
  3.449918 seconds (39.80 k allocations: 50.201 MiB)
1846
  2.811111 seconds (23.82 k allocations: 30.053 MiB)
6362
  2.660028 seconds (23.90 k allocations: 30.137 MiB)
9335
  6.103198 seconds (50.04 k allocations: 62.555 MiB, 1.08% gc time)
  6.093095 seconds (42.73 k allocations: 53.890 MiB, 1.08% gc time)
  3.183404 seconds (20.61 k allocations: 26.848 MiB, 2.07% gc time)
  3.066902 seconds (12.72 k allocations: 16.883 MiB, 2.15% gc time)
  2.618100 seconds (5.38 k allocations: 7.860 MiB, 2.51% gc time)
7836
3342
4809
6363
1847
  1.676934 seconds (35.70 k allocations: 42.684 MiB)
9336
  2.321963 seconds (9.17 k allocations: 12.503 MiB)
1848
  2.471347 seconds (38.40 k allocations: 48.002 MiB)
7837
  2.431631 seconds (21.12 k allocations: 26.085 MiB)
6364
  2.503401 seconds (43.61 k allocations: 54.665 MiB)
3343
  2.603180 seconds (42.75 k allocations: 55.669 MiB)
4810
  1.693078 seconds (39.80 k allocations: 50.201 MiB)
9337
  1.686443 seconds (39.72 k allocations: 50.117 MiB)
1849
  1.694386 seconds (35.53 k allocations: 45.149 MiB)
7838
  1.716558 seconds (39.64 k allocations: 50.033 MiB)
  1.706355 seconds (32.03 k allocations: 40.995 MiB)
  1.707865 seconds (24.50 k allocations: 32.041 MiB)
6365
3344
4811
  1.698672 seconds (39.64 k allocations: 50.033 MiB)
9338
  1.742580 seconds (39.64 k allocations: 50.033 MiB)
1850
  1.693462 seconds (39.64 k allocations: 50.033 MiB)
7839
  1.694978 seconds (26.11 k allocations: 33.621 MiB)
4812
  1.736181 seconds (32.95 k allocations: 42.514 MiB)
6366
  1.760775 seconds (39.64 k allocations: 50.033 MiB)
3345
  1.693230 seconds (39.64 k allocations: 50.033 MiB)
9339
  2.098518 seconds (38.35 k allocations: 47.498 MiB, 0.72% gc time)
  1.790628 seconds (22.55 k allocations: 27.517 MiB, 0.84% gc time)
  2.020022 seconds (30.44 k allocations: 37.492 MiB, 0.75% gc time)
  1.746570 seconds (14.76 k allocations: 17.642 MiB, 0.86% gc time)
  1.714771 seconds (6.94 k allocations: 7.791 MiB, 0.88% gc time)
6367
1851
3346
4813
7840
  1.691081 seconds (32.95 k allocations: 39.720 MiB)
9340
  1.703455 seconds (16.69 k allocations: 23.841 MiB)
3347
  1.737395 seconds (15.99 k allocations: 20.148 MiB)
4814
  1.753313 seconds (23.90 k allocations: 30.138 MiB)
6368
  1.790799 seconds (31.81 k allocations: 40.127 MiB)
7841
  1.794318 seconds (35.22 k allocations: 44.301 MiB)
1852
  1.692039 seconds (39.64 k allocations: 50.033 MiB)
9341
  1.706637 seconds (39.56 k allocations: 49.949 MiB)
3348
  1.695157 seconds (39.56 k allocations: 49.949 MiB)
4815
  1.711121 seconds (39.56 k allocations: 49.949 MiB)
6369
  1.692566 seconds (34.73 k allocations: 44.322 MiB)
7842
  1.692621 seconds (36.63 k allocations: 45.749 MiB)
1853
  1.696545 seconds (39.64 k allocations: 50.033 MiB)
9342
  1.707811 seconds (39.72 k allocations: 50.117 MiB)
3349
  1.695388 seconds (39.72 k allocations: 50.117 MiB)
4816
  1.713033 seconds (39.72 k allocations: 50.117 MiB)
  1.694317 seconds (27.81 k allocations: 35.992 MiB)
6370
7843
  1.691060 seconds (27.09 k allocations: 34.792 MiB)
1854
  1.695119 seconds (39.80 k allocations: 50.201 MiB)
9343
  1.712506 seconds (39.88 k allocations: 50.285 MiB)
3350
  1.700319 seconds (34.09 k allocations: 43.155 MiB)
  3.266921 seconds (12.89 k allocations: 17.358 MiB, 2.41% gc time)
  3.262249 seconds (11.30 k allocations: 14.614 MiB, 2.41% gc time)
  3.264425 seconds (11.30 k allocations: 14.604 MiB, 2.41% gc time)
  1.674161 seconds (4.63 k allocations: 7.763 MiB, 4.70% gc time)
7844
4817
1855
6371
9344
  1.694855 seconds (14.13 k allocations: 20.587 MiB)
1856
  1.765276 seconds (15.19 k allocations: 18.633 MiB)
6372
  1.798958 seconds (19.73 k allocations: 25.197 MiB)
  1.816911 seconds (23.96 k allocations: 31.405 MiB)
4818
3351
  2.540622 seconds (31.73 k allocations: 40.043 MiB)
7845
  2.585084 seconds (39.64 k allocations: 50.033 MiB)
9345
  1.701281 seconds (31.64 k allocations: 39.959 MiB)
6373
  1.692100 seconds (23.73 k allocations: 29.969 MiB)
3352
  2.114770 seconds (55.54 k allocations: 70.096 MiB)
1857
  2.086547 seconds (39.64 k allocations: 50.033 MiB)
4819
  2.286935 seconds (31.73 k allocations: 40.043 MiB)
9346
  2.354533 seconds (47.63 k allocations: 60.106 MiB)
7846
  1.709492 seconds (39.80 k allocations: 50.201 MiB)
6374
  1.700372 seconds (39.72 k allocations: 50.117 MiB)
3353
  2.191616 seconds (31.81 k allocations: 40.127 MiB)
4820
  1.692829 seconds (31.73 k allocations: 40.043 MiB)
9347
  1.702133 seconds (23.82 k allocations: 30.053 MiB)
6375
  4.571937 seconds (58.58 k allocations: 73.891 MiB, 0.35% gc time)
  3.177820 seconds (18.98 k allocations: 23.945 MiB, 0.50% gc time)
  2.272149 seconds (11.21 k allocations: 14.185 MiB, 0.70% gc time)
  1.775103 seconds (4.23 k allocations: 6.215 MiB, 0.90% gc time)
1858
  3.466578 seconds (37.25 k allocations: 48.939 MiB, 0.46% gc time)
3354
4821
9348
7847
  1.699090 seconds (15.22 k allocations: 18.076 MiB)
3355
  1.812752 seconds (32.14 k allocations: 39.946 MiB)
6376
  2.541458 seconds (37.99 k allocations: 47.825 MiB)
1859
  2.585519 seconds (23.98 k allocations: 30.222 MiB)
7848
  2.745834 seconds (47.19 k allocations: 58.371 MiB)
4822
  2.987407 seconds (43.15 k allocations: 54.833 MiB)
9349
  1.693622 seconds (31.89 k allocations: 40.211 MiB)
6377
  2.095198 seconds (47.79 k allocations: 60.274 MiB)
3356
  1.746170 seconds (31.73 k allocations: 40.043 MiB)
7849
  1.910174 seconds (47.63 k allocations: 60.106 MiB)
  1.709254 seconds (32.07 k allocations: 41.073 MiB)
1860
4823
  1.690814 seconds (39.56 k allocations: 49.949 MiB)
9350
  1.694976 seconds (39.56 k allocations: 49.949 MiB)
6378
  1.698932 seconds (39.64 k allocations: 50.033 MiB)
3357
  1.692289 seconds (39.64 k allocations: 50.033 MiB)
7850
  1.701657 seconds (31.73 k allocations: 40.043 MiB)
4824
  1.703684 seconds (32.17 k allocations: 41.177 MiB)
1861
  1.695041 seconds (39.72 k allocations: 50.117 MiB)
9351
  1.705411 seconds (39.72 k allocations: 50.117 MiB)
6379
  2.635909 seconds (38.34 k allocations: 47.489 MiB, 2.71% gc time)  2.057541 seconds (30.44 k allocations: 37.502 MiB, 3.47% gc time)

  1.976318 seconds (14.56 k allocations: 17.441 MiB, 3.61% gc time)
  1.974068 seconds (14.64 k allocations: 17.489 MiB, 3.61% gc time)
  1.747878 seconds (8.12 k allocations: 11.287 MiB, 4.08% gc time)
3358
7851
1862
4825
9352
  1.693831 seconds (16.93 k allocations: 22.219 MiB)
3359
  1.743518 seconds (15.59 k allocations: 19.111 MiB)
1863
  1.794538 seconds (23.59 k allocations: 29.185 MiB)
  1.806282 seconds (36.09 k allocations: 45.970 MiB)
7852
6380
  2.560227 seconds (39.41 k allocations: 49.164 MiB)
4826
  2.588537 seconds (39.80 k allocations: 50.201 MiB)
9353
  1.697841 seconds (31.81 k allocations: 40.127 MiB)
1864
  1.699605 seconds (23.90 k allocations: 30.137 MiB)
6381
  2.117654 seconds (55.70 k allocations: 70.264 MiB)
3360
  1.712721 seconds (31.89 k allocations: 40.211 MiB)
4827
  2.705882 seconds (47.79 k allocations: 60.274 MiB)
7853
  2.525490 seconds (39.72 k allocations: 50.117 MiB)
9354
  1.718510 seconds (39.72 k allocations: 50.117 MiB)
1865
  1.715731 seconds (39.64 k allocations: 50.033 MiB)
6382
  1.805370 seconds (31.73 k allocations: 40.043 MiB)
4828
  2.351609 seconds (47.63 k allocations: 60.106 MiB)
3361
  1.714954 seconds (23.90 k allocations: 30.137 MiB)
1866
  3.964735 seconds (42.67 k allocations: 53.823 MiB, 2.09% gc time)  3.253692 seconds (18.79 k allocations: 23.702 MiB, 2.54% gc time)

  3.332755 seconds (34.73 k allocations: 43.805 MiB, 2.48% gc time)
  2.368050 seconds (12.60 k allocations: 16.995 MiB, 3.49% gc time)
  2.291712 seconds (4.95 k allocations: 7.267 MiB, 3.61% gc time)
7854
9355
6383
3362
4829
  1.719839 seconds (22.95 k allocations: 30.131 MiB)
  1.719488 seconds (10.23 k allocations: 14.807 MiB)
1867
9356
  1.793281 seconds (23.43 k allocations: 29.018 MiB)
  1.791063 seconds (20.70 k allocations: 26.814 MiB)
6384
3363
  2.593749 seconds (43.42 k allocations: 55.693 MiB)
7855
  2.580094 seconds (38.14 k allocations: 47.277 MiB)
4830
  1.692055 seconds (16.59 k allocations: 21.986 MiB)
6385
  1.694686 seconds (20.14 k allocations: 25.082 MiB)
3364
  2.128494 seconds (55.23 k allocations: 69.143 MiB)
1868
  1.692266 seconds (31.26 k allocations: 38.923 MiB)
7856
  2.968036 seconds (63.53 k allocations: 80.169 MiB)
9357
  1.689086 seconds (25.27 k allocations: 32.760 MiB)
6386
  1.693203 seconds (29.66 k allocations: 36.702 MiB)
3365
  1.699539 seconds (31.64 k allocations: 39.959 MiB)
1869
  3.402363 seconds (63.29 k allocations: 79.917 MiB)
4831
  1.692407 seconds (31.64 k allocations: 39.959 MiB)
9358
  1.693331 seconds (27.30 k allocations: 34.837 MiB)
6387
  4.092704 seconds (50.54 k allocations: 63.773 MiB, 1.62% gc time)
  3.200305 seconds (26.78 k allocations: 33.781 MiB, 2.07% gc time)
  2.839140 seconds (20.50 k allocations: 26.729 MiB, 2.33% gc time)
  2.380798 seconds (12.86 k allocations: 17.123 MiB, 2.78% gc time)
  1.989857 seconds (6.04 k allocations: 9.152 MiB, 3.33% gc time)
3366
7857
1870
4832
9359
  1.691417 seconds (34.42 k allocations: 41.466 MiB)
6388
  3.435457 seconds (26.83 k allocations: 34.360 MiB)
  3.410973 seconds (8.60 k allocations: 12.555 MiB)
3367
4833
  3.701065 seconds (39.91 k allocations: 50.320 MiB)
7858
  3.795795 seconds (31.73 k allocations: 40.043 MiB)
9360
  3.846911 seconds (46.78 k allocations: 58.678 MiB)
1871
  3.399715 seconds (39.72 k allocations: 50.117 MiB)
6389
  1.799527 seconds (39.42 k allocations: 49.165 MiB)
3368
  1.858307 seconds (39.80 k allocations: 50.201 MiB)
4834
  1.763743 seconds (39.72 k allocations: 50.117 MiB)
7859
  1.754034 seconds (31.73 k allocations: 40.043 MiB)
1872
  1.808354 seconds (31.73 k allocations: 40.043 MiB)
6390
  1.696401 seconds (31.73 k allocations: 40.043 MiB)
3369
  3.251744 seconds (58.06 k allocations: 73.889 MiB)
9361
  1.697630 seconds (31.73 k allocations: 40.043 MiB)
7860
  1.708118 seconds (31.64 k allocations: 39.959 MiB)
1873
  2.581084 seconds (55.54 k allocations: 70.096 MiB)
4835
  1.709076 seconds (39.72 k allocations: 50.117 MiB)
6391
  3.002481 seconds (30.49 k allocations: 37.567 MiB, 2.47% gc time)
  3.141794 seconds (38.68 k allocations: 47.962 MiB, 2.36% gc time)
  2.784725 seconds (14.83 k allocations: 17.856 MiB, 2.67% gc time)
  2.175294 seconds (8.36 k allocations: 10.860 MiB, 3.41% gc time)
  2.929860 seconds (24.88 k allocations: 31.829 MiB, 2.53% gc time)
9362
1874
3370
7861
4836
  1.692239 seconds (32.02 k allocations: 39.329 MiB)
6392
  1.778901 seconds (23.13 k allocations: 28.066 MiB)
1875
  2.552151 seconds (15.90 k allocations: 20.064 MiB)
7862
  3.004483 seconds (39.04 k allocations: 48.129 MiB)
9363
  3.417758 seconds (31.89 k allocations: 40.211 MiB)
4837
  1.697413 seconds (23.90 k allocations: 30.137 MiB)
1876
  3.497788 seconds (62.85 k allocations: 78.182 MiB)
3371
  2.343728 seconds (47.63 k allocations: 60.106 MiB)
6393
  1.702464 seconds (15.67 k allocations: 19.572 MiB)
1877
  1.981265 seconds (31.73 k allocations: 40.043 MiB)
4838
  2.905144 seconds (47.55 k allocations: 60.022 MiB)
9364
  3.354022 seconds (63.45 k allocations: 80.085 MiB)
7863
  2.916151 seconds (39.72 k allocations: 50.117 MiB)
3372
  1.696353 seconds (31.81 k allocations: 40.127 MiB)
1878
  3.437886 seconds (26.93 k allocations: 33.917 MiB, 1.69% gc time)
  4.830483 seconds (42.80 k allocations: 53.956 MiB, 1.20% gc time)
  2.955459 seconds (20.71 k allocations: 26.949 MiB, 1.96% gc time)
  2.925105 seconds (12.71 k allocations: 16.874 MiB, 1.98% gc time)
  2.450753 seconds (6.28 k allocations: 9.612 MiB, 2.37% gc time)
4839
6394
7864
3373
9365
  1.686290 seconds (33.88 k allocations: 40.834 MiB)
1879
  3.457893 seconds (7.91 k allocations: 9.990 MiB)
  3.500198 seconds (30.95 k allocations: 37.970 MiB)
3374
6395
  3.713816 seconds (30.40 k allocations: 39.210 MiB)
9366
  3.983066 seconds (54.38 k allocations: 66.987 MiB)
  3.936318 seconds (32.11 k allocations: 41.079 MiB)
4840
7865
  3.456882 seconds (39.72 k allocations: 50.117 MiB)
1880
  3.451441 seconds (39.33 k allocations: 49.080 MiB)
3375
  3.446412 seconds (39.80 k allocations: 50.201 MiB)
6396
  3.376392 seconds (39.72 k allocations: 50.117 MiB)
9367
  3.383340 seconds (31.73 k allocations: 40.043 MiB)
  3.399631 seconds (39.71 k allocations: 50.115 MiB)
7866
4841
  3.375553 seconds (39.64 k allocations: 50.033 MiB)
1881
  3.386325 seconds (39.64 k allocations: 50.033 MiB)
3376
  3.372694 seconds (39.72 k allocations: 50.117 MiB)
6397
  3.389380 seconds (39.72 k allocations: 50.117 MiB)
9368
  3.389904 seconds (39.41 k allocations: 49.164 MiB)
  3.385433 seconds (32.27 k allocations: 41.247 MiB)
7867
4842
  3.386219 seconds (39.88 k allocations: 50.285 MiB)
1882
  2.832779 seconds (22.50 k allocations: 27.487 MiB, 2.26% gc time)
  2.950403 seconds (30.58 k allocations: 37.658 MiB, 2.17% gc time)
  2.588093 seconds (14.39 k allocations: 16.860 MiB, 2.47% gc time)
  2.575114 seconds (6.89 k allocations: 8.033 MiB, 2.48% gc time)
  3.009202 seconds (39.97 k allocations: 51.243 MiB, 2.12% gc time)
9369
7868
4843
6398
3377
  1.710079 seconds (19.00 k allocations: 24.324 MiB)
4844
  1.720048 seconds (20.08 k allocations: 26.061 MiB)
9370
  1.811902 seconds (39.19 k allocations: 49.986 MiB)
1883
  1.807246 seconds (25.95 k allocations: 33.452 MiB)
6399
  2.244277 seconds (31.89 k allocations: 40.211 MiB)
7869
  2.339919 seconds (39.80 k allocations: 50.201 MiB)
3378
  1.700587 seconds (39.88 k allocations: 50.285 MiB)
4845
  1.695011 seconds (39.80 k allocations: 50.201 MiB)
9371
  1.702413 seconds (39.72 k allocations: 50.117 MiB)
1884
  1.707909 seconds (39.72 k allocations: 50.117 MiB)
6400
  1.701257 seconds (39.72 k allocations: 50.117 MiB)
7870
  1.700411 seconds (39.72 k allocations: 50.117 MiB)
3379
  1.703389 seconds (39.41 k allocations: 49.164 MiB)
4846
  1.695788 seconds (34.02 k allocations: 43.087 MiB)
9372
  1.698044 seconds (39.80 k allocations: 50.201 MiB)
1885
  1.701579 seconds (39.80 k allocations: 50.201 MiB)
6401
  1.692582 seconds (39.72 k allocations: 50.117 MiB)
7871
  1.694339 seconds (39.64 k allocations: 50.033 MiB)
3380
  1.700026 seconds (32.62 k allocations: 42.176 MiB)
  1.696895 seconds (31.86 k allocations: 40.574 MiB)
4847
9373
  2.367932 seconds (29.09 k allocations: 36.824 MiB, 2.93% gc time)
  2.338776 seconds (21.42 k allocations: 27.071 MiB, 2.97% gc time)
  1.918012 seconds (15.73 k allocations: 20.543 MiB, 3.62% gc time)
  1.810066 seconds (9.02 k allocations: 12.149 MiB, 3.84% gc time)
6402
3381
1886
7872
  1.696951 seconds (25.41 k allocations: 32.455 MiB)
4848
  1.724848 seconds (24.61 k allocations: 32.343 MiB)
9374
  1.791486 seconds (23.43 k allocations: 29.018 MiB)
3382
  1.816112 seconds (31.34 k allocations: 39.007 MiB)
6403
  1.694882 seconds (23.73 k allocations: 29.969 MiB)
4849
  3.390226 seconds (39.72 k allocations: 50.117 MiB)
  1.699688 seconds (24.20 k allocations: 31.089 MiB)
7873
  3.428973 seconds (48.82 k allocations: 62.008 MiB)
9375
1887
  1.705685 seconds (39.72 k allocations: 50.117 MiB)
3383
  1.716924 seconds (39.72 k allocations: 50.117 MiB)
6404
  1.701501 seconds (39.64 k allocations: 50.033 MiB)
4850
  1.697155 seconds (31.79 k allocations: 40.681 MiB)
7874
  1.701002 seconds (23.82 k allocations: 30.053 MiB)
3384
  1.720817 seconds (23.82 k allocations: 30.053 MiB)
6405
  2.551897 seconds (55.08 k allocations: 68.976 MiB)
9376
  1.702586 seconds (31.73 k allocations: 40.043 MiB)
4851
  4.684345 seconds (61.88 k allocations: 77.263 MiB, 1.36% gc time)
  2.844568 seconds (14.41 k allocations: 17.308 MiB, 2.24% gc time)
  2.900579 seconds (22.30 k allocations: 27.284 MiB, 2.20% gc time)
  2.990829 seconds (30.37 k allocations: 37.482 MiB, 2.13% gc time)
  2.121904 seconds (7.94 k allocations: 10.551 MiB, 3.00% gc time)
1888
6406
3385
7875
9377
  1.697820 seconds (34.57 k allocations: 41.491 MiB)
4852
  1.784525 seconds (12.78 k allocations: 16.181 MiB)
3386
  1.791001 seconds (17.60 k allocations: 21.798 MiB)
1889
  1.805172 seconds (21.48 k allocations: 27.619 MiB)
6407
  2.539587 seconds (31.73 k allocations: 40.043 MiB)
7876
  3.396382 seconds (39.64 k allocations: 50.033 MiB)
  1.738113 seconds (32.12 k allocations: 41.080 MiB)
9378
4853
  1.694360 seconds (39.17 k allocations: 48.913 MiB)
3387
  1.701694 seconds (31.73 k allocations: 40.043 MiB)
6408
  2.055729 seconds (40.20 k allocations: 51.836 MiB)
1890
  2.342300 seconds (39.64 k allocations: 50.033 MiB)
7877
  1.703319 seconds (31.73 k allocations: 40.043 MiB)
4854
  1.689905 seconds (31.64 k allocations: 39.959 MiB)
3388
  1.698321 seconds (31.73 k allocations: 40.043 MiB)
6409
  2.123717 seconds (55.54 k allocations: 70.096 MiB)
9379
  2.044455 seconds (39.72 k allocations: 50.117 MiB)
1891
  1.692705 seconds (39.80 k allocations: 50.201 MiB)
7878
  1.705895 seconds (39.80 k allocations: 50.201 MiB)
4855
  1.695680 seconds (39.72 k allocations: 50.117 MiB)
3389
  2.013778 seconds (10.76 k allocations: 13.581 MiB, 3.48% gc time)
  3.406593 seconds (34.59 k allocations: 43.669 MiB, 2.06% gc time)
  3.061844 seconds (26.61 k allocations: 33.598 MiB, 2.29% gc time)
  1.767857 seconds (4.89 k allocations: 7.611 MiB, 3.97% gc time)
  2.695827 seconds (20.76 k allocations: 27.621 MiB, 2.60% gc time)
9380
7879
6410
1892
4856
  1.676724 seconds (28.80 k allocations: 35.942 MiB)
3390
  1.798330 seconds (23.13 k allocations: 28.066 MiB)
6411
  1.900267 seconds (31.05 k allocations: 38.056 MiB)
9381
  1.998220 seconds (23.82 k allocations: 30.054 MiB)
4857
  2.655867 seconds (31.73 k allocations: 40.043 MiB)
1893
  1.695349 seconds (31.81 k allocations: 40.127 MiB)
3391
  3.486738 seconds (62.93 k allocations: 78.266 MiB)
7880
  1.698844 seconds (39.80 k allocations: 50.201 MiB)
6412
  1.694797 seconds (31.89 k allocations: 40.211 MiB)
4858
  2.077595 seconds (47.71 k allocations: 60.190 MiB)
9382
  2.202958 seconds (39.72 k allocations: 50.117 MiB)
1894
  1.700024 seconds (39.72 k allocations: 50.117 MiB)
3392
  1.699675 seconds (31.73 k allocations: 40.043 MiB)
6413
  1.827969 seconds (31.73 k allocations: 40.043 MiB)
4859
  2.146866 seconds (31.81 k allocations: 40.127 MiB)
9383
  1.702725 seconds (23.82 k allocations: 30.053 MiB)
3393
  4.657140 seconds (69.71 k allocations: 87.021 MiB, 0.30% gc time)
  2.935439 seconds (22.30 k allocations: 27.333 MiB, 0.47% gc time)
  2.574612 seconds (14.41 k allocations: 17.419 MiB, 0.54% gc time)
  1.989533 seconds (7.65 k allocations: 9.739 MiB, 0.70% gc time)
  3.228934 seconds (40.77 k allocations: 52.542 MiB, 0.43% gc time)
7881
6414
4860
9384
1895
  1.689855 seconds (35.17 k allocations: 42.194 MiB)
3394
  1.692151 seconds (38.19 k allocations: 45.973 MiB)
7882
  1.785929 seconds (28.58 k allocations: 35.483 MiB)
6415
  2.112797 seconds (31.43 k allocations: 39.091 MiB)
9385
  2.132109 seconds (39.42 k allocations: 49.165 MiB)
4861
  2.186306 seconds (39.72 k allocations: 50.117 MiB)
1896
  1.697045 seconds (39.22 k allocations: 48.910 MiB)
3395
  1.692924 seconds (35.69 k allocations: 44.780 MiB)
7883
  1.708454 seconds (39.64 k allocations: 50.033 MiB)
6416
  1.708943 seconds (39.56 k allocations: 49.949 MiB)
9386
  1.696422 seconds (39.56 k allocations: 49.949 MiB)
4862
  1.686268 seconds (39.56 k allocations: 49.949 MiB)
1897
  1.690272 seconds (34.30 k allocations: 43.899 MiB)
3396
  1.692528 seconds (38.21 k allocations: 47.349 MiB)
7884
  1.699999 seconds (39.64 k allocations: 50.033 MiB)
6417
  1.703525 seconds (39.64 k allocations: 50.033 MiB)
9387
  1.698910 seconds (38.08 k allocations: 47.219 MiB)
4863
  1.689659 seconds (39.72 k allocations: 50.117 MiB)
1898
  1.694594 seconds (37.73 k allocations: 47.388 MiB)
3397
  1.700849 seconds (39.80 k allocations: 50.201 MiB)
7885
  3.311364 seconds (34.83 k allocations: 43.914 MiB, 2.20% gc time)
  2.968292 seconds (24.32 k allocations: 30.564 MiB, 2.45% gc time)
  2.896819 seconds (11.13 k allocations: 13.934 MiB, 2.51% gc time)
  2.961878 seconds (19.09 k allocations: 23.985 MiB, 2.46% gc time)
  1.766670 seconds (5.22 k allocations: 8.201 MiB, 4.12% gc time)
1899
6418
9388
4864
3398
  1.751931 seconds (28.23 k allocations: 35.275 MiB)
7886
  1.791780 seconds (15.52 k allocations: 19.028 MiB)
6419
  1.798285 seconds (20.18 k allocations: 24.474 MiB)
9389
  1.814748 seconds (31.43 k allocations: 39.091 MiB)
4865
  2.112024 seconds (31.81 k allocations: 40.127 MiB)
3399
  2.173403 seconds (47.25 k allocations: 59.071 MiB)
1900
  1.704800 seconds (39.64 k allocations: 50.033 MiB)
7887
  1.699495 seconds (31.64 k allocations: 39.959 MiB)
9390
  1.712443 seconds (40.60 k allocations: 51.014 MiB)
6420
  1.707574 seconds (39.72 k allocations: 50.117 MiB)
4866
  1.702525 seconds (39.72 k allocations: 50.117 MiB)
3400
  1.693517 seconds (39.65 k allocations: 48.815 MiB)
1901
  1.702211 seconds (39.88 k allocations: 50.285 MiB)
7888
  1.697970 seconds (37.10 k allocations: 46.753 MiB)
9391
  1.706701 seconds (39.80 k allocations: 50.201 MiB)
6421
  1.696950 seconds (36.76 k allocations: 45.880 MiB)
4867
  1.693414 seconds (31.73 k allocations: 40.043 MiB)
1902
  1.706041 seconds (40.24 k allocations: 50.646 MiB)
3401
  1.691808 seconds (39.64 k allocations: 50.033 MiB)
7889
  2.125168 seconds (38.16 k allocations: 47.298 MiB, 2.87% gc time)
  2.102811 seconds (22.51 k allocations: 27.498 MiB, 2.90% gc time)
  2.108693 seconds (25.86 k allocations: 32.137 MiB, 2.89% gc time)
  1.763498 seconds (7.37 k allocations: 9.459 MiB, 3.45% gc time)
  1.760555 seconds (6.85 k allocations: 7.716 MiB, 3.46% gc time)
1903
9392
3402
6422
4868
  1.691684 seconds (32.73 k allocations: 39.498 MiB)
7890
  1.711156 seconds (8.00 k allocations: 10.075 MiB)
3403
  1.722016 seconds (15.99 k allocations: 20.148 MiB)
1904
  1.792286 seconds (23.90 k allocations: 30.138 MiB)
9393
  1.796413 seconds (28.33 k allocations: 35.356 MiB)
6423
  1.804313 seconds (39.72 k allocations: 50.117 MiB)
4869
  1.694904 seconds (39.72 k allocations: 50.117 MiB)
7891
  1.705473 seconds (39.72 k allocations: 50.117 MiB)
3404
  1.731516 seconds (39.72 k allocations: 50.117 MiB)
1905
  1.699450 seconds (34.70 k allocations: 44.296 MiB)
9394
  1.705160 seconds (39.41 k allocations: 49.164 MiB)
6424
  1.705682 seconds (39.72 k allocations: 50.117 MiB)
4870
  1.698913 seconds (39.72 k allocations: 50.117 MiB)
7892
  1.718069 seconds (39.80 k allocations: 50.201 MiB)
3405
  1.698098 seconds (39.80 k allocations: 50.201 MiB)
1906
  1.701690 seconds (39.55 k allocations: 49.315 MiB)
9395
  1.713535 seconds (39.72 k allocations: 49.851 MiB)
6425
  1.706763 seconds (36.47 k allocations: 45.580 MiB)
4871
  1.705730 seconds (39.80 k allocations: 50.201 MiB)
7893
  1.695502 seconds (31.73 k allocations: 40.043 MiB)
1907
  3.309410 seconds (11.01 k allocations: 13.822 MiB, 2.08% gc time)  3.315428 seconds (14.55 k allocations: 18.668 MiB, 2.07% gc time)  3.396270 seconds (42.65 k allocations: 53.807 MiB, 2.02% gc time)


  3.338808 seconds (26.78 k allocations: 33.768 MiB, 2.06% gc time)
  1.719726 seconds (5.76 k allocations: 9.153 MiB, 4.00% gc time)
3406
4872
9396
6426
7894
  1.685576 seconds (33.66 k allocations: 40.609 MiB)
1908
  1.785452 seconds (12.86 k allocations: 16.252 MiB)
6427
  1.802268 seconds (27.62 k allocations: 34.514 MiB)
4873
  1.804522 seconds (31.39 k allocations: 40.284 MiB)
3407
  2.590258 seconds (31.89 k allocations: 40.211 MiB)
7895
  3.004893 seconds (48.20 k allocations: 61.279 MiB)
9397
  1.690842 seconds (39.72 k allocations: 50.117 MiB)
1909
  1.697805 seconds (35.27 k allocations: 44.237 MiB)
6428
  1.699072 seconds (31.64 k allocations: 39.959 MiB)
3408
  1.875796 seconds (31.64 k allocations: 39.959 MiB)
7896
  1.695837 seconds (23.82 k allocations: 30.053 MiB)
1910
  3.392307 seconds (57.43 k allocations: 73.248 MiB)
  1.699607 seconds (23.94 k allocations: 30.379 MiB)
6429
4874
  1.704709 seconds (31.81 k allocations: 40.127 MiB)
3409
  2.431946 seconds (63.45 k allocations: 80.085 MiB)
9398
  1.687786 seconds (31.81 k allocations: 40.127 MiB)
1911
  2.766540 seconds (22.38 k allocations: 27.356 MiB, 2.40% gc time)
  2.749214 seconds (14.51 k allocations: 17.414 MiB, 2.41% gc time)
  2.765769 seconds (22.51 k allocations: 27.456 MiB, 2.40% gc time)
  3.480304 seconds (46.45 k allocations: 57.667 MiB, 1.91% gc time)
  2.506303 seconds (9.04 k allocations: 12.499 MiB, 2.65% gc time)
4875
6430
3410
7897
9399
  1.687271 seconds (34.86 k allocations: 41.846 MiB)
1912
  1.793085 seconds (15.61 k allocations: 19.112 MiB)
3411
  1.791371 seconds (16.09 k allocations: 20.305 MiB)
  1.797136 seconds (20.17 k allocations: 25.114 MiB)
7898
6431
  2.602655 seconds (40.72 k allocations: 51.720 MiB)
4876
  1.688998 seconds (31.89 k allocations: 40.211 MiB)
1913
  3.374516 seconds (47.79 k allocations: 60.274 MiB)
9400
  1.701064 seconds (39.03 k allocations: 48.129 MiB)
3412
  1.700659 seconds (31.81 k allocations: 40.127 MiB)
6432
  2.081982 seconds (39.72 k allocations: 50.117 MiB)
7899
  2.328230 seconds (39.72 k allocations: 50.117 MiB)
4877
  1.689177 seconds (39.64 k allocations: 49.937 MiB)
1914
  1.701136 seconds (31.73 k allocations: 40.043 MiB)
3413
  1.704230 seconds (31.81 k allocations: 40.127 MiB)
6433
  2.458196 seconds (55.54 k allocations: 70.096 MiB)
9401
  1.688801 seconds (23.82 k allocations: 30.053 MiB)
1915
  1.700755 seconds (23.82 k allocations: 30.053 MiB)
3414
  3.178545 seconds (18.74 k allocations: 23.656 MiB, 0.46% gc time)
  3.451657 seconds (42.64 k allocations: 53.779 MiB, 0.43% gc time)
  2.522400 seconds (11.07 k allocations: 13.884 MiB, 0.59% gc time)
  4.496583 seconds (50.66 k allocations: 63.860 MiB, 0.33% gc time)
  1.626914 seconds (4.76 k allocations: 7.533 MiB, 0.91% gc time)
9402
4878
6434
7900
1916
  1.691903 seconds (14.10 k allocations: 19.270 MiB)
9403
  1.747984 seconds (7.91 k allocations: 9.990 MiB)
1917
  1.755745 seconds (12.51 k allocations: 15.374 MiB)
4879
  1.772863 seconds (44.19 k allocations: 55.742 MiB)
3415
  1.790727 seconds (31.81 k allocations: 40.127 MiB)
6435
  1.792314 seconds (34.99 k allocations: 44.075 MiB)
7901
  1.692310 seconds (39.72 k allocations: 50.117 MiB)
9404
  1.687867 seconds (35.59 k allocations: 44.556 MiB)
1918
  1.694111 seconds (31.84 k allocations: 41.383 MiB)
  1.693584 seconds (32.12 k allocations: 41.080 MiB)
4880
3416
  1.702065 seconds (33.03 k allocations: 42.591 MiB)
6436
  1.700842 seconds (32.48 k allocations: 41.513 MiB)
7902
  1.694264 seconds (39.64 k allocations: 50.033 MiB)
9405
  1.687249 seconds (39.72 k allocations: 50.117 MiB)
1919
  1.693407 seconds (31.73 k allocations: 40.043 MiB)
3417
  1.699958 seconds (38.77 k allocations: 47.928 MiB)
4881
  1.700374 seconds (34.80 k allocations: 44.400 MiB)
6437
  1.699915 seconds (35.67 k allocations: 44.762 MiB)
7903
  1.695075 seconds (39.72 k allocations: 50.117 MiB)
9406
  1.834255 seconds (34.69 k allocations: 43.761 MiB, 2.25% gc time)
  1.805953 seconds (18.82 k allocations: 23.722 MiB, 2.28% gc time)
  1.767274 seconds (5.50 k allocations: 7.571 MiB, 2.33% gc time)
  1.761764 seconds (3.15 k allocations: 3.974 MiB, 2.34% gc time)
  1.817011 seconds (25.91 k allocations: 32.247 MiB, 2.27% gc time)
1920
6438
7904
3418
4882
  1.693287 seconds (30.89 k allocations: 37.626 MiB)
9407
  1.731738 seconds (9.99 k allocations: 13.338 MiB)
  1.732886 seconds (10.58 k allocations: 14.171 MiB)
6439
7905
  1.735629 seconds (18.02 k allocations: 22.912 MiB)
  1.728461 seconds (18.90 k allocations: 23.229 MiB)
4883
  1.736440 seconds (22.42 k allocations: 28.664 MiB)
3419
1921
  1.694310 seconds (39.56 k allocations: 49.949 MiB)
9408
  1.688155 seconds (7.99 k allocations: 10.074 MiB)
1922
  1.689558 seconds (8.66 k allocations: 11.445 MiB)
  1.698060 seconds (24.95 k allocations: 32.384 MiB)
  1.695336 seconds (15.37 k allocations: 22.043 MiB)
3420
6440
4884
  1.700015 seconds (28.71 k allocations: 37.682 MiB)
7906
  1.693420 seconds (39.72 k allocations: 50.117 MiB)
9409
  1.689740 seconds (17.14 k allocations: 24.303 MiB)
1923
  1.695454 seconds (15.91 k allocations: 20.064 MiB)
4885
  1.703144 seconds (23.82 k allocations: 30.054 MiB)
3421
  1.716114 seconds (31.73 k allocations: 40.043 MiB)
6441
  1.719931 seconds (35.09 k allocations: 44.165 MiB)
7907
  1.693347 seconds (39.64 k allocations: 50.033 MiB)
9410
  1.775764 seconds (37.69 k allocations: 46.120 MiB, 1.61% gc time)
  1.767502 seconds (29.68 k allocations: 36.013 MiB, 1.62% gc time)
  1.743426 seconds (9.64 k allocations: 11.749 MiB, 1.64% gc time)
  1.759277 seconds (22.48 k allocations: 27.437 MiB, 1.62% gc time)
  1.737598 seconds (6.68 k allocations: 7.512 MiB, 1.64% gc time)
1924
7908
3422
6442
4886
  1.693696 seconds (32.46 k allocations: 39.222 MiB)
9411
  1.724621 seconds (7.91 k allocations: 9.990 MiB)
3423
  1.728080 seconds (8.53 k allocations: 11.326 MiB)
7909
  1.726761 seconds (10.43 k allocations: 13.958 MiB)
1925
  1.730818 seconds (24.04 k allocations: 28.532 MiB)
6443
  1.732924 seconds (32.12 k allocations: 38.700 MiB)
4887
  1.693354 seconds (39.80 k allocations: 50.201 MiB)
9412
  1.688481 seconds (15.93 k allocations: 20.617 MiB)
1926
  1.692090 seconds (21.80 k allocations: 27.299 MiB)
3424
  1.694708 seconds (23.82 k allocations: 30.053 MiB)
4888
  1.700380 seconds (29.03 k allocations: 36.066 MiB)
6444
  1.707526 seconds (41.80 k allocations: 52.249 MiB)
7910
  1.694983 seconds (39.72 k allocations: 50.117 MiB)
9413
  1.689837 seconds (31.89 k allocations: 40.211 MiB)
1927
  1.698931 seconds (39.80 k allocations: 50.201 MiB)
3425
  1.694953 seconds (30.19 k allocations: 37.778 MiB)
4889
  1.704840 seconds (31.73 k allocations: 40.043 MiB)
6445
  1.711032 seconds (35.94 k allocations: 45.037 MiB)
7911
  1.692895 seconds (39.56 k allocations: 49.949 MiB)
9414
  1.689208 seconds (39.64 k allocations: 50.033 MiB)
1928
  3.322195 seconds (34.32 k allocations: 42.741 MiB, 2.21% gc time)
  3.296422 seconds (12.84 k allocations: 16.894 MiB, 2.22% gc time)
  3.309066 seconds (26.48 k allocations: 32.816 MiB, 2.21% gc time)
  3.292697 seconds (11.30 k allocations: 14.078 MiB, 2.23% gc time)
  1.668005 seconds (3.35 k allocations: 4.055 MiB, 4.39% gc time)
3426
9415
7912
6446
4890
  1.688322 seconds (28.38 k allocations: 35.070 MiB)
1929
  1.717934 seconds (8.00 k allocations: 10.075 MiB)
9416
  1.791727 seconds (15.99 k allocations: 20.148 MiB)
7913
  1.796079 seconds (20.66 k allocations: 25.611 MiB)
3427
  1.800636 seconds (27.10 k allocations: 34.115 MiB)
6447
  1.830157 seconds (39.88 k allocations: 50.285 MiB)
4891
  1.689565 seconds (39.80 k allocations: 50.201 MiB)
1930
  1.692374 seconds (39.72 k allocations: 50.117 MiB)
9417
  1.687758 seconds (24.52 k allocations: 31.997 MiB)
3428
  1.701837 seconds (41.70 k allocations: 52.127 MiB)
7914
  1.702260 seconds (39.55 k allocations: 49.948 MiB)
6448
  1.700588 seconds (39.56 k allocations: 49.949 MiB)
4892
  1.693964 seconds (39.56 k allocations: 49.949 MiB)
1931
  1.693702 seconds (39.64 k allocations: 50.033 MiB)
9418
  1.697698 seconds (36.08 k allocations: 45.709 MiB)
3429
  1.705424 seconds (38.38 k allocations: 48.048 MiB)
7915
  1.703994 seconds (36.19 k allocations: 45.294 MiB)
6449
  1.698489 seconds (39.64 k allocations: 50.033 MiB)
4893
  1.693041 seconds (39.56 k allocations: 49.949 MiB)
1932
  1.821107 seconds (18.62 k allocations: 22.801 MiB, 4.16% gc time)  1.814253 seconds (14.63 k allocations: 17.479 MiB, 4.17% gc time)

  1.839145 seconds (30.29 k allocations: 37.334 MiB, 4.12% gc time)
  1.919799 seconds (38.15 k allocations: 47.297 MiB, 3.94% gc time)
  1.769971 seconds (9.12 k allocations: 12.540 MiB, 4.28% gc time)
3430
6450
9419
4894
7916
  1.689305 seconds (34.29 k allocations: 41.162 MiB)
1933
  1.730640 seconds (13.22 k allocations: 17.854 MiB)
3431
  1.749731 seconds (21.18 k allocations: 27.895 MiB)
6451
  1.758971 seconds (27.88 k allocations: 35.421 MiB)
4895
  2.582719 seconds (31.73 k allocations: 40.043 MiB)
9420
  1.688347 seconds (31.81 k allocations: 40.127 MiB)
1934
  3.387529 seconds (47.63 k allocations: 60.106 MiB)
7917
  1.690424 seconds (32.77 k allocations: 41.799 MiB)
3432
  1.699514 seconds (39.34 k allocations: 49.081 MiB)
6452
  2.103350 seconds (39.72 k allocations: 50.117 MiB)
4896
  2.059250 seconds (39.72 k allocations: 50.117 MiB)
9421
  1.691644 seconds (23.90 k allocations: 30.137 MiB)
3433
  1.701292 seconds (23.90 k allocations: 30.137 MiB)
6453
  1.924502 seconds (41.35 k allocations: 53.011 MiB)
7918
  2.449487 seconds (63.61 k allocations: 80.253 MiB)
1935
  2.100116 seconds (39.72 k allocations: 50.117 MiB)
4897
  1.896021 seconds (39.64 k allocations: 50.033 MiB)
9422
  1.691827 seconds (39.72 k allocations: 50.117 MiB)
3434
  2.974275 seconds (26.83 k allocations: 33.811 MiB, 2.32% gc time)
  3.165646 seconds (34.68 k allocations: 43.760 MiB, 2.18% gc time)
  2.495191 seconds (19.00 k allocations: 23.896 MiB, 2.76% gc time)
  2.351149 seconds (11.14 k allocations: 13.989 MiB, 2.93% gc time)
  1.723017 seconds (4.61 k allocations: 7.608 MiB, 4.00% gc time)
7919
4898
6454
1936
9423
  1.759548 seconds (8.06 k allocations: 10.714 MiB)
4899
  1.787681 seconds (15.44 k allocations: 18.944 MiB)
  1.806211 seconds (19.07 k allocations: 25.731 MiB)
1937
3435
  1.804643 seconds (18.79 k allocations: 23.755 MiB)
6455
  2.567810 seconds (31.73 k allocations: 40.043 MiB)
  2.596244 seconds (48.72 k allocations: 62.964 MiB)
7920
9424
  1.700918 seconds (15.91 k allocations: 20.065 MiB)
  1.698895 seconds (15.91 k allocations: 20.065 MiB)
6456
3436
  2.080158 seconds (32.74 k allocations: 42.302 MiB)
1938
  1.726246 seconds (27.48 k allocations: 35.009 MiB)
7921
  2.576501 seconds (71.44 k allocations: 90.159 MiB)
4900
  2.336014 seconds (39.64 k allocations: 50.033 MiB)
9425
  1.695493 seconds (39.26 k allocations: 48.997 MiB)
6457
  1.907594 seconds (31.73 k allocations: 40.043 MiB)
1939
  1.713541 seconds (31.73 k allocations: 40.043 MiB)
7922
  1.988088 seconds (31.73 k allocations: 40.043 MiB)
4901
  3.108954 seconds (63.45 k allocations: 80.085 MiB)
3437
  1.703426 seconds (31.73 k allocations: 40.043 MiB)
6458
  2.600609 seconds (18.89 k allocations: 23.800 MiB, 4.00% gc time)
  2.289861 seconds (11.05 k allocations: 13.846 MiB, 4.54% gc time)
  2.828947 seconds (26.81 k allocations: 33.798 MiB, 3.68% gc time)
  3.715207 seconds (42.59 k allocations: 53.749 MiB, 2.80% gc time)
  1.945381 seconds (5.60 k allocations: 9.005 MiB, 5.35% gc time)
9426
1940
7923
4902
3438
  1.694737 seconds (33.38 k allocations: 40.279 MiB)
6459
  1.739388 seconds (15.16 k allocations: 18.608 MiB)
9427
  1.797434 seconds (22.88 k allocations: 28.400 MiB)
  1.800576 seconds (23.43 k allocations: 29.604 MiB)
1941
7924
  2.597991 seconds (36.22 k allocations: 45.849 MiB)
4903
  2.590380 seconds (33.22 k allocations: 42.260 MiB)
3439
  1.700490 seconds (39.80 k allocations: 50.201 MiB)
6460
  1.713498 seconds (23.90 k allocations: 30.138 MiB)
7925
  2.121414 seconds (47.79 k allocations: 60.274 MiB)
9428
  2.236099 seconds (39.88 k allocations: 50.285 MiB)
1942
  1.698268 seconds (39.58 k allocations: 49.333 MiB)
4904
  1.873682 seconds (39.96 k allocations: 50.369 MiB)
3440
  1.703253 seconds (39.88 k allocations: 50.285 MiB)
6461
  1.705638 seconds (39.80 k allocations: 50.201 MiB)
7926
  1.697588 seconds (39.72 k allocations: 50.117 MiB)
9429
  1.693515 seconds (39.64 k allocations: 50.033 MiB)
1943
  1.699031 seconds (39.64 k allocations: 50.033 MiB)
4905
  1.709904 seconds (39.64 k allocations: 50.033 MiB)
3441
  1.697735 seconds (39.72 k allocations: 50.117 MiB)
6462
  2.041816 seconds (14.77 k allocations: 17.674 MiB, 3.28% gc time)  2.304735 seconds (22.66 k allocations: 27.639 MiB, 2.91% gc time)

  2.492805 seconds (30.54 k allocations: 37.616 MiB, 2.69% gc time)
  2.819942 seconds (38.37 k allocations: 47.517 MiB, 2.38% gc time)
  1.823159 seconds (9.32 k allocations: 12.784 MiB, 3.68% gc time)
1944
4906
7927
9430
3442
  1.743213 seconds (4.40 k allocations: 6.923 MiB)
9431
  1.766913 seconds (39.71 k allocations: 47.370 MiB)
6463
  1.808642 seconds (20.38 k allocations: 27.084 MiB)
7928
  1.820701 seconds (29.59 k allocations: 37.162 MiB)
4907
  2.268324 seconds (31.65 k allocations: 39.959 MiB)
1945
  2.350182 seconds (39.64 k allocations: 50.033 MiB)
3443
  1.693462 seconds (34.87 k allocations: 44.473 MiB)
9432
  1.704543 seconds (39.80 k allocations: 50.201 MiB)
6464
  1.695162 seconds (31.97 k allocations: 40.295 MiB)
4908
  1.708607 seconds (41.95 k allocations: 52.405 MiB)
7929
  1.690406 seconds (39.88 k allocations: 50.285 MiB)
1946
  1.703408 seconds (39.88 k allocations: 50.285 MiB)
3444
  1.692978 seconds (39.80 k allocations: 50.201 MiB)
9433
  1.702958 seconds (39.80 k allocations: 50.201 MiB)
6465
  1.695415 seconds (35.63 k allocations: 45.251 MiB)
4909
  1.702600 seconds (39.72 k allocations: 50.117 MiB)
7930
  1.695717 seconds (39.64 k allocations: 50.033 MiB)
1947
  1.692734 seconds (39.64 k allocations: 50.033 MiB)
3445
  1.693479 seconds (39.56 k allocations: 49.949 MiB)
9434
  1.897069 seconds (10.84 k allocations: 13.633 MiB, 3.44% gc time)  2.348657 seconds (18.71 k allocations: 23.618 MiB, 2.78% gc time)

  2.410351 seconds (34.52 k allocations: 43.595 MiB, 2.71% gc time)
  2.361197 seconds (26.61 k allocations: 33.606 MiB, 2.76% gc time)
  1.796747 seconds (4.89 k allocations: 7.927 MiB, 3.63% gc time)
7931
6466
4910
1948
3446
  1.698534 seconds (29.19 k allocations: 35.947 MiB)
9435
  1.723967 seconds (15.51 k allocations: 19.027 MiB)
1949
  1.774609 seconds (23.43 k allocations: 29.017 MiB)
7932
  1.799699 seconds (31.42 k allocations: 39.090 MiB)
6467
  1.813138 seconds (31.73 k allocations: 40.043 MiB)
3447
  1.879418 seconds (47.32 k allocations: 59.153 MiB)
4911
  1.694749 seconds (39.72 k allocations: 50.117 MiB)
9436
  1.700390 seconds (31.81 k allocations: 40.127 MiB)
7933
  1.715667 seconds (41.10 k allocations: 52.233 MiB)
1950
  1.706886 seconds (39.80 k allocations: 50.201 MiB)
6468
  1.693855 seconds (39.80 k allocations: 50.201 MiB)
3448
  1.695500 seconds (39.80 k allocations: 50.201 MiB)
4912
  1.695224 seconds (39.80 k allocations: 50.201 MiB)
9437
  1.690760 seconds (31.89 k allocations: 40.211 MiB)
1951
  1.711650 seconds (40.13 k allocations: 51.767 MiB)
7934
  1.720852 seconds (39.72 k allocations: 50.117 MiB)
6469
  1.704223 seconds (39.72 k allocations: 50.117 MiB)
3449
  1.700164 seconds (39.64 k allocations: 50.033 MiB)
4913
  1.696762 seconds (39.56 k allocations: 49.949 MiB)
9438
  1.874859 seconds (38.01 k allocations: 47.141 MiB, 3.78% gc time)
  1.812408 seconds (22.33 k allocations: 27.292 MiB, 3.91% gc time)
  1.857257 seconds (30.18 k allocations: 37.224 MiB, 3.82% gc time)
  1.790846 seconds (14.51 k allocations: 17.416 MiB, 3.96% gc time)
  1.760525 seconds (8.80 k allocations: 12.277 MiB, 4.03% gc time)
6470
1952
3450
7935
4914
  1.692642 seconds (35.58 k allocations: 42.560 MiB)
9439
  1.730110 seconds (16.39 k allocations: 22.363 MiB)
1953
  1.735704 seconds (21.43 k allocations: 26.918 MiB)
7936
  1.750034 seconds (33.86 k allocations: 44.035 MiB)
6471
  2.565633 seconds (31.89 k allocations: 40.211 MiB)
4915
  3.003018 seconds (39.80 k allocations: 50.201 MiB)
3451
  1.687721 seconds (31.81 k allocations: 40.127 MiB)
1954
  1.704074 seconds (31.14 k allocations: 38.743 MiB)
7937
  1.706741 seconds (31.81 k allocations: 40.127 MiB)
6472
  1.694779 seconds (23.90 k allocations: 30.137 MiB)
3452
  3.373694 seconds (71.61 k allocations: 90.327 MiB)
9440
  1.699356 seconds (23.90 k allocations: 30.137 MiB)
  1.725656 seconds (32.27 k allocations: 41.247 MiB)
7938
1955
  1.705431 seconds (31.81 k allocations: 40.127 MiB)
6473
  2.901427 seconds (71.61 k allocations: 90.327 MiB)
4916
  1.730538 seconds (39.72 k allocations: 50.117 MiB)
3453
  1.723226 seconds (39.72 k allocations: 50.117 MiB)
9441
  1.687967 seconds (31.81 k allocations: 40.127 MiB)
1956
  3.345411 seconds (34.61 k allocations: 43.689 MiB, 2.09% gc time)
  2.999416 seconds (19.04 k allocations: 23.915 MiB, 2.34% gc time)
  1.691327 seconds (3.15 k allocations: 3.851 MiB, 4.14% gc time)
  2.039285 seconds (11.14 k allocations: 13.918 MiB, 3.44% gc time)
  3.329710 seconds (26.79 k allocations: 33.773 MiB, 2.10% gc time)
3454
4917
7939
9442
6474
  1.687615 seconds (25.08 k allocations: 31.705 MiB)
1957
  1.726312 seconds (7.92 k allocations: 9.990 MiB)
  1.731774 seconds (12.57 k allocations: 20.284 MiB)
9443
7940
  1.794628 seconds (23.82 k allocations: 30.054 MiB)
3455
  1.802027 seconds (30.09 k allocations: 37.152 MiB)
6475
  1.818193 seconds (39.80 k allocations: 50.201 MiB)
4918
  1.687982 seconds (39.80 k allocations: 50.201 MiB)
1958
  1.694468 seconds (31.81 k allocations: 40.127 MiB)
9444
  1.701983 seconds (39.72 k allocations: 50.117 MiB)
7941
  1.690879 seconds (37.19 k allocations: 46.846 MiB)
3456
  1.700479 seconds (36.81 k allocations: 45.926 MiB)
6476
  1.697658 seconds (39.64 k allocations: 50.032 MiB)
4919
  1.693739 seconds (39.64 k allocations: 50.033 MiB)
1959
  1.703477 seconds (38.66 k allocations: 48.346 MiB)
9445
  1.717612 seconds (39.72 k allocations: 50.117 MiB)
7942
  1.715433 seconds (35.66 k allocations: 45.280 MiB)
  1.709894 seconds (31.84 k allocations: 40.395 MiB)
3457
6477
  1.699894 seconds (29.54 k allocations: 37.297 MiB)
4920
  1.688370 seconds (39.80 k allocations: 50.201 MiB)
1960
  1.873381 seconds (38.31 k allocations: 47.462 MiB, 4.04% gc time)
  1.782117 seconds (9.54 k allocations: 11.629 MiB, 4.25% gc time)
  1.849948 seconds (30.46 k allocations: 37.513 MiB, 4.10% gc time)
  1.775833 seconds (6.64 k allocations: 7.467 MiB, 4.27% gc time)
  1.780658 seconds (8.55 k allocations: 10.693 MiB, 4.25% gc time)
9446
6478
7943
3458
4921
  1.689439 seconds (33.03 k allocations: 39.792 MiB)
1961
  1.734327 seconds (8.85 k allocations: 12.164 MiB)
  1.729669 seconds (8.29 k allocations: 11.026 MiB)
6479
3459
  1.736678 seconds (16.35 k allocations: 19.993 MiB)
9447
  1.738172 seconds (23.03 k allocations: 28.736 MiB)
7944
  1.756609 seconds (39.95 k allocations: 51.562 MiB)
4922
  1.686323 seconds (39.64 k allocations: 50.033 MiB)
1962
  1.688234 seconds (21.80 k allocations: 28.524 MiB)
3460
  1.694207 seconds (23.73 k allocations: 29.969 MiB)
  1.701531 seconds (36.16 k allocations: 46.466 MiB)
9448
6480
  1.705009 seconds (39.55 k allocations: 49.948 MiB)
7945
  1.696760 seconds (35.01 k allocations: 44.087 MiB)
4923
  1.690102 seconds (39.64 k allocations: 50.033 MiB)
1963
  1.702197 seconds (38.22 k allocations: 47.248 MiB)
3461
  1.694506 seconds (25.11 k allocations: 32.075 MiB)
9449
  1.709194 seconds (39.36 k allocations: 49.221 MiB)
6481
  1.697211 seconds (24.39 k allocations: 31.337 MiB)
4924
  1.709563 seconds (39.64 k allocations: 50.033 MiB)
7946
  1.688654 seconds (39.64 k allocations: 50.033 MiB)
1964
  1.695040 seconds (31.73 k allocations: 40.043 MiB)
3462
  1.695100 seconds (33.14 k allocations: 42.186 MiB)
9450
  3.241393 seconds (19.29 k allocations: 24.927 MiB, 1.32% gc time)
  3.225853 seconds (11.62 k allocations: 15.145 MiB, 1.33% gc time)
  3.240593 seconds (19.50 k allocations: 25.121 MiB, 1.32% gc time)
  1.633410 seconds (6.56 k allocations: 10.037 MiB, 2.62% gc time)
7947
6482
4925
1965
  1.711908 seconds (25.19 k allocations: 31.860 MiB)
  1.713874 seconds (12.41 k allocations: 17.034 MiB)
  1.714744 seconds (13.54 k allocations: 18.156 MiB)
3463
7948
9451
  1.806026 seconds (31.42 k allocations: 39.090 MiB)
6483
  2.574335 seconds (31.73 k allocations: 40.043 MiB)
1966
  2.604265 seconds (41.36 k allocations: 53.009 MiB)
4926
  1.702934 seconds (31.57 k allocations: 40.465 MiB)
7949
  1.703478 seconds (23.82 k allocations: 30.053 MiB)
6484
  2.010708 seconds (47.17 k allocations: 58.986 MiB)
3464
  2.105746 seconds (47.63 k allocations: 60.106 MiB)
9452
  1.691953 seconds (39.72 k allocations: 50.117 MiB)
1967
  1.699357 seconds (39.80 k allocations: 50.201 MiB)
4927
  1.714486 seconds (39.72 k allocations: 50.117 MiB)
7950
  1.705129 seconds (39.80 k allocations: 50.201 MiB)
6485
  1.696474 seconds (39.80 k allocations: 50.201 MiB)
3465
  1.702649 seconds (39.80 k allocations: 50.201 MiB)
9453
  1.694430 seconds (39.72 k allocations: 50.117 MiB)
1968
  1.701867 seconds (39.72 k allocations: 50.117 MiB)
4928
  1.712537 seconds (39.64 k allocations: 50.033 MiB)
7951
  2.340850 seconds (26.50 k allocations: 33.479 MiB, 3.95% gc time)
  2.562102 seconds (34.37 k allocations: 43.441 MiB, 3.61% gc time)
  2.247318 seconds (18.76 k allocations: 23.685 MiB, 4.11% gc time)  1.784767 seconds (10.87 k allocations: 13.734 MiB, 5.18% gc time)

  1.761765 seconds (3.07 k allocations: 3.903 MiB, 5.24% gc time)
9454
1969
4929
3466
6486
  1.705491 seconds (28.19 k allocations: 34.882 MiB)
7952
  1.727085 seconds (11.75 k allocations: 15.133 MiB)
1970
  1.766096 seconds (19.69 k allocations: 25.144 MiB)
4930
  1.781705 seconds (23.82 k allocations: 30.053 MiB)
3467
  1.807296 seconds (28.99 k allocations: 37.257 MiB)
  1.808530 seconds (29.41 k allocations: 37.898 MiB)
9455
6487
  1.708966 seconds (39.64 k allocations: 50.033 MiB)
7953
  1.692709 seconds (39.64 k allocations: 50.033 MiB)
1971
  1.699747 seconds (39.72 k allocations: 50.117 MiB)
4931
  1.697797 seconds (24.24 k allocations: 31.716 MiB)
9456
  1.700122 seconds (25.43 k allocations: 32.399 MiB)
3468
  1.701491 seconds (29.46 k allocations: 37.214 MiB)
6488
  1.690088 seconds (31.73 k allocations: 40.043 MiB)
1972
  1.718167 seconds (46.68 k allocations: 57.924 MiB)
7954
  1.699918 seconds (39.64 k allocations: 50.033 MiB)
4932
  1.695244 seconds (29.22 k allocations: 38.006 MiB)
9457
  1.701253 seconds (31.73 k allocations: 40.043 MiB)
3469
  1.710631 seconds (36.59 k allocations: 45.702 MiB)
6489
  1.692761 seconds (37.25 k allocations: 46.905 MiB)
1973
  1.862320 seconds (34.80 k allocations: 43.882 MiB, 2.78% gc time)
  1.812515 seconds (26.94 k allocations: 33.925 MiB, 2.85% gc time)
  1.774879 seconds (18.93 k allocations: 23.770 MiB, 2.91% gc time)
  1.757194 seconds (5.29 k allocations: 7.277 MiB, 2.94% gc time)
  1.752756 seconds (3.30 k allocations: 4.105 MiB, 2.95% gc time)
9458
4933
3470
7955
6490
  1.689041 seconds (23.77 k allocations: 30.333 MiB)
1974
  1.720293 seconds (7.92 k allocations: 9.991 MiB)
9459
  1.724888 seconds (13.03 k allocations: 15.905 MiB)
7956
  1.729487 seconds (23.01 k allocations: 28.004 MiB)
3471
  1.731422 seconds (25.22 k allocations: 32.190 MiB)
6491
  1.754276 seconds (39.72 k allocations: 50.117 MiB)
4934
  1.687852 seconds (39.72 k allocations: 50.117 MiB)
1975
  1.690204 seconds (35.32 k allocations: 44.938 MiB)
9460
  1.693530 seconds (23.82 k allocations: 30.054 MiB)
3472
  1.702709 seconds (38.75 k allocations: 48.496 MiB)
7957
  1.705008 seconds (39.64 k allocations: 50.032 MiB)
6492
  1.696457 seconds (39.72 k allocations: 50.117 MiB)
4935
  1.686826 seconds (39.72 k allocations: 50.117 MiB)
1976
  1.691884 seconds (39.72 k allocations: 50.117 MiB)
9461
  1.695786 seconds (33.03 k allocations: 42.597 MiB)
3473
  1.707596 seconds (39.76 k allocations: 50.151 MiB)
7958
  1.704725 seconds (34.09 k allocations: 43.154 MiB)
6493
  1.696446 seconds (36.35 k allocations: 44.242 MiB)
4936
  1.689746 seconds (39.80 k allocations: 50.201 MiB)
1977
  1.771373 seconds (38.31 k allocations: 47.462 MiB, 0.84% gc time)
  1.720231 seconds (6.57 k allocations: 7.383 MiB, 0.86% gc time)
  1.751808 seconds (30.46 k allocations: 37.512 MiB, 0.85% gc time)
  1.730706 seconds (13.89 k allocations: 17.322 MiB, 0.86% gc time)
  1.726227 seconds (9.40 k allocations: 11.519 MiB, 0.86% gc time)
9462
3474
7959
6494
4937
  1.689137 seconds (32.46 k allocations: 39.290 MiB)
1978
  1.704280 seconds (13.21 k allocations: 19.075 MiB)
6495
  1.708395 seconds (17.70 k allocations: 24.330 MiB)
7960
  1.722721 seconds (23.90 k allocations: 30.137 MiB)
9463
  1.728145 seconds (29.71 k allocations: 36.773 MiB)
3475
  1.745915 seconds (39.80 k allocations: 50.201 MiB)
4938
  1.688371 seconds (39.72 k allocations: 50.117 MiB)
1979
  1.702338 seconds (34.12 k allocations: 43.708 MiB)
6496
  1.704543 seconds (38.42 k allocations: 47.578 MiB)
7961
  1.700008 seconds (36.12 k allocations: 45.748 MiB)
9464
  1.696276 seconds (32.92 k allocations: 41.962 MiB)
3476
  1.696201 seconds (39.80 k allocations: 50.201 MiB)
4939
  1.690171 seconds (39.72 k allocations: 50.117 MiB)
1980
  1.704487 seconds (36.57 k allocations: 46.211 MiB)
6497
  1.703315 seconds (36.66 k allocations: 45.777 MiB)
7962
  1.692776 seconds (29.91 k allocations: 36.958 MiB)
9465
  1.696430 seconds (36.00 k allocations: 45.095 MiB)
3477
  1.696610 seconds (39.64 k allocations: 50.033 MiB)
4940
  1.689657 seconds (39.64 k allocations: 50.033 MiB)
1981
  1.700002 seconds (35.01 k allocations: 44.617 MiB)
6498
  1.691497 seconds (20.21 k allocations: 26.368 MiB)
9466
  3.237783 seconds (19.88 k allocations: 25.509 MiB, 0.50% gc time)
  3.248716 seconds (33.59 k allocations: 42.633 MiB, 0.50% gc time)
  3.221731 seconds (12.07 k allocations: 15.582 MiB, 0.50% gc time)
  1.605972 seconds (6.42 k allocations: 9.883 MiB, 1.01% gc time)
3478
7963
4941
1982
  1.698386 seconds (22.29 k allocations: 28.901 MiB)
6499
  1.750918 seconds (15.86 k allocations: 20.587 MiB)
7964
  1.796694 seconds (23.34 k allocations: 28.933 MiB)
  1.796812 seconds (23.16 k allocations: 29.341 MiB)
9467
3479
  2.600972 seconds (42.41 k allocations: 55.887 MiB)
4942
  2.983804 seconds (39.64 k allocations: 50.033 MiB)
1983
  1.699070 seconds (39.64 k allocations: 50.033 MiB)
6500
  1.704228 seconds (39.72 k allocations: 50.117 MiB)
7965
  1.688400 seconds (31.73 k allocations: 40.043 MiB)
3480
  2.274739 seconds (39.64 k allocations: 50.033 MiB)
9468
  2.129514 seconds (39.72 k allocations: 50.117 MiB)
4943
  1.708520 seconds (31.73 k allocations: 40.043 MiB)
6501
  1.698054 seconds (23.82 k allocations: 30.053 MiB)
3481
  2.206758 seconds (52.58 k allocations: 65.857 MiB)
1984
  1.849539 seconds (47.63 k allocations: 60.106 MiB)
7966
  1.693636 seconds (39.72 k allocations: 50.117 MiB)
9469
  1.696861 seconds (39.80 k allocations: 50.201 MiB)
4944
  1.719847 seconds (39.80 k allocations: 50.201 MiB)
6502
  2.876240 seconds (30.42 k allocations: 37.490 MiB, 0.71% gc time)
  2.884177 seconds (34.77 k allocations: 43.132 MiB, 0.70% gc time)
  2.762029 seconds (22.63 k allocations: 27.633 MiB, 0.73% gc time)
  2.299939 seconds (14.74 k allocations: 17.696 MiB, 0.88% gc time)
  1.648921 seconds (6.87 k allocations: 7.788 MiB, 1.23% gc time)
3482
1985
9470
7967
4945
  1.689292 seconds (9.86 k allocations: 13.727 MiB)
1986
  1.693453 seconds (14.74 k allocations: 19.403 MiB)
3483
  1.804939 seconds (36.20 k allocations: 46.885 MiB)
6503
  1.810265 seconds (23.90 k allocations: 30.138 MiB)
7968
  1.814001 seconds (27.49 k allocations: 34.508 MiB)
9471
  1.824764 seconds (39.80 k allocations: 50.201 MiB)
4946
  1.687611 seconds (32.62 k allocations: 42.190 MiB)
1987
  1.700860 seconds (39.80 k allocations: 50.201 MiB)
3484
  1.690676 seconds (39.80 k allocations: 50.201 MiB)
6504
  1.697265 seconds (34.07 k allocations: 43.659 MiB)
7969
  1.693855 seconds (32.45 k allocations: 41.486 MiB)
9472
  1.694936 seconds (39.72 k allocations: 50.117 MiB)
4947
  1.688125 seconds (39.64 k allocations: 50.033 MiB)
1988
  1.703168 seconds (39.56 k allocations: 49.949 MiB)
3485
  1.692154 seconds (39.64 k allocations: 50.033 MiB)
6505
  1.693960 seconds (31.34 k allocations: 39.007 MiB)
9473
  1.700957 seconds (36.78 k allocations: 47.127 MiB)
7970
  1.695408 seconds (37.74 k allocations: 46.880 MiB)
4948
  1.686110 seconds (39.72 k allocations: 50.117 MiB)
1989
  1.752475 seconds (26.70 k allocations: 33.678 MiB, 0.88% gc time)
  1.839386 seconds (34.56 k allocations: 43.636 MiB, 0.84% gc time)
  1.722279 seconds (13.28 k allocations: 17.355 MiB, 0.89% gc time)
  1.712894 seconds (3.01 k allocations: 3.720 MiB, 0.90% gc time)
  1.716815 seconds (5.53 k allocations: 7.583 MiB, 0.90% gc time)
9474
6506
7971
4949
3486
  1.698567 seconds (20.50 k allocations: 27.018 MiB)
1990
  1.709333 seconds (12.52 k allocations: 18.346 MiB)
7972
  1.711258 seconds (11.93 k allocations: 14.780 MiB)
9475
  1.717506 seconds (20.14 k allocations: 27.525 MiB)
4950
  1.727221 seconds (31.73 k allocations: 40.043 MiB)
6507
  1.738746 seconds (39.72 k allocations: 50.117 MiB)
3487
  1.691979 seconds (39.47 k allocations: 49.208 MiB)
1991
  1.688791 seconds (23.98 k allocations: 30.222 MiB)
9476
  1.702739 seconds (38.89 k allocations: 48.583 MiB)
  1.696466 seconds (32.22 k allocations: 39.958 MiB)
7973
4951
  1.691159 seconds (39.43 k allocations: 49.267 MiB)
6508
  1.700683 seconds (39.64 k allocations: 50.033 MiB)
3488
  1.691048 seconds (39.56 k allocations: 49.949 MiB)
1992
  1.693796 seconds (36.15 k allocations: 45.077 MiB)
9477
  1.696084 seconds (31.73 k allocations: 40.043 MiB)
4952
  1.694814 seconds (30.49 k allocations: 37.556 MiB)
  1.708346 seconds (38.75 k allocations: 48.013 MiB)
6509
7974
  1.704475 seconds (39.72 k allocations: 50.117 MiB)
3489
  1.694731 seconds (39.72 k allocations: 50.117 MiB)
1993
  1.827326 seconds (25.42 k allocations: 30.973 MiB, 4.06% gc time)
  1.840880 seconds (37.78 k allocations: 46.272 MiB, 4.03% gc time)
  1.817735 seconds (14.49 k allocations: 17.383 MiB, 4.08% gc time)
  1.818610 seconds (14.59 k allocations: 17.534 MiB, 4.08% gc time)
  1.787246 seconds (6.73 k allocations: 7.621 MiB, 4.15% gc time)
9478
6510
3490
7975
4953
  1.688420 seconds (35.15 k allocations: 42.021 MiB)
1994
  1.727293 seconds (7.91 k allocations: 9.990 MiB)
6511
  1.730614 seconds (9.21 k allocations: 12.007 MiB)
9479
  1.736967 seconds (22.98 k allocations: 27.976 MiB)
3491
  1.756072 seconds (31.73 k allocations: 40.043 MiB)
7976
  1.763603 seconds (37.58 k allocations: 46.702 MiB)
4954
  1.689536 seconds (39.64 k allocations: 50.033 MiB)
1995
  1.692116 seconds (29.19 k allocations: 36.762 MiB)
9480
  1.696478 seconds (32.41 k allocations: 40.751 MiB)
6512
  1.702276 seconds (39.56 k allocations: 49.949 MiB)
3492
  1.704293 seconds (39.17 k allocations: 48.913 MiB)
7977
  1.694659 seconds (39.56 k allocations: 49.949 MiB)
4955
  1.690909 seconds (39.56 k allocations: 49.949 MiB)
1996
  1.694668 seconds (31.65 k allocations: 39.959 MiB)
  1.694834 seconds (32.03 k allocations: 40.995 MiB)
9481
6513
  1.705198 seconds (39.72 k allocations: 50.117 MiB)
3493
  1.712333 seconds (39.72 k allocations: 50.117 MiB)
7978
  1.695403 seconds (32.20 k allocations: 41.164 MiB)
4956
  1.689696 seconds (39.72 k allocations: 50.117 MiB)
1997
  1.693210 seconds (31.73 k allocations: 40.043 MiB)
9482
  3.275951 seconds (34.72 k allocations: 43.798 MiB, 1.49% gc time)
  3.251207 seconds (26.89 k allocations: 33.868 MiB, 1.50% gc time)
  3.220314 seconds (11.17 k allocations: 13.995 MiB, 1.51% gc time)
  3.221254 seconds (11.36 k allocations: 14.296 MiB, 1.51% gc time)
  1.639750 seconds (3.46 k allocations: 4.384 MiB, 2.97% gc time)
6514
3494
1998
4957
7979
  1.695235 seconds (24.34 k allocations: 30.939 MiB)
9483
  1.698914 seconds (13.97 k allocations: 21.055 MiB)
1999
  1.791913 seconds (15.91 k allocations: 20.064 MiB)
6515
  1.798432 seconds (21.27 k allocations: 26.231 MiB)
3495
  1.802650 seconds (31.56 k allocations: 38.646 MiB)
7980
  1.819820 seconds (39.80 k allocations: 50.201 MiB)
4958
  1.695727 seconds (39.72 k allocations: 50.117 MiB)
9484
  1.688783 seconds (33.49 k allocations: 42.541 MiB)
2000
  1.689118 seconds (35.15 k allocations: 44.771 MiB)
6516
  1.700356 seconds (38.05 k allocations: 47.716 MiB)
3496
  1.698099 seconds (35.06 k allocations: 44.133 MiB)
7981
  1.696336 seconds (39.56 k allocations: 49.949 MiB)
4959
  1.689002 seconds (31.64 k allocations: 39.959 MiB)
2001
  1.694499 seconds (33.43 k allocations: 43.710 MiB)
9485
  1.692834 seconds (39.64 k allocations: 50.033 MiB)
6517
  1.701917 seconds (33.96 k allocations: 43.539 MiB)
3497
  1.701508 seconds (35.60 k allocations: 44.686 MiB)
7982
  1.695059 seconds (37.49 k allocations: 46.618 MiB)
4960
  1.689408 seconds (31.65 k allocations: 39.959 MiB)
2002
  1.895880 seconds (34.63 k allocations: 43.698 MiB, 2.74% gc time)
  1.754807 seconds (3.13 k allocations: 3.880 MiB, 2.96% gc time)
  1.800045 seconds (26.81 k allocations: 33.796 MiB, 2.89% gc time)
  1.762686 seconds (7.44 k allocations: 9.488 MiB, 2.95% gc time)
  1.770353 seconds (16.71 k allocations: 23.460 MiB, 2.93% gc time)
6518
7983
9486
4961
3498
  1.709457 seconds (30.22 k allocations: 37.051 MiB)
2003
  1.723740 seconds (18.85 k allocations: 23.643 MiB)
9487
  1.725633 seconds (20.78 k allocations: 26.305 MiB)
6519
  1.738413 seconds (34.26 k allocations: 41.967 MiB)
7984
  1.847062 seconds (31.73 k allocations: 40.043 MiB)
4962
  1.930110 seconds (39.64 k allocations: 50.033 MiB)
3499
  1.689318 seconds (39.64 k allocations: 50.033 MiB)
2004
  1.691817 seconds (35.30 k allocations: 44.905 MiB)
9488
  1.693760 seconds (36.49 k allocations: 44.910 MiB)
6520
  1.702467 seconds (39.72 k allocations: 50.117 MiB)
7985
  1.696134 seconds (39.80 k allocations: 50.201 MiB)
4963
  1.704847 seconds (39.80 k allocations: 50.201 MiB)
3500
  1.690406 seconds (39.88 k allocations: 50.285 MiB)
2005
  1.692142 seconds (38.88 k allocations: 48.566 MiB)
9489
  1.698692 seconds (39.80 k allocations: 50.201 MiB)
6521
  1.706827 seconds (39.72 k allocations: 50.117 MiB)
7986
  1.697011 seconds (39.80 k allocations: 50.201 MiB)
4964
  1.710654 seconds (39.72 k allocations: 50.117 MiB)
3501
  1.688744 seconds (39.72 k allocations: 50.117 MiB)
2006
  2.003688 seconds (38.33 k allocations: 47.475 MiB, 1.27% gc time)
  1.981984 seconds (30.52 k allocations: 37.592 MiB, 1.28% gc time)
  1.965078 seconds (22.63 k allocations: 27.671 MiB, 1.29% gc time)
  1.837540 seconds (14.82 k allocations: 17.841 MiB, 1.38% gc time)
  1.746945 seconds (8.35 k allocations: 11.155 MiB, 1.46% gc time)
9490
6522
7987
4965
3502
  1.688090 seconds (35.52 k allocations: 42.405 MiB)
2007
  1.727030 seconds (15.51 k allocations: 19.027 MiB)
6523
  1.733200 seconds (19.86 k allocations: 24.149 MiB)
9491
  1.742298 seconds (31.41 k allocations: 39.090 MiB)
7988
  1.786927 seconds (39.33 k allocations: 49.080 MiB)
4966
  1.776517 seconds (39.64 k allocations: 50.033 MiB)
3503
  1.689811 seconds (39.72 k allocations: 50.117 MiB)
2008
  1.692246 seconds (36.53 k allocations: 46.161 MiB)
6524
  1.692378 seconds (37.83 k allocations: 46.320 MiB)
9492
  1.700490 seconds (39.72 k allocations: 50.117 MiB)
7989
  1.696145 seconds (39.80 k allocations: 50.201 MiB)
4967
  1.704979 seconds (39.72 k allocations: 50.117 MiB)
3504
  1.691099 seconds (39.64 k allocations: 50.033 MiB)
2009
  1.699940 seconds (37.65 k allocations: 47.304 MiB)
6525
  1.693067 seconds (33.05 k allocations: 42.095 MiB)
9493
  1.700456 seconds (39.64 k allocations: 50.033 MiB)
7990
  1.697735 seconds (39.64 k allocations: 50.033 MiB)
4968
  1.702980 seconds (39.64 k allocations: 50.033 MiB)
3505
  1.689800 seconds (39.56 k allocations: 49.949 MiB)
2010
  1.692251 seconds (31.64 k allocations: 39.959 MiB)
  1.696842 seconds (33.12 k allocations: 43.340 MiB)
9494
6526
  3.252419 seconds (28.81 k allocations: 36.551 MiB, 1.40% gc time)
  3.215599 seconds (20.99 k allocations: 26.629 MiB, 1.42% gc time)
  3.176502 seconds (13.21 k allocations: 16.762 MiB, 1.43% gc time)
  1.639648 seconds (5.36 k allocations: 6.828 MiB, 2.78% gc time)
7991
3506
4969
2011
  1.692596 seconds (25.27 k allocations: 31.904 MiB)
9495
  1.708706 seconds (8.00 k allocations: 10.075 MiB)
2012
  1.794731 seconds (16.00 k allocations: 20.149 MiB)
  1.798243 seconds (15.99 k allocations: 20.148 MiB)
6527
3507
  1.800785 seconds (29.34 k allocations: 35.154 MiB)
7992
  1.830531 seconds (39.88 k allocations: 50.285 MiB)
4970
  1.692255 seconds (39.80 k allocations: 50.201 MiB)
9496
  1.688829 seconds (39.72 k allocations: 50.117 MiB)
2013
  1.691728 seconds (29.17 k allocations: 36.726 MiB)
6528
  1.700160 seconds (37.02 k allocations: 46.671 MiB)
3508
  1.698920 seconds (37.55 k allocations: 46.679 MiB)
7993
  1.695882 seconds (39.64 k allocations: 50.033 MiB)
4971
  1.699389 seconds (39.64 k allocations: 50.033 MiB)
9497
  1.692122 seconds (39.72 k allocations: 50.117 MiB)
2014
  1.694018 seconds (39.02 k allocations: 48.698 MiB)
6529
  1.704475 seconds (35.99 k allocations: 45.618 MiB)
3509
  1.702539 seconds (35.53 k allocations: 44.615 MiB)
7994
  1.696259 seconds (39.72 k allocations: 50.117 MiB)
4972
  1.693648 seconds (39.64 k allocations: 50.033 MiB)
9498
  1.843528 seconds (38.24 k allocations: 47.385 MiB, 1.39% gc time)
  1.758309 seconds (30.44 k allocations: 37.516 MiB, 1.46% gc time)
  1.740487 seconds (16.65 k allocations: 20.881 MiB, 1.48% gc time)
  1.735895 seconds (14.72 k allocations: 17.721 MiB, 1.48% gc time)
  1.716846 seconds (6.90 k allocations: 7.874 MiB, 1.50% gc time)
2015
4973
6530
7995
3510
  1.691670 seconds (31.23 k allocations: 37.969 MiB)
9499
  1.717794 seconds (15.54 k allocations: 22.660 MiB)
4974
  1.727227 seconds (15.83 k allocations: 19.980 MiB)
3511
  1.729608 seconds (18.77 k allocations: 23.685 MiB)
  1.727465 seconds (19.92 k allocations: 25.506 MiB)
7996
2016
  1.729260 seconds (25.01 k allocations: 31.450 MiB)
6531
  1.696095 seconds (39.56 k allocations: 49.949 MiB)
9500
  1.697186 seconds (39.56 k allocations: 49.949 MiB)
4975
  1.689595 seconds (15.82 k allocations: 19.980 MiB)
2017
  1.692100 seconds (18.53 k allocations: 23.428 MiB)
6532
  1.699984 seconds (30.36 k allocations: 39.856 MiB)
3512
  1.699628 seconds (30.09 k allocations: 37.840 MiB)
7997
  1.693861 seconds (39.72 k allocations: 50.117 MiB)
9501
  1.696778 seconds (39.72 k allocations: 50.117 MiB)
4976
  1.689386 seconds (21.68 k allocations: 27.168 MiB)
2018
  1.701224 seconds (30.23 k allocations: 39.037 MiB)
6533
  1.712879 seconds (31.73 k allocations: 40.043 MiB)
3513
  1.716807 seconds (33.07 k allocations: 42.105 MiB)
7998
  1.690115 seconds (39.72 k allocations: 50.117 MiB)
9502
  1.687584 seconds (31.81 k allocations: 40.127 MiB)
2019
  1.697324 seconds (36.46 k allocations: 46.788 MiB)
  3.359255 seconds (27.11 k allocations: 34.500 MiB, 1.49% gc time)
  3.338766 seconds (11.29 k allocations: 14.503 MiB, 1.50% gc time)
  3.339003 seconds (11.38 k allocations: 14.610 MiB, 1.50% gc time)
  1.707394 seconds (3.45 k allocations: 4.619 MiB, 2.92% gc time)
4977
9503
6534
7999
3514
  1.689466 seconds (25.69 k allocations: 32.308 MiB)
2020
  1.714373 seconds (7.92 k allocations: 9.991 MiB)
9504
  1.787461 seconds (15.91 k allocations: 20.064 MiB)
4978
  1.797494 seconds (23.90 k allocations: 30.137 MiB)
8000
  1.800560 seconds (24.83 k allocations: 31.783 MiB)
3515
  1.802674 seconds (29.54 k allocations: 37.283 MiB)
6535
  1.688264 seconds (39.80 k allocations: 50.201 MiB)
2021
  1.692051 seconds (39.80 k allocations: 50.201 MiB)
9505
  1.698709 seconds (39.80 k allocations: 50.201 MiB)
4979
  1.691269 seconds (23.98 k allocations: 30.222 MiB)
6536
  1.700028 seconds (32.74 k allocations: 42.301 MiB)
8001
  1.700723 seconds (36.06 k allocations: 45.158 MiB)
3516
  1.690675 seconds (39.88 k allocations: 50.285 MiB)
2022
  1.690528 seconds (39.88 k allocations: 50.285 MiB)
9506
  1.696918 seconds (39.80 k allocations: 50.201 MiB)
4980
  1.695994 seconds (28.36 k allocations: 35.920 MiB)
6537
  1.704739 seconds (34.33 k allocations: 42.704 MiB)
8002
  1.705866 seconds (36.93 k allocations: 46.048 MiB)
3517
  1.690294 seconds (39.80 k allocations: 50.201 MiB)
2023
  1.835056 seconds (38.32 k allocations: 47.479 MiB, 0.83% gc time)
  1.746417 seconds (30.45 k allocations: 37.515 MiB, 0.88% gc time)
  1.731125 seconds (20.45 k allocations: 24.692 MiB, 0.88% gc time)
  1.723607 seconds (10.25 k allocations: 12.400 MiB, 0.89% gc time)
  1.718372 seconds (6.73 k allocations: 7.611 MiB, 0.89% gc time)
9507
6538
8003
3518
4981
  1.687261 seconds (30.57 k allocations: 37.304 MiB)
2024
  1.699347 seconds (13.92 k allocations: 19.794 MiB)
8004
  1.701401 seconds (15.41 k allocations: 22.021 MiB)
3519
  1.728745 seconds (23.90 k allocations: 30.138 MiB)
6539
  1.733456 seconds (31.40 k allocations: 38.492 MiB)
9508
  1.742539 seconds (38.97 k allocations: 48.130 MiB)
4982
  1.689516 seconds (39.80 k allocations: 50.201 MiB)
2025
  1.703883 seconds (31.89 k allocations: 40.211 MiB)
3520
  1.708136 seconds (33.35 k allocations: 43.627 MiB)
8005
  1.696264 seconds (37.53 k allocations: 47.192 MiB)
6540
  1.692298 seconds (32.15 k allocations: 40.483 MiB)
9509
  1.696797 seconds (39.72 k allocations: 50.117 MiB)
4983
  1.690574 seconds (39.64 k allocations: 50.033 MiB)
2026
  1.703888 seconds (31.81 k allocations: 40.127 MiB)
8006
  1.706883 seconds (32.30 k allocations: 42.484 MiB)
3521
  1.695101 seconds (31.98 k allocations: 41.534 MiB)
6541
  1.695572 seconds (34.07 k allocations: 43.137 MiB)
9510
  1.696200 seconds (39.72 k allocations: 50.117 MiB)
4984
  1.689468 seconds (39.72 k allocations: 50.117 MiB)
2027
  1.701380 seconds (31.81 k allocations: 40.127 MiB)
  1.702612 seconds (32.03 k allocations: 40.770 MiB)
3522
8007
  1.691758 seconds (17.95 k allocations: 24.765 MiB)
  3.223201 seconds (13.60 k allocations: 17.809 MiB, 0.70% gc time)
  3.241734 seconds (21.54 k allocations: 27.857 MiB, 0.70% gc time)
  1.611673 seconds (7.67 k allocations: 11.148 MiB, 1.41% gc time)
4985
9511
6542
2028
  1.710810 seconds (21.30 k allocations: 28.016 MiB)
3523
  1.790190 seconds (15.44 k allocations: 18.944 MiB)
  1.797344 seconds (15.82 k allocations: 19.980 MiB)
  1.804248 seconds (16.40 k allocations: 22.444 MiB)
9512
6543
8008
  2.516958 seconds (31.73 k allocations: 40.043 MiB)
2029
  2.621600 seconds (53.65 k allocations: 69.372 MiB)
4986
  1.690326 seconds (15.82 k allocations: 19.980 MiB)
6544
  1.699157 seconds (23.81 k allocations: 30.053 MiB)
8009
  2.050154 seconds (31.81 k allocations: 40.127 MiB)
9513
  1.695604 seconds (23.90 k allocations: 30.137 MiB)
4987
  2.769038 seconds (71.44 k allocations: 90.159 MiB)
3524
  2.652716 seconds (47.71 k allocations: 60.190 MiB)
  1.705943 seconds (31.99 k allocations: 40.593 MiB)
  1.700324 seconds (24.58 k allocations: 32.125 MiB)
2030
6545
8010
  1.911367 seconds (39.72 k allocations: 50.117 MiB)
9514
  2.135534 seconds (39.72 k allocations: 50.117 MiB)
4988
  2.337231 seconds (39.64 k allocations: 50.033 MiB)
3525
  1.694205 seconds (23.73 k allocations: 29.969 MiB)
6546
  1.700195 seconds (26.27 k allocations: 35.690 MiB)
8011
  3.198566 seconds (22.91 k allocations: 28.606 MiB, 0.54% gc time)
  3.778545 seconds (30.95 k allocations: 38.715 MiB, 0.46% gc time)
  2.542258 seconds (15.18 k allocations: 18.768 MiB, 0.68% gc time)
  2.142208 seconds (8.81 k allocations: 11.589 MiB, 0.80% gc time)
4989
9515
2031
3526
  1.693702 seconds (25.58 k allocations: 32.208 MiB)
  1.691561 seconds (14.49 k allocations: 19.107 MiB)
8012
9516
  1.792418 seconds (32.80 k allocations: 42.201 MiB)
6547
  1.793809 seconds (26.57 k allocations: 35.306 MiB)
3527
  2.566811 seconds (31.81 k allocations: 40.127 MiB)
2032
  2.589180 seconds (39.72 k allocations: 50.117 MiB)
4990
  1.693152 seconds (23.73 k allocations: 29.969 MiB)
6548
  1.700640 seconds (23.73 k allocations: 29.969 MiB)
3528
  2.128525 seconds (47.47 k allocations: 59.938 MiB)
9517
  2.154988 seconds (62.98 k allocations: 78.964 MiB)
8013
  2.306678 seconds (39.56 k allocations: 49.949 MiB)
2033
  1.692418 seconds (31.73 k allocations: 40.043 MiB)
6549
  1.701552 seconds (31.73 k allocations: 40.043 MiB)
3529
  2.837516 seconds (55.54 k allocations: 70.096 MiB)
4991
  1.692431 seconds (39.38 k allocations: 49.102 MiB)
9518
  2.486666 seconds (39.72 k allocations: 50.117 MiB)
8014
  1.695519 seconds (31.81 k allocations: 40.127 MiB)
6550
  3.383624 seconds (47.33 k allocations: 58.581 MiB, 0.60% gc time)
  2.753821 seconds (15.79 k allocations: 18.786 MiB, 0.74% gc time)
  3.083190 seconds (31.55 k allocations: 38.680 MiB, 0.66% gc time)
  2.823512 seconds (23.79 k allocations: 28.896 MiB, 0.72% gc time)
  1.952510 seconds (9.14 k allocations: 13.478 MiB, 1.05% gc time)
4992
2034
9519
3530
8015
  1.720491 seconds (9.21 k allocations: 11.887 MiB)
3531
  1.725236 seconds (12.15 k allocations: 15.580 MiB)
2035
  1.729275 seconds (18.05 k allocations: 22.300 MiB)
4993
  1.742234 seconds (47.64 k allocations: 60.516 MiB)
6551
  2.054752 seconds (31.81 k allocations: 40.127 MiB)
8016
  2.191530 seconds (47.33 k allocations: 59.154 MiB)
9520
  1.687792 seconds (23.90 k allocations: 30.138 MiB)
2036
  1.697250 seconds (31.89 k allocations: 40.211 MiB)
  1.702416 seconds (37.81 k allocations: 48.861 MiB)
4994
3532
  1.693269 seconds (33.78 k allocations: 41.607 MiB)
6552
  1.692971 seconds (39.80 k allocations: 50.201 MiB)
8017
  1.702813 seconds (39.80 k allocations: 50.201 MiB)
9521
  1.688673 seconds (37.75 k allocations: 46.718 MiB)
2037
  1.692680 seconds (23.82 k allocations: 30.053 MiB)
6553
  1.697275 seconds (26.01 k allocations: 34.222 MiB)
4995
  1.701441 seconds (32.13 k allocations: 41.148 MiB)
3533
  1.693787 seconds (39.72 k allocations: 50.117 MiB)
8018
  1.712453 seconds (39.80 k allocations: 50.201 MiB)
9522
  1.689692 seconds (39.80 k allocations: 50.201 MiB)
2038
  2.227111 seconds (18.84 k allocations: 23.767 MiB, 3.23% gc time)
  2.233074 seconds (24.03 k allocations: 31.499 MiB, 3.22% gc time)
  2.229086 seconds (18.93 k allocations: 23.818 MiB, 3.23% gc time)
  1.740205 seconds (3.15 k allocations: 3.850 MiB, 4.13% gc time)
  1.864962 seconds (11.12 k allocations: 13.913 MiB, 3.85% gc time)
9523
4996
3534
6554
8019
  1.688449 seconds (28.53 k allocations: 35.224 MiB)
2039
  1.724487 seconds (9.50 k allocations: 14.063 MiB)
9524
  1.735271 seconds (15.90 k allocations: 20.064 MiB)
8020
  1.790082 seconds (23.82 k allocations: 30.054 MiB)
  1.795537 seconds (24.21 k allocations: 31.091 MiB)
6555
3535
  1.818743 seconds (39.72 k allocations: 50.117 MiB)
4997
  1.692517 seconds (39.72 k allocations: 50.117 MiB)
2040
  1.696873 seconds (39.72 k allocations: 50.117 MiB)
9525
  1.708713 seconds (39.80 k allocations: 50.201 MiB)
8021
  1.701308 seconds (31.89 k allocations: 40.211 MiB)
6556
  1.712295 seconds (39.76 k allocations: 48.935 MiB)
3536
  1.701425 seconds (39.88 k allocations: 50.285 MiB)
4998
  1.693243 seconds (39.80 k allocations: 50.201 MiB)
2041
  1.700673 seconds (39.80 k allocations: 50.201 MiB)
9526
  1.711037 seconds (39.80 k allocations: 50.201 MiB)
8022
  1.697875 seconds (38.63 k allocations: 48.313 MiB)
6557
  1.708818 seconds (39.72 k allocations: 50.117 MiB)
3537
  1.700391 seconds (36.67 k allocations: 45.784 MiB)
4999
  1.686352 seconds (39.64 k allocations: 50.033 MiB)
2042
  1.861551 seconds (38.08 k allocations: 47.226 MiB, 3.17% gc time)
  1.785568 seconds (22.45 k allocations: 27.477 MiB, 3.30% gc time)
  1.814531 seconds (30.28 k allocations: 37.371 MiB, 3.25% gc time)
  1.758671 seconds (6.70 k allocations: 7.599 MiB, 3.35% gc time)
  1.764703 seconds (10.34 k allocations: 12.571 MiB, 3.34% gc time)
9527
5000
6558
3538
8023
  1.687843 seconds (32.08 k allocations: 38.819 MiB)
2043
  1.730832 seconds (7.92 k allocations: 9.990 MiB)
  1.734979 seconds (8.29 k allocations: 11.026 MiB)
  1.741604 seconds (8.68 k allocations: 12.062 MiB)
  1.741114 seconds (9.06 k allocations: 13.098 MiB)
3539
9528
6559
  1.756951 seconds (16.19 k allocations: 22.402 MiB)
8024
5001
  1.686781 seconds (39.64 k allocations: 50.033 MiB)
2044
  1.695071 seconds (18.53 k allocations: 24.542 MiB)
9529
  1.697247 seconds (18.34 k allocations: 22.591 MiB)
6560
  1.706165 seconds (31.58 k allocations: 39.261 MiB)
  1.704448 seconds (31.01 k allocations: 38.083 MiB)
3540
8025
  1.714259 seconds (39.72 k allocations: 50.117 MiB)
5002
  1.687843 seconds (39.64 k allocations: 50.033 MiB)
2045
  1.696746 seconds (32.30 k allocations: 41.202 MiB)
9530
  1.696376 seconds (28.59 k allocations: 36.154 MiB)
6561
  1.703011 seconds (31.73 k allocations: 40.043 MiB)
  1.702782 seconds (31.84 k allocations: 40.321 MiB)
3541
8026
  1.696548 seconds (39.64 k allocations: 50.033 MiB)
5003
  1.687689 seconds (39.64 k allocations: 50.033 MiB)
2046
  1.694725 seconds (31.81 k allocations: 41.355 MiB)
  1.692266 seconds (31.68 k allocations: 39.996 MiB)
6562
9531
  3.192498 seconds (12.47 k allocations: 16.020 MiB, 1.61% gc time)
  3.233142 seconds (20.12 k allocations: 25.757 MiB, 1.59% gc time)  3.231556 seconds (20.23 k allocations: 25.872 MiB, 1.59% gc time)  1.642345 seconds (4.61 k allocations: 6.046 MiB, 3.12% gc time)


2047
5004
3542
8027
  1.705324 seconds (6.53 k allocations: 9.102 MiB)
2048
  1.717956 seconds (18.16 k allocations: 24.104 MiB)
5005
  1.789387 seconds (21.36 k allocations: 28.073 MiB)
9532
  1.797482 seconds (27.32 k allocations: 34.838 MiB)
6563
  1.796238 seconds (30.00 k allocations: 38.287 MiB)
3543
  1.796788 seconds (38.69 k allocations: 47.838 MiB)
8028
  1.685316 seconds (39.26 k allocations: 48.997 MiB)
2049
  1.696562 seconds (39.72 k allocations: 50.117 MiB)
5006
  1.692898 seconds (35.37 k allocations: 44.987 MiB)
9533
  1.695603 seconds (35.22 k allocations: 43.592 MiB)
6564
  1.700163 seconds (38.62 k allocations: 48.300 MiB)
3544
  1.698942 seconds (36.80 k allocations: 45.921 MiB)
8029
  1.688804 seconds (39.80 k allocations: 50.201 MiB)
2050
  1.698421 seconds (39.88 k allocations: 50.285 MiB)
5007
  1.694588 seconds (39.34 k allocations: 49.035 MiB)
9534
  1.696615 seconds (39.50 k allocations: 49.249 MiB)
6565
  1.706370 seconds (37.31 k allocations: 46.967 MiB)
3545
  1.703922 seconds (38.00 k allocations: 47.143 MiB)
8030
  1.687754 seconds (39.80 k allocations: 50.201 MiB)
2051
  1.858102 seconds (34.78 k allocations: 43.858 MiB, 0.77% gc time)
  1.788039 seconds (26.44 k allocations: 32.780 MiB, 0.80% gc time)
  1.777867 seconds (18.95 k allocations: 23.867 MiB, 0.81% gc time)
  1.758352 seconds (9.65 k allocations: 11.830 MiB, 0.82% gc time)
  1.748122 seconds (4.65 k allocations: 7.424 MiB, 0.82% gc time)
9535
6566
5008
3546
8031
  1.685980 seconds (35.12 k allocations: 42.051 MiB)
2052
  1.725670 seconds (13.41 k allocations: 16.820 MiB)
6567
  1.735286 seconds (19.70 k allocations: 25.156 MiB)
  1.742248 seconds (25.20 k allocations: 32.685 MiB)
3547
5009
  2.537027 seconds (31.81 k allocations: 40.127 MiB)
9536
  1.713184 seconds (31.73 k allocations: 40.043 MiB)
  3.390375 seconds (40.10 k allocations: 51.152 MiB)
2053
8032
  1.695242 seconds (34.70 k allocations: 43.770 MiB)
6568
  1.696208 seconds (31.73 k allocations: 40.043 MiB)
3548
  2.093787 seconds (39.64 k allocations: 50.033 MiB)
5010
  2.109064 seconds (39.64 k allocations: 50.033 MiB)
9537
  1.693454 seconds (23.73 k allocations: 29.969 MiB)
6569
  1.702771 seconds (23.82 k allocations: 30.053 MiB)
3549
  1.905099 seconds (55.08 k allocations: 68.976 MiB)
2054
  2.307031 seconds (50.23 k allocations: 63.983 MiB)
8033
  2.647129 seconds (39.80 k allocations: 50.201 MiB)
5011
  2.005010 seconds (39.80 k allocations: 50.201 MiB)
9538
  1.689660 seconds (39.72 k allocations: 50.117 MiB)
6570
  3.528613 seconds (26.88 k allocations: 33.863 MiB, 1.42% gc time)
  3.712134 seconds (34.82 k allocations: 43.901 MiB, 1.35% gc time)
  2.351865 seconds (11.06 k allocations: 13.864 MiB, 2.13% gc time)
  3.112148 seconds (19.05 k allocations: 23.915 MiB, 1.61% gc time)
  2.151677 seconds (4.97 k allocations: 7.872 MiB, 2.33% gc time)
2055
8034
3550
5012
9539
  1.691988 seconds (33.70 k allocations: 40.590 MiB)
6571
  1.712593 seconds (18.52 k allocations: 25.761 MiB)
2056
  1.788792 seconds (22.71 k allocations: 28.235 MiB)
8035
  1.798337 seconds (29.83 k allocations: 37.405 MiB)
3551
  2.573029 seconds (31.73 k allocations: 40.043 MiB)
9540
  2.593660 seconds (38.13 k allocations: 48.497 MiB)
5013
  1.692823 seconds (23.90 k allocations: 30.137 MiB)
8036
  1.700892 seconds (23.90 k allocations: 30.137 MiB)
3552
  2.145542 seconds (55.62 k allocations: 70.180 MiB)
6572
  1.691361 seconds (31.43 k allocations: 39.091 MiB)
9541
  2.741845 seconds (63.69 k allocations: 80.337 MiB)
2057
  1.690852 seconds (31.81 k allocations: 40.127 MiB)
8037
  1.702117 seconds (31.81 k allocations: 40.127 MiB)
3553
  2.614915 seconds (55.70 k allocations: 70.264 MiB)
5014
  1.910588 seconds (39.72 k allocations: 50.117 MiB)
6573
  2.066044 seconds (31.81 k allocations: 40.127 MiB)
2058
  2.421041 seconds (47.63 k allocations: 60.106 MiB)
9542
  1.690730 seconds (39.80 k allocations: 50.201 MiB)
8038
  3.643759 seconds (34.68 k allocations: 43.761 MiB, 0.56% gc time)
  3.623567 seconds (26.82 k allocations: 33.799 MiB, 0.57% gc time)
  3.089424 seconds (18.92 k allocations: 23.799 MiB, 0.67% gc time)
  2.294134 seconds (11.05 k allocations: 13.866 MiB, 0.90% gc time)
  2.107292 seconds (5.03 k allocations: 8.324 MiB, 0.98% gc time)
3554
5015
6574
2059
9543
  1.689934 seconds (30.55 k allocations: 37.324 MiB)
8039
  1.686945 seconds (15.09 k allocations: 21.032 MiB)
2060
  1.760946 seconds (22.62 k allocations: 29.368 MiB)
5016
  1.775060 seconds (31.55 k allocations: 40.397 MiB)
3555
  2.066631 seconds (31.73 k allocations: 40.043 MiB)
9544
  2.166690 seconds (39.64 k allocations: 50.033 MiB)
6575
  1.688232 seconds (31.64 k allocations: 39.959 MiB)
2061
  1.694013 seconds (34.66 k allocations: 44.957 MiB)
8040
  1.696527 seconds (39.64 k allocations: 50.033 MiB)
5017
  1.700931 seconds (39.64 k allocations: 50.033 MiB)
3556
  1.693059 seconds (39.64 k allocations: 50.033 MiB)
9545
  1.701189 seconds (39.64 k allocations: 50.033 MiB)
6576
  1.690691 seconds (31.64 k allocations: 39.959 MiB)
2062
  1.701757 seconds (38.01 k allocations: 47.151 MiB)
8041
  1.697794 seconds (39.56 k allocations: 49.949 MiB)
5018
  1.708075 seconds (39.64 k allocations: 50.033 MiB)
3557
  1.697292 seconds (39.72 k allocations: 50.117 MiB)
9546
  1.709365 seconds (39.72 k allocations: 50.117 MiB)
6577
  1.691791 seconds (39.34 k allocations: 49.031 MiB)
2063
  1.932035 seconds (11.03 k allocations: 13.833 MiB, 3.59% gc time)  2.236141 seconds (18.89 k allocations: 23.787 MiB, 3.10% gc time)

  2.255172 seconds (26.81 k allocations: 33.795 MiB, 3.08% gc time)
  2.339856 seconds (34.78 k allocations: 43.854 MiB, 2.96% gc time)
  1.813600 seconds (5.25 k allocations: 8.361 MiB, 3.82% gc time)
9547
3558
8042
5019
6578
  1.686740 seconds (31.47 k allocations: 38.266 MiB)
2064
  1.795475 seconds (14.23 k allocations: 18.876 MiB)
3559
  1.794353 seconds (12.77 k allocations: 18.100 MiB)
  1.796788 seconds (14.62 k allocations: 20.272 MiB)
8043
9548
  1.839086 seconds (31.73 k allocations: 40.043 MiB)
6579
  1.891071 seconds (39.72 k allocations: 50.117 MiB)
5020
  1.687133 seconds (39.72 k allocations: 50.117 MiB)
2065
  1.694972 seconds (23.90 k allocations: 30.137 MiB)
9549
  1.699225 seconds (27.01 k allocations: 34.018 MiB)
8044
  1.710470 seconds (39.31 k allocations: 48.474 MiB)
3560
  1.717646 seconds (39.72 k allocations: 50.117 MiB)
6580
  1.696916 seconds (39.80 k allocations: 50.201 MiB)
5021
  1.688911 seconds (39.72 k allocations: 50.117 MiB)
2066
  1.692886 seconds (33.75 k allocations: 43.321 MiB)
9550
  1.693563 seconds (34.07 k allocations: 42.437 MiB)
8045
  1.704284 seconds (39.72 k allocations: 50.117 MiB)
3561
  1.702581 seconds (39.64 k allocations: 50.033 MiB)
6581
  1.697163 seconds (39.64 k allocations: 50.033 MiB)
5022
  1.691128 seconds (39.64 k allocations: 50.033 MiB)
2067
  1.870927 seconds (34.76 k allocations: 43.146 MiB, 3.44% gc time)
  1.861906 seconds (30.25 k allocations: 37.306 MiB, 3.45% gc time)
  1.846618 seconds (22.40 k allocations: 27.388 MiB, 3.48% gc time)
  1.759123 seconds (6.61 k allocations: 7.436 MiB, 3.65% gc time)
  1.771760 seconds (14.63 k allocations: 17.547 MiB, 3.63% gc time)
6582
9551
3562
5023
8046
  1.688766 seconds (33.30 k allocations: 40.091 MiB)
2068
  1.733537 seconds (7.99 k allocations: 10.074 MiB)
9552
  1.735136 seconds (8.56 k allocations: 11.341 MiB)
8047
  1.739438 seconds (11.72 k allocations: 15.262 MiB)
6583
  1.742448 seconds (30.60 k allocations: 36.445 MiB)
3563
  1.760286 seconds (40.15 k allocations: 51.777 MiB)
5024
  1.688314 seconds (39.72 k allocations: 50.117 MiB)
2069
  1.694011 seconds (25.34 k allocations: 34.065 MiB)
  1.691511 seconds (21.67 k allocations: 27.591 MiB)
9553
8048
  1.701413 seconds (37.20 k allocations: 46.856 MiB)
6584
  1.701494 seconds (38.44 k allocations: 47.594 MiB)
3564
  1.696367 seconds (39.96 k allocations: 50.369 MiB)
5025
  1.689614 seconds (39.88 k allocations: 50.285 MiB)
2070
  1.692079 seconds (31.43 k allocations: 39.091 MiB)
8049
  1.694615 seconds (32.38 k allocations: 41.412 MiB)
9554
  1.701304 seconds (31.34 k allocations: 39.007 MiB)
3565
  1.710521 seconds (38.29 k allocations: 48.661 MiB)
6585
  1.698612 seconds (29.51 k allocations: 37.259 MiB)
5026
  1.691781 seconds (39.72 k allocations: 50.117 MiB)
2071
  1.695797 seconds (31.81 k allocations: 40.127 MiB)
9555
  1.699335 seconds (32.60 k allocations: 41.636 MiB)
8050
  3.284715 seconds (11.87 k allocations: 15.421 MiB, 2.09% gc time)
  3.293941 seconds (21.17 k allocations: 27.336 MiB, 2.09% gc time)
  1.690690 seconds (4.13 k allocations: 5.564 MiB, 4.06% gc time)
  3.286813 seconds (12.11 k allocations: 15.625 MiB, 2.09% gc time)
3566
6586
5027
2072
  1.695239 seconds (23.66 k allocations: 30.265 MiB)
9556
  1.717777 seconds (7.91 k allocations: 9.990 MiB)
2073
  1.776101 seconds (15.83 k allocations: 19.980 MiB)
3567
  1.801337 seconds (23.82 k allocations: 30.054 MiB)
6587
  1.807081 seconds (24.46 k allocations: 31.412 MiB)
8051
  1.817705 seconds (39.72 k allocations: 50.117 MiB)
5028
  1.693276 seconds (39.72 k allocations: 50.117 MiB)
9557
  1.688248 seconds (39.80 k allocations: 50.201 MiB)
2074
  1.700163 seconds (39.80 k allocations: 50.201 MiB)
3568
  1.693694 seconds (31.81 k allocations: 40.127 MiB)
8052
  1.701954 seconds (37.52 k allocations: 46.656 MiB)
6588
  1.698759 seconds (39.80 k allocations: 50.201 MiB)
5029
  1.692312 seconds (39.72 k allocations: 50.117 MiB)
9558
  1.687747 seconds (39.72 k allocations: 50.117 MiB)
2075
  1.711379 seconds (39.72 k allocations: 50.117 MiB)
3569
  1.700472 seconds (36.73 k allocations: 45.139 MiB)
8053
  1.696327 seconds (31.73 k allocations: 40.043 MiB)
5030
  1.711960 seconds (44.11 k allocations: 54.774 MiB)
6589
  1.691601 seconds (39.64 k allocations: 50.033 MiB)
9559
  1.844574 seconds (37.92 k allocations: 47.066 MiB, 1.14% gc time)
  1.731390 seconds (11.47 k allocations: 13.587 MiB, 1.22% gc time)
  1.743401 seconds (22.18 k allocations: 27.142 MiB, 1.21% gc time)
  1.752610 seconds (31.60 k allocations: 39.998 MiB, 1.20% gc time)
  1.723078 seconds (8.25 k allocations: 11.018 MiB, 1.22% gc time)
2076
5031
8054
6590
3570
  1.699646 seconds (35.97 k allocations: 42.863 MiB)
9560
  1.701799 seconds (20.65 k allocations: 27.935 MiB)
6591
  1.726922 seconds (23.52 k allocations: 29.102 MiB)
8055
  1.757230 seconds (31.43 k allocations: 39.091 MiB)
5032
  2.021622 seconds (39.34 k allocations: 49.081 MiB)
2077
  2.093966 seconds (39.80 k allocations: 50.201 MiB)
3571
  1.692085 seconds (39.39 k allocations: 49.157 MiB)
9561
  1.705935 seconds (39.80 k allocations: 50.201 MiB)
6592
  1.696709 seconds (39.80 k allocations: 50.201 MiB)
8056
  1.696409 seconds (39.80 k allocations: 50.201 MiB)
5033
  1.687582 seconds (39.72 k allocations: 50.117 MiB)
2078
  1.701130 seconds (39.64 k allocations: 50.033 MiB)
3572
  1.696244 seconds (39.56 k allocations: 49.949 MiB)
9562
  1.699137 seconds (39.64 k allocations: 50.033 MiB)
6593
  1.687588 seconds (39.64 k allocations: 50.033 MiB)
8057
  1.697584 seconds (39.64 k allocations: 50.033 MiB)
5034
  1.688109 seconds (39.64 k allocations: 50.033 MiB)
2079
  1.701423 seconds (39.72 k allocations: 50.117 MiB)
3573
  1.694552 seconds (39.64 k allocations: 50.033 MiB)
9563
  1.701619 seconds (39.72 k allocations: 50.117 MiB)
  1.693011 seconds (32.19 k allocations: 41.163 MiB)
6594
8058
  3.010737 seconds (21.18 k allocations: 26.861 MiB, 1.21% gc time)
  3.257674 seconds (29.21 k allocations: 36.945 MiB, 1.12% gc time)
  2.875490 seconds (13.46 k allocations: 17.019 MiB, 1.27% gc time)
  1.629786 seconds (5.59 k allocations: 7.133 MiB, 2.24% gc time)
2080
3574
5035
9564
  1.707344 seconds (8.11 k allocations: 13.159 MiB)
3575
  1.721427 seconds (8.34 k allocations: 11.650 MiB)
2081
  1.789817 seconds (15.90 k allocations: 20.064 MiB)
9565
  1.802483 seconds (22.16 k allocations: 28.364 MiB)
8059
  1.818872 seconds (33.51 k allocations: 44.316 MiB)
6595
  1.821102 seconds (37.07 k allocations: 46.190 MiB)
5036
  1.700565 seconds (39.64 k allocations: 50.033 MiB)
  1.689389 seconds (32.00 k allocations: 40.848 MiB)
3576
2082
  1.697772 seconds (38.02 k allocations: 47.686 MiB)
  1.691591 seconds (32.11 k allocations: 41.079 MiB)
9566
8060
  1.705414 seconds (38.15 k allocations: 47.826 MiB)
  1.698382 seconds (32.11 k allocations: 41.079 MiB)
6596
5037
  1.692743 seconds (31.65 k allocations: 39.959 MiB)
2083
  1.713189 seconds (39.64 k allocations: 50.033 MiB)
3577
  1.698057 seconds (31.81 k allocations: 40.127 MiB)
9567
  1.701825 seconds (36.30 k allocations: 45.412 MiB)
8061
  1.700425 seconds (31.81 k allocations: 40.127 MiB)
5038
  1.713624 seconds (39.72 k allocations: 50.117 MiB)
6597
  1.691369 seconds (39.64 k allocations: 50.033 MiB)
2084
  1.819991 seconds (22.93 k allocations: 29.134 MiB, 3.48% gc time)
  1.882546 seconds (34.58 k allocations: 43.650 MiB, 3.36% gc time)
  1.811150 seconds (18.88 k allocations: 23.745 MiB, 3.50% gc time)
  1.786738 seconds (11.04 k allocations: 13.864 MiB, 3.54% gc time)
  1.773337 seconds (3.23 k allocations: 4.042 MiB, 3.57% gc time)
9568
6598
3578
8062
5039
  1.687622 seconds (30.52 k allocations: 37.236 MiB)
2085
  1.734992 seconds (8.00 k allocations: 10.074 MiB)
9569
  1.741672 seconds (15.30 k allocations: 18.224 MiB)
  1.740637 seconds (15.52 k allocations: 18.524 MiB)
3579
8063
  1.755852 seconds (31.89 k allocations: 40.211 MiB)
  1.756880 seconds (31.91 k allocations: 40.214 MiB)
6599
5040
  1.687438 seconds (39.80 k allocations: 50.201 MiB)
2086
  1.692233 seconds (35.70 k allocations: 44.612 MiB)
9570
  1.702498 seconds (31.73 k allocations: 40.043 MiB)
8064
  1.707678 seconds (34.62 k allocations: 43.687 MiB)
3580
  1.696473 seconds (27.74 k allocations: 33.517 MiB)
5041
  1.711400 seconds (39.64 k allocations: 50.033 MiB)
6600
  1.691790 seconds (39.64 k allocations: 50.033 MiB)
2087
  1.697605 seconds (39.72 k allocations: 50.117 MiB)
9571
  1.696493 seconds (29.26 k allocations: 36.829 MiB)
8065
  1.696553 seconds (28.33 k allocations: 35.350 MiB)
5042
  1.721167 seconds (43.71 k allocations: 55.407 MiB)
3581
  1.711049 seconds (39.63 k allocations: 48.804 MiB)
6601
  1.688988 seconds (39.64 k allocations: 50.033 MiB)
2088
  1.840771 seconds (38.06 k allocations: 47.213 MiB, 4.13% gc time)
  1.811972 seconds (22.17 k allocations: 27.155 MiB, 4.20% gc time)
  1.818101 seconds (25.14 k allocations: 31.383 MiB, 4.18% gc time)
  1.792185 seconds (13.38 k allocations: 15.570 MiB, 4.24% gc time)
  1.782549 seconds (6.59 k allocations: 7.443 MiB, 4.27% gc time)
9572
6602
3582
8066
5043
  1.689994 seconds (35.33 k allocations: 42.216 MiB)
2089
  1.728477 seconds (7.92 k allocations: 9.990 MiB)
6603
  1.732243 seconds (12.80 k allocations: 15.671 MiB)
8067
  1.734625 seconds (16.00 k allocations: 19.643 MiB)
9573
  1.741200 seconds (27.90 k allocations: 33.689 MiB)
3583
  1.751390 seconds (37.53 k allocations: 46.655 MiB)
5044
  1.688973 seconds (39.64 k allocations: 50.033 MiB)
2090
  1.691654 seconds (20.80 k allocations: 26.281 MiB)
9574
  1.717615 seconds (42.26 k allocations: 53.234 MiB)
  1.712442 seconds (33.08 k allocations: 42.400 MiB)
6604
8068
  1.698976 seconds (22.32 k allocations: 28.006 MiB)
5045
  1.708778 seconds (32.26 k allocations: 40.058 MiB)
3584
  1.690130 seconds (39.72 k allocations: 50.117 MiB)
2091
  1.693680 seconds (39.72 k allocations: 50.117 MiB)
9575
  1.691810 seconds (21.40 k allocations: 28.113 MiB)
8069
  1.696812 seconds (22.91 k allocations: 29.129 MiB)
  1.702896 seconds (31.57 k allocations: 39.486 MiB)
5046
6605
  1.705355 seconds (39.64 k allocations: 50.032 MiB)
3585
  1.690036 seconds (39.72 k allocations: 50.117 MiB)
2092
  1.695495 seconds (39.80 k allocations: 50.201 MiB)
9576
  3.245754 seconds (28.79 k allocations: 36.356 MiB, 1.13% gc time)
  3.238590 seconds (19.16 k allocations: 24.070 MiB, 1.13% gc time)
  3.237633 seconds (18.84 k allocations: 23.087 MiB, 1.13% gc time)
  3.221031 seconds (11.36 k allocations: 14.230 MiB, 1.14% gc time)
  1.627741 seconds (3.43 k allocations: 4.238 MiB, 2.25% gc time)
8070
6606
3586
5047
2093
  1.692133 seconds (26.01 k allocations: 32.646 MiB)
9577
  1.706762 seconds (7.92 k allocations: 9.991 MiB)
2094
  1.775198 seconds (15.91 k allocations: 20.064 MiB)
6607
  1.789736 seconds (23.82 k allocations: 30.054 MiB)
8071
  1.797406 seconds (31.73 k allocations: 40.043 MiB)
3587
  1.829529 seconds (39.72 k allocations: 50.117 MiB)
5048
  1.691531 seconds (39.72 k allocations: 50.117 MiB)
  1.688378 seconds (32.11 k allocations: 41.079 MiB)
9578
2095
  1.711708 seconds (39.72 k allocations: 50.117 MiB)
  1.704720 seconds (31.81 k allocations: 40.127 MiB)
  1.707833 seconds (24.58 k allocations: 32.125 MiB)
  1.694928 seconds (17.05 k allocations: 23.171 MiB)
6608
8072
3588
5049
  1.691538 seconds (36.25 k allocations: 45.889 MiB)
9579
  1.731202 seconds (39.72 k allocations: 50.117 MiB)
2096
  1.720469 seconds (15.90 k allocations: 20.064 MiB)
5050
  1.729592 seconds (19.25 k allocations: 24.170 MiB)
8073
  1.738521 seconds (25.16 k allocations: 33.348 MiB)
  1.741132 seconds (32.11 k allocations: 41.079 MiB)
6609
3589
  1.691756 seconds (39.80 k allocations: 50.201 MiB)
9580
  1.992429 seconds (38.49 k allocations: 47.650 MiB, 0.71% gc time)
  1.861762 seconds (28.17 k allocations: 33.844 MiB, 0.76% gc time)
  1.787415 seconds (6.91 k allocations: 7.800 MiB, 0.79% gc time)
  1.854439 seconds (22.09 k allocations: 25.816 MiB, 0.76% gc time)
  1.783905 seconds (7.05 k allocations: 8.025 MiB, 0.79% gc time)
2097
5051
6610
8074
3590
  1.692902 seconds (32.12 k allocations: 38.877 MiB)
9581
  1.688468 seconds (11.89 k allocations: 17.705 MiB)
2098
  1.715842 seconds (16.34 k allocations: 21.733 MiB)
6611
  1.722958 seconds (23.90 k allocations: 30.138 MiB)
8075
  1.741543 seconds (31.81 k allocations: 40.127 MiB)
3591
  1.760391 seconds (39.72 k allocations: 50.117 MiB)
5052
  1.686287 seconds (31.64 k allocations: 39.959 MiB)
  1.689093 seconds (31.99 k allocations: 40.986 MiB)
2099
9582
  1.705286 seconds (39.64 k allocations: 50.033 MiB)
  1.714753 seconds (32.11 k allocations: 41.079 MiB)
  1.720519 seconds (24.58 k allocations: 32.125 MiB)
6612
8076
  1.718203 seconds (31.02 k allocations: 38.756 MiB)
3592
5053
  1.684060 seconds (32.47 k allocations: 42.026 MiB)
  1.684870 seconds (32.19 k allocations: 41.163 MiB)
  1.737176 seconds (21.25 k allocations: 27.375 MiB)
  1.741233 seconds (16.29 k allocations: 21.100 MiB)
  1.715503 seconds (1.54 k allocations: 4.145 MiB)
  1.764616 seconds (1.92 k allocations: 5.181 MiB)
2100
9583
6613
8077
5054
3593
  1.799783 seconds (30.12 k allocations: 35.816 MiB)
9584
  2.478622 seconds (45.64 k allocations: 54.843 MiB)
2101
  3.387449 seconds (25.85 k allocations: 31.534 MiB, 1.97% gc time)
  3.563789 seconds (33.45 k allocations: 40.540 MiB, 1.88% gc time)
  3.233196 seconds (18.50 k allocations: 22.737 MiB, 2.07% gc time)
  3.105187 seconds (12.62 k allocations: 17.172 MiB, 2.15% gc time)
  1.891357 seconds (5.00 k allocations: 7.673 MiB, 3.54% gc time)
8078
6614
5055
3594
9585
  1.668456 seconds (37.81 k allocations: 44.938 MiB)
2102
  1.847601 seconds (38.19 k allocations: 45.973 MiB)
8079
  1.689057 seconds (15.82 k allocations: 19.980 MiB)
9586
  2.609285 seconds (46.48 k allocations: 56.999 MiB)
6615
  2.435230 seconds (46.87 k allocations: 58.035 MiB)
5056
  2.386859 seconds (47.17 k allocations: 58.986 MiB)
3595
  1.726427 seconds (39.72 k allocations: 50.117 MiB)
2103
  1.688631 seconds (39.72 k allocations: 50.117 MiB)
8080
  1.693475 seconds (39.80 k allocations: 50.201 MiB)
9587
  1.702009 seconds (39.72 k allocations: 50.117 MiB)
6616
  1.695297 seconds (39.80 k allocations: 50.201 MiB)
5057
  1.700936 seconds (39.72 k allocations: 50.117 MiB)
3596
  1.690001 seconds (39.72 k allocations: 50.117 MiB)
2104
  1.694006 seconds (39.72 k allocations: 50.117 MiB)
8081
  1.692212 seconds (39.72 k allocations: 50.117 MiB)
9588
  1.695107 seconds (31.73 k allocations: 40.043 MiB)
  1.703602 seconds (39.28 k allocations: 49.026 MiB)
5058
6617
  1.702998 seconds (39.64 k allocations: 50.033 MiB)
3597
  1.689805 seconds (39.56 k allocations: 49.949 MiB)
2105
  2.325170 seconds (30.24 k allocations: 37.289 MiB, 3.86% gc time)  1.963034 seconds (14.98 k allocations: 19.084 MiB, 4.57% gc time)

  2.784463 seconds (38.10 k allocations: 47.235 MiB, 3.22% gc time)
  1.959867 seconds (14.45 k allocations: 17.338 MiB, 4.58% gc time)
  1.823330 seconds (8.65 k allocations: 11.754 MiB, 4.92% gc time)
9589
5059
8082
6618
3598
  1.689265 seconds (35.91 k allocations: 43.081 MiB)
2106
  1.734599 seconds (15.60 k allocations: 19.112 MiB)
6619
  1.756040 seconds (23.60 k allocations: 29.186 MiB)
5060
  1.792083 seconds (31.51 k allocations: 39.175 MiB)
8083
  2.589254 seconds (41.09 k allocations: 53.317 MiB)
9590
  2.989376 seconds (39.88 k allocations: 50.285 MiB)
3599
  1.688132 seconds (39.88 k allocations: 50.285 MiB)
2107
  1.696569 seconds (39.80 k allocations: 50.201 MiB)
6620
  1.686548 seconds (31.89 k allocations: 40.211 MiB)
8084
  2.311168 seconds (47.79 k allocations: 60.274 MiB)
5061
  2.086597 seconds (39.72 k allocations: 50.117 MiB)
9591
  1.699920 seconds (23.73 k allocations: 29.969 MiB)
6621
  1.696444 seconds (23.82 k allocations: 30.053 MiB)
8085
  2.039780 seconds (47.63 k allocations: 60.106 MiB)
2108
  2.517276 seconds (63.53 k allocations: 80.169 MiB)
3600
  2.356847 seconds (39.80 k allocations: 50.201 MiB)
5062
  2.118424 seconds (39.80 k allocations: 50.201 MiB)
9592
  1.701592 seconds (39.80 k allocations: 50.201 MiB)
6622
  3.097120 seconds (26.71 k allocations: 33.702 MiB, 2.07% gc time)  3.345621 seconds (34.69 k allocations: 43.774 MiB, 1.91% gc time)
  1.727555 seconds (2.96 k allocations: 3.651 MiB, 3.70% gc time)

  2.079555 seconds (10.94 k allocations: 13.717 MiB, 3.08% gc time)
  2.985229 seconds (18.76 k allocations: 23.653 MiB, 2.14% gc time)
9593
8086
3601
5063
2109
  1.691607 seconds (8.09 k allocations: 13.150 MiB)
2110
  1.722398 seconds (9.07 k allocations: 12.390 MiB)
9594
  1.796932 seconds (19.22 k allocations: 25.888 MiB)
6623
  1.796257 seconds (17.15 k allocations: 23.260 MiB)
8087
  1.806991 seconds (31.81 k allocations: 40.127 MiB)
3602
  1.818134 seconds (34.21 k allocations: 44.498 MiB)
5064
  1.696087 seconds (39.72 k allocations: 50.117 MiB)
2111
  1.698352 seconds (39.64 k allocations: 50.033 MiB)
9595
  1.702290 seconds (31.65 k allocations: 39.959 MiB)
6624
  1.711575 seconds (39.23 k allocations: 48.396 MiB)
8088
  1.700226 seconds (28.19 k allocations: 35.211 MiB)
5065
  1.708938 seconds (38.49 k allocations: 47.627 MiB)
3603
  1.688937 seconds (39.64 k allocations: 50.033 MiB)
2112
  1.695658 seconds (39.72 k allocations: 50.117 MiB)
9596
  1.705865 seconds (38.95 k allocations: 48.631 MiB)
6625
  1.695504 seconds (27.22 k allocations: 33.531 MiB)
5066
  1.708618 seconds (40.19 k allocations: 50.599 MiB)
8089
  1.714735 seconds (39.80 k allocations: 50.201 MiB)
3604
  1.688666 seconds (39.72 k allocations: 50.117 MiB)
2113
  1.870264 seconds (34.69 k allocations: 43.757 MiB, 2.31% gc time)
  1.779963 seconds (22.17 k allocations: 28.381 MiB, 2.43% gc time)
  1.773046 seconds (14.21 k allocations: 18.371 MiB, 2.44% gc time)
  1.767343 seconds (11.09 k allocations: 13.971 MiB, 2.45% gc time)
  1.744721 seconds (3.28 k allocations: 4.127 MiB, 2.48% gc time)
9597
3605
8090
6626
5067
  1.689003 seconds (24.57 k allocations: 31.187 MiB)
2114
  1.725558 seconds (7.92 k allocations: 9.991 MiB)
3606
  1.725868 seconds (10.36 k allocations: 13.177 MiB)
6627
  1.735292 seconds (23.82 k allocations: 30.053 MiB)
9598
  1.737441 seconds (24.90 k allocations: 31.863 MiB)
8091
  1.757936 seconds (39.72 k allocations: 50.117 MiB)
5068
  1.689264 seconds (39.72 k allocations: 50.117 MiB)
2115
  1.692792 seconds (15.90 k allocations: 20.064 MiB)
9599
  1.708900 seconds (35.84 k allocations: 46.157 MiB)
3607
  1.712286 seconds (43.67 k allocations: 54.154 MiB)
6628
  1.695163 seconds (31.73 k allocations: 40.043 MiB)
5069
  1.722246 seconds (42.20 k allocations: 53.347 MiB)
8092
  1.690908 seconds (39.56 k allocations: 49.949 MiB)
2116
  1.693551 seconds (35.19 k allocations: 44.801 MiB)
9600
  1.699190 seconds (37.28 k allocations: 46.925 MiB)
  1.692462 seconds (31.74 k allocations: 40.045 MiB)
6629
3608
  1.695692 seconds (36.58 k allocations: 46.215 MiB)
5070
  1.701186 seconds (39.64 k allocations: 50.033 MiB)
8093
  1.687434 seconds (39.56 k allocations: 49.949 MiB)
2117
  1.783177 seconds (37.40 k allocations: 45.224 MiB, 0.87% gc time)
  1.773699 seconds (23.05 k allocations: 29.270 MiB, 0.87% gc time)
  1.771228 seconds (22.47 k allocations: 27.482 MiB, 0.87% gc time)
  1.755597 seconds (14.69 k allocations: 17.679 MiB, 0.88% gc time)
  1.740722 seconds (6.89 k allocations: 7.890 MiB, 0.89% gc time)
9601
6630
8094
3609
5071
  1.688452 seconds (37.51 k allocations: 44.590 MiB)
2118
  1.703739 seconds (16.45 k allocations: 23.582 MiB)
8095
  1.730016 seconds (16.13 k allocations: 21.522 MiB)
9602
  1.739904 seconds (23.90 k allocations: 30.137 MiB)
  1.743275 seconds (24.27 k allocations: 31.173 MiB)
3610
  1.746178 seconds (27.11 k allocations: 34.740 MiB)
6631
5072
  1.687159 seconds (39.72 k allocations: 50.117 MiB)
2119
  1.698985 seconds (39.80 k allocations: 50.201 MiB)
8096
  1.693321 seconds (39.72 k allocations: 50.117 MiB)
9603
  1.689033 seconds (23.82 k allocations: 30.054 MiB)
6632
  1.694912 seconds (28.37 k allocations: 35.399 MiB)
  1.699746 seconds (32.93 k allocations: 43.137 MiB)
5073
3611
  1.690978 seconds (39.56 k allocations: 49.949 MiB)
2120
  1.701864 seconds (39.56 k allocations: 49.949 MiB)
8097
  1.693942 seconds (39.64 k allocations: 50.033 MiB)
9604
  1.692678 seconds (26.30 k allocations: 35.030 MiB)
6633
  1.697146 seconds (28.55 k allocations: 35.588 MiB)
5074
  1.700479 seconds (34.95 k allocations: 44.041 MiB)
3612
  1.689878 seconds (39.72 k allocations: 50.117 MiB)
2121
  1.711486 seconds (39.64 k allocations: 50.033 MiB)
8098
  1.694148 seconds (32.40 k allocations: 41.427 MiB)
9605
  3.303263 seconds (13.90 k allocations: 18.707 MiB, 2.23% gc time)
  3.310115 seconds (23.12 k allocations: 29.366 MiB, 2.22% gc time)
  3.296419 seconds (12.61 k allocations: 16.172 MiB, 2.23% gc time)
  1.688330 seconds (6.55 k allocations: 9.963 MiB, 4.36% gc time)
3613
5075
6634
2122
  1.735277 seconds (8.83 k allocations: 13.893 MiB)
3614
  1.749746 seconds (7.91 k allocations: 9.990 MiB)
5076
  1.771001 seconds (15.82 k allocations: 19.980 MiB)
2123
  1.798153 seconds (26.73 k allocations: 35.480 MiB)
  1.797248 seconds (24.20 k allocations: 33.398 MiB)
8099
9606
  1.805283 seconds (39.72 k allocations: 50.117 MiB)
6635
  1.711358 seconds (39.72 k allocations: 50.117 MiB)
3615
  1.699910 seconds (32.29 k allocations: 41.320 MiB)
5077
  1.692796 seconds (39.64 k allocations: 50.033 MiB)
2124
  1.695284 seconds (31.70 k allocations: 40.025 MiB)
9607
  1.702780 seconds (36.90 k allocations: 46.012 MiB)
8100
  1.719745 seconds (39.64 k allocations: 50.033 MiB)
6636
  1.700842 seconds (31.73 k allocations: 40.043 MiB)
5078
  1.694615 seconds (31.64 k allocations: 39.959 MiB)
2125
  1.721522 seconds (46.89 k allocations: 58.128 MiB)
3616
  1.697682 seconds (31.73 k allocations: 40.043 MiB)
8101
  1.710566 seconds (39.94 k allocations: 50.338 MiB)
9608
  1.708069 seconds (39.64 k allocations: 50.033 MiB)
6637
  1.702560 seconds (39.66 k allocations: 49.984 MiB)
  1.691230 seconds (31.12 k allocations: 38.806 MiB)
  1.712337 seconds (24.58 k allocations: 32.125 MiB)
2126
5079
  1.693269 seconds (15.17 k allocations: 20.644 MiB)
3617
  1.821124 seconds (13.47 k allocations: 18.075 MiB, 4.43% gc time)
  1.784829 seconds (5.61 k allocations: 8.214 MiB, 4.52% gc time)
8102
9609
6638
  1.688169 seconds (25.41 k allocations: 32.042 MiB)
2127
  1.712566 seconds (8.00 k allocations: 10.074 MiB)
6639
  1.724906 seconds (15.99 k allocations: 20.148 MiB)
3618
  1.728229 seconds (20.76 k allocations: 25.727 MiB)
  1.728853 seconds (22.29 k allocations: 27.916 MiB)
9610
8103
  1.759406 seconds (40.52 k allocations: 53.377 MiB)
5080
  1.690505 seconds (39.80 k allocations: 50.201 MiB)
2128
  1.704145 seconds (39.72 k allocations: 50.117 MiB)
6640
  1.692349 seconds (21.14 k allocations: 27.333 MiB)
9611
  1.692277 seconds (25.69 k allocations: 32.662 MiB)
  1.703294 seconds (38.41 k allocations: 48.743 MiB)
8104
3619
  1.697636 seconds (39.64 k allocations: 50.032 MiB)
5081
  1.688719 seconds (39.72 k allocations: 50.117 MiB)
2129
  1.690591 seconds (23.43 k allocations: 29.018 MiB)
  1.701734 seconds (35.35 k allocations: 44.318 MiB)
8105
6641
  1.710733 seconds (41.61 k allocations: 52.629 MiB)
9612
  1.698355 seconds (36.94 k allocations: 45.408 MiB)
3620
  1.695339 seconds (37.25 k allocations: 46.374 MiB)
5082
  1.688484 seconds (39.64 k allocations: 50.033 MiB)
2130
  1.740120 seconds (30.23 k allocations: 37.291 MiB, 0.91% gc time)
  1.741822 seconds (30.19 k allocations: 37.253 MiB, 0.91% gc time)
  1.723276 seconds (19.02 k allocations: 23.192 MiB, 0.92% gc time)
  1.717444 seconds (13.11 k allocations: 15.307 MiB, 0.92% gc time)
  1.710287 seconds (6.75 k allocations: 7.742 MiB, 0.92% gc time)
9613
8106
6642
3621
5083
  1.687917 seconds (37.40 k allocations: 44.464 MiB)
2131
  1.707099 seconds (9.54 k allocations: 14.097 MiB)
3622
  1.713807 seconds (15.41 k allocations: 20.780 MiB)
9614
  1.717995 seconds (21.45 k allocations: 26.405 MiB)
5084
  1.727187 seconds (31.64 k allocations: 39.959 MiB)
6643
  1.734376 seconds (34.84 k allocations: 43.921 MiB)
8107
  1.688387 seconds (39.64 k allocations: 50.033 MiB)
2132
  1.692299 seconds (29.50 k allocations: 37.079 MiB)
  1.699163 seconds (37.49 k allocations: 47.800 MiB)
9615
3623
  1.696340 seconds (38.23 k allocations: 47.378 MiB)
5085
  1.690150 seconds (31.73 k allocations: 40.043 MiB)
8108
  1.702536 seconds (41.67 k allocations: 52.110 MiB)
6644
  1.690361 seconds (39.56 k allocations: 49.949 MiB)
2133
  1.676017 seconds (31.88 k allocations: 40.789 MiB)
9616
  1.695547 seconds (31.81 k allocations: 40.127 MiB)
  1.704021 seconds (38.49 k allocations: 48.701 MiB)
5086
3624
  1.689230 seconds (26.95 k allocations: 33.959 MiB)
8109
  1.703377 seconds (39.80 k allocations: 50.201 MiB)
6645
  1.689653 seconds (39.80 k allocations: 50.201 MiB)
2134
  1.693259 seconds (39.72 k allocations: 50.117 MiB)
9617
  3.283246 seconds (18.89 k allocations: 23.798 MiB, 1.33% gc time)
  3.281416 seconds (19.01 k allocations: 23.911 MiB, 1.33% gc time)
  3.285211 seconds (21.25 k allocations: 27.399 MiB, 1.33% gc time)
  3.251620 seconds (11.24 k allocations: 14.057 MiB, 1.34% gc time)
  1.643920 seconds (3.42 k allocations: 4.230 MiB, 2.65% gc time)
6646
2135
8110
3625
5087
  1.692219 seconds (37.64 k allocations: 44.731 MiB)
9618
  1.717248 seconds (7.92 k allocations: 9.990 MiB)
2136
  1.787535 seconds (15.91 k allocations: 20.064 MiB)
6647
  1.793616 seconds (23.82 k allocations: 30.054 MiB)
8111
  1.801760 seconds (31.73 k allocations: 40.043 MiB)
3626
  1.823792 seconds (38.78 k allocations: 47.944 MiB)
5088
  1.693002 seconds (39.64 k allocations: 50.033 MiB)
  1.688209 seconds (32.03 k allocations: 40.995 MiB)
  1.687208 seconds (16.20 k allocations: 21.016 MiB)
  1.698337 seconds (24.50 k allocations: 32.041 MiB)
  1.696987 seconds (7.89 k allocations: 11.851 MiB)
  1.692846 seconds (1.91 k allocations: 5.180 MiB)
9619
2137
8112
6648
3627
5089
  1.724901 seconds (5 allocations: 1024 bytes)
  1.729357 seconds (1.25 k allocations: 3.141 MiB)
5090
8113
  1.736764 seconds (12.35 k allocations: 17.659 MiB)
  1.734490 seconds (12.97 k allocations: 16.488 MiB)
  1.731269 seconds (13.83 k allocations: 18.021 MiB)
9620
3628
2138
  1.741780 seconds (29.57 k allocations: 36.090 MiB)
6649
  1.691331 seconds (16.13 k allocations: 21.796 MiB)
  1.699834 seconds (35.08 k allocations: 44.572 MiB)
8114
  1.693676 seconds (12.01 k allocations: 16.093 MiB)
5091
9621
  1.814352 seconds (12.68 k allocations: 16.301 MiB, 5.37% gc time)
  1.818792 seconds (14.26 k allocations: 19.127 MiB, 5.36% gc time)
  1.799395 seconds (5.42 k allocations: 7.634 MiB, 5.41% gc time)
2139
6650
3629
  1.689336 seconds (26.48 k allocations: 33.137 MiB)
8115
  1.715213 seconds (8.99 k allocations: 12.319 MiB)
9622
  1.725279 seconds (15.90 k allocations: 20.064 MiB)
3630
  1.736702 seconds (20.49 k allocations: 25.432 MiB)
2140
  1.740701 seconds (26.04 k allocations: 31.796 MiB)
6651
  1.749648 seconds (31.86 k allocations: 43.333 MiB)
5092
  1.692045 seconds (39.64 k allocations: 50.033 MiB)
8116
  1.693427 seconds (39.64 k allocations: 50.033 MiB)
9623
  1.686975 seconds (20.54 k allocations: 26.021 MiB)
2141
  1.701984 seconds (39.17 k allocations: 48.203 MiB)
3631
  1.701698 seconds (30.43 k allocations: 38.720 MiB)
  1.696672 seconds (27.80 k allocations: 34.823 MiB)
5093
6652
  1.693981 seconds (39.80 k allocations: 50.201 MiB)
8117
  1.693893 seconds (39.72 k allocations: 50.117 MiB)
9624
  1.692274 seconds (38.83 k allocations: 48.501 MiB)
2142
  1.698376 seconds (23.82 k allocations: 30.054 MiB)
  1.703111 seconds (26.90 k allocations: 36.298 MiB)
5094
  1.701316 seconds (26.07 k allocations: 33.696 MiB)
3632
6653
  1.688894 seconds (39.88 k allocations: 50.285 MiB)
8118
  1.843530 seconds (38.50 k allocations: 47.653 MiB, 5.07% gc time)
  1.825798 seconds (30.67 k allocations: 37.727 MiB, 5.12% gc time)
  1.801600 seconds (10.66 k allocations: 14.029 MiB, 5.18% gc time)
  1.796004 seconds (6.94 k allocations: 7.867 MiB, 5.20% gc time)
  1.797301 seconds (7.03 k allocations: 7.986 MiB, 5.20% gc time)
9625
2143
6654
3633
5095
  1.689633 seconds (37.37 k allocations: 44.437 MiB)
8119
  1.725977 seconds (8.49 k allocations: 11.794 MiB)
6655
  1.729795 seconds (10.95 k allocations: 15.019 MiB)
2144
  1.737194 seconds (21.05 k allocations: 26.010 MiB)
9626
  1.738322 seconds (26.28 k allocations: 33.275 MiB)
  1.743536 seconds (29.26 k allocations: 36.954 MiB)
3634
5096
  1.689758 seconds (39.80 k allocations: 50.201 MiB)
8120
  1.689849 seconds (28.57 k allocations: 35.745 MiB)
2145
  1.701466 seconds (37.35 k allocations: 47.700 MiB)
6656
  1.690561 seconds (20.52 k allocations: 26.697 MiB)
9627
  1.696398 seconds (31.68 k allocations: 38.776 MiB)
5097
  1.702783 seconds (38.78 k allocations: 47.940 MiB)
3635
  1.690707 seconds (39.80 k allocations: 50.201 MiB)
8121
  1.689979 seconds (30.80 k allocations: 39.631 MiB)
2146
  1.693433 seconds (30.20 k allocations: 36.573 MiB)
  1.697984 seconds (33.04 k allocations: 43.248 MiB)
9628
6657
  1.696060 seconds (36.37 k allocations: 43.557 MiB)
5098
  1.699120 seconds (39.55 k allocations: 48.724 MiB)
3636
  1.690082 seconds (39.64 k allocations: 50.033 MiB)
8122
  1.691100 seconds (38.85 k allocations: 47.959 MiB)
2147
  3.327807 seconds (26.39 k allocations: 32.731 MiB, 1.34% gc time)
  3.326510 seconds (25.74 k allocations: 32.024 MiB, 1.34% gc time)
  3.315477 seconds (18.62 k allocations: 22.955 MiB, 1.35% gc time)
  3.305036 seconds (11.22 k allocations: 14.216 MiB, 1.35% gc time)
  1.694997 seconds (5.45 k allocations: 8.688 MiB, 2.63% gc time)
6658
9629
3637
5099
8123
  1.687061 seconds (37.43 k allocations: 44.499 MiB)
2148
  1.714750 seconds (20.80 k allocations: 26.861 MiB)
9630
  1.765574 seconds (32.31 k allocations: 40.527 MiB)
6659
  1.793521 seconds (31.36 k allocations: 38.971 MiB)
3638
  2.550134 seconds (31.89 k allocations: 40.211 MiB)
8124
  1.704966 seconds (31.97 k allocations: 40.295 MiB)
2149
  1.699927 seconds (23.98 k allocations: 30.222 MiB)
6660
  3.464318 seconds (55.78 k allocations: 70.348 MiB)
5100
  1.697234 seconds (31.81 k allocations: 40.127 MiB)
3639
  2.120984 seconds (55.70 k allocations: 70.264 MiB)
9631
  1.728831 seconds (31.64 k allocations: 39.959 MiB)
2150
  1.697460 seconds (31.73 k allocations: 40.043 MiB)
6661
  1.696687 seconds (23.90 k allocations: 30.137 MiB)
3640
  1.865596 seconds (39.34 k allocations: 49.081 MiB)
5101
  3.070899 seconds (71.44 k allocations: 90.159 MiB)
8125
  2.330774 seconds (39.72 k allocations: 50.117 MiB)
9632
  1.698407 seconds (31.64 k allocations: 39.959 MiB)
6662
  3.147233 seconds (26.53 k allocations: 33.519 MiB, 0.54% gc time)
  2.976907 seconds (18.68 k allocations: 23.591 MiB, 0.57% gc time)
  3.210781 seconds (42.59 k allocations: 53.701 MiB, 0.53% gc time)
  2.682768 seconds (10.97 k allocations: 13.811 MiB, 0.63% gc time)
  2.154307 seconds (5.45 k allocations: 8.834 MiB, 0.79% gc time)
3641
5102
2151
8126
9633
  1.717145 seconds (21.40 k allocations: 26.834 MiB)
5103
  1.777559 seconds (23.04 k allocations: 27.981 MiB)
3642
  1.795915 seconds (40.60 k allocations: 51.459 MiB)
6663
  2.853215 seconds (23.82 k allocations: 30.054 MiB)
8127
  3.010419 seconds (31.73 k allocations: 40.043 MiB)
2152
  3.414203 seconds (42.44 k allocations: 54.105 MiB)
9634
  1.697915 seconds (31.43 k allocations: 39.091 MiB)
3643
  1.761026 seconds (31.73 k allocations: 40.043 MiB)
6664
  2.558855 seconds (55.62 k allocations: 70.180 MiB)
5104
  2.020392 seconds (39.72 k allocations: 50.117 MiB)
8128
  1.976896 seconds (39.72 k allocations: 50.117 MiB)
2153
  1.702288 seconds (31.81 k allocations: 40.127 MiB)
3644
  2.192741 seconds (47.71 k allocations: 60.190 MiB)
9635
  2.144807 seconds (39.72 k allocations: 50.117 MiB)
6665
  2.015605 seconds (39.80 k allocations: 50.201 MiB)
5105
  1.699431 seconds (23.90 k allocations: 30.137 MiB)
3645
  3.440291 seconds (42.70 k allocations: 53.857 MiB, 1.39% gc time)
  3.332364 seconds (34.81 k allocations: 43.879 MiB, 1.44% gc time)
  2.644594 seconds (11.05 k allocations: 13.872 MiB, 1.81% gc time)
  2.728942 seconds (20.58 k allocations: 27.244 MiB, 1.76% gc time)
  2.046791 seconds (5.18 k allocations: 8.192 MiB, 2.34% gc time)
2154
8129
6666
9636
5106
  1.690816 seconds (35.95 k allocations: 43.008 MiB)
3646
  1.789632 seconds (23.05 k allocations: 27.982 MiB)
6667
  2.584277 seconds (15.90 k allocations: 20.064 MiB)
5107
  2.804734 seconds (38.95 k allocations: 48.045 MiB)
8130
  3.023966 seconds (51.74 k allocations: 65.457 MiB)
2155
  3.393137 seconds (40.00 k allocations: 51.628 MiB)
9637
  1.690004 seconds (31.89 k allocations: 40.211 MiB)
6668
  1.819244 seconds (47.79 k allocations: 60.274 MiB)
3647
  1.701393 seconds (31.89 k allocations: 40.211 MiB)
  1.893623 seconds (40.05 k allocations: 50.766 MiB)
5108
8131
  1.696104 seconds (23.54 k allocations: 29.239 MiB)
6669
  1.703300 seconds (23.73 k allocations: 29.969 MiB)
3648
  2.434155 seconds (55.54 k allocations: 70.096 MiB)
2156
  2.240595 seconds (55.46 k allocations: 70.012 MiB)
9638
  2.167413 seconds (39.17 k allocations: 48.913 MiB)
5109
  1.703911 seconds (31.64 k allocations: 39.959 MiB)
6670
  3.459302 seconds (26.62 k allocations: 33.607 MiB, 1.90% gc time)
  3.003609 seconds (10.92 k allocations: 13.727 MiB, 2.19% gc time)
  3.191403 seconds (18.73 k allocations: 23.642 MiB, 2.06% gc time)
  1.961663 seconds (4.88 k allocations: 7.610 MiB, 3.36% gc time)
  4.139444 seconds (44.66 k allocations: 57.764 MiB, 1.59% gc time)
2157
3649
9639
5110
8132
  1.694940 seconds (34.98 k allocations: 41.940 MiB)
6671
  1.747051 seconds (23.85 k allocations: 30.022 MiB)
3650
  2.554396 seconds (15.82 k allocations: 19.980 MiB)
8133
  2.993986 seconds (29.19 k allocations: 36.762 MiB)
2158
  1.707380 seconds (15.98 k allocations: 20.148 MiB)
3651
  3.453790 seconds (39.80 k allocations: 50.201 MiB)
5111
  3.495507 seconds (55.53 k allocations: 69.446 MiB)
9640
  2.353643 seconds (47.79 k allocations: 60.274 MiB)
6672
  2.036967 seconds (31.89 k allocations: 40.211 MiB)
2159
  1.707230 seconds (31.81 k allocations: 40.127 MiB)
3652
  1.702884 seconds (31.43 k allocations: 39.091 MiB)
5112
  1.969686 seconds (31.73 k allocations: 40.043 MiB)
9641
  3.133761 seconds (71.52 k allocations: 90.243 MiB)
8134
  2.253205 seconds (39.64 k allocations: 50.033 MiB)
6673
  1.697318 seconds (39.72 k allocations: 50.117 MiB)
2160
  1.707783 seconds (39.80 k allocations: 50.201 MiB)
3653
  3.002051 seconds (26.86 k allocations: 33.859 MiB, 2.20% gc time)
  3.288515 seconds (34.76 k allocations: 43.847 MiB, 2.01% gc time)
  2.739082 seconds (20.43 k allocations: 26.697 MiB, 2.41% gc time)
  2.134493 seconds (12.60 k allocations: 16.777 MiB, 3.10% gc time)
  1.716372 seconds (6.12 k allocations: 9.514 MiB, 3.85% gc time)
9642
5113
8135
6674
2161
  1.717151 seconds (34.99 k allocations: 41.969 MiB)
3654
  3.399931 seconds (30.09 k allocations: 36.375 MiB)
9643
  3.394918 seconds (17.33 k allocations: 22.748 MiB)
2162
  4.014639 seconds (38.87 k allocations: 47.961 MiB)
  4.030689 seconds (39.26 k allocations: 48.997 MiB)
8136
5114
  4.016654 seconds (36.56 k allocations: 45.673 MiB)
6675
  3.390633 seconds (39.80 k allocations: 50.201 MiB)
3655
  2.021471 seconds (39.80 k allocations: 50.201 MiB)
9644
  2.028924 seconds (15.82 k allocations: 19.980 MiB)
6676
  3.401146 seconds (47.63 k allocations: 60.106 MiB)
2163
  2.843873 seconds (42.29 k allocations: 53.328 MiB)
5115
  1.831090 seconds (31.73 k allocations: 40.043 MiB)
3656
  3.397419 seconds (51.18 k allocations: 64.947 MiB)
8137
  1.727986 seconds (31.73 k allocations: 40.043 MiB)
6677
  1.770741 seconds (31.73 k allocations: 40.043 MiB)
2164
  3.296743 seconds (55.54 k allocations: 70.096 MiB)
9645
  2.549419 seconds (31.81 k allocations: 40.127 MiB)
3657
  1.725103 seconds (20.75 k allocations: 25.703 MiB)
6678
  3.810893 seconds (32.22 k allocations: 40.023 MiB, 3.97% gc time)
  4.389399 seconds (49.83 k allocations: 62.468 MiB, 3.45% gc time)
  2.634805 seconds (20.24 k allocations: 25.249 MiB, 5.74% gc time)
  2.534715 seconds (12.76 k allocations: 15.800 MiB, 5.97% gc time)
8138
5116
2165
9646
  1.760482 seconds (28.60 k allocations: 36.353 MiB)
6679
  1.799140 seconds (31.69 k allocations: 40.148 MiB)
3658
  4.139126 seconds (15.90 k allocations: 20.064 MiB)
9647
  4.228952 seconds (38.95 k allocations: 48.045 MiB)
8139
  4.234598 seconds (34.13 k allocations: 43.719 MiB)
2166
  4.314775 seconds (54.77 k allocations: 68.023 MiB)
5117
  2.936458 seconds (39.56 k allocations: 49.949 MiB)
6680
  3.386381 seconds (39.56 k allocations: 49.949 MiB)
3659
  1.730751 seconds (31.64 k allocations: 39.959 MiB)
8140
  1.721823 seconds (15.90 k allocations: 20.064 MiB)
6681
  2.433233 seconds (55.54 k allocations: 70.096 MiB)
9648
  2.482887 seconds (47.63 k allocations: 60.106 MiB)
2167
  2.083465 seconds (31.81 k allocations: 40.127 MiB)
3660
  3.409936 seconds (55.62 k allocations: 70.180 MiB)
5118
  2.007633 seconds (39.72 k allocations: 50.117 MiB)
8141
  1.720635 seconds (39.72 k allocations: 50.117 MiB)
6682
  3.313316 seconds (38.23 k allocations: 47.379 MiB, 1.89% gc time)
  2.203905 seconds (14.53 k allocations: 17.422 MiB, 2.83% gc time)
  2.652286 seconds (22.49 k allocations: 27.484 MiB, 2.36% gc time)
  1.940289 seconds (7.79 k allocations: 10.405 MiB, 3.22% gc time)
  3.174270 seconds (32.15 k allocations: 41.467 MiB, 1.97% gc time)
9649
5119
3661
8142
2168
  1.700282 seconds (19.39 k allocations: 25.106 MiB)
3662
  1.805305 seconds (29.39 k allocations: 37.238 MiB)
6683
  2.601881 seconds (15.98 k allocations: 20.148 MiB)
2169
  3.034467 seconds (39.04 k allocations: 48.129 MiB)
9650
  1.705747 seconds (23.90 k allocations: 30.137 MiB)
3663
  3.405362 seconds (39.88 k allocations: 50.285 MiB)
8143
  3.520179 seconds (62.93 k allocations: 78.266 MiB)
5120
  2.308301 seconds (39.72 k allocations: 50.117 MiB)
6684
  2.429510 seconds (39.80 k allocations: 50.201 MiB)
2170
  1.719363 seconds (31.73 k allocations: 40.043 MiB)
3664
  2.722365 seconds (47.71 k allocations: 60.190 MiB)
  2.333878 seconds (32.19 k allocations: 41.163 MiB)
9651
8144
  1.987884 seconds (31.73 k allocations: 40.043 MiB)
6685
  2.817554 seconds (47.71 k allocations: 60.190 MiB)
5121
  1.715127 seconds (31.73 k allocations: 40.043 MiB)
3665
  3.393910 seconds (42.43 k allocations: 53.574 MiB, 1.89% gc time)
  2.701106 seconds (26.15 k allocations: 32.477 MiB, 2.37% gc time)
  2.330986 seconds (12.55 k allocations: 16.488 MiB, 2.75% gc time)
  2.691349 seconds (21.38 k allocations: 28.249 MiB, 2.38% gc time)
  2.114880 seconds (5.61 k allocations: 8.320 MiB, 3.03% gc time)
2171
9652
6686
5122
8145
  1.769453 seconds (29.23 k allocations: 36.647 MiB)
3666
  1.769419 seconds (15.44 k allocations: 18.944 MiB)
6687
  1.789366 seconds (23.35 k allocations: 28.934 MiB)
9653
  1.824445 seconds (31.34 k allocations: 39.007 MiB)
5123
  2.600784 seconds (39.26 k allocations: 48.997 MiB)
2172
  2.606841 seconds (39.64 k allocations: 50.033 MiB)
8146
  1.719081 seconds (39.59 k allocations: 49.948 MiB)
3667
  1.711328 seconds (34.92 k allocations: 43.998 MiB)
6688
  2.106278 seconds (39.72 k allocations: 50.117 MiB)
9654
  2.077781 seconds (37.11 k allocations: 46.231 MiB)
5124
  2.351262 seconds (39.80 k allocations: 50.201 MiB)
2173
  1.710917 seconds (23.82 k allocations: 30.053 MiB)
  1.716800 seconds (26.79 k allocations: 34.685 MiB)
6689
3668
  1.691700 seconds (31.26 k allocations: 38.923 MiB)
9655
  3.392926 seconds (63.61 k allocations: 80.253 MiB)
8147
  2.198093 seconds (39.72 k allocations: 50.117 MiB)
5125
  1.697574 seconds (23.90 k allocations: 30.138 MiB)
6690
  3.079667 seconds (26.78 k allocations: 33.771 MiB, 2.09% gc time)
  3.322567 seconds (42.64 k allocations: 53.778 MiB, 1.93% gc time)
  2.242756 seconds (10.93 k allocations: 13.735 MiB, 2.86% gc time)
  2.129485 seconds (4.23 k allocations: 6.691 MiB, 3.02% gc time)
  2.661891 seconds (20.95 k allocations: 28.167 MiB, 2.41% gc time)
2174
3669
8148
5126
9656
  1.706176 seconds (13.79 k allocations: 16.554 MiB)
  1.717064 seconds (20.47 k allocations: 26.539 MiB)
3670
2175
  1.788421 seconds (43.51 k allocations: 54.443 MiB)
6691
  2.838536 seconds (23.73 k allocations: 29.969 MiB)
5127
  3.427511 seconds (33.03 k allocations: 42.594 MiB)
8149
  1.701008 seconds (15.82 k allocations: 19.980 MiB)
6692
  3.988319 seconds (47.47 k allocations: 59.938 MiB)
9657
  2.538532 seconds (39.64 k allocations: 50.033 MiB)
3671
  2.963218 seconds (49.07 k allocations: 62.803 MiB)
2176
  1.699467 seconds (23.90 k allocations: 30.137 MiB)
6693
  2.298262 seconds (39.80 k allocations: 50.201 MiB)
8150
  3.135657 seconds (55.62 k allocations: 70.180 MiB)
5128
  1.705100 seconds (15.82 k allocations: 19.980 MiB)
6694
  3.660106 seconds (30.32 k allocations: 37.392 MiB, 0.40% gc time)
  4.072463 seconds (38.30 k allocations: 47.434 MiB, 0.36% gc time)
  4.328835 seconds (47.48 k allocations: 59.838 MiB, 0.34% gc time)
  2.584419 seconds (16.36 k allocations: 21.031 MiB, 0.57% gc time)
  2.319479 seconds (8.96 k allocations: 11.967 MiB, 0.63% gc time)
2177
3672
9658
5129
8151
  1.720232 seconds (34.40 k allocations: 41.715 MiB)
6695
  3.371544 seconds (33.91 k allocations: 41.916 MiB)
2178
  3.404460 seconds (23.59 k allocations: 29.244 MiB)
5130
  3.978596 seconds (31.50 k allocations: 39.233 MiB)
  3.988581 seconds (41.71 k allocations: 52.801 MiB)
  3.949313 seconds (24.66 k allocations: 32.209 MiB)
3673
9659
8152
  3.372282 seconds (39.64 k allocations: 50.033 MiB)
6696
  1.990732 seconds (39.56 k allocations: 49.949 MiB)
2179
  2.997069 seconds (39.56 k allocations: 49.949 MiB)
5131
  2.572639 seconds (23.73 k allocations: 29.969 MiB)
8153
  2.683757 seconds (31.65 k allocations: 39.959 MiB)
3674
  2.903276 seconds (45.00 k allocations: 56.717 MiB)
9660
  1.817675 seconds (39.64 k allocations: 50.033 MiB)
6697
  1.778710 seconds (31.73 k allocations: 40.043 MiB)
5132
  1.700878 seconds (23.90 k allocations: 30.137 MiB)
3675
  1.851959 seconds (39.80 k allocations: 50.201 MiB)
8154
  3.109988 seconds (63.53 k allocations: 80.169 MiB)
2180
  1.700705 seconds (31.81 k allocations: 40.127 MiB)
6698
  2.465689 seconds (47.63 k allocations: 60.106 MiB)
9661
  1.815662 seconds (39.72 k allocations: 50.117 MiB)
5133
  2.657734 seconds (34.60 k allocations: 43.679 MiB, 1.42% gc time)
  2.600468 seconds (26.74 k allocations: 33.723 MiB, 1.45% gc time)
  2.421773 seconds (10.97 k allocations: 13.773 MiB, 1.56% gc time)
  2.566420 seconds (19.00 k allocations: 23.909 MiB, 1.47% gc time)
  1.685001 seconds (3.16 k allocations: 3.960 MiB, 2.25% gc time)
9662
6699
2181
3676
8155
  1.712541 seconds (4.24 k allocations: 9.237 MiB)
9663
  1.736369 seconds (38.31 k allocations: 47.119 MiB)
5134
  1.726449 seconds (13.00 k allocations: 15.885 MiB)
6700
  1.787732 seconds (23.90 k allocations: 30.138 MiB)
2182
  1.797898 seconds (31.81 k allocations: 40.127 MiB)
  1.798646 seconds (32.08 k allocations: 40.904 MiB)
8156
3677
  1.694155 seconds (39.72 k allocations: 50.117 MiB)
9664
  1.692403 seconds (31.73 k allocations: 40.043 MiB)
6701
  1.714406 seconds (43.46 k allocations: 55.160 MiB)
5135
  1.689847 seconds (39.64 k allocations: 50.033 MiB)
2183
  1.690417 seconds (31.65 k allocations: 39.959 MiB)
8157
  1.700816 seconds (34.42 k allocations: 43.497 MiB)
3678
  1.692961 seconds (39.72 k allocations: 50.117 MiB)
9665
  1.702438 seconds (39.80 k allocations: 50.201 MiB)
6702
  1.717734 seconds (39.80 k allocations: 50.201 MiB)
5136
  1.690354 seconds (39.80 k allocations: 50.201 MiB)
2184
  1.692655 seconds (33.13 k allocations: 42.699 MiB)
8158
  1.710395 seconds (39.72 k allocations: 50.117 MiB)
3679
  1.694127 seconds (39.72 k allocations: 50.117 MiB)
9666
  1.857020 seconds (34.62 k allocations: 43.697 MiB, 3.34% gc time)
  1.812793 seconds (18.76 k allocations: 23.674 MiB, 3.43% gc time)
  1.826812 seconds (26.84 k allocations: 33.800 MiB, 3.40% gc time)
  1.790195 seconds (11.03 k allocations: 13.867 MiB, 3.47% gc time)
  1.769498 seconds (3.17 k allocations: 4.043 MiB, 3.51% gc time)
2185
8159
5137
6703
3680
  1.694996 seconds (25.79 k allocations: 32.427 MiB)
9667
  1.724518 seconds (8.36 k allocations: 11.669 MiB)
8160
  1.726433 seconds (10.27 k allocations: 13.082 MiB)
2186
  1.749739 seconds (23.82 k allocations: 30.054 MiB)
  1.749399 seconds (23.86 k allocations: 30.110 MiB)
6704
5138
  1.754773 seconds (39.07 k allocations: 48.239 MiB)
3681
  1.698692 seconds (39.80 k allocations: 50.201 MiB)
9668
  1.687234 seconds (31.89 k allocations: 40.211 MiB)
2187
  1.695275 seconds (36.44 k allocations: 46.779 MiB)
8161
  1.699131 seconds (30.57 k allocations: 38.173 MiB)
5139
  1.715018 seconds (39.49 k allocations: 49.285 MiB)
6705
  1.711712 seconds (38.35 k allocations: 47.493 MiB)
3682
  1.713942 seconds (39.72 k allocations: 50.117 MiB)
9669
  1.697676 seconds (31.93 k allocations: 40.249 MiB)
2188
  1.698055 seconds (34.64 k allocations: 43.716 MiB)
8162
  1.705020 seconds (39.80 k allocations: 50.201 MiB)
5140
  1.710501 seconds (37.12 k allocations: 46.768 MiB)
6706
  1.716321 seconds (39.80 k allocations: 50.201 MiB)
3683
  1.695139 seconds (25.26 k allocations: 32.751 MiB)
  1.704181 seconds (37.36 k allocations: 47.539 MiB)
2189
9670
  1.695540 seconds (27.25 k allocations: 34.965 MiB)
  1.804901 seconds (20.89 k allocations: 27.191 MiB, 3.71% gc time)
  1.786256 seconds (13.11 k allocations: 17.323 MiB, 3.75% gc time)
  1.774290 seconds (5.35 k allocations: 7.439 MiB, 3.77% gc time)
8163
6707
3684
5141
  1.688932 seconds (27.70 k allocations: 34.365 MiB)
2190
  1.731960 seconds (7.92 k allocations: 9.991 MiB)
  1.731718 seconds (8.29 k allocations: 11.026 MiB)
  1.733766 seconds (8.68 k allocations: 12.062 MiB)
9671
  1.736868 seconds (10.70 k allocations: 14.828 MiB)
  1.738951 seconds (12.76 k allocations: 17.562 MiB)
8164
5142
6708
3685
  1.689685 seconds (39.56 k allocations: 49.949 MiB)
2191
  1.690172 seconds (26.10 k allocations: 32.320 MiB)
8165
  1.701043 seconds (38.01 k allocations: 46.382 MiB)
9672
  1.696804 seconds (23.29 k allocations: 30.743 MiB)
5143
  1.710407 seconds (33.77 k allocations: 43.338 MiB)
6709
  1.714711 seconds (38.55 k allocations: 47.697 MiB)
3686
  1.692091 seconds (39.64 k allocations: 50.033 MiB)
2192
  1.694200 seconds (39.26 k allocations: 48.997 MiB)
8166
  1.696583 seconds (31.81 k allocations: 40.127 MiB)
  1.696721 seconds (31.92 k allocations: 40.415 MiB)
5144
9673
  1.708575 seconds (37.09 k allocations: 46.740 MiB)
6710
  1.707567 seconds (36.42 k allocations: 45.530 MiB)
3687
  1.693577 seconds (39.64 k allocations: 50.033 MiB)
2193
  1.844199 seconds (38.24 k allocations: 47.378 MiB, 4.58% gc time)
  1.829233 seconds (22.44 k allocations: 27.414 MiB, 4.62% gc time)
  1.828486 seconds (22.54 k allocations: 27.513 MiB, 4.62% gc time)
  1.798057 seconds (10.61 k allocations: 12.778 MiB, 4.70% gc time)
  1.791708 seconds (6.94 k allocations: 7.884 MiB, 4.72% gc time)
8167
5145
9674
6711
3688
  1.689650 seconds (32.50 k allocations: 39.263 MiB)
2194
  1.729070 seconds (7.92 k allocations: 9.990 MiB)
8168
  1.737878 seconds (14.86 k allocations: 17.776 MiB)
5146
  1.736819 seconds (16.90 k allocations: 21.784 MiB)
3689
  1.739230 seconds (19.50 k allocations: 25.131 MiB)
9675
  1.742377 seconds (32.66 k allocations: 39.268 MiB)
6712
  1.690661 seconds (39.88 k allocations: 50.285 MiB)
2195
  1.690811 seconds (37.99 k allocations: 47.009 MiB)
8169
  1.696391 seconds (22.52 k allocations: 28.030 MiB)
5147
  1.704420 seconds (28.25 k allocations: 35.802 MiB)
9676
  1.709806 seconds (32.41 k allocations: 40.738 MiB)
3690
  1.709415 seconds (37.17 k allocations: 46.287 MiB)
6713
  1.690087 seconds (39.64 k allocations: 50.033 MiB)
2196
  1.694478 seconds (39.64 k allocations: 50.033 MiB)
8170
  1.696843 seconds (39.34 k allocations: 49.081 MiB)
5148
  1.693101 seconds (28.64 k allocations: 36.196 MiB)
9677
  1.704644 seconds (31.89 k allocations: 40.211 MiB)
6714
  1.711014 seconds (35.03 k allocations: 45.316 MiB)
3691
  1.687360 seconds (39.72 k allocations: 50.117 MiB)
2197
  1.690398 seconds (39.72 k allocations: 50.117 MiB)
8171
  3.293831 seconds (32.30 k allocations: 40.633 MiB, 2.05% gc time)
  3.285127 seconds (26.69 k allocations: 33.680 MiB, 2.06% gc time)
  3.267232 seconds (10.92 k allocations: 13.726 MiB, 2.07% gc time)
  1.664038 seconds (3.02 k allocations: 3.718 MiB, 4.06% gc time)
  3.265840 seconds (11.01 k allocations: 13.791 MiB, 2.07% gc time)
6715
3692
5149
2198
9678
  1.691290 seconds (28.27 k allocations: 34.952 MiB)
8172
  1.713108 seconds (9.16 k allocations: 12.485 MiB)
2199
  1.791209 seconds (15.82 k allocations: 19.980 MiB)
  1.795965 seconds (16.24 k allocations: 22.164 MiB)
9679
6716
  1.797058 seconds (17.86 k allocations: 23.443 MiB)
3693
  1.799588 seconds (26.86 k allocations: 33.326 MiB)
5150
  1.692322 seconds (39.72 k allocations: 50.117 MiB)
8173
  1.689532 seconds (39.80 k allocations: 50.201 MiB)
2200
  1.695809 seconds (18.19 k allocations: 23.616 MiB)
9680
  1.696825 seconds (18.84 k allocations: 23.758 MiB)
5151
  1.704533 seconds (28.76 k allocations: 35.789 MiB)
  1.703952 seconds (28.60 k allocations: 35.942 MiB)
6717
3694
  1.693562 seconds (39.80 k allocations: 50.201 MiB)
8174
  1.690633 seconds (39.80 k allocations: 50.201 MiB)
2201
  1.693318 seconds (27.08 k allocations: 33.907 MiB)
9681
  1.696454 seconds (26.50 k allocations: 34.018 MiB)
5152
  1.703837 seconds (31.73 k allocations: 40.043 MiB)
  1.704815 seconds (32.12 k allocations: 41.080 MiB)
6718
3695
  1.694915 seconds (39.64 k allocations: 50.033 MiB)
8175
  1.896207 seconds (37.92 k allocations: 47.057 MiB, 1.83% gc time)
  1.800894 seconds (22.17 k allocations: 27.129 MiB, 1.93% gc time)
  1.803214 seconds (22.26 k allocations: 27.239 MiB, 1.93% gc time)
  1.785071 seconds (6.55 k allocations: 7.407 MiB, 1.95% gc time)
  1.788015 seconds (8.56 k allocations: 12.918 MiB, 1.94% gc time)
2202
9682
5153
3696
6719
  1.690753 seconds (34.05 k allocations: 41.136 MiB)
8176
  1.732964 seconds (16.35 k allocations: 21.095 MiB)
5154
  1.734561 seconds (20.23 k allocations: 24.518 MiB)
  1.732588 seconds (20.44 k allocations: 24.838 MiB)
9683
3697
  2.286390 seconds (31.89 k allocations: 40.211 MiB)
6720
  2.405176 seconds (47.33 k allocations: 59.155 MiB)
2203
  1.692171 seconds (39.72 k allocations: 50.117 MiB)
8177
  1.696466 seconds (31.12 k allocations: 39.948 MiB)
  1.693689 seconds (24.21 k allocations: 31.090 MiB)
5155
  1.695592 seconds (26.62 k allocations: 34.254 MiB)
3698
9684
  1.702727 seconds (39.72 k allocations: 50.117 MiB)
6721
  1.692547 seconds (39.72 k allocations: 50.117 MiB)
2204
  1.694812 seconds (39.72 k allocations: 50.117 MiB)
8178
  1.694935 seconds (23.90 k allocations: 30.138 MiB)
  1.699397 seconds (29.70 k allocations: 38.821 MiB)
3699
5156
  1.712313 seconds (39.72 k allocations: 50.117 MiB)
9685
  1.708140 seconds (39.72 k allocations: 50.117 MiB)
6722
  1.694908 seconds (39.72 k allocations: 50.117 MiB)
2205
  1.695413 seconds (39.64 k allocations: 50.033 MiB)
8179
  1.701343 seconds (31.81 k allocations: 40.127 MiB)
5157
  1.708361 seconds (34.46 k allocations: 43.533 MiB)
  3.322611 seconds (26.94 k allocations: 33.983 MiB, 2.02% gc time)
  2.730172 seconds (19.01 k allocations: 23.995 MiB, 2.46% gc time)
  1.698820 seconds (3.29 k allocations: 4.209 MiB, 3.95% gc time)
  2.676377 seconds (11.26 k allocations: 14.234 MiB, 2.51% gc time)
3700
8180
9686
2206
6723
  1.699402 seconds (25.29 k allocations: 31.910 MiB)
5158
  1.723522 seconds (8.00 k allocations: 10.075 MiB)
8181
  1.793175 seconds (15.90 k allocations: 20.064 MiB)
2207
  1.796358 seconds (17.43 k allocations: 22.308 MiB)
3701
  1.804656 seconds (29.98 k allocations: 37.032 MiB)
  1.805439 seconds (31.39 k allocations: 38.914 MiB)
9687
6724
  1.692015 seconds (39.64 k allocations: 50.033 MiB)
5159
  1.693868 seconds (39.72 k allocations: 50.117 MiB)
8182
  1.691297 seconds (32.19 k allocations: 41.317 MiB)
2208
  1.700646 seconds (37.17 k allocations: 46.316 MiB)
3702
  1.702709 seconds (31.01 k allocations: 39.326 MiB)
  1.702328 seconds (32.13 k allocations: 40.748 MiB)
6725
9688
  1.698243 seconds (39.88 k allocations: 50.285 MiB)
5160
  1.694690 seconds (39.88 k allocations: 50.285 MiB)
8183
  1.694202 seconds (39.88 k allocations: 50.285 MiB)
2209
  1.701409 seconds (39.05 k allocations: 48.154 MiB)
3703
  1.707462 seconds (31.81 k allocations: 40.127 MiB)
9689
  1.710354 seconds (33.08 k allocations: 42.119 MiB)
6726
  1.700367 seconds (39.64 k allocations: 50.033 MiB)
5161
  1.876020 seconds (30.08 k allocations: 37.137 MiB, 4.42% gc time)
  1.947337 seconds (37.98 k allocations: 47.125 MiB, 4.26% gc time)
  1.853497 seconds (22.21 k allocations: 27.155 MiB, 4.47% gc time)
  1.832582 seconds (6.47 k allocations: 7.366 MiB, 4.53% gc time)
  1.836158 seconds (8.96 k allocations: 13.653 MiB, 4.52% gc time)
2210
8184
3704
6727
9690
  1.698391 seconds (36.94 k allocations: 43.962 MiB)
5162
  1.729661 seconds (12.09 k allocations: 15.469 MiB)
3705
  1.740237 seconds (19.53 k allocations: 24.990 MiB)
6728
  1.796648 seconds (28.61 k allocations: 36.169 MiB)
8185
  2.212957 seconds (31.73 k allocations: 40.043 MiB)
2211
  2.291809 seconds (39.72 k allocations: 50.117 MiB)
9691
  1.690569 seconds (39.72 k allocations: 50.117 MiB)
5163
  1.699468 seconds (39.64 k allocations: 50.033 MiB)
3706
  1.709650 seconds (39.72 k allocations: 50.117 MiB)
6729
  1.690650 seconds (39.72 k allocations: 50.117 MiB)
8186
  1.696238 seconds (39.64 k allocations: 50.033 MiB)
2212
  1.708870 seconds (39.72 k allocations: 50.117 MiB)
9692
  1.697817 seconds (39.72 k allocations: 50.117 MiB)
5164
  1.701191 seconds (39.64 k allocations: 50.033 MiB)
3707
  1.704811 seconds (39.72 k allocations: 50.117 MiB)
6730
  1.692004 seconds (39.80 k allocations: 50.201 MiB)
8187
  1.690028 seconds (39.72 k allocations: 50.117 MiB)
2213
  1.706278 seconds (39.72 k allocations: 50.117 MiB)
9693
  1.699286 seconds (39.72 k allocations: 50.117 MiB)
5165
  1.691946 seconds (39.64 k allocations: 50.033 MiB)
3708
  3.262865 seconds (34.41 k allocations: 43.476 MiB, 0.86% gc time)
  3.242953 seconds (26.56 k allocations: 33.537 MiB, 0.86% gc time)
  2.694356 seconds (10.91 k allocations: 13.727 MiB, 1.04% gc time)
  2.817679 seconds (18.76 k allocations: 23.635 MiB, 0.99% gc time)
  1.647348 seconds (4.88 k allocations: 8.246 MiB, 1.70% gc time)
9694
2214
8188
6731
5166
  1.696652 seconds (13.79 k allocations: 19.190 MiB)
8189
  1.789324 seconds (15.52 k allocations: 19.028 MiB)
2215
  1.811876 seconds (23.43 k allocations: 29.018 MiB)
6732
  1.827667 seconds (32.40 k allocations: 41.316 MiB)
3709
  1.919459 seconds (39.90 k allocations: 50.871 MiB)
9695
  1.923975 seconds (39.64 k allocations: 50.033 MiB)
5167
  1.692679 seconds (39.72 k allocations: 50.117 MiB)
8190
  1.689482 seconds (39.72 k allocations: 50.117 MiB)
2216
  1.701388 seconds (39.56 k allocations: 49.696 MiB)
6733
  1.709845 seconds (39.80 k allocations: 50.201 MiB)
3710
  1.696741 seconds (39.80 k allocations: 50.201 MiB)
9696
  1.704180 seconds (39.72 k allocations: 50.117 MiB)
5168
  1.698192 seconds (39.80 k allocations: 50.201 MiB)
8191
  1.694949 seconds (39.72 k allocations: 50.117 MiB)
2217
  1.720029 seconds (38.31 k allocations: 47.981 MiB)
6734
  1.738385 seconds (39.64 k allocations: 50.033 MiB)
3711
  1.728755 seconds (39.72 k allocations: 50.117 MiB)
  1.701134 seconds (31.99 k allocations: 40.813 MiB)
9697
5169
  1.694989 seconds (39.80 k allocations: 50.201 MiB)
8192
  1.926031 seconds (34.94 k allocations: 44.023 MiB, 3.13% gc time)
  1.828045 seconds (19.18 k allocations: 24.125 MiB, 3.30% gc time)
  1.853912 seconds (27.14 k allocations: 34.146 MiB, 3.25% gc time)
  1.759419 seconds (5.06 k allocations: 7.711 MiB, 3.43% gc time)
  1.759176 seconds (4.83 k allocations: 7.397 MiB, 3.43% gc time)
2218
3712
6735
9698
5170
  1.692139 seconds (30.63 k allocations: 38.698 MiB)
8193
  1.725527 seconds (23.53 k allocations: 29.105 MiB)
  1.728828 seconds (24.03 k allocations: 30.631 MiB)
3713
6736
  1.699489 seconds (15.90 k allocations: 20.064 MiB)
8194
  1.692514 seconds (7.91 k allocations: 9.990 MiB)
6737
  4.029057 seconds (55.61 k allocations: 70.101 MiB)
2219
  4.015067 seconds (48.23 k allocations: 60.713 MiB)
9699
  4.041765 seconds (55.62 k allocations: 70.180 MiB)
5171
  1.691546 seconds (31.81 k allocations: 40.127 MiB)
8195
  3.382513 seconds (47.63 k allocations: 60.106 MiB)
3714
  1.698233 seconds (36.00 k allocations: 45.103 MiB)
6738
  1.691229 seconds (15.98 k allocations: 20.148 MiB)
8196
  2.854253 seconds (6.69 k allocations: 7.525 MiB, 1.60% gc time)
  3.966630 seconds (46.11 k allocations: 56.679 MiB, 1.15% gc time)
  3.936621 seconds (38.63 k allocations: 47.762 MiB, 1.16% gc time)
  3.912683 seconds (32.63 k allocations: 41.682 MiB, 1.17% gc time)
  2.848566 seconds (8.77 k allocations: 11.561 MiB, 1.61% gc time)
9700
6739
2220
5172
3715
  1.691309 seconds (35.19 k allocations: 42.276 MiB)
8197
  1.797876 seconds (22.36 k allocations: 27.236 MiB)
6740
  1.878987 seconds (20.91 k allocations: 26.393 MiB)
5173
  1.982376 seconds (40.47 k allocations: 52.206 MiB)
9701
  2.687754 seconds (45.72 k allocations: 56.820 MiB)
2221
  3.054948 seconds (39.72 k allocations: 50.117 MiB)
3716
  1.691730 seconds (39.72 k allocations: 50.117 MiB)
8198
  1.690282 seconds (39.80 k allocations: 50.201 MiB)
6741
  1.705888 seconds (31.81 k allocations: 40.127 MiB)
9702
  1.688486 seconds (23.90 k allocations: 30.137 MiB)
3717
  1.694333 seconds (23.90 k allocations: 30.137 MiB)
8199
  1.690509 seconds (23.90 k allocations: 30.137 MiB)
6742
  3.404693 seconds (71.61 k allocations: 90.327 MiB)
5174
  1.700497 seconds (31.73 k allocations: 40.043 MiB)
9703
  2.729132 seconds (71.52 k allocations: 90.243 MiB)
2222
  1.692099 seconds (31.81 k allocations: 40.127 MiB)
8200
  1.693774 seconds (31.81 k allocations: 40.127 MiB)
6743
  3.104768 seconds (26.86 k allocations: 33.852 MiB, 0.46% gc time)
  3.026032 seconds (18.95 k allocations: 23.854 MiB, 0.47% gc time)
  3.634910 seconds (50.75 k allocations: 63.965 MiB, 0.39% gc time)
  2.994217 seconds (11.18 k allocations: 14.071 MiB, 0.47% gc time)
  1.656848 seconds (5.02 k allocations: 8.140 MiB, 0.86% gc time)
5175
2223
9704
3718
8201
  1.704422 seconds (14.83 k allocations: 20.016 MiB)
5176
  1.721877 seconds (43.72 k allocations: 51.661 MiB)
6744
  1.775287 seconds (15.83 k allocations: 19.980 MiB)
2224
  1.796661 seconds (23.82 k allocations: 30.054 MiB)
  1.793648 seconds (24.04 k allocations: 30.706 MiB)
  1.795466 seconds (24.09 k allocations: 30.772 MiB)
9705
8202
3719
  1.695155 seconds (36.14 k allocations: 45.770 MiB)
5177
  1.699011 seconds (39.80 k allocations: 50.201 MiB)
6745
  1.688962 seconds (39.80 k allocations: 50.201 MiB)
2225
  1.693256 seconds (23.90 k allocations: 30.138 MiB)
  1.693691 seconds (24.23 k allocations: 31.117 MiB)
3720
8203
  1.699249 seconds (32.37 k allocations: 40.186 MiB)
9706
  1.697640 seconds (39.63 k allocations: 49.373 MiB)
5178
  1.707393 seconds (39.96 k allocations: 50.369 MiB)
6746
  1.693142 seconds (39.96 k allocations: 50.369 MiB)
2226
  1.700177 seconds (27.50 k allocations: 35.042 MiB)
8204
  1.712036 seconds (35.65 k allocations: 45.276 MiB)
3721
  1.713062 seconds (36.26 k allocations: 45.369 MiB)
9707
  1.701260 seconds (39.88 k allocations: 50.285 MiB)
5179
  1.883815 seconds (34.76 k allocations: 43.839 MiB, 3.71% gc time)
  1.835133 seconds (26.81 k allocations: 33.796 MiB, 3.80% gc time)
  1.800656 seconds (18.75 k allocations: 23.486 MiB, 3.88% gc time)
  1.787815 seconds (9.14 k allocations: 11.210 MiB, 3.91% gc time)
  1.775063 seconds (3.13 k allocations: 3.909 MiB, 3.93% gc time)
9708
3722
2227
6747
8205
  1.696799 seconds (25.91 k allocations: 32.546 MiB)
5180
  1.724866 seconds (7.91 k allocations: 9.990 MiB)
8206
  1.730148 seconds (12.13 k allocations: 14.986 MiB)
3723
  1.738379 seconds (23.82 k allocations: 30.054 MiB)
  1.739246 seconds (23.87 k allocations: 30.154 MiB)
2228
9709
  1.744666 seconds (39.19 k allocations: 47.137 MiB)
6748
  1.703232 seconds (39.80 k allocations: 50.201 MiB)
5181
  1.692575 seconds (35.47 k allocations: 45.083 MiB)
8207
  1.688408 seconds (22.46 k allocations: 27.972 MiB)
2229
  1.702098 seconds (43.77 k allocations: 53.557 MiB)
3724
  1.714359 seconds (37.56 k allocations: 47.227 MiB)
9710
  1.718304 seconds (39.72 k allocations: 50.117 MiB)
6749
  1.699183 seconds (39.80 k allocations: 50.201 MiB)
5182
  1.691896 seconds (39.44 k allocations: 49.299 MiB)
8208
  1.690064 seconds (33.67 k allocations: 42.034 MiB)
2230
  1.692773 seconds (39.72 k allocations: 50.117 MiB)
3725
  1.700288 seconds (39.80 k allocations: 50.201 MiB)
9711
  1.701579 seconds (39.72 k allocations: 50.117 MiB)
6750
  1.695323 seconds (39.72 k allocations: 50.117 MiB)
5183
  1.769181 seconds (29.67 k allocations: 36.023 MiB, 0.86% gc time)  1.773287 seconds (31.78 k allocations: 40.086 MiB, 0.86% gc time)

  1.760728 seconds (22.46 k allocations: 27.475 MiB, 0.86% gc time)
  1.728786 seconds (14.63 k allocations: 17.648 MiB, 0.88% gc time)
  1.716952 seconds (6.84 k allocations: 7.837 MiB, 0.88% gc time)
8209
2231
9712
3726
6751
  1.694951 seconds (30.80 k allocations: 37.542 MiB)
5184
  1.702623 seconds (14.49 k allocations: 20.372 MiB)
9713
  1.708992 seconds (21.02 k allocations: 27.732 MiB)
6752
  1.709896 seconds (23.82 k allocations: 30.053 MiB)
3727
  1.727430 seconds (31.81 k allocations: 40.127 MiB)
8210
  1.728355 seconds (33.43 k allocations: 42.493 MiB)
2232
  1.686323 seconds (39.72 k allocations: 50.117 MiB)
5185
  1.702513 seconds (36.99 k allocations: 46.637 MiB)
9714
  1.703582 seconds (38.50 k allocations: 47.019 MiB)
6753
  1.701591 seconds (37.56 k allocations: 46.692 MiB)
3728
  1.697673 seconds (31.81 k allocations: 40.127 MiB)
8211
  1.701321 seconds (37.11 k allocations: 46.229 MiB)
2233
  1.695694 seconds (39.64 k allocations: 50.033 MiB)
5186
  1.702963 seconds (38.10 k allocations: 47.760 MiB)
9715
  1.691538 seconds (25.09 k allocations: 32.053 MiB)
3729
  1.702280 seconds (40.34 k allocations: 49.524 MiB)
6754
  1.680689 seconds (25.46 k allocations: 31.208 MiB)
2234
  1.692737 seconds (43.54 k allocations: 55.240 MiB)
8212
  1.696121 seconds (39.88 k allocations: 50.285 MiB)
5187
  1.689405 seconds (14.55 k allocations: 17.982 MiB)
2235
  1.699014 seconds (27.47 k allocations: 35.012 MiB)
3730
  3.276636 seconds (31.99 k allocations: 40.318 MiB, 0.45% gc time)
  3.260724 seconds (11.79 k allocations: 15.331 MiB, 0.46% gc time)
  3.270621 seconds (19.83 k allocations: 25.261 MiB, 0.46% gc time)
  1.609592 seconds (4.06 k allocations: 5.578 MiB, 0.93% gc time)
9716
5188
8213
6755
  1.687318 seconds (26.27 k allocations: 32.903 MiB)
2236
  1.702283 seconds (16.41 k allocations: 23.555 MiB)
5189
  1.794344 seconds (15.93 k allocations: 21.309 MiB)
3731
  1.800489 seconds (23.90 k allocations: 30.138 MiB)
  1.800347 seconds (24.29 k allocations: 31.174 MiB)
8214
6756
  1.807962 seconds (35.64 k allocations: 43.507 MiB)
9717
  1.688864 seconds (39.88 k allocations: 50.285 MiB)
2237
  1.695288 seconds (39.80 k allocations: 50.201 MiB)
5190
  1.694500 seconds (39.72 k allocations: 50.117 MiB)
3732
  1.692961 seconds (28.52 k allocations: 36.075 MiB)
8215
  1.702934 seconds (35.59 k allocations: 45.213 MiB)
6757
  1.701301 seconds (35.02 k allocations: 44.102 MiB)
9718
  1.693389 seconds (39.72 k allocations: 50.117 MiB)
2238
  1.697286 seconds (39.80 k allocations: 50.201 MiB)
5191
  1.699238 seconds (39.14 k allocations: 48.829 MiB)
3733
  1.694374 seconds (33.44 k allocations: 42.500 MiB)
8216
  1.710372 seconds (33.59 k allocations: 43.161 MiB)
  1.707951 seconds (32.19 k allocations: 41.163 MiB)
6758
9719
  1.689287 seconds (39.80 k allocations: 50.201 MiB)
2239
  1.772099 seconds (22.55 k allocations: 27.532 MiB, 2.01% gc time)
  1.867562 seconds (38.34 k allocations: 47.487 MiB, 1.91% gc time)
  1.773276 seconds (23.77 k allocations: 29.789 MiB, 2.01% gc time)
  1.742518 seconds (8.00 k allocations: 9.972 MiB, 2.04% gc time)
  1.744722 seconds (7.95 k allocations: 9.913 MiB, 2.04% gc time)
5192
8217
3734
9720
6759
  1.691065 seconds (37.25 k allocations: 44.326 MiB)
2240
  1.723644 seconds (8.96 k allocations: 13.512 MiB)
6760
  1.748077 seconds (33.09 k allocations: 41.257 MiB)
  1.739244 seconds (16.80 k allocations: 22.846 MiB)
5193
9721
  2.577336 seconds (32.24 k allocations: 41.789 MiB)
8218
  2.976278 seconds (39.72 k allocations: 50.117 MiB)
3735
  1.687971 seconds (39.72 k allocations: 50.117 MiB)
2241
  1.699670 seconds (39.72 k allocations: 50.117 MiB)
6761
  1.690453 seconds (31.89 k allocations: 40.211 MiB)
9722
  2.312674 seconds (39.80 k allocations: 50.201 MiB)
5194
  2.349995 seconds (39.72 k allocations: 50.117 MiB)
8219
  1.691193 seconds (31.73 k allocations: 40.043 MiB)
2242
  1.699747 seconds (31.64 k allocations: 39.959 MiB)
6762
  1.691640 seconds (24.77 k allocations: 31.720 MiB)
9723
  2.264069 seconds (63.61 k allocations: 80.253 MiB)
3736
  1.699852 seconds (39.72 k allocations: 50.117 MiB)
5195
  1.696004 seconds (39.80 k allocations: 50.201 MiB)
8220
  1.689445 seconds (39.80 k allocations: 50.201 MiB)
2243
  1.691861 seconds (31.81 k allocations: 40.127 MiB)
9724
  3.317580 seconds (34.95 k allocations: 45.257 MiB, 2.19% gc time)
  3.192285 seconds (26.93 k allocations: 33.913 MiB, 2.28% gc time)
  2.688817 seconds (19.05 k allocations: 23.942 MiB, 2.70% gc time)
  1.804441 seconds (11.21 k allocations: 14.076 MiB, 4.03% gc time)
  1.704805 seconds (3.29 k allocations: 4.072 MiB, 4.27% gc time)
8221
3737
6763
2244
5196
  1.694693 seconds (28.55 k allocations: 35.265 MiB)
9725
  1.723528 seconds (13.49 k allocations: 18.133 MiB)
2245
  1.732797 seconds (16.56 k allocations: 21.966 MiB)
8222
  1.781113 seconds (31.21 k allocations: 40.050 MiB)
3738
  2.596959 seconds (31.73 k allocations: 40.043 MiB)
6764
  3.042360 seconds (39.64 k allocations: 50.033 MiB)
5197
  1.691730 seconds (39.64 k allocations: 50.033 MiB)
9726
  1.690102 seconds (39.34 k allocations: 49.081 MiB)
2246
  1.698256 seconds (31.81 k allocations: 40.127 MiB)
3739
  2.350974 seconds (47.71 k allocations: 60.190 MiB)
8223
  2.094083 seconds (39.80 k allocations: 50.201 MiB)
6765
  1.697731 seconds (31.81 k allocations: 40.127 MiB)
9727
  1.705426 seconds (23.73 k allocations: 29.969 MiB)
3740
  2.207777 seconds (55.62 k allocations: 70.180 MiB)
5198
  2.184694 seconds (31.64 k allocations: 39.959 MiB)
8224
  1.691911 seconds (31.64 k allocations: 39.959 MiB)
6766
  3.113921 seconds (63.45 k allocations: 80.085 MiB)
2247
  1.783034 seconds (39.64 k allocations: 50.033 MiB)
9728
  3.626670 seconds (30.44 k allocations: 37.505 MiB, 2.38% gc time)  3.703044 seconds (38.32 k allocations: 47.473 MiB, 2.33% gc time)
  2.490722 seconds (14.65 k allocations: 17.533 MiB, 3.46% gc time)

  2.600606 seconds (22.78 k allocations: 27.707 MiB, 3.31% gc time)
  2.341789 seconds (9.34 k allocations: 12.808 MiB, 3.68% gc time)
5199
8225
6767
3741
2248
  1.699988 seconds (37.02 k allocations: 44.081 MiB)
9729
  1.799738 seconds (12.10 k allocations: 15.486 MiB)
6768
  1.805790 seconds (16.43 k allocations: 20.588 MiB)
3742
  1.810940 seconds (22.51 k allocations: 27.483 MiB)
5200
  2.523888 seconds (31.81 k allocations: 40.127 MiB)
2249
  2.612287 seconds (39.72 k allocations: 50.117 MiB)
8226
  1.689540 seconds (23.11 k allocations: 29.861 MiB)
6769
  1.699469 seconds (24.03 k allocations: 31.488 MiB)
3743
  2.064156 seconds (31.73 k allocations: 40.043 MiB)
5201
  1.712665 seconds (31.73 k allocations: 40.043 MiB)
2250
  2.313565 seconds (31.73 k allocations: 40.043 MiB)
8227
  3.388463 seconds (79.35 k allocations: 100.148 MiB)
9730
  1.692168 seconds (39.64 k allocations: 50.033 MiB)
6770
  1.703036 seconds (39.72 k allocations: 50.117 MiB)
3744
  1.693623 seconds (31.73 k allocations: 40.043 MiB)
2251
  2.228196 seconds (47.71 k allocations: 60.190 MiB)
5202
  1.696437 seconds (23.90 k allocations: 30.137 MiB)
6771
  3.153544 seconds (18.97 k allocations: 23.898 MiB, 0.95% gc time)
  3.236059 seconds (34.92 k allocations: 43.987 MiB, 0.92% gc time)
  3.411915 seconds (42.95 k allocations: 54.107 MiB, 0.88% gc time)
  2.258685 seconds (4.98 k allocations: 7.584 MiB, 1.32% gc time)
  2.397151 seconds (13.66 k allocations: 18.638 MiB, 1.25% gc time)
9731
3745
8228
5203
2252
  1.691335 seconds (31.24 k allocations: 38.411 MiB)
6772
  1.804075 seconds (23.13 k allocations: 28.066 MiB)
3746
  2.537122 seconds (15.96 k allocations: 21.341 MiB)
5204
  2.991035 seconds (23.82 k allocations: 30.053 MiB)
2253
  3.214737 seconds (48.30 k allocations: 60.704 MiB)
9732
  3.493828 seconds (54.86 k allocations: 68.108 MiB)
8229
  1.705778 seconds (31.73 k allocations: 40.043 MiB)
3747
  2.020604 seconds (31.73 k allocations: 40.043 MiB)
5205
  3.132834 seconds (55.46 k allocations: 70.012 MiB)
6773
  1.698957 seconds (15.82 k allocations: 19.980 MiB)
3748
  2.688735 seconds (39.56 k allocations: 49.949 MiB)
9733
  3.116854 seconds (55.46 k allocations: 70.012 MiB)
2254
  1.704816 seconds (23.73 k allocations: 29.969 MiB)
6774
  3.390023 seconds (55.46 k allocations: 70.012 MiB)
8230
  2.159410 seconds (31.81 k allocations: 40.127 MiB)
3749
  4.427836 seconds (50.66 k allocations: 63.903 MiB, 0.52% gc time)
  2.476919 seconds (11.10 k allocations: 13.924 MiB, 0.94% gc time)
  2.834571 seconds (19.19 k allocations: 24.069 MiB, 0.82% gc time)
  3.059971 seconds (27.18 k allocations: 34.143 MiB, 0.76% gc time)
  2.091076 seconds (3.36 k allocations: 4.106 MiB, 1.11% gc time)
8231
2255
6775
9734
5206
  1.693008 seconds (13.38 k allocations: 17.314 MiB)
  1.692764 seconds (12.31 k allocations: 16.301 MiB)
8232
2256
  1.731926 seconds (15.90 k allocations: 20.064 MiB)
5207
  1.795437 seconds (32.91 k allocations: 43.006 MiB)
3750
  1.795057 seconds (31.73 k allocations: 40.043 MiB)
9735
  1.804839 seconds (36.65 k allocations: 45.764 MiB)
6776
  1.690535 seconds (31.65 k allocations: 39.959 MiB)
2257
  1.692695 seconds (32.53 k allocations: 41.556 MiB)
8233
  1.697396 seconds (39.64 k allocations: 50.033 MiB)
5208
  1.703766 seconds (39.24 k allocations: 48.996 MiB)
3751
  1.699362 seconds (33.94 k allocations: 42.298 MiB)
9736
  1.710866 seconds (39.72 k allocations: 50.117 MiB)
6777
  1.690150 seconds (31.73 k allocations: 40.043 MiB)
2258
  1.691807 seconds (34.03 k allocations: 43.086 MiB)
8234
  1.697870 seconds (39.80 k allocations: 50.201 MiB)
5209
  1.709823 seconds (38.55 k allocations: 48.236 MiB)
3752
  1.705669 seconds (36.17 k allocations: 45.275 MiB)
9737
  1.708516 seconds (39.80 k allocations: 50.201 MiB)
6778
  1.692799 seconds (31.73 k allocations: 40.043 MiB)
  1.697136 seconds (32.80 k allocations: 42.888 MiB)
8235
2259
  1.864395 seconds (29.03 k allocations: 36.768 MiB, 2.72% gc time)
  1.786991 seconds (13.31 k allocations: 16.868 MiB, 2.84% gc time)
  1.792863 seconds (16.69 k allocations: 21.540 MiB, 2.83% gc time)
  1.770050 seconds (8.15 k allocations: 11.642 MiB, 2.87% gc time)
3753
9738
5210
6779
  1.692918 seconds (25.40 k allocations: 32.127 MiB)
8236
  1.737587 seconds (17.36 k allocations: 23.382 MiB)
  1.737513 seconds (15.84 k allocations: 19.981 MiB)
  1.741664 seconds (15.82 k allocations: 19.980 MiB)
2260
3754
9739
  2.583716 seconds (31.73 k allocations: 40.043 MiB)
6780
  2.698146 seconds (47.25 k allocations: 59.070 MiB)
5211
  1.695640 seconds (39.72 k allocations: 50.117 MiB)
8237
  1.706482 seconds (23.90 k allocations: 30.138 MiB)
3755
  1.708038 seconds (24.30 k allocations: 31.175 MiB)
9740
  1.874847 seconds (39.80 k allocations: 50.201 MiB)
2261
  1.708258 seconds (39.80 k allocations: 50.201 MiB)
6781
  1.704643 seconds (39.88 k allocations: 50.285 MiB)
5212
  1.696626 seconds (39.80 k allocations: 50.201 MiB)
8238
  1.703145 seconds (31.81 k allocations: 40.127 MiB)
  1.701746 seconds (32.12 k allocations: 41.049 MiB)
3756
9741
  1.700194 seconds (39.72 k allocations: 50.117 MiB)
2262
  1.704255 seconds (39.64 k allocations: 50.033 MiB)
6782
  1.701126 seconds (39.64 k allocations: 50.033 MiB)
5213
  1.695519 seconds (39.64 k allocations: 50.033 MiB)
8239
  2.661273 seconds (33.71 k allocations: 42.064 MiB, 2.43% gc time)
  2.652137 seconds (30.45 k allocations: 37.499 MiB, 2.44% gc time)
  1.784532 seconds (14.74 k allocations: 17.615 MiB, 3.62% gc time)
  1.714494 seconds (6.91 k allocations: 7.726 MiB, 3.77% gc time)
  2.499899 seconds (22.64 k allocations: 27.589 MiB, 2.59% gc time)
5214
2263
6783
9742
3757
  1.692352 seconds (35.86 k allocations: 42.800 MiB)
8240
  1.731895 seconds (13.12 k allocations: 20.199 MiB)
5215
  1.729844 seconds (9.77 k allocations: 12.573 MiB)
6784
  1.789128 seconds (23.82 k allocations: 30.054 MiB)
2264
  1.799288 seconds (31.81 k allocations: 40.127 MiB)
  1.798518 seconds (32.01 k allocations: 40.704 MiB)
3758
9743
  1.692208 seconds (39.80 k allocations: 50.201 MiB)
8241
  1.697624 seconds (33.18 k allocations: 42.758 MiB)
5216
  1.702149 seconds (38.04 k allocations: 47.197 MiB)
6785
  1.695663 seconds (39.77 k allocations: 50.186 MiB)
2265
  1.692931 seconds (31.81 k allocations: 40.127 MiB)
9744
  1.697835 seconds (33.33 k allocations: 43.592 MiB)
3759
  1.696785 seconds (39.72 k allocations: 50.117 MiB)
8242
  1.697561 seconds (36.94 k allocations: 46.579 MiB)
5217
  1.715514 seconds (39.64 k allocations: 50.033 MiB)
6786
  1.691600 seconds (39.64 k allocations: 50.033 MiB)
2266
  1.708625 seconds (31.65 k allocations: 39.959 MiB)
9745
  1.715158 seconds (37.42 k allocations: 46.547 MiB)
3760
  1.695628 seconds (39.64 k allocations: 50.033 MiB)
8243
  1.701139 seconds (39.72 k allocations: 50.117 MiB)
5218
  3.276650 seconds (34.76 k allocations: 43.837 MiB, 1.78% gc time)
  3.219417 seconds (15.66 k allocations: 19.786 MiB, 1.81% gc time)
  3.250652 seconds (26.89 k allocations: 33.871 MiB, 1.79% gc time)
  3.212288 seconds (11.20 k allocations: 14.100 MiB, 1.81% gc time)
  1.653197 seconds (3.29 k allocations: 4.190 MiB, 3.52% gc time)
9746
6787
8244
3761
2267
  1.697449 seconds (25.93 k allocations: 32.571 MiB)
5219
  1.714798 seconds (9.96 k allocations: 13.298 MiB)
8245
  1.766712 seconds (18.00 k allocations: 23.431 MiB)
6788
  1.788428 seconds (23.98 k allocations: 30.222 MiB)
  1.786291 seconds (24.12 k allocations: 30.604 MiB)
2268
9747
  1.798535 seconds (39.88 k allocations: 50.285 MiB)
3762
  1.689494 seconds (39.88 k allocations: 50.285 MiB)
5220
  1.693112 seconds (39.88 k allocations: 50.285 MiB)
8246
  1.704125 seconds (39.80 k allocations: 50.201 MiB)
6789
  1.687832 seconds (31.70 k allocations: 39.868 MiB)
2269
  1.693158 seconds (35.81 k allocations: 44.269 MiB)
9748
  1.700744 seconds (39.64 k allocations: 50.033 MiB)
3763
  1.696198 seconds (39.56 k allocations: 49.949 MiB)
5221
  1.690783 seconds (39.64 k allocations: 50.033 MiB)
8247
  1.705424 seconds (39.72 k allocations: 50.117 MiB)
  1.691680 seconds (24.87 k allocations: 32.641 MiB)
6790
2270
  1.696783 seconds (26.21 k allocations: 33.905 MiB)
9749
  1.702117 seconds (39.88 k allocations: 50.285 MiB)
3764
  1.695871 seconds (39.80 k allocations: 50.201 MiB)
5222
  1.827030 seconds (38.15 k allocations: 47.293 MiB, 0.89% gc time)
  1.739309 seconds (14.27 k allocations: 17.158 MiB, 0.93% gc time)
  1.739478 seconds (14.35 k allocations: 17.252 MiB, 0.93% gc time)
  1.743375 seconds (16.30 k allocations: 21.783 MiB, 0.93% gc time)
  1.719340 seconds (6.64 k allocations: 7.621 MiB, 0.94% gc time)
2271
3765
6791
9750
8248
  1.698224 seconds (30.46 k allocations: 37.168 MiB)
5223
  1.702810 seconds (14.22 k allocations: 20.106 MiB)
  1.703180 seconds (14.17 k allocations: 20.685 MiB)
3766
6792
  1.712990 seconds (24.18 k allocations: 31.648 MiB)
2272
  1.718325 seconds (30.25 k allocations: 37.311 MiB)
9751
  1.726717 seconds (39.72 k allocations: 50.117 MiB)
8249
  1.691022 seconds (39.80 k allocations: 50.201 MiB)
5224
  1.698063 seconds (31.81 k allocations: 40.127 MiB)
3767
  1.690867 seconds (28.83 k allocations: 36.399 MiB)
2273
  1.708934 seconds (43.16 k allocations: 54.335 MiB)
6793
  1.691042 seconds (33.13 k allocations: 40.952 MiB)
9752
  1.691723 seconds (39.72 k allocations: 50.117 MiB)
8250
  1.697137 seconds (39.80 k allocations: 50.201 MiB)
5225
  1.690229 seconds (22.78 k allocations: 29.517 MiB)
2274
  1.700346 seconds (40.64 k allocations: 51.056 MiB)
3768
  1.691151 seconds (28.22 k allocations: 34.023 MiB)
9753
  1.705330 seconds (40.64 k allocations: 52.282 MiB)
  1.690095 seconds (32.12 k allocations: 41.065 MiB)
6794
8251
  1.699418 seconds (39.88 k allocations: 50.285 MiB)
5226
  1.690184 seconds (29.25 k allocations: 36.825 MiB)
2275
  3.318876 seconds (26.72 k allocations: 33.717 MiB, 1.24% gc time)
  3.323695 seconds (30.18 k allocations: 38.443 MiB, 1.24% gc time)
  3.303127 seconds (10.94 k allocations: 13.767 MiB, 1.25% gc time)
  3.303714 seconds (11.06 k allocations: 13.981 MiB, 1.25% gc time)
  1.634546 seconds (2.93 k allocations: 3.217 MiB, 2.52% gc time)
9754
6795
8252
5227
3769
  1.689359 seconds (37.61 k allocations: 44.688 MiB)
2276
  1.720167 seconds (8.03 k allocations: 11.328 MiB)
5228
  1.770917 seconds (16.07 k allocations: 21.461 MiB)
6796
  1.788759 seconds (23.90 k allocations: 30.138 MiB)
9755
  1.790987 seconds (25.63 k allocations: 32.605 MiB)
8253
  1.798702 seconds (39.72 k allocations: 50.117 MiB)
3770
  1.688733 seconds (39.64 k allocations: 50.033 MiB)
2277
  1.699182 seconds (39.64 k allocations: 50.033 MiB)
5229
  1.710223 seconds (39.72 k allocations: 50.117 MiB)
6797
  1.691375 seconds (28.97 k allocations: 35.380 MiB)
8254
  1.695826 seconds (34.49 k allocations: 43.573 MiB)
9756
  1.708374 seconds (39.80 k allocations: 50.201 MiB)
3771
  1.688896 seconds (39.80 k allocations: 50.201 MiB)
2278
  1.697858 seconds (39.72 k allocations: 50.117 MiB)
5230
  1.691564 seconds (25.17 k allocations: 32.662 MiB)
8255
  1.692276 seconds (27.97 k allocations: 34.991 MiB)
9757
  1.702958 seconds (43.56 k allocations: 54.034 MiB)
6798
  1.700227 seconds (39.64 k allocations: 50.033 MiB)
3772
  1.689332 seconds (39.72 k allocations: 50.117 MiB)
2279
  1.819104 seconds (38.08 k allocations: 47.213 MiB, 0.91% gc time)
  1.758858 seconds (24.26 k allocations: 29.794 MiB, 0.94% gc time)
  1.751419 seconds (14.50 k allocations: 17.418 MiB, 0.94% gc time)
  1.752124 seconds (14.57 k allocations: 17.513 MiB, 0.94% gc time)
  1.723173 seconds (6.67 k allocations: 7.575 MiB, 0.96% gc time)
8256
9758
6799
5231
3773
  1.687576 seconds (37.76 k allocations: 44.906 MiB)
2280
  1.703492 seconds (8.46 k allocations: 11.772 MiB)
3774
  1.719803 seconds (15.91 k allocations: 20.064 MiB)
8257
  1.735445 seconds (23.82 k allocations: 30.054 MiB)
  1.735501 seconds (24.15 k allocations: 31.052 MiB)
6800
9759
  1.746066 seconds (39.72 k allocations: 50.117 MiB)
5232
  1.688759 seconds (39.72 k allocations: 50.117 MiB)
2281
  1.699103 seconds (39.64 k allocations: 50.033 MiB)
3775
  1.691966 seconds (39.64 k allocations: 50.033 MiB)
8258
  1.693152 seconds (31.73 k allocations: 40.043 MiB)
9760
  1.703472 seconds (39.64 k allocations: 50.033 MiB)
  1.696275 seconds (32.11 k allocations: 41.079 MiB)
6801
5233
  1.689908 seconds (39.64 k allocations: 50.033 MiB)
2282
  1.693518 seconds (31.64 k allocations: 39.959 MiB)
8259
  1.708709 seconds (44.01 k allocations: 55.190 MiB)
3776
  1.696196 seconds (39.56 k allocations: 49.949 MiB)
9761
  1.698116 seconds (31.65 k allocations: 39.959 MiB)
5234
  1.701975 seconds (36.03 k allocations: 45.127 MiB)
6802
  1.689654 seconds (39.72 k allocations: 50.117 MiB)
2283
  1.693703 seconds (32.15 k allocations: 41.712 MiB)
8260
  3.253996 seconds (27.06 k allocations: 34.050 MiB, 1.04% gc time)
  3.268983 seconds (34.92 k allocations: 44.009 MiB, 1.03% gc time)
  3.227930 seconds (15.34 k allocations: 19.460 MiB, 1.05% gc time)
  1.628156 seconds (3.42 k allocations: 4.305 MiB, 2.08% gc time)
  3.220368 seconds (11.38 k allocations: 14.318 MiB, 1.05% gc time)
9762
3777
6803
5235
2284
  1.692219 seconds (26.84 k allocations: 33.496 MiB)
8261
  1.708784 seconds (7.92 k allocations: 9.990 MiB)
2285
  1.797544 seconds (15.83 k allocations: 19.980 MiB)
6804
  1.802226 seconds (23.46 k allocations: 28.477 MiB)
5236
  1.804713 seconds (25.53 k allocations: 32.504 MiB)
3778
  1.808822 seconds (33.57 k allocations: 41.397 MiB)
9763
  1.692710 seconds (39.72 k allocations: 50.117 MiB)
8262
  1.688158 seconds (39.72 k allocations: 50.117 MiB)
2286
  1.700542 seconds (37.25 k allocations: 46.402 MiB)
6805
  1.697138 seconds (24.17 k allocations: 31.649 MiB)
5237
  1.692830 seconds (21.06 k allocations: 26.710 MiB)
9764
  1.698649 seconds (29.50 k allocations: 37.252 MiB)
3779
  1.691335 seconds (39.72 k allocations: 50.117 MiB)
8263
  1.690656 seconds (39.72 k allocations: 50.117 MiB)
2287
  1.696558 seconds (15.82 k allocations: 19.980 MiB)
5238
  1.701447 seconds (18.54 k allocations: 24.677 MiB)
9765
  1.711259 seconds (37.06 k allocations: 46.707 MiB)
6806
  1.710516 seconds (36.09 k allocations: 43.963 MiB)
3780
  1.693020 seconds (39.64 k allocations: 50.033 MiB)
8264
  1.762694 seconds (24.23 k allocations: 29.767 MiB, 2.54% gc time)
  1.872203 seconds (38.35 k allocations: 47.498 MiB, 2.40% gc time)
  1.756078 seconds (13.35 k allocations: 15.496 MiB, 2.55% gc time)
  1.755756 seconds (14.38 k allocations: 18.522 MiB, 2.55% gc time)
  1.747402 seconds (8.72 k allocations: 11.514 MiB, 2.57% gc time)
9766
5239
2288
3781
6807
  1.693161 seconds (37.80 k allocations: 44.937 MiB)
8265
  1.726034 seconds (7.92 k allocations: 9.991 MiB)
  1.724970 seconds (8.14 k allocations: 10.649 MiB)
9767
3782
  1.732396 seconds (23.32 k allocations: 28.318 MiB)
  1.729727 seconds (23.64 k allocations: 28.934 MiB)
5240
2289
  1.740433 seconds (39.72 k allocations: 50.117 MiB)
6808
  1.691556 seconds (39.80 k allocations: 50.201 MiB)
8266
  1.693949 seconds (29.27 k allocations: 36.141 MiB)
9768
  1.688133 seconds (17.18 k allocations: 22.071 MiB)
2290
  1.695895 seconds (31.73 k allocations: 40.043 MiB)
5241
  1.705584 seconds (45.45 k allocations: 57.192 MiB)
3783
  1.704800 seconds (39.64 k allocations: 50.033 MiB)
6809
  1.693974 seconds (39.64 k allocations: 50.033 MiB)
8267
  1.689729 seconds (30.04 k allocations: 37.632 MiB)
2291
  1.695682 seconds (35.77 k allocations: 44.865 MiB)
9769
  1.699705 seconds (32.69 k allocations: 42.248 MiB)
5242
  1.700614 seconds (34.36 k allocations: 43.435 MiB)
3784
  1.702752 seconds (39.72 k allocations: 50.117 MiB)
6810
  1.690961 seconds (39.72 k allocations: 50.117 MiB)
8268
  1.689950 seconds (33.92 k allocations: 43.510 MiB)
2292
  1.689834 seconds (33.71 k allocations: 42.762 MiB)
9770
  1.623983 seconds (3.66 k allocations: 5.018 MiB, 1.86% gc time)
  3.264737 seconds (19.43 k allocations: 24.965 MiB, 0.92% gc time)
  3.237387 seconds (11.52 k allocations: 14.976 MiB, 0.93% gc time)
  3.265691 seconds (19.28 k allocations: 24.838 MiB, 0.92% gc time)
8269
3785
6811
5243
  1.689268 seconds (32.09 k allocations: 38.916 MiB)
2293
  1.703940 seconds (11.51 k allocations: 17.329 MiB)
8270
  1.796143 seconds (15.90 k allocations: 20.064 MiB)
  1.802874 seconds (17.14 k allocations: 23.185 MiB)
5244
9771
  1.803477 seconds (24.82 k allocations: 30.564 MiB)
6812
  1.804845 seconds (28.31 k allocations: 34.798 MiB)
3786
  1.689188 seconds (39.56 k allocations: 49.949 MiB)
2294
  1.692710 seconds (39.56 k allocations: 49.949 MiB)
8271
  1.696658 seconds (28.66 k allocations: 36.741 MiB)
5245
  1.697418 seconds (23.80 k allocations: 30.037 MiB)
9772
  1.702051 seconds (29.59 k allocations: 36.635 MiB)
  1.706643 seconds (31.74 k allocations: 40.074 MiB)
3787
6813
  1.689972 seconds (39.80 k allocations: 50.201 MiB)
2295
  1.693563 seconds (39.72 k allocations: 50.117 MiB)
8272
  1.698465 seconds (37.81 k allocations: 47.476 MiB)
5246
  1.694063 seconds (30.78 k allocations: 38.385 MiB)
9773
  1.700764 seconds (31.73 k allocations: 40.043 MiB)
  1.702134 seconds (32.12 k allocations: 41.080 MiB)
6814
3788
  1.690452 seconds (39.64 k allocations: 50.033 MiB)
2296
  1.754364 seconds (27.66 k allocations: 33.956 MiB, 1.77% gc time)  1.858221 seconds (38.34 k allocations: 47.497 MiB, 1.67% gc time)

  1.746619 seconds (22.59 k allocations: 27.550 MiB, 1.78% gc time)
  1.731165 seconds (6.81 k allocations: 7.627 MiB, 1.79% gc time)
  1.732350 seconds (6.90 k allocations: 7.719 MiB, 1.79% gc time)
9774
3789
6815
5247
8273
  1.688878 seconds (33.47 k allocations: 40.303 MiB)
2297
  1.714539 seconds (8.98 k allocations: 12.302 MiB)
6816
  1.723912 seconds (16.71 k allocations: 22.107 MiB)
3790
  1.727125 seconds (20.67 k allocations: 25.621 MiB)
9775
  1.734688 seconds (31.58 k allocations: 39.879 MiB)
5248
  1.733830 seconds (34.05 k allocations: 43.111 MiB)
8274
  1.687247 seconds (39.80 k allocations: 50.201 MiB)
2298
  1.699566 seconds (39.72 k allocations: 50.117 MiB)
6817
  1.689283 seconds (27.22 k allocations: 33.536 MiB)
9776
  1.697571 seconds (37.22 k allocations: 47.567 MiB)
3791
  1.690209 seconds (30.82 k allocations: 37.895 MiB)
8275
  1.696654 seconds (36.09 k allocations: 45.200 MiB)
5249
  1.690804 seconds (39.64 k allocations: 50.033 MiB)
2299
  1.700812 seconds (26.53 k allocations: 34.041 MiB)
9777
  1.691844 seconds (14.22 k allocations: 18.357 MiB)
8276
  1.709478 seconds (38.01 k allocations: 48.429 MiB)
6818
  1.707595 seconds (42.66 k allocations: 51.897 MiB)
3792
  1.697208 seconds (36.42 k allocations: 45.533 MiB)
5250
  1.693404 seconds (39.72 k allocations: 50.117 MiB)
2300
  1.691682 seconds (21.45 k allocations: 26.946 MiB)
9778
  3.245450 seconds (20.95 k allocations: 26.472 MiB, 0.62% gc time)
  3.241524 seconds (15.22 k allocations: 19.361 MiB, 0.62% gc time)
  3.245743 seconds (21.58 k allocations: 27.563 MiB, 0.62% gc time)
  3.235196 seconds (11.74 k allocations: 15.065 MiB, 0.63% gc time)
  1.610810 seconds (5.25 k allocations: 8.192 MiB, 1.26% gc time)
8277
3793
5251
6819
2301
  1.691040 seconds (24.30 k allocations: 31.183 MiB)
  1.700659 seconds (13.87 k allocations: 19.970 MiB)
9779
5252
  1.755754 seconds (24.95 k allocations: 33.244 MiB)
6820
  1.802849 seconds (31.43 k allocations: 39.091 MiB)
3794
  2.584780 seconds (39.42 k allocations: 49.165 MiB)
8278
  2.929069 seconds (39.88 k allocations: 50.285 MiB)
2302
  1.696124 seconds (31.81 k allocations: 40.127 MiB)
5253
  1.702660 seconds (31.81 k allocations: 40.127 MiB)
6821
  1.697917 seconds (31.73 k allocations: 40.043 MiB)
3795
  2.149787 seconds (55.62 k allocations: 70.180 MiB)
9780
  1.692948 seconds (39.64 k allocations: 50.033 MiB)
8279
  1.687716 seconds (39.64 k allocations: 50.033 MiB)
2303
  1.698894 seconds (39.72 k allocations: 50.117 MiB)
5254
  1.704368 seconds (39.80 k allocations: 50.201 MiB)
6822
  1.703058 seconds (39.72 k allocations: 50.117 MiB)
3796
  1.695662 seconds (39.80 k allocations: 50.201 MiB)
9781
  1.693816 seconds (39.88 k allocations: 50.285 MiB)
8280
  1.688978 seconds (39.88 k allocations: 50.285 MiB)
2304
  1.697220 seconds (39.80 k allocations: 50.201 MiB)
5255
  2.861188 seconds (34.69 k allocations: 43.754 MiB, 0.56% gc time)
  2.814474 seconds (26.71 k allocations: 33.682 MiB, 0.57% gc time)
  2.482157 seconds (18.75 k allocations: 23.613 MiB, 0.64% gc time)
  1.679055 seconds (3.01 k allocations: 3.831 MiB, 0.95% gc time)
  2.046377 seconds (10.86 k allocations: 13.691 MiB, 0.78% gc time)
6823
9782
2305
3797
8281
  1.687549 seconds (7.29 k allocations: 11.109 MiB)
  1.697594 seconds (30.06 k allocations: 37.438 MiB)
  1.757132 seconds (4.90 k allocations: 9.969 MiB)
  1.780058 seconds (1.15 k allocations: 3.108 MiB)
  1.796109 seconds (1.53 k allocations: 4.144 MiB)
  1.814892 seconds (1.91 k allocations: 5.180 MiB)
2306
5256
8282
9783
6824
3798
  1.726184 seconds (9.17 k allocations: 11.852 MiB)
  1.733878 seconds (9.54 k allocations: 12.871 MiB)
8283
  1.734700 seconds (11.13 k allocations: 15.182 MiB)
9784
2307
  1.740180 seconds (24.61 k allocations: 30.866 MiB)
6825
  2.576844 seconds (40.97 k allocations: 51.974 MiB)
  2.552178 seconds (32.27 k allocations: 41.247 MiB)
5257
3799
  1.694830 seconds (28.50 k allocations: 35.408 MiB)
9785
  1.701597 seconds (22.66 k allocations: 27.650 MiB)
6826
  2.095335 seconds (33.60 k allocations: 43.184 MiB)
2308
  1.696792 seconds (23.90 k allocations: 30.137 MiB)
3800
  2.751139 seconds (66.94 k allocations: 84.236 MiB)
8284
  2.120077 seconds (40.65 k allocations: 52.288 MiB)
5258
  1.705675 seconds (31.89 k allocations: 40.211 MiB)
6827
  3.159058 seconds (26.77 k allocations: 33.771 MiB, 2.28% gc time)
  2.726172 seconds (18.87 k allocations: 23.771 MiB, 2.65% gc time)
  3.568228 seconds (40.76 k allocations: 51.231 MiB, 2.02% gc time)
  2.293653 seconds (4.74 k allocations: 7.299 MiB, 3.15% gc time)
  2.530604 seconds (13.14 k allocations: 17.935 MiB, 2.85% gc time)
9786
3801
2309
5259
8285
  1.699004 seconds (32.69 k allocations: 40.052 MiB)
6828
  1.803003 seconds (23.21 k allocations: 28.150 MiB)
3802
  2.554156 seconds (31.13 k allocations: 38.140 MiB)
2310
  2.995794 seconds (23.82 k allocations: 30.053 MiB)
8286
  3.203101 seconds (31.98 k allocations: 41.524 MiB)
5260
  3.502056 seconds (54.94 k allocations: 68.192 MiB)
  1.694485 seconds (24.20 k allocations: 31.089 MiB)
9787
3803
  2.028041 seconds (31.89 k allocations: 40.211 MiB)
2311
  3.124467 seconds (55.70 k allocations: 70.264 MiB)
6829
  1.694337 seconds (15.99 k allocations: 20.148 MiB)
3804
  2.361474 seconds (39.96 k allocations: 50.369 MiB)
5261
  2.140171 seconds (31.97 k allocations: 40.295 MiB)
9788
  1.823750 seconds (31.89 k allocations: 40.211 MiB)
  3.382719 seconds (64.24 k allocations: 81.541 MiB)
2312
8287
  1.695150 seconds (31.73 k allocations: 40.043 MiB)
3805
  3.998054 seconds (42.60 k allocations: 53.754 MiB, 1.86% gc time)
  3.259134 seconds (26.65 k allocations: 33.632 MiB, 2.28% gc time)
  3.225095 seconds (20.46 k allocations: 26.691 MiB, 2.30% gc time)
  2.409371 seconds (5.93 k allocations: 8.683 MiB, 3.08% gc time)
  2.442151 seconds (13.52 k allocations: 17.676 MiB, 3.04% gc time)
6830
5262
9789
2313
8288
  1.760462 seconds (32.10 k allocations: 39.775 MiB)
3806
  3.256393 seconds (24.81 k allocations: 31.378 MiB)
9790
  3.311730 seconds (17.37 k allocations: 22.784 MiB)
2314
  3.452154 seconds (46.20 k allocations: 58.318 MiB)
5263
  3.647187 seconds (31.73 k allocations: 40.043 MiB)
8289
  2.131173 seconds (31.73 k allocations: 40.043 MiB)
3807
  4.037982 seconds (55.33 k allocations: 69.651 MiB)
6831
  1.905885 seconds (39.56 k allocations: 49.949 MiB)
9791
  1.705658 seconds (15.90 k allocations: 20.064 MiB)
3808
  3.375013 seconds (47.55 k allocations: 60.022 MiB)
2315
  3.396625 seconds (47.63 k allocations: 60.106 MiB)
5264
  1.692094 seconds (23.82 k allocations: 30.053 MiB)
9792
  3.387415 seconds (55.54 k allocations: 70.096 MiB)
8290
  1.698213 seconds (31.81 k allocations: 40.127 MiB)
3809
  2.760627 seconds (30.36 k allocations: 37.421 MiB, 1.57% gc time)
  5.440373 seconds (54.24 k allocations: 67.549 MiB, 0.80% gc time)
  2.603738 seconds (14.60 k allocations: 17.479 MiB, 1.67% gc time)
  2.634193 seconds (24.12 k allocations: 30.946 MiB, 1.65% gc time)
  2.397106 seconds (8.22 k allocations: 10.887 MiB, 1.81% gc time)
2316
6832
9793
8291
5265
  1.698664 seconds (36.53 k allocations: 43.586 MiB)
3810
  1.783959 seconds (22.63 k allocations: 27.498 MiB)
2317
  2.609250 seconds (29.55 k allocations: 36.474 MiB)
6833
  2.999062 seconds (30.41 k allocations: 37.999 MiB)
8292
  3.186261 seconds (31.64 k allocations: 39.959 MiB)
5266
  3.355042 seconds (54.77 k allocations: 68.023 MiB)
9794
  1.698270 seconds (39.64 k allocations: 50.033 MiB)
3811
  2.398731 seconds (39.64 k allocations: 50.033 MiB)
2318
  2.083623 seconds (39.72 k allocations: 50.117 MiB)
6834
  1.788030 seconds (39.80 k allocations: 50.201 MiB)
8293
  1.696205 seconds (39.88 k allocations: 50.285 MiB)
5267
  1.733383 seconds (39.88 k allocations: 50.285 MiB)
  1.704232 seconds (32.35 k allocations: 41.331 MiB)
9795
3812
  1.687606 seconds (39.88 k allocations: 50.285 MiB)
2319
  1.703686 seconds (39.80 k allocations: 50.201 MiB)
6835
  1.692259 seconds (39.72 k allocations: 50.117 MiB)
8294
  1.696873 seconds (39.72 k allocations: 50.117 MiB)
5268
  1.695540 seconds (31.81 k allocations: 40.127 MiB)
9796
  1.702675 seconds (37.56 k allocations: 46.703 MiB)
3813
  1.689616 seconds (39.88 k allocations: 50.285 MiB)
2320
  2.150289 seconds (34.89 k allocations: 43.975 MiB, 0.67% gc time)
  2.053452 seconds (26.95 k allocations: 33.937 MiB, 0.71% gc time)
  1.931565 seconds (19.01 k allocations: 23.903 MiB, 0.75% gc time)
  1.759851 seconds (7.94 k allocations: 9.996 MiB, 0.82% gc time)
  1.753961 seconds (3.27 k allocations: 4.126 MiB, 0.83% gc time)
8295
6836
9797
5269
3814
  1.690960 seconds (22.83 k allocations: 29.399 MiB)
2321
  1.693143 seconds (19.10 k allocations: 25.055 MiB)
8296
  1.727173 seconds (15.83 k allocations: 19.980 MiB)
9798
  1.739138 seconds (23.73 k allocations: 29.969 MiB)
3815
  1.741164 seconds (24.32 k allocations: 31.268 MiB)
5270
  1.785291 seconds (39.56 k allocations: 49.949 MiB)
6837
  1.688924 seconds (35.71 k allocations: 45.330 MiB)
2322
  1.691419 seconds (39.55 k allocations: 49.948 MiB)
8297
  1.697884 seconds (39.56 k allocations: 49.949 MiB)
9799
  1.695207 seconds (31.64 k allocations: 39.959 MiB)
5271
  1.705847 seconds (39.56 k allocations: 49.949 MiB)
3816
  1.706239 seconds (39.56 k allocations: 49.949 MiB)
6838
  1.692965 seconds (38.85 k allocations: 48.530 MiB)
2323
  1.696273 seconds (39.64 k allocations: 50.032 MiB)
8298
  1.693342 seconds (39.72 k allocations: 50.117 MiB)
9800
  1.702058 seconds (39.72 k allocations: 50.117 MiB)
5272
  1.708983 seconds (39.72 k allocations: 50.117 MiB)
3817
  1.702286 seconds (39.72 k allocations: 50.117 MiB)
6839
  1.692363 seconds (39.26 k allocations: 48.997 MiB)
2324
  1.930173 seconds (38.17 k allocations: 47.320 MiB, 3.48% gc time)
  1.864803 seconds (22.48 k allocations: 27.464 MiB, 3.60% gc time)
  1.883847 seconds (30.36 k allocations: 37.410 MiB, 3.56% gc time)
  1.847769 seconds (14.71 k allocations: 17.663 MiB, 3.63% gc time)
  1.806416 seconds (8.87 k allocations: 12.322 MiB, 3.72% gc time)
9801
8299
5273
3818
6840
  1.687737 seconds (37.89 k allocations: 45.022 MiB)
2325
  1.691013 seconds (17.67 k allocations: 24.895 MiB)
3819
  1.732946 seconds (23.51 k allocations: 29.102 MiB)
9802
  1.746768 seconds (31.43 k allocations: 39.091 MiB)
5274
  2.601845 seconds (31.81 k allocations: 40.127 MiB)
6841
  3.071133 seconds (47.25 k allocations: 59.070 MiB)
8300
  1.688876 seconds (39.64 k allocations: 50.033 MiB)
2326
  1.698586 seconds (39.56 k allocations: 49.949 MiB)
3820
  1.689028 seconds (39.56 k allocations: 49.949 MiB)
9803
  1.916953 seconds (31.73 k allocations: 40.043 MiB)
6842
  1.851143 seconds (31.81 k allocations: 40.127 MiB)
8301
  1.693913 seconds (31.81 k allocations: 40.127 MiB)
2327
  3.288264 seconds (63.45 k allocations: 80.085 MiB)
5275
  1.698917 seconds (31.73 k allocations: 40.043 MiB)
9804
  2.529218 seconds (47.63 k allocations: 60.106 MiB)
3821
  1.709945 seconds (39.64 k allocations: 50.033 MiB)
6843
  1.693045 seconds (31.81 k allocations: 40.127 MiB)
2328
  1.696205 seconds (23.90 k allocations: 30.137 MiB)
9805
  3.500977 seconds (50.52 k allocations: 63.741 MiB, 1.53% gc time)
  3.387231 seconds (34.68 k allocations: 43.760 MiB, 1.58% gc time)
  2.153180 seconds (10.91 k allocations: 13.701 MiB, 2.49% gc time)
  2.505339 seconds (20.81 k allocations: 27.608 MiB, 2.14% gc time)
  1.727592 seconds (5.24 k allocations: 8.032 MiB, 3.10% gc time)
6844
5276
8302
3822
2329
  1.694187 seconds (31.37 k allocations: 39.150 MiB)
9806
  1.749251 seconds (23.47 k allocations: 29.270 MiB)
5277
  1.795220 seconds (31.42 k allocations: 39.368 MiB)
6845
  2.847541 seconds (39.41 k allocations: 49.441 MiB)
8303
  2.887037 seconds (31.81 k allocations: 40.127 MiB)
3823
  3.320365 seconds (40.30 k allocations: 51.937 MiB)
2330
  1.763423 seconds (39.80 k allocations: 50.201 MiB)
9807
  1.702533 seconds (31.89 k allocations: 40.211 MiB)
6846
  2.208537 seconds (47.87 k allocations: 60.358 MiB)
5278
  1.693880 seconds (39.80 k allocations: 50.201 MiB)
8304
  1.760894 seconds (39.80 k allocations: 50.201 MiB)
3824
  1.688852 seconds (39.88 k allocations: 50.285 MiB)
2331
  1.700730 seconds (39.88 k allocations: 50.285 MiB)
9808
  1.710961 seconds (39.88 k allocations: 50.285 MiB)
6847
  1.702893 seconds (39.88 k allocations: 50.285 MiB)
5279
  1.698246 seconds (39.88 k allocations: 50.285 MiB)
8305
  1.706016 seconds (39.80 k allocations: 50.201 MiB)
3825
  1.697209 seconds (39.72 k allocations: 50.117 MiB)
2332
  1.711054 seconds (39.64 k allocations: 50.033 MiB)
9809
  3.242039 seconds (38.18 k allocations: 47.327 MiB, 1.99% gc time)
  2.793563 seconds (30.32 k allocations: 37.366 MiB, 2.31% gc time)
  2.058370 seconds (14.52 k allocations: 17.391 MiB, 3.14% gc time)
  2.215246 seconds (22.40 k allocations: 27.366 MiB, 2.92% gc time)
  1.718561 seconds (8.24 k allocations: 11.705 MiB, 3.76% gc time)
3826
8306
5280
6848
2333
  1.693344 seconds (12.23 k allocations: 17.441 MiB)
3827
  1.771310 seconds (15.51 k allocations: 19.027 MiB)
6849
  1.789905 seconds (23.42 k allocations: 29.016 MiB)
  1.807761 seconds (38.91 k allocations: 50.341 MiB)
9810
8307
  2.613324 seconds (39.33 k allocations: 49.080 MiB)
5281
  1.697460 seconds (31.73 k allocations: 40.043 MiB)
3828
  3.404383 seconds (47.71 k allocations: 60.190 MiB)
2334
  1.699304 seconds (39.80 k allocations: 50.201 MiB)
6850
  1.691758 seconds (31.81 k allocations: 40.127 MiB)
9811
  1.694761 seconds (31.89 k allocations: 40.211 MiB)
5282
  1.698456 seconds (31.81 k allocations: 40.127 MiB)
3829
  3.377849 seconds (55.62 k allocations: 70.180 MiB)
  1.700049 seconds (24.20 k allocations: 31.089 MiB)
8308
6851
  1.693516 seconds (23.21 k allocations: 28.921 MiB)
9812
  1.695099 seconds (31.73 k allocations: 40.043 MiB)
5283
  2.769456 seconds (63.45 k allocations: 80.085 MiB)
2335
  1.709476 seconds (39.72 k allocations: 50.117 MiB)
3830
  2.645040 seconds (18.71 k allocations: 23.630 MiB, 0.62% gc time)
  2.647975 seconds (19.75 k allocations: 25.897 MiB, 0.62% gc time)
  1.833533 seconds (11.03 k allocations: 13.885 MiB, 0.89% gc time)
  2.649077 seconds (20.93 k allocations: 27.089 MiB, 0.62% gc time)
  1.652659 seconds (5.22 k allocations: 8.595 MiB, 0.99% gc time)
5284
6852
8309
9813
2336
  1.706014 seconds (12.81 k allocations: 17.976 MiB)
5285
  1.711777 seconds (20.44 k allocations: 27.667 MiB)
3831
  1.737801 seconds (15.90 k allocations: 20.064 MiB)
2337
  1.787899 seconds (23.90 k allocations: 30.138 MiB)
6853
  1.788855 seconds (24.80 k allocations: 31.758 MiB)
9814
  1.793393 seconds (33.35 k allocations: 41.175 MiB)
8310
  1.691735 seconds (31.81 k allocations: 40.127 MiB)
3832
  1.696630 seconds (34.53 k allocations: 44.822 MiB)
5286
  1.705530 seconds (39.64 k allocations: 50.033 MiB)
2338
  1.691989 seconds (23.73 k allocations: 29.969 MiB)
8311
  1.700681 seconds (30.92 k allocations: 39.219 MiB)
9815
  1.708328 seconds (43.65 k allocations: 55.341 MiB)
6854
  1.696939 seconds (31.81 k allocations: 40.127 MiB)
5287
  1.714013 seconds (39.72 k allocations: 50.117 MiB)
3833
  1.688225 seconds (39.72 k allocations: 50.117 MiB)
2339
  1.692568 seconds (34.69 k allocations: 44.270 MiB)
8312
  1.702710 seconds (35.06 k allocations: 44.665 MiB)
9816
  1.712287 seconds (39.56 k allocations: 49.949 MiB)
6855
  1.702455 seconds (39.56 k allocations: 49.949 MiB)
5288
  1.886730 seconds (34.60 k allocations: 43.669 MiB, 3.83% gc time)
  1.809965 seconds (18.84 k allocations: 23.717 MiB, 3.99% gc time)
  1.857437 seconds (26.70 k allocations: 33.688 MiB, 3.89% gc time)
  1.798587 seconds (11.01 k allocations: 13.790 MiB, 4.01% gc time)
  1.784299 seconds (5.16 k allocations: 8.473 MiB, 4.05% gc time)
8313
9817
2340
3834
6856
  1.701590 seconds (29.29 k allocations: 36.040 MiB)
5289
  1.730323 seconds (13.60 k allocations: 18.243 MiB)
2341
  1.732944 seconds (14.88 k allocations: 20.246 MiB)
9818
  1.740384 seconds (23.90 k allocations: 30.138 MiB)
3835
  2.088976 seconds (31.81 k allocations: 40.127 MiB)
8314
  2.203024 seconds (39.80 k allocations: 50.201 MiB)
6857
  1.691065 seconds (39.72 k allocations: 50.117 MiB)
5290
  1.693201 seconds (33.25 k allocations: 42.822 MiB)
2342
  1.691059 seconds (32.80 k allocations: 41.844 MiB)
9819
  1.699533 seconds (39.80 k allocations: 50.201 MiB)
3836
  1.695984 seconds (39.80 k allocations: 50.201 MiB)
8315
  1.705229 seconds (39.80 k allocations: 50.201 MiB)
6858
  1.699969 seconds (39.72 k allocations: 50.117 MiB)
5291
  1.696813 seconds (32.29 k allocations: 41.846 MiB)
2343
  1.711504 seconds (39.80 k allocations: 50.201 MiB)
9820
  1.721150 seconds (39.80 k allocations: 50.201 MiB)
3837
  1.696374 seconds (39.80 k allocations: 50.201 MiB)
8316
  1.712240 seconds (39.88 k allocations: 50.285 MiB)
6859
  1.697883 seconds (39.88 k allocations: 50.285 MiB)
5292
  2.303701 seconds (38.23 k allocations: 47.377 MiB, 3.35% gc time)
  2.284598 seconds (30.26 k allocations: 37.316 MiB, 3.38% gc time)
  2.251504 seconds (22.41 k allocations: 27.447 MiB, 3.43% gc time)
  1.932774 seconds (14.52 k allocations: 17.573 MiB, 3.99% gc time)
  1.776655 seconds (6.62 k allocations: 7.666 MiB, 4.34% gc time)
2344
9821
6860
3838
8317
  1.698990 seconds (31.27 k allocations: 37.990 MiB)
5293
  1.725954 seconds (9.22 k allocations: 12.540 MiB)
6861
  1.743262 seconds (15.82 k allocations: 19.980 MiB)
8318
  1.787890 seconds (23.82 k allocations: 30.054 MiB)
2345
  1.794596 seconds (30.13 k allocations: 37.181 MiB)
9822
  1.800018 seconds (39.64 k allocations: 50.032 MiB)
3839
  1.690938 seconds (39.72 k allocations: 50.117 MiB)
5294
  1.704221 seconds (39.72 k allocations: 50.117 MiB)
6862
  1.694293 seconds (38.59 k allocations: 47.741 MiB)
8319
  1.688218 seconds (37.15 k allocations: 46.797 MiB)
2346
  1.700969 seconds (38.48 k allocations: 48.151 MiB)
9823
  1.710046 seconds (39.64 k allocations: 50.033 MiB)
3840
  1.699746 seconds (39.64 k allocations: 50.033 MiB)
5295
  1.698350 seconds (31.73 k allocations: 40.043 MiB)
8320
  1.712213 seconds (42.84 k allocations: 53.293 MiB)
6863
  1.688321 seconds (39.64 k allocations: 50.033 MiB)
2347
  1.692180 seconds (39.56 k allocations: 49.949 MiB)
9824
  1.700279 seconds (39.64 k allocations: 50.033 MiB)
3841
  1.697751 seconds (39.64 k allocations: 50.033 MiB)
5296
  1.694914 seconds (37.55 k allocations: 47.204 MiB)
8321
  3.288394 seconds (26.73 k allocations: 33.720 MiB, 2.05% gc time)
  3.310517 seconds (34.73 k allocations: 43.795 MiB, 2.04% gc time)
  3.261404 seconds (19.01 k allocations: 23.942 MiB, 2.07% gc time)
  1.666091 seconds (3.35 k allocations: 4.209 MiB, 4.05% gc time)
  3.239484 seconds (11.20 k allocations: 14.107 MiB, 2.08% gc time)
6864
9825
5297
3842
2348
  1.693988 seconds (27.97 k allocations: 34.646 MiB)
8322
  1.727961 seconds (8.41 k allocations: 11.716 MiB)
5298
  1.757784 seconds (16.48 k allocations: 21.868 MiB)
6865
  1.785732 seconds (23.82 k allocations: 30.053 MiB)
2349
  1.791832 seconds (28.94 k allocations: 35.985 MiB)
9826
  1.798085 seconds (38.39 k allocations: 47.540 MiB)
3843
  1.692726 seconds (39.80 k allocations: 50.201 MiB)
8323
  1.698485 seconds (39.80 k allocations: 50.201 MiB)
5299
  1.701361 seconds (39.88 k allocations: 50.285 MiB)
6866
  1.687902 seconds (35.71 k allocations: 45.338 MiB)
2350
  1.689142 seconds (34.51 k allocations: 42.874 MiB)
9827
  1.698236 seconds (39.80 k allocations: 50.201 MiB)
3844
  1.697454 seconds (39.80 k allocations: 50.201 MiB)
8324
  1.700161 seconds (39.72 k allocations: 50.117 MiB)
5300
  1.707516 seconds (39.80 k allocations: 50.201 MiB)
6867
  1.689173 seconds (28.24 k allocations: 36.490 MiB)
2351
  1.695669 seconds (39.80 k allocations: 50.201 MiB)
9828
  1.706297 seconds (39.80 k allocations: 50.201 MiB)
3845
  1.693607 seconds (39.80 k allocations: 50.201 MiB)
8325
  1.761375 seconds (21.12 k allocations: 25.371 MiB, 1.68% gc time)
  1.809944 seconds (38.32 k allocations: 47.464 MiB, 1.64% gc time)
  1.763061 seconds (22.37 k allocations: 27.045 MiB, 1.68% gc time)
  1.753485 seconds (14.60 k allocations: 17.486 MiB, 1.69% gc time)
  1.727637 seconds (6.77 k allocations: 7.607 MiB, 1.72% gc time)
2352
9829
6868
3846
5301
  1.692749 seconds (31.84 k allocations: 38.580 MiB)
  1.715789 seconds (387 allocations: 1.037 MiB)
  1.721409 seconds (767 allocations: 2.072 MiB)
  1.720964 seconds (1.05 k allocations: 2.915 MiB)
8326
2353
3847
9830
  1.743337 seconds (24.69 k allocations: 29.200 MiB)
6869
  1.749102 seconds (38.75 k allocations: 47.901 MiB)
5302
  1.693001 seconds (19.29 k allocations: 25.263 MiB)
9831
  1.699852 seconds (26.47 k allocations: 33.279 MiB)
3848
  1.701933 seconds (21.39 k allocations: 26.876 MiB)
6870
  1.696325 seconds (17.88 k allocations: 22.774 MiB)
5303
  1.724068 seconds (38.92 k allocations: 48.604 MiB)
8327
  1.728042 seconds (43.49 k allocations: 53.961 MiB)
2354
  1.713343 seconds (37.01 k allocations: 46.661 MiB)
9832
  1.697864 seconds (21.02 k allocations: 25.986 MiB)
5304
  1.715837 seconds (40.71 k allocations: 50.598 MiB)
3849
  1.688708 seconds (23.82 k allocations: 30.053 MiB)
2355
  1.695163 seconds (28.30 k allocations: 36.551 MiB)
8328
  1.717678 seconds (47.28 k allocations: 60.453 MiB)
6871
  1.688774 seconds (30.68 k allocations: 39.501 MiB)
9833
  1.738689 seconds (26.71 k allocations: 33.697 MiB, 1.37% gc time)
  1.728476 seconds (4.54 k allocations: 6.523 MiB, 1.37% gc time)
  1.738507 seconds (26.84 k allocations: 33.796 MiB, 1.37% gc time)
  1.727802 seconds (3.78 k allocations: 5.748 MiB, 1.37% gc time)
  1.725394 seconds (3.28 k allocations: 4.037 MiB, 1.38% gc time)
2356
6872
3850
5305
8329
  1.694585 seconds (21.09 k allocations: 27.606 MiB)
9834
  1.704982 seconds (14.25 k allocations: 21.336 MiB)
6873
  1.715199 seconds (15.99 k allocations: 20.148 MiB)
8330
  1.717739 seconds (18.42 k allocations: 23.334 MiB)
2357
  1.731894 seconds (31.89 k allocations: 40.211 MiB)
3851
  1.734515 seconds (35.30 k allocations: 44.385 MiB)
5306
  1.674908 seconds (39.72 k allocations: 50.117 MiB)
9835
  1.701310 seconds (39.64 k allocations: 50.033 MiB)
6874
  1.692624 seconds (30.99 k allocations: 39.292 MiB)
8331
  1.691832 seconds (32.75 k allocations: 41.778 MiB)
2358
  1.696352 seconds (31.73 k allocations: 40.043 MiB)
  1.700065 seconds (33.38 k allocations: 43.589 MiB)
5307
3852
  1.696251 seconds (39.72 k allocations: 50.117 MiB)
9836
  1.689089 seconds (23.90 k allocations: 30.137 MiB)
  1.692894 seconds (25.14 k allocations: 33.194 MiB)
2359
8332
  1.706196 seconds (46.62 k allocations: 57.163 MiB)
6875
  1.696542 seconds (33.52 k allocations: 43.102 MiB)
5308
  1.701664 seconds (39.72 k allocations: 50.117 MiB)
3853
  1.707527 seconds (39.72 k allocations: 50.117 MiB)
9837
  1.778314 seconds (26.63 k allocations: 32.937 MiB, 1.79% gc time)
  1.776493 seconds (25.19 k allocations: 31.439 MiB, 1.80% gc time)
  1.753735 seconds (14.62 k allocations: 17.489 MiB, 1.82% gc time)
  1.770607 seconds (22.52 k allocations: 27.456 MiB, 1.80% gc time)
  1.742153 seconds (6.79 k allocations: 7.681 MiB, 1.83% gc time)
6876
8333
3854
5309
2360
  1.693606 seconds (33.59 k allocations: 40.396 MiB)
9838
  1.728002 seconds (7.91 k allocations: 9.990 MiB)
  1.724901 seconds (8.10 k allocations: 10.519 MiB)
  1.728261 seconds (8.56 k allocations: 11.793 MiB)
3855
2361
8334
  1.729592 seconds (10.31 k allocations: 14.531 MiB)
6877
  1.733404 seconds (24.34 k allocations: 30.741 MiB)
5310
  1.695737 seconds (39.80 k allocations: 50.201 MiB)
9839
  1.689368 seconds (10.86 k allocations: 14.228 MiB)
2362
  1.692363 seconds (12.62 k allocations: 16.720 MiB)
8335
  1.695754 seconds (23.74 k allocations: 28.754 MiB)
5311
  1.702566 seconds (29.23 k allocations: 37.507 MiB)
3856
  1.705946 seconds (36.99 k allocations: 47.335 MiB)
6878
  1.701635 seconds (39.72 k allocations: 50.117 MiB)
9840
  1.690655 seconds (26.36 k allocations: 32.640 MiB)
2363
  1.696377 seconds (33.42 k allocations: 41.764 MiB)
8336
  1.698150 seconds (32.08 k allocations: 39.701 MiB)
5312
  1.707957 seconds (34.81 k allocations: 44.410 MiB)
3857
  1.709971 seconds (38.40 k allocations: 47.546 MiB)
6879
  1.688240 seconds (25.40 k allocations: 32.892 MiB)
2364
  1.699200 seconds (37.73 k allocations: 48.082 MiB)
9841
  1.764493 seconds (24.75 k allocations: 31.707 MiB, 1.63% gc time)
  1.758858 seconds (20.62 k allocations: 26.254 MiB, 1.63% gc time)
  1.745252 seconds (11.33 k allocations: 14.185 MiB, 1.65% gc time)
  1.736074 seconds (5.03 k allocations: 6.550 MiB, 1.66% gc time)
8337
5313
6880
3858
  1.684736 seconds (21.89 k allocations: 28.440 MiB)
2365
  1.722110 seconds (8.00 k allocations: 10.074 MiB)
3859
  1.730097 seconds (14.43 k allocations: 17.339 MiB)
9842
  1.727851 seconds (17.45 k allocations: 22.338 MiB)
8338
  1.733458 seconds (26.03 k allocations: 31.791 MiB)
  1.734706 seconds (26.87 k allocations: 33.043 MiB)
5314
6881
  1.689148 seconds (39.80 k allocations: 50.201 MiB)
2366
  1.692984 seconds (12.14 k allocations: 16.763 MiB)
  1.701362 seconds (36.20 k allocations: 45.453 MiB)
  1.695861 seconds (17.59 k allocations: 23.577 MiB)
8339
3860
9843
  1.698696 seconds (31.89 k allocations: 40.211 MiB)
5315
  1.704182 seconds (39.48 k allocations: 48.652 MiB)
6882
  1.687922 seconds (39.80 k allocations: 50.201 MiB)
2367
  1.693955 seconds (23.30 k allocations: 28.837 MiB)
  1.694031 seconds (23.23 k allocations: 29.403 MiB)
8340
9844
  1.703769 seconds (38.72 k allocations: 48.406 MiB)
  1.697943 seconds (31.37 k allocations: 39.618 MiB)
3861
5316
  1.705206 seconds (39.72 k allocations: 50.117 MiB)
6883
  1.690778 seconds (39.80 k allocations: 50.201 MiB)
2368
  1.750995 seconds (31.10 k allocations: 39.398 MiB, 0.90% gc time)
  1.738679 seconds (14.67 k allocations: 17.606 MiB, 0.90% gc time)
  1.748488 seconds (30.07 k allocations: 36.419 MiB, 0.90% gc time)
  1.738761 seconds (14.79 k allocations: 17.765 MiB, 0.90% gc time)
  1.719159 seconds (6.89 k allocations: 7.859 MiB, 0.92% gc time)
6884
9845
5317
3862
8341
  1.686451 seconds (32.28 k allocations: 39.046 MiB)
2369
  1.702427 seconds (16.14 k allocations: 23.277 MiB)
6885
  1.719527 seconds (15.98 k allocations: 20.148 MiB)
8342
  1.723699 seconds (17.87 k allocations: 22.773 MiB)
3863
  1.724844 seconds (21.63 k allocations: 27.299 MiB)
9846
  1.730258 seconds (33.65 k allocations: 41.485 MiB)
5318
  1.686814 seconds (39.64 k allocations: 50.033 MiB)
2370
  1.706376 seconds (39.56 k allocations: 49.949 MiB)
6886
  1.693139 seconds (27.54 k allocations: 35.645 MiB)
8343
  1.698384 seconds (25.64 k allocations: 33.136 MiB)
  1.695845 seconds (24.11 k allocations: 31.005 MiB)
9847
5319
  1.705803 seconds (37.95 k allocations: 48.320 MiB)
3864
  1.687945 seconds (39.56 k allocations: 49.949 MiB)
2371
  1.702454 seconds (39.64 k allocations: 50.033 MiB)
6887
  1.694211 seconds (34.94 k allocations: 42.617 MiB)
8344
  1.692519 seconds (23.37 k allocations: 29.601 MiB)
9848
  1.696400 seconds (29.22 k allocations: 36.257 MiB)
5320
  1.705147 seconds (39.64 k allocations: 50.033 MiB)
3865
  1.689243 seconds (39.56 k allocations: 49.949 MiB)
2372
  1.701288 seconds (37.45 k allocations: 47.103 MiB)
6888
  1.693628 seconds (22.63 k allocations: 30.058 MiB)
  1.688920 seconds (17.17 k allocations: 22.149 MiB)
8345
9849
  3.227356 seconds (21.36 k allocations: 27.729 MiB, 0.46% gc time)
  3.213534 seconds (13.58 k allocations: 17.867 MiB, 0.46% gc time)
  1.601742 seconds (5.66 k allocations: 7.825 MiB, 0.92% gc time)
3866
5321
2373
  1.687702 seconds (5.58 k allocations: 10.587 MiB)
2374
  1.703399 seconds (27.98 k allocations: 36.562 MiB)
6889
  1.793655 seconds (15.82 k allocations: 19.980 MiB)
  1.795751 seconds (16.22 k allocations: 21.017 MiB)
5322
8346
  1.805408 seconds (31.73 k allocations: 40.043 MiB)
9850
  1.805202 seconds (32.81 k allocations: 41.847 MiB)
3867
  1.692861 seconds (39.64 k allocations: 50.033 MiB)
2375
  1.703245 seconds (39.64 k allocations: 50.033 MiB)
6890
  1.697948 seconds (31.73 k allocations: 40.043 MiB)
8347
  1.699414 seconds (34.36 k allocations: 43.180 MiB)
5323
  1.705863 seconds (31.73 k allocations: 40.043 MiB)
9851
  1.709099 seconds (32.47 k allocations: 41.496 MiB)
3868
  1.694355 seconds (39.72 k allocations: 50.117 MiB)
2376
  1.712067 seconds (39.64 k allocations: 50.033 MiB)
6891
  1.699777 seconds (38.02 k allocations: 47.689 MiB)
8348
  1.700446 seconds (39.59 k allocations: 48.761 MiB)
5324
  1.701295 seconds (32.22 k allocations: 41.768 MiB)
9852
  1.704908 seconds (36.79 k allocations: 45.899 MiB)
3869
  1.687429 seconds (39.72 k allocations: 50.117 MiB)
2377
  1.865705 seconds (34.79 k allocations: 43.877 MiB, 2.45% gc time)
  1.782115 seconds (26.37 k allocations: 32.646 MiB, 2.57% gc time)
  1.771942 seconds (18.92 k allocations: 23.797 MiB, 2.58% gc time)
  1.752793 seconds (6.80 k allocations: 8.822 MiB, 2.61% gc time)
  1.746673 seconds (3.31 k allocations: 4.151 MiB, 2.62% gc time)
8349
9853
6892
3870
5325
  1.687553 seconds (24.01 k allocations: 30.610 MiB)
2378
  1.702028 seconds (11.12 k allocations: 18.143 MiB)
6893
  1.724053 seconds (15.82 k allocations: 19.980 MiB)
  1.727458 seconds (15.95 k allocations: 20.296 MiB)
3871
9854
  1.731623 seconds (24.31 k allocations: 30.030 MiB)
8350
  1.740298 seconds (38.71 k allocations: 47.861 MiB)
5326
  1.688322 seconds (39.64 k allocations: 50.033 MiB)
2379
  1.722126 seconds (39.64 k allocations: 50.033 MiB)
6894
  1.694106 seconds (21.49 k allocations: 27.688 MiB)
9855
  1.700897 seconds (31.47 k allocations: 39.787 MiB)
3872
  1.698046 seconds (28.88 k allocations: 35.908 MiB)
8351
  1.703028 seconds (39.72 k allocations: 50.116 MiB)
5327
  1.689983 seconds (39.72 k allocations: 50.117 MiB)
2380
  1.698600 seconds (26.47 k allocations: 33.289 MiB)
9856
  1.705891 seconds (34.40 k allocations: 44.042 MiB)
6895
  1.694511 seconds (19.34 k allocations: 24.264 MiB)
8352
  1.698597 seconds (31.73 k allocations: 40.043 MiB)
5328
  1.711773 seconds (41.01 k allocations: 51.484 MiB)
3873
  1.691416 seconds (39.64 k allocations: 50.033 MiB)
2381
  1.773017 seconds (22.61 k allocations: 27.592 MiB, 3.19% gc time)
  1.775883 seconds (23.12 k allocations: 29.348 MiB, 3.18% gc time)
  1.775157 seconds (22.68 k allocations: 27.642 MiB, 3.19% gc time)
  1.759346 seconds (7.42 k allocations: 9.449 MiB, 3.21% gc time)
  1.756473 seconds (6.94 k allocations: 7.769 MiB, 3.22% gc time)
5329
8353
3874
9857
6896
  1.686542 seconds (32.87 k allocations: 39.648 MiB)
2382
  1.708707 seconds (11.42 k allocations: 17.226 MiB)
3875
  1.725694 seconds (15.90 k allocations: 20.064 MiB)
  1.730576 seconds (16.16 k allocations: 20.799 MiB)
9858
8354
  1.733774 seconds (19.93 k allocations: 25.574 MiB)
5330
  1.753607 seconds (39.80 k allocations: 50.201 MiB)
6897
  1.687978 seconds (39.80 k allocations: 50.201 MiB)
2383
  1.700473 seconds (39.72 k allocations: 50.117 MiB)
3876
  1.691963 seconds (23.73 k allocations: 29.969 MiB)
8355
  1.694003 seconds (25.27 k allocations: 32.242 MiB)
9859
  1.702021 seconds (38.98 k allocations: 48.140 MiB)
5331
  1.703028 seconds (39.64 k allocations: 50.033 MiB)
6898
  1.691233 seconds (39.64 k allocations: 50.033 MiB)
2384
  1.699755 seconds (39.72 k allocations: 50.117 MiB)
3877
  1.693779 seconds (33.23 k allocations: 41.584 MiB)
  1.689663 seconds (29.86 k allocations: 36.621 MiB)
8356
9860
  1.698894 seconds (39.64 k allocations: 50.033 MiB)
5332
  1.702644 seconds (39.64 k allocations: 50.033 MiB)
6899
  1.688823 seconds (39.64 k allocations: 50.033 MiB)
2385
  1.700485 seconds (36.50 k allocations: 45.450 MiB)
  1.691717 seconds (24.03 k allocations: 30.482 MiB)
  1.692408 seconds (24.66 k allocations: 32.209 MiB)
3878
8357
9861
  3.262051 seconds (23.39 k allocations: 29.818 MiB, 1.60% gc time)
  3.235184 seconds (15.62 k allocations: 19.917 MiB, 1.61% gc time)
  1.644691 seconds (10.56 k allocations: 14.154 MiB, 3.17% gc time)
5333
6900
2386
  1.711063 seconds (20.75 k allocations: 27.438 MiB)
3879
  1.783983 seconds (16.29 k allocations: 21.032 MiB)
  1.794831 seconds (16.20 k allocations: 21.593 MiB)
8358
9862
  1.805519 seconds (26.29 k allocations: 32.630 MiB)
6901
  2.559271 seconds (31.73 k allocations: 40.043 MiB)
2387
  2.613428 seconds (47.34 k allocations: 59.168 MiB)
5334
  1.691654 seconds (39.80 k allocations: 50.201 MiB)
3880
  1.700832 seconds (23.90 k allocations: 30.137 MiB)
6902
  2.083576 seconds (33.12 k allocations: 42.685 MiB)
9863
  1.687129 seconds (31.34 k allocations: 39.007 MiB)
2388
  2.939328 seconds (63.14 k allocations: 79.132 MiB)
8359
  2.324695 seconds (39.56 k allocations: 49.949 MiB)
5335
  1.697831 seconds (39.64 k allocations: 50.033 MiB)
3881
  1.703646 seconds (39.72 k allocations: 50.117 MiB)
6903
  2.107839 seconds (39.80 k allocations: 50.201 MiB)
9864
  2.001899 seconds (39.80 k allocations: 50.201 MiB)
2389
  1.689337 seconds (23.82 k allocations: 30.053 MiB)
3882
  3.610930 seconds (46.27 k allocations: 57.490 MiB, 0.68% gc time)
  3.127767 seconds (22.26 k allocations: 27.245 MiB, 0.79% gc time)
  3.388005 seconds (38.38 k allocations: 47.501 MiB, 0.73% gc time)
  2.322500 seconds (14.59 k allocations: 17.524 MiB, 1.06% gc time)
  2.022721 seconds (8.39 k allocations: 11.439 MiB, 1.22% gc time)
9865
8360
6904
5336
2390
  1.691215 seconds (35.80 k allocations: 42.747 MiB)
3883
  1.712686 seconds (17.77 k allocations: 23.757 MiB)
9866
  1.724240 seconds (22.38 k allocations: 29.118 MiB)
8361
  1.801408 seconds (28.61 k allocations: 37.386 MiB)
6905
  2.574308 seconds (31.81 k allocations: 40.127 MiB)
2391
  2.606048 seconds (39.80 k allocations: 50.201 MiB)
5337
  1.692727 seconds (39.80 k allocations: 50.201 MiB)
3884
  1.701517 seconds (23.82 k allocations: 30.053 MiB)
6906
  2.118995 seconds (39.72 k allocations: 50.117 MiB)
8362
  1.698468 seconds (31.43 k allocations: 39.091 MiB)
2392
  2.997744 seconds (63.69 k allocations: 80.337 MiB)
9867
  2.304709 seconds (39.80 k allocations: 50.201 MiB)
5338
  1.690656 seconds (39.88 k allocations: 50.285 MiB)
3885
  1.700320 seconds (39.88 k allocations: 50.285 MiB)
6907
  1.877109 seconds (31.81 k allocations: 40.127 MiB)
2393
  1.695547 seconds (23.90 k allocations: 30.137 MiB)
5339
  2.852897 seconds (55.78 k allocations: 70.348 MiB)
8363
  1.692898 seconds (31.81 k allocations: 40.127 MiB)
3886
  1.702326 seconds (31.81 k allocations: 40.127 MiB)
6908
  2.923639 seconds (26.68 k allocations: 33.688 MiB, 2.42% gc time)
  4.414027 seconds (58.68 k allocations: 73.974 MiB, 1.60% gc time)
  2.468397 seconds (20.43 k allocations: 26.661 MiB, 2.86% gc time)
  2.362701 seconds (4.71 k allocations: 6.760 MiB, 2.99% gc time)
  2.398991 seconds (14.32 k allocations: 19.804 MiB, 2.95% gc time)
2394
9868
3887
5340
8364
  1.695506 seconds (34.32 k allocations: 41.287 MiB)
6909
  2.377364 seconds (26.39 k allocations: 32.555 MiB)
9869
  2.399676 seconds (16.55 k allocations: 21.948 MiB)
8365
  1.700959 seconds (15.90 k allocations: 20.064 MiB)
6910
  1.700544 seconds (15.90 k allocations: 20.064 MiB)
9870
  4.191392 seconds (40.56 k allocations: 53.422 MiB)
2395
  4.190360 seconds (47.79 k allocations: 60.274 MiB)
  4.230132 seconds (62.86 k allocations: 78.799 MiB)
3888
5341
  2.162842 seconds (39.72 k allocations: 50.117 MiB)
8366
  2.204814 seconds (39.64 k allocations: 50.033 MiB)
6911
  1.700877 seconds (39.56 k allocations: 49.949 MiB)
9871
  1.692800 seconds (28.79 k allocations: 36.353 MiB)
3889
  1.877275 seconds (31.73 k allocations: 40.043 MiB)
5342
  2.646848 seconds (55.46 k allocations: 70.012 MiB)
2396
  1.690255 seconds (31.81 k allocations: 40.127 MiB)
6912
  4.172149 seconds (46.06 k allocations: 57.290 MiB, 0.36% gc time)
  2.988565 seconds (30.27 k allocations: 37.367 MiB, 0.50% gc time)
  2.639451 seconds (14.61 k allocations: 17.630 MiB, 0.57% gc time)
  1.907059 seconds (7.86 k allocations: 10.108 MiB, 0.79% gc time)
  2.841046 seconds (25.02 k allocations: 32.648 MiB, 0.53% gc time)
8367
9872
5343
2397
3890
  1.682689 seconds (37.97 k allocations: 45.106 MiB)
6913
  1.724089 seconds (23.12 k allocations: 28.065 MiB)
8368
  1.801402 seconds (31.03 k allocations: 38.054 MiB)
9873
  2.801733 seconds (23.82 k allocations: 30.053 MiB)
3891
  2.841869 seconds (33.33 k allocations: 42.906 MiB)
2398
  1.709968 seconds (31.81 k allocations: 40.127 MiB)
6914
  3.407545 seconds (62.84 k allocations: 78.181 MiB)
5344
  1.697871 seconds (31.81 k allocations: 40.127 MiB)
9874
  2.526513 seconds (47.71 k allocations: 60.190 MiB)
8369
  1.686823 seconds (31.81 k allocations: 40.127 MiB)
2399
  1.698034 seconds (31.89 k allocations: 40.211 MiB)
6915
  1.704896 seconds (23.98 k allocations: 30.222 MiB)
9875
  2.111016 seconds (39.88 k allocations: 50.285 MiB)
5345
  1.828363 seconds (31.81 k allocations: 40.127 MiB)
8370
  3.318056 seconds (79.52 k allocations: 100.317 MiB)
3892
  1.704398 seconds (31.64 k allocations: 39.959 MiB)
6916
  2.158290 seconds (47.55 k allocations: 60.022 MiB)
2400
  1.704131 seconds (39.56 k allocations: 49.949 MiB)
9876
  3.491493 seconds (34.52 k allocations: 43.595 MiB, 2.45% gc time)
  2.908493 seconds (26.62 k allocations: 33.607 MiB, 2.94% gc time)
  2.375108 seconds (12.39 k allocations: 16.479 MiB, 3.60% gc time)
  2.859652 seconds (20.75 k allocations: 27.184 MiB, 2.99% gc time)
  2.276333 seconds (5.97 k allocations: 8.969 MiB, 3.75% gc time)
5346
6917
8371
2401
3893
  1.707714 seconds (15.06 k allocations: 17.908 MiB)
6918
  1.724760 seconds (32.80 k allocations: 40.381 MiB)
9877
  1.802429 seconds (30.88 k allocations: 37.887 MiB)
8372
  1.807144 seconds (31.52 k allocations: 39.242 MiB)
5347
  1.806555 seconds (31.65 k allocations: 39.959 MiB)
2402
  1.807168 seconds (34.79 k allocations: 43.854 MiB)
3894
  1.695744 seconds (32.46 k allocations: 42.022 MiB)
6919
  1.707462 seconds (39.55 k allocations: 49.948 MiB)
9878
  1.695429 seconds (31.73 k allocations: 40.043 MiB)
8373
  1.702349 seconds (39.03 k allocations: 48.196 MiB)
5348
  1.695046 seconds (35.33 k allocations: 44.939 MiB)
2403
  1.709405 seconds (39.72 k allocations: 50.117 MiB)
3895
  1.691446 seconds (39.45 k allocations: 49.167 MiB)
6920
  1.701528 seconds (39.80 k allocations: 50.201 MiB)
9879
  1.695451 seconds (38.45 k allocations: 48.129 MiB)
8374
  1.695888 seconds (39.81 k allocations: 48.988 MiB)
5349
  1.692194 seconds (39.80 k allocations: 50.201 MiB)
2404
  1.709135 seconds (39.80 k allocations: 50.201 MiB)
3896
  1.696239 seconds (39.72 k allocations: 50.117 MiB)
6921
  1.957507 seconds (34.62 k allocations: 43.690 MiB, 4.77% gc time)
  1.884319 seconds (25.42 k allocations: 31.695 MiB, 4.95% gc time)
  1.873770 seconds (18.92 k allocations: 23.803 MiB, 4.98% gc time)
  1.834242 seconds (10.98 k allocations: 13.790 MiB, 5.09% gc time)
  1.796209 seconds (3.17 k allocations: 3.954 MiB, 5.19% gc time)
2405
3897
8375
5350
9880
  1.700301 seconds (25.18 k allocations: 31.795 MiB)
6922
  1.729628 seconds (8.24 k allocations: 11.552 MiB)
2406
  1.741519 seconds (15.91 k allocations: 20.064 MiB)
  1.739848 seconds (16.13 k allocations: 20.723 MiB)
  1.741888 seconds (16.68 k allocations: 22.137 MiB)
3898
8376
5351
  1.742237 seconds (28.04 k allocations: 34.536 MiB)
9881
  1.693442 seconds (39.56 k allocations: 49.949 MiB)
6923
  1.687993 seconds (39.56 k allocations: 49.949 MiB)
2407
  1.692577 seconds (17.13 k allocations: 22.537 MiB)
8377
  1.696756 seconds (20.65 k allocations: 26.821 MiB)
5352
  1.700588 seconds (28.01 k allocations: 35.037 MiB)
3899
  1.700300 seconds (33.98 k allocations: 41.819 MiB)
9882
  1.692853 seconds (39.56 k allocations: 49.949 MiB)
6924
  1.703214 seconds (39.56 k allocations: 49.949 MiB)
2408
  1.693668 seconds (30.28 k allocations: 37.865 MiB)
8378
  1.695552 seconds (25.43 k allocations: 31.689 MiB)
5353
  1.703581 seconds (33.87 k allocations: 43.445 MiB)
3900
  1.705321 seconds (36.48 k allocations: 45.587 MiB)
9883
  1.694977 seconds (39.72 k allocations: 50.117 MiB)
6925
  1.841387 seconds (36.23 k allocations: 44.637 MiB, 6.02% gc time)
  1.834578 seconds (27.57 k allocations: 33.863 MiB, 6.04% gc time)
  1.827468 seconds (22.81 k allocations: 28.399 MiB, 6.06% gc time)
  1.817593 seconds (13.03 k allocations: 16.492 MiB, 6.09% gc time)
  1.809856 seconds (7.88 k allocations: 9.983 MiB, 6.12% gc time)
3901
9884
8379
2409
5354
  1.697217 seconds (8.58 k allocations: 13.647 MiB)
3902
  1.712642 seconds (38.43 k allocations: 46.065 MiB)
6926
  1.719284 seconds (21.44 k allocations: 28.160 MiB)
2410
  1.737499 seconds (28.63 k allocations: 36.209 MiB)
9885
  2.559972 seconds (31.89 k allocations: 40.211 MiB)
8380
  2.563230 seconds (39.88 k allocations: 50.285 MiB)
5355
  1.698573 seconds (34.74 k allocations: 44.342 MiB)
3903
  1.696805 seconds (23.90 k allocations: 30.137 MiB)
9886
  2.134525 seconds (47.79 k allocations: 60.274 MiB)
6927
  1.701640 seconds (23.98 k allocations: 30.222 MiB)
5356
  2.328560 seconds (39.88 k allocations: 50.285 MiB)
8381
  3.275372 seconds (61.65 k allocations: 77.558 MiB)
2411
  1.701849 seconds (39.88 k allocations: 50.285 MiB)
3904
  1.701868 seconds (39.80 k allocations: 50.201 MiB)
9887
  1.920486 seconds (39.80 k allocations: 50.201 MiB)
6928
  2.050815 seconds (39.72 k allocations: 50.117 MiB)
5357
  1.703995 seconds (23.82 k allocations: 30.053 MiB)
3905
  3.255238 seconds (18.64 k allocations: 23.543 MiB, 2.00% gc time)
  3.381082 seconds (34.58 k allocations: 43.650 MiB, 1.93% gc time)
  2.630367 seconds (10.88 k allocations: 13.687 MiB, 2.48% gc time)
  2.040279 seconds (3.06 k allocations: 3.896 MiB, 3.20% gc time)
  3.486121 seconds (42.84 k allocations: 54.116 MiB, 1.87% gc time)
2412
8382
9888
6929
5358
  1.707175 seconds (10.81 k allocations: 15.918 MiB)
2413
  1.726633 seconds (8.00 k allocations: 10.075 MiB)
5359
  1.786511 seconds (15.91 k allocations: 20.064 MiB)
6930
  1.797590 seconds (22.54 k allocations: 31.190 MiB)
  1.792380 seconds (21.15 k allocations: 26.242 MiB)
3906
8383
  1.802288 seconds (39.72 k allocations: 50.116 MiB)
9889
  1.694472 seconds (39.64 k allocations: 50.033 MiB)
2414
  1.699075 seconds (39.72 k allocations: 50.117 MiB)
5360
  1.692095 seconds (23.57 k allocations: 29.325 MiB)
3907
  1.694317 seconds (25.06 k allocations: 31.378 MiB)
8384
  1.704750 seconds (36.68 k allocations: 47.017 MiB)
6931
  1.703340 seconds (39.72 k allocations: 50.117 MiB)
9890
  1.687830 seconds (39.64 k allocations: 50.033 MiB)
2415
  1.697632 seconds (39.72 k allocations: 50.117 MiB)
5361
  1.692205 seconds (23.82 k allocations: 30.054 MiB)
8385
  1.701748 seconds (32.60 k allocations: 42.172 MiB)
3908
  1.707837 seconds (39.80 k allocations: 50.201 MiB)
6932
  1.707030 seconds (39.88 k allocations: 50.285 MiB)
9891
  1.693175 seconds (39.88 k allocations: 50.285 MiB)
2416
  1.802958 seconds (20.21 k allocations: 26.371 MiB, 3.62% gc time)
  1.864027 seconds (34.70 k allocations: 43.789 MiB, 3.50% gc time)
  1.799214 seconds (18.87 k allocations: 23.780 MiB, 3.63% gc time)
  1.787165 seconds (10.94 k allocations: 13.798 MiB, 3.65% gc time)
  1.770034 seconds (3.08 k allocations: 3.898 MiB, 3.69% gc time)
8386
6933
3909
9892
5362
  1.691482 seconds (23.85 k allocations: 30.436 MiB)
2417
  1.711759 seconds (12.19 k allocations: 18.016 MiB)
6934
  1.722922 seconds (16.61 k allocations: 22.004 MiB)
8387
  1.731601 seconds (23.90 k allocations: 30.137 MiB)
3910
  1.743777 seconds (30.16 k allocations: 37.226 MiB)
9893
  1.747877 seconds (38.40 k allocations: 47.548 MiB)
5363
  1.692135 seconds (39.80 k allocations: 50.201 MiB)
2418
  1.689888 seconds (31.81 k allocations: 40.127 MiB)
8388
  1.715040 seconds (47.71 k allocations: 60.190 MiB)
6935
  1.700499 seconds (36.25 k allocations: 45.875 MiB)
3911
  1.696821 seconds (31.64 k allocations: 39.959 MiB)
5364
  1.710239 seconds (41.49 k allocations: 51.925 MiB)
9894
  1.692902 seconds (39.64 k allocations: 50.033 MiB)
2419
  1.691771 seconds (39.72 k allocations: 50.117 MiB)
8389
  1.693124 seconds (31.43 k allocations: 39.091 MiB)
  1.707339 seconds (40.10 k allocations: 51.152 MiB)
3912
6936
  1.696418 seconds (34.78 k allocations: 44.386 MiB)
5365
  1.702664 seconds (39.80 k allocations: 50.201 MiB)
9895
  1.689772 seconds (39.72 k allocations: 50.117 MiB)
2420
  1.837687 seconds (37.98 k allocations: 47.130 MiB, 4.50% gc time)
  1.808066 seconds (22.12 k allocations: 28.327 MiB, 4.58% gc time)
  1.805434 seconds (21.95 k allocations: 26.560 MiB, 4.58% gc time)
  1.792823 seconds (13.88 k allocations: 16.141 MiB, 4.61% gc time)
  1.782561 seconds (6.45 k allocations: 7.335 MiB, 4.64% gc time)
8390
3913
9896
6937
5366
  1.690108 seconds (31.32 k allocations: 38.079 MiB)
2421
  1.729529 seconds (7.92 k allocations: 9.990 MiB)
  1.730530 seconds (8.21 k allocations: 10.843 MiB)
  1.729592 seconds (8.69 k allocations: 12.063 MiB)
5367
6938
8391
  1.740792 seconds (31.73 k allocations: 40.043 MiB)
3914
  1.745196 seconds (33.25 k allocations: 42.300 MiB)
9897
  1.688768 seconds (39.72 k allocations: 50.117 MiB)
2422
  1.693044 seconds (23.90 k allocations: 30.137 MiB)
  1.696429 seconds (24.28 k allocations: 31.173 MiB)
8392
5368
  1.707369 seconds (39.72 k allocations: 50.117 MiB)
  1.693746 seconds (25.07 k allocations: 33.012 MiB)
6939
3915
  1.699951 seconds (39.72 k allocations: 50.116 MiB)
9898
  1.688748 seconds (39.64 k allocations: 50.033 MiB)
2423
  1.692275 seconds (31.81 k allocations: 40.127 MiB)
8393
  1.696225 seconds (33.14 k allocations: 42.175 MiB)
5369
  1.683123 seconds (23.90 k allocations: 30.137 MiB)
  1.692880 seconds (30.70 k allocations: 38.294 MiB)
9899
3916
  1.704291 seconds (46.60 k allocations: 58.365 MiB)
6940
  1.689616 seconds (39.72 k allocations: 50.117 MiB)
2424
  1.690212 seconds (31.73 k allocations: 40.043 MiB)
8394
  3.263190 seconds (34.58 k allocations: 43.654 MiB, 1.00% gc time)
  3.249083 seconds (18.54 k allocations: 22.960 MiB, 1.00% gc time)
  3.247417 seconds (17.57 k allocations: 21.713 MiB, 1.00% gc time)
  3.237748 seconds (10.93 k allocations: 13.712 MiB, 1.01% gc time)
  1.623451 seconds (3.09 k allocations: 3.781 MiB, 2.01% gc time)
2425
3917
6941
9900
5370
  1.690876 seconds (22.37 k allocations: 28.947 MiB)
8395
  1.710376 seconds (8.25 k allocations: 11.555 MiB)
2426
  1.733611 seconds (22.43 k allocations: 31.612 MiB)
6942
  1.804636 seconds (23.90 k allocations: 30.138 MiB)
9901
  1.807233 seconds (26.82 k allocations: 33.821 MiB)
  1.808773 seconds (28.39 k allocations: 36.067 MiB)
5371
3918
  1.694313 seconds (39.80 k allocations: 50.201 MiB)
8396
  1.688235 seconds (39.80 k allocations: 50.201 MiB)
2427
  1.702480 seconds (39.80 k allocations: 50.201 MiB)
6943
  1.691283 seconds (23.90 k allocations: 30.138 MiB)
  1.699192 seconds (34.30 k allocations: 43.838 MiB)
3919
9902
  1.696783 seconds (30.81 k allocations: 38.584 MiB)
5372
  1.694974 seconds (39.88 k allocations: 50.285 MiB)
8397
  1.695764 seconds (39.80 k allocations: 50.201 MiB)
2428
  1.710353 seconds (39.80 k allocations: 50.201 MiB)
6944
  1.696375 seconds (23.82 k allocations: 30.053 MiB)
5373
  1.700599 seconds (25.55 k allocations: 32.514 MiB)
3920
  1.708174 seconds (33.18 k allocations: 43.445 MiB)
9903
  1.694151 seconds (39.72 k allocations: 50.117 MiB)
8398
  1.960728 seconds (38.16 k allocations: 47.298 MiB, 3.67% gc time)
  1.840237 seconds (11.89 k allocations: 14.016 MiB, 3.91% gc time)
  1.838016 seconds (10.79 k allocations: 12.917 MiB, 3.91% gc time)
  1.914902 seconds (30.35 k allocations: 37.405 MiB, 3.76% gc time)
  1.830166 seconds (8.40 k allocations: 11.522 MiB, 3.93% gc time)
3921
5374
6945
2429
9904
  1.692005 seconds (35.45 k allocations: 42.321 MiB)
8399
  1.730859 seconds (15.44 k allocations: 18.944 MiB)
3922
  1.743005 seconds (23.35 k allocations: 28.934 MiB)
  1.746724 seconds (23.73 k allocations: 29.969 MiB)
5375
6946
  2.585827 seconds (31.73 k allocations: 40.043 MiB)
9905
  3.059362 seconds (47.17 k allocations: 58.986 MiB)
2430
  1.692247 seconds (39.72 k allocations: 50.117 MiB)
8400
  1.692779 seconds (39.80 k allocations: 50.201 MiB)
3923
  1.702932 seconds (31.89 k allocations: 40.211 MiB)
6947
  1.690143 seconds (23.90 k allocations: 30.137 MiB)
2431
  1.692672 seconds (23.82 k allocations: 30.053 MiB)
8401
  1.692392 seconds (23.73 k allocations: 29.969 MiB)
3924
  3.391551 seconds (63.53 k allocations: 80.169 MiB)
5376
  1.700898 seconds (31.64 k allocations: 39.959 MiB)
6948
  2.753839 seconds (71.52 k allocations: 90.243 MiB)
9906
  1.995085 seconds (39.72 k allocations: 50.117 MiB)
2432
  1.690314 seconds (33.77 k allocations: 42.823 MiB)
8402
  1.691825 seconds (39.72 k allocations: 50.117 MiB)
3925
  3.295186 seconds (26.69 k allocations: 33.689 MiB, 0.52% gc time)
  3.313878 seconds (34.71 k allocations: 43.767 MiB, 0.51% gc time)
  3.070827 seconds (18.75 k allocations: 23.622 MiB, 0.55% gc time)
  1.701522 seconds (4.06 k allocations: 6.770 MiB, 1.00% gc time)
  1.701668 seconds (4.08 k allocations: 6.782 MiB, 1.00% gc time)
6949
9907
5377
2433
8403
  1.710501 seconds (25.11 k allocations: 31.821 MiB)
3926
  2.527005 seconds (15.51 k allocations: 19.027 MiB)
2434
  2.690410 seconds (15.82 k allocations: 19.980 MiB)
8404
  2.810884 seconds (46.25 k allocations: 56.699 MiB)
5378
  2.837142 seconds (46.78 k allocations: 57.951 MiB)
6950
  2.968117 seconds (62.07 k allocations: 76.678 MiB)
9908
  1.767455 seconds (31.64 k allocations: 39.959 MiB)
2435
  1.707587 seconds (23.82 k allocations: 30.053 MiB)
5379
  1.808432 seconds (39.64 k allocations: 50.032 MiB)
8405
  1.699943 seconds (31.73 k allocations: 40.043 MiB)
6951
  2.863615 seconds (71.28 k allocations: 89.991 MiB)
3927
  2.136056 seconds (39.64 k allocations: 50.033 MiB)
9909
  1.691194 seconds (39.56 k allocations: 49.949 MiB)
2436
  1.697350 seconds (39.42 k allocations: 49.399 MiB)
5380
  1.692471 seconds (34.57 k allocations: 43.655 MiB)
8406
  1.711544 seconds (39.72 k allocations: 50.117 MiB)
6952
  1.700363 seconds (39.80 k allocations: 50.201 MiB)
3928
  1.715484 seconds (39.80 k allocations: 50.201 MiB)
9910
  1.689744 seconds (39.72 k allocations: 50.117 MiB)
2437
  2.330116 seconds (28.96 k allocations: 37.214 MiB, 0.66% gc time)
  2.324812 seconds (26.71 k allocations: 33.701 MiB, 0.66% gc time)
  2.255619 seconds (11.04 k allocations: 13.894 MiB, 0.68% gc time)
  2.293101 seconds (18.89 k allocations: 23.804 MiB, 0.67% gc time)
  1.715189 seconds (3.22 k allocations: 4.020 MiB, 0.89% gc time)
3929
9911
8407
5381
6953
  1.689968 seconds (35.91 k allocations: 42.902 MiB)
2438
  1.703777 seconds (24.66 k allocations: 31.973 MiB)
9912
  1.787575 seconds (15.99 k allocations: 20.148 MiB)
  1.793357 seconds (18.07 k allocations: 24.140 MiB)
8408
3930
  1.793775 seconds (25.57 k allocations: 31.322 MiB)
6954
  1.806297 seconds (39.80 k allocations: 50.201 MiB)
5382
  1.691611 seconds (39.72 k allocations: 50.117 MiB)
2439
  1.707009 seconds (39.64 k allocations: 50.033 MiB)
9913
  1.696291 seconds (30.74 k allocations: 39.562 MiB)
  1.697826 seconds (25.83 k allocations: 33.962 MiB)
8409
  1.705640 seconds (32.02 k allocations: 40.874 MiB)
3931
6955
  1.704077 seconds (39.64 k allocations: 50.033 MiB)
5383
  1.691871 seconds (39.64 k allocations: 50.033 MiB)
2440
  1.708931 seconds (39.64 k allocations: 50.033 MiB)
9914
  1.703892 seconds (39.17 k allocations: 48.913 MiB)
8410
  1.701806 seconds (33.29 k allocations: 42.859 MiB)
3932
  1.706649 seconds (37.50 k allocations: 46.627 MiB)
6956
  1.704758 seconds (39.80 k allocations: 50.201 MiB)
5384
  1.689877 seconds (39.80 k allocations: 50.201 MiB)
2441
  1.868761 seconds (38.35 k allocations: 47.496 MiB, 3.31% gc time)
  1.792913 seconds (30.03 k allocations: 36.442 MiB, 3.45% gc time)
  1.781820 seconds (20.15 k allocations: 24.375 MiB, 3.47% gc time)
  1.772560 seconds (14.31 k allocations: 16.643 MiB, 3.49% gc time)
  1.760799 seconds (6.89 k allocations: 7.880 MiB, 3.51% gc time)
9915
8411
3933
6957
5385
  1.691194 seconds (37.24 k allocations: 44.310 MiB)
2442
  1.719537 seconds (17.21 k allocations: 24.372 MiB)
9916
  1.727422 seconds (15.91 k allocations: 20.064 MiB)
5386
  1.731573 seconds (20.17 k allocations: 25.111 MiB)
8412
  1.736934 seconds (27.73 k allocations: 34.745 MiB)
3934
  1.743088 seconds (35.92 k allocations: 45.025 MiB)
6958
  1.689047 seconds (39.64 k allocations: 50.033 MiB)
2443
  1.703403 seconds (39.72 k allocations: 50.117 MiB)
9917
  1.696273 seconds (29.66 k allocations: 37.876 MiB)
  1.690444 seconds (22.61 k allocations: 29.475 MiB)
5387
8413
  1.692798 seconds (34.23 k allocations: 42.603 MiB)
3935
  1.702873 seconds (39.72 k allocations: 50.117 MiB)
6959
  1.691085 seconds (39.64 k allocations: 50.033 MiB)
2444
  1.692341 seconds (21.76 k allocations: 27.258 MiB)
  1.699373 seconds (26.01 k allocations: 34.111 MiB)
8414
5388
  1.708593 seconds (35.81 k allocations: 44.913 MiB)
9918
  1.699298 seconds (31.60 k allocations: 39.393 MiB)
3936
  1.711355 seconds (39.72 k allocations: 50.117 MiB)
6960
  1.690123 seconds (39.64 k allocations: 50.033 MiB)
2445
  1.692930 seconds (29.09 k allocations: 35.997 MiB)
8415
  1.698296 seconds (29.07 k allocations: 36.700 MiB)
  3.301886 seconds (18.99 k allocations: 24.293 MiB, 1.88% gc time)
  3.306392 seconds (21.13 k allocations: 27.688 MiB, 1.88% gc time)
  1.676116 seconds (3.26 k allocations: 4.382 MiB, 3.71% gc time)
  3.274447 seconds (11.16 k allocations: 14.357 MiB, 1.90% gc time)
5389
3937
9919
2446
6961
  1.693056 seconds (35.53 k allocations: 42.513 MiB)
8416
  1.700319 seconds (8.38 k allocations: 11.695 MiB)
2447
  1.780803 seconds (16.44 k allocations: 21.829 MiB)
5390
  1.787556 seconds (23.90 k allocations: 30.137 MiB)
9920
  1.796573 seconds (29.95 k allocations: 37.013 MiB)
3938
  1.798276 seconds (33.36 k allocations: 42.407 MiB)
6962
  1.693995 seconds (39.88 k allocations: 50.285 MiB)
8417
  1.689705 seconds (39.88 k allocations: 50.285 MiB)
2448
  1.698327 seconds (39.88 k allocations: 50.285 MiB)
5391
  1.690124 seconds (29.33 k allocations: 36.900 MiB)
3939
  1.702888 seconds (41.41 k allocations: 51.715 MiB)
9921
  1.702150 seconds (39.88 k allocations: 50.285 MiB)
6963
  1.692332 seconds (39.88 k allocations: 50.285 MiB)
8418
  1.690914 seconds (39.88 k allocations: 50.285 MiB)
2449
  1.701232 seconds (39.80 k allocations: 50.201 MiB)
5392
  1.695609 seconds (30.41 k allocations: 38.693 MiB)
3940
  1.703610 seconds (39.64 k allocations: 50.033 MiB)
9922
  1.703686 seconds (39.64 k allocations: 50.033 MiB)
6964
  1.695355 seconds (39.56 k allocations: 49.949 MiB)
8419
  1.932076 seconds (37.99 k allocations: 47.129 MiB, 4.79% gc time)
  1.835709 seconds (22.20 k allocations: 27.174 MiB, 5.05% gc time)
  1.833992 seconds (22.31 k allocations: 27.281 MiB, 5.05% gc time)
  1.814887 seconds (14.46 k allocations: 17.390 MiB, 5.10% gc time)
  1.796091 seconds (6.66 k allocations: 7.545 MiB, 5.16% gc time)
2450
9923
3941
5393
6965
  1.690759 seconds (37.04 k allocations: 44.111 MiB)
8420
  1.730598 seconds (13.61 k allocations: 19.463 MiB)
2451
  1.730796 seconds (12.54 k allocations: 16.630 MiB)
3942
  1.728910 seconds (18.11 k allocations: 23.012 MiB)
  1.734348 seconds (19.78 k allocations: 26.577 MiB)
6966
5394
  1.744073 seconds (35.11 k allocations: 44.192 MiB)
9924
  1.693135 seconds (39.80 k allocations: 50.201 MiB)
8421
  1.690317 seconds (34.56 k allocations: 42.872 MiB)
2452
  1.695669 seconds (31.01 k allocations: 39.838 MiB)
3943
  1.698850 seconds (27.67 k allocations: 33.996 MiB)
5395
  1.704074 seconds (30.50 k allocations: 38.792 MiB)
6967
  1.705004 seconds (36.27 k allocations: 45.375 MiB)
9925
  1.692879 seconds (39.64 k allocations: 50.033 MiB)
8422
  1.689251 seconds (39.68 k allocations: 50.067 MiB)
2453
  1.695408 seconds (39.42 k allocations: 49.165 MiB)
3944
  1.700832 seconds (35.23 k allocations: 44.832 MiB)
5396
  1.701570 seconds (32.55 k allocations: 40.888 MiB)
6968
  1.703957 seconds (37.37 k allocations: 46.495 MiB)
9926
  1.691797 seconds (39.72 k allocations: 50.117 MiB)
8423
  1.690085 seconds (39.64 k allocations: 50.033 MiB)
2454
  3.263589 seconds (34.73 k allocations: 43.800 MiB, 0.73% gc time)
  3.246614 seconds (22.57 k allocations: 28.759 MiB, 0.73% gc time)
  3.240513 seconds (16.27 k allocations: 20.437 MiB, 0.73% gc time)
  3.234112 seconds (11.24 k allocations: 14.129 MiB, 0.74% gc time)
  1.617737 seconds (3.39 k allocations: 4.210 MiB, 1.47% gc time)
8424
3945
9927
6969
5397
  1.689593 seconds (33.54 k allocations: 40.495 MiB)
2455
  1.690980 seconds (28.41 k allocations: 34.609 MiB)
8425
  1.786967 seconds (15.97 k allocations: 21.355 MiB)
9928
  1.795065 seconds (22.80 k allocations: 30.238 MiB)
3946
  1.796002 seconds (29.76 k allocations: 36.813 MiB)
5398
  1.800779 seconds (34.66 k allocations: 43.727 MiB)
6970
  1.687554 seconds (36.67 k allocations: 46.303 MiB)
2456
  1.690467 seconds (39.64 k allocations: 50.032 MiB)
8426
  1.692589 seconds (29.98 k allocations: 37.553 MiB)
3947
  1.706668 seconds (43.99 k allocations: 54.480 MiB)
9929
  1.699498 seconds (30.98 k allocations: 39.286 MiB)
5399
  1.700931 seconds (35.01 k allocations: 44.092 MiB)
6971
  1.690612 seconds (39.34 k allocations: 49.081 MiB)
2457
  1.690574 seconds (39.64 k allocations: 50.032 MiB)
8427
  1.695272 seconds (38.70 k allocations: 48.379 MiB)
3948
  1.696487 seconds (25.37 k allocations: 32.867 MiB)
  1.704939 seconds (37.46 k allocations: 47.590 MiB)
5400
9930
  1.704432 seconds (33.89 k allocations: 41.714 MiB)
6972
  1.692467 seconds (39.34 k allocations: 49.081 MiB)
2458
  1.918456 seconds (38.42 k allocations: 47.565 MiB, 2.24% gc time)
  1.773014 seconds (10.97 k allocations: 13.120 MiB, 2.43% gc time)
  1.796567 seconds (30.52 k allocations: 37.587 MiB, 2.40% gc time)
  1.765385 seconds (6.87 k allocations: 7.727 MiB, 2.44% gc time)
  1.774123 seconds (13.66 k allocations: 18.432 MiB, 2.43% gc time)
6973
8428
3949
5401
9931
  1.687203 seconds (37.96 k allocations: 45.105 MiB)
2459
  1.727375 seconds (15.53 k allocations: 19.028 MiB)
  1.726017 seconds (14.33 k allocations: 18.410 MiB)
6974
3950
  1.737066 seconds (30.69 k allocations: 38.291 MiB)
8429
  2.560284 seconds (39.42 k allocations: 49.165 MiB)
5402
  2.563888 seconds (39.72 k allocations: 50.117 MiB)
9932
  1.688331 seconds (23.51 k allocations: 29.102 MiB)
3951
  1.697546 seconds (28.31 k allocations: 36.557 MiB)
6975
  2.137742 seconds (55.70 k allocations: 70.264 MiB)
2460
  2.094575 seconds (39.72 k allocations: 50.117 MiB)
8430
  2.309873 seconds (31.73 k allocations: 40.043 MiB)
9933
  1.700778 seconds (29.47 k allocations: 37.049 MiB)
3952
  1.706395 seconds (31.81 k allocations: 40.127 MiB)
6976
  2.865007 seconds (63.61 k allocations: 80.253 MiB)
5403
  1.701681 seconds (39.72 k allocations: 50.117 MiB)
2461
  1.689543 seconds (23.82 k allocations: 30.053 MiB)
3953
  2.959753 seconds (34.60 k allocations: 43.670 MiB, 1.04% gc time)
  2.713622 seconds (18.83 k allocations: 23.797 MiB, 1.13% gc time)
  3.999710 seconds (42.87 k allocations: 54.166 MiB, 0.77% gc time)
  2.421691 seconds (11.07 k allocations: 14.057 MiB, 1.27% gc time)
  2.336068 seconds (4.30 k allocations: 7.060 MiB, 1.31% gc time)
9934
8431
6977
5404
2462
  1.691411 seconds (15.90 k allocations: 21.168 MiB)
8432
  1.706343 seconds (19.20 k allocations: 25.225 MiB)
9935
  1.775926 seconds (29.59 k allocations: 37.727 MiB)
3954
  1.784176 seconds (31.42 k allocations: 39.090 MiB)
6978
  2.586039 seconds (32.00 k allocations: 41.548 MiB)
5405
  1.692767 seconds (31.51 k allocations: 39.175 MiB)
8433
  3.403933 seconds (47.71 k allocations: 60.190 MiB)
2463
  1.701014 seconds (31.73 k allocations: 40.043 MiB)
3955
  1.701447 seconds (31.64 k allocations: 39.959 MiB)
6979
  2.135025 seconds (55.62 k allocations: 70.180 MiB)
9936
  2.099908 seconds (39.64 k allocations: 50.033 MiB)
5406
  1.691884 seconds (23.82 k allocations: 30.053 MiB)
3956
  1.700006 seconds (23.73 k allocations: 29.969 MiB)
6980
  1.894397 seconds (47.63 k allocations: 60.106 MiB)
2464
  2.344714 seconds (63.45 k allocations: 80.085 MiB)
8434
  2.428888 seconds (39.72 k allocations: 50.117 MiB)
9937
  1.689105 seconds (31.81 k allocations: 40.127 MiB)
3957
  3.073068 seconds (22.37 k allocations: 27.341 MiB, 0.43% gc time)
  3.218693 seconds (30.23 k allocations: 37.298 MiB, 0.41% gc time)
  3.705362 seconds (46.30 k allocations: 57.486 MiB, 0.36% gc time)
  2.127294 seconds (6.72 k allocations: 7.628 MiB, 0.63% gc time)
  2.650831 seconds (14.58 k allocations: 17.520 MiB, 0.50% gc time)
2465
9938
8435
6981
5407
  1.687002 seconds (22.75 k allocations: 27.030 MiB)
2466
  1.693089 seconds (28.44 k allocations: 33.541 MiB)
9939
  1.785942 seconds (16.57 k allocations: 21.964 MiB)
8436
  1.817919 seconds (49.43 k allocations: 61.234 MiB)
3958
  1.801371 seconds (31.73 k allocations: 40.043 MiB)
6982
  1.829659 seconds (39.72 k allocations: 50.117 MiB)
5408
  1.687756 seconds (37.17 k allocations: 46.819 MiB)
2467
  1.692855 seconds (39.64 k allocations: 50.033 MiB)
9940
  1.693512 seconds (35.73 k allocations: 45.357 MiB)
8437
  1.695453 seconds (37.02 k allocations: 46.136 MiB)
3959
  1.703942 seconds (39.72 k allocations: 50.117 MiB)
6983
  1.708078 seconds (39.72 k allocations: 50.117 MiB)
5409
  1.693056 seconds (39.72 k allocations: 50.117 MiB)
2468
  1.708383 seconds (39.64 k allocations: 50.033 MiB)
9941
  1.701221 seconds (37.47 k allocations: 47.116 MiB)
8438
  1.701147 seconds (35.28 k allocations: 44.365 MiB)
3960
  1.713836 seconds (39.72 k allocations: 50.117 MiB)
6984
  1.700467 seconds (39.80 k allocations: 50.201 MiB)
5410
  1.691698 seconds (39.80 k allocations: 50.201 MiB)
2469
  1.834724 seconds (23.11 k allocations: 29.330 MiB, 4.26% gc time)
  1.943444 seconds (35.03 k allocations: 44.104 MiB, 4.02% gc time)
  1.826698 seconds (19.19 k allocations: 24.078 MiB, 4.27% gc time)
  1.793617 seconds (11.23 k allocations: 14.041 MiB, 4.35% gc time)
  1.775181 seconds (3.43 k allocations: 4.222 MiB, 4.40% gc time)
3961
9942
6985
5411
8439
  1.686835 seconds (36.03 k allocations: 43.025 MiB)
2470
  1.727634 seconds (7.92 k allocations: 9.990 MiB)
5412
  1.731629 seconds (10.27 k allocations: 13.091 MiB)
3962
  1.731528 seconds (18.48 k allocations: 22.162 MiB)
  1.736978 seconds (20.74 k allocations: 26.339 MiB)
8440
6986
  1.742424 seconds (33.80 k allocations: 41.643 MiB)
9943
  1.687725 seconds (39.80 k allocations: 50.201 MiB)
2471
  1.696517 seconds (33.60 k allocations: 41.833 MiB)
  1.691508 seconds (18.54 k allocations: 23.981 MiB)
5413
3963
  1.693063 seconds (19.31 k allocations: 25.467 MiB)
8441
  1.703153 seconds (35.20 k allocations: 44.817 MiB)
6987
  1.702331 seconds (34.46 k allocations: 43.530 MiB)
9944
  1.689787 seconds (39.72 k allocations: 50.117 MiB)
2472
  1.696736 seconds (29.26 k allocations: 38.038 MiB)
  1.693778 seconds (24.20 k allocations: 31.089 MiB)
5414
8442
  1.704376 seconds (39.72 k allocations: 50.117 MiB)
3964
  1.711368 seconds (34.27 k allocations: 43.859 MiB)
6988
  1.714988 seconds (37.99 k allocations: 47.131 MiB)
9945
  1.688854 seconds (39.72 k allocations: 50.117 MiB)
2473
  1.758309 seconds (30.52 k allocations: 37.505 MiB, 0.89% gc time)
  1.760167 seconds (30.62 k allocations: 37.682 MiB, 0.89% gc time)
  1.747120 seconds (22.83 k allocations: 27.842 MiB, 0.90% gc time)
  1.724781 seconds (13.06 k allocations: 15.285 MiB, 0.91% gc time)
  1.715852 seconds (7.10 k allocations: 8.029 MiB, 0.91% gc time)
6989
8443
3965
5415
9946
  1.686749 seconds (38.04 k allocations: 45.189 MiB)
2474
  1.702089 seconds (20.29 k allocations: 27.489 MiB)
6990
  1.700460 seconds (9.70 k allocations: 13.725 MiB)
9947
  1.721514 seconds (23.73 k allocations: 29.969 MiB)
3966
  1.731492 seconds (31.73 k allocations: 40.043 MiB)
  1.735676 seconds (32.12 k allocations: 41.080 MiB)
8444
5416
  1.688189 seconds (39.72 k allocations: 50.117 MiB)
2475
  1.702813 seconds (33.14 k allocations: 42.707 MiB)
6991
  1.704925 seconds (35.35 k allocations: 44.448 MiB)
9948
  1.693328 seconds (39.34 k allocations: 49.081 MiB)
3967
  1.692488 seconds (31.73 k allocations: 40.043 MiB)
8445
  1.696022 seconds (34.78 k allocations: 43.864 MiB)
5417
  1.686255 seconds (39.64 k allocations: 50.033 MiB)
2476
  1.704502 seconds (35.40 k allocations: 45.018 MiB)
6992
  1.704758 seconds (35.96 k allocations: 45.065 MiB)
9949
  1.695877 seconds (34.56 k allocations: 43.639 MiB)
3968
  1.694653 seconds (31.73 k allocations: 40.043 MiB)
8446
  1.696271 seconds (32.51 k allocations: 41.542 MiB)
5418
  1.688382 seconds (39.64 k allocations: 50.033 MiB)
2477
  1.692635 seconds (23.73 k allocations: 29.969 MiB)
  1.704524 seconds (36.18 k allocations: 45.806 MiB)
3969
6993
  3.344262 seconds (27.32 k allocations: 35.031 MiB, 0.80% gc time)  3.322062 seconds (11.62 k allocations: 15.138 MiB, 0.81% gc time)
  3.324019 seconds (11.56 k allocations: 15.099 MiB, 0.81% gc time)

  1.711587 seconds (6.33 k allocations: 9.789 MiB, 1.56% gc time)
8447
5419
9950
2478
  1.719665 seconds (3 allocations: 896 bytes)
5420
  1.752765 seconds (40.27 k allocations: 49.224 MiB)
3970
  1.765307 seconds (15.83 k allocations: 19.979 MiB)
2479
  1.794663 seconds (35.33 k allocations: 46.693 MiB)
6994
  1.798738 seconds (29.76 k allocations: 39.267 MiB)
8448
  1.815191 seconds (39.72 k allocations: 50.116 MiB)
9951
  1.702683 seconds (39.72 k allocations: 50.117 MiB)
5421
  1.707140 seconds (39.72 k allocations: 50.117 MiB)
3971
  1.697310 seconds (39.64 k allocations: 50.033 MiB)
2480
  1.699058 seconds (31.64 k allocations: 39.959 MiB)
8449
  1.710434 seconds (37.80 k allocations: 48.146 MiB)
6995
  1.728029 seconds (39.64 k allocations: 50.033 MiB)
9952
  1.700285 seconds (39.64 k allocations: 50.033 MiB)
5422
  1.706030 seconds (39.64 k allocations: 50.033 MiB)
  1.694177 seconds (32.12 k allocations: 41.080 MiB)
3972
2481
  1.707005 seconds (32.75 k allocations: 42.309 MiB)
8450
  1.718773 seconds (39.72 k allocations: 50.117 MiB)
6996
  1.724272 seconds (39.72 k allocations: 50.117 MiB)
9953
  1.701256 seconds (39.80 k allocations: 50.201 MiB)
5423
  1.907754 seconds (26.85 k allocations: 33.848 MiB, 3.65% gc time)
  1.906406 seconds (26.88 k allocations: 33.854 MiB, 3.65% gc time)
  1.864697 seconds (18.76 k allocations: 23.314 MiB, 3.73% gc time)
  1.850914 seconds (11.19 k allocations: 14.150 MiB, 3.76% gc time)
  1.789649 seconds (3.28 k allocations: 4.218 MiB, 3.89% gc time)
2482
3973
9954
8451
6997
  1.699979 seconds (35.80 k allocations: 42.790 MiB)
5424
  1.735680 seconds (10.16 k allocations: 15.945 MiB)
2483
  1.734218 seconds (8.91 k allocations: 11.701 MiB)
  1.735785 seconds (11.15 k allocations: 14.640 MiB)
8452
6998
  1.734084 seconds (16.74 k allocations: 21.094 MiB)
3974
  1.760514 seconds (40.41 k allocations: 52.050 MiB)
9955
  1.689505 seconds (39.80 k allocations: 50.201 MiB)
5425
  1.690526 seconds (27.63 k allocations: 35.689 MiB)
2484
  1.696699 seconds (26.88 k allocations: 33.182 MiB)
8453
  1.703665 seconds (32.98 k allocations: 41.317 MiB)
  1.698705 seconds (31.94 k allocations: 39.687 MiB)
6999
3975
  1.716237 seconds (39.80 k allocations: 50.201 MiB)
9956
  1.699383 seconds (39.72 k allocations: 50.117 MiB)
5426
  1.692483 seconds (38.87 k allocations: 48.553 MiB)
2485
  1.694101 seconds (38.20 k allocations: 47.344 MiB)
8454
  1.700954 seconds (31.81 k allocations: 40.127 MiB)
3976
  1.708134 seconds (33.04 k allocations: 43.297 MiB)
7000
  1.713145 seconds (39.72 k allocations: 50.117 MiB)
9957
  1.696142 seconds (39.72 k allocations: 50.117 MiB)
5427
  1.851841 seconds (30.17 k allocations: 37.222 MiB, 4.14% gc time)
  1.865425 seconds (37.79 k allocations: 46.408 MiB, 4.11% gc time)
  1.832663 seconds (14.66 k allocations: 18.817 MiB, 4.18% gc time)
  1.830139 seconds (14.46 k allocations: 17.461 MiB, 4.19% gc time)
  1.787204 seconds (6.51 k allocations: 7.434 MiB, 4.29% gc time)
8455
2486
9958
3977
  1.697180 seconds (30.28 k allocations: 35.984 MiB)
5428
  1.701670 seconds (7.91 k allocations: 9.990 MiB)
  1.720791 seconds (15.59 k allocations: 19.124 MiB)
3978
8456
  1.725855 seconds (22.39 k allocations: 27.417 MiB)
  1.726138 seconds (25.80 k allocations: 31.541 MiB)
2487
9959
  1.694472 seconds (31.81 k allocations: 40.127 MiB)
5429
  1.690554 seconds (17.48 k allocations: 22.200 MiB)
  1.692230 seconds (16.86 k allocations: 22.205 MiB)
3979
  1.687794 seconds (9.67 k allocations: 13.137 MiB)
8457
2488
  1.698237 seconds (31.81 k allocations: 40.127 MiB)
9960
  1.695541 seconds (31.89 k allocations: 40.211 MiB)
5430
  1.690015 seconds (17.84 k allocations: 23.256 MiB)
3980
  1.689293 seconds (17.58 k allocations: 21.824 MiB)
  1.693962 seconds (20.12 k allocations: 26.929 MiB)
2489
8458
  1.699322 seconds (31.73 k allocations: 40.043 MiB)
9961
  1.695457 seconds (31.81 k allocations: 40.127 MiB)
5431
  1.689159 seconds (21.61 k allocations: 28.333 MiB)
3981
  1.688395 seconds (18.59 k allocations: 23.503 MiB)
  3.278520 seconds (18.93 k allocations: 24.050 MiB, 0.76% gc time)
  3.258947 seconds (11.11 k allocations: 14.273 MiB, 0.76% gc time)
  1.617731 seconds (3.33 k allocations: 4.555 MiB, 1.54% gc time)
2490
9962
8459
5432
  1.692609 seconds (8.45 k allocations: 11.066 MiB)
  1.698393 seconds (6.23 k allocations: 9.447 MiB)
9963
2491
  1.779826 seconds (23.32 k allocations: 30.087 MiB)
3982
  1.796892 seconds (23.90 k allocations: 30.138 MiB)
8460
  1.804054 seconds (31.58 k allocations: 38.672 MiB)
5433
  1.686373 seconds (23.90 k allocations: 30.137 MiB)
2492
  1.690595 seconds (25.26 k allocations: 32.229 MiB)
9964
  1.698620 seconds (31.73 k allocations: 40.043 MiB)
3983
  1.691163 seconds (31.34 k allocations: 39.007 MiB)
8461
  1.695238 seconds (31.64 k allocations: 39.959 MiB)
5434
  1.687421 seconds (25.45 k allocations: 32.948 MiB)
2493
  1.699538 seconds (31.73 k allocations: 40.043 MiB)
9965
  1.701932 seconds (31.73 k allocations: 40.043 MiB)
3984
  1.692827 seconds (31.81 k allocations: 40.127 MiB)
8462
  1.697551 seconds (31.81 k allocations: 40.127 MiB)
5435
  1.689555 seconds (31.81 k allocations: 40.127 MiB)
2494
  1.815582 seconds (26.95 k allocations: 33.942 MiB, 0.68% gc time)
  1.735141 seconds (19.01 k allocations: 23.917 MiB, 0.71% gc time)
  1.724142 seconds (11.19 k allocations: 13.991 MiB, 0.72% gc time)
  1.706558 seconds (3.24 k allocations: 3.977 MiB, 0.72% gc time)
8463
9966
3985
5436
  1.691663 seconds (29.55 k allocations: 35.147 MiB)
2495
  1.701083 seconds (8.58 k allocations: 13.115 MiB)
5437
  1.710835 seconds (15.61 k allocations: 18.548 MiB)
8464
  1.719488 seconds (23.82 k allocations: 30.054 MiB)
3986
  1.728817 seconds (31.73 k allocations: 40.043 MiB)
9967
  1.689994 seconds (31.73 k allocations: 40.043 MiB)
2496
  1.696469 seconds (23.82 k allocations: 30.053 MiB)
  1.705072 seconds (30.96 k allocations: 39.096 MiB)
8465
5438
  1.712164 seconds (31.81 k allocations: 40.127 MiB)
3987
  1.712385 seconds (30.64 k allocations: 37.711 MiB)
9968
  1.689233 seconds (31.81 k allocations: 40.127 MiB)
2497
  1.695411 seconds (23.82 k allocations: 30.053 MiB)
8466
  1.703733 seconds (27.65 k allocations: 34.655 MiB)
5439
  1.701419 seconds (31.37 k allocations: 39.028 MiB)
3988
  1.694138 seconds (26.18 k allocations: 33.170 MiB)
9969
  1.687780 seconds (31.73 k allocations: 40.043 MiB)
2498
  1.777568 seconds (25.30 k allocations: 31.574 MiB, 2.73% gc time)
  1.772416 seconds (22.57 k allocations: 27.554 MiB, 2.74% gc time)
  1.739434 seconds (6.84 k allocations: 7.640 MiB, 2.79% gc time)
  1.746183 seconds (11.04 k allocations: 13.155 MiB, 2.78% gc time)
8467
9970
3989
5440
  1.691411 seconds (30.35 k allocations: 36.067 MiB)
2499
  1.721432 seconds (8.00 k allocations: 10.075 MiB)
9971
  1.729382 seconds (13.32 k allocations: 16.201 MiB)
  1.733857 seconds (16.38 k allocations: 21.185 MiB)
3990
  1.734611 seconds (18.70 k allocations: 24.252 MiB)
8468
5441
  1.686442 seconds (31.89 k allocations: 40.211 MiB)
2500
  1.689155 seconds (29.28 k allocations: 36.212 MiB)
9972
  1.693498 seconds (15.82 k allocations: 19.980 MiB)
  1.695593 seconds (16.21 k allocations: 21.016 MiB)
8469
  1.700136 seconds (18.27 k allocations: 26.271 MiB)
5442
3991
  1.689284 seconds (31.64 k allocations: 39.959 MiB)
  1.692752 seconds (24.13 k allocations: 31.006 MiB)
9973
  1.690409 seconds (9.63 k allocations: 13.611 MiB)
  1.692960 seconds (10.84 k allocations: 15.479 MiB)
8470
5443
  1.699364 seconds (23.86 k allocations: 29.502 MiB)
3992
  1.677375 seconds (8.98 k allocations: 12.303 MiB)
8471
  1.859181 seconds (10.68 k allocations: 12.866 MiB, 2.86% gc time)
  1.847404 seconds (3.19 k allocations: 3.920 MiB, 2.88% gc time)
  1.874211 seconds (26.85 k allocations: 33.638 MiB, 2.83% gc time)
3993
9974
5444
  1.691954 seconds (20.44 k allocations: 24.561 MiB)
8472
  1.712290 seconds (8.99 k allocations: 13.537 MiB)
3994
  1.733567 seconds (15.99 k allocations: 20.148 MiB)
9975
  1.739839 seconds (21.29 k allocations: 26.252 MiB)
5445
  1.691817 seconds (23.98 k allocations: 30.222 MiB)
8473
  1.689774 seconds (23.90 k allocations: 30.137 MiB)
3995
  1.693215 seconds (21.94 k allocations: 27.449 MiB)
9976
  1.697058 seconds (23.23 k allocations: 28.233 MiB)
5446
  1.694508 seconds (23.82 k allocations: 30.053 MiB)
8474
  1.693655 seconds (23.82 k allocations: 30.053 MiB)
3996
  1.690674 seconds (22.91 k allocations: 28.439 MiB)
9977
  1.699244 seconds (23.90 k allocations: 30.137 MiB)
5447
  1.695605 seconds (23.98 k allocations: 30.222 MiB)
8475
  1.783160 seconds (22.64 k allocations: 27.628 MiB, 2.61% gc time)
  1.757350 seconds (14.71 k allocations: 17.604 MiB, 2.65% gc time)
  1.740693 seconds (6.76 k allocations: 7.556 MiB, 2.67% gc time)
9978
3997
5448
  1.692981 seconds (22.55 k allocations: 26.771 MiB)
8476
  1.724288 seconds (7.91 k allocations: 9.990 MiB)
5449
  1.730618 seconds (12.71 k allocations: 15.571 MiB)
  1.730305 seconds (13.81 k allocations: 17.139 MiB)
9979
3998
  1.697351 seconds (23.73 k allocations: 29.969 MiB)
8477
  1.699422 seconds (21.59 k allocations: 26.447 MiB)
5450
  1.695306 seconds (14.99 k allocations: 19.129 MiB)
3999
  1.697989 seconds (16.74 k allocations: 21.616 MiB)
9980
  1.697216 seconds (23.90 k allocations: 30.137 MiB)
8478
  1.701374 seconds (23.52 k allocations: 29.102 MiB)
5451
  1.698968 seconds (18.58 k allocations: 24.014 MiB)
4000
  1.706966 seconds (21.80 k allocations: 26.770 MiB)
9981
  1.697841 seconds (23.82 k allocations: 30.053 MiB)
8479
  1.701322 seconds (23.64 k allocations: 29.566 MiB)
5452
  3.284489 seconds (15.21 k allocations: 19.362 MiB, 1.38% gc time)
  1.643106 seconds (3.01 k allocations: 3.742 MiB, 2.76% gc time)
  3.274854 seconds (11.04 k allocations: 13.865 MiB, 1.38% gc time)
8480
9982
  1.694112 seconds (15.15 k allocations: 17.993 MiB)
5453
  1.733384 seconds (7.91 k allocations: 9.990 MiB)
8481
  1.798854 seconds (15.90 k allocations: 20.064 MiB)
9983
  1.703766 seconds (15.98 k allocations: 20.148 MiB)
5454
  1.691325 seconds (15.98 k allocations: 20.148 MiB)
8482
  1.691881 seconds (15.98 k allocations: 20.148 MiB)
9984
  1.698026 seconds (15.98 k allocations: 20.148 MiB)
5455
  1.699705 seconds (15.98 k allocations: 20.148 MiB)
8483
  1.695712 seconds (15.90 k allocations: 20.064 MiB)
9985
  1.696221 seconds (15.90 k allocations: 20.064 MiB)
5456
  1.787069 seconds (14.43 k allocations: 17.339 MiB, 1.90% gc time)
  1.722349 seconds (6.47 k allocations: 7.290 MiB, 1.98% gc time)
8484
9986
  1.697131 seconds (14.51 k allocations: 17.297 MiB)
5457
  1.711120 seconds (7.91 k allocations: 9.990 MiB)
9987
  1.729964 seconds (15.82 k allocations: 19.980 MiB)
8485
  1.687137 seconds (15.90 k allocations: 20.064 MiB)
5458
  1.692386 seconds (15.98 k allocations: 20.148 MiB)
9988
  1.692546 seconds (15.90 k allocations: 20.064 MiB)
8486
  1.696238 seconds (15.82 k allocations: 19.980 MiB)
5459
  1.691250 seconds (15.82 k allocations: 19.980 MiB)
9989
  1.691352 seconds (15.82 k allocations: 19.980 MiB)
8487
  1.695193 seconds (15.90 k allocations: 20.064 MiB)
5460
  1.689518 seconds (15.90 k allocations: 20.064 MiB)
9990
  3.285699 seconds (11.06 k allocations: 13.892 MiB, 0.81% gc time)  1.624286 seconds (3.17 k allocations: 3.933 MiB, 1.65% gc time)

5461
8488
  1.683365 seconds (4.55 k allocations: 5.865 MiB)
5462
  1.694608 seconds (16.79 k allocations: 20.320 MiB)
9991
  1.790997 seconds (15.82 k allocations: 19.980 MiB)
8489
  1.695941 seconds (13.57 k allocations: 16.980 MiB)
  1.688072 seconds (8.29 k allocations: 11.026 MiB)
5463
9992
  1.690524 seconds (15.90 k allocations: 20.064 MiB)
8490
  1.693925 seconds (8.89 k allocations: 12.209 MiB)
5464
  1.693525 seconds (8.87 k allocations: 11.671 MiB)
9993
  1.691796 seconds (15.90 k allocations: 20.064 MiB)
8491
  1.690113 seconds (7.91 k allocations: 9.990 MiB)
  1.696816 seconds (10.71 k allocations: 14.713 MiB)
9994
5465
  1.700428 seconds (7.27 k allocations: 8.812 MiB, 0.88% gc time)
8492
  1.691833 seconds (1 allocation: 736 bytes)
  1.700199 seconds (5.25 k allocations: 7.213 MiB)
8493
5466
  1.736747 seconds (15.99 k allocations: 20.147 MiB)
9995
  1.685182 seconds (7.91 k allocations: 9.990 MiB)
  1.691041 seconds (10.39 k allocations: 14.394 MiB)
5467
8494
  1.691318 seconds (15.90 k allocations: 20.064 MiB)
9996
  1.693750 seconds (7.91 k allocations: 9.990 MiB)
  1.696649 seconds (8.10 k allocations: 11.458 MiB)
5468
8495
  1.691834 seconds (15.82 k allocations: 19.980 MiB)
9997
  1.695278 seconds (8.74 k allocations: 12.068 MiB)
  1.692484 seconds (8.38 k allocations: 11.110 MiB)
5469
8496
  1.699468 seconds (8.60 k allocations: 10.174 MiB, 0.56% gc time)
9998
  1.691837 seconds (3.44 k allocations: 4.726 MiB)
  1.688779 seconds (383 allocations: 1.036 MiB)
8497
9999
  1.723136 seconds (18.36 k allocations: 23.793 MiB)
5470
  1.689387 seconds (7.99 k allocations: 10.074 MiB)
10000
  1.694486 seconds (9.12 k allocations: 13.152 MiB)
8498
  1.686342 seconds (15.98 k allocations: 20.148 MiB)
5471
  1.692263 seconds (9.80 k allocations: 13.138 MiB)
  1.692532 seconds (8.38 k allocations: 11.110 MiB)
  1.693073 seconds (765 allocations: 2.072 MiB)
8499
5472
  1.619286 seconds (2 allocations: 816 bytes)
5473
  1.637566 seconds (7.99 k allocations: 10.074 MiB, 0.44% gc time)
8500
  1.589209 seconds (1 allocation: 736 bytes)
  1.595948 seconds (6.32 k allocations: 8.309 MiB)
5474
  1.602799 seconds (1 allocation: 736 bytes)
5475
  1.592576 seconds (1 allocation: 736 bytes)
5476
  1.593263 seconds (1 allocation: 736 bytes)
5477
  1.592930 seconds (1 allocation: 736 bytes)
5478
  1.592276 seconds (1 allocation: 736 bytes)
5479
  1.601398 seconds (1 allocation: 736 bytes)
5480
  1.592512 seconds (1 allocation: 736 bytes)
5481
  1.593291 seconds (1 allocation: 736 bytes)
5482
  1.594180 seconds (1 allocation: 736 bytes)
5483
  1.600758 seconds (1 allocation: 736 bytes)
5484
  1.593265 seconds (1 allocation: 736 bytes)
5485
  1.592312 seconds (1 allocation: 736 bytes)
5486
  1.592893 seconds (1 allocation: 736 bytes)
5487
  1.606547 seconds (1 allocation: 736 bytes)
5488
  1.592867 seconds (1 allocation: 736 bytes)
5489
  1.592234 seconds (1 allocation: 736 bytes)
5490
  1.593099 seconds (1 allocation: 736 bytes)
5491
  1.593104 seconds (1 allocation: 736 bytes)
5492
  1.593099 seconds (1 allocation: 736 bytes)
5493
  1.594173 seconds (1 allocation: 736 bytes)
5494
  1.614365 seconds (1 allocation: 736 bytes)
5495
  1.674106 seconds (1 allocation: 736 bytes)
5496
  1.586293 seconds (1 allocation: 736 bytes)
5497
  1.593220 seconds (1 allocation: 736 bytes)
5498
  1.594724 seconds (1 allocation: 736 bytes)
5499
  1.593268 seconds (1 allocation: 736 bytes)
5500
  1.592487 seconds (1 allocation: 736 bytes)
