/home/dswartz/julia-1.9.0/bin/julia
Graph 1 is connected.
Graph 2 is connected.
Graph 3 is connected.
Graph 4 is connected.
Graph 5 is connected.
Graph 6 is connected.
Graph 7 is connected.
Graph 8 is connected.
Graph 9 is connected.
Graph 10 is connected.
Graph 11 is connected.
Matrix 1 is not normalized
Matrix 2 is not normalized
Matrix 3 is not normalized
Matrix 4 is not normalized
Matrix 5 is not normalized
Matrix 6 is not normalized
Matrix 7 is not normalized
Matrix 8 is not normalized
Matrix 9 is not normalized
Matrix 10 is not normalized
Matrix 11 is not normalized
Number of threads: 6
8501
10015501700125014001




  1.704224 seconds (22.03 k allocations: 28.592 MiB)
8502
  1.696921 seconds (5.65 k allocations: 6.270 MiB, 1.36% compilation time)
4002
  1.701976 seconds (8.78 k allocations: 11.382 MiB, 1.35% compilation time)
  1.700767 seconds (8.96 k allocations: 11.626 MiB, 1.35% compilation time)
  1.702143 seconds (9.17 k allocations: 11.893 MiB, 1.35% compilation time)
  1.713928 seconds (12.20 k allocations: 18.860 MiB, 1.34% compilation time)
7002
5502
1002
2502
  1.714922 seconds (37.55 k allocations: 46.354 MiB)
8503
  1.695409 seconds (7.99 k allocations: 10.074 MiB)
  1.698783 seconds (8.21 k allocations: 11.687 MiB)
  1.709728 seconds (13.13 k allocations: 20.679 MiB)
  1.703090 seconds (9.05 k allocations: 13.504 MiB)
2503
5503
  1.706107 seconds (9.80 k allocations: 15.144 MiB)
4003
  1.795278 seconds (7.41 k allocations: 10.944 MiB, 5.68% gc time)
1003
7003
8504
  1.707607 seconds (19.33 k allocations: 25.835 MiB)
2504
  1.747038 seconds (7.91 k allocations: 9.990 MiB)
8505
  1.798720 seconds (15.91 k allocations: 20.064 MiB)
5504
  1.809263 seconds (23.75 k allocations: 28.762 MiB)
4004
  1.816015 seconds (31.89 k allocations: 40.211 MiB)
1004
  1.824739 seconds (36.61 k allocations: 45.721 MiB)
7004
  1.691118 seconds (39.88 k allocations: 50.285 MiB)
2505
  1.708483 seconds (39.80 k allocations: 50.201 MiB)
8506
  1.703228 seconds (38.66 k allocations: 48.330 MiB)
5505
  1.708481 seconds (39.12 k allocations: 48.809 MiB)
4005
  1.697919 seconds (31.50 k allocations: 39.805 MiB)
1005
  1.709755 seconds (38.08 k allocations: 47.217 MiB)
7005
  1.693539 seconds (39.80 k allocations: 50.201 MiB)
2506
  1.683884 seconds (39.80 k allocations: 50.201 MiB)
8507
  1.698085 seconds (39.69 k allocations: 49.910 MiB)
5506
  1.690923 seconds (35.12 k allocations: 44.726 MiB)
4006
  1.704069 seconds (37.81 k allocations: 47.474 MiB)
1006
  1.702876 seconds (37.92 k allocations: 47.057 MiB)
7006
  1.693679 seconds (39.64 k allocations: 50.033 MiB)
2507
  1.938307 seconds (37.95 k allocations: 47.080 MiB, 6.43% gc time)
  1.877948 seconds (30.07 k allocations: 37.114 MiB, 6.63% gc time)
  1.835258 seconds (12.46 k allocations: 14.588 MiB, 6.79% gc time)
  1.861298 seconds (22.23 k allocations: 27.162 MiB, 6.69% gc time)
  1.823919 seconds (6.49 k allocations: 7.344 MiB, 6.83% gc time)
1007
5507
4007
7007
8508
  1.691026 seconds (34.65 k allocations: 41.463 MiB)
2508
  1.731495 seconds (7.91 k allocations: 9.990 MiB)
  1.732727 seconds (8.30 k allocations: 11.026 MiB)
  1.733782 seconds (8.69 k allocations: 12.063 MiB)
5508
7008
  1.740898 seconds (23.77 k allocations: 29.435 MiB)
4008
1008
  1.749273 seconds (31.17 k allocations: 38.953 MiB)
8509
  1.693448 seconds (39.80 k allocations: 50.201 MiB)
2509
  1.689971 seconds (31.04 k allocations: 38.056 MiB)
5509
  1.689920 seconds (31.54 k allocations: 39.255 MiB)
7009
  1.699011 seconds (25.77 k allocations: 33.269 MiB)
1009
  1.701585 seconds (27.70 k allocations: 35.930 MiB)
4009
  1.700594 seconds (30.47 k allocations: 38.226 MiB)
8510
  1.688624 seconds (39.72 k allocations: 50.117 MiB)
2510
  1.695958 seconds (31.81 k allocations: 40.127 MiB)
5510
  1.700754 seconds (34.39 k allocations: 43.462 MiB)
7010
  1.681443 seconds (23.89 k allocations: 30.137 MiB)
8511
  1.693710 seconds (32.93 k allocations: 42.502 MiB)
1010
  1.695365 seconds (36.16 k allocations: 45.265 MiB)
4010
  1.689072 seconds (39.96 k allocations: 50.369 MiB)
2511
  1.687927 seconds (30.52 k allocations: 38.116 MiB)
  1.691416 seconds (32.12 k allocations: 40.818 MiB)
7011
5511
  3.417376 seconds (23.05 k allocations: 29.272 MiB, 3.02% gc time)
  3.409353 seconds (15.92 k allocations: 20.760 MiB, 3.03% gc time)
  1.794954 seconds (4.88 k allocations: 6.335 MiB, 5.75% gc time)
  3.402036 seconds (12.75 k allocations: 16.284 MiB, 3.03% gc time)
2512
8512
4011
1011
  1.689652 seconds (20.88 k allocations: 27.424 MiB)
7012
  1.742326 seconds (8.00 k allocations: 10.075 MiB)
2513
  1.788148 seconds (15.99 k allocations: 21.378 MiB)
5512
  1.790745 seconds (20.71 k allocations: 25.655 MiB)
4012
  1.810697 seconds (31.73 k allocations: 40.043 MiB)
  1.811804 seconds (32.11 k allocations: 41.079 MiB)
1012
8513
  1.702117 seconds (39.64 k allocations: 50.033 MiB)
7013
  1.692717 seconds (39.72 k allocations: 50.117 MiB)
2514
  1.698057 seconds (36.46 k allocations: 46.101 MiB)
5513
  1.698484 seconds (34.52 k allocations: 43.598 MiB)
4013
  1.699708 seconds (35.19 k allocations: 44.803 MiB)
1013
  1.702945 seconds (39.29 k allocations: 48.458 MiB)
8514
  1.700774 seconds (39.64 k allocations: 50.033 MiB)
7014
  1.693820 seconds (39.64 k allocations: 50.033 MiB)
2515
  1.688284 seconds (32.42 k allocations: 41.977 MiB)
5514
  1.702306 seconds (39.72 k allocations: 50.117 MiB)
4014
  1.689962 seconds (31.89 k allocations: 40.211 MiB)
8515
  1.706218 seconds (43.60 k allocations: 54.077 MiB)
1014
  1.692369 seconds (39.88 k allocations: 50.285 MiB)
7015
  1.833076 seconds (30.32 k allocations: 37.384 MiB, 5.02% gc time)
  1.878466 seconds (38.26 k allocations: 47.410 MiB, 4.89% gc time)
  1.797525 seconds (9.74 k allocations: 11.803 MiB, 5.11% gc time)
  1.812000 seconds (22.38 k allocations: 27.337 MiB, 5.07% gc time)
  1.791896 seconds (6.61 k allocations: 7.392 MiB, 5.13% gc time)
5515
1015
8516
2516
4015
  1.694496 seconds (32.17 k allocations: 38.928 MiB)
7016
  1.728722 seconds (7.92 k allocations: 9.991 MiB)
1016
  1.729864 seconds (10.73 k allocations: 13.560 MiB)
5516
  1.731336 seconds (14.71 k allocations: 18.329 MiB)
2517
  1.739630 seconds (31.64 k allocations: 39.959 MiB)
4016
  1.761263 seconds (39.64 k allocations: 50.033 MiB)
8517
  1.698570 seconds (39.72 k allocations: 50.117 MiB)
7017
  1.687176 seconds (23.90 k allocations: 30.138 MiB)
5517
  1.695617 seconds (33.44 k allocations: 43.020 MiB)
1017
  1.701039 seconds (39.47 k allocations: 49.247 MiB)
2518
  1.695475 seconds (33.06 k allocations: 42.113 MiB)
4017
  1.704721 seconds (39.80 k allocations: 50.201 MiB)
8518
  1.688593 seconds (39.80 k allocations: 50.201 MiB)
7018
  1.680999 seconds (36.48 k allocations: 46.115 MiB)
  1.696980 seconds (31.81 k allocations: 40.207 MiB)
5518
1018
  1.693916 seconds (23.74 k allocations: 30.674 MiB)
2519
  1.700542 seconds (38.98 k allocations: 48.138 MiB)
4018
  1.679808 seconds (39.72 k allocations: 50.117 MiB)
8519
  1.699232 seconds (39.80 k allocations: 50.201 MiB)
7019
  1.694764 seconds (20.41 k allocations: 25.888 MiB)
  1.702648 seconds (30.07 k allocations: 39.098 MiB)
2520
1019
  1.693169 seconds (18.04 k allocations: 23.640 MiB)
4019
  3.330337 seconds (15.52 k allocations: 19.845 MiB, 0.69% gc time)
  1.709937 seconds (7.77 k allocations: 10.001 MiB, 1.34% gc time)  3.355131 seconds (28.32 k allocations: 36.040 MiB, 0.68% gc time)

7020
5519
8520
  1.687123 seconds (17.18 k allocations: 23.648 MiB)
2521
  1.716045 seconds (9.21 k allocations: 13.762 MiB)
7021
  1.782951 seconds (17.73 k allocations: 24.378 MiB)
4020
  1.800487 seconds (26.54 k allocations: 35.280 MiB)
1020
  1.796799 seconds (26.06 k allocations: 33.034 MiB)
5520
  1.802520 seconds (37.87 k allocations: 47.074 MiB)
8521
  1.694856 seconds (39.96 k allocations: 50.453 MiB)
2522
  1.696046 seconds (39.96 k allocations: 50.453 MiB)
7022
  1.686617 seconds (20.28 k allocations: 25.752 MiB)
5521
  1.709973 seconds (42.50 k allocations: 53.744 MiB)
4021
  1.694994 seconds (31.56 k allocations: 39.953 MiB)
1021
  1.702716 seconds (39.72 k allocations: 50.117 MiB)
8522
  1.687303 seconds (39.72 k allocations: 50.117 MiB)
2523
  1.694309 seconds (39.80 k allocations: 50.201 MiB)
7023
  1.683962 seconds (29.83 k allocations: 38.643 MiB)
  1.699705 seconds (25.23 k allocations: 33.372 MiB)
  1.701471 seconds (24.66 k allocations: 32.209 MiB)
  1.685264 seconds (17.13 k allocations: 23.255 MiB)
5522
4022
1022
8523
  1.696317 seconds (39.80 k allocations: 50.201 MiB)
2524
  1.777229 seconds (6.59 k allocations: 7.409 MiB, 2.50% gc time)
  1.789725 seconds (9.69 k allocations: 11.799 MiB, 2.48% gc time)
  1.981847 seconds (38.33 k allocations: 47.480 MiB, 2.24% gc time)
  1.788209 seconds (9.13 k allocations: 11.185 MiB, 2.48% gc time)
  1.786355 seconds (8.44 k allocations: 10.470 MiB, 2.49% gc time)
4023
1023
7024
5523
8524
  1.692877 seconds (37.73 k allocations: 44.854 MiB)
2525
  1.715706 seconds (10.34 k allocations: 16.130 MiB)
1024
  1.717617 seconds (10.56 k allocations: 13.399 MiB)
8525
  1.729844 seconds (25.90 k allocations: 34.628 MiB)
4024
  1.727919 seconds (27.99 k allocations: 35.011 MiB)
5524
  1.732086 seconds (35.58 k allocations: 44.666 MiB)
7025
  1.685499 seconds (39.72 k allocations: 50.117 MiB)
2526
  1.697586 seconds (35.47 k allocations: 45.082 MiB)
1025
  1.686531 seconds (15.02 k allocations: 17.936 MiB)
7026
  1.698537 seconds (28.91 k allocations: 36.490 MiB)
  1.704508 seconds (40.98 k allocations: 51.466 MiB)
4025
8526
  1.699454 seconds (34.88 k allocations: 43.947 MiB)
5525
  1.693216 seconds (39.72 k allocations: 50.117 MiB)
2527
  1.679433 seconds (10.91 k allocations: 14.273 MiB)
  1.690343 seconds (36.70 k allocations: 46.493 MiB)
8527
  1.686162 seconds (23.87 k allocations: 31.336 MiB)
1026
7027
  1.698802 seconds (31.93 k allocations: 39.042 MiB)
4026
  1.728245 seconds (39.72 k allocations: 50.117 MiB)
5526
  1.686450 seconds (39.72 k allocations: 50.117 MiB)
2528
  1.680978 seconds (38.95 k allocations: 48.045 MiB)
8528
  3.343142 seconds (25.34 k allocations: 31.607 MiB, 0.57% gc time)
  3.333806 seconds (18.78 k allocations: 23.691 MiB, 0.57% gc time)
  3.290306 seconds (10.91 k allocations: 13.718 MiB, 0.58% gc time)
  1.707559 seconds (3.01 k allocations: 3.845 MiB, 1.11% gc time)
  3.341494 seconds (23.80 k allocations: 30.100 MiB, 0.57% gc time)
4027
7028
2529
5527
1027
  1.683015 seconds (31.00 k allocations: 37.839 MiB)
8529
  1.684931 seconds (17.82 k allocations: 24.998 MiB)
2530
  1.774196 seconds (16.00 k allocations: 21.380 MiB)
5528
  1.788326 seconds (24.69 k allocations: 32.165 MiB)
7029
  1.791546 seconds (31.81 k allocations: 40.127 MiB)
1028
  1.809590 seconds (40.86 k allocations: 52.512 MiB)
4028
  1.698148 seconds (31.89 k allocations: 40.211 MiB)
2531
  1.713036 seconds (46.54 k allocations: 57.136 MiB)
8530
  1.698209 seconds (39.72 k allocations: 50.117 MiB)
5529
  1.692444 seconds (39.38 k allocations: 48.058 MiB)
7030
  1.702249 seconds (39.72 k allocations: 50.117 MiB)
1029
  1.709033 seconds (39.72 k allocations: 50.117 MiB)
4029
  1.689065 seconds (31.89 k allocations: 40.211 MiB)
  1.696438 seconds (37.94 k allocations: 48.238 MiB)
8531
2532
  1.685964 seconds (31.89 k allocations: 40.211 MiB)
7031
  1.696334 seconds (41.55 k allocations: 51.982 MiB)
5530
  1.697173 seconds (39.88 k allocations: 50.285 MiB)
1030
  1.696890 seconds (39.88 k allocations: 50.285 MiB)
4030
  1.687886 seconds (31.97 k allocations: 40.295 MiB)
8532
  1.818961 seconds (22.34 k allocations: 27.317 MiB, 3.40% gc time)
  1.789677 seconds (14.38 k allocations: 17.248 MiB, 3.46% gc time)
  1.914180 seconds (38.31 k allocations: 47.463 MiB, 3.23% gc time)
  1.817465 seconds (22.39 k allocations: 27.324 MiB, 3.41% gc time)
  1.771858 seconds (6.42 k allocations: 7.190 MiB, 3.49% gc time)
1031
2533
4031
7032
5531
  1.724340 seconds (32.17 k allocations: 38.958 MiB)
8533
  1.724579 seconds (14.40 k allocations: 17.831 MiB)
4032
  1.728084 seconds (17.38 k allocations: 21.581 MiB)
2534
  1.730955 seconds (20.67 k allocations: 26.853 MiB)
7033
  1.736590 seconds (28.05 k allocations: 35.070 MiB)
1032
  1.734446 seconds (37.58 k allocations: 46.705 MiB)
5532
  1.704604 seconds (39.72 k allocations: 50.117 MiB)
8534
  1.689734 seconds (18.97 k allocations: 24.410 MiB)
2535
  1.692967 seconds (22.89 k allocations: 29.124 MiB)
7034
  1.708783 seconds (47.87 k allocations: 59.652 MiB)
4033
  1.705045 seconds (36.30 k allocations: 45.937 MiB)
1033
  1.705038 seconds (37.59 k allocations: 46.722 MiB)
5533
  1.687180 seconds (26.54 k allocations: 33.428 MiB)
2536
  1.704629 seconds (43.54 k allocations: 54.022 MiB)
8535
  1.692421 seconds (28.83 k allocations: 37.071 MiB)
7035
  1.702608 seconds (39.80 k allocations: 50.201 MiB)
4034
  1.698318 seconds (35.84 k allocations: 44.243 MiB)
1034
  1.698681 seconds (37.37 k allocations: 46.498 MiB)
5534
  1.679521 seconds (26.89 k allocations: 34.405 MiB)
8536
  1.688649 seconds (36.90 k allocations: 46.530 MiB)
2537
  1.782564 seconds (34.68 k allocations: 43.751 MiB, 2.91% gc time)
  1.767858 seconds (24.86 k allocations: 31.111 MiB, 2.94% gc time)
  1.757813 seconds (14.62 k allocations: 18.727 MiB, 2.96% gc time)
  1.751682 seconds (10.99 k allocations: 13.815 MiB, 2.97% gc time)
5535
1035
4035
7036
  1.693860 seconds (21.55 k allocations: 26.884 MiB)
2538
  1.725883 seconds (7.91 k allocations: 9.990 MiB)
4036
  1.731013 seconds (12.45 k allocations: 16.535 MiB)
1036
  1.731749 seconds (20.47 k allocations: 25.419 MiB)
7037
  1.744424 seconds (31.81 k allocations: 40.127 MiB)
  1.763163 seconds (68.86 k allocations: 87.361 MiB)
5536
8537
  1.684993 seconds (39.80 k allocations: 50.201 MiB)
2539
  1.695132 seconds (34.83 k allocations: 44.211 MiB)
4037
  1.692859 seconds (28.99 k allocations: 37.242 MiB)
1037
  1.695513 seconds (39.72 k allocations: 50.117 MiB)
7038
  1.698445 seconds (31.73 k allocations: 40.043 MiB)
  1.699527 seconds (32.09 k allocations: 41.078 MiB)
8538
5537
  1.683397 seconds (39.80 k allocations: 50.201 MiB)
2540
  1.688312 seconds (32.29 k allocations: 41.852 MiB)
4038
  1.694787 seconds (38.67 k allocations: 48.349 MiB)
1038
  1.701204 seconds (39.80 k allocations: 50.201 MiB)
7039
  1.699589 seconds (31.81 k allocations: 40.127 MiB)
5538
  1.704840 seconds (34.54 k allocations: 44.837 MiB)
8539
  1.684272 seconds (39.72 k allocations: 50.117 MiB)
2541
  1.753672 seconds (37.99 k allocations: 46.507 MiB, 1.15% gc time)
  1.744993 seconds (30.50 k allocations: 37.569 MiB, 1.16% gc time)
  1.731848 seconds (22.55 k allocations: 27.500 MiB, 1.16% gc time)
  1.714546 seconds (6.72 k allocations: 7.517 MiB, 1.18% gc time)
  1.713164 seconds (6.93 k allocations: 7.950 MiB, 1.18% gc time)
4039
7040
1039
5539
8540
  1.726447 seconds (73 allocations: 4.914 KiB)
  1.721965 seconds (3 allocations: 896 bytes)
1040
7041
  1.784135 seconds (60.09 k allocations: 62.373 MiB, 3.50% compilation time)
2542
  1.804240 seconds (33.36 k allocations: 30.795 MiB, 3.46% compilation time)
4040
  1.829799 seconds (41.36 k allocations: 40.869 MiB, 3.42% compilation time)
8541
  1.916477 seconds (50.48 k allocations: 54.546 MiB, 3.26% compilation time)
5540
  1.687932 seconds (31.82 k allocations: 40.129 MiB)
7042
  1.694143 seconds (34.87 k allocations: 43.934 MiB)
1041
  1.691529 seconds (39.64 k allocations: 50.034 MiB)
2543
  1.719869 seconds (31.65 k allocations: 39.960 MiB)
8542
  1.751666 seconds (43.48 k allocations: 54.638 MiB)
4041
  1.687506 seconds (39.56 k allocations: 49.949 MiB)
5541
  1.701514 seconds (34.85 k allocations: 44.455 MiB)
7043
  1.703085 seconds (36.82 k allocations: 45.934 MiB)
1042
  1.692445 seconds (32.71 k allocations: 40.522 MiB)
2544
  1.689963 seconds (39.26 k allocations: 48.997 MiB)
8543
  1.694403 seconds (39.64 k allocations: 50.033 MiB)
4042
  1.687292 seconds (39.64 k allocations: 50.033 MiB)
5542
  1.692856 seconds (23.82 k allocations: 30.054 MiB)
2545
  1.700350 seconds (33.09 k allocations: 42.665 MiB)
7044
  1.697572 seconds (31.30 k allocations: 39.095 MiB)
  1.812427 seconds (24.67 k allocations: 30.856 MiB, 4.97% gc time)
  1.802079 seconds (16.88 k allocations: 21.060 MiB, 5.00% gc time)
  1.775052 seconds (9.00 k allocations: 11.134 MiB, 5.08% gc time)
1043
5543
8544
4043
  1.704472 seconds (22.48 k allocations: 27.809 MiB)
7045
  1.718052 seconds (7.91 k allocations: 9.990 MiB)
4044
  1.725482 seconds (13.66 k allocations: 16.557 MiB)
5544
  1.741143 seconds (41.13 k allocations: 51.362 MiB)
2546
  1.739169 seconds (31.81 k allocations: 40.127 MiB)
8545
  1.748462 seconds (38.93 k allocations: 48.086 MiB)
1044
  1.685005 seconds (39.72 k allocations: 50.117 MiB)
7046
  1.690104 seconds (29.37 k allocations: 36.946 MiB)
5545
  1.686894 seconds (26.87 k allocations: 33.879 MiB)
2547
  1.704798 seconds (50.86 k allocations: 63.414 MiB)
4045
  1.700477 seconds (31.89 k allocations: 40.211 MiB)
1045
  1.719025 seconds (45.35 k allocations: 57.087 MiB)
8546
  1.697250 seconds (39.80 k allocations: 50.201 MiB)
7047
  1.683968 seconds (33.12 k allocations: 42.685 MiB)
5546
  1.691756 seconds (36.61 k allocations: 45.016 MiB)
2548
  1.696544 seconds (39.72 k allocations: 50.117 MiB)
4046
  1.687873 seconds (31.81 k allocations: 40.127 MiB)
8547
  1.703777 seconds (40.23 k allocations: 51.340 MiB)
1046
  1.703005 seconds (39.72 k allocations: 50.117 MiB)
7048
  1.759245 seconds (29.77 k allocations: 36.175 MiB, 1.16% gc time)
  1.767818 seconds (37.82 k allocations: 46.295 MiB, 1.15% gc time)
  1.745181 seconds (22.29 k allocations: 27.231 MiB, 1.17% gc time)
  1.719540 seconds (7.09 k allocations: 9.137 MiB, 1.19% gc time)
  1.717135 seconds (6.65 k allocations: 7.504 MiB, 1.19% gc time)
5547
1047
2549
4047
8548
  1.705451 seconds (37.38 k allocations: 44.448 MiB)
7049
  1.721986 seconds (10.02 k allocations: 14.588 MiB)
5548
  1.725655 seconds (12.00 k allocations: 18.513 MiB)
1048
  1.736471 seconds (23.90 k allocations: 30.138 MiB)
2550
  1.737790 seconds (25.02 k allocations: 31.973 MiB)
  1.739370 seconds (25.88 k allocations: 33.525 MiB)
4048
8549
  1.712125 seconds (39.80 k allocations: 50.201 MiB)
7050
  1.688094 seconds (32.68 k allocations: 41.012 MiB)
5549
  1.703512 seconds (39.72 k allocations: 50.117 MiB)
1049
  1.692383 seconds (20.73 k allocations: 25.682 MiB)
2551
  1.695304 seconds (25.77 k allocations: 32.743 MiB)
4049
  1.699796 seconds (33.99 k allocations: 41.844 MiB)
8550
  1.692868 seconds (31.89 k allocations: 40.211 MiB)
  1.700541 seconds (38.58 k allocations: 48.903 MiB)
7051
5550
  1.681324 seconds (15.98 k allocations: 20.148 MiB)
8551
  1.692654 seconds (23.87 k allocations: 30.111 MiB)
  1.702527 seconds (43.48 k allocations: 53.506 MiB)
2552
1050
  1.706150 seconds (41.94 k allocations: 53.606 MiB)
4050
  1.685572 seconds (31.81 k allocations: 40.127 MiB)
5551
  1.788602 seconds (34.69 k allocations: 43.767 MiB, 2.37% gc time)
  1.768465 seconds (23.12 k allocations: 28.627 MiB, 2.39% gc time)
  1.758002 seconds (10.36 k allocations: 12.445 MiB, 2.41% gc time)
  1.758345 seconds (10.65 k allocations: 12.802 MiB, 2.41% gc time)
  1.747618 seconds (3.16 k allocations: 3.910 MiB, 2.42% gc time)
1051
4051
7052
2553
8552
  1.707788 seconds (27.44 k allocations: 34.178 MiB)
5552
  1.726424 seconds (13.97 k allocations: 17.395 MiB)
1052
  1.725920 seconds (13.30 k allocations: 17.409 MiB)
7053
  1.739972 seconds (27.47 k allocations: 35.003 MiB)
4052
  1.854936 seconds (31.73 k allocations: 40.043 MiB)
8553
  1.985434 seconds (39.64 k allocations: 50.033 MiB)
2554
  1.692838 seconds (39.72 k allocations: 50.117 MiB)
5553
  1.685266 seconds (33.59 k allocations: 43.167 MiB)
1053
  1.695895 seconds (39.72 k allocations: 50.117 MiB)
7054
  1.706163 seconds (39.80 k allocations: 50.201 MiB)
4053
  1.713145 seconds (39.88 k allocations: 50.285 MiB)
8554
  1.691722 seconds (39.80 k allocations: 50.201 MiB)
2555
  1.694425 seconds (39.80 k allocations: 50.201 MiB)
5554
  1.696027 seconds (39.80 k allocations: 50.201 MiB)
1054
  1.698296 seconds (39.72 k allocations: 50.117 MiB)
7055
  1.712718 seconds (39.64 k allocations: 50.033 MiB)
4054
  1.692484 seconds (39.72 k allocations: 50.117 MiB)
8555
  1.689685 seconds (39.64 k allocations: 50.033 MiB)
2556
  1.687037 seconds (39.72 k allocations: 50.117 MiB)
5555
  1.975530 seconds (38.34 k allocations: 47.487 MiB, 1.00% gc time)
  1.958589 seconds (30.47 k allocations: 37.529 MiB, 1.01% gc time)
  1.923977 seconds (22.57 k allocations: 27.508 MiB, 1.02% gc time)
  1.801937 seconds (14.75 k allocations: 17.662 MiB, 1.09% gc time)
  1.705383 seconds (6.87 k allocations: 7.788 MiB, 1.16% gc time)
1055
2557
8556
7056
4055
  1.699885 seconds (33.48 k allocations: 40.329 MiB)
5556
  1.698318 seconds (17.74 k allocations: 23.693 MiB)
2558
  1.730062 seconds (15.90 k allocations: 20.064 MiB)
7057
  1.737425 seconds (20.81 k allocations: 25.762 MiB)
  1.738506 seconds (22.09 k allocations: 27.713 MiB)
4056
1056
  1.756310 seconds (39.72 k allocations: 50.117 MiB)
8557
  1.691595 seconds (35.12 k allocations: 44.726 MiB)
5557
  1.689162 seconds (33.61 k allocations: 42.661 MiB)
2559
  1.687639 seconds (33.50 k allocations: 42.375 MiB)
7058
  1.694512 seconds (31.89 k allocations: 40.211 MiB)
1057
  1.699134 seconds (35.65 k allocations: 44.752 MiB)
4057
  1.708256 seconds (39.80 k allocations: 50.201 MiB)
8558
  1.690364 seconds (31.73 k allocations: 40.043 MiB)
2560
  1.701477 seconds (37.98 k allocations: 48.341 MiB)
5558
  1.676735 seconds (39.56 k allocations: 49.949 MiB)
7059
  1.696158 seconds (35.45 k allocations: 45.059 MiB)
1058
  1.705094 seconds (39.56 k allocations: 49.949 MiB)
4058
  1.683139 seconds (32.92 k allocations: 41.964 MiB)
8559
  1.699513 seconds (31.73 k allocations: 40.043 MiB)
5559
  1.713679 seconds (39.96 k allocations: 50.355 MiB)
2561
  1.850556 seconds (34.60 k allocations: 43.676 MiB, 5.37% gc time)
  1.817568 seconds (26.72 k allocations: 33.705 MiB, 5.46% gc time)
  1.800238 seconds (10.88 k allocations: 13.661 MiB, 5.52% gc time)
  1.798351 seconds (10.84 k allocations: 13.651 MiB, 5.52% gc time)
7060
4059
1059
8560
  1.706216 seconds (19.05 k allocations: 24.332 MiB)
2562
  1.748948 seconds (44.69 k allocations: 56.400 MiB)
  1.729988 seconds (8.02 k allocations: 10.275 MiB)
5560
1060
  1.737369 seconds (16.66 k allocations: 20.298 MiB)
4060
  1.740808 seconds (26.93 k allocations: 33.928 MiB)
7061
  1.751198 seconds (39.64 k allocations: 50.033 MiB)
8561
  1.699616 seconds (39.64 k allocations: 50.033 MiB)
2563
  1.685266 seconds (15.43 k allocations: 18.943 MiB)
7062
  1.702804 seconds (31.76 k allocations: 39.369 MiB)
  1.703877 seconds (32.75 k allocations: 40.831 MiB)
5561
1061
  1.703471 seconds (33.90 k allocations: 42.966 MiB)
4061
  1.722949 seconds (39.64 k allocations: 50.033 MiB)
8562
  1.693686 seconds (39.64 k allocations: 50.033 MiB)
2564
  1.695412 seconds (33.73 k allocations: 42.610 MiB)
7063
  1.696429 seconds (25.96 k allocations: 32.243 MiB)
  1.697288 seconds (26.74 k allocations: 33.004 MiB)
5562
1062
  1.706189 seconds (39.56 k allocations: 49.949 MiB)
4062
  1.691749 seconds (39.64 k allocations: 50.033 MiB)
8563
  1.695789 seconds (39.64 k allocations: 50.033 MiB)
2565
  1.827293 seconds (35.32 k allocations: 43.000 MiB, 5.17% gc time)
  1.817297 seconds (22.51 k allocations: 27.482 MiB, 5.20% gc time)
  1.817958 seconds (22.58 k allocations: 27.527 MiB, 5.19% gc time)
  1.798962 seconds (14.66 k allocations: 17.538 MiB, 5.25% gc time)
  1.783494 seconds (6.87 k allocations: 7.794 MiB, 5.29% gc time)
  1.699813 seconds (1 allocation: 736 bytes)
1063
7064
5563
4063
8564
2566
  1.786077 seconds (37.97 k allocations: 45.106 MiB)
1064
  1.785619 seconds (38.35 k allocations: 46.142 MiB)
7065
  1.730495 seconds (15.99 k allocations: 20.148 MiB)
2567
  1.795889 seconds (24.03 k allocations: 31.501 MiB)
4064
  1.810575 seconds (35.26 k allocations: 46.105 MiB)
5564
  1.822900 seconds (39.80 k allocations: 50.201 MiB)
8565
  1.697069 seconds (39.72 k allocations: 50.117 MiB)
1065
  1.690777 seconds (39.72 k allocations: 50.117 MiB)
7066
  1.693296 seconds (39.72 k allocations: 50.117 MiB)
2568
  1.696199 seconds (37.33 k allocations: 46.981 MiB)
4065
  1.697525 seconds (38.01 k allocations: 47.148 MiB)
5565
  1.708322 seconds (39.80 k allocations: 50.201 MiB)
8566
  1.699150 seconds (39.72 k allocations: 50.117 MiB)
1066
  1.683595 seconds (39.72 k allocations: 50.117 MiB)
7067
  1.690738 seconds (39.64 k allocations: 50.033 MiB)
2569
  1.697519 seconds (38.14 k allocations: 47.805 MiB)
4066
  1.697163 seconds (36.10 k allocations: 45.204 MiB)
5566
  1.685042 seconds (39.64 k allocations: 50.033 MiB)
8567
  1.714893 seconds (39.72 k allocations: 50.117 MiB)
1067
  1.699564 seconds (33.93 k allocations: 42.987 MiB)
  1.881640 seconds (27.06 k allocations: 34.635 MiB, 4.47% gc time)
  1.807766 seconds (16.09 k allocations: 20.904 MiB, 4.66% gc time)
  1.779563 seconds (3.52 k allocations: 4.953 MiB, 4.73% gc time)
  1.799393 seconds (11.48 k allocations: 14.987 MiB, 4.68% gc time)
7068
2570
4067
8568
5567
  1.694838 seconds (33.70 k allocations: 40.571 MiB)
1068
  1.717031 seconds (9.92 k allocations: 13.263 MiB)
7069
  1.736418 seconds (15.99 k allocations: 20.148 MiB)
  1.733962 seconds (16.37 k allocations: 21.184 MiB)
4068
  1.739719 seconds (19.67 k allocations: 25.250 MiB)
5568
8569
  1.749517 seconds (34.45 k allocations: 43.523 MiB)
2571
  1.705916 seconds (39.88 k allocations: 50.285 MiB)
1069
  1.686589 seconds (39.88 k allocations: 50.285 MiB)
7070
  1.693444 seconds (21.47 k allocations: 26.974 MiB)
  1.699057 seconds (29.51 k allocations: 38.328 MiB)
5569
4069
  1.703086 seconds (31.81 k allocations: 40.127 MiB)
2572
  1.725008 seconds (42.95 k allocations: 54.637 MiB)
8570
  1.670295 seconds (31.73 k allocations: 40.043 MiB)
7071
  1.706294 seconds (47.63 k allocations: 60.106 MiB)
1070
  1.692167 seconds (31.81 k allocations: 40.127 MiB)
4070
  1.699270 seconds (33.27 k allocations: 43.540 MiB)
5570
  1.701141 seconds (39.88 k allocations: 50.285 MiB)
2573
  1.697295 seconds (39.88 k allocations: 50.285 MiB)
8571
  1.682431 seconds (39.80 k allocations: 50.201 MiB)
7072
  1.828470 seconds (35.53 k allocations: 44.624 MiB, 3.53% gc time)
  1.788133 seconds (20.98 k allocations: 27.160 MiB, 3.61% gc time)
  1.784144 seconds (19.64 k allocations: 24.534 MiB, 3.62% gc time)
  1.768072 seconds (11.81 k allocations: 14.636 MiB, 3.65% gc time)
  1.753761 seconds (4.00 k allocations: 4.831 MiB, 3.68% gc time)
4071
5571
2574
1071
8572
  1.685034 seconds (37.05 k allocations: 44.115 MiB)
7073
  1.709003 seconds (10.69 k allocations: 14.044 MiB)
1072
  1.730849 seconds (19.01 k allocations: 24.455 MiB)
5572
  1.735251 seconds (21.39 k allocations: 28.808 MiB)
  1.730773 seconds (18.13 k allocations: 24.274 MiB)
4072
2575
  1.774996 seconds (39.80 k allocations: 50.201 MiB)
8573
  1.669016 seconds (39.72 k allocations: 50.117 MiB)
7074
  1.698194 seconds (39.80 k allocations: 50.201 MiB)
1073
  1.693621 seconds (23.82 k allocations: 30.054 MiB)
4073
  1.702744 seconds (32.07 k allocations: 41.614 MiB)
  1.702124 seconds (32.12 k allocations: 41.080 MiB)
5573
2576
  1.702658 seconds (39.80 k allocations: 50.201 MiB)
8574
  1.690033 seconds (39.72 k allocations: 50.117 MiB)
7075
  1.704681 seconds (39.72 k allocations: 50.117 MiB)
1074
  1.694073 seconds (33.37 k allocations: 41.072 MiB)
4074
  1.693352 seconds (30.58 k allocations: 38.869 MiB)
  1.691663 seconds (31.28 k allocations: 39.006 MiB)
5574
2577
  1.688936 seconds (39.80 k allocations: 50.201 MiB)
8575
  1.682728 seconds (39.88 k allocations: 50.285 MiB)
7076
  1.793878 seconds (26.80 k allocations: 32.401 MiB, 1.96% gc time)
  1.800993 seconds (34.88 k allocations: 43.254 MiB, 1.96% gc time)
  1.786169 seconds (15.41 k allocations: 18.373 MiB, 1.97% gc time)
  1.784351 seconds (15.50 k allocations: 18.486 MiB, 1.97% gc time)
  1.737140 seconds (7.58 k allocations: 8.558 MiB, 2.03% gc time)
4075
5575
1075
2578
8576
  1.685254 seconds (37.73 k allocations: 44.854 MiB)
7077
  1.728667 seconds (8.00 k allocations: 10.075 MiB)
  1.733564 seconds (8.83 k allocations: 14.019 MiB)
5576
4076
  1.734655 seconds (16.06 k allocations: 19.703 MiB)
1076
  1.743526 seconds (30.19 k allocations: 37.247 MiB)
8577
  1.753728 seconds (38.33 k allocations: 47.473 MiB)
2579
  1.691506 seconds (39.72 k allocations: 50.117 MiB)
7078
  1.692750 seconds (31.14 k allocations: 38.755 MiB)
5577
  1.696202 seconds (33.25 k allocations: 41.593 MiB)
4077
  1.707412 seconds (39.42 k allocations: 49.165 MiB)
1077
  1.693706 seconds (28.49 k allocations: 35.529 MiB)
2580
  1.725081 seconds (45.70 k allocations: 57.441 MiB)
8578
  1.681060 seconds (39.72 k allocations: 50.117 MiB)
7079
  1.693727 seconds (36.20 k allocations: 45.830 MiB)
5578
  1.699991 seconds (39.72 k allocations: 50.117 MiB)
4078
  1.696664 seconds (31.81 k allocations: 40.127 MiB)
  1.709608 seconds (38.34 k allocations: 48.652 MiB)
2581
1078
  1.694560 seconds (39.80 k allocations: 50.201 MiB)
8579
  1.677726 seconds (39.72 k allocations: 50.117 MiB)
7080
  1.695792 seconds (39.34 k allocations: 49.081 MiB)
5579
  1.692568 seconds (33.90 k allocations: 42.949 MiB)
  3.321626 seconds (19.35 k allocations: 24.909 MiB, 1.30% gc time)
  3.304741 seconds (11.51 k allocations: 14.980 MiB, 1.30% gc time)
  3.323460 seconds (19.52 k allocations: 25.032 MiB, 1.30% gc time)
  1.739326 seconds (3.71 k allocations: 5.064 MiB, 2.47% gc time)
4079
7081
2582
8580
1079
  1.688806 seconds (33.09 k allocations: 40.043 MiB)
5580
  1.725239 seconds (11.36 k allocations: 15.954 MiB)
7082
  1.785135 seconds (23.88 k allocations: 31.845 MiB)
4080
  1.798221 seconds (23.90 k allocations: 30.138 MiB)
1080
  1.807972 seconds (27.58 k allocations: 35.821 MiB)
2583
  1.822378 seconds (39.88 k allocations: 50.285 MiB)
8581
  1.693150 seconds (39.88 k allocations: 50.285 MiB)
5581
  1.699190 seconds (39.88 k allocations: 50.285 MiB)
7083
  1.697734 seconds (39.88 k allocations: 50.285 MiB)
4081
  1.697945 seconds (35.19 k allocations: 44.797 MiB)
1081
  1.696572 seconds (32.25 k allocations: 41.258 MiB)
2584
  1.703390 seconds (39.80 k allocations: 50.201 MiB)
8582
  1.694193 seconds (39.72 k allocations: 50.117 MiB)
5582
  1.691941 seconds (39.72 k allocations: 50.117 MiB)
7084
  1.697007 seconds (39.72 k allocations: 50.117 MiB)
4082
  1.698681 seconds (32.65 k allocations: 42.203 MiB)
1082
  1.706358 seconds (38.83 k allocations: 47.982 MiB)
2585
  1.702054 seconds (39.80 k allocations: 50.201 MiB)
8583
  1.683813 seconds (39.80 k allocations: 50.201 MiB)
5583
  1.838044 seconds (38.49 k allocations: 47.644 MiB, 1.01% gc time)
  1.774665 seconds (30.52 k allocations: 37.594 MiB, 1.05% gc time)
  1.746971 seconds (21.80 k allocations: 26.128 MiB, 1.06% gc time)
  1.739241 seconds (14.74 k allocations: 17.646 MiB, 1.07% gc time)
  1.716447 seconds (6.93 k allocations: 7.849 MiB, 1.08% gc time)
7085
1083
2586
4083
8584
  1.683007 seconds (37.65 k allocations: 44.770 MiB)
5584
  1.729674 seconds (13.29 k allocations: 17.919 MiB)
7086
  1.735802 seconds (15.08 k allocations: 20.455 MiB)
  1.739624 seconds (19.78 k allocations: 25.878 MiB)
2587
1084
  1.743739 seconds (31.47 k allocations: 38.565 MiB)
4084
  1.759462 seconds (39.88 k allocations: 50.285 MiB)
8585
  1.708412 seconds (39.80 k allocations: 50.201 MiB)
5585
  1.688441 seconds (35.43 k allocations: 44.333 MiB)
7087
  1.690266 seconds (29.93 k allocations: 38.217 MiB)
2588
  1.700162 seconds (39.50 k allocations: 49.249 MiB)
  1.693034 seconds (32.27 k allocations: 41.247 MiB)
  1.719751 seconds (24.74 k allocations: 32.293 MiB)
1085
4085
8586
  1.687831 seconds (39.72 k allocations: 50.117 MiB)
5586
  1.696164 seconds (31.64 k allocations: 39.959 MiB)
2589
  1.703649 seconds (35.69 k allocations: 46.009 MiB)
7088
  1.714546 seconds (25.74 k allocations: 34.464 MiB)
8587
  1.733473 seconds (31.76 k allocations: 41.310 MiB)
1086
  1.734057 seconds (34.64 k allocations: 43.723 MiB)
4086
  1.679752 seconds (39.72 k allocations: 50.117 MiB)
5587
  1.682199 seconds (31.73 k allocations: 40.043 MiB)
7089
  3.347774 seconds (35.44 k allocations: 45.751 MiB, 1.07% gc time)
  3.231517 seconds (26.71 k allocations: 33.690 MiB, 1.11% gc time)
  3.205732 seconds (15.18 k allocations: 19.288 MiB, 1.11% gc time)
  3.197761 seconds (10.99 k allocations: 13.799 MiB, 1.12% gc time)
  1.724681 seconds (3.17 k allocations: 3.979 MiB, 2.07% gc time)
2590
1087
5588
4087
8588
  1.688912 seconds (34.99 k allocations: 41.948 MiB)
7090
  1.714308 seconds (8.83 k allocations: 12.158 MiB)
4088
  1.790621 seconds (17.93 k allocations: 23.358 MiB)
5589
  1.809815 seconds (25.04 k allocations: 32.531 MiB)
1088
  1.814798 seconds (27.61 k allocations: 35.850 MiB)
2591
  1.821852 seconds (39.80 k allocations: 50.201 MiB)
8589
  1.685942 seconds (39.80 k allocations: 50.201 MiB)
7091
  1.693352 seconds (39.88 k allocations: 50.285 MiB)
4089
  1.693841 seconds (39.80 k allocations: 50.201 MiB)
5590
  1.694251 seconds (31.73 k allocations: 40.043 MiB)
2592
  1.705692 seconds (40.66 k allocations: 51.072 MiB)
1089
  1.708132 seconds (39.80 k allocations: 50.201 MiB)
8590
  1.703878 seconds (39.72 k allocations: 50.117 MiB)
7092
  1.701548 seconds (39.72 k allocations: 50.117 MiB)
4090
  1.693687 seconds (39.72 k allocations: 50.117 MiB)
5591
  1.693894 seconds (39.33 k allocations: 49.080 MiB)
2593
  1.704429 seconds (39.72 k allocations: 50.117 MiB)
1090
  1.700026 seconds (39.80 k allocations: 50.201 MiB)
8591
  1.685781 seconds (39.88 k allocations: 50.285 MiB)
7093
  1.893609 seconds (38.41 k allocations: 47.560 MiB, 3.48% gc time)
  1.825358 seconds (30.47 k allocations: 37.525 MiB, 3.61% gc time)
  1.779180 seconds (14.64 k allocations: 17.602 MiB, 3.70% gc time)
  1.801194 seconds (22.58 k allocations: 27.576 MiB, 3.66% gc time)
  1.762646 seconds (6.76 k allocations: 7.707 MiB, 3.74% gc time)
5592
4091
1091
2594
8592
  1.691843 seconds (37.81 k allocations: 44.938 MiB)
7094
  1.722178 seconds (9.17 k allocations: 12.494 MiB)
5593
  1.723959 seconds (9.34 k allocations: 13.367 MiB)
4092
  1.729809 seconds (23.81 k allocations: 30.053 MiB)
  1.731831 seconds (24.20 k allocations: 31.089 MiB)
  1.733511 seconds (24.58 k allocations: 32.125 MiB)
8593
2595
1092
  1.682523 seconds (39.80 k allocations: 50.201 MiB)
7095
  1.701879 seconds (32.59 k allocations: 42.150 MiB)
5594
  1.705465 seconds (35.59 k allocations: 44.035 MiB)
4093
  1.698866 seconds (19.42 k allocations: 24.354 MiB)
2596
  1.700357 seconds (23.93 k allocations: 29.656 MiB)
1093
  1.727830 seconds (41.43 k allocations: 53.092 MiB)
8594
  1.686876 seconds (39.64 k allocations: 50.033 MiB)
7096
  1.693827 seconds (36.27 k allocations: 45.907 MiB)
5595
  1.692108 seconds (29.38 k allocations: 37.006 MiB)
4094
  1.702576 seconds (33.72 k allocations: 43.303 MiB)
2597
  1.710633 seconds (39.51 k allocations: 48.679 MiB)
1094
  1.696742 seconds (39.64 k allocations: 50.033 MiB)
8595
  1.690743 seconds (39.64 k allocations: 50.033 MiB)
7097
  1.697902 seconds (35.09 k allocations: 44.701 MiB)
  1.691474 seconds (32.01 k allocations: 40.861 MiB)
5596
4095
  3.318634 seconds (27.19 k allocations: 34.198 MiB, 0.53% gc time)
  3.300980 seconds (12.32 k allocations: 15.873 MiB, 0.53% gc time)
  3.310505 seconds (19.92 k allocations: 24.876 MiB, 0.53% gc time)
  1.714876 seconds (4.49 k allocations: 5.906 MiB, 1.02% gc time)
7098
1095
2598
8596
  1.681408 seconds (14.87 k allocations: 18.841 MiB)
7099
  1.693661 seconds (35.04 k allocations: 42.649 MiB)
5597
  1.786112 seconds (23.59 k allocations: 31.585 MiB)
4096
  1.801620 seconds (23.90 k allocations: 30.138 MiB)
  1.800443 seconds (23.91 k allocations: 30.139 MiB)
1096
2599
  1.817237 seconds (39.80 k allocations: 50.201 MiB)
8597
  1.683982 seconds (38.52 k allocations: 48.191 MiB)
7100
  1.694746 seconds (39.72 k allocations: 50.117 MiB)
5598
  1.695966 seconds (39.64 k allocations: 50.033 MiB)
4097
  1.696141 seconds (31.73 k allocations: 40.043 MiB)
1097
  1.701427 seconds (37.72 k allocations: 46.853 MiB)
2600
  1.712475 seconds (39.72 k allocations: 50.117 MiB)
8598
  1.682137 seconds (39.72 k allocations: 50.117 MiB)
7101
  1.701614 seconds (39.72 k allocations: 50.117 MiB)
5599
  1.690140 seconds (39.72 k allocations: 50.117 MiB)
4098
  1.691830 seconds (31.81 k allocations: 40.127 MiB)
2601
  1.708131 seconds (43.05 k allocations: 53.520 MiB)
1098
  1.686301 seconds (39.80 k allocations: 50.201 MiB)
8599
  1.681808 seconds (39.88 k allocations: 50.285 MiB)
7102
  1.875572 seconds (34.96 k allocations: 44.039 MiB, 1.74% gc time)
  1.781934 seconds (27.00 k allocations: 33.990 MiB, 1.83% gc time)
  1.726762 seconds (3.29 k allocations: 4.064 MiB, 1.89% gc time)
  1.748408 seconds (15.51 k allocations: 19.630 MiB, 1.86% gc time)
  1.743005 seconds (11.38 k allocations: 14.275 MiB, 1.87% gc time)
1099
4099
5600
2602
8600
  1.687916 seconds (34.95 k allocations: 41.908 MiB)
7103
  1.707879 seconds (7.99 k allocations: 10.074 MiB)
8601
  1.715507 seconds (12.68 k allocations: 19.226 MiB)
1100
  1.721252 seconds (22.91 k allocations: 27.905 MiB)
5601
  1.733713 seconds (31.81 k allocations: 40.127 MiB)
  1.734979 seconds (32.19 k allocations: 41.163 MiB)
4100
2603
  1.686931 seconds (39.80 k allocations: 50.201 MiB)
7104
  1.703875 seconds (31.43 k allocations: 39.091 MiB)
  1.697157 seconds (24.28 k allocations: 31.173 MiB)
1101
5602
  1.692338 seconds (23.82 k allocations: 30.054 MiB)
  1.724608 seconds (50.62 k allocations: 65.029 MiB)
2604
  1.700788 seconds (28.96 k allocations: 37.867 MiB)
8602
4101
  1.686527 seconds (39.80 k allocations: 50.201 MiB)
7105
  1.691427 seconds (31.89 k allocations: 40.211 MiB)
5603
  1.702825 seconds (39.88 k allocations: 50.285 MiB)
1102
  1.691793 seconds (20.82 k allocations: 27.002 MiB)
8603
  1.696889 seconds (28.22 k allocations: 36.469 MiB)
2605
  1.699401 seconds (35.41 k allocations: 44.508 MiB)
4102
  1.672330 seconds (39.72 k allocations: 50.117 MiB)
7106
  1.748726 seconds (37.96 k allocations: 46.459 MiB, 0.98% gc time)
  1.732820 seconds (18.13 k allocations: 21.673 MiB, 0.99% gc time)
  1.725214 seconds (7.32 k allocations: 9.402 MiB, 0.99% gc time)
  1.738450 seconds (26.66 k allocations: 32.341 MiB, 0.98% gc time)
  1.722772 seconds (6.95 k allocations: 7.873 MiB, 0.99% gc time)
5604
4103
1103
2606
8604
  1.684900 seconds (37.22 k allocations: 44.287 MiB)
7107
  1.693829 seconds (24.97 k allocations: 32.283 MiB)
5605
  1.703314 seconds (24.03 k allocations: 32.021 MiB)
1104
  1.727402 seconds (23.90 k allocations: 30.138 MiB)
  1.730323 seconds (24.96 k allocations: 33.083 MiB)
2607
4104
  1.761724 seconds (39.80 k allocations: 50.201 MiB)
8605
  1.692665 seconds (39.72 k allocations: 50.117 MiB)
7108
  1.695166 seconds (39.64 k allocations: 50.033 MiB)
5606
  1.699514 seconds (39.64 k allocations: 50.033 MiB)
1105
  1.692120 seconds (33.03 k allocations: 42.600 MiB)
  1.690652 seconds (32.11 k allocations: 41.079 MiB)
2608
4105
  1.711892 seconds (39.80 k allocations: 50.201 MiB)
8606
  1.691299 seconds (39.80 k allocations: 50.201 MiB)
7109
  1.701587 seconds (39.80 k allocations: 50.201 MiB)
5607
  1.702618 seconds (39.80 k allocations: 50.201 MiB)
1106
  1.690842 seconds (31.73 k allocations: 40.043 MiB)
4106
  1.696848 seconds (34.80 k allocations: 43.871 MiB)
2609
  1.691896 seconds (39.80 k allocations: 50.201 MiB)
8607
  1.705323 seconds (39.88 k allocations: 50.285 MiB)
7110
  1.707412 seconds (39.80 k allocations: 50.201 MiB)
5608
  3.381230 seconds (18.91 k allocations: 23.795 MiB, 1.21% gc time)
  3.399159 seconds (34.77 k allocations: 43.845 MiB, 1.21% gc time)
  3.386564 seconds (22.90 k allocations: 29.115 MiB, 1.21% gc time)
  3.325968 seconds (11.05 k allocations: 13.821 MiB, 1.23% gc time)
  1.731349 seconds (3.18 k allocations: 3.865 MiB, 2.37% gc time)
1107
7111
2610
4107
8608
  1.692615 seconds (36.71 k allocations: 43.715 MiB)
5609
  1.716817 seconds (12.40 k allocations: 17.017 MiB)
7112
  1.787469 seconds (17.24 k allocations: 23.869 MiB)
1108
  1.787404 seconds (18.74 k allocations: 23.651 MiB)
  1.794433 seconds (23.31 k allocations: 31.411 MiB)
4108
2611
  1.805102 seconds (39.72 k allocations: 50.117 MiB)
8609
  1.695376 seconds (39.64 k allocations: 50.033 MiB)
5610
  1.691754 seconds (39.72 k allocations: 50.117 MiB)
7113
  1.701684 seconds (36.12 k allocations: 45.048 MiB)
  1.696875 seconds (24.28 k allocations: 31.174 MiB)
  1.697312 seconds (24.67 k allocations: 32.210 MiB)
1109
4109
2612
  1.722748 seconds (39.88 k allocations: 50.285 MiB)
8610
  1.701978 seconds (39.80 k allocations: 50.201 MiB)
5611
  1.688015 seconds (39.72 k allocations: 50.117 MiB)
7114
  1.694875 seconds (23.73 k allocations: 29.970 MiB)
4110
  1.700515 seconds (26.80 k allocations: 35.009 MiB)
  1.699047 seconds (27.14 k allocations: 34.783 MiB)
1110
2613
  1.688302 seconds (39.64 k allocations: 50.033 MiB)
8611
  1.702550 seconds (39.64 k allocations: 50.033 MiB)
5612
  1.831731 seconds (38.17 k allocations: 47.308 MiB, 0.90% gc time)
  1.739710 seconds (16.64 k allocations: 20.814 MiB, 0.95% gc time)
  1.739727 seconds (16.71 k allocations: 20.898 MiB, 0.95% gc time)
  1.734434 seconds (14.64 k allocations: 17.633 MiB, 0.95% gc time)
  1.704413 seconds (6.83 k allocations: 7.839 MiB, 0.97% gc time)
7115
4111
1111
2614
8612
  1.690561 seconds (14.68 k allocations: 19.871 MiB)
4112
  1.702880 seconds (38.43 k allocations: 46.212 MiB)
5613
  1.719440 seconds (15.83 k allocations: 19.980 MiB)
7116
  1.726018 seconds (23.81 k allocations: 30.053 MiB)
  1.728337 seconds (24.20 k allocations: 31.089 MiB)
2615
1112
  1.737941 seconds (38.48 k allocations: 47.630 MiB)
8613
  1.690119 seconds (32.60 k allocations: 42.158 MiB)
4113
  1.698548 seconds (36.62 k allocations: 45.741 MiB)
5614
  1.708068 seconds (39.42 k allocations: 49.165 MiB)
  1.698832 seconds (23.82 k allocations: 30.005 MiB)
7117
2616
  1.705445 seconds (33.92 k allocations: 41.067 MiB)
1113
  1.711207 seconds (39.88 k allocations: 50.285 MiB)
8614
  1.697301 seconds (38.94 k allocations: 48.627 MiB)
4114
  1.695707 seconds (37.02 k allocations: 46.139 MiB)
5615
  1.691149 seconds (29.71 k allocations: 37.291 MiB)
2617
  1.699682 seconds (36.44 k allocations: 46.120 MiB)
7118
  1.686574 seconds (31.89 k allocations: 40.211 MiB)
8615
  1.706354 seconds (43.72 k allocations: 54.895 MiB)
1114
  1.696781 seconds (36.18 k allocations: 45.809 MiB)
4115
  1.784866 seconds (34.79 k allocations: 43.872 MiB, 0.99% gc time)
  1.739393 seconds (18.63 k allocations: 22.874 MiB, 1.02% gc time)
  1.745300 seconds (23.05 k allocations: 29.259 MiB, 1.01% gc time)
  1.726875 seconds (4.33 k allocations: 6.348 MiB, 1.02% gc time)
  1.723962 seconds (3.18 k allocations: 3.956 MiB, 1.03% gc time)
7119
1115
5616
2618
8616
  1.692590 seconds (32.06 k allocations: 38.916 MiB)
4116
  1.702047 seconds (21.04 k allocations: 28.278 MiB)
1116
  1.720022 seconds (17.50 k allocations: 24.135 MiB)
7120
  1.729944 seconds (23.90 k allocations: 30.138 MiB)
  1.731476 seconds (24.28 k allocations: 31.173 MiB)
  1.734502 seconds (24.66 k allocations: 32.209 MiB)
5617
8617
2619
  1.693562 seconds (39.80 k allocations: 50.201 MiB)
4117
  1.702795 seconds (39.80 k allocations: 50.201 MiB)
1117
  1.687783 seconds (36.24 k allocations: 45.346 MiB)
7121
  1.694811 seconds (23.82 k allocations: 30.054 MiB)
2620
  1.700979 seconds (27.07 k allocations: 36.438 MiB)
5618
  1.733369 seconds (39.72 k allocations: 50.117 MiB)
8618
  1.694150 seconds (39.72 k allocations: 50.117 MiB)
4118
  1.687369 seconds (31.81 k allocations: 40.127 MiB)
7122
  1.703395 seconds (39.56 k allocations: 49.952 MiB)
1118
  1.697840 seconds (31.81 k allocations: 40.127 MiB)
  1.699941 seconds (32.11 k allocations: 41.008 MiB)
5619
2621
  1.690984 seconds (39.72 k allocations: 50.117 MiB)
8619
  1.691210 seconds (39.64 k allocations: 50.033 MiB)
4119
  1.665883 seconds (28.18 k allocations: 36.426 MiB)
7123
  1.767291 seconds (32.95 k allocations: 40.761 MiB, 1.55% gc time)
  1.739320 seconds (17.38 k allocations: 22.272 MiB, 1.58% gc time)
  1.736444 seconds (17.30 k allocations: 20.925 MiB, 1.58% gc time)
  1.714800 seconds (9.50 k allocations: 11.046 MiB, 1.60% gc time)
5620
1119
2622
8620
  1.698359 seconds (32.52 k allocations: 39.422 MiB)
4120
  1.721621 seconds (9.79 k allocations: 15.566 MiB)
  1.728509 seconds (21.54 k allocations: 29.433 MiB)
5621
7124
  1.729729 seconds (23.90 k allocations: 30.138 MiB)
2623
  1.744733 seconds (31.89 k allocations: 40.211 MiB)
1120
  1.748537 seconds (35.78 k allocations: 44.877 MiB)
8621
  1.692460 seconds (39.72 k allocations: 50.117 MiB)
4121
  1.694539 seconds (32.57 k allocations: 42.130 MiB)
  1.694223 seconds (31.81 k allocations: 40.127 MiB)
5622
7125
  1.696050 seconds (39.80 k allocations: 50.201 MiB)
2624
  1.705714 seconds (35.96 k allocations: 45.583 MiB)
1121
  1.708550 seconds (37.62 k allocations: 46.753 MiB)
8622
  1.690826 seconds (39.88 k allocations: 50.285 MiB)
4122
  1.702424 seconds (32.52 k allocations: 42.076 MiB)
  1.702248 seconds (31.82 k allocations: 40.128 MiB)
5623
7126
  1.715483 seconds (39.72 k allocations: 50.117 MiB)
2625
  1.704108 seconds (38.24 k allocations: 47.913 MiB)
1122
  1.704615 seconds (36.67 k allocations: 45.778 MiB)
8623
  1.700065 seconds (39.80 k allocations: 50.201 MiB)
4123
  1.689094 seconds (31.89 k allocations: 40.211 MiB)
7127
  3.410606 seconds (38.18 k allocations: 47.319 MiB, 1.79% gc time)
  3.383788 seconds (30.24 k allocations: 37.291 MiB, 1.80% gc time)
  3.367263 seconds (18.50 k allocations: 22.729 MiB, 1.81% gc time)
  3.359681 seconds (14.44 k allocations: 17.329 MiB, 1.81% gc time)
  1.749417 seconds (6.64 k allocations: 7.495 MiB, 3.48% gc time)
5624
4124
1123
2626
8624
  1.689143 seconds (37.80 k allocations: 44.937 MiB)
7128
  1.724259 seconds (10.75 k allocations: 14.108 MiB)
4125
  1.786492 seconds (16.22 k allocations: 21.603 MiB)
2627
  1.794893 seconds (21.59 k allocations: 27.776 MiB)
5625
  1.801900 seconds (32.33 k allocations: 41.877 MiB)
1124
  1.809065 seconds (39.72 k allocations: 50.117 MiB)
8625
  1.692277 seconds (39.72 k allocations: 50.117 MiB)
7129
  1.688789 seconds (39.72 k allocations: 50.117 MiB)
4126
  1.704750 seconds (34.92 k allocations: 44.523 MiB)
  1.701878 seconds (31.73 k allocations: 40.043 MiB)
2628
5626
  1.701126 seconds (39.72 k allocations: 50.117 MiB)
1125
  1.722398 seconds (39.72 k allocations: 50.117 MiB)
8626
  1.682157 seconds (39.72 k allocations: 50.117 MiB)
7130
  1.695661 seconds (39.80 k allocations: 50.201 MiB)
4127
  1.695284 seconds (31.43 k allocations: 39.091 MiB)
5627
  1.704544 seconds (39.28 k allocations: 47.801 MiB)
2629
  1.702430 seconds (36.72 k allocations: 45.834 MiB)
1126
  1.696101 seconds (39.72 k allocations: 50.117 MiB)
8627
  1.694523 seconds (39.64 k allocations: 50.033 MiB)
7131
  1.690627 seconds (39.64 k allocations: 50.033 MiB)
4128
  3.251945 seconds (34.25 k allocations: 42.673 MiB, 0.56% gc time)
  3.240334 seconds (21.86 k allocations: 28.043 MiB, 0.56% gc time)
  3.235991 seconds (18.93 k allocations: 23.813 MiB, 0.56% gc time)
  3.208710 seconds (11.13 k allocations: 13.952 MiB, 0.57% gc time)
  1.690610 seconds (3.21 k allocations: 3.966 MiB, 1.07% gc time)
7132
5628
1127
2630
8628
  1.683286 seconds (21.56 k allocations: 26.890 MiB)
7133
  1.704577 seconds (39.68 k allocations: 48.622 MiB)
4129
  1.788960 seconds (15.91 k allocations: 20.064 MiB)
  1.791676 seconds (16.44 k allocations: 22.477 MiB)
1128
5629
  1.809485 seconds (31.89 k allocations: 40.211 MiB)
  1.810923 seconds (32.27 k allocations: 41.247 MiB)
8629
2631
  1.667310 seconds (39.80 k allocations: 50.201 MiB)
7134
  1.694381 seconds (39.80 k allocations: 50.201 MiB)
4130
  1.694214 seconds (31.73 k allocations: 40.043 MiB)
5630
  1.713173 seconds (39.64 k allocations: 50.033 MiB)
1129
  1.715657 seconds (32.06 k allocations: 41.612 MiB)
8630
  1.716337 seconds (32.70 k allocations: 41.733 MiB)
2632
  1.680995 seconds (39.72 k allocations: 50.117 MiB)
7135
  1.743443 seconds (39.72 k allocations: 50.117 MiB)
4131
  1.706104 seconds (39.80 k allocations: 50.201 MiB)
5631
  1.696457 seconds (37.24 k allocations: 46.365 MiB)
1130
  1.693726 seconds (33.77 k allocations: 43.348 MiB)
8631
  1.714472 seconds (39.80 k allocations: 50.201 MiB)
2633
  1.683439 seconds (39.88 k allocations: 50.285 MiB)
7136
  1.850194 seconds (34.88 k allocations: 43.962 MiB, 1.13% gc time)
  1.781292 seconds (25.20 k allocations: 31.465 MiB, 1.18% gc time)
  1.771108 seconds (19.17 k allocations: 24.131 MiB, 1.18% gc time)
  1.751643 seconds (11.27 k allocations: 14.234 MiB, 1.20% gc time)
  1.730124 seconds (3.39 k allocations: 4.336 MiB, 1.21% gc time)
5632
1131
4132
2634
8632
  1.689699 seconds (36.54 k allocations: 43.601 MiB)
7137
  1.711184 seconds (7.99 k allocations: 10.074 MiB)
8633
  1.726017 seconds (18.57 k allocations: 25.225 MiB)
2635
  1.731158 seconds (22.39 k allocations: 29.808 MiB)
5633
  1.733078 seconds (31.25 k allocations: 38.334 MiB)
  1.737397 seconds (32.19 k allocations: 41.163 MiB)
4133
1132
  1.688166 seconds (39.64 k allocations: 50.033 MiB)
7138
  1.695216 seconds (22.66 k allocations: 27.535 MiB)
5634
  1.707144 seconds (33.67 k allocations: 42.033 MiB)
2636
  1.724360 seconds (52.85 k allocations: 66.131 MiB)
  1.703867 seconds (24.47 k allocations: 31.351 MiB)
8634
  1.703488 seconds (26.89 k allocations: 34.539 MiB)
4134
1133
  1.669169 seconds (39.88 k allocations: 50.285 MiB)
7139
  1.695611 seconds (39.00 k allocations: 48.685 MiB)
5635
  1.693649 seconds (19.56 k allocations: 26.239 MiB)
  1.693209 seconds (16.22 k allocations: 21.017 MiB)
8635
4135
  1.699250 seconds (30.77 k allocations: 37.847 MiB)
1134
  1.719231 seconds (59.96 k allocations: 74.699 MiB)
2637
  1.688137 seconds (39.64 k allocations: 50.033 MiB)
7140
  1.746791 seconds (21.55 k allocations: 25.818 MiB, 0.98% gc time)
  1.761315 seconds (38.28 k allocations: 47.426 MiB, 0.98% gc time)
  1.738932 seconds (14.30 k allocations: 16.626 MiB, 0.99% gc time)
  1.748643 seconds (22.23 k allocations: 26.567 MiB, 0.98% gc time)
  1.726055 seconds (6.89 k allocations: 7.843 MiB, 0.99% gc time)
4136
1135
5636
2638
8636
  1.683928 seconds (37.47 k allocations: 44.545 MiB)
7141
  1.712686 seconds (11.80 k allocations: 16.398 MiB)
2639
  1.726626 seconds (17.66 k allocations: 23.076 MiB)
1136
  1.736604 seconds (25.66 k allocations: 33.159 MiB)
  1.733457 seconds (24.28 k allocations: 31.173 MiB)
4137
5637
  1.758441 seconds (39.72 k allocations: 50.117 MiB)
8637
  1.683305 seconds (39.64 k allocations: 50.033 MiB)
7142
  1.709438 seconds (39.64 k allocations: 50.033 MiB)
2640
  1.704605 seconds (38.19 k allocations: 46.042 MiB)
  1.695748 seconds (24.28 k allocations: 31.173 MiB)
1137
5638
  1.703500 seconds (34.84 k allocations: 42.695 MiB)
4138
  1.703511 seconds (39.80 k allocations: 50.201 MiB)
8638
  1.686501 seconds (39.72 k allocations: 50.117 MiB)
7143
  1.691777 seconds (20.80 k allocations: 26.275 MiB)
5639
  1.693684 seconds (22.43 k allocations: 27.412 MiB)
4139
  1.704284 seconds (31.83 k allocations: 41.380 MiB)
1138
  1.715796 seconds (51.64 k allocations: 64.314 MiB)
2641
  1.688919 seconds (39.80 k allocations: 50.201 MiB)
8639
  1.674510 seconds (39.88 k allocations: 50.285 MiB)
7144
  1.690248 seconds (38.25 k allocations: 47.281 MiB)
5640
  3.323187 seconds (18.91 k allocations: 23.823 MiB, 1.75% gc time)  3.329775 seconds (27.41 k allocations: 34.961 MiB, 1.75% gc time)

  1.739553 seconds (3.11 k allocations: 3.817 MiB, 3.35% gc time)
  3.302537 seconds (11.05 k allocations: 13.858 MiB, 1.77% gc time)
  3.323424 seconds (18.99 k allocations: 23.884 MiB, 1.75% gc time)
7145
1139
4140
2642
8640
  1.697905 seconds (9.68 k allocations: 13.551 MiB)
4141
  1.721062 seconds (25.81 k allocations: 34.362 MiB)
5641
  1.791971 seconds (20.08 k allocations: 26.772 MiB)
7146
  1.797901 seconds (24.16 k allocations: 30.405 MiB)
1140
  1.801554 seconds (31.89 k allocations: 40.211 MiB)
8641
  1.825060 seconds (39.80 k allocations: 50.201 MiB)
2643
  1.701181 seconds (39.80 k allocations: 50.201 MiB)
4142
  1.688461 seconds (36.54 k allocations: 45.651 MiB)
5642
  1.701284 seconds (31.51 k allocations: 39.175 MiB)
1141
  1.717035 seconds (45.39 k allocations: 55.967 MiB)
7147
  1.713892 seconds (39.80 k allocations: 50.201 MiB)
8642
  1.711064 seconds (39.72 k allocations: 50.117 MiB)
2644
  1.686265 seconds (31.73 k allocations: 40.043 MiB)
  1.693216 seconds (37.13 k allocations: 47.422 MiB)
5643
4143
  1.700121 seconds (37.50 k allocations: 47.150 MiB)
  1.694031 seconds (32.11 k allocations: 41.079 MiB)
1142
7148
  1.685980 seconds (38.11 k allocations: 47.254 MiB)
8643
  1.714752 seconds (39.56 k allocations: 49.949 MiB)
2645
  1.683573 seconds (33.93 k allocations: 43.520 MiB)
5644
  1.882869 seconds (38.09 k allocations: 47.224 MiB, 0.89% gc time)
  1.774373 seconds (21.97 k allocations: 26.307 MiB, 0.94% gc time)
  1.772878 seconds (21.13 k allocations: 25.433 MiB, 0.94% gc time)
  1.764889 seconds (14.64 k allocations: 17.648 MiB, 0.95% gc time)
  1.717393 seconds (6.84 k allocations: 7.855 MiB, 0.98% gc time)
4144
7149
1143
2646
8644
  1.687360 seconds (37.71 k allocations: 44.780 MiB)
5645
  1.716047 seconds (11.81 k allocations: 17.641 MiB)
2647
  1.729206 seconds (16.12 k allocations: 21.511 MiB)
4145
  1.728582 seconds (16.49 k allocations: 21.364 MiB)
1144
  1.736565 seconds (29.70 k allocations: 36.751 MiB)
7150
  1.741422 seconds (36.55 k allocations: 45.663 MiB)
8645
  1.676241 seconds (39.88 k allocations: 50.285 MiB)
5646
  1.709667 seconds (39.88 k allocations: 50.285 MiB)
2648
  1.693936 seconds (21.97 k allocations: 28.174 MiB)
1145
  1.703139 seconds (37.47 k allocations: 45.962 MiB)
4146
  1.698753 seconds (31.75 k allocations: 40.068 MiB)
7151
  1.709326 seconds (39.80 k allocations: 50.201 MiB)
8646
  1.689803 seconds (39.72 k allocations: 50.117 MiB)
5647
  1.696823 seconds (29.60 k allocations: 37.183 MiB)
1146
  1.699578 seconds (26.38 k allocations: 32.674 MiB)
  1.695103 seconds (23.29 k allocations: 28.941 MiB)
4147
7152
  1.714298 seconds (47.18 k allocations: 59.701 MiB)
2649
  1.687346 seconds (34.96 k allocations: 44.046 MiB)
8647
  1.684589 seconds (39.72 k allocations: 50.117 MiB)
5648
  1.703795 seconds (36.14 k allocations: 45.071 MiB)
  1.700215 seconds (20.63 k allocations: 26.556 MiB)
1147
4148
  3.332344 seconds (12.61 k allocations: 16.183 MiB, 1.67% gc time)
  3.345356 seconds (24.03 k allocations: 30.320 MiB, 1.66% gc time)
  3.340311 seconds (17.24 k allocations: 22.081 MiB, 1.66% gc time)
  1.743706 seconds (5.01 k allocations: 6.443 MiB, 3.19% gc time)
7153
5649
2650
8648
  1.696494 seconds (30.79 k allocations: 37.564 MiB)
1148
  1.721929 seconds (8.17 k allocations: 11.472 MiB)
5650
  1.784270 seconds (15.91 k allocations: 20.064 MiB)
7154
  1.801779 seconds (29.14 k allocations: 40.391 MiB)
4149
  1.800666 seconds (29.86 k allocations: 36.916 MiB)
8649
  1.814931 seconds (39.72 k allocations: 50.117 MiB)
2651
  1.694810 seconds (39.80 k allocations: 50.201 MiB)
1149
  1.677278 seconds (39.72 k allocations: 50.117 MiB)
5651
  1.691302 seconds (39.80 k allocations: 50.201 MiB)
7155
  1.698575 seconds (38.02 k allocations: 47.686 MiB)
4150
  1.714035 seconds (39.88 k allocations: 50.285 MiB)
8650
  1.711468 seconds (39.80 k allocations: 50.201 MiB)
2652
  1.697965 seconds (39.88 k allocations: 50.285 MiB)
  1.678253 seconds (32.04 k allocations: 40.635 MiB)
1150
5652
  1.701380 seconds (39.72 k allocations: 50.117 MiB)
7156
  1.699478 seconds (39.72 k allocations: 50.117 MiB)
4151
  1.707556 seconds (39.80 k allocations: 50.201 MiB)
8651
  1.720195 seconds (39.72 k allocations: 50.117 MiB)
2653
  1.689332 seconds (31.81 k allocations: 40.127 MiB)
  1.694837 seconds (34.06 k allocations: 44.065 MiB)
5653
1151
  1.798168 seconds (28.75 k allocations: 36.486 MiB, 0.88% gc time)
  1.774728 seconds (20.84 k allocations: 26.488 MiB, 0.89% gc time)
  1.750782 seconds (13.06 k allocations: 16.655 MiB, 0.91% gc time)
  1.723148 seconds (5.26 k allocations: 6.820 MiB, 0.92% gc time)
7157
4152
2654
8652
  1.682795 seconds (29.13 k allocations: 35.881 MiB)
5654
  1.718803 seconds (12.86 k allocations: 18.712 MiB)
2655
  1.729501 seconds (16.36 k allocations: 21.748 MiB)
7158
  1.732186 seconds (18.79 k allocations: 23.711 MiB)
4153
  1.751720 seconds (35.28 k allocations: 46.121 MiB)
1152
  1.766516 seconds (39.72 k allocations: 50.117 MiB)
8653
  1.682330 seconds (39.64 k allocations: 50.033 MiB)
5655
  1.693294 seconds (26.66 k allocations: 34.181 MiB)
7159
  1.694678 seconds (27.90 k allocations: 34.907 MiB)
4154
  1.723187 seconds (55.54 k allocations: 70.096 MiB)
  1.693264 seconds (32.19 k allocations: 41.163 MiB)
2656
1153
  1.707544 seconds (39.80 k allocations: 50.201 MiB)
8654
  1.683805 seconds (39.72 k allocations: 50.117 MiB)
5656
  1.695475 seconds (36.20 k allocations: 45.817 MiB)
7160
  1.701432 seconds (39.38 k allocations: 49.102 MiB)
4155
  1.691783 seconds (27.86 k allocations: 34.875 MiB)
1154
  1.711628 seconds (40.76 k allocations: 52.406 MiB)
2657
  1.690834 seconds (39.88 k allocations: 50.285 MiB)
8655
  1.683552 seconds (39.96 k allocations: 50.369 MiB)
5657
  1.759909 seconds (38.41 k allocations: 47.565 MiB, 0.93% gc time)
  1.748208 seconds (26.56 k allocations: 32.844 MiB, 0.94% gc time)
  1.743027 seconds (22.64 k allocations: 27.700 MiB, 0.94% gc time)
  1.725385 seconds (14.74 k allocations: 17.798 MiB, 0.95% gc time)
  1.704040 seconds (6.86 k allocations: 7.922 MiB, 0.97% gc time)
7161
4156
1155
2658
8656
  1.689879 seconds (37.72 k allocations: 44.852 MiB)
5658
  1.703470 seconds (7.92 k allocations: 9.991 MiB)
8657
  1.722366 seconds (15.83 k allocations: 19.980 MiB)
7162
  1.725699 seconds (19.23 k allocations: 24.154 MiB)
  1.727699 seconds (21.93 k allocations: 27.557 MiB)
1156
4157
  1.733775 seconds (34.98 k allocations: 42.838 MiB)
2659
  1.689104 seconds (39.80 k allocations: 50.201 MiB)
5659
  1.712882 seconds (39.80 k allocations: 50.201 MiB)
8658
  1.696435 seconds (25.84 k allocations: 33.357 MiB)
7163
  1.693565 seconds (19.34 k allocations: 24.269 MiB)
1157
  1.700921 seconds (37.93 k allocations: 47.595 MiB)
4158
  1.710912 seconds (39.64 k allocations: 50.033 MiB)
2660
  1.680960 seconds (39.72 k allocations: 50.117 MiB)
5660
  1.689677 seconds (27.09 k allocations: 34.627 MiB)
  1.691637 seconds (25.26 k allocations: 33.405 MiB)
8659
7164
  1.698895 seconds (36.87 k allocations: 45.354 MiB)
1158
  1.694814 seconds (38.57 k allocations: 47.723 MiB)
4159
  1.708428 seconds (39.80 k allocations: 50.201 MiB)
2661
  1.685952 seconds (39.72 k allocations: 50.117 MiB)
5661
  1.675450 seconds (27.65 k allocations: 35.193 MiB)
7165
  3.346115 seconds (37.77 k allocations: 48.136 MiB, 0.69% gc time)
  3.334700 seconds (26.66 k allocations: 32.997 MiB, 0.69% gc time)
  3.322158 seconds (19.15 k allocations: 24.025 MiB, 0.69% gc time)
  3.290697 seconds (11.35 k allocations: 14.164 MiB, 0.70% gc time)
  1.704129 seconds (3.44 k allocations: 4.236 MiB, 1.35% gc time)
5662
4160
1159
2662
8660
  1.689361 seconds (33.40 k allocations: 40.339 MiB)
  1.685536 seconds (20.59 k allocations: 26.546 MiB)
7166
5663
  1.777967 seconds (18.32 k allocations: 24.964 MiB)
4161
  1.796223 seconds (23.98 k allocations: 30.222 MiB)
1160
  1.824583 seconds (31.97 k allocations: 40.295 MiB)
8661
  1.833979 seconds (37.52 k allocations: 46.650 MiB)
2663
  1.689220 seconds (31.89 k allocations: 40.211 MiB)
7167
  1.696092 seconds (39.80 k allocations: 50.201 MiB)
5664
  1.699195 seconds (39.80 k allocations: 50.201 MiB)
4162
  1.690425 seconds (39.72 k allocations: 50.117 MiB)
1161
  1.701893 seconds (37.76 k allocations: 47.428 MiB)
8662
  1.706331 seconds (39.64 k allocations: 50.033 MiB)
2664
  1.683294 seconds (39.34 k allocations: 49.081 MiB)
7168
  1.703603 seconds (39.64 k allocations: 50.033 MiB)
5665
  1.699831 seconds (39.64 k allocations: 50.033 MiB)
4163
  1.694703 seconds (37.92 k allocations: 47.054 MiB)
1162
  1.696699 seconds (39.33 k allocations: 49.139 MiB)
8663
  1.718295 seconds (39.64 k allocations: 50.033 MiB)
2665
  1.686643 seconds (39.72 k allocations: 50.117 MiB)
7169
  1.911963 seconds (38.44 k allocations: 47.582 MiB, 0.82% gc time)
  1.813696 seconds (28.21 k allocations: 34.529 MiB, 0.87% gc time)
  1.807321 seconds (22.77 k allocations: 27.750 MiB, 0.87% gc time)
  1.755653 seconds (14.87 k allocations: 17.833 MiB, 0.90% gc time)
  1.724621 seconds (6.98 k allocations: 7.893 MiB, 0.91% gc time)
4164
5666
2666
1163
8664
  1.669781 seconds (37.56 k allocations: 44.635 MiB)
7170
  1.715909 seconds (16.05 k allocations: 21.954 MiB)
2667
  1.735494 seconds (17.36 k allocations: 24.003 MiB)
4165
  1.739722 seconds (23.73 k allocations: 28.751 MiB)
  1.741452 seconds (24.05 k allocations: 30.571 MiB)
  1.740821 seconds (24.66 k allocations: 32.209 MiB)
8665
5667
1164
  1.687912 seconds (39.80 k allocations: 50.201 MiB)
7171
  1.694267 seconds (30.58 k allocations: 36.936 MiB)
  1.718749 seconds (40.10 k allocations: 51.153 MiB)
4166
2668
  1.691658 seconds (18.57 k allocations: 23.483 MiB)
5668
  1.707351 seconds (31.73 k allocations: 40.043 MiB)
  1.711525 seconds (34.29 k allocations: 44.484 MiB)
1165
8666
  1.692364 seconds (39.72 k allocations: 50.117 MiB)
7172
  1.695266 seconds (31.77 k allocations: 40.659 MiB)
  1.688850 seconds (24.20 k allocations: 31.089 MiB)
4167
5669
  1.705292 seconds (45.51 k allocations: 57.256 MiB)
2669
  1.692518 seconds (30.74 k allocations: 37.808 MiB)
  1.690915 seconds (31.12 k allocations: 38.516 MiB)
1166
8667
  1.684308 seconds (39.64 k allocations: 50.033 MiB)
7173
  1.699216 seconds (31.73 k allocations: 40.043 MiB)
  1.699341 seconds (31.78 k allocations: 40.106 MiB)
4168
5670
  3.276958 seconds (12.78 k allocations: 16.353 MiB, 0.63% gc time)
  3.278825 seconds (12.85 k allocations: 16.405 MiB, 0.63% gc time)
  3.285962 seconds (26.59 k allocations: 32.899 MiB, 0.63% gc time)
  1.699818 seconds (5.15 k allocations: 6.628 MiB, 1.21% gc time)
7174
1167
2670
8668
  1.679855 seconds (13.04 k allocations: 16.954 MiB)
7175
  1.696744 seconds (37.82 k allocations: 46.713 MiB)
4169
  1.780695 seconds (26.24 k allocations: 34.269 MiB)
5671
  1.793934 seconds (23.90 k allocations: 30.138 MiB)
1168
  1.815219 seconds (31.89 k allocations: 40.211 MiB)
  1.816923 seconds (32.27 k allocations: 41.247 MiB)
2671
8669
  1.683386 seconds (39.48 k allocations: 49.250 MiB)
7176
  1.699892 seconds (39.72 k allocations: 50.117 MiB)
4170
  1.691288 seconds (39.72 k allocations: 50.117 MiB)
5672
  1.698292 seconds (39.72 k allocations: 50.117 MiB)
1169
  1.705807 seconds (31.91 k allocations: 41.461 MiB)
2672
  1.710335 seconds (36.09 k allocations: 45.188 MiB)
8670
  1.684793 seconds (39.80 k allocations: 50.201 MiB)
7177
  1.702704 seconds (39.88 k allocations: 50.285 MiB)
4171
  1.690844 seconds (39.80 k allocations: 50.201 MiB)
5673
  1.693780 seconds (39.72 k allocations: 50.117 MiB)
1170
  1.679308 seconds (31.73 k allocations: 40.043 MiB)
8671
  1.706418 seconds (44.79 k allocations: 56.504 MiB)
2673
  1.710819 seconds (39.72 k allocations: 50.117 MiB)
7178
  1.870311 seconds (34.62 k allocations: 43.697 MiB, 0.89% gc time)
  1.800921 seconds (26.75 k allocations: 33.748 MiB, 0.93% gc time)
  1.768583 seconds (18.98 k allocations: 23.925 MiB, 0.95% gc time)
  1.741328 seconds (11.07 k allocations: 14.022 MiB, 0.96% gc time)
  1.723031 seconds (3.16 k allocations: 4.041 MiB, 0.97% gc time)
5674
4172
2674
1171
8672
  1.684605 seconds (35.08 k allocations: 42.046 MiB)
7179
  1.713410 seconds (7.99 k allocations: 10.074 MiB)
  1.724737 seconds (18.81 k allocations: 26.651 MiB)
1172
2675
  1.721532 seconds (17.32 k allocations: 20.980 MiB)
8673
  1.733794 seconds (29.71 k allocations: 37.984 MiB)
  1.732238 seconds (29.84 k allocations: 37.449 MiB)
5675
4173
  1.683695 seconds (39.88 k allocations: 50.285 MiB)
7180
  1.691400 seconds (31.81 k allocations: 40.651 MiB)
1173
  1.694666 seconds (15.82 k allocations: 19.980 MiB)
  1.694180 seconds (16.20 k allocations: 21.016 MiB)
5676
  1.713783 seconds (40.96 k allocations: 52.040 MiB)
4174
2676
  1.718737 seconds (39.66 k allocations: 50.050 MiB)
8674
  1.700207 seconds (39.72 k allocations: 50.117 MiB)
7181
  1.696039 seconds (39.72 k allocations: 50.117 MiB)
1174
  1.696130 seconds (22.79 k allocations: 29.546 MiB)
4175
  1.709178 seconds (23.82 k allocations: 30.054 MiB)
8675
  1.747636 seconds (54.78 k allocations: 68.024 MiB)
  1.734209 seconds (36.39 k allocations: 46.675 MiB)
5677
2677
  1.687058 seconds (39.64 k allocations: 50.033 MiB)
7182
  1.804728 seconds (38.11 k allocations: 47.247 MiB, 1.17% gc time)
  1.771798 seconds (30.27 k allocations: 37.309 MiB, 1.19% gc time)  1.746768 seconds (22.41 k allocations: 27.373 MiB, 1.21% gc time)

  1.729840 seconds (6.70 k allocations: 7.526 MiB, 1.22% gc time)
  1.727510 seconds (6.79 k allocations: 7.663 MiB, 1.22% gc time)
5678
1175
4176
2678
8676
  1.686926 seconds (37.88 k allocations: 45.021 MiB)
7183
  1.714415 seconds (7.99 k allocations: 10.074 MiB)
4177
  1.738950 seconds (17.00 k allocations: 23.629 MiB)
  1.736076 seconds (16.37 k allocations: 21.184 MiB)
5679
  1.738434 seconds (16.89 k allocations: 22.423 MiB)
8677
  1.741158 seconds (22.28 k allocations: 28.601 MiB)
1176
2679
  1.683539 seconds (39.88 k allocations: 50.285 MiB)
7184
  1.694842 seconds (39.80 k allocations: 50.201 MiB)
4178
  1.698213 seconds (22.51 k allocations: 29.250 MiB)
5680
  1.704994 seconds (25.17 k allocations: 31.441 MiB)
8678
  1.709640 seconds (30.01 k allocations: 38.294 MiB)
  1.708899 seconds (31.86 k allocations: 39.593 MiB)
1177
2680
  1.695539 seconds (39.88 k allocations: 50.285 MiB)
7185
  1.691191 seconds (39.80 k allocations: 50.201 MiB)
4179
  1.698769 seconds (38.12 k allocations: 47.796 MiB)
  1.692016 seconds (29.10 k allocations: 36.679 MiB)
5681
8679
  1.691903 seconds (25.85 k allocations: 32.814 MiB)
1178
  1.709929 seconds (39.64 k allocations: 50.033 MiB)
2681
  1.684650 seconds (39.72 k allocations: 50.117 MiB)
7186
  1.697944 seconds (39.80 k allocations: 50.201 MiB)
4180
  3.293900 seconds (25.25 k allocations: 32.746 MiB, 0.51% gc time)
  3.289186 seconds (18.88 k allocations: 23.778 MiB, 0.51% gc time)
  3.288218 seconds (18.86 k allocations: 23.760 MiB, 0.51% gc time)
  3.265891 seconds (11.02 k allocations: 13.855 MiB, 0.51% gc time)
  1.686253 seconds (3.10 k allocations: 3.874 MiB, 0.99% gc time)
7187
1179
5682
8680
2682
  1.692527 seconds (32.52 k allocations: 39.434 MiB)
  1.690452 seconds (23.88 k allocations: 29.895 MiB)
4181
7188
  1.783399 seconds (15.98 k allocations: 20.148 MiB)
2683
  1.791947 seconds (22.63 k allocations: 27.626 MiB)
5683
  1.797475 seconds (28.57 k allocations: 35.597 MiB)
8681
  1.808306 seconds (39.54 k allocations: 48.710 MiB)
1180
  1.689741 seconds (31.73 k allocations: 40.043 MiB)
4182
  1.697370 seconds (38.74 k allocations: 47.898 MiB)
7189
  1.698498 seconds (38.91 k allocations: 48.590 MiB)
2684
  1.698309 seconds (35.83 k allocations: 44.221 MiB)
5684
  1.713958 seconds (39.26 k allocations: 48.997 MiB)
8682
  1.705165 seconds (32.39 k allocations: 41.418 MiB)
1181
  1.694072 seconds (39.09 k allocations: 48.774 MiB)
4183
  1.703922 seconds (39.64 k allocations: 50.033 MiB)
7190
  1.688573 seconds (37.61 k allocations: 47.266 MiB)
2685
  1.694937 seconds (39.55 k allocations: 49.949 MiB)
5685
  1.692247 seconds (34.26 k allocations: 43.853 MiB)
8683
  1.701153 seconds (39.56 k allocations: 49.949 MiB)
1182
  1.690973 seconds (39.64 k allocations: 50.033 MiB)
4184
  1.863651 seconds (38.16 k allocations: 47.307 MiB, 1.18% gc time)
  1.776759 seconds (29.95 k allocations: 36.336 MiB, 1.24% gc time)
  1.767796 seconds (22.56 k allocations: 27.605 MiB, 1.25% gc time)
  1.746848 seconds (14.71 k allocations: 17.710 MiB, 1.26% gc time)
  1.729873 seconds (6.82 k allocations: 7.770 MiB, 1.27% gc time)
1183
7191
2686
5686
8684
  1.695391 seconds (37.72 k allocations: 44.852 MiB)
4185
  1.700245 seconds (24.05 k allocations: 31.346 MiB)
1184
  1.724326 seconds (15.99 k allocations: 20.148 MiB)
7192
  1.736677 seconds (23.90 k allocations: 30.138 MiB)
  1.738883 seconds (24.28 k allocations: 31.174 MiB)
8685
2687
  1.743684 seconds (32.87 k allocations: 40.685 MiB)
5687
  1.697526 seconds (39.72 k allocations: 50.117 MiB)
4186
  1.706675 seconds (39.64 k allocations: 50.033 MiB)
1185
  1.685960 seconds (39.72 k allocations: 50.117 MiB)
7193
  1.702453 seconds (30.94 k allocations: 39.759 MiB)
  1.695946 seconds (24.20 k allocations: 31.089 MiB)
8686
5688
  1.704621 seconds (30.75 k allocations: 39.752 MiB)
2688
  1.704795 seconds (39.72 k allocations: 50.117 MiB)
4187
  1.686908 seconds (31.73 k allocations: 40.043 MiB)
7194
  1.706426 seconds (44.71 k allocations: 55.908 MiB)
1186
  1.691534 seconds (25.79 k allocations: 33.290 MiB)
5689
  1.699344 seconds (30.42 k allocations: 38.721 MiB)
8687
  1.701791 seconds (36.28 k allocations: 45.393 MiB)
2689
  1.691393 seconds (39.88 k allocations: 50.285 MiB)
  1.673258 seconds (27.17 k allocations: 35.346 MiB)
4188
7195
  1.772278 seconds (34.20 k allocations: 42.040 MiB, 0.96% gc time)
  1.733491 seconds (13.85 k allocations: 16.726 MiB, 0.98% gc time)
  1.739046 seconds (20.36 k allocations: 24.642 MiB, 0.97% gc time)
  1.728554 seconds (10.44 k allocations: 12.008 MiB, 0.98% gc time)
1187
2690
5690
8688
  1.688655 seconds (26.27 k allocations: 31.761 MiB)
7196
  1.709245 seconds (16.68 k allocations: 22.609 MiB)
2691
  1.746517 seconds (39.66 k allocations: 48.012 MiB)
4189
  1.738427 seconds (20.83 k allocations: 25.784 MiB)
8689
  1.749400 seconds (31.45 k allocations: 38.541 MiB)
1188
  1.752677 seconds (33.59 k allocations: 42.644 MiB)
5691
  1.690875 seconds (39.72 k allocations: 50.117 MiB)
7197
  1.695373 seconds (34.34 k allocations: 43.750 MiB)
  1.692507 seconds (29.31 k allocations: 37.226 MiB)
4190
2692
  1.699112 seconds (23.82 k allocations: 30.054 MiB)
  1.706919 seconds (28.49 k allocations: 36.697 MiB)
5692
  1.720496 seconds (40.72 k allocations: 51.840 MiB)
1189
8690
  1.706839 seconds (39.72 k allocations: 50.117 MiB)
7198
  1.699182 seconds (36.55 k allocations: 46.191 MiB)
4191
  1.696311 seconds (39.64 k allocations: 50.033 MiB)
2693
  1.691587 seconds (23.73 k allocations: 29.969 MiB)
8691
  1.702643 seconds (30.81 k allocations: 39.115 MiB)
5693
  1.708705 seconds (36.40 k allocations: 46.741 MiB)
1190
  1.683838 seconds (39.64 k allocations: 50.033 MiB)
7199
  1.771358 seconds (38.34 k allocations: 47.479 MiB, 1.39% gc time)
  1.752532 seconds (30.17 k allocations: 36.554 MiB, 1.40% gc time)
  1.742795 seconds (21.17 k allocations: 25.416 MiB, 1.41% gc time)
  1.733527 seconds (8.79 k allocations: 10.876 MiB, 1.42% gc time)
  1.728632 seconds (6.91 k allocations: 7.746 MiB, 1.42% gc time)
5694
1191
2694
4192
8692
  1.682856 seconds (37.55 k allocations: 44.620 MiB)
7200
  1.720795 seconds (13.62 k allocations: 19.470 MiB)
1192
  1.730259 seconds (21.45 k allocations: 28.174 MiB)
5695
  1.732549 seconds (23.90 k allocations: 30.138 MiB)
4193
  1.739243 seconds (26.27 k allocations: 33.261 MiB)
  1.741403 seconds (26.98 k allocations: 35.240 MiB)
2695
8693
  1.683367 seconds (39.72 k allocations: 50.117 MiB)
7201
  1.694042 seconds (31.81 k allocations: 40.127 MiB)
5696
  1.707487 seconds (43.44 k allocations: 53.974 MiB)
1193
  1.696518 seconds (28.24 k allocations: 35.786 MiB)
4194
  1.703340 seconds (31.81 k allocations: 40.127 MiB)
2696
  1.713860 seconds (39.80 k allocations: 50.201 MiB)
8694
  1.684308 seconds (39.72 k allocations: 50.117 MiB)
7202
  1.702061 seconds (37.89 k allocations: 47.553 MiB)
5697
  1.696008 seconds (29.27 k allocations: 35.678 MiB)
4195
  1.698118 seconds (31.61 k allocations: 38.705 MiB)
  1.716983 seconds (47.52 k allocations: 59.947 MiB)
  1.687852 seconds (24.58 k allocations: 32.125 MiB)
2697
1194
8695
  1.684254 seconds (39.88 k allocations: 50.285 MiB)
7203
  1.699966 seconds (37.50 k allocations: 47.155 MiB)
5698
  3.310357 seconds (33.30 k allocations: 40.358 MiB, 0.54% gc time)
  3.301890 seconds (13.62 k allocations: 17.747 MiB, 0.54% gc time)
  3.301180 seconds (13.09 k allocations: 17.273 MiB, 0.54% gc time)
  3.296257 seconds (11.24 k allocations: 14.160 MiB, 0.54% gc time)
  1.717943 seconds (3.33 k allocations: 4.196 MiB, 1.04% gc time)
4196
7204
1195
2698
8696
  1.683315 seconds (25.86 k allocations: 31.307 MiB)
4197
  1.695473 seconds (39.83 k allocations: 47.644 MiB)
5699
  1.775906 seconds (19.90 k allocations: 27.818 MiB)
7205
  1.796098 seconds (23.74 k allocations: 29.970 MiB)
1196
  1.806298 seconds (31.73 k allocations: 40.043 MiB)
2699
  1.809231 seconds (33.95 k allocations: 43.017 MiB)
8697
  1.694871 seconds (38.17 k allocations: 47.834 MiB)
4198
  1.694678 seconds (37.45 k allocations: 46.575 MiB)
5700
  1.699970 seconds (39.72 k allocations: 50.117 MiB)
7206
  1.702340 seconds (39.64 k allocations: 50.033 MiB)
1197
  1.696660 seconds (32.21 k allocations: 40.532 MiB)
2700
  1.717244 seconds (39.64 k allocations: 50.033 MiB)
8698
  1.688833 seconds (37.74 k allocations: 47.402 MiB)
4199
  1.697775 seconds (39.64 k allocations: 50.033 MiB)
5701
  1.692076 seconds (39.64 k allocations: 50.033 MiB)
7207
  1.690362 seconds (31.73 k allocations: 40.043 MiB)
2701
  1.701955 seconds (39.88 k allocations: 50.273 MiB)
1198
  1.689600 seconds (39.64 k allocations: 50.033 MiB)
8699
  1.693029 seconds (39.64 k allocations: 50.033 MiB)
4200
  1.766812 seconds (26.82 k allocations: 33.815 MiB, 1.14% gc time)
  1.862364 seconds (34.80 k allocations: 43.887 MiB, 1.08% gc time)
  1.724908 seconds (11.20 k allocations: 14.091 MiB, 1.17% gc time)
  1.729946 seconds (13.20 k allocations: 17.289 MiB, 1.17% gc time)
  1.709148 seconds (3.42 k allocations: 4.287 MiB, 1.18% gc time)
7208
1199
2702
5702
8700
  1.686075 seconds (33.94 k allocations: 40.828 MiB)
4201
  1.710146 seconds (13.78 k allocations: 19.657 MiB)
2703
  1.727356 seconds (16.92 k allocations: 22.318 MiB)
8701
  1.734204 seconds (22.00 k allocations: 28.190 MiB)
  1.730198 seconds (23.33 k allocations: 28.988 MiB)
1200
5703
  1.742101 seconds (36.70 k allocations: 45.807 MiB)
7209
  1.681629 seconds (39.72 k allocations: 50.117 MiB)
4202
  1.708922 seconds (39.72 k allocations: 50.117 MiB)
2704
  1.694113 seconds (22.80 k allocations: 28.311 MiB)
5704
  1.701210 seconds (23.98 k allocations: 30.222 MiB)
  1.712087 seconds (31.89 k allocations: 40.211 MiB)
7210
1201
  1.727707 seconds (58.42 k allocations: 72.399 MiB)
8702
  1.683406 seconds (39.80 k allocations: 50.201 MiB)
4203
  1.696962 seconds (39.80 k allocations: 50.201 MiB)
2705
  1.673323 seconds (22.12 k allocations: 27.688 MiB)
7211
  1.693864 seconds (44.04 k allocations: 55.219 MiB)
5705
  1.699106 seconds (37.82 k allocations: 47.485 MiB)
1202
  1.695458 seconds (33.15 k allocations: 42.189 MiB)
8703
  1.691930 seconds (39.72 k allocations: 50.117 MiB)
4204
  1.750272 seconds (22.42 k allocations: 27.401 MiB, 0.97% gc time)
  1.761879 seconds (35.59 k allocations: 43.979 MiB, 0.97% gc time)
  1.755746 seconds (26.82 k allocations: 33.155 MiB, 0.97% gc time)
  1.727100 seconds (10.03 k allocations: 12.241 MiB, 0.99% gc time)
  1.720627 seconds (6.91 k allocations: 7.881 MiB, 0.99% gc time)
5706
7212
1203
2706
8704
  1.681717 seconds (37.05 k allocations: 44.112 MiB)
4205
  1.708117 seconds (8.04 k allocations: 11.335 MiB)
  1.713950 seconds (14.28 k allocations: 22.006 MiB)
8705
5707
  1.713878 seconds (15.38 k allocations: 19.000 MiB)
1204
  1.724312 seconds (31.73 k allocations: 40.043 MiB)
7213
  1.737833 seconds (39.64 k allocations: 50.033 MiB)
2707
  1.685812 seconds (39.72 k allocations: 50.117 MiB)
4206
  1.699476 seconds (23.90 k allocations: 30.138 MiB)
1205
  1.707652 seconds (28.33 k allocations: 36.568 MiB)
5708
  1.699435 seconds (30.22 k allocations: 37.289 MiB)
7214
  1.724054 seconds (51.69 k allocations: 64.234 MiB)
8706
  1.703972 seconds (35.10 k allocations: 44.189 MiB)
2708
  1.692082 seconds (39.64 k allocations: 50.033 MiB)
4207
  1.704379 seconds (33.22 k allocations: 42.717 MiB)
1206
  1.704399 seconds (31.53 k allocations: 39.855 MiB)
  1.697219 seconds (25.77 k allocations: 32.900 MiB)
5709
7215
  1.690501 seconds (30.77 k allocations: 37.842 MiB)
8707
  1.697911 seconds (32.82 k allocations: 41.859 MiB)
2709
  1.687307 seconds (39.72 k allocations: 50.117 MiB)
4208
  1.702649 seconds (31.26 k allocations: 38.923 MiB)
  1.702907 seconds (31.43 k allocations: 39.398 MiB)
5710
1207
  3.328119 seconds (26.91 k allocations: 33.957 MiB, 0.79% gc time)
  3.307313 seconds (11.62 k allocations: 15.141 MiB, 0.79% gc time)
  3.305717 seconds (11.56 k allocations: 15.087 MiB, 0.79% gc time)
  1.715919 seconds (3.80 k allocations: 5.262 MiB, 1.53% gc time)
4209
2710
7216
8708
  1.702499 seconds (30.46 k allocations: 37.302 MiB)
5711
  1.705613 seconds (12.48 k allocations: 18.315 MiB)
4210
  1.771238 seconds (16.25 k allocations: 21.650 MiB)
7217
  1.803895 seconds (26.19 k allocations: 33.697 MiB)
1208
  1.805035 seconds (27.39 k allocations: 35.612 MiB)
2711
  1.834120 seconds (39.64 k allocations: 50.033 MiB)
8709
  1.694738 seconds (39.64 k allocations: 50.033 MiB)
  1.682770 seconds (32.11 k allocations: 41.079 MiB)
5712
4211
  1.689807 seconds (39.72 k allocations: 50.117 MiB)
7218
  1.693687 seconds (31.81 k allocations: 40.127 MiB)
2712
  1.702713 seconds (38.29 k allocations: 48.660 MiB)
1209
  1.712626 seconds (39.88 k allocations: 50.285 MiB)
8710
  1.689238 seconds (31.89 k allocations: 40.211 MiB)
4212
  1.707768 seconds (39.80 k allocations: 50.201 MiB)
5713
  1.675107 seconds (39.72 k allocations: 50.117 MiB)
7219
  1.687416 seconds (34.73 k allocations: 44.324 MiB)
2713
  1.697502 seconds (39.64 k allocations: 50.033 MiB)
1210
  1.693876 seconds (39.72 k allocations: 50.117 MiB)
8711
  1.685297 seconds (39.80 k allocations: 50.201 MiB)
4213
  1.870768 seconds (34.88 k allocations: 43.957 MiB, 0.85% gc time)
  1.821749 seconds (27.01 k allocations: 34.002 MiB, 0.87% gc time)
  1.774296 seconds (19.14 k allocations: 24.045 MiB, 0.89% gc time)
  1.758714 seconds (11.21 k allocations: 14.094 MiB, 0.90% gc time)
  1.710334 seconds (3.34 k allocations: 4.178 MiB, 0.93% gc time)
1211
5714
7220
2714
8712
  1.688209 seconds (35.14 k allocations: 42.122 MiB)
4214
  1.709712 seconds (7.91 k allocations: 9.990 MiB)
8713
  1.723258 seconds (15.82 k allocations: 19.980 MiB)
2715
  1.734735 seconds (27.73 k allocations: 36.492 MiB)
1212
  1.730632 seconds (24.60 k allocations: 31.555 MiB)
7221
  1.739326 seconds (34.38 k allocations: 42.230 MiB)
5715
  1.683330 seconds (39.72 k allocations: 50.117 MiB)
4215
  1.697322 seconds (30.71 k allocations: 38.141 MiB)
2716
  1.695596 seconds (18.80 k allocations: 23.014 MiB)
7222
  1.726073 seconds (53.63 k allocations: 66.933 MiB)
8714
  1.707495 seconds (31.82 k allocations: 41.303 MiB)
  1.701706 seconds (26.58 k allocations: 34.221 MiB)
1213
5716
  1.687358 seconds (39.72 k allocations: 50.117 MiB)
4216
  1.696416 seconds (39.08 k allocations: 48.761 MiB)
2717
  1.699243 seconds (37.11 k allocations: 44.894 MiB)
  1.694221 seconds (26.25 k allocations: 33.711 MiB)
7223
8715
  1.695779 seconds (30.75 k allocations: 36.587 MiB)
5717
  1.702102 seconds (34.66 k allocations: 43.738 MiB)
1214
  1.690680 seconds (39.72 k allocations: 50.117 MiB)
4217
  1.777398 seconds (37.03 k allocations: 44.815 MiB, 2.29% gc time)
  1.767532 seconds (22.07 k allocations: 26.301 MiB, 2.30% gc time)
  1.768255 seconds (22.13 k allocations: 26.455 MiB, 2.30% gc time)
  1.751236 seconds (6.83 k allocations: 7.594 MiB, 2.33% gc time)
  1.759576 seconds (12.48 k allocations: 14.580 MiB, 2.32% gc time)
1215
5718
2718
7224
8716
  1.682240 seconds (36.87 k allocations: 43.934 MiB)
4218
  1.704999 seconds (27.88 k allocations: 35.294 MiB)
1216
  1.716177 seconds (22.45 k allocations: 29.188 MiB)
5719
  1.731072 seconds (27.32 k allocations: 36.072 MiB)
2719
  1.731787 seconds (29.59 k allocations: 36.644 MiB)
7225
  1.757935 seconds (39.80 k allocations: 50.201 MiB)
8717
  1.682654 seconds (39.80 k allocations: 50.201 MiB)
4219
  1.712479 seconds (39.80 k allocations: 50.201 MiB)
1217
  1.702585 seconds (35.63 k allocations: 44.714 MiB)
5720
  1.694575 seconds (38.99 k allocations: 47.457 MiB)
2720
  1.701745 seconds (39.88 k allocations: 50.285 MiB)
7226
  1.706432 seconds (39.88 k allocations: 50.285 MiB)
8718
  1.685980 seconds (39.80 k allocations: 50.201 MiB)
4220
  1.694262 seconds (31.43 k allocations: 39.091 MiB)
5721
  1.706328 seconds (41.52 k allocations: 51.955 MiB)
  1.675751 seconds (21.78 k allocations: 27.393 MiB)
1218
7227
  1.702534 seconds (45.38 k allocations: 56.588 MiB)
2721
  1.705147 seconds (39.80 k allocations: 50.201 MiB)
8719
  1.692595 seconds (39.80 k allocations: 50.201 MiB)
4221
  1.693024 seconds (38.92 k allocations: 48.031 MiB)
5722
  3.324487 seconds (27.84 k allocations: 35.440 MiB, 0.51% gc time)
  3.313785 seconds (18.73 k allocations: 23.632 MiB, 0.51% gc time)
  3.320007 seconds (23.70 k allocations: 29.888 MiB, 0.51% gc time)
  3.263762 seconds (10.97 k allocations: 13.817 MiB, 0.52% gc time)
  1.703060 seconds (3.14 k allocations: 3.953 MiB, 1.00% gc time)
4222
7228
1219
2722
8720
  1.687347 seconds (23.96 k allocations: 29.380 MiB)
4223
  1.694738 seconds (32.93 k allocations: 40.545 MiB)
5723
  1.784483 seconds (18.50 k allocations: 25.157 MiB)
7229
  1.800004 seconds (23.74 k allocations: 29.970 MiB)
1220
  1.807325 seconds (31.73 k allocations: 40.043 MiB)
8721
  1.815047 seconds (36.18 k allocations: 45.285 MiB)
2723
  1.686520 seconds (32.78 k allocations: 42.349 MiB)
4224
  1.695264 seconds (39.72 k allocations: 50.117 MiB)
5724
  1.691755 seconds (39.80 k allocations: 50.201 MiB)
7230
  1.706727 seconds (39.34 k allocations: 49.081 MiB)
1221
  1.694146 seconds (24.24 k allocations: 31.120 MiB)
2724
  1.713719 seconds (44.23 k allocations: 55.938 MiB)
8722
  1.692139 seconds (39.34 k allocations: 49.081 MiB)
4225
  1.696316 seconds (39.64 k allocations: 50.033 MiB)
5725
  1.697205 seconds (39.72 k allocations: 50.117 MiB)
7231
  1.697374 seconds (31.81 k allocations: 40.127 MiB)
  1.683634 seconds (23.92 k allocations: 30.141 MiB)
  1.700519 seconds (33.25 k allocations: 42.798 MiB)
8723
1222
2725
  1.683092 seconds (39.80 k allocations: 50.201 MiB)
4226
  1.918870 seconds (34.88 k allocations: 43.961 MiB, 1.67% gc time)
  1.820795 seconds (26.92 k allocations: 33.909 MiB, 1.76% gc time)
  1.782221 seconds (12.96 k allocations: 16.392 MiB, 1.80% gc time)
  1.776806 seconds (10.84 k allocations: 13.062 MiB, 1.80% gc time)
  1.745027 seconds (3.42 k allocations: 4.255 MiB, 1.84% gc time)
7232
1223
5726
2726
8724
  1.674742 seconds (25.01 k allocations: 31.630 MiB)
4227
  1.723783 seconds (7.91 k allocations: 9.990 MiB)
5727
  1.726888 seconds (9.65 k allocations: 12.461 MiB)
2727
  1.734716 seconds (23.82 k allocations: 30.054 MiB)
1224
  1.736139 seconds (25.62 k allocations: 32.598 MiB)
7233
  1.765268 seconds (39.72 k allocations: 50.117 MiB)
8725
  1.683299 seconds (39.72 k allocations: 50.117 MiB)
4228
  1.697037 seconds (31.73 k allocations: 40.043 MiB)
5728
  1.708608 seconds (39.24 k allocations: 48.996 MiB)
2728
  1.701653 seconds (24.61 k allocations: 31.566 MiB)
1225
  1.703039 seconds (31.65 k allocations: 39.443 MiB)
7234
  1.706832 seconds (39.72 k allocations: 50.117 MiB)
8726
  1.684460 seconds (39.72 k allocations: 50.117 MiB)
4229
  1.691305 seconds (39.72 k allocations: 50.117 MiB)
5729
  1.680582 seconds (20.72 k allocations: 25.678 MiB)
7235
  1.697821 seconds (34.79 k allocations: 44.393 MiB)
2729
  1.705801 seconds (41.15 k allocations: 52.807 MiB)
1226
  1.695119 seconds (39.80 k allocations: 50.201 MiB)
8727
  1.683394 seconds (39.88 k allocations: 50.285 MiB)
4230
  1.766551 seconds (34.74 k allocations: 43.116 MiB, 0.97% gc time)
  1.759019 seconds (30.46 k allocations: 36.877 MiB, 0.97% gc time)
  1.740656 seconds (15.02 k allocations: 18.068 MiB, 0.98% gc time)
  1.749148 seconds (22.54 k allocations: 26.943 MiB, 0.98% gc time)
  1.709250 seconds (7.16 k allocations: 8.198 MiB, 1.00% gc time)
7236
5730
1227
2730
8728
  1.680821 seconds (36.51 k allocations: 43.553 MiB)
4231
  1.715347 seconds (11.22 k allocations: 17.042 MiB)
8729
  1.722690 seconds (17.50 k allocations: 25.373 MiB)
7237
  1.729302 seconds (23.82 k allocations: 30.054 MiB)
  1.727489 seconds (24.21 k allocations: 31.091 MiB)
1228
  1.730557 seconds (25.02 k allocations: 32.635 MiB)
5731
2731
  1.698390 seconds (39.88 k allocations: 50.285 MiB)
4232
  1.695701 seconds (31.97 k allocations: 40.295 MiB)
7238
  1.690651 seconds (13.94 k allocations: 16.842 MiB)
5732
  1.722088 seconds (55.26 k allocations: 69.125 MiB)
  1.703443 seconds (24.36 k allocations: 31.257 MiB)
8730
2732
  1.711895 seconds (39.88 k allocations: 50.285 MiB)
1229
  1.688501 seconds (39.88 k allocations: 50.285 MiB)
4233
  1.673806 seconds (35.95 k allocations: 45.582 MiB)
7239
  1.702741 seconds (39.72 k allocations: 50.117 MiB)
5733
  1.692590 seconds (26.09 k allocations: 32.362 MiB)
8731
  1.693360 seconds (31.64 k allocations: 39.959 MiB)
1230
  1.710780 seconds (46.19 k allocations: 56.709 MiB)
2733
  1.685686 seconds (39.56 k allocations: 49.949 MiB)
4234
  1.700373 seconds (39.64 k allocations: 50.033 MiB)
7240
  3.324246 seconds (28.02 k allocations: 36.271 MiB, 0.64% gc time)
  3.309095 seconds (16.91 k allocations: 21.094 MiB, 0.64% gc time)
  3.321307 seconds (26.68 k allocations: 33.384 MiB, 0.64% gc time)
  3.299575 seconds (11.14 k allocations: 14.002 MiB, 0.65% gc time)
  1.701216 seconds (3.23 k allocations: 4.011 MiB, 1.25% gc time)
4235
1231
2734
5734
8732
  1.686730 seconds (13.80 k allocations: 18.971 MiB)
4236
  1.694966 seconds (28.58 k allocations: 35.977 MiB)
7241
  1.768696 seconds (15.99 k allocations: 20.148 MiB)
5735
  1.796625 seconds (23.98 k allocations: 30.222 MiB)
1232
  1.797529 seconds (24.44 k allocations: 31.392 MiB)
2735
  1.827074 seconds (39.96 k allocations: 50.369 MiB)
8733
  1.688654 seconds (35.59 k allocations: 45.218 MiB)
  1.706729 seconds (32.27 k allocations: 41.247 MiB)
  1.690493 seconds (24.66 k allocations: 32.209 MiB)
  1.693278 seconds (9.06 k allocations: 13.098 MiB)
  1.695956 seconds (9.44 k allocations: 14.134 MiB)
  1.717862 seconds (1.91 k allocations: 5.180 MiB)
4237
7242
5736
2736
1233
8734
  1.775752 seconds (3.80 k allocations: 7.556 MiB)
7243
  1.785506 seconds (13.33 k allocations: 19.189 MiB)
4238
  1.788489 seconds (15.90 k allocations: 20.064 MiB)
  1.796751 seconds (17.90 k allocations: 25.182 MiB)
8735
5737
  1.796902 seconds (22.32 k allocations: 28.008 MiB)
  1.800861 seconds (25.85 k allocations: 32.251 MiB)
1234
2737
  1.685561 seconds (31.81 k allocations: 40.127 MiB)
  1.696205 seconds (39.72 k allocations: 50.117 MiB)
4239
7244
  1.711499 seconds (3.90 k allocations: 5.381 MiB, 1.00% gc time)  1.713532 seconds (4.05 k allocations: 6.747 MiB, 1.00% gc time)

  1.717630 seconds (11.35 k allocations: 15.366 MiB, 1.00% gc time)
  1.715257 seconds (6.08 k allocations: 8.791 MiB, 1.00% gc time)
5738
1235
2738
8736
  1.688343 seconds (19.12 k allocations: 25.618 MiB)
4240
  1.688153 seconds (4.69 k allocations: 5.480 MiB)
5739
  1.700671 seconds (15.91 k allocations: 20.064 MiB)
2739
  1.708808 seconds (23.90 k allocations: 30.138 MiB)
8737
  1.713889 seconds (27.89 k allocations: 34.910 MiB)
1236
  1.724524 seconds (39.72 k allocations: 50.117 MiB)
7245
  1.682921 seconds (34.75 k allocations: 44.355 MiB)
4241
  1.702594 seconds (39.72 k allocations: 50.117 MiB)
5740
  1.694452 seconds (36.41 k allocations: 45.123 MiB)
2740
  1.703956 seconds (31.81 k allocations: 40.127 MiB)
1237
  1.701005 seconds (31.81 k allocations: 40.127 MiB)
7246
  1.718051 seconds (42.94 k allocations: 55.324 MiB)
8738
  1.685107 seconds (39.72 k allocations: 50.117 MiB)
4242
  1.689274 seconds (35.66 k allocations: 45.272 MiB)
5741
  1.710870 seconds (39.64 k allocations: 50.033 MiB)
2741
  1.714382 seconds (39.55 k allocations: 49.824 MiB)
  1.706281 seconds (24.13 k allocations: 31.006 MiB)
1238
  1.708462 seconds (25.39 k allocations: 32.997 MiB)
8739
7247
  1.687398 seconds (39.64 k allocations: 50.033 MiB)
4243
  1.797114 seconds (38.25 k allocations: 47.392 MiB, 1.64% gc time)
  1.766440 seconds (30.43 k allocations: 37.488 MiB, 1.67% gc time)
  1.741905 seconds (6.74 k allocations: 7.628 MiB, 1.69% gc time)
  1.740615 seconds (6.83 k allocations: 7.767 MiB, 1.69% gc time)
  1.740352 seconds (6.92 k allocations: 7.888 MiB, 1.69% gc time)
5742
2742
1239
7248
8740
  1.684919 seconds (32.75 k allocations: 39.513 MiB)
4244
  1.723496 seconds (8.00 k allocations: 10.075 MiB)
1240
  1.721802 seconds (8.60 k allocations: 11.393 MiB)
5743
  1.729319 seconds (21.71 k allocations: 25.471 MiB)
7249
  1.740936 seconds (31.89 k allocations: 40.211 MiB)
2743
  1.763298 seconds (39.88 k allocations: 50.285 MiB)
8741
  1.685718 seconds (39.80 k allocations: 50.201 MiB)
4245
  1.690397 seconds (29.69 k allocations: 37.274 MiB)
5744
  1.692908 seconds (31.73 k allocations: 40.043 MiB)
7250
  1.702863 seconds (40.80 k allocations: 51.220 MiB)
1241
  1.694458 seconds (39.64 k allocations: 50.033 MiB)
2744
  1.712656 seconds (39.72 k allocations: 50.117 MiB)
8742
  1.694802 seconds (39.72 k allocations: 50.117 MiB)
4246
  1.696547 seconds (39.80 k allocations: 50.201 MiB)
5745
  1.706098 seconds (31.81 k allocations: 40.127 MiB)
1242
  1.696192 seconds (24.41 k allocations: 31.365 MiB)
2745
  1.713554 seconds (41.17 k allocations: 52.297 MiB)
7251
  1.694524 seconds (39.80 k allocations: 50.201 MiB)
8743
  1.683414 seconds (39.80 k allocations: 50.201 MiB)
4247
  1.697612 seconds (39.88 k allocations: 50.285 MiB)
5746
  3.316081 seconds (20.64 k allocations: 26.815 MiB, 0.53% gc time)
  3.317888 seconds (22.86 k allocations: 29.046 MiB, 0.53% gc time)
  3.312802 seconds (19.01 k allocations: 23.923 MiB, 0.53% gc time)
  3.274355 seconds (11.19 k allocations: 14.000 MiB, 0.53% gc time)
  1.704892 seconds (3.28 k allocations: 4.058 MiB, 1.02% gc time)
4248
1243
2746
7252
8744
  1.681416 seconds (12.69 k allocations: 17.834 MiB)
4249
  1.687069 seconds (24.19 k allocations: 31.464 MiB)
5747
  1.784497 seconds (15.91 k allocations: 20.064 MiB)
7253
  1.804982 seconds (23.82 k allocations: 30.054 MiB)
1244
  1.807176 seconds (25.82 k allocations: 32.796 MiB)
2747
  1.814208 seconds (39.80 k allocations: 50.201 MiB)
8745
  1.691065 seconds (32.41 k allocations: 41.964 MiB)
4250
  1.695114 seconds (39.09 k allocations: 48.260 MiB)
5748
  1.694010 seconds (39.80 k allocations: 50.201 MiB)
7254
  1.694133 seconds (31.34 k allocations: 39.007 MiB)
2748
  1.699910 seconds (34.76 k allocations: 45.065 MiB)
1245
  1.714599 seconds (39.72 k allocations: 50.117 MiB)
8746
  1.688904 seconds (37.57 k allocations: 47.231 MiB)
4251
  1.698609 seconds (39.72 k allocations: 50.117 MiB)
5749
  1.701095 seconds (39.80 k allocations: 50.201 MiB)
7255
  1.700379 seconds (34.21 k allocations: 43.800 MiB)
2749
  1.709569 seconds (39.80 k allocations: 50.201 MiB)
1246
  1.693821 seconds (38.55 k allocations: 47.701 MiB)
8747
  1.682340 seconds (39.72 k allocations: 50.117 MiB)
4252
  1.767120 seconds (26.75 k allocations: 33.733 MiB, 0.93% gc time)
  1.876172 seconds (34.72 k allocations: 43.798 MiB, 0.87% gc time)
  1.738187 seconds (18.98 k allocations: 23.898 MiB, 0.94% gc time)
  1.719205 seconds (3.23 k allocations: 4.052 MiB, 0.95% gc time)
  1.725020 seconds (8.07 k allocations: 10.268 MiB, 0.95% gc time)
7256
1247
2750
5750
8748
  1.691832 seconds (20.24 k allocations: 26.762 MiB)
4253
  1.699643 seconds (17.07 k allocations: 24.233 MiB)
1248
  1.730836 seconds (15.91 k allocations: 20.064 MiB)
2751
  1.734454 seconds (20.59 k allocations: 25.546 MiB)
7257
  1.738648 seconds (27.02 k allocations: 34.018 MiB)
5751
  1.761749 seconds (39.80 k allocations: 50.201 MiB)
8749
  1.682113 seconds (39.61 k allocations: 49.832 MiB)
4254
  1.703922 seconds (39.72 k allocations: 50.117 MiB)
1249
  1.696952 seconds (36.74 k allocations: 46.385 MiB)
2752
  1.703333 seconds (31.73 k allocations: 40.043 MiB)
  1.702508 seconds (31.94 k allocations: 40.655 MiB)
7258
5752
  1.719537 seconds (39.72 k allocations: 50.117 MiB)
8750
  1.683803 seconds (39.72 k allocations: 50.117 MiB)
4255
  1.701258 seconds (39.72 k allocations: 50.117 MiB)
1250
  1.693909 seconds (39.72 k allocations: 50.117 MiB)
2753
  1.700335 seconds (39.41 k allocations: 49.164 MiB)
7259
  1.693613 seconds (32.69 k allocations: 41.727 MiB)
5753
  1.691354 seconds (39.80 k allocations: 50.201 MiB)
8751
  1.683539 seconds (39.88 k allocations: 50.285 MiB)
4256
  1.783558 seconds (38.43 k allocations: 47.575 MiB, 1.30% gc time)
  1.767929 seconds (30.48 k allocations: 37.535 MiB, 1.31% gc time)
  1.743143 seconds (14.71 k allocations: 17.593 MiB, 1.33% gc time)
  1.743861 seconds (14.70 k allocations: 17.573 MiB, 1.33% gc time)
  1.713872 seconds (6.84 k allocations: 7.684 MiB, 1.35% gc time)
1251
5754
7260
2754
8752
  1.685481 seconds (35.61 k allocations: 42.491 MiB)
4257
  1.716202 seconds (11.84 k allocations: 18.895 MiB)
8753
  1.727018 seconds (15.91 k allocations: 20.064 MiB)
7261
  1.736852 seconds (23.90 k allocations: 30.138 MiB)
1252
  1.739138 seconds (26.83 k allocations: 33.828 MiB)
2755
  1.742556 seconds (30.30 k allocations: 38.073 MiB)
5755
  1.693149 seconds (39.80 k allocations: 50.201 MiB)
4258
  1.694080 seconds (31.81 k allocations: 40.127 MiB)
7262
  1.689580 seconds (15.82 k allocations: 19.980 MiB)
  1.722318 seconds (48.10 k allocations: 61.227 MiB)
5756
8754
  1.704473 seconds (31.65 k allocations: 39.959 MiB)
2756
  1.713850 seconds (44.64 k allocations: 56.361 MiB)
1253
  1.689565 seconds (39.64 k allocations: 50.033 MiB)
4259
  1.688463 seconds (23.82 k allocations: 30.054 MiB)
8755
  1.699482 seconds (31.73 k allocations: 40.043 MiB)
5757
  1.714396 seconds (49.95 k allocations: 63.170 MiB)
7263
  1.695565 seconds (32.93 k allocations: 41.266 MiB)
2757
  1.704530 seconds (39.64 k allocations: 50.033 MiB)
1254
  1.687685 seconds (39.64 k allocations: 50.033 MiB)
4260
  1.689347 seconds (39.64 k allocations: 50.033 MiB)
8756
  3.317495 seconds (29.76 k allocations: 38.031 MiB, 0.58% gc time)
  3.304093 seconds (18.87 k allocations: 23.773 MiB, 0.58% gc time)
  3.311111 seconds (22.42 k allocations: 28.630 MiB, 0.58% gc time)
  1.697816 seconds (3.17 k allocations: 3.995 MiB, 1.13% gc time)  3.290688 seconds (11.06 k allocations: 13.943 MiB, 0.58% gc time)

4261
7264
2758
1255
5758
  1.687363 seconds (16.79 k allocations: 22.071 MiB)
7265
  1.698117 seconds (30.72 k allocations: 39.413 MiB)
8757
  1.785794 seconds (15.82 k allocations: 19.980 MiB)
5759
  1.808134 seconds (26.74 k allocations: 34.262 MiB)
4262
  1.809056 seconds (27.70 k allocations: 35.939 MiB)
1256
  1.815131 seconds (40.20 k allocations: 50.605 MiB)
2759
  1.691244 seconds (39.41 k allocations: 49.164 MiB)
7266
  1.717246 seconds (39.88 k allocations: 50.285 MiB)
8758
  1.693412 seconds (39.88 k allocations: 50.285 MiB)
5760
  1.695192 seconds (31.74 k allocations: 40.645 MiB)
4263
  1.707458 seconds (37.58 k allocations: 47.242 MiB)
1257
  1.701949 seconds (33.48 k allocations: 42.532 MiB)
2760
  1.671363 seconds (39.80 k allocations: 50.201 MiB)
7267
  1.702682 seconds (39.80 k allocations: 50.201 MiB)
8759
  1.695789 seconds (39.72 k allocations: 50.117 MiB)
5761
  1.694960 seconds (39.64 k allocations: 50.033 MiB)
4264
  1.698639 seconds (33.74 k allocations: 43.321 MiB)
1258
  1.704079 seconds (39.56 k allocations: 49.949 MiB)
2761
  1.668316 seconds (39.64 k allocations: 50.033 MiB)
7268
  1.849002 seconds (34.71 k allocations: 43.785 MiB, 1.38% gc time)
  1.765350 seconds (26.09 k allocations: 32.373 MiB, 1.44% gc time)
  1.757598 seconds (19.04 k allocations: 23.919 MiB, 1.45% gc time)
  1.738490 seconds (11.19 k allocations: 14.037 MiB, 1.46% gc time)
  1.726285 seconds (3.29 k allocations: 4.077 MiB, 1.47% gc time)
5762
1259
4265
2762
8760
  1.681391 seconds (23.70 k allocations: 30.296 MiB)
7269
  1.725053 seconds (7.91 k allocations: 9.990 MiB)
5763
  1.730082 seconds (13.40 k allocations: 16.274 MiB)
1260
  1.735306 seconds (23.50 k allocations: 28.501 MiB)
4266
  1.748344 seconds (31.82 k allocations: 41.371 MiB)
2763
  1.760002 seconds (39.80 k allocations: 50.201 MiB)
8761
  1.685210 seconds (39.80 k allocations: 50.201 MiB)
7270
  1.702240 seconds (36.07 k allocations: 45.699 MiB)
5764
  1.692066 seconds (25.79 k allocations: 32.766 MiB)
  1.699691 seconds (33.11 k allocations: 42.102 MiB)
4267
1261
  1.698826 seconds (39.72 k allocations: 50.117 MiB)
2764
  1.726850 seconds (39.80 k allocations: 50.201 MiB)
8762
  1.674739 seconds (39.72 k allocations: 50.117 MiB)
7271
  1.698106 seconds (27.05 k allocations: 35.802 MiB)
  1.695850 seconds (24.11 k allocations: 30.932 MiB)
5765
4268
  1.699409 seconds (29.40 k allocations: 37.079 MiB)
1262
  1.694346 seconds (39.64 k allocations: 50.033 MiB)
2765
  1.725247 seconds (39.64 k allocations: 50.033 MiB)
8763
  1.693867 seconds (39.72 k allocations: 50.117 MiB)
7272
  1.806381 seconds (28.82 k allocations: 36.381 MiB, 0.88% gc time)
  1.801233 seconds (22.56 k allocations: 27.593 MiB, 0.88% gc time)
  1.802391 seconds (22.66 k allocations: 27.755 MiB, 0.88% gc time)
  1.785894 seconds (14.86 k allocations: 17.920 MiB, 0.89% gc time)
  1.707460 seconds (6.94 k allocations: 7.955 MiB, 0.93% gc time)
5766
1263
2766
8764
4269
  1.684059 seconds (34.44 k allocations: 41.297 MiB)
7273
  1.730011 seconds (17.30 k allocations: 24.476 MiB)
8765
  1.739211 seconds (15.90 k allocations: 20.064 MiB)
4270
  1.744326 seconds (18.75 k allocations: 23.657 MiB)
1264
  1.745960 seconds (20.63 k allocations: 26.279 MiB)
5767
  1.754644 seconds (39.72 k allocations: 50.117 MiB)
2767
  1.683404 seconds (39.72 k allocations: 50.117 MiB)
7274
  1.706257 seconds (39.80 k allocations: 50.201 MiB)
8766
  1.694721 seconds (23.90 k allocations: 30.138 MiB)
5768
  1.700654 seconds (29.21 k allocations: 38.714 MiB)
4271
  1.693565 seconds (31.27 k allocations: 38.352 MiB)
2768
  1.706607 seconds (41.57 k allocations: 52.704 MiB)
1265
  1.682850 seconds (39.72 k allocations: 50.117 MiB)
7275
  1.699886 seconds (39.72 k allocations: 50.117 MiB)
8767
  1.695220 seconds (29.48 k allocations: 36.643 MiB)
4272
  1.700459 seconds (33.74 k allocations: 42.143 MiB)
5769
  1.700114 seconds (31.77 k allocations: 41.311 MiB)
2769
  1.712866 seconds (39.72 k allocations: 50.117 MiB)
1266
  1.699789 seconds (39.80 k allocations: 50.201 MiB)
7276
  1.698363 seconds (39.37 k allocations: 49.108 MiB)
8768
  3.309618 seconds (26.48 k allocations: 32.813 MiB, 0.70% gc time)
  3.308946 seconds (26.42 k allocations: 32.763 MiB, 0.70% gc time)
  3.300352 seconds (18.89 k allocations: 23.778 MiB, 0.70% gc time)
  3.285851 seconds (10.97 k allocations: 13.831 MiB, 0.70% gc time)
  1.706725 seconds (3.01 k allocations: 3.822 MiB, 1.35% gc time)
7277
5770
4273
2770
1267
  1.683570 seconds (26.01 k allocations: 32.648 MiB)
8769
  1.689537 seconds (25.28 k allocations: 32.605 MiB)
7278
  1.791521 seconds (15.99 k allocations: 20.148 MiB)
4274
  1.798600 seconds (22.96 k allocations: 27.956 MiB)
5771
  1.798125 seconds (25.33 k allocations: 32.300 MiB)
1268
  1.801864 seconds (32.43 k allocations: 40.232 MiB)
2771
  1.715927 seconds (39.34 k allocations: 49.081 MiB)
8770
  1.710229 seconds (34.48 k allocations: 43.551 MiB)
7279
  1.693310 seconds (17.45 k allocations: 22.860 MiB)
  1.690184 seconds (15.92 k allocations: 20.066 MiB)
1269
2772
  1.703151 seconds (38.57 k allocations: 48.951 MiB)
4275
  1.700286 seconds (33.12 k allocations: 42.147 MiB)
5772
  1.682107 seconds (31.89 k allocations: 40.211 MiB)
7280
  1.696821 seconds (41.13 k allocations: 52.781 MiB)
8771
  1.692616 seconds (19.40 k allocations: 24.852 MiB)
2773
  1.696981 seconds (22.02 k allocations: 28.221 MiB)
4276
  1.703070 seconds (31.61 k allocations: 39.925 MiB)
1270
  1.700245 seconds (31.12 k allocations: 38.907 MiB)
5773
  1.690122 seconds (39.56 k allocations: 49.949 MiB)
7281
  1.838022 seconds (34.63 k allocations: 43.709 MiB, 1.00% gc time)
  1.732400 seconds (18.46 k allocations: 23.429 MiB, 1.06% gc time)
  1.729704 seconds (13.25 k allocations: 16.614 MiB, 1.06% gc time)
  1.724692 seconds (3.42 k allocations: 5.354 MiB, 1.06% gc time)
  1.722574 seconds (3.26 k allocations: 3.996 MiB, 1.06% gc time)
5774
2774
1271
8772
4277
  1.694728 seconds (21.77 k allocations: 28.383 MiB)
7282
  1.698609 seconds (20.09 k allocations: 24.916 MiB)
1272
  1.712612 seconds (15.90 k allocations: 20.064 MiB)
4278
  1.735444 seconds (27.79 k allocations: 35.331 MiB)
8773
  1.743737 seconds (33.54 k allocations: 43.116 MiB)
2775
  1.776009 seconds (53.21 k allocations: 67.608 MiB)
5775
  1.693831 seconds (39.20 k allocations: 48.893 MiB)
7283
  1.698702 seconds (39.80 k allocations: 50.201 MiB)
1273
  1.697331 seconds (39.88 k allocations: 50.285 MiB)
4279
  1.695707 seconds (39.88 k allocations: 50.285 MiB)
8774
  1.707756 seconds (39.80 k allocations: 50.201 MiB)
2776
  1.700409 seconds (39.80 k allocations: 50.201 MiB)
5776
  1.705998 seconds (39.80 k allocations: 50.201 MiB)
7284
  1.701284 seconds (39.80 k allocations: 50.201 MiB)
1274
  1.701374 seconds (39.80 k allocations: 50.201 MiB)
4280
  1.709467 seconds (39.80 k allocations: 50.201 MiB)
8775
  1.697693 seconds (36.49 k allocations: 45.612 MiB)
2777
  1.696493 seconds (39.80 k allocations: 50.201 MiB)
5777
  1.691638 seconds (39.34 k allocations: 49.032 MiB)
7285
  1.794102 seconds (38.36 k allocations: 47.511 MiB, 1.37% gc time)
  1.738934 seconds (15.57 k allocations: 19.712 MiB, 1.42% gc time)
  1.767616 seconds (30.53 k allocations: 37.574 MiB, 1.39% gc time)
  1.736102 seconds (14.63 k allocations: 17.482 MiB, 1.42% gc time)
  1.721748 seconds (6.73 k allocations: 7.517 MiB, 1.43% gc time)
4281
5778
2778
1275
8776
  1.686888 seconds (36.48 k allocations: 43.534 MiB)
7286
  1.697019 seconds (33.98 k allocations: 41.460 MiB)
4282
  1.702422 seconds (20.09 k allocations: 28.003 MiB)
1276
  1.727332 seconds (23.82 k allocations: 30.054 MiB)
5779
  1.734838 seconds (31.81 k allocations: 40.127 MiB)
8777
  1.755642 seconds (39.72 k allocations: 50.117 MiB)
2779
  1.685843 seconds (39.72 k allocations: 50.117 MiB)
7287
  1.693528 seconds (39.72 k allocations: 50.117 MiB)
4283
  1.703453 seconds (39.72 k allocations: 50.117 MiB)
1277
  1.702714 seconds (39.72 k allocations: 50.117 MiB)
5780
  1.705302 seconds (39.80 k allocations: 50.201 MiB)
8778
  1.700856 seconds (39.72 k allocations: 50.117 MiB)
2780
  1.692020 seconds (39.80 k allocations: 50.201 MiB)
7288
  1.700902 seconds (39.80 k allocations: 50.201 MiB)
4284
  1.705133 seconds (39.80 k allocations: 50.201 MiB)
1278
  1.670981 seconds (31.89 k allocations: 40.211 MiB)
8779
  1.697207 seconds (47.79 k allocations: 60.274 MiB)
5781
  1.698536 seconds (39.80 k allocations: 50.201 MiB)
2781
  1.688906 seconds (39.80 k allocations: 50.201 MiB)
  1.699310 seconds (32.19 k allocations: 41.163 MiB)
  1.672954 seconds (16.59 k allocations: 22.052 MiB)
  1.698604 seconds (24.57 k allocations: 32.124 MiB)
7289
8780
1279
4285
  1.727341 seconds (8.56 k allocations: 11.438 MiB, 1.07% gc time)
  1.760864 seconds (16.48 k allocations: 21.434 MiB, 1.05% gc time)
2782
5782
  1.700565 seconds (14.67 k allocations: 21.090 MiB)
1280
  1.711831 seconds (11.60 k allocations: 17.428 MiB)
2783
  1.723671 seconds (16.19 k allocations: 21.576 MiB)
4286
  1.726491 seconds (19.36 k allocations: 24.284 MiB)
8781
  1.738263 seconds (32.73 k allocations: 42.294 MiB)
7290
  1.740035 seconds (39.72 k allocations: 50.117 MiB)
5783
  1.695729 seconds (39.72 k allocations: 50.117 MiB)
1281
  1.699072 seconds (39.64 k allocations: 50.033 MiB)
2784
  1.702191 seconds (33.82 k allocations: 43.410 MiB)
4287
  1.700967 seconds (32.76 k allocations: 41.791 MiB)
  1.691642 seconds (25.09 k allocations: 32.004 MiB)
8782
7291
  1.699322 seconds (39.72 k allocations: 50.117 MiB)
5784
  1.707410 seconds (39.72 k allocations: 50.117 MiB)
1282
  1.674382 seconds (11.81 k allocations: 15.884 MiB)
8783
  1.703711 seconds (46.92 k allocations: 58.150 MiB)
2785
  1.703646 seconds (31.73 k allocations: 40.043 MiB)
7292
  1.708823 seconds (33.46 k allocations: 43.736 MiB)
4288
  1.696281 seconds (28.55 k allocations: 36.287 MiB)
5785
  1.682170 seconds (30.76 k allocations: 38.355 MiB)
8784
  1.760499 seconds (29.46 k allocations: 36.490 MiB, 1.97% gc time)
  1.765068 seconds (32.45 k allocations: 40.769 MiB, 1.97% gc time)
  1.733624 seconds (6.03 k allocations: 8.020 MiB, 2.00% gc time)
  1.731481 seconds (5.78 k allocations: 6.542 MiB, 2.01% gc time)
  1.731681 seconds (5.85 k allocations: 6.648 MiB, 2.01% gc time)
5786
2786
7293
1283
4289
  1.708560 seconds (27.64 k allocations: 34.304 MiB)
  1.703075 seconds (7.73 k allocations: 12.954 MiB)
8785
7294
  1.716859 seconds (15.82 k allocations: 19.980 MiB)
5787
  1.732315 seconds (23.82 k allocations: 30.054 MiB)
4290
  1.731635 seconds (25.00 k allocations: 31.974 MiB)
1284
  1.739602 seconds (37.29 k allocations: 45.189 MiB)
2787
  1.688144 seconds (23.90 k allocations: 30.138 MiB)
5788
  1.704885 seconds (39.12 k allocations: 48.806 MiB)
8786
  1.694200 seconds (21.93 k allocations: 27.439 MiB)
  1.719683 seconds (47.05 k allocations: 59.457 MiB)
4291
7295
  1.694238 seconds (21.48 k allocations: 28.377 MiB)
1285
  1.708862 seconds (39.80 k allocations: 50.201 MiB)
2788
  1.691852 seconds (31.89 k allocations: 40.211 MiB)
  1.700139 seconds (39.52 k allocations: 49.874 MiB)
8787
5789
  1.681355 seconds (24.14 k allocations: 30.383 MiB)
7296
  1.686547 seconds (29.14 k allocations: 38.639 MiB)
4292
  1.703208 seconds (39.80 k allocations: 50.201 MiB)
1286
  1.697024 seconds (39.06 k allocations: 48.223 MiB)
2789
  1.693692 seconds (31.14 k allocations: 38.755 MiB)
8788
  1.685460 seconds (21.18 k allocations: 26.142 MiB)
4293
  3.426026 seconds (41.30 k allocations: 51.482 MiB, 0.51% gc time)
  3.415025 seconds (26.86 k allocations: 33.847 MiB, 0.51% gc time)
  3.382669 seconds (11.19 k allocations: 14.130 MiB, 0.51% gc time)
  3.392297 seconds (16.83 k allocations: 21.074 MiB, 0.51% gc time)
  1.724159 seconds (739 allocations: 901.812 KiB, 1.01% gc time)
5790
2790
7297
1287
8789
  1.685497 seconds (23.03 k allocations: 29.597 MiB)
4294
  1.712262 seconds (15.98 k allocations: 23.130 MiB)
8790
  1.780986 seconds (15.83 k allocations: 19.980 MiB)
7298
  1.798369 seconds (23.82 k allocations: 30.054 MiB)
5791
  1.800720 seconds (28.49 k allocations: 35.516 MiB)
1288
  1.812643 seconds (39.80 k allocations: 50.201 MiB)
2791
  1.688650 seconds (39.88 k allocations: 50.285 MiB)
4295
  1.691148 seconds (39.88 k allocations: 50.285 MiB)
8791
  1.701759 seconds (39.88 k allocations: 50.285 MiB)
7299
  1.697935 seconds (35.00 k allocations: 44.613 MiB)
5792
  1.695588 seconds (33.72 k allocations: 42.771 MiB)
1289
  1.705730 seconds (39.72 k allocations: 50.117 MiB)
2792
  1.690841 seconds (39.80 k allocations: 50.201 MiB)
4296
  1.681520 seconds (39.80 k allocations: 50.201 MiB)
8792
  1.709985 seconds (39.80 k allocations: 50.201 MiB)
7300
  1.698691 seconds (26.48 k allocations: 34.703 MiB)
5793
  1.698100 seconds (28.52 k allocations: 36.240 MiB)
1290
  1.705000 seconds (39.72 k allocations: 50.117 MiB)
2793
  1.691170 seconds (39.72 k allocations: 50.117 MiB)
4297
  1.892625 seconds (38.26 k allocations: 47.403 MiB, 1.82% gc time)
  1.773333 seconds (14.48 k allocations: 17.381 MiB, 1.94% gc time)
  1.778443 seconds (21.02 k allocations: 26.502 MiB, 1.94% gc time)
  1.773177 seconds (14.60 k allocations: 17.472 MiB, 1.94% gc time)
  1.731853 seconds (6.77 k allocations: 7.603 MiB, 1.99% gc time)
7301
1291
5794
2794
8793
  1.686496 seconds (36.62 k allocations: 43.633 MiB)
4298
  1.720159 seconds (7.91 k allocations: 9.990 MiB)
5795
  1.726079 seconds (15.82 k allocations: 19.980 MiB)
  1.729905 seconds (16.21 k allocations: 21.016 MiB)
8794
1292
  1.733751 seconds (25.39 k allocations: 31.127 MiB)
2795
  1.738162 seconds (34.13 k allocations: 43.198 MiB)
7302
  1.686436 seconds (39.80 k allocations: 50.201 MiB)
4299
  1.694702 seconds (38.80 k allocations: 47.844 MiB)
5796
  1.697431 seconds (24.75 k allocations: 31.529 MiB)
1293
  1.704172 seconds (32.78 k allocations: 40.427 MiB)
8795
  1.702148 seconds (27.49 k allocations: 35.719 MiB)
2796
  1.701827 seconds (31.35 k allocations: 39.131 MiB)
7303
  1.697360 seconds (39.72 k allocations: 50.117 MiB)
4300
  1.699775 seconds (39.72 k allocations: 50.117 MiB)
5797
  1.698869 seconds (36.62 k allocations: 46.272 MiB)
1294
  1.699433 seconds (23.89 k allocations: 30.138 MiB)
  1.704924 seconds (29.77 k allocations: 38.721 MiB)
7304
8796
  1.704898 seconds (29.65 k allocations: 38.622 MiB)
2797
  1.685036 seconds (39.80 k allocations: 50.201 MiB)
4301
  1.671524 seconds (12.09 k allocations: 16.708 MiB)
8797
  1.694530 seconds (40.28 k allocations: 51.387 MiB)
5798
  3.324542 seconds (35.12 k allocations: 43.561 MiB, 0.52% gc time)
  3.309688 seconds (12.32 k allocations: 15.863 MiB, 0.52% gc time)
  1.704871 seconds (4.42 k allocations: 5.897 MiB, 1.01% gc time)
  3.312962 seconds (12.92 k allocations: 17.721 MiB, 0.52% gc time)
4302
2798
1295
7305
  1.674800 seconds (18.90 k allocations: 25.397 MiB)
8798
  1.686331 seconds (18.51 k allocations: 25.707 MiB)
4303
  1.785113 seconds (15.82 k allocations: 19.980 MiB)
1296
  1.797226 seconds (23.74 k allocations: 29.970 MiB)
7306
  1.805255 seconds (30.22 k allocations: 37.281 MiB)
5799
  1.820717 seconds (39.72 k allocations: 50.117 MiB)
2799
  1.682950 seconds (39.80 k allocations: 50.201 MiB)
8799
  1.686374 seconds (39.88 k allocations: 50.285 MiB)
4304
  1.689251 seconds (39.88 k allocations: 50.285 MiB)
1297
  1.697189 seconds (36.69 k allocations: 46.328 MiB)
  1.692598 seconds (32.19 k allocations: 41.163 MiB)
7307
5800
  1.698324 seconds (39.72 k allocations: 50.117 MiB)
2800
  1.679325 seconds (39.72 k allocations: 50.117 MiB)
8800
  1.690305 seconds (39.72 k allocations: 50.117 MiB)
4305
  1.697652 seconds (39.72 k allocations: 50.117 MiB)
1298
  1.702032 seconds (38.02 k allocations: 47.695 MiB)
7308
  1.702448 seconds (39.79 k allocations: 48.980 MiB)
5801
  1.704215 seconds (39.80 k allocations: 50.201 MiB)
2801
  1.681750 seconds (39.88 k allocations: 50.285 MiB)
8801
  1.786506 seconds (30.57 k allocations: 37.639 MiB, 1.81% gc time)
  1.905271 seconds (38.55 k allocations: 47.711 MiB, 1.70% gc time)
  1.760569 seconds (20.96 k allocations: 25.181 MiB, 1.84% gc time)
  1.753497 seconds (14.65 k allocations: 17.514 MiB, 1.85% gc time)
  1.735895 seconds (6.71 k allocations: 7.525 MiB, 1.86% gc time)
7309
5802
1299
4306
2802
  1.712562 seconds (32.02 k allocations: 38.780 MiB)
8802
  1.718581 seconds (7.99 k allocations: 10.074 MiB)
1300
  1.723520 seconds (14.44 k allocations: 17.343 MiB)
  1.725855 seconds (14.80 k allocations: 17.959 MiB)
5803
4307
  1.730159 seconds (20.28 k allocations: 25.924 MiB)
2803
  1.736329 seconds (39.44 k allocations: 48.602 MiB)
7310
  1.705190 seconds (39.80 k allocations: 50.201 MiB)
8803
  1.699152 seconds (36.28 k allocations: 45.273 MiB)
1301
  1.701305 seconds (26.79 k allocations: 34.306 MiB)
  1.698803 seconds (23.21 k allocations: 29.147 MiB)
5804
  1.699312 seconds (22.81 k allocations: 29.681 MiB)
4308
2804
  1.708425 seconds (35.27 k allocations: 43.130 MiB)
7311
  1.679038 seconds (39.64 k allocations: 50.033 MiB)
8804
  1.694140 seconds (38.08 k allocations: 46.504 MiB)
1302
  1.699147 seconds (38.95 k allocations: 48.045 MiB)
5805
  1.692049 seconds (24.70 k allocations: 30.952 MiB)
4309
  1.702349 seconds (35.53 k allocations: 45.147 MiB)
2805
  1.717894 seconds (39.80 k allocations: 50.201 MiB)
7312
  1.674285 seconds (39.72 k allocations: 50.117 MiB)
8805
  1.693086 seconds (39.80 k allocations: 50.201 MiB)
1303
  1.688074 seconds (29.17 k allocations: 37.434 MiB)
  3.378181 seconds (27.32 k allocations: 34.960 MiB, 0.52% gc time)
  3.363687 seconds (19.39 k allocations: 24.937 MiB, 0.52% gc time)
  1.737839 seconds (3.65 k allocations: 5.059 MiB, 1.01% gc time)
  3.343865 seconds (11.58 k allocations: 15.039 MiB, 0.53% gc time)
5806
4310
7313
2806
8806
  1.695398 seconds (23.53 k allocations: 30.114 MiB)
1304
  1.711031 seconds (13.29 k allocations: 20.378 MiB)
8807
  1.785083 seconds (15.82 k allocations: 19.980 MiB)
4311
  1.796946 seconds (23.82 k allocations: 30.054 MiB)
5807
  1.803554 seconds (31.81 k allocations: 40.127 MiB)
7314
  1.806602 seconds (35.55 k allocations: 44.642 MiB)
2807
  1.697260 seconds (39.88 k allocations: 50.285 MiB)
1305
  1.701471 seconds (39.96 k allocations: 50.369 MiB)
8808
  1.690328 seconds (39.96 k allocations: 50.369 MiB)
4312
  1.693748 seconds (39.50 k allocations: 49.249 MiB)
5808
  1.702242 seconds (33.81 k allocations: 43.387 MiB)
7315
  1.707576 seconds (39.72 k allocations: 50.117 MiB)
2808
  1.699740 seconds (39.72 k allocations: 50.117 MiB)
1306
  1.681165 seconds (39.72 k allocations: 50.117 MiB)
8809
  1.692467 seconds (39.80 k allocations: 50.201 MiB)
4313
  1.716407 seconds (39.80 k allocations: 50.201 MiB)
5809
  1.701231 seconds (33.07 k allocations: 42.002 MiB)
7316
  1.710322 seconds (39.80 k allocations: 50.201 MiB)
2809
  1.670569 seconds (31.81 k allocations: 40.127 MiB)
8810
  1.872999 seconds (42.59 k allocations: 53.741 MiB, 1.58% gc time)
  1.787176 seconds (26.72 k allocations: 33.696 MiB, 1.65% gc time)
  1.748017 seconds (10.85 k allocations: 13.704 MiB, 1.69% gc time)
  1.746566 seconds (10.87 k allocations: 13.738 MiB, 1.69% gc time)
  1.727880 seconds (2.94 k allocations: 3.732 MiB, 1.71% gc time)
7317
5810
2810
1307
4314
  1.670041 seconds (20.94 k allocations: 27.482 MiB)
8811
  1.724716 seconds (8.00 k allocations: 10.075 MiB)
5811
  1.729641 seconds (11.08 k allocations: 13.924 MiB)
  1.730926 seconds (11.56 k allocations: 17.172 MiB)
7318
2811
  1.734712 seconds (31.89 k allocations: 40.211 MiB)
  1.735493 seconds (32.28 k allocations: 41.248 MiB)
4315
1308
  1.698295 seconds (39.80 k allocations: 50.201 MiB)
8812
  1.693546 seconds (26.62 k allocations: 35.368 MiB)
5812
  1.705030 seconds (31.43 k allocations: 39.091 MiB)
  1.705319 seconds (31.76 k allocations: 40.067 MiB)
  1.697162 seconds (16.33 k allocations: 21.165 MiB)
7319
2812
4316
  1.698577 seconds (22.52 k allocations: 28.904 MiB)
1309
  1.681457 seconds (39.88 k allocations: 50.285 MiB)
8813
  1.690070 seconds (39.80 k allocations: 50.201 MiB)
5813
  1.699675 seconds (17.18 k allocations: 22.596 MiB)
  1.697106 seconds (16.20 k allocations: 21.016 MiB)
7320
1310
  1.700277 seconds (17.76 k allocations: 24.569 MiB)
4317
  1.701892 seconds (21.63 k allocations: 29.210 MiB)
2813
  1.673770 seconds (39.56 k allocations: 49.949 MiB)
8814
  1.749797 seconds (38.07 k allocations: 47.208 MiB, 1.13% gc time)
  1.725363 seconds (10.14 k allocations: 14.690 MiB, 1.15% gc time)
  1.722278 seconds (7.06 k allocations: 9.081 MiB, 1.15% gc time)
  1.719028 seconds (6.61 k allocations: 7.606 MiB, 1.15% gc time)
  1.722203 seconds (7.08 k allocations: 9.297 MiB, 1.15% gc time)
5814
4318
1311
2814
7321
  1.708754 seconds (32.96 k allocations: 39.790 MiB)
8815
  1.733240 seconds (8.00 k allocations: 10.075 MiB)
  1.731701 seconds (8.22 k allocations: 10.721 MiB)
  1.733201 seconds (8.77 k allocations: 12.147 MiB)
2815
7322
1312
  1.733825 seconds (13.04 k allocations: 17.319 MiB)
5815
  1.735689 seconds (25.59 k allocations: 30.807 MiB)
4319
  1.700637 seconds (39.72 k allocations: 50.117 MiB)
8816
  1.688803 seconds (8.79 k allocations: 12.115 MiB)
5816
  1.695325 seconds (13.71 k allocations: 17.832 MiB)
1313
  1.700609 seconds (23.22 k allocations: 29.446 MiB)
7323
  1.705507 seconds (32.91 k allocations: 42.479 MiB)
2816
  1.706239 seconds (37.58 k allocations: 46.712 MiB)
4320
  1.700814 seconds (39.72 k allocations: 50.117 MiB)
8817
  1.689665 seconds (28.06 k allocations: 35.606 MiB)
5817
  1.695046 seconds (27.49 k allocations: 35.021 MiB)
  1.700783 seconds (35.36 k allocations: 45.585 MiB)
7324
1314
  1.698772 seconds (31.29 k allocations: 38.370 MiB)
2817
  1.699633 seconds (38.32 k allocations: 47.464 MiB)
4321
  1.677348 seconds (39.80 k allocations: 50.201 MiB)
8818
  1.691491 seconds (38.38 k allocations: 47.402 MiB)
5818
  1.683145 seconds (20.39 k allocations: 26.559 MiB)
7325
  3.413000 seconds (22.42 k allocations: 29.339 MiB, 1.22% gc time)
  3.409136 seconds (18.36 k allocations: 23.259 MiB, 1.22% gc time)
  1.758311 seconds (4.35 k allocations: 5.807 MiB, 2.36% gc time)
  3.399955 seconds (12.26 k allocations: 15.801 MiB, 1.22% gc time)
1315
8819
2818
4322
  1.690525 seconds (24.38 k allocations: 30.987 MiB)
5819
  1.723887 seconds (8.00 k allocations: 10.075 MiB)
8820
  1.795841 seconds (15.90 k allocations: 20.064 MiB)
1316
  1.802826 seconds (18.59 k allocations: 23.510 MiB)
  1.800248 seconds (20.10 k allocations: 25.686 MiB)
7326
4323
  1.817714 seconds (39.80 k allocations: 50.201 MiB)
2819
  1.687187 seconds (39.80 k allocations: 50.201 MiB)
5820
  1.702988 seconds (39.80 k allocations: 50.201 MiB)
8821
  1.694964 seconds (23.82 k allocations: 30.054 MiB)
7327
  1.697238 seconds (26.19 k allocations: 33.168 MiB)
4324
  1.704357 seconds (36.39 k allocations: 46.714 MiB)
1317
  1.710264 seconds (39.64 k allocations: 50.033 MiB)
2820
  1.688626 seconds (39.72 k allocations: 50.117 MiB)
5821
  1.672328 seconds (39.80 k allocations: 50.201 MiB)
8822
  1.693742 seconds (30.82 k allocations: 39.651 MiB)
7328
  1.708755 seconds (33.58 k allocations: 43.167 MiB)
4325
  1.707206 seconds (33.05 k allocations: 42.096 MiB)
1318
  1.696952 seconds (39.80 k allocations: 50.201 MiB)
2821
  1.698350 seconds (39.72 k allocations: 50.117 MiB)
5822
  1.847115 seconds (38.10 k allocations: 47.236 MiB, 0.93% gc time)
  1.755684 seconds (30.25 k allocations: 37.297 MiB, 0.98% gc time)
  1.737362 seconds (16.57 k allocations: 20.703 MiB, 0.99% gc time)
  1.732105 seconds (14.46 k allocations: 17.319 MiB, 0.99% gc time)
  1.715337 seconds (6.65 k allocations: 7.469 MiB, 1.00% gc time)
7329
8823
4326
1319
2822
  1.684265 seconds (32.82 k allocations: 39.598 MiB)
5823
  1.706876 seconds (15.44 k allocations: 22.568 MiB)
2823
  1.713169 seconds (15.99 k allocations: 20.148 MiB)
1320
  1.730980 seconds (23.90 k allocations: 30.138 MiB)
7330
  1.736933 seconds (31.81 k allocations: 40.127 MiB)
4327
  1.750605 seconds (39.80 k allocations: 50.201 MiB)
8824
  1.686924 seconds (39.72 k allocations: 50.117 MiB)
5824
  1.699675 seconds (39.64 k allocations: 50.033 MiB)
2824
  1.698416 seconds (39.72 k allocations: 50.117 MiB)
1321
  1.694606 seconds (31.73 k allocations: 40.043 MiB)
4328
  1.694507 seconds (31.73 k allocations: 40.043 MiB)
8825
  1.721833 seconds (51.82 k allocations: 64.379 MiB)
7331
  1.690784 seconds (39.64 k allocations: 50.033 MiB)
5825
  1.696788 seconds (39.64 k allocations: 50.033 MiB)
2825
  1.702476 seconds (39.72 k allocations: 50.117 MiB)
1322
  1.691842 seconds (39.72 k allocations: 50.117 MiB)
4329
  1.696891 seconds (31.81 k allocations: 40.127 MiB)
7332
  1.704908 seconds (38.34 k allocations: 48.722 MiB)
8826
  1.695901 seconds (39.72 k allocations: 50.117 MiB)
5826
  1.708157 seconds (39.72 k allocations: 50.117 MiB)
2826
  3.380993 seconds (34.60 k allocations: 43.667 MiB, 1.59% gc time)
  3.367728 seconds (26.73 k allocations: 33.725 MiB, 1.60% gc time)
  3.342551 seconds (10.92 k allocations: 13.714 MiB, 1.61% gc time)
  1.738097 seconds (3.11 k allocations: 3.925 MiB, 3.09% gc time)
  3.345914 seconds (12.73 k allocations: 16.869 MiB, 1.61% gc time)
5827
1323
7333
4330
8827
  1.697814 seconds (29.45 k allocations: 36.143 MiB)
2827
  1.723370 seconds (8.95 k allocations: 13.502 MiB)
5828
  1.793312 seconds (15.90 k allocations: 20.064 MiB)
4331
  1.802511 seconds (23.90 k allocations: 30.138 MiB)
8828
  1.809069 seconds (25.22 k allocations: 32.180 MiB)
  1.809631 seconds (25.71 k allocations: 34.138 MiB)
7334
1324
  1.703151 seconds (39.72 k allocations: 50.117 MiB)
2828
  1.677944 seconds (39.72 k allocations: 50.117 MiB)
5829
  1.693467 seconds (39.72 k allocations: 50.117 MiB)
4332
  1.695285 seconds (23.82 k allocations: 30.054 MiB)
1325
  1.701736 seconds (29.07 k allocations: 38.550 MiB)
8829
  1.709167 seconds (39.72 k allocations: 50.117 MiB)
7335
  1.684449 seconds (31.81 k allocations: 40.127 MiB)
5830
  1.703192 seconds (46.59 k allocations: 57.824 MiB)
2829
  1.667577 seconds (23.82 k allocations: 30.054 MiB)
8830
  1.703041 seconds (47.63 k allocations: 60.106 MiB)
4333
  1.695675 seconds (40.33 k allocations: 51.970 MiB)
1326
  1.714105 seconds (39.64 k allocations: 50.033 MiB)
7336
  1.698204 seconds (36.86 k allocations: 46.500 MiB)
5831
  1.865969 seconds (34.60 k allocations: 43.679 MiB, 1.04% gc time)
  1.781907 seconds (26.73 k allocations: 33.715 MiB, 1.09% gc time)
  1.753554 seconds (10.96 k allocations: 13.739 MiB, 1.10% gc time)
  1.764647 seconds (18.07 k allocations: 22.240 MiB, 1.10% gc time)
  1.725157 seconds (3.09 k allocations: 3.782 MiB, 1.12% gc time)
7337
1327
2830
4334
8831
  1.695008 seconds (21.57 k allocations: 28.114 MiB)
5832
  1.712587 seconds (19.84 k allocations: 27.046 MiB)
7338
  1.738292 seconds (15.83 k allocations: 19.980 MiB)
1328
  1.743035 seconds (23.73 k allocations: 29.970 MiB)
8832
  1.746902 seconds (26.99 k allocations: 33.979 MiB)
2831
  1.749071 seconds (32.92 k allocations: 40.731 MiB)
4335
  1.688683 seconds (39.72 k allocations: 50.117 MiB)
5833
  1.695742 seconds (39.72 k allocations: 50.117 MiB)
7339
  1.694222 seconds (22.64 k allocations: 29.390 MiB)
8833
  1.703969 seconds (40.38 k allocations: 50.803 MiB)
1329
  1.693156 seconds (22.78 k allocations: 28.464 MiB)
4336
  1.702004 seconds (39.61 k allocations: 50.020 MiB)
2832
  1.689833 seconds (39.72 k allocations: 50.117 MiB)
5834
  1.676732 seconds (39.64 k allocations: 50.033 MiB)
7340
  1.696865 seconds (23.40 k allocations: 28.931 MiB)
1330
  1.701963 seconds (28.99 k allocations: 35.337 MiB)
4337
  1.713537 seconds (42.36 k allocations: 54.037 MiB)
8834
  1.705456 seconds (36.71 k allocations: 45.825 MiB)
2833
  1.687492 seconds (39.72 k allocations: 50.117 MiB)
5835
  1.803781 seconds (38.28 k allocations: 47.426 MiB, 0.88% gc time)
  1.731784 seconds (16.07 k allocations: 19.518 MiB, 0.91% gc time)
  1.728338 seconds (11.88 k allocations: 14.025 MiB, 0.92% gc time)
  1.741266 seconds (28.17 k allocations: 34.484 MiB, 0.91% gc time)
  1.719468 seconds (6.87 k allocations: 7.752 MiB, 0.92% gc time)
4338
2834
1331
7341
8835
  1.690344 seconds (30.58 k allocations: 37.318 MiB)
5836
  1.703626 seconds (13.86 k allocations: 19.732 MiB)
7342
  1.713375 seconds (15.91 k allocations: 20.064 MiB)
  1.719321 seconds (22.65 k allocations: 31.265 MiB)
1332
2835
  1.732258 seconds (31.89 k allocations: 40.211 MiB)
  1.732576 seconds (32.27 k allocations: 41.247 MiB)
8836
4339
  1.683450 seconds (39.88 k allocations: 50.285 MiB)
5837
  1.696639 seconds (39.88 k allocations: 50.285 MiB)
7343
  1.700721 seconds (31.81 k allocations: 40.127 MiB)
1333
  1.711670 seconds (39.80 k allocations: 50.201 MiB)
2836
  1.702570 seconds (31.89 k allocations: 40.211 MiB)
4340
  1.710077 seconds (39.80 k allocations: 50.201 MiB)
8837
  1.685687 seconds (39.72 k allocations: 50.117 MiB)
5838
  1.712826 seconds (39.72 k allocations: 50.117 MiB)
7344
  1.700213 seconds (39.64 k allocations: 50.033 MiB)
1334
  1.677634 seconds (22.48 k allocations: 27.458 MiB)
8838
  1.692723 seconds (38.54 k allocations: 48.219 MiB)
4341
  1.710941 seconds (55.62 k allocations: 70.180 MiB)
2837
  1.681409 seconds (39.88 k allocations: 50.285 MiB)
5839
  1.693900 seconds (39.40 k allocations: 49.102 MiB)
7345
  3.321147 seconds (25.83 k allocations: 32.112 MiB, 0.64% gc time)
  3.327379 seconds (32.16 k allocations: 40.471 MiB, 0.64% gc time)
  3.312941 seconds (17.43 k allocations: 21.577 MiB, 0.65% gc time)
  3.305803 seconds (11.20 k allocations: 13.991 MiB, 0.65% gc time)
  1.704510 seconds (3.29 k allocations: 4.001 MiB, 1.25% gc time)
5840
2838
4342
1335
8839
  1.682220 seconds (12.76 k allocations: 17.898 MiB)
5841
  1.701090 seconds (28.80 k allocations: 37.408 MiB)
7346
  1.791871 seconds (15.91 k allocations: 20.064 MiB)
4343
  1.796559 seconds (22.65 k allocations: 27.638 MiB)
1336
  1.824209 seconds (31.81 k allocations: 40.127 MiB)
2839
  1.828910 seconds (36.91 k allocations: 46.029 MiB)
8840
  1.686190 seconds (39.72 k allocations: 50.117 MiB)
5842
  1.695482 seconds (39.72 k allocations: 50.117 MiB)
7347
  1.696892 seconds (37.20 k allocations: 46.855 MiB)
4344
  1.704212 seconds (39.64 k allocations: 50.033 MiB)
1337
  1.706316 seconds (35.93 k allocations: 45.555 MiB)
2840
  1.713601 seconds (39.64 k allocations: 50.033 MiB)
8841
  1.682503 seconds (39.64 k allocations: 50.033 MiB)
5843
  1.718299 seconds (39.72 k allocations: 50.117 MiB)
7348
  1.693220 seconds (39.72 k allocations: 50.117 MiB)
4345
  1.688825 seconds (39.80 k allocations: 50.201 MiB)
1338
  1.688587 seconds (31.89 k allocations: 40.211 MiB)
8842
  1.711528 seconds (47.79 k allocations: 60.274 MiB)
2841
  1.689489 seconds (39.80 k allocations: 50.201 MiB)
5844
  1.796762 seconds (26.74 k allocations: 33.728 MiB, 0.99% gc time)
  1.875108 seconds (34.71 k allocations: 43.784 MiB, 0.95% gc time)
  1.786741 seconds (18.88 k allocations: 23.793 MiB, 1.00% gc time)
  1.744351 seconds (10.96 k allocations: 13.862 MiB, 1.02% gc time)
  1.730255 seconds (3.15 k allocations: 4.037 MiB, 1.03% gc time)
4346
1339
2842
7349
8843
  1.693909 seconds (25.69 k allocations: 32.302 MiB)
5845
  1.716635 seconds (16.49 k allocations: 23.642 MiB)
2843
  1.720271 seconds (15.99 k allocations: 20.148 MiB)
7350
  1.739647 seconds (23.90 k allocations: 30.138 MiB)
4347
  1.744951 seconds (30.83 k allocations: 37.913 MiB)
  1.744302 seconds (30.98 k allocations: 38.102 MiB)
1340
8844
  1.690265 seconds (39.80 k allocations: 50.201 MiB)
5846
  1.698129 seconds (31.81 k allocations: 40.128 MiB)
  1.707478 seconds (39.72 k allocations: 50.118 MiB)
7351
2844
  1.691965 seconds (29.25 k allocations: 36.822 MiB)
1341
  1.701835 seconds (39.13 k allocations: 49.258 MiB)
4348
  1.721103 seconds (39.72 k allocations: 50.117 MiB)
8845
  1.682502 seconds (39.72 k allocations: 50.117 MiB)
5847
  1.690359 seconds (31.73 k allocations: 40.043 MiB)
7352
  1.703104 seconds (39.64 k allocations: 50.033 MiB)
2845
  1.697468 seconds (33.23 k allocations: 42.798 MiB)
1342
  1.699744 seconds (38.93 k allocations: 48.086 MiB)
4349
  1.715613 seconds (39.72 k allocations: 50.117 MiB)
8846
  1.689555 seconds (39.80 k allocations: 50.201 MiB)
5848
  1.813069 seconds (38.25 k allocations: 47.401 MiB, 1.36% gc time)
  1.784497 seconds (21.34 k allocations: 25.581 MiB, 1.38% gc time)
  1.799233 seconds (30.34 k allocations: 37.383 MiB, 1.37% gc time)
  1.773470 seconds (14.62 k allocations: 17.531 MiB, 1.39% gc time)
  1.722193 seconds (6.71 k allocations: 7.600 MiB, 1.43% gc time)
7353
1343
2846
8847
4350
  1.687006 seconds (34.41 k allocations: 41.261 MiB)
5849
  1.720668 seconds (12.38 k allocations: 18.223 MiB)
7354
  1.729492 seconds (17.20 k allocations: 22.611 MiB)
1344
  1.734604 seconds (23.90 k allocations: 30.138 MiB)
4351
  1.754652 seconds (32.31 k allocations: 41.859 MiB)
2847
  1.771038 seconds (39.88 k allocations: 50.285 MiB)
8848
  1.687026 seconds (39.88 k allocations: 50.285 MiB)
5850
  1.697289 seconds (39.80 k allocations: 50.201 MiB)
7355
  1.704567 seconds (39.80 k allocations: 50.201 MiB)
1345
  1.694943 seconds (32.49 k allocations: 41.521 MiB)
4352
  1.711285 seconds (39.72 k allocations: 50.117 MiB)
2848
  1.703123 seconds (39.80 k allocations: 50.201 MiB)
8849
  1.689531 seconds (39.80 k allocations: 50.201 MiB)
5851
  1.695251 seconds (23.90 k allocations: 30.138 MiB)
  1.715597 seconds (40.18 k allocations: 51.237 MiB)
1346
7356
  1.700934 seconds (37.43 k allocations: 45.344 MiB)
4353
  1.688845 seconds (31.73 k allocations: 40.043 MiB)
8850
  1.714920 seconds (47.28 k allocations: 59.233 MiB)
2849
  1.683591 seconds (39.56 k allocations: 49.949 MiB)
5852
  1.689146 seconds (23.82 k allocations: 30.054 MiB)
4354
  3.315249 seconds (31.91 k allocations: 40.222 MiB, 0.50% gc time)
  3.315068 seconds (31.70 k allocations: 40.006 MiB, 0.50% gc time)
  3.273781 seconds (18.94 k allocations: 23.830 MiB, 0.51% gc time)
  3.259501 seconds (11.11 k allocations: 13.931 MiB, 0.51% gc time)
  1.703515 seconds (3.23 k allocations: 4.030 MiB, 0.98% gc time)
1347
5853
2850
7357
8851
  1.689189 seconds (12.69 k allocations: 17.846 MiB)
5854
  1.697879 seconds (26.48 k allocations: 33.807 MiB)
4355
  1.799715 seconds (15.91 k allocations: 20.064 MiB)
  1.800766 seconds (16.30 k allocations: 21.101 MiB)
1348
7358
  1.811052 seconds (31.73 k allocations: 40.043 MiB)
8852
  1.820718 seconds (39.64 k allocations: 50.033 MiB)
2851
  1.692359 seconds (37.72 k allocations: 47.381 MiB)
5855
  1.697750 seconds (39.64 k allocations: 50.033 MiB)
4356
  1.696648 seconds (31.23 k allocations: 38.850 MiB)
  1.698126 seconds (31.79 k allocations: 40.166 MiB)
7359
1349
  1.710215 seconds (39.26 k allocations: 48.997 MiB)
8853
  1.711602 seconds (39.56 k allocations: 49.949 MiB)
2852
  1.681912 seconds (39.64 k allocations: 50.033 MiB)
5856
  1.690580 seconds (39.64 k allocations: 50.033 MiB)
4357
  1.685307 seconds (31.81 k allocations: 40.127 MiB)
7360
  1.696720 seconds (39.72 k allocations: 50.117 MiB)
1350
  1.702426 seconds (39.80 k allocations: 50.201 MiB)
8854
  1.714988 seconds (39.72 k allocations: 50.117 MiB)
2853
  1.689105 seconds (39.80 k allocations: 50.201 MiB)
5857
  1.902495 seconds (34.79 k allocations: 43.874 MiB, 1.37% gc time)
  1.793748 seconds (26.97 k allocations: 33.948 MiB, 1.46% gc time)
  1.781846 seconds (19.07 k allocations: 24.000 MiB, 1.47% gc time)
  1.760483 seconds (11.25 k allocations: 14.142 MiB, 1.48% gc time)
  1.737572 seconds (3.35 k allocations: 4.216 MiB, 1.50% gc time)
1351
2854
7361
8855
4358
  1.680688 seconds (24.29 k allocations: 30.911 MiB)
5858
  1.724265 seconds (7.99 k allocations: 10.074 MiB)
4359
  1.729985 seconds (12.25 k allocations: 15.110 MiB)
7362
  1.736246 seconds (23.52 k allocations: 28.525 MiB)
1352
  1.742363 seconds (25.67 k allocations: 32.637 MiB)
2855
  1.758033 seconds (39.88 k allocations: 50.285 MiB)
8856
  1.694551 seconds (39.80 k allocations: 50.201 MiB)
5859
  1.690799 seconds (34.91 k allocations: 44.513 MiB)
4360
  1.694052 seconds (39.07 k allocations: 48.763 MiB)
7363
  1.689535 seconds (28.09 k allocations: 36.340 MiB)
1353
  1.705703 seconds (39.72 k allocations: 50.117 MiB)
2856
  1.702281 seconds (39.80 k allocations: 50.201 MiB)
8857
  1.683281 seconds (39.80 k allocations: 50.201 MiB)
5860
  1.677993 seconds (26.43 k allocations: 33.947 MiB)
7364
  1.687983 seconds (31.73 k allocations: 40.043 MiB)
1354
  1.707544 seconds (53.75 k allocations: 67.566 MiB)
4361
  1.699716 seconds (39.56 k allocations: 49.949 MiB)
2857
  1.693358 seconds (38.21 k allocations: 47.352 MiB)
8858
  1.686545 seconds (39.56 k allocations: 49.949 MiB)
5861
  1.757290 seconds (22.44 k allocations: 27.435 MiB, 1.02% gc time)
  1.768226 seconds (30.05 k allocations: 36.443 MiB, 1.01% gc time)
  1.781948 seconds (38.42 k allocations: 47.543 MiB, 1.01% gc time)
  1.725177 seconds (6.81 k allocations: 7.628 MiB, 1.04% gc time)
  1.733517 seconds (11.47 k allocations: 13.603 MiB, 1.03% gc time)
7365
1355
2858
8859
4362
  1.687915 seconds (33.63 k allocations: 40.405 MiB)
5862
  1.712567 seconds (15.90 k allocations: 23.041 MiB)
2859
  1.721628 seconds (15.91 k allocations: 20.064 MiB)
7366
  1.724180 seconds (20.22 k allocations: 25.170 MiB)
1356
  1.735448 seconds (31.81 k allocations: 40.127 MiB)
8860
  1.737718 seconds (36.81 k allocations: 45.928 MiB)
4363
  1.692793 seconds (39.80 k allocations: 50.201 MiB)
5863
  1.708316 seconds (39.72 k allocations: 50.117 MiB)
2860
  1.693314 seconds (26.07 k allocations: 33.050 MiB)
  1.698022 seconds (29.70 k allocations: 38.617 MiB)
1357
7367
  1.702229 seconds (31.73 k allocations: 40.043 MiB)
4364
  1.715251 seconds (43.08 k allocations: 54.773 MiB)
8861
  1.682682 seconds (39.72 k allocations: 50.117 MiB)
5864
  1.695283 seconds (23.82 k allocations: 30.054 MiB)
1358
  1.698826 seconds (27.30 k allocations: 34.306 MiB)
7368
  1.704270 seconds (34.03 k allocations: 41.859 MiB)
2861
  1.690504 seconds (39.33 k allocations: 49.080 MiB)
4365
  1.692030 seconds (39.80 k allocations: 50.201 MiB)
8862
  1.684086 seconds (39.80 k allocations: 50.201 MiB)
5865
  1.696109 seconds (30.99 k allocations: 39.812 MiB)
1359
  1.694689 seconds (26.81 k allocations: 35.038 MiB)
  3.342610 seconds (19.30 k allocations: 24.874 MiB, 1.11% gc time)
  3.332750 seconds (11.49 k allocations: 14.961 MiB, 1.11% gc time)
  3.350569 seconds (26.67 k allocations: 33.610 MiB, 1.10% gc time)
  1.723531 seconds (3.64 k allocations: 5.065 MiB, 2.14% gc time)
7369
4366
2862
8863
5866
  1.696652 seconds (27.06 k allocations: 33.723 MiB)
1360
  1.712019 seconds (7.91 k allocations: 9.990 MiB)
5867
  1.777427 seconds (15.83 k allocations: 19.980 MiB)
4367
  1.797458 seconds (23.90 k allocations: 31.356 MiB)
7370
  1.815730 seconds (31.73 k allocations: 40.043 MiB)
2863
  1.836678 seconds (39.72 k allocations: 50.117 MiB)
8864
  1.693162 seconds (39.72 k allocations: 50.117 MiB)
1361
  1.686719 seconds (39.72 k allocations: 50.117 MiB)
5868
  1.689996 seconds (39.72 k allocations: 50.117 MiB)
4368
  1.693679 seconds (39.72 k allocations: 50.117 MiB)
7371
  1.708827 seconds (39.72 k allocations: 50.117 MiB)
2864
  1.708964 seconds (39.80 k allocations: 50.201 MiB)
8865
  1.697221 seconds (39.80 k allocations: 50.201 MiB)
1362
  1.684684 seconds (39.88 k allocations: 50.285 MiB)
5869
  1.693129 seconds (39.88 k allocations: 50.285 MiB)
4369
  1.696317 seconds (39.80 k allocations: 50.201 MiB)
7372
  1.686857 seconds (31.81 k allocations: 40.127 MiB)
8866
  1.714271 seconds (43.66 k allocations: 54.839 MiB)
2865
  1.700589 seconds (39.26 k allocations: 48.997 MiB)
1363
  1.691179 seconds (34.12 k allocations: 43.180 MiB)
5870
  1.815890 seconds (32.38 k allocations: 40.178 MiB, 1.00% gc time)
  1.790751 seconds (24.59 k allocations: 30.308 MiB, 1.01% gc time)  1.730369 seconds (8.83 k allocations: 10.364 MiB, 1.05% gc time)

  1.735689 seconds (10.96 k allocations: 13.769 MiB, 1.05% gc time)
2866
7373
8867
4370
  1.700898 seconds (30.97 k allocations: 37.821 MiB)
1364
  1.711898 seconds (19.91 k allocations: 27.125 MiB)
2867
  1.734577 seconds (18.08 k allocations: 25.969 MiB)
  1.730988 seconds (16.27 k allocations: 21.098 MiB)
5871
8868
  1.729693 seconds (17.41 k allocations: 22.995 MiB)
4371
  1.742994 seconds (39.80 k allocations: 50.201 MiB)
7374
  1.701039 seconds (39.88 k allocations: 50.285 MiB)
1365
  1.708515 seconds (39.88 k allocations: 50.285 MiB)
2868
  1.688854 seconds (23.98 k allocations: 30.222 MiB)
5872
  1.694136 seconds (30.96 k allocations: 38.039 MiB)
4372
  1.709736 seconds (39.88 k allocations: 50.285 MiB)
8869
  1.705943 seconds (39.80 k allocations: 50.201 MiB)
7375
  1.693455 seconds (39.72 k allocations: 50.117 MiB)
1366
  1.687502 seconds (29.00 k allocations: 36.551 MiB)
5873
  1.701850 seconds (45.95 k allocations: 56.474 MiB)
2869
  1.690020 seconds (33.74 k allocations: 42.801 MiB)
4373
  1.681365 seconds (36.15 k allocations: 44.595 MiB)
8870
  1.727779 seconds (39.80 k allocations: 50.201 MiB)
7376
  1.695969 seconds (39.72 k allocations: 50.117 MiB)
1367
  1.690905 seconds (36.82 k allocations: 45.819 MiB)
5874
  3.392833 seconds (22.29 k allocations: 28.502 MiB, 0.65% gc time)
  3.390176 seconds (21.52 k allocations: 26.463 MiB, 0.65% gc time)
  3.398910 seconds (31.83 k allocations: 39.507 MiB, 0.65% gc time)
  1.726608 seconds (5.99 k allocations: 6.869 MiB, 1.29% gc time)
  3.333020 seconds (13.82 k allocations: 16.774 MiB, 0.67% gc time)
4374
1368
7377
2870
8871
  1.680640 seconds (30.95 k allocations: 37.658 MiB)
5875
  1.693498 seconds (19.54 k allocations: 26.736 MiB)
1369
  1.786288 seconds (15.91 k allocations: 20.064 MiB)
7378
  1.810859 seconds (23.82 k allocations: 30.054 MiB)
4375
  1.815208 seconds (29.06 k allocations: 36.105 MiB)
2871
  1.833015 seconds (39.80 k allocations: 50.201 MiB)
8872
  1.683794 seconds (39.80 k allocations: 50.201 MiB)
5876
  1.705767 seconds (39.72 k allocations: 50.117 MiB)
1370
  1.690684 seconds (39.72 k allocations: 50.117 MiB)
7379
  1.695679 seconds (35.49 k allocations: 45.093 MiB)
4376
  1.706866 seconds (39.56 k allocations: 49.949 MiB)
2872
  1.704967 seconds (39.64 k allocations: 50.033 MiB)
8873
  1.678499 seconds (39.64 k allocations: 50.033 MiB)
5877
  1.694768 seconds (39.72 k allocations: 50.117 MiB)
1371
  1.697720 seconds (39.80 k allocations: 50.201 MiB)
7380
  1.703054 seconds (39.88 k allocations: 50.285 MiB)
4377
  1.689329 seconds (31.97 k allocations: 40.295 MiB)
8874
  1.713634 seconds (45.92 k allocations: 57.145 MiB)
2873
  1.685037 seconds (39.88 k allocations: 50.285 MiB)
5878
  1.690241 seconds (39.80 k allocations: 50.201 MiB)
1372
  3.193869 seconds (15.06 k allocations: 19.175 MiB, 1.10% gc time)  3.217205 seconds (26.69 k allocations: 33.691 MiB, 1.09% gc time)
  3.186140 seconds (10.97 k allocations: 13.756 MiB, 1.10% gc time)

  1.704006 seconds (3.11 k allocations: 3.797 MiB, 2.07% gc time)
  3.251366 seconds (34.68 k allocations: 43.762 MiB, 1.08% gc time)
5879
4378
7381
2874
8875
  1.695635 seconds (30.19 k allocations: 36.896 MiB)
1373
  1.714108 seconds (14.73 k allocations: 20.619 MiB)
5880
  1.789357 seconds (15.91 k allocations: 20.064 MiB)
  1.793927 seconds (16.47 k allocations: 22.501 MiB)
7382
4379
  1.809641 seconds (31.81 k allocations: 40.127 MiB)
8876
  1.821437 seconds (39.72 k allocations: 50.117 MiB)
2875
  1.700413 seconds (39.80 k allocations: 50.201 MiB)
1374
  1.688465 seconds (39.80 k allocations: 50.201 MiB)
5881
  1.694149 seconds (31.89 k allocations: 40.211 MiB)
7383
  1.701335 seconds (39.88 k allocations: 50.285 MiB)
4380
  1.717388 seconds (39.88 k allocations: 50.285 MiB)
8877
  1.709497 seconds (32.57 k allocations: 41.600 MiB)
2876
  1.693710 seconds (39.80 k allocations: 50.201 MiB)
1375
  1.693707 seconds (39.72 k allocations: 50.117 MiB)
5882
  1.695400 seconds (38.79 k allocations: 48.470 MiB)
7384
  1.696077 seconds (39.72 k allocations: 50.117 MiB)
4381
  1.688584 seconds (31.73 k allocations: 40.043 MiB)
8878
  1.710846 seconds (39.64 k allocations: 50.033 MiB)
2877
  1.680039 seconds (31.81 k allocations: 40.127 MiB)
5883
  1.696498 seconds (41.94 k allocations: 53.089 MiB)
  1.790031 seconds (26.66 k allocations: 33.662 MiB, 1.05% gc time)
  1.778391 seconds (19.23 k allocations: 24.765 MiB, 1.06% gc time)
  1.749722 seconds (11.41 k allocations: 14.903 MiB, 1.07% gc time)
  1.726070 seconds (3.50 k allocations: 4.964 MiB, 1.09% gc time)
1376
7385
2878
4382
8879
  1.696605 seconds (19.89 k allocations: 26.423 MiB)
5884
  1.716783 seconds (18.35 k allocations: 25.517 MiB)
2879
  1.728381 seconds (15.99 k allocations: 20.148 MiB)
4383
  1.740885 seconds (23.98 k allocations: 30.222 MiB)
7386
  1.741570 seconds (24.81 k allocations: 31.768 MiB)
1377
  1.764586 seconds (39.88 k allocations: 50.285 MiB)
8880
  1.681299 seconds (39.80 k allocations: 50.201 MiB)
5885
  1.708055 seconds (39.80 k allocations: 50.201 MiB)
2880
  1.693229 seconds (36.47 k allocations: 45.589 MiB)
4384
  1.690394 seconds (31.89 k allocations: 40.211 MiB)
1378
  1.693521 seconds (32.32 k allocations: 41.314 MiB)
7387
  1.700944 seconds (39.96 k allocations: 50.369 MiB)
8881
  1.688269 seconds (39.88 k allocations: 50.285 MiB)
5886
  1.693056 seconds (31.89 k allocations: 40.211 MiB)
4385
  1.712621 seconds (42.94 k allocations: 54.634 MiB)
2881
  1.696716 seconds (24.35 k allocations: 31.306 MiB)
7388
  1.698784 seconds (26.87 k allocations: 34.565 MiB)
1379
  1.703538 seconds (39.88 k allocations: 50.285 MiB)
8882
  1.686039 seconds (39.80 k allocations: 50.201 MiB)
5887
  1.770033 seconds (38.02 k allocations: 47.161 MiB, 0.92% gc time)
  1.753205 seconds (14.21 k allocations: 17.079 MiB, 0.93% gc time)
  1.751399 seconds (14.27 k allocations: 17.171 MiB, 0.93% gc time)
  1.751505 seconds (14.35 k allocations: 17.255 MiB, 0.93% gc time)
  1.711407 seconds (6.53 k allocations: 7.396 MiB, 0.96% gc time)
4386
2882
1380
7389
8883
  1.693126 seconds (31.86 k allocations: 38.603 MiB)
5888
  1.704037 seconds (11.73 k allocations: 18.787 MiB)
8884
  1.715636 seconds (15.91 k allocations: 20.064 MiB)
7390
  1.732397 seconds (23.82 k allocations: 30.054 MiB)
1381
  1.735775 seconds (24.43 k allocations: 31.375 MiB)
4387
  1.748629 seconds (39.64 k allocations: 50.033 MiB)
2883
  1.684207 seconds (39.64 k allocations: 50.033 MiB)
5889
  1.692617 seconds (31.81 k allocations: 40.127 MiB)
7391
  1.716108 seconds (43.40 k allocations: 54.569 MiB)
8885
  1.690632 seconds (31.89 k allocations: 40.211 MiB)
1382
  1.700333 seconds (39.80 k allocations: 50.201 MiB)
4388
  1.703105 seconds (39.72 k allocations: 50.117 MiB)
2884
  1.697689 seconds (39.72 k allocations: 50.117 MiB)
5890
  1.689782 seconds (31.81 k allocations: 40.127 MiB)
8886
  1.695088 seconds (34.98 k allocations: 45.285 MiB)
7392
  1.699791 seconds (39.80 k allocations: 50.201 MiB)
1383
  1.700259 seconds (39.88 k allocations: 50.285 MiB)
4389
  1.709376 seconds (39.80 k allocations: 50.201 MiB)
2885
  1.683103 seconds (39.80 k allocations: 50.201 MiB)
5891
  1.686953 seconds (34.83 k allocations: 44.431 MiB)
8887
  3.362811 seconds (34.84 k allocations: 43.919 MiB, 0.91% gc time)
  3.340703 seconds (26.87 k allocations: 33.848 MiB, 0.91% gc time)
  3.312211 seconds (11.02 k allocations: 13.871 MiB, 0.92% gc time)
  3.329351 seconds (19.00 k allocations: 23.922 MiB, 0.92% gc time)
  1.717861 seconds (3.18 k allocations: 3.971 MiB, 1.78% gc time)
5892
7393
2886
1384
4390
  1.692550 seconds (23.47 k allocations: 30.069 MiB)
8888
  1.715068 seconds (8.13 k allocations: 11.438 MiB)
5893
  1.779102 seconds (15.83 k allocations: 19.980 MiB)
4391
  1.802037 seconds (23.74 k allocations: 29.970 MiB)
7394
  1.808452 seconds (30.36 k allocations: 37.424 MiB)
2887
  1.814878 seconds (39.72 k allocations: 50.117 MiB)
1385
  1.711756 seconds (39.80 k allocations: 50.201 MiB)
8889
  1.694935 seconds (39.80 k allocations: 50.201 MiB)
5894
  1.690964 seconds (39.80 k allocations: 50.201 MiB)
4392
  1.698496 seconds (30.82 k allocations: 38.412 MiB)
2888
  1.709712 seconds (42.20 k allocations: 52.647 MiB)
7395
  1.703380 seconds (39.80 k allocations: 50.201 MiB)
1386
  1.689022 seconds (39.80 k allocations: 50.201 MiB)
8890
  1.682453 seconds (39.08 k allocations: 48.241 MiB)
5895
  1.697458 seconds (39.72 k allocations: 50.117 MiB)
4393
  1.700184 seconds (35.16 k allocations: 44.760 MiB)
2889
  1.700685 seconds (34.82 k allocations: 43.205 MiB)
7396
  1.711716 seconds (39.56 k allocations: 49.949 MiB)
1387
  1.688786 seconds (37.21 k allocations: 46.868 MiB)
8891
  1.688061 seconds (37.44 k allocations: 46.562 MiB)
5896
  1.787190 seconds (30.89 k allocations: 38.594 MiB, 1.03% gc time)
  1.748496 seconds (17.05 k allocations: 21.837 MiB, 1.05% gc time)
  1.743521 seconds (15.14 k allocations: 18.656 MiB, 1.06% gc time)
  1.728061 seconds (7.20 k allocations: 8.665 MiB, 1.07% gc time)
2890
1388
4394
7397
  1.707781 seconds (11.65 k allocations: 16.779 MiB)
1389
  1.721975 seconds (40.92 k allocations: 48.604 MiB)
8892
  1.730297 seconds (17.19 k allocations: 22.605 MiB)
4395
  1.728211 seconds (18.98 k allocations: 23.895 MiB)
  1.737405 seconds (23.48 k allocations: 30.359 MiB)
7398
  1.740231 seconds (27.50 k allocations: 35.146 MiB)
5897
2891
  1.694686 seconds (31.89 k allocations: 40.211 MiB)
8893
  1.703968 seconds (39.77 k allocations: 50.167 MiB)
1390
  1.688932 seconds (19.31 k allocations: 25.977 MiB)
7399
  1.694192 seconds (30.62 k allocations: 39.410 MiB)
4396
  1.688080 seconds (20.49 k allocations: 26.141 MiB)
5898
  1.690938 seconds (30.98 k allocations: 37.531 MiB)
2892
  1.707703 seconds (31.81 k allocations: 40.127 MiB)
1391
  1.712737 seconds (34.08 k allocations: 44.362 MiB)
8894
  1.693982 seconds (23.06 k allocations: 28.585 MiB)
4397
  1.694321 seconds (23.98 k allocations: 30.222 MiB)
5899
  1.695756 seconds (24.80 k allocations: 31.767 MiB)
2893
  1.731338 seconds (50.88 k allocations: 63.942 MiB)
7400
  1.693894 seconds (27.18 k allocations: 34.713 MiB)
8895
  1.701079 seconds (34.79 k allocations: 44.389 MiB)
  1.694417 seconds (28.60 k allocations: 36.277 MiB)
1392
4398
  1.738875 seconds (19.15 k allocations: 23.541 MiB, 1.40% gc time)
  1.714148 seconds (11.41 k allocations: 13.722 MiB, 1.42% gc time)
  1.736979 seconds (19.23 k allocations: 23.605 MiB, 1.40% gc time)
7401
2894
5900
  1.698798 seconds (1.80 k allocations: 4.284 MiB)
5901
  1.713294 seconds (22.06 k allocations: 29.314 MiB)
1393
  1.715959 seconds (15.90 k allocations: 20.064 MiB)
7402
  1.731843 seconds (40.26 k allocations: 50.499 MiB)
8896
  1.734254 seconds (31.73 k allocations: 40.043 MiB)
4399
  1.743553 seconds (39.72 k allocations: 50.117 MiB)
2895
  1.697650 seconds (39.80 k allocations: 50.201 MiB)
5902
  1.689632 seconds (28.51 k allocations: 36.072 MiB)
7403
  1.708834 seconds (47.63 k allocations: 60.106 MiB)
1394
  1.699455 seconds (38.88 k allocations: 48.033 MiB)
8897
  1.695828 seconds (39.60 k allocations: 48.773 MiB)
4400
  1.708485 seconds (39.72 k allocations: 50.117 MiB)
2896
  1.692003 seconds (39.80 k allocations: 50.201 MiB)
5903
  1.682524 seconds (34.32 k allocations: 42.756 MiB)
7404
  1.704739 seconds (37.45 k allocations: 47.099 MiB)
1395
  1.697357 seconds (30.38 k allocations: 37.443 MiB)
4401
  1.706847 seconds (40.50 k allocations: 50.915 MiB)
8898
  1.695924 seconds (39.80 k allocations: 50.201 MiB)
2897
  1.682116 seconds (31.81 k allocations: 40.127 MiB)
5904
  1.782655 seconds (34.78 k allocations: 43.855 MiB, 1.03% gc time)
  1.745198 seconds (11.80 k allocations: 15.868 MiB, 1.06% gc time)
  1.742702 seconds (11.16 k allocations: 14.069 MiB, 1.06% gc time)
  1.751160 seconds (23.56 k allocations: 29.299 MiB, 1.05% gc time)
  1.717959 seconds (3.37 k allocations: 4.360 MiB, 1.07% gc time)
7405
8899
4402
1396
2898
  1.695176 seconds (21.46 k allocations: 27.996 MiB)
5905
  1.706224 seconds (14.50 k allocations: 21.609 MiB)
2899
  1.722142 seconds (15.99 k allocations: 20.148 MiB)
7406
  1.730035 seconds (23.90 k allocations: 30.138 MiB)
1397
  1.734240 seconds (28.45 k allocations: 35.481 MiB)
4403
  1.745084 seconds (39.80 k allocations: 50.201 MiB)
8900
  1.696188 seconds (39.72 k allocations: 50.117 MiB)
5906
  1.698742 seconds (39.72 k allocations: 50.117 MiB)
2900
  1.687082 seconds (38.82 k allocations: 48.502 MiB)
7407
  1.697802 seconds (31.81 k allocations: 40.127 MiB)
  1.702294 seconds (34.78 k allocations: 45.071 MiB)
4404
1398
  1.699833 seconds (39.80 k allocations: 50.201 MiB)
8901
  1.693459 seconds (39.72 k allocations: 50.117 MiB)
5907
  1.680994 seconds (31.81 k allocations: 40.127 MiB)
7408
  1.704843 seconds (47.63 k allocations: 60.106 MiB)
2901
  1.696086 seconds (31.81 k allocations: 40.127 MiB)
4405
  1.704436 seconds (39.72 k allocations: 50.117 MiB)
1399
  1.687691 seconds (33.43 k allocations: 42.478 MiB)
8902
  1.696147 seconds (39.72 k allocations: 50.117 MiB)
5908
  1.782472 seconds (38.24 k allocations: 47.392 MiB, 1.68% gc time)
  1.770713 seconds (30.32 k allocations: 37.374 MiB, 1.70% gc time)
  1.748166 seconds (22.52 k allocations: 27.550 MiB, 1.72% gc time)
  1.732137 seconds (6.71 k allocations: 7.628 MiB, 1.73% gc time)
  1.738716 seconds (9.85 k allocations: 12.081 MiB, 1.73% gc time)
7409
2902
8903
1400
4406
  1.694827 seconds (30.86 k allocations: 37.581 MiB)
5909
  1.728678 seconds (8.00 k allocations: 10.075 MiB)
1401
  1.727759 seconds (9.22 k allocations: 12.020 MiB)
7410
  1.743085 seconds (23.90 k allocations: 30.138 MiB)
4407
  1.752663 seconds (30.55 k allocations: 37.622 MiB)
  1.751583 seconds (31.88 k allocations: 39.623 MiB)
8904
2903
  1.691930 seconds (39.80 k allocations: 50.201 MiB)
5910
  1.663404 seconds (31.81 k allocations: 40.127 MiB)
7411
  1.705145 seconds (39.80 k allocations: 50.201 MiB)
1402
  1.697133 seconds (34.80 k allocations: 43.710 MiB)
4408
  1.693741 seconds (27.34 k allocations: 34.344 MiB)
2904
  1.701227 seconds (39.20 k allocations: 48.358 MiB)
8905
  1.687946 seconds (39.72 k allocations: 50.117 MiB)
5911
  1.685815 seconds (39.64 k allocations: 50.033 MiB)
7412
  1.689571 seconds (26.05 k allocations: 33.554 MiB)
  1.699995 seconds (39.77 k allocations: 50.198 MiB)
4409
1403
  1.688994 seconds (28.45 k allocations: 35.472 MiB)
2905
  1.687481 seconds (36.22 k allocations: 45.323 MiB)
8906
  1.692857 seconds (39.80 k allocations: 50.201 MiB)
5912
  1.690666 seconds (39.72 k allocations: 50.117 MiB)
7413
  3.342554 seconds (21.58 k allocations: 27.244 MiB, 0.52% gc time)
  3.333784 seconds (10.75 k allocations: 13.556 MiB, 0.52% gc time)
  3.335970 seconds (11.04 k allocations: 15.094 MiB, 0.52% gc time)
  3.342389 seconds (21.48 k allocations: 27.014 MiB, 0.52% gc time)
  1.710423 seconds (3.08 k allocations: 3.858 MiB, 1.01% gc time)
5913
1404
4410
2906
8907
  1.680447 seconds (24.52 k allocations: 31.132 MiB)
7414
  1.690409 seconds (19.99 k allocations: 27.226 MiB)
4411
  1.806605 seconds (15.90 k allocations: 20.064 MiB)
  1.807487 seconds (16.24 k allocations: 21.053 MiB)
2907
  1.809968 seconds (17.12 k allocations: 22.640 MiB)
1405
5914
  1.811639 seconds (30.07 k allocations: 36.610 MiB)
8908
  1.699508 seconds (39.80 k allocations: 50.201 MiB)
7415
  1.692557 seconds (39.63 k allocations: 48.804 MiB)
4412
  1.691860 seconds (20.39 k allocations: 25.857 MiB)
5915
  1.701367 seconds (30.64 k allocations: 39.458 MiB)
2908
  1.708069 seconds (37.45 k allocations: 47.100 MiB)
1406
  1.709760 seconds (39.80 k allocations: 50.201 MiB)
8909
  1.691949 seconds (37.91 k allocations: 47.576 MiB)
7416
  1.703340 seconds (39.88 k allocations: 50.285 MiB)
4413
  1.694273 seconds (38.55 k allocations: 48.224 MiB)
5916
  1.696521 seconds (38.82 k allocations: 48.502 MiB)
2909
  1.691466 seconds (31.89 k allocations: 40.211 MiB)
8910
  1.710687 seconds (44.78 k allocations: 55.971 MiB)
1407
  1.684789 seconds (39.88 k allocations: 50.285 MiB)
7417
  1.880740 seconds (38.34 k allocations: 47.494 MiB, 1.26% gc time)
  1.761653 seconds (30.40 k allocations: 37.458 MiB, 1.35% gc time)
  1.732660 seconds (8.17 k allocations: 10.326 MiB, 1.37% gc time)
  1.751599 seconds (22.54 k allocations: 27.541 MiB, 1.35% gc time)
  1.729465 seconds (6.70 k allocations: 7.639 MiB, 1.37% gc time)
5917
1408
4414
2910
8911
  1.685631 seconds (33.26 k allocations: 40.045 MiB)
7418
  1.726184 seconds (8.00 k allocations: 10.075 MiB)
5918
  1.729394 seconds (9.48 k allocations: 12.278 MiB)
1409
  1.732484 seconds (23.41 k allocations: 28.419 MiB)
4415
  1.741728 seconds (31.89 k allocations: 40.211 MiB)
2911
  1.748151 seconds (38.64 k allocations: 47.804 MiB)
8912
  1.687478 seconds (39.80 k allocations: 50.201 MiB)
7419
  1.693433 seconds (32.17 k allocations: 41.674 MiB)
5919
  1.690473 seconds (28.98 k allocations: 35.317 MiB)
4416
  1.695047 seconds (29.19 k allocations: 36.753 MiB)
2912
  1.713454 seconds (49.33 k allocations: 61.834 MiB)
1410
  1.704835 seconds (39.88 k allocations: 50.285 MiB)
8913
  1.694916 seconds (39.88 k allocations: 50.285 MiB)
7420
  1.694170 seconds (35.87 k allocations: 45.497 MiB)
5920
  1.701852 seconds (39.72 k allocations: 50.117 MiB)
4417
  1.702593 seconds (34.72 k allocations: 44.320 MiB)
  1.686897 seconds (24.21 k allocations: 31.091 MiB)
2913
8914
  1.712499 seconds (47.55 k allocations: 60.022 MiB)
1411
  1.683521 seconds (39.64 k allocations: 50.033 MiB)
7421
  1.697397 seconds (39.64 k allocations: 50.033 MiB)
5921
  3.322784 seconds (34.62 k allocations: 43.692 MiB, 0.52% gc time)
  3.310493 seconds (18.86 k allocations: 23.764 MiB, 0.53% gc time)
  3.308271 seconds (18.97 k allocations: 23.864 MiB, 0.53% gc time)
  3.297508 seconds (11.12 k allocations: 13.954 MiB, 0.53% gc time)
  1.705002 seconds (3.30 k allocations: 4.068 MiB, 1.02% gc time)
7422
4418
1412
2914
8915
  1.690123 seconds (21.16 k allocations: 26.481 MiB)
7423
  1.701982 seconds (36.52 k allocations: 44.176 MiB)
5922
  1.791539 seconds (15.91 k allocations: 20.064 MiB)
4419
  1.801961 seconds (23.90 k allocations: 30.138 MiB)
2915
  1.808228 seconds (31.11 k allocations: 38.207 MiB)
8916
  1.811475 seconds (32.43 k allocations: 41.458 MiB)
1413
  1.700985 seconds (35.43 k allocations: 45.046 MiB)
7424
  1.700718 seconds (34.74 k allocations: 43.811 MiB)
5923
  1.693161 seconds (39.80 k allocations: 50.201 MiB)
4420
  1.687534 seconds (33.74 k allocations: 41.800 MiB)
2916
  1.702232 seconds (31.97 k allocations: 40.295 MiB)
1414
  1.711707 seconds (37.73 k allocations: 48.090 MiB)
8917
  1.685643 seconds (32.69 k allocations: 42.251 MiB)
7425
  1.708550 seconds (39.80 k allocations: 50.201 MiB)
5924
  1.687063 seconds (31.81 k allocations: 40.127 MiB)
2917
  1.695053 seconds (38.08 k allocations: 48.447 MiB)
4421
  1.679972 seconds (31.81 k allocations: 40.127 MiB)
8918
  1.697617 seconds (39.80 k allocations: 50.201 MiB)
1415
  1.690201 seconds (39.88 k allocations: 50.285 MiB)
7426
  1.857172 seconds (34.80 k allocations: 43.871 MiB, 1.50% gc time)
  1.775005 seconds (23.72 k allocations: 29.939 MiB, 1.57% gc time)
  1.767326 seconds (19.01 k allocations: 23.899 MiB, 1.58% gc time)
  1.748517 seconds (11.11 k allocations: 13.939 MiB, 1.60% gc time)
  1.733036 seconds (3.21 k allocations: 3.991 MiB, 1.61% gc time)
2918
1416
5925
4422
8919
  1.693396 seconds (29.45 k allocations: 36.223 MiB)
7427
  1.721322 seconds (10.36 k allocations: 14.926 MiB)
1417
  1.727863 seconds (15.99 k allocations: 20.148 MiB)
4423
  1.740577 seconds (24.11 k allocations: 31.585 MiB)
2919
  1.746730 seconds (31.97 k allocations: 40.295 MiB)
5926
  1.749211 seconds (36.42 k allocations: 45.540 MiB)
8920
  1.699676 seconds (39.80 k allocations: 50.201 MiB)
7428
  1.697644 seconds (39.80 k allocations: 50.201 MiB)
1418
  1.695900 seconds (39.80 k allocations: 50.201 MiB)
4424
  1.687419 seconds (32.53 k allocations: 40.864 MiB)
2920
  1.698788 seconds (31.89 k allocations: 40.211 MiB)
  1.704069 seconds (35.14 k allocations: 45.396 MiB)
8921
5927
  1.667705 seconds (39.80 k allocations: 50.201 MiB)
7429
  1.696252 seconds (39.62 k allocations: 49.694 MiB)
1419
  1.695554 seconds (31.81 k allocations: 40.127 MiB)
2921
  1.703975 seconds (36.95 k allocations: 47.297 MiB)
4425
  1.685768 seconds (31.73 k allocations: 40.043 MiB)
8922
  1.705981 seconds (39.64 k allocations: 50.033 MiB)
5928
  1.694233 seconds (39.56 k allocations: 49.949 MiB)
7430
  1.752684 seconds (23.23 k allocations: 29.439 MiB, 1.09% gc time)
  1.740933 seconds (14.35 k allocations: 17.238 MiB, 1.10% gc time)
  1.749921 seconds (21.94 k allocations: 26.217 MiB, 1.09% gc time)
  1.766064 seconds (38.01 k allocations: 47.141 MiB, 1.08% gc time)
  1.720050 seconds (6.58 k allocations: 7.321 MiB, 1.11% gc time)
4426
2922
1420
8923
5929
  1.696126 seconds (32.54 k allocations: 39.377 MiB)
7431
  1.692859 seconds (8.00 k allocations: 10.075 MiB)
5930
  1.701653 seconds (22.12 k allocations: 30.081 MiB)
4427
  1.730321 seconds (23.90 k allocations: 30.138 MiB)
8924
  1.740373 seconds (31.81 k allocations: 40.127 MiB)
  1.739355 seconds (32.19 k allocations: 41.163 MiB)
2923
1421
  1.687262 seconds (39.33 k allocations: 49.080 MiB)
7432
  1.697886 seconds (31.73 k allocations: 40.043 MiB)
4428
  1.703473 seconds (35.38 k allocations: 45.700 MiB)
5931
  1.692311 seconds (23.82 k allocations: 30.054 MiB)
2924
  1.704706 seconds (40.56 k allocations: 51.036 MiB)
8925
  1.706160 seconds (39.72 k allocations: 50.117 MiB)
1422
  1.685863 seconds (39.72 k allocations: 50.117 MiB)
7433
  1.709863 seconds (35.49 k allocations: 45.114 MiB)
4429
  1.705184 seconds (33.55 k allocations: 42.608 MiB)
5932
  1.682429 seconds (31.81 k allocations: 40.127 MiB)
8926
  1.689797 seconds (37.98 k allocations: 47.127 MiB)
2925
  1.703811 seconds (39.88 k allocations: 50.285 MiB)
1423
  1.664315 seconds (39.88 k allocations: 50.285 MiB)
7434
  1.692302 seconds (31.97 k allocations: 40.295 MiB)
5933
  3.341583 seconds (34.88 k allocations: 43.959 MiB, 0.91% gc time)
  3.325226 seconds (23.69 k allocations: 29.911 MiB, 0.92% gc time)
  3.317921 seconds (19.13 k allocations: 24.061 MiB, 0.92% gc time)
  3.295148 seconds (11.23 k allocations: 14.132 MiB, 0.93% gc time)
  1.717977 seconds (3.30 k allocations: 4.117 MiB, 1.78% gc time)
7435
4430
1424
2926
8927
  1.702764 seconds (27.66 k allocations: 34.378 MiB)
5934
  1.706939 seconds (15.76 k allocations: 21.721 MiB)
7436
  1.802033 seconds (22.04 k allocations: 27.543 MiB)
4431
  1.810531 seconds (28.77 k allocations: 36.332 MiB)
2927
  1.815360 seconds (33.48 k allocations: 41.835 MiB)
1425
  1.832783 seconds (39.80 k allocations: 50.201 MiB)
8928
  1.692565 seconds (39.80 k allocations: 50.201 MiB)
  1.681260 seconds (32.02 k allocations: 40.720 MiB)
5935
7437
  1.696741 seconds (39.72 k allocations: 50.117 MiB)
4432
  1.696901 seconds (35.47 k allocations: 45.082 MiB)
2928
  1.700712 seconds (39.72 k allocations: 50.117 MiB)
1426
  1.705681 seconds (39.72 k allocations: 50.117 MiB)
8929
  1.682026 seconds (34.80 k allocations: 44.406 MiB)
5936
  1.708007 seconds (39.80 k allocations: 50.201 MiB)
7438
  1.700979 seconds (39.80 k allocations: 50.201 MiB)
4433
  1.709771 seconds (39.34 k allocations: 49.081 MiB)
  1.701990 seconds (32.20 k allocations: 41.164 MiB)
2929
1427
  1.694083 seconds (39.88 k allocations: 50.285 MiB)
8930
  1.689572 seconds (39.80 k allocations: 50.201 MiB)
5937
  1.864392 seconds (38.34 k allocations: 47.487 MiB, 1.02% gc time)
  1.762290 seconds (30.47 k allocations: 37.529 MiB, 1.08% gc time)
  1.739580 seconds (14.57 k allocations: 17.440 MiB, 1.09% gc time)
  1.742275 seconds (14.70 k allocations: 18.826 MiB, 1.09% gc time)
  1.715397 seconds (6.82 k allocations: 7.672 MiB, 1.11% gc time)
1428
8931
2930
7439
4434
  1.690294 seconds (33.39 k allocations: 40.298 MiB)
5938
  1.705181 seconds (22.67 k allocations: 29.993 MiB)
8932
  1.729042 seconds (23.81 k allocations: 30.574 MiB)
1429
  1.731415 seconds (25.54 k allocations: 33.048 MiB)
2931
  1.727947 seconds (31.89 k allocations: 40.211 MiB)
4435
  1.738143 seconds (37.73 k allocations: 48.087 MiB)
7440
  1.685680 seconds (39.72 k allocations: 50.117 MiB)
5939
  1.713272 seconds (39.80 k allocations: 50.201 MiB)
8933
  1.690535 seconds (30.50 k allocations: 38.799 MiB)
  1.691123 seconds (32.11 k allocations: 41.079 MiB)
1430
2932
  1.695774 seconds (34.12 k allocations: 43.710 MiB)
4436
  1.700736 seconds (39.80 k allocations: 50.201 MiB)
7441
  1.684856 seconds (39.80 k allocations: 50.201 MiB)
5940
  1.688180 seconds (39.10 k allocations: 48.239 MiB)
8934
  1.687767 seconds (31.89 k allocations: 40.211 MiB)
2933
  1.694899 seconds (37.73 k allocations: 46.875 MiB)
1431
  1.701908 seconds (39.41 k allocations: 49.164 MiB)
  1.693917 seconds (32.19 k allocations: 41.163 MiB)
4437
7442
  1.691051 seconds (39.80 k allocations: 50.201 MiB)
5941
  1.689845 seconds (39.42 k allocations: 49.245 MiB)
8935
  3.345475 seconds (30.96 k allocations: 39.251 MiB, 0.66% gc time)
  3.340178 seconds (26.79 k allocations: 33.763 MiB, 0.66% gc time)
  3.314473 seconds (10.92 k allocations: 13.716 MiB, 0.67% gc time)
  1.709724 seconds (3.08 k allocations: 3.869 MiB, 1.30% gc time)
  3.315405 seconds (10.96 k allocations: 13.797 MiB, 0.67% gc time)
5942
1432
2934
4438
7443
  1.694140 seconds (22.50 k allocations: 29.070 MiB)
  1.692044 seconds (14.88 k allocations: 20.716 MiB)
8936
5943
  1.798593 seconds (15.88 k allocations: 21.264 MiB)
  1.794585 seconds (16.13 k allocations: 20.886 MiB)
4439
  1.799391 seconds (16.96 k allocations: 22.491 MiB)
  1.799630 seconds (17.53 k allocations: 23.498 MiB)
7444
1433
2935
  1.691599 seconds (31.89 k allocations: 40.211 MiB)
5944
  1.695245 seconds (35.19 k allocations: 44.270 MiB)
8937
  1.691649 seconds (15.82 k allocations: 19.980 MiB)
2936
  1.694594 seconds (17.79 k allocations: 22.682 MiB)
7445
  1.700683 seconds (30.75 k allocations: 37.815 MiB)
1434
  1.706046 seconds (40.28 k allocations: 53.064 MiB)
4440
  1.682927 seconds (31.81 k allocations: 40.127 MiB)
8938
  1.695326 seconds (41.41 k allocations: 53.072 MiB)
5945
  1.687870 seconds (31.91 k allocations: 40.819 MiB)
  1.686424 seconds (28.14 k allocations: 35.623 MiB)
2937
7446
  1.696072 seconds (31.81 k allocations: 40.127 MiB)
1435
  1.709858 seconds (39.80 k allocations: 50.201 MiB)
4441
  1.689397 seconds (39.01 k allocations: 48.695 MiB)
8939
  1.863871 seconds (38.56 k allocations: 47.713 MiB, 1.05% gc time)
  1.749202 seconds (22.76 k allocations: 28.966 MiB, 1.12% gc time)
  1.746367 seconds (22.64 k allocations: 27.621 MiB, 1.12% gc time)
  1.733660 seconds (14.69 k allocations: 17.624 MiB, 1.13% gc time)
  1.718893 seconds (6.85 k allocations: 7.751 MiB, 1.14% gc time)
5946
4442
1436
2938
7447
  1.698806 seconds (12.09 k allocations: 17.214 MiB)
4443
  1.722732 seconds (42.43 k allocations: 51.424 MiB)
8940
  1.725684 seconds (15.90 k allocations: 20.064 MiB)
5947
  1.730348 seconds (17.73 k allocations: 22.622 MiB)
1437
  1.728828 seconds (22.57 k allocations: 28.247 MiB)
7448
  1.733397 seconds (32.21 k allocations: 40.017 MiB)
2939
  1.696492 seconds (39.72 k allocations: 50.117 MiB)
4444
  1.706067 seconds (39.64 k allocations: 50.033 MiB)
  1.689766 seconds (18.38 k allocations: 24.975 MiB)
8941
5948
  1.694613 seconds (24.99 k allocations: 32.471 MiB)
7449
  1.703397 seconds (35.34 k allocations: 44.938 MiB)
1438
  1.700299 seconds (33.23 k allocations: 42.273 MiB)
2940
  1.695480 seconds (39.72 k allocations: 50.117 MiB)
4445
  1.674654 seconds (21.49 k allocations: 26.317 MiB)
7450
  1.691239 seconds (37.68 k allocations: 46.807 MiB)
5949
  1.694382 seconds (23.82 k allocations: 30.054 MiB)
2941
  1.712334 seconds (47.83 k allocations: 60.318 MiB)
8942
  1.706754 seconds (38.80 k allocations: 49.180 MiB)
1439
  1.693761 seconds (39.80 k allocations: 50.201 MiB)
4446
  1.763349 seconds (29.13 k allocations: 37.404 MiB, 1.29% gc time)
  1.759657 seconds (26.97 k allocations: 33.962 MiB, 1.30% gc time)
  1.733844 seconds (8.11 k allocations: 10.166 MiB, 1.32% gc time)
  1.738286 seconds (13.24 k allocations: 17.354 MiB, 1.31% gc time)
  1.727907 seconds (3.38 k allocations: 4.211 MiB, 1.32% gc time)
7451
2942
1440
5950
8943
  1.699566 seconds (27.44 k allocations: 34.221 MiB)
4447
  1.712567 seconds (20.81 k allocations: 28.045 MiB)
1441
  1.706350 seconds (8.92 k allocations: 11.720 MiB)
5951
  1.733283 seconds (24.28 k allocations: 31.752 MiB)
7452
  1.739573 seconds (30.13 k allocations: 39.655 MiB)
2943
  1.751199 seconds (39.80 k allocations: 50.201 MiB)
8944
  1.704342 seconds (39.72 k allocations: 50.117 MiB)
4448
  1.694959 seconds (31.73 k allocations: 40.043 MiB)
5952
  1.706855 seconds (39.72 k allocations: 50.117 MiB)
1442
  1.681372 seconds (28.20 k allocations: 36.444 MiB)
7453
  1.702758 seconds (39.72 k allocations: 50.117 MiB)
2944
  1.704571 seconds (39.80 k allocations: 50.201 MiB)
8945
  1.693070 seconds (31.81 k allocations: 40.127 MiB)
5953
  1.706458 seconds (42.42 k allocations: 53.576 MiB)
4449
  1.686227 seconds (22.82 k allocations: 28.508 MiB)
7454
  1.696399 seconds (39.80 k allocations: 50.201 MiB)
1443
  1.692813 seconds (39.72 k allocations: 50.117 MiB)
2945
  1.683592 seconds (39.72 k allocations: 50.117 MiB)
8946
  1.689606 seconds (23.35 k allocations: 28.934 MiB)
7455
  1.755480 seconds (26.65 k allocations: 34.862 MiB, 0.91% gc time)
  1.758254 seconds (31.02 k allocations: 40.528 MiB, 0.91% gc time)
  1.744694 seconds (18.76 k allocations: 23.666 MiB, 0.92% gc time)
  1.717281 seconds (10.92 k allocations: 13.818 MiB, 0.93% gc time)
  1.703402 seconds (3.12 k allocations: 4.006 MiB, 0.94% gc time)
5954
1444
2946
8947
4450
  1.683560 seconds (20.07 k allocations: 26.646 MiB)
7456
  1.697750 seconds (18.17 k allocations: 24.119 MiB)
5955
  1.710131 seconds (22.88 k allocations: 30.845 MiB)
8948
  1.716115 seconds (26.65 k allocations: 34.171 MiB)
2947
  1.719091 seconds (31.73 k allocations: 40.043 MiB)
4451
  1.729774 seconds (38.23 k allocations: 48.605 MiB)
1445
  1.687424 seconds (39.64 k allocations: 50.033 MiB)
7457
  1.699734 seconds (39.72 k allocations: 50.117 MiB)
5956
  1.691801 seconds (31.73 k allocations: 40.043 MiB)
2948
  1.712511 seconds (47.71 k allocations: 60.190 MiB)
8949
  1.703013 seconds (31.81 k allocations: 40.127 MiB)
1446
  1.709709 seconds (35.40 k allocations: 45.708 MiB)
4452
  1.709176 seconds (39.72 k allocations: 50.117 MiB)
7458
  1.702943 seconds (39.72 k allocations: 50.117 MiB)
5957
  1.691954 seconds (36.80 k allocations: 45.919 MiB)
2949
  1.688268 seconds (38.88 k allocations: 48.040 MiB)
8950
  1.696688 seconds (31.95 k allocations: 41.491 MiB)
1447
  1.699918 seconds (36.05 k allocations: 45.162 MiB)
4453
  1.691521 seconds (39.88 k allocations: 50.285 MiB)
7459
  1.787399 seconds (27.90 k allocations: 34.219 MiB, 2.34% gc time)
  1.781025 seconds (22.47 k allocations: 27.446 MiB, 2.35% gc time)
  1.751588 seconds (9.63 k allocations: 11.705 MiB, 2.39% gc time)
  1.792729 seconds (34.51 k allocations: 42.830 MiB, 2.34% gc time)
  1.746026 seconds (6.72 k allocations: 7.502 MiB, 2.40% gc time)
2950
1448
5958
8951
4454
  1.686354 seconds (36.62 k allocations: 43.605 MiB)
7460
  1.724849 seconds (8.00 k allocations: 10.075 MiB)
5959
  1.724998 seconds (8.40 k allocations: 11.112 MiB)
1449
  1.738167 seconds (23.90 k allocations: 30.138 MiB)
2951
  1.739137 seconds (27.18 k allocations: 34.187 MiB)
4455
  1.760977 seconds (39.80 k allocations: 50.201 MiB)
8952
  1.686981 seconds (39.72 k allocations: 50.117 MiB)
7461
  1.700618 seconds (31.73 k allocations: 40.043 MiB)
  1.700217 seconds (32.12 k allocations: 41.080 MiB)
5960
1450
  1.700298 seconds (34.17 k allocations: 43.762 MiB)
2952
  1.702319 seconds (37.93 k allocations: 47.072 MiB)
4456
  1.708496 seconds (39.88 k allocations: 50.285 MiB)
8953
  1.685532 seconds (39.88 k allocations: 50.285 MiB)
7462
  1.690358 seconds (31.89 k allocations: 40.211 MiB)
  1.691634 seconds (32.13 k allocations: 40.924 MiB)
1451
5961
  1.692714 seconds (36.29 k allocations: 45.925 MiB)
2953
  1.704017 seconds (39.72 k allocations: 50.117 MiB)
4457
  1.682651 seconds (35.29 k allocations: 44.386 MiB)
8954
  1.687203 seconds (39.72 k allocations: 50.117 MiB)
7463
  1.695365 seconds (31.81 k allocations: 40.127 MiB)
5962
  3.311101 seconds (34.56 k allocations: 43.633 MiB, 0.50% gc time)
  3.294889 seconds (26.72 k allocations: 33.702 MiB, 0.50% gc time)
  3.272798 seconds (10.86 k allocations: 13.666 MiB, 0.50% gc time)
  1.686935 seconds (3.03 k allocations: 3.757 MiB, 0.98% gc time)
  3.277328 seconds (12.54 k allocations: 16.603 MiB, 0.50% gc time)
7464
4458
1452
2954
8955
  1.685141 seconds (17.80 k allocations: 23.051 MiB)
7465
  1.695235 seconds (35.71 k allocations: 43.283 MiB)
5963
  1.798780 seconds (15.90 k allocations: 20.064 MiB)
  1.799615 seconds (16.29 k allocations: 21.100 MiB)
2955
1453
  1.805788 seconds (24.12 k allocations: 29.832 MiB)
4459
  1.817695 seconds (39.88 k allocations: 50.285 MiB)
8956
  1.682651 seconds (37.53 k allocations: 47.193 MiB)
7466
  1.690248 seconds (39.88 k allocations: 50.285 MiB)
5964
  1.695983 seconds (27.36 k allocations: 34.892 MiB)
2956
  1.699680 seconds (29.32 k allocations: 37.602 MiB)
1454
  1.704979 seconds (39.80 k allocations: 50.201 MiB)
4460
  1.717718 seconds (39.88 k allocations: 50.285 MiB)
8957
  1.671099 seconds (39.80 k allocations: 50.201 MiB)
7467
  1.692617 seconds (39.80 k allocations: 50.201 MiB)
5965
  1.690974 seconds (31.89 k allocations: 40.211 MiB)
2957
  1.693731 seconds (34.62 k allocations: 43.689 MiB)
1455
  1.715985 seconds (39.80 k allocations: 50.201 MiB)
  1.688371 seconds (31.93 k allocations: 40.277 MiB)
4461
8958
  1.686986 seconds (39.72 k allocations: 50.117 MiB)
7468
  1.882912 seconds (34.62 k allocations: 43.687 MiB, 1.58% gc time)
  1.760093 seconds (18.76 k allocations: 23.662 MiB, 1.69% gc time)
  1.758133 seconds (18.82 k allocations: 23.696 MiB, 1.69% gc time)
  1.726744 seconds (3.09 k allocations: 3.817 MiB, 1.73% gc time)
  1.726463 seconds (3.19 k allocations: 3.949 MiB, 1.73% gc time)
4462
5966
1456
2958
8959
  1.690657 seconds (32.46 k allocations: 39.227 MiB)
7469
  1.725225 seconds (15.27 k allocations: 22.399 MiB)
4463
  1.721853 seconds (11.25 k allocations: 14.096 MiB)
5967
  1.732947 seconds (23.90 k allocations: 30.138 MiB)
1457
  1.742284 seconds (31.81 k allocations: 40.127 MiB)
2959
  1.753742 seconds (39.80 k allocations: 50.201 MiB)
8960
  1.675303 seconds (39.72 k allocations: 50.117 MiB)
7470
  1.695459 seconds (31.73 k allocations: 40.043 MiB)
5968
  1.703493 seconds (37.63 k allocations: 47.980 MiB)
4464
  1.692502 seconds (34.29 k allocations: 42.142 MiB)
1458
  1.690632 seconds (39.72 k allocations: 50.117 MiB)
2960
  1.699533 seconds (39.80 k allocations: 50.201 MiB)
8961
  1.688974 seconds (39.80 k allocations: 50.201 MiB)
7471
  1.691729 seconds (33.52 k allocations: 42.391 MiB)
5969
  1.695371 seconds (31.86 k allocations: 40.189 MiB)
4465
  1.698630 seconds (38.28 k allocations: 46.782 MiB)
1459
  1.693127 seconds (34.76 k allocations: 43.832 MiB)
2961
  1.680201 seconds (35.24 k allocations: 44.324 MiB)
8962
  1.691146 seconds (39.72 k allocations: 50.117 MiB)
7472
  1.732576 seconds (34.26 k allocations: 42.638 MiB, 0.99% gc time)
  1.712875 seconds (8.62 k allocations: 10.688 MiB, 1.00% gc time)
  1.707783 seconds (6.56 k allocations: 7.373 MiB, 1.00% gc time)
  1.727502 seconds (28.86 k allocations: 35.204 MiB, 0.99% gc time)
  1.720221 seconds (17.78 k allocations: 21.306 MiB, 1.00% gc time)
5970
2962
1460
8963
4466
  1.696146 seconds (32.30 k allocations: 39.117 MiB)
7473
  1.693726 seconds (12.93 k allocations: 15.168 MiB)
1461
  1.702823 seconds (23.59 k allocations: 29.185 MiB)
2963
  1.704318 seconds (25.71 k allocations: 32.051 MiB)
8964
  1.766483 seconds (31.89 k allocations: 40.211 MiB)
4467
  1.806748 seconds (47.40 k allocations: 59.238 MiB)
5971
  1.692314 seconds (35.83 k allocations: 45.445 MiB)
7474
  1.689218 seconds (24.06 k allocations: 31.531 MiB)
2964
  1.699550 seconds (39.69 k allocations: 50.158 MiB)
1462
  1.714993 seconds (39.64 k allocations: 50.033 MiB)
8965
  1.699851 seconds (39.64 k allocations: 50.033 MiB)
4468
  1.702444 seconds (39.72 k allocations: 50.117 MiB)
5972
  1.694697 seconds (39.72 k allocations: 50.117 MiB)
7475
  1.687848 seconds (27.80 k allocations: 34.827 MiB)
2965
  1.706609 seconds (39.80 k allocations: 50.201 MiB)
1463
  1.696189 seconds (39.88 k allocations: 50.285 MiB)
8966
  1.698119 seconds (39.80 k allocations: 50.201 MiB)
4469
  1.693808 seconds (39.88 k allocations: 50.285 MiB)
5973
  1.686383 seconds (31.81 k allocations: 40.127 MiB)
2966
  1.818495 seconds (26.62 k allocations: 33.608 MiB, 1.15% gc time)
  1.843857 seconds (38.24 k allocations: 48.601 MiB, 1.13% gc time)
  1.802150 seconds (18.77 k allocations: 23.655 MiB, 1.16% gc time)
  1.739962 seconds (10.88 k allocations: 13.673 MiB, 1.20% gc time)
  1.717393 seconds (3.02 k allocations: 3.762 MiB, 1.21% gc time)
1464
5974
7476
8967
4470
  1.687907 seconds (26.25 k allocations: 32.879 MiB)
2967
  1.694571 seconds (11.67 k allocations: 17.495 MiB)
4471
  1.734039 seconds (15.99 k allocations: 20.148 MiB)
5975
  1.739165 seconds (21.53 k allocations: 26.511 MiB)
1465
  1.744722 seconds (27.11 k allocations: 34.114 MiB)
7477
  1.765356 seconds (39.88 k allocations: 50.285 MiB)
8968
  1.694400 seconds (39.80 k allocations: 50.201 MiB)
2968
  1.694523 seconds (39.72 k allocations: 50.117 MiB)
4472
  1.693788 seconds (35.40 k allocations: 44.384 MiB)
5976
  1.695625 seconds (33.31 k allocations: 41.657 MiB)
1466
  1.714429 seconds (39.72 k allocations: 50.117 MiB)
7478
  1.704543 seconds (39.72 k allocations: 50.117 MiB)
8969
  1.688066 seconds (39.72 k allocations: 50.117 MiB)
2969
  1.697547 seconds (39.64 k allocations: 50.033 MiB)
4473
  1.681911 seconds (38.36 k allocations: 48.033 MiB)
5977
  1.694360 seconds (39.56 k allocations: 49.949 MiB)
1467
  1.687545 seconds (31.64 k allocations: 39.959 MiB)
  1.702815 seconds (39.95 k allocations: 50.986 MiB)
8970
7479
  1.694181 seconds (39.64 k allocations: 50.033 MiB)
2970
  1.762648 seconds (30.25 k allocations: 37.316 MiB, 1.16% gc time)
  1.791196 seconds (38.15 k allocations: 47.298 MiB, 1.14% gc time)
  1.742406 seconds (22.43 k allocations: 27.381 MiB, 1.18% gc time)
  1.709957 seconds (6.59 k allocations: 7.413 MiB, 1.20% gc time)
  1.712636 seconds (6.75 k allocations: 8.840 MiB, 1.20% gc time)
5978
7480
1468
4474
8971
  1.700749 seconds (31.45 k allocations: 38.176 MiB)
  1.694978 seconds (7.52 k allocations: 11.759 MiB)
2971
7481
  1.719051 seconds (19.77 k allocations: 27.675 MiB)
8972
  1.722425 seconds (23.82 k allocations: 30.054 MiB)
5979
  1.724369 seconds (25.41 k allocations: 32.374 MiB)
4475
  1.734176 seconds (39.64 k allocations: 50.033 MiB)
1469
  1.695331 seconds (31.73 k allocations: 40.043 MiB)
  1.698889 seconds (32.11 k allocations: 41.079 MiB)
7482
2972
  1.686947 seconds (16.60 k allocations: 22.695 MiB)
5980
  1.697636 seconds (25.81 k allocations: 32.791 MiB)
  1.724193 seconds (48.17 k allocations: 61.310 MiB)
  1.708534 seconds (24.74 k allocations: 32.293 MiB)
4476
8973
1470
  1.691210 seconds (31.33 k allocations: 39.006 MiB)
2973
  1.693312 seconds (31.26 k allocations: 38.923 MiB)
  1.726179 seconds (47.62 k allocations: 60.105 MiB)
5981
7483
  1.708637 seconds (23.73 k allocations: 29.970 MiB)
  1.733773 seconds (38.87 k allocations: 48.544 MiB)
  1.721324 seconds (25.48 k allocations: 34.269 MiB)
1471
4477
8974
  1.701666 seconds (39.64 k allocations: 50.033 MiB)
2974
  1.689574 seconds (37.49 k allocations: 47.156 MiB)
5982
  3.397273 seconds (34.79 k allocations: 43.874 MiB, 0.91% gc time)
  3.217438 seconds (26.18 k allocations: 31.864 MiB, 0.96% gc time)
  3.145779 seconds (18.65 k allocations: 22.883 MiB, 0.98% gc time)
  1.720197 seconds (3.38 k allocations: 4.276 MiB, 1.79% gc time)
  3.098688 seconds (11.33 k allocations: 14.274 MiB, 1.00% gc time)
7484
4478
1472
2975
8975
  1.689961 seconds (31.75 k allocations: 38.503 MiB)
5983
  1.722463 seconds (8.22 k allocations: 11.525 MiB)
2976
  1.786806 seconds (15.99 k allocations: 20.148 MiB)
4479
  1.795161 seconds (23.90 k allocations: 30.138 MiB)
1473
  1.800670 seconds (25.06 k allocations: 32.015 MiB)
7485
  1.817466 seconds (39.80 k allocations: 50.201 MiB)
8976
  1.688948 seconds (39.72 k allocations: 50.117 MiB)
5984
  1.685219 seconds (39.72 k allocations: 50.117 MiB)
2977
  1.694225 seconds (39.72 k allocations: 50.117 MiB)
4480
  1.697428 seconds (33.40 k allocations: 42.970 MiB)
1474
  1.706886 seconds (39.72 k allocations: 50.117 MiB)
7486
  1.700696 seconds (39.80 k allocations: 50.201 MiB)
8977
  1.696948 seconds (39.72 k allocations: 50.117 MiB)
5985
  1.692943 seconds (39.72 k allocations: 50.117 MiB)
2978
  1.700713 seconds (39.72 k allocations: 50.117 MiB)
4481
  1.694893 seconds (39.64 k allocations: 50.033 MiB)
1475
  1.684011 seconds (31.73 k allocations: 40.043 MiB)
  1.697741 seconds (40.02 k allocations: 51.069 MiB)
8978
7487
  1.709026 seconds (39.72 k allocations: 50.117 MiB)
5986
  1.823722 seconds (38.33 k allocations: 47.471 MiB, 0.93% gc time)
  1.731618 seconds (22.51 k allocations: 27.474 MiB, 0.98% gc time)
  1.741092 seconds (30.07 k allocations: 36.482 MiB, 0.97% gc time)
  1.717163 seconds (7.12 k allocations: 9.134 MiB, 0.99% gc time)
  1.714041 seconds (6.76 k allocations: 7.531 MiB, 0.99% gc time)
7488
1476
2979
4482
8979
  1.686690 seconds (30.62 k allocations: 37.340 MiB)
5987
  1.704440 seconds (15.10 k allocations: 21.004 MiB)
  1.703693 seconds (12.41 k allocations: 18.895 MiB)
7489
8980
  1.719430 seconds (23.82 k allocations: 30.054 MiB)
2980
  1.724681 seconds (25.21 k allocations: 32.164 MiB)
1477
  1.730168 seconds (38.34 k allocations: 47.485 MiB)
4483
  1.696748 seconds (39.56 k allocations: 49.949 MiB)
5988
  1.709585 seconds (31.73 k allocations: 40.043 MiB)
7490
  1.709494 seconds (32.17 k allocations: 41.183 MiB)
  1.687079 seconds (16.39 k allocations: 22.109 MiB)
8981
2981
  1.691742 seconds (36.56 k allocations: 43.752 MiB)
1478
  1.704901 seconds (39.80 k allocations: 50.201 MiB)
4484
  1.689195 seconds (39.80 k allocations: 50.201 MiB)
5989
  1.690359 seconds (22.37 k allocations: 27.886 MiB)
8982
  1.697940 seconds (30.16 k allocations: 37.741 MiB)
2982
  1.696287 seconds (29.55 k allocations: 36.605 MiB)
1479
  1.722677 seconds (47.18 k allocations: 58.952 MiB)
  1.695459 seconds (31.85 k allocations: 40.193 MiB)
7491
4485
  1.696778 seconds (39.72 k allocations: 50.117 MiB)
5990
  1.684435 seconds (38.88 k allocations: 48.561 MiB)
8983
  3.413764 seconds (30.76 k allocations: 39.066 MiB, 1.45% gc time)
  3.408846 seconds (26.94 k allocations: 33.931 MiB, 1.46% gc time)
  3.388079 seconds (11.08 k allocations: 13.906 MiB, 1.47% gc time)
  1.744683 seconds (3.16 k allocations: 3.978 MiB, 2.85% gc time)
  3.386669 seconds (11.14 k allocations: 14.029 MiB, 1.47% gc time)
5991
1480
7492
2983
4486
  1.688904 seconds (26.22 k allocations: 32.847 MiB)
8984
  1.718763 seconds (9.56 k allocations: 12.895 MiB)
5992
  1.798125 seconds (15.82 k allocations: 19.980 MiB)
1481
  1.796260 seconds (16.68 k allocations: 21.554 MiB)
4487
  1.808234 seconds (31.73 k allocations: 40.043 MiB)
7493
  1.810303 seconds (33.64 k allocations: 42.692 MiB)
2984
  1.718231 seconds (39.72 k allocations: 50.117 MiB)
8985
  1.686182 seconds (39.72 k allocations: 50.117 MiB)
5993
  1.698334 seconds (31.72 k allocations: 39.913 MiB)
1482
  1.688021 seconds (17.26 k allocations: 22.145 MiB)
  1.699901 seconds (33.55 k allocations: 42.530 MiB)
2985
4488
  1.700475 seconds (38.36 k allocations: 47.500 MiB)
7494
  1.691201 seconds (38.67 k allocations: 48.354 MiB)
  1.684175 seconds (32.20 k allocations: 41.134 MiB)
8986
5994
  1.685074 seconds (19.33 k allocations: 24.780 MiB)
2986
  1.698094 seconds (32.44 k allocations: 42.002 MiB)
1483
  1.694991 seconds (27.12 k allocations: 34.114 MiB)
4489
  1.696893 seconds (37.01 k allocations: 46.138 MiB)
7495
  1.690628 seconds (31.73 k allocations: 40.043 MiB)
8987
  1.728112 seconds (20.41 k allocations: 25.872 MiB, 1.06% gc time)
  1.725072 seconds (16.87 k allocations: 20.668 MiB, 1.06% gc time)
  1.836401 seconds (38.41 k allocations: 47.547 MiB, 1.00% gc time)
  1.719453 seconds (8.60 k allocations: 10.628 MiB, 1.07% gc time)
  1.715688 seconds (6.82 k allocations: 7.663 MiB, 1.07% gc time)
4490
7496
2987
5995
1484
  1.701699 seconds (10.19 k allocations: 15.279 MiB)
7497
  1.723828 seconds (39.77 k allocations: 48.605 MiB)
8988
  1.719818 seconds (15.91 k allocations: 20.064 MiB)
5996
  1.729003 seconds (23.82 k allocations: 30.054 MiB)
2988
  1.729107 seconds (26.64 k allocations: 33.626 MiB)
4491
  1.745366 seconds (39.72 k allocations: 50.117 MiB)
1485
  1.693547 seconds (30.78 k allocations: 38.389 MiB)
8989
  1.712433 seconds (41.79 k allocations: 52.929 MiB)
7498
  1.688821 seconds (23.82 k allocations: 30.054 MiB)
4492
  1.703826 seconds (42.30 k allocations: 53.446 MiB)
  1.694592 seconds (27.71 k allocations: 35.937 MiB)
5997
2989
  1.697576 seconds (39.72 k allocations: 50.117 MiB)
1486
  1.701680 seconds (32.23 k allocations: 41.789 MiB)
8990
  1.688876 seconds (11.90 k allocations: 17.209 MiB)
4493
  1.690748 seconds (20.76 k allocations: 24.485 MiB)
2990
  1.714352 seconds (53.86 k allocations: 67.160 MiB)
7499
  1.702688 seconds (34.97 k allocations: 44.055 MiB)
5998
  1.698874 seconds (39.80 k allocations: 50.201 MiB)
1487
  1.681923 seconds (28.57 k allocations: 36.118 MiB)
  1.686271 seconds (31.37 k allocations: 39.613 MiB)
4494
8991
  1.759055 seconds (24.31 k allocations: 31.062 MiB, 2.10% gc time)
  1.747317 seconds (12.17 k allocations: 15.697 MiB, 2.12% gc time)
  1.750909 seconds (13.38 k allocations: 18.150 MiB, 2.11% gc time)
  1.730456 seconds (4.27 k allocations: 5.684 MiB, 2.14% gc time)
5999
1488
2991
7500
  1.693182 seconds (26.72 k allocations: 33.363 MiB)
4495
  1.726194 seconds (7.92 k allocations: 9.991 MiB)
  1.727454 seconds (8.27 k allocations: 11.669 MiB)
1489
8992
  1.725518 seconds (11.64 k allocations: 15.201 MiB)
7501
  1.731403 seconds (30.65 k allocations: 37.721 MiB)
2992
  1.743777 seconds (39.80 k allocations: 50.201 MiB)
6000
  1.689648 seconds (39.80 k allocations: 50.201 MiB)
4496
  1.693692 seconds (23.91 k allocations: 30.716 MiB)
1490
  1.694872 seconds (24.12 k allocations: 30.370 MiB)
  1.688573 seconds (19.15 k allocations: 24.150 MiB)
7502
2993
  1.706213 seconds (31.73 k allocations: 40.043 MiB)
6001
  1.732210 seconds (53.95 k allocations: 67.823 MiB)
8993
  1.686001 seconds (39.64 k allocations: 50.033 MiB)
4497
  1.687616 seconds (23.73 k allocations: 29.970 MiB)
2994
  1.698079 seconds (31.48 k allocations: 38.565 MiB)
7503
  1.705576 seconds (40.30 k allocations: 51.941 MiB)
1491
  1.693124 seconds (31.73 k allocations: 40.043 MiB)
8994
  1.706474 seconds (43.59 k allocations: 54.067 MiB)
6002
  1.701720 seconds (39.80 k allocations: 50.201 MiB)
4498
  1.760611 seconds (25.59 k allocations: 31.866 MiB, 0.95% gc time)
  1.767188 seconds (35.98 k allocations: 44.368 MiB, 0.94% gc time)
  1.754383 seconds (22.73 k allocations: 27.732 MiB, 0.95% gc time)
  1.729508 seconds (11.29 k allocations: 13.478 MiB, 0.96% gc time)
  1.723704 seconds (6.93 k allocations: 7.846 MiB, 0.97% gc time)
7504
1492
2995
8995
6003
  1.689851 seconds (32.80 k allocations: 39.648 MiB)
4499
  1.696716 seconds (20.10 k allocations: 27.313 MiB)
7505
  1.726920 seconds (15.91 k allocations: 20.064 MiB)
1493
  1.729119 seconds (20.73 k allocations: 25.692 MiB)
6004
  1.733216 seconds (25.09 k allocations: 30.833 MiB)
2996
  1.737990 seconds (34.15 k allocations: 41.989 MiB)
8996
  1.691815 seconds (39.88 k allocations: 50.285 MiB)
4500
  1.701617 seconds (39.80 k allocations: 50.201 MiB)
7506
  1.689670 seconds (18.68 k allocations: 24.112 MiB)
2997
  1.699331 seconds (35.62 k allocations: 45.252 MiB)
1494
  1.702573 seconds (36.94 k allocations: 46.590 MiB)
6005
  1.707783 seconds (39.88 k allocations: 50.285 MiB)
8997
  1.699687 seconds (39.88 k allocations: 50.285 MiB)
4501
  1.702876 seconds (39.80 k allocations: 50.201 MiB)
7507
  1.685091 seconds (33.79 k allocations: 43.364 MiB)
2998
  1.695995 seconds (38.67 k allocations: 48.359 MiB)
1495
  1.678833 seconds (24.78 k allocations: 31.731 MiB)
8998
  1.708982 seconds (47.71 k allocations: 60.190 MiB)
6006
  1.693535 seconds (39.80 k allocations: 50.201 MiB)
4502
  1.683423 seconds (31.81 k allocations: 40.127 MiB)
2999
  3.391941 seconds (42.59 k allocations: 53.744 MiB, 0.97% gc time)
  3.366242 seconds (20.66 k allocations: 26.821 MiB, 0.97% gc time)
  3.361364 seconds (18.80 k allocations: 23.699 MiB, 0.98% gc time)
  3.346012 seconds (11.01 k allocations: 13.889 MiB, 0.98% gc time)
  1.718714 seconds (3.12 k allocations: 3.966 MiB, 1.91% gc time)
4503
7508
1496
6007
8999
  1.691812 seconds (24.54 k allocations: 31.133 MiB)
3000
  1.715095 seconds (8.13 k allocations: 11.438 MiB)
4504
  1.795613 seconds (15.99 k allocations: 20.148 MiB)
  1.796412 seconds (16.38 k allocations: 21.185 MiB)
1497
6008
  1.802067 seconds (27.29 k allocations: 33.067 MiB)
7509
  1.827479 seconds (39.72 k allocations: 50.117 MiB)
9000
  1.691659 seconds (39.64 k allocations: 50.033 MiB)
3001
  1.692048 seconds (39.56 k allocations: 49.949 MiB)
4505
  1.691712 seconds (28.06 k allocations: 35.598 MiB)
1498
  1.695457 seconds (31.57 k allocations: 39.880 MiB)
6009
  1.700945 seconds (39.72 k allocations: 50.117 MiB)
7510
  1.699524 seconds (39.72 k allocations: 50.117 MiB)
9001
  1.692953 seconds (39.72 k allocations: 50.117 MiB)
3002
  1.687984 seconds (39.72 k allocations: 50.117 MiB)
4506
  1.699542 seconds (34.78 k allocations: 44.392 MiB)
1499
  1.697802 seconds (34.03 k allocations: 43.091 MiB)
6010
  1.696475 seconds (39.64 k allocations: 50.033 MiB)
7511
  1.685001 seconds (39.64 k allocations: 50.033 MiB)
9002
  1.687879 seconds (39.72 k allocations: 50.117 MiB)
3003
  1.736812 seconds (22.75 k allocations: 28.963 MiB, 1.11% gc time)
  1.734516 seconds (22.02 k allocations: 26.369 MiB, 1.11% gc time)
  1.832669 seconds (38.09 k allocations: 47.225 MiB, 1.05% gc time)
  1.724569 seconds (14.49 k allocations: 17.335 MiB, 1.12% gc time)
  1.710874 seconds (6.60 k allocations: 7.427 MiB, 1.13% gc time)
7512
6011
1500
4507
9003
  1.693595 seconds (36.66 k allocations: 43.672 MiB)
3004
  1.714523 seconds (11.69 k allocations: 17.524 MiB)
9004
  1.725871 seconds (15.91 k allocations: 20.064 MiB)
7513
  1.730645 seconds (22.36 k allocations: 27.351 MiB)
4508
  1.728682 seconds (23.88 k allocations: 29.536 MiB)
6012
  1.732458 seconds (28.10 k allocations: 35.816 MiB)
1501
  1.689098 seconds (39.72 k allocations: 50.117 MiB)
3005
  1.707582 seconds (39.72 k allocations: 50.117 MiB)
9005
  1.692174 seconds (14.21 k allocations: 18.347 MiB)
6013
  1.701589 seconds (36.31 k allocations: 45.299 MiB)
  1.695831 seconds (19.66 k allocations: 25.921 MiB)
7514
4509
  1.700593 seconds (36.76 k allocations: 44.658 MiB)
1502
  1.687024 seconds (39.64 k allocations: 50.033 MiB)
3006
  1.680724 seconds (35.74 k allocations: 44.067 MiB)
9006
  1.684950 seconds (30.03 k allocations: 38.843 MiB)
6014
  1.691779 seconds (30.80 k allocations: 39.626 MiB)
7515
  1.694851 seconds (33.59 k allocations: 41.965 MiB)
4510
  1.703048 seconds (39.80 k allocations: 50.201 MiB)
1503
  1.690265 seconds (39.72 k allocations: 50.117 MiB)
3007
  1.689547 seconds (37.45 k allocations: 47.108 MiB)
  1.683923 seconds (31.93 k allocations: 40.780 MiB)
9007
6015
  3.388833 seconds (21.67 k allocations: 27.338 MiB, 1.50% gc time)
  3.394019 seconds (25.52 k allocations: 32.493 MiB, 1.50% gc time)
  3.375033 seconds (13.91 k allocations: 17.500 MiB, 1.51% gc time)
  1.745696 seconds (8.12 k allocations: 11.477 MiB, 2.92% gc time)
1504
7516
4511
3008
  1.789564 seconds (9.47 k allocations: 13.389 MiB)
9008
  1.798453 seconds (11.80 k allocations: 15.188 MiB)
1505
  1.844108 seconds (41.83 k allocations: 52.700 MiB)
6016
  2.113627 seconds (28.05 k allocations: 35.600 MiB)
4512
  2.491718 seconds (31.81 k allocations: 40.127 MiB)
3009
  2.924548 seconds (39.80 k allocations: 50.201 MiB)
7517
  1.697692 seconds (39.80 k allocations: 50.201 MiB)
9009
  1.695916 seconds (39.80 k allocations: 50.201 MiB)
1506
  2.411409 seconds (39.72 k allocations: 50.117 MiB)
6017
  2.190233 seconds (39.72 k allocations: 50.117 MiB)
4513
  1.940024 seconds (39.72 k allocations: 50.117 MiB)
3010
  1.680404 seconds (31.73 k allocations: 40.043 MiB)
9010
  1.695069 seconds (31.73 k allocations: 40.043 MiB)
1507
  2.512798 seconds (55.46 k allocations: 70.012 MiB)
7518
  2.294392 seconds (39.72 k allocations: 50.117 MiB)
6018
  2.279807 seconds (39.64 k allocations: 50.033 MiB)
4514
  2.307822 seconds (39.72 k allocations: 50.117 MiB)
3011
  1.679767 seconds (39.80 k allocations: 50.201 MiB)
9011
  3.636824 seconds (38.24 k allocations: 47.394 MiB, 0.46% gc time)
  3.389144 seconds (30.27 k allocations: 37.322 MiB, 0.50% gc time)
  2.228752 seconds (14.40 k allocations: 17.263 MiB, 0.76% gc time)
  2.259471 seconds (22.48 k allocations: 27.551 MiB, 0.75% gc time)
  2.054324 seconds (7.88 k allocations: 10.935 MiB, 0.82% gc time)
7519
6019
1508
4515
3012
  1.723818 seconds (33.47 k allocations: 40.295 MiB)
9012
  1.797511 seconds (12.33 k allocations: 15.714 MiB)
1509
  2.120469 seconds (20.81 k allocations: 26.293 MiB)
7520
  2.338624 seconds (23.90 k allocations: 30.138 MiB)
4516
  2.374850 seconds (48.52 k allocations: 62.122 MiB)
6020
  2.533262 seconds (39.80 k allocations: 50.201 MiB)
3013
  1.695338 seconds (39.80 k allocations: 50.201 MiB)
9013
  1.690327 seconds (39.80 k allocations: 50.201 MiB)
1510
  1.894732 seconds (39.72 k allocations: 50.117 MiB)
7521
  2.091199 seconds (23.82 k allocations: 30.054 MiB)
3014
  2.343757 seconds (47.63 k allocations: 60.106 MiB)
4517
  2.483270 seconds (47.71 k allocations: 60.190 MiB)
6021
  1.700861 seconds (39.80 k allocations: 50.201 MiB)
9014
  1.698256 seconds (39.80 k allocations: 50.201 MiB)
1511
  2.104459 seconds (39.72 k allocations: 50.117 MiB)
7522
  1.692413 seconds (15.82 k allocations: 19.980 MiB)
9015
  1.699571 seconds (15.82 k allocations: 19.980 MiB)
1512
  3.914420 seconds (50.60 k allocations: 63.834 MiB, 1.31% gc time)
  3.879784 seconds (42.67 k allocations: 53.808 MiB, 1.32% gc time)
  3.729148 seconds (34.78 k allocations: 43.810 MiB, 1.37% gc time)
  1.768992 seconds (5.35 k allocations: 8.083 MiB, 2.89% gc time)
  2.445276 seconds (13.32 k allocations: 18.120 MiB, 2.09% gc time)
6022
4518
3015
9016
7523
  1.692852 seconds (28.65 k allocations: 35.332 MiB)
1513
  1.759372 seconds (15.00 k allocations: 19.670 MiB)
9017
  2.102863 seconds (22.58 k allocations: 29.315 MiB)
6023
  2.212481 seconds (29.71 k allocations: 38.520 MiB)
7524
  2.232663 seconds (31.73 k allocations: 40.043 MiB)
3016
  2.880379 seconds (39.72 k allocations: 50.117 MiB)
4519
  1.698882 seconds (39.72 k allocations: 50.117 MiB)
1514
  1.698876 seconds (39.72 k allocations: 50.117 MiB)
9018
  2.233153 seconds (39.72 k allocations: 50.117 MiB)
6024
  2.170380 seconds (39.72 k allocations: 50.117 MiB)
7525
  2.159827 seconds (34.43 k allocations: 43.499 MiB)
3017
  1.693772 seconds (31.73 k allocations: 40.043 MiB)
1515
  1.688513 seconds (31.64 k allocations: 39.959 MiB)
9019
  3.102956 seconds (55.46 k allocations: 70.012 MiB)
4520
  1.695954 seconds (34.92 k allocations: 43.994 MiB)
6025
  1.994011 seconds (35.35 k allocations: 44.955 MiB)
7526
  1.701275 seconds (31.73 k allocations: 40.043 MiB)
1516
  3.263741 seconds (30.49 k allocations: 37.555 MiB, 0.50% gc time)
  4.002201 seconds (46.34 k allocations: 57.557 MiB, 0.41% gc time)
  2.382550 seconds (16.68 k allocations: 20.813 MiB, 0.68% gc time)
  2.379055 seconds (14.82 k allocations: 17.678 MiB, 0.68% gc time)
  2.005792 seconds (8.46 k allocations: 11.251 MiB, 0.81% gc time)
4521
3018
6026
7527
9020
  1.689952 seconds (35.08 k allocations: 42.051 MiB)
1517
  1.796302 seconds (11.62 k allocations: 14.993 MiB)
9021
  2.054878 seconds (15.82 k allocations: 19.980 MiB)
7528
  2.196845 seconds (23.73 k allocations: 29.970 MiB)
6027
  2.523646 seconds (52.75 k allocations: 66.377 MiB)
  2.515176 seconds (39.30 k allocations: 50.860 MiB)
4522
3019
  1.693715 seconds (39.80 k allocations: 50.201 MiB)
1518
  1.696651 seconds (39.88 k allocations: 50.285 MiB)
9022
  2.003584 seconds (39.88 k allocations: 50.285 MiB)
7529
  2.270531 seconds (39.88 k allocations: 50.285 MiB)
6028
  2.266922 seconds (39.42 k allocations: 49.165 MiB)
4523
  2.311799 seconds (39.72 k allocations: 50.117 MiB)
3020
  1.693987 seconds (39.72 k allocations: 50.117 MiB)
1519
  1.709398 seconds (39.72 k allocations: 50.117 MiB)
9023
  2.146839 seconds (39.72 k allocations: 50.117 MiB)
7530
  2.186445 seconds (39.72 k allocations: 50.117 MiB)
6029
  1.692914 seconds (23.90 k allocations: 30.138 MiB)
1520
  1.673610 seconds (23.82 k allocations: 30.054 MiB)
9024
  3.679807 seconds (42.68 k allocations: 53.826 MiB, 0.97% gc time)
  3.736834 seconds (50.67 k allocations: 63.898 MiB, 0.95% gc time)
  2.290003 seconds (18.89 k allocations: 23.776 MiB, 1.55% gc time)
  1.756660 seconds (3.03 k allocations: 3.730 MiB, 2.03% gc time)
  1.802108 seconds (12.91 k allocations: 18.371 MiB, 1.97% gc time)
7531
1521
3021
4524
6030
  1.669268 seconds (25.86 k allocations: 32.494 MiB)
9025
  1.727573 seconds (14.05 k allocations: 17.472 MiB)
1522
  2.117257 seconds (19.71 k allocations: 25.177 MiB)
6031
  2.360291 seconds (23.82 k allocations: 30.054 MiB)
  2.351923 seconds (24.20 k allocations: 31.089 MiB)
4525
3022
  2.461492 seconds (44.47 k allocations: 56.188 MiB)
7532
  1.685573 seconds (39.80 k allocations: 50.201 MiB)
9026
  1.691396 seconds (39.80 k allocations: 50.201 MiB)
1523
  2.116672 seconds (39.88 k allocations: 50.285 MiB)
6032
  2.353265 seconds (39.42 k allocations: 49.165 MiB)
4526
  2.307980 seconds (31.89 k allocations: 40.211 MiB)
7533
  2.574367 seconds (47.87 k allocations: 60.359 MiB)
3023
  1.675965 seconds (39.80 k allocations: 50.201 MiB)
9027
  1.698039 seconds (39.72 k allocations: 50.117 MiB)
1524
  1.755306 seconds (39.80 k allocations: 50.201 MiB)
6033
  1.676609 seconds (15.98 k allocations: 20.148 MiB)
9028
  2.822551 seconds (14.58 k allocations: 17.490 MiB, 0.62% gc time)
  3.216395 seconds (46.40 k allocations: 57.619 MiB, 0.54% gc time)
  3.165154 seconds (38.43 k allocations: 47.549 MiB, 0.55% gc time)
  2.969452 seconds (30.56 k allocations: 37.594 MiB, 0.59% gc time)
  1.947616 seconds (8.70 k allocations: 12.147 MiB, 0.90% gc time)
3024
1525
6034
4527
7534
  1.700690 seconds (12.49 k allocations: 17.641 MiB)
  1.709467 seconds (34.83 k allocations: 42.322 MiB)
4528
9029
  1.788649 seconds (15.90 k allocations: 20.064 MiB)
7535
  1.801089 seconds (23.82 k allocations: 30.054 MiB)
  1.802680 seconds (24.20 k allocations: 32.333 MiB)
  1.802295 seconds (24.37 k allocations: 31.555 MiB)
6035
3025
1526
  1.700862 seconds (31.81 k allocations: 40.127 MiB)
4529
  1.702533 seconds (33.55 k allocations: 42.604 MiB)
9030
  1.693748 seconds (15.90 k allocations: 20.064 MiB)
1527
  1.696484 seconds (18.00 k allocations: 22.901 MiB)
  1.706588 seconds (42.34 k allocations: 53.781 MiB)
3026
  1.705869 seconds (32.27 k allocations: 41.247 MiB)
7536
6036
  1.685221 seconds (31.81 k allocations: 40.127 MiB)
9031
  1.697121 seconds (39.80 k allocations: 50.201 MiB)
4530
  1.692359 seconds (31.79 k allocations: 40.682 MiB)
1528
  1.696413 seconds (38.06 k allocations: 46.557 MiB)
3027
  1.699820 seconds (31.81 k allocations: 40.127 MiB)
7537
  1.709031 seconds (39.72 k allocations: 50.117 MiB)
6037
  1.678311 seconds (39.64 k allocations: 50.033 MiB)
9032
  1.696762 seconds (39.72 k allocations: 50.117 MiB)
4531
  3.325674 seconds (33.37 k allocations: 41.719 MiB, 0.66% gc time)
  3.315193 seconds (26.94 k allocations: 33.929 MiB, 0.66% gc time)
  3.300688 seconds (17.84 k allocations: 21.999 MiB, 0.67% gc time)
  1.738460 seconds (3.40 k allocations: 4.188 MiB, 1.27% gc time)
  3.293387 seconds (11.37 k allocations: 14.209 MiB, 0.67% gc time)
7538
1529
3028
9033
6038
  1.704390 seconds (26.58 k allocations: 33.224 MiB)
4532
  1.734305 seconds (8.00 k allocations: 10.075 MiB)
9034
  1.790526 seconds (15.91 k allocations: 20.064 MiB)
7539
  1.794076 seconds (19.56 k allocations: 24.490 MiB)
1530
  1.805170 seconds (31.89 k allocations: 40.211 MiB)
6039
  1.811552 seconds (38.02 k allocations: 47.158 MiB)
3029
  1.697248 seconds (39.80 k allocations: 50.201 MiB)
4533
  1.701797 seconds (39.88 k allocations: 50.285 MiB)
9035
  1.695969 seconds (31.89 k allocations: 40.211 MiB)
1531
  1.694622 seconds (28.95 k allocations: 36.521 MiB)
6040
  1.713664 seconds (45.73 k allocations: 58.165 MiB)
7540
  1.713449 seconds (39.80 k allocations: 50.201 MiB)
3030
  1.695345 seconds (39.80 k allocations: 50.201 MiB)
4534
  1.678302 seconds (39.80 k allocations: 50.201 MiB)
9036
  1.684307 seconds (23.98 k allocations: 30.222 MiB)
7541
  1.704486 seconds (46.95 k allocations: 58.191 MiB)
1532
  1.697959 seconds (37.24 k allocations: 47.592 MiB)
6041
  1.702726 seconds (39.96 k allocations: 50.369 MiB)
3031
  1.670887 seconds (31.97 k allocations: 40.295 MiB)
  1.700495 seconds (40.34 k allocations: 51.405 MiB)
9037
4535
  1.766250 seconds (26.92 k allocations: 33.921 MiB, 1.10% gc time)
  1.756840 seconds (14.01 k allocations: 17.584 MiB, 1.11% gc time)
  1.725660 seconds (6.09 k allocations: 7.574 MiB, 1.13% gc time)
  1.760307 seconds (15.91 k allocations: 20.719 MiB, 1.11% gc time)
7542
3032
6042
1533
  1.679789 seconds (16.98 k allocations: 23.442 MiB)
9038
  1.708689 seconds (16.70 k allocations: 22.626 MiB)
3033
  1.724566 seconds (15.98 k allocations: 20.148 MiB)
1534
  1.732694 seconds (23.98 k allocations: 30.222 MiB)
  1.733913 seconds (24.30 k allocations: 31.179 MiB)
7543
6043
  1.746085 seconds (43.23 k allocations: 54.925 MiB)
4536
  1.698503 seconds (39.80 k allocations: 50.201 MiB)
9039
  1.700523 seconds (39.72 k allocations: 50.117 MiB)
3034
  1.692339 seconds (37.37 k allocations: 46.327 MiB)
1535
  1.691016 seconds (28.67 k allocations: 35.014 MiB)
  1.691722 seconds (29.77 k allocations: 36.584 MiB)
6044
7544
  1.697470 seconds (39.64 k allocations: 50.033 MiB)
4537
  1.688734 seconds (39.64 k allocations: 50.033 MiB)
9040
  1.699362 seconds (39.56 k allocations: 49.949 MiB)
3035
  1.687977 seconds (22.05 k allocations: 27.021 MiB)
  1.695047 seconds (33.52 k allocations: 41.521 MiB)
7545
1536
  1.698914 seconds (39.15 k allocations: 48.316 MiB)
6045
  1.698055 seconds (39.64 k allocations: 50.033 MiB)
4538
  1.678178 seconds (39.72 k allocations: 50.117 MiB)
9041
  1.832509 seconds (33.37 k allocations: 41.014 MiB, 5.71% gc time)
  1.823605 seconds (21.10 k allocations: 25.346 MiB, 5.73% gc time)
  1.824252 seconds (21.67 k allocations: 25.894 MiB, 5.73% gc time)
  1.814082 seconds (14.42 k allocations: 17.185 MiB, 5.76% gc time)
  1.802151 seconds (6.63 k allocations: 7.589 MiB, 5.80% gc time)
1537
7546
6046
3036
4539
  1.712692 seconds (36.39 k allocations: 43.380 MiB)
9042
  1.735356 seconds (8.14 k allocations: 11.446 MiB)
  1.731396 seconds (8.27 k allocations: 10.883 MiB)
1538
4540
  1.742220 seconds (23.29 k allocations: 27.061 MiB)
  1.743133 seconds (24.21 k allocations: 31.091 MiB)
6047
7547
  1.749458 seconds (39.37 k allocations: 47.315 MiB)
3037
  1.701357 seconds (39.80 k allocations: 50.201 MiB)
9043
  1.685166 seconds (14.11 k allocations: 17.531 MiB)
  1.694654 seconds (31.64 k allocations: 39.349 MiB)
7548
1539
  1.698830 seconds (40.49 k allocations: 49.038 MiB)
4541
  1.700641 seconds (38.38 k allocations: 48.059 MiB)
6048
  1.704938 seconds (39.96 k allocations: 50.369 MiB)
3038
  1.703574 seconds (39.96 k allocations: 50.369 MiB)
9044
  1.693065 seconds (27.86 k allocations: 35.403 MiB)
  1.694809 seconds (29.03 k allocations: 37.231 MiB)
1540
7549
  1.695604 seconds (38.09 k allocations: 46.530 MiB)
4542
  1.704141 seconds (39.88 k allocations: 50.285 MiB)
6049
  1.697620 seconds (36.71 k allocations: 45.828 MiB)
3039
  1.679092 seconds (39.88 k allocations: 50.285 MiB)
9045
  1.686410 seconds (28.60 k allocations: 36.165 MiB)
7550
  1.693058 seconds (34.03 k allocations: 43.922 MiB)
1541
  3.390702 seconds (27.09 k allocations: 34.734 MiB, 0.59% gc time)  1.726238 seconds (3.35 k allocations: 4.701 MiB, 1.17% gc time)

  3.369120 seconds (11.27 k allocations: 14.724 MiB, 0.60% gc time)
  3.374185 seconds (14.48 k allocations: 19.228 MiB, 0.60% gc time)
4543
6050
3040
9046
  1.690528 seconds (32.34 k allocations: 39.208 MiB)
7551
  1.690420 seconds (11.50 k allocations: 16.102 MiB)
9047
  1.799232 seconds (15.82 k allocations: 19.980 MiB)
  1.803686 seconds (16.17 k allocations: 20.995 MiB)
6051
1542
  1.802291 seconds (18.62 k allocations: 24.222 MiB)
3041
  1.809030 seconds (34.50 k allocations: 41.120 MiB)
4544
  1.699424 seconds (31.81 k allocations: 40.127 MiB)
  1.708747 seconds (39.84 k allocations: 50.379 MiB)
9048
7552
  1.695074 seconds (21.05 k allocations: 26.536 MiB)
6052
  1.702205 seconds (28.47 k allocations: 34.799 MiB)
1543
  1.699423 seconds (27.13 k allocations: 34.129 MiB)
  1.704359 seconds (30.92 k allocations: 39.500 MiB)
4545
3042
  1.676967 seconds (31.89 k allocations: 40.211 MiB)
9049
  1.684637 seconds (39.40 k allocations: 48.576 MiB)
7553
  1.692994 seconds (37.81 k allocations: 47.478 MiB)
6053
  1.692664 seconds (28.45 k allocations: 36.005 MiB)
1544
  1.702955 seconds (31.81 k allocations: 40.127 MiB)
4546
  1.706098 seconds (35.11 k allocations: 44.190 MiB)
3043
  1.687414 seconds (31.73 k allocations: 40.043 MiB)
7554
  1.940992 seconds (45.54 k allocations: 56.095 MiB, 4.40% gc time)
  1.807535 seconds (22.18 k allocations: 27.147 MiB, 4.73% gc time)
  1.814077 seconds (27.93 k allocations: 34.208 MiB, 4.71% gc time)
  1.785952 seconds (6.53 k allocations: 7.341 MiB, 4.79% gc time)
  1.792981 seconds (10.05 k allocations: 12.140 MiB, 4.77% gc time)
1545
9050
6054
4547
3044
  1.690687 seconds (34.94 k allocations: 41.788 MiB)
7555
  1.739404 seconds (11.44 k allocations: 14.799 MiB)
  1.741144 seconds (12.19 k allocations: 16.211 MiB)
4548
1546
  1.728436 seconds (23.73 k allocations: 29.969 MiB)
3045
  1.757392 seconds (34.91 k allocations: 43.283 MiB)
9051
  1.772421 seconds (39.64 k allocations: 50.033 MiB)
6055
  1.699962 seconds (39.72 k allocations: 50.117 MiB)
7556
  1.707525 seconds (31.81 k allocations: 40.127 MiB)
4549
  1.709144 seconds (33.02 k allocations: 41.816 MiB)
  1.689773 seconds (18.18 k allocations: 23.629 MiB)
1547
9052
  1.705522 seconds (40.72 k allocations: 49.912 MiB)
3046
  1.707291 seconds (39.72 k allocations: 50.117 MiB)
6056
  1.687080 seconds (39.80 k allocations: 50.201 MiB)
7557
  1.695365 seconds (21.36 k allocations: 26.856 MiB)
1548
  1.710563 seconds (31.92 k allocations: 40.765 MiB)
  1.708465 seconds (28.61 k allocations: 36.770 MiB)
4550
9053
  1.710949 seconds (39.80 k allocations: 50.201 MiB)
3047
  1.697710 seconds (39.80 k allocations: 50.201 MiB)
6057
  1.712776 seconds (39.88 k allocations: 50.285 MiB)
7558
  1.680607 seconds (23.81 k allocations: 29.942 MiB)
  1.695121 seconds (40.12 k allocations: 50.941 MiB)
9054
1549
  3.395188 seconds (20.86 k allocations: 26.508 MiB, 2.59% gc time)
  3.411415 seconds (28.84 k allocations: 36.580 MiB, 2.58% gc time)
  1.780923 seconds (5.04 k allocations: 6.492 MiB, 4.94% gc time)
  3.377261 seconds (12.95 k allocations: 16.480 MiB, 2.60% gc time)
7559
4551
6058
3048
  1.677373 seconds (23.30 k allocations: 29.888 MiB)
9055
  1.732422 seconds (7.91 k allocations: 9.990 MiB)
7560
  1.786210 seconds (15.91 k allocations: 20.064 MiB)
4552
  1.800141 seconds (25.42 k allocations: 32.906 MiB)
1550
  1.796815 seconds (27.19 k allocations: 34.193 MiB)
6059
  1.850347 seconds (39.72 k allocations: 50.117 MiB)
3049
  1.699967 seconds (39.80 k allocations: 50.201 MiB)
9056
  1.702929 seconds (39.72 k allocations: 50.117 MiB)
7561
  1.683569 seconds (26.35 k allocations: 33.867 MiB)
1551
  1.702721 seconds (45.72 k allocations: 56.297 MiB)
4553
  1.698486 seconds (39.80 k allocations: 50.201 MiB)
6060
  1.706052 seconds (39.72 k allocations: 50.117 MiB)
3050
  1.677979 seconds (39.80 k allocations: 50.201 MiB)
9057
  1.684315 seconds (39.80 k allocations: 50.201 MiB)
7562
  1.700763 seconds (37.36 k allocations: 47.003 MiB)
1552
  1.696234 seconds (32.85 k allocations: 41.227 MiB)
4554
  1.701463 seconds (39.88 k allocations: 50.285 MiB)
6061
  1.701572 seconds (39.80 k allocations: 50.201 MiB)
3051
  1.676517 seconds (39.80 k allocations: 50.201 MiB)
9058
  1.922243 seconds (38.38 k allocations: 47.543 MiB, 4.33% gc time)
  1.859289 seconds (23.06 k allocations: 29.280 MiB, 4.47% gc time)
  1.855876 seconds (22.45 k allocations: 27.402 MiB, 4.48% gc time)
  1.839638 seconds (14.57 k allocations: 17.433 MiB, 4.52% gc time)
  1.781182 seconds (6.64 k allocations: 7.498 MiB, 4.67% gc time)
1553
3052
4555
7563
6062
  1.706750 seconds (34.13 k allocations: 41.038 MiB)
9059
  1.732447 seconds (15.44 k allocations: 20.114 MiB)
4556
  1.730701 seconds (13.98 k allocations: 18.098 MiB)
  1.738696 seconds (21.21 k allocations: 27.335 MiB)
7564
  1.726344 seconds (15.09 k allocations: 18.767 MiB)
1554
6063
  1.745755 seconds (36.02 k allocations: 45.121 MiB)
3053
  1.694409 seconds (39.88 k allocations: 50.285 MiB)
9060
  1.687853 seconds (9.72 k allocations: 13.060 MiB)
6064
  1.693147 seconds (13.83 k allocations: 17.953 MiB)
1555
  1.695958 seconds (16.73 k allocations: 21.583 MiB)
  1.703820 seconds (36.98 k allocations: 47.032 MiB)
7565
4557
  1.700787 seconds (39.72 k allocations: 50.117 MiB)
3054
  1.691811 seconds (39.80 k allocations: 50.201 MiB)
9061
  1.690408 seconds (23.87 k allocations: 31.865 MiB)
6065
  1.698651 seconds (23.59 k allocations: 29.186 MiB)
4558
  1.707488 seconds (29.84 k allocations: 36.895 MiB)
1556
  1.715987 seconds (39.60 k allocations: 49.474 MiB)
7566
  1.705231 seconds (35.09 k allocations: 44.179 MiB)
3055
  1.677988 seconds (39.88 k allocations: 50.285 MiB)
9062
  1.694691 seconds (39.80 k allocations: 50.201 MiB)
6066
  3.432751 seconds (31.23 k allocations: 39.541 MiB, 2.80% gc time)
  3.425890 seconds (26.31 k allocations: 32.575 MiB, 2.80% gc time)
  3.413744 seconds (12.61 k allocations: 16.694 MiB, 2.81% gc time)
  3.409679 seconds (11.15 k allocations: 14.035 MiB, 2.81% gc time)
  1.802206 seconds (3.32 k allocations: 4.166 MiB, 5.32% gc time)
4559
3056
7567
1557
9063
  1.687822 seconds (25.20 k allocations: 31.819 MiB)
6067
  1.732725 seconds (7.91 k allocations: 9.990 MiB)
9064
  1.793336 seconds (15.83 k allocations: 19.980 MiB)
4560
  1.796048 seconds (17.66 k allocations: 22.558 MiB)
1558
  1.807664 seconds (30.68 k allocations: 37.754 MiB)
  1.809173 seconds (31.81 k allocations: 39.547 MiB)
7568
3057
  1.693684 seconds (39.64 k allocations: 50.033 MiB)
6068
  1.698807 seconds (39.64 k allocations: 50.033 MiB)
9065
  1.706075 seconds (37.59 k allocations: 47.244 MiB)
  1.699104 seconds (30.98 k allocations: 37.977 MiB)
1559
4561
  1.694784 seconds (30.13 k allocations: 35.975 MiB)
7569
  1.705585 seconds (39.80 k allocations: 50.201 MiB)
3058
  1.685298 seconds (39.88 k allocations: 50.285 MiB)
6069
  1.670428 seconds (39.96 k allocations: 50.369 MiB)
9066
  1.694133 seconds (29.06 k allocations: 36.622 MiB)
1560
  1.696835 seconds (29.85 k allocations: 38.134 MiB)
4562
  1.700679 seconds (38.66 k allocations: 47.818 MiB)
7570
  1.705192 seconds (39.72 k allocations: 50.117 MiB)
3059
  1.688384 seconds (39.72 k allocations: 50.117 MiB)
6070
  1.963125 seconds (38.40 k allocations: 47.559 MiB, 7.27% gc time)
  1.873802 seconds (23.58 k allocations: 29.789 MiB, 7.61% gc time)
  1.869819 seconds (19.99 k allocations: 24.194 MiB, 7.63% gc time)
  1.861627 seconds (14.80 k allocations: 17.656 MiB, 7.66% gc time)
  1.844360 seconds (6.92 k allocations: 7.777 MiB, 7.74% gc time)
9067
4563
7571
3060
1561
  1.687355 seconds (35.95 k allocations: 42.870 MiB)
6071
  1.738598 seconds (8.00 k allocations: 10.075 MiB)
  1.735927 seconds (8.38 k allocations: 11.110 MiB)
  1.737875 seconds (8.77 k allocations: 12.147 MiB)
4564
7572
1562
  1.747668 seconds (31.18 k allocations: 37.036 MiB)
9068
  1.747806 seconds (33.02 k allocations: 42.072 MiB)
3061
  1.689858 seconds (39.72 k allocations: 50.117 MiB)
6072
  1.692215 seconds (20.86 k allocations: 25.637 MiB)
1563
  1.694244 seconds (21.97 k allocations: 27.529 MiB)
7573
  1.701411 seconds (37.40 k allocations: 45.831 MiB)
4565
  1.695542 seconds (24.96 k allocations: 33.142 MiB)
9069
  1.713469 seconds (39.72 k allocations: 50.117 MiB)
3062
  1.689897 seconds (39.80 k allocations: 50.201 MiB)
6073
  1.692136 seconds (30.45 k allocations: 37.849 MiB)
1564
  1.696436 seconds (31.79 k allocations: 39.408 MiB)
7574
  1.704276 seconds (31.81 k allocations: 40.127 MiB)
4566
  1.708232 seconds (38.46 k allocations: 47.605 MiB)
9070
  1.702929 seconds (39.72 k allocations: 50.117 MiB)
3063
  1.694751 seconds (39.72 k allocations: 50.117 MiB)
6074
  1.692244 seconds (32.64 k allocations: 42.199 MiB)
1565
  3.394068 seconds (34.87 k allocations: 43.958 MiB, 2.09% gc time)
  3.369667 seconds (19.02 k allocations: 23.946 MiB, 2.11% gc time)
  3.380009 seconds (25.31 k allocations: 31.544 MiB, 2.10% gc time)
  3.359338 seconds (11.28 k allocations: 14.128 MiB, 2.11% gc time)
  1.766198 seconds (3.37 k allocations: 4.196 MiB, 4.02% gc time)
6075
7575
3064
9071
4567
  1.698907 seconds (29.50 k allocations: 36.269 MiB)
1566
  1.727048 seconds (9.71 k allocations: 13.047 MiB)
7576
  1.790776 seconds (16.34 k allocations: 21.739 MiB)
9072
  1.789907 seconds (18.88 k allocations: 23.801 MiB)
4568
  1.802261 seconds (31.32 k allocations: 39.628 MiB)
6076
  1.813921 seconds (40.86 k allocations: 52.503 MiB)
3065
  1.693107 seconds (39.72 k allocations: 50.117 MiB)
1567
  1.701379 seconds (39.72 k allocations: 50.117 MiB)
7577
  1.701522 seconds (33.65 k allocations: 43.116 MiB)
9073
  1.700434 seconds (31.55 k allocations: 39.866 MiB)
4569
  1.706039 seconds (39.88 k allocations: 50.285 MiB)
6077
  1.706153 seconds (39.88 k allocations: 50.285 MiB)
3066
  1.693409 seconds (39.88 k allocations: 50.285 MiB)
1568
  1.668371 seconds (39.80 k allocations: 50.201 MiB)
7578
  1.670641 seconds (32.86 k allocations: 42.422 MiB)
9074
  1.702167 seconds (39.72 k allocations: 50.117 MiB)
4570
  1.695549 seconds (39.64 k allocations: 50.033 MiB)
6078
  1.697960 seconds (39.64 k allocations: 50.033 MiB)
3067
  1.696025 seconds (39.72 k allocations: 50.117 MiB)
1569
  1.888846 seconds (38.31 k allocations: 47.464 MiB, 3.10% gc time)
  1.827617 seconds (30.44 k allocations: 37.490 MiB, 3.20% gc time)
  1.793892 seconds (22.61 k allocations: 27.604 MiB, 3.26% gc time)
  1.763782 seconds (6.81 k allocations: 7.754 MiB, 3.32% gc time)
  1.781632 seconds (14.72 k allocations: 17.667 MiB, 3.28% gc time)
7579
9075
3068
6079
4571
  1.696357 seconds (32.90 k allocations: 39.666 MiB)
1570
  1.729058 seconds (8.00 k allocations: 10.075 MiB)
6080
  1.730830 seconds (12.05 k allocations: 14.905 MiB)
7580
  1.745401 seconds (23.82 k allocations: 30.054 MiB)
  1.747160 seconds (24.20 k allocations: 31.090 MiB)
4572
3069
  1.750093 seconds (31.98 k allocations: 39.792 MiB)
9076
  1.708240 seconds (39.72 k allocations: 50.117 MiB)
1571
  1.693196 seconds (31.81 k allocations: 40.127 MiB)
7581
  1.705174 seconds (40.43 k allocations: 50.852 MiB)
6081
  1.691538 seconds (23.73 k allocations: 29.970 MiB)
9077
  1.702137 seconds (33.17 k allocations: 42.737 MiB)
3070
  1.710539 seconds (42.07 k allocations: 52.512 MiB)
4573
  1.695694 seconds (39.72 k allocations: 50.117 MiB)
1572
  1.671342 seconds (22.30 k allocations: 27.805 MiB)
9078
  1.688063 seconds (37.01 k allocations: 47.362 MiB)
7582
  1.703147 seconds (47.63 k allocations: 60.106 MiB)
6082
  1.705571 seconds (39.12 k allocations: 48.810 MiB)
3071
  1.703765 seconds (39.64 k allocations: 50.033 MiB)
4574
  1.694302 seconds (39.72 k allocations: 50.117 MiB)
1573
  1.680312 seconds (24.28 k allocations: 31.174 MiB)
9079
  1.799512 seconds (31.42 k allocations: 39.210 MiB, 2.96% gc time)
  1.782315 seconds (23.56 k allocations: 29.250 MiB, 2.99% gc time)
  1.762311 seconds (14.97 k allocations: 17.847 MiB, 3.02% gc time)
  1.752076 seconds (7.76 k allocations: 9.372 MiB, 3.04% gc time)
7583
3072
6083
4575
  1.678147 seconds (22.15 k allocations: 27.546 MiB)
9080
  1.726755 seconds (12.61 k allocations: 17.231 MiB)
7584
  1.742279 seconds (25.82 k allocations: 33.908 MiB)
1574
  1.742040 seconds (25.46 k allocations: 32.970 MiB)
3073
  1.736680 seconds (31.89 k allocations: 40.211 MiB)
6084
  1.760104 seconds (39.80 k allocations: 50.201 MiB)
4576
  1.693140 seconds (39.88 k allocations: 50.285 MiB)
9081
  1.693901 seconds (39.71 k allocations: 49.993 MiB)
7585
  1.697905 seconds (34.26 k allocations: 43.854 MiB)
1575
  1.699506 seconds (37.21 k allocations: 45.647 MiB)
3074
  1.698659 seconds (38.94 k allocations: 48.101 MiB)
6085
  1.707652 seconds (39.88 k allocations: 50.285 MiB)
4577
  1.673811 seconds (39.88 k allocations: 50.285 MiB)
9082
  1.675487 seconds (39.88 k allocations: 50.285 MiB)
7586
  1.694654 seconds (37.09 k allocations: 46.730 MiB)
1576
  1.699056 seconds (37.26 k allocations: 46.908 MiB)
3075
  1.700869 seconds (37.96 k allocations: 47.096 MiB)
6086
  1.706268 seconds (39.80 k allocations: 50.201 MiB)
4578
  1.675590 seconds (39.72 k allocations: 50.117 MiB)
9083
  1.826566 seconds (38.31 k allocations: 47.459 MiB, 1.81% gc time)
  1.792598 seconds (30.42 k allocations: 37.472 MiB, 1.84% gc time)
  1.779217 seconds (18.07 k allocations: 22.257 MiB, 1.86% gc time)
  1.773999 seconds (14.52 k allocations: 17.429 MiB, 1.86% gc time)
  1.726431 seconds (6.66 k allocations: 7.530 MiB, 1.91% gc time)
7587
6087
3076
1577
4579
  1.711304 seconds (32.27 k allocations: 39.047 MiB)
9084
  1.720921 seconds (8.00 k allocations: 10.075 MiB)
4580
  1.725750 seconds (15.36 k allocations: 18.288 MiB)
1578
  1.735571 seconds (23.90 k allocations: 30.138 MiB)
7588
  1.737844 seconds (24.95 k allocations: 31.911 MiB)
6088
  1.740231 seconds (31.75 k allocations: 39.554 MiB)
3077
  1.689401 seconds (39.72 k allocations: 50.117 MiB)
9085
  1.694574 seconds (37.51 k allocations: 47.163 MiB)
4581
  1.686110 seconds (19.42 k allocations: 24.881 MiB)
7589
  1.698598 seconds (42.42 k allocations: 53.565 MiB)
1579
  1.701544 seconds (33.61 k allocations: 43.197 MiB)
6089
  1.702120 seconds (36.06 k allocations: 45.164 MiB)
3078
  1.687551 seconds (39.72 k allocations: 50.117 MiB)
9086
  1.691742 seconds (39.04 k allocations: 48.732 MiB)
4582
  1.692403 seconds (31.10 k allocations: 39.409 MiB)
7590
  1.699506 seconds (39.64 k allocations: 50.033 MiB)
1580
  1.702521 seconds (34.92 k allocations: 44.533 MiB)
  1.698023 seconds (31.89 k allocations: 40.499 MiB)
6090
3079
  1.672708 seconds (39.72 k allocations: 50.117 MiB)
9087
  1.688701 seconds (30.13 k allocations: 37.722 MiB)
7591
  1.700998 seconds (38.88 k allocations: 49.275 MiB)
  3.376528 seconds (26.90 k allocations: 33.896 MiB, 0.53% gc time)
  3.359152 seconds (11.09 k allocations: 13.975 MiB, 0.54% gc time)
  3.359926 seconds (11.22 k allocations: 14.137 MiB, 0.53% gc time)
  1.727302 seconds (3.39 k allocations: 4.249 MiB, 1.04% gc time)
4583
6091
1581
9088
3080
  1.694526 seconds (25.04 k allocations: 31.673 MiB)
7592
  1.693372 seconds (13.20 k allocations: 19.066 MiB)
9089
  1.785485 seconds (15.91 k allocations: 20.064 MiB)
4584
  1.796067 seconds (23.90 k allocations: 30.138 MiB)
6092
  1.809591 seconds (31.81 k allocations: 40.127 MiB)
1582
  1.811275 seconds (33.65 k allocations: 42.703 MiB)
3081
  1.692078 seconds (33.80 k allocations: 43.391 MiB)
7593
  1.703009 seconds (39.88 k allocations: 50.285 MiB)
9090
  1.699369 seconds (39.88 k allocations: 50.285 MiB)
4585
  1.703394 seconds (39.88 k allocations: 50.285 MiB)
6093
  1.697460 seconds (32.28 k allocations: 41.836 MiB)
  1.695968 seconds (32.20 k allocations: 41.164 MiB)
1583
3082
  1.690251 seconds (39.80 k allocations: 50.201 MiB)
7594
  1.678749 seconds (33.28 k allocations: 42.331 MiB)
9091
  1.699006 seconds (39.72 k allocations: 50.117 MiB)
4586
  1.697342 seconds (39.41 k allocations: 49.164 MiB)
6094
  1.693389 seconds (29.62 k allocations: 36.666 MiB)
3083
  1.702198 seconds (37.46 k allocations: 46.595 MiB)
1584
  1.703020 seconds (32.23 k allocations: 41.780 MiB)
7595
  1.706614 seconds (36.61 k allocations: 45.714 MiB)
9092
  1.757112 seconds (20.49 k allocations: 25.439 MiB, 2.63% gc time)
  1.772678 seconds (30.99 k allocations: 38.761 MiB, 2.61% gc time)
  1.747872 seconds (9.78 k allocations: 12.548 MiB, 2.65% gc time)
  1.743971 seconds (7.35 k allocations: 8.879 MiB, 2.65% gc time)
6095
4587
1585
3084
  1.686201 seconds (35.24 k allocations: 42.215 MiB)
7596
  1.720347 seconds (7.91 k allocations: 9.990 MiB)
4588
  1.727594 seconds (12.45 k allocations: 18.990 MiB)
9093
  1.732461 seconds (23.73 k allocations: 29.970 MiB)
1586
  1.738957 seconds (30.32 k allocations: 37.386 MiB)
3085
  1.755420 seconds (39.64 k allocations: 50.033 MiB)
6096
  1.689091 seconds (39.72 k allocations: 50.117 MiB)
7597
  1.694534 seconds (31.89 k allocations: 40.211 MiB)
9094
  1.700968 seconds (36.60 k allocations: 46.934 MiB)
4589
  1.697243 seconds (37.17 k allocations: 46.821 MiB)
1587
  1.699837 seconds (39.80 k allocations: 50.201 MiB)
3086
  1.707907 seconds (39.80 k allocations: 50.201 MiB)
6097
  1.684630 seconds (39.72 k allocations: 50.117 MiB)
7598
  1.670879 seconds (34.15 k allocations: 43.730 MiB)
9095
  1.703848 seconds (31.44 k allocations: 39.213 MiB)
1588
  1.696661 seconds (24.99 k allocations: 31.961 MiB)
3087
  1.729074 seconds (55.16 k allocations: 69.060 MiB)
4590
  1.703994 seconds (39.64 k allocations: 50.033 MiB)
6098
  1.691029 seconds (39.64 k allocations: 50.033 MiB)
7599
  1.682553 seconds (39.72 k allocations: 50.117 MiB)
9096
  3.381177 seconds (28.17 k allocations: 35.190 MiB, 2.22% gc time)
  3.386355 seconds (30.82 k allocations: 39.106 MiB, 2.22% gc time)
  3.367312 seconds (20.30 k allocations: 25.206 MiB, 2.23% gc time)
  3.339839 seconds (12.42 k allocations: 15.238 MiB, 2.25% gc time)
  1.776471 seconds (4.47 k allocations: 5.267 MiB, 4.23% gc time)
7600
1589
4591
3088
6099
  1.675623 seconds (29.65 k allocations: 36.417 MiB)
9097
  1.721807 seconds (10.38 k allocations: 13.723 MiB)
7601
  1.782521 seconds (15.82 k allocations: 19.980 MiB)
6100
  1.798386 seconds (24.84 k allocations: 32.323 MiB)
4592
  1.814372 seconds (32.86 k allocations: 42.413 MiB)
  1.813613 seconds (32.39 k allocations: 42.581 MiB)
1590
3089
  1.720517 seconds (39.72 k allocations: 50.117 MiB)
9098
  1.667538 seconds (36.55 k allocations: 45.660 MiB)
7602
  1.700729 seconds (39.72 k allocations: 50.117 MiB)
6101
  1.700186 seconds (39.80 k allocations: 50.201 MiB)
4593
  1.698137 seconds (31.81 k allocations: 40.127 MiB)
3090
  1.711497 seconds (39.80 k allocations: 50.201 MiB)
1591
  1.684864 seconds (31.89 k allocations: 40.211 MiB)
7603
  1.716675 seconds (43.20 k allocations: 54.894 MiB)
9099
  1.703900 seconds (39.66 k allocations: 50.010 MiB)
6102
  1.701556 seconds (39.70 k allocations: 48.873 MiB)
4594
  1.693180 seconds (37.13 k allocations: 46.256 MiB)
3091
  1.704390 seconds (39.64 k allocations: 50.033 MiB)
1592
  1.692763 seconds (39.64 k allocations: 50.033 MiB)
7604
  1.850926 seconds (34.72 k allocations: 43.794 MiB, 0.90% gc time)
  1.757032 seconds (25.61 k allocations: 31.867 MiB, 0.95% gc time)
  1.748923 seconds (16.21 k allocations: 20.341 MiB, 0.95% gc time)
  1.740057 seconds (11.10 k allocations: 13.916 MiB, 0.96% gc time)
  1.720395 seconds (3.28 k allocations: 4.069 MiB, 0.97% gc time)
4595
3092
1593
9100
6103
  1.689387 seconds (23.65 k allocations: 30.301 MiB)
7605
  1.699582 seconds (19.65 k allocations: 26.860 MiB)
1594
  1.719405 seconds (15.90 k allocations: 20.064 MiB)
6104
  1.731178 seconds (23.46 k allocations: 29.688 MiB)
  1.731908 seconds (24.37 k allocations: 31.088 MiB)
3093
4596
  1.750343 seconds (39.80 k allocations: 50.201 MiB)
9101
  1.710944 seconds (39.72 k allocations: 50.117 MiB)
7606
  1.698578 seconds (33.52 k allocations: 42.571 MiB)
1595
  1.696515 seconds (31.80 k allocations: 40.658 MiB)
6105
  1.695669 seconds (28.00 k allocations: 35.012 MiB)
3094
  1.699212 seconds (35.71 k allocations: 44.804 MiB)
4597
  1.697096 seconds (39.96 k allocations: 50.369 MiB)
9102
  1.685970 seconds (31.91 k allocations: 41.456 MiB)
7607
  1.701736 seconds (39.88 k allocations: 50.285 MiB)
1596
  1.691726 seconds (33.68 k allocations: 42.552 MiB)
6106
  1.693101 seconds (30.99 k allocations: 39.288 MiB)
  1.669307 seconds (21.55 k allocations: 26.952 MiB)
3095
9103
  1.697435 seconds (44.14 k allocations: 54.095 MiB)
4598
  1.690407 seconds (39.72 k allocations: 50.117 MiB)
7608
  1.719402 seconds (7.31 k allocations: 9.380 MiB, 1.26% gc time)
  1.749607 seconds (38.29 k allocations: 47.421 MiB, 1.24% gc time)
  1.723607 seconds (13.69 k allocations: 17.060 MiB, 1.26% gc time)
  1.729510 seconds (25.43 k allocations: 30.961 MiB, 1.26% gc time)
  1.716769 seconds (6.69 k allocations: 7.487 MiB, 1.27% gc time)
1597
4599
3096
6107
9104
  1.692417 seconds (34.80 k allocations: 41.667 MiB)
7609
  1.719329 seconds (7.91 k allocations: 9.990 MiB)
6108
  1.727575 seconds (14.51 k allocations: 17.410 MiB)
  1.727246 seconds (15.64 k allocations: 19.216 MiB)
4600
3097
  1.728710 seconds (23.25 k allocations: 28.957 MiB)
9105
  1.745054 seconds (39.72 k allocations: 50.117 MiB)
1598
  1.686377 seconds (39.72 k allocations: 50.117 MiB)
7610
  1.702662 seconds (36.33 k allocations: 45.263 MiB)
6109
  1.697770 seconds (19.82 k allocations: 25.973 MiB)
4601
  1.703082 seconds (32.00 k allocations: 40.324 MiB)
3098
  1.705155 seconds (37.67 k allocations: 46.800 MiB)
9106
  1.695715 seconds (36.80 k allocations: 45.909 MiB)
1599
  1.685100 seconds (39.80 k allocations: 50.201 MiB)
7611
  1.669449 seconds (11.46 k allocations: 14.833 MiB)
9107
  1.698828 seconds (38.58 k allocations: 48.258 MiB)
6110
  1.698673 seconds (37.38 k allocations: 47.735 MiB)
  1.693792 seconds (30.29 k allocations: 39.230 MiB)
4602
3099
  1.701986 seconds (39.80 k allocations: 50.201 MiB)
1600
  1.710581 seconds (39.88 k allocations: 50.285 MiB)
7612
  1.677456 seconds (39.96 k allocations: 50.369 MiB)
9108
  3.360788 seconds (20.86 k allocations: 27.054 MiB, 0.90% gc time)
  3.362329 seconds (22.11 k allocations: 28.317 MiB, 0.90% gc time)
  3.356048 seconds (19.06 k allocations: 23.956 MiB, 0.90% gc time)
  3.341894 seconds (11.16 k allocations: 14.083 MiB, 0.90% gc time)
  1.713532 seconds (3.26 k allocations: 4.150 MiB, 1.76% gc time)
7613
4603
3100
6111
1601
  1.707306 seconds (27.78 k allocations: 34.512 MiB)
9109
  1.711042 seconds (16.90 k allocations: 22.885 MiB)
7614
  1.787668 seconds (23.35 k allocations: 28.934 MiB)
6112
  1.804182 seconds (31.26 k allocations: 38.923 MiB)
3101
  1.808090 seconds (34.63 k allocations: 43.058 MiB)
4604
  1.798849 seconds (39.72 k allocations: 50.117 MiB)
1602
  1.673181 seconds (31.81 k allocations: 40.127 MiB)
7615
  1.702079 seconds (47.63 k allocations: 60.106 MiB)
9110
  1.701895 seconds (39.72 k allocations: 50.117 MiB)
6113
  1.695110 seconds (33.38 k allocations: 41.727 MiB)
3102
  1.707090 seconds (39.72 k allocations: 50.117 MiB)
4605
  1.704080 seconds (39.72 k allocations: 50.117 MiB)
1603
  1.684969 seconds (39.72 k allocations: 50.117 MiB)
7616
  1.672378 seconds (36.01 k allocations: 45.116 MiB)
9111
  1.699297 seconds (38.45 k allocations: 48.126 MiB)
6114
  1.706397 seconds (39.72 k allocations: 50.117 MiB)
3103
  1.702284 seconds (39.80 k allocations: 50.201 MiB)
4606
  1.705000 seconds (39.80 k allocations: 50.201 MiB)
1604
  1.677543 seconds (31.73 k allocations: 40.043 MiB)
9112
  1.969962 seconds (41.69 k allocations: 52.122 MiB, 2.55% gc time)
  1.843661 seconds (30.50 k allocations: 37.556 MiB, 2.72% gc time)
  1.828747 seconds (22.55 k allocations: 27.487 MiB, 2.74% gc time)
  1.818214 seconds (14.72 k allocations: 17.709 MiB, 2.76% gc time)
  1.753384 seconds (6.87 k allocations: 7.842 MiB, 2.86% gc time)
3104
1605
7617
6115
4607
  1.710281 seconds (37.56 k allocations: 44.648 MiB)
9113
  1.728794 seconds (9.08 k allocations: 12.397 MiB)
1606
  1.730393 seconds (14.94 k allocations: 17.859 MiB)
4608
  1.736399 seconds (18.35 k allocations: 23.251 MiB)
7618
  1.744439 seconds (30.31 k allocations: 38.602 MiB)
3105
  1.745803 seconds (35.28 k allocations: 44.357 MiB)
6116
  1.685753 seconds (39.72 k allocations: 50.117 MiB)
9114
  1.689090 seconds (19.82 k allocations: 24.929 MiB)
7619
  1.702549 seconds (40.99 k allocations: 51.416 MiB)
1607
  1.694704 seconds (26.22 k allocations: 33.730 MiB)
3106
  1.708481 seconds (45.45 k allocations: 57.254 MiB)
4609
  1.698457 seconds (31.67 k allocations: 39.460 MiB)
6117
  1.687941 seconds (39.80 k allocations: 50.201 MiB)
9115
  1.669016 seconds (33.33 k allocations: 42.906 MiB)
7620
  1.698812 seconds (39.30 k allocations: 49.054 MiB)
1608
  1.701840 seconds (34.77 k allocations: 43.677 MiB)
3107
  1.698165 seconds (25.14 k allocations: 32.090 MiB)
4610
  1.703236 seconds (35.10 k allocations: 42.964 MiB)
6118
  1.670806 seconds (39.64 k allocations: 50.033 MiB)
9116
  1.693676 seconds (39.72 k allocations: 50.117 MiB)
7621
  3.380147 seconds (34.87 k allocations: 43.953 MiB, 1.41% gc time)
  3.362815 seconds (11.98 k allocations: 16.054 MiB, 1.42% gc time)
  3.365180 seconds (14.79 k allocations: 18.890 MiB, 1.42% gc time)
  3.360270 seconds (11.39 k allocations: 14.287 MiB, 1.42% gc time)
  1.759928 seconds (3.45 k allocations: 4.295 MiB, 2.72% gc time)
4611
1609
9117
6119
3108
  1.691561 seconds (33.69 k allocations: 40.523 MiB)
7622
  1.748852 seconds (8.00 k allocations: 10.075 MiB)
9118
  1.785570 seconds (15.90 k allocations: 20.064 MiB)
6120
  1.805028 seconds (23.90 k allocations: 30.138 MiB)
  1.806634 seconds (24.14 k allocations: 30.819 MiB)
1610
4612
  1.810045 seconds (39.88 k allocations: 50.285 MiB)
3109
  1.686598 seconds (39.88 k allocations: 50.285 MiB)
7623
  1.690646 seconds (39.88 k allocations: 50.285 MiB)
9119
  1.698429 seconds (39.80 k allocations: 50.201 MiB)
6121
  1.695098 seconds (30.72 k allocations: 38.315 MiB)
1611
  1.698479 seconds (33.90 k allocations: 42.248 MiB)
4613
  1.700251 seconds (39.55 k allocations: 49.949 MiB)
3110
  1.665995 seconds (39.64 k allocations: 50.033 MiB)
7624
  1.677489 seconds (39.64 k allocations: 50.033 MiB)
9120
  1.696047 seconds (39.72 k allocations: 50.117 MiB)
6122
  1.700704 seconds (31.66 k allocations: 39.562 MiB)
4614
  1.707539 seconds (36.06 k allocations: 46.391 MiB)
1612
  1.698837 seconds (35.16 k allocations: 43.010 MiB)
3111
  1.687311 seconds (39.88 k allocations: 50.285 MiB)
7625
  1.807370 seconds (38.50 k allocations: 47.649 MiB, 1.00% gc time)
  1.741885 seconds (30.55 k allocations: 37.617 MiB, 1.04% gc time)
  1.718346 seconds (14.96 k allocations: 18.345 MiB, 1.05% gc time)
  1.710946 seconds (6.81 k allocations: 7.609 MiB, 1.06% gc time)
  1.713415 seconds (7.14 k allocations: 9.234 MiB, 1.06% gc time)
4615
3112
1613
9121
6123
  1.691357 seconds (30.97 k allocations: 37.762 MiB)
7626
  1.697982 seconds (18.42 k allocations: 23.219 MiB)
1614
  1.704931 seconds (25.72 k allocations: 31.361 MiB)
3113
  1.699494 seconds (23.98 k allocations: 30.222 MiB)
6124
  1.726923 seconds (42.78 k allocations: 53.825 MiB)
4616
  1.734641 seconds (40.95 k allocations: 52.597 MiB)
9122
  1.695481 seconds (39.72 k allocations: 50.117 MiB)
7627
  1.702705 seconds (36.91 k allocations: 46.562 MiB)
1615
  1.698958 seconds (31.95 k allocations: 40.278 MiB)
3114
  1.703355 seconds (39.64 k allocations: 50.033 MiB)
6125
  1.702807 seconds (39.64 k allocations: 50.033 MiB)
4617
  1.695131 seconds (39.64 k allocations: 50.033 MiB)
9123
  1.695911 seconds (39.64 k allocations: 50.033 MiB)
7628
  1.691900 seconds (32.34 k allocations: 41.903 MiB)
1616
  1.709246 seconds (39.64 k allocations: 50.033 MiB)
3115
  1.701260 seconds (34.62 k allocations: 43.697 MiB)
6126
  1.707773 seconds (39.80 k allocations: 50.201 MiB)
4618
  1.704162 seconds (38.59 k allocations: 47.747 MiB)
9124
  1.685907 seconds (39.88 k allocations: 50.285 MiB)
7629
  1.706904 seconds (39.88 k allocations: 50.285 MiB)
1617
  3.340848 seconds (26.87 k allocations: 33.865 MiB, 0.54% gc time)
  3.314819 seconds (10.95 k allocations: 13.767 MiB, 0.54% gc time)
  3.340186 seconds (27.03 k allocations: 33.994 MiB, 0.54% gc time)
  3.320992 seconds (16.31 k allocations: 20.458 MiB, 0.54% gc time)
  1.686422 seconds (3.29 k allocations: 4.057 MiB, 1.07% gc time)
7630
3116
6127
9125
4619
  1.687134 seconds (15.07 k allocations: 20.265 MiB)
7631
  1.695251 seconds (29.08 k allocations: 36.474 MiB)
1618
  1.798785 seconds (15.91 k allocations: 20.064 MiB)
6128
  1.800007 seconds (16.77 k allocations: 21.651 MiB)
9126
  1.800041 seconds (20.41 k allocations: 26.068 MiB)
  1.803968 seconds (23.35 k allocations: 29.681 MiB)
4620
3117
  1.670833 seconds (35.03 k allocations: 44.638 MiB)
7632
  1.700470 seconds (39.88 k allocations: 50.285 MiB)
1619
  1.688390 seconds (17.47 k allocations: 24.111 MiB)
9127
  1.694278 seconds (25.57 k allocations: 33.074 MiB)
6129
  1.703096 seconds (31.81 k allocations: 40.127 MiB)
3118
  1.712004 seconds (39.80 k allocations: 50.201 MiB)
4621
  1.686869 seconds (39.72 k allocations: 50.117 MiB)
7633
  1.695547 seconds (39.80 k allocations: 50.201 MiB)
1620
  1.669419 seconds (35.45 k allocations: 45.067 MiB)
9128
  1.703724 seconds (39.80 k allocations: 50.201 MiB)
6130
  1.698331 seconds (38.10 k allocations: 46.543 MiB)
3119
  1.697652 seconds (39.88 k allocations: 50.285 MiB)
4622
  1.703134 seconds (39.80 k allocations: 50.201 MiB)
7634
  1.864664 seconds (34.60 k allocations: 43.670 MiB, 1.67% gc time)
  1.784535 seconds (26.73 k allocations: 33.715 MiB, 1.75% gc time)
  1.744637 seconds (17.48 k allocations: 21.629 MiB, 1.79% gc time)
  1.737204 seconds (10.90 k allocations: 13.709 MiB, 1.79% gc time)
  1.723861 seconds (3.04 k allocations: 3.759 MiB, 1.81% gc time)
4623
9129
3120
6131
1621
  1.692466 seconds (23.61 k allocations: 30.188 MiB)
7635
  1.726449 seconds (7.91 k allocations: 9.990 MiB)
6132
  1.728954 seconds (9.04 k allocations: 13.057 MiB)
4624
  1.732684 seconds (18.71 k allocations: 23.620 MiB)
3121
  1.737422 seconds (30.08 k allocations: 37.151 MiB)
9130
  1.747219 seconds (39.72 k allocations: 50.117 MiB)
1622
  1.683976 seconds (39.72 k allocations: 50.117 MiB)
7636
  1.696068 seconds (28.91 k allocations: 36.471 MiB)
6133
  1.697071 seconds (29.29 k allocations: 37.550 MiB)
4625
  1.706194 seconds (36.35 k allocations: 45.991 MiB)
  1.701484 seconds (32.19 k allocations: 41.163 MiB)
3122
9131
  1.712167 seconds (39.80 k allocations: 50.201 MiB)
1623
  1.671489 seconds (39.88 k allocations: 50.285 MiB)
7637
  1.695252 seconds (31.81 k allocations: 40.127 MiB)
  1.697512 seconds (32.20 k allocations: 41.164 MiB)
4626
6134
  1.703276 seconds (31.81 k allocations: 40.127 MiB)
3123
  1.704821 seconds (32.67 k allocations: 41.701 MiB)
9132
  1.701425 seconds (39.72 k allocations: 50.117 MiB)
1624
  1.693866 seconds (39.80 k allocations: 50.201 MiB)
7638
  1.788799 seconds (30.38 k allocations: 37.434 MiB, 0.95% gc time)
  1.788947 seconds (30.34 k allocations: 37.406 MiB, 0.95% gc time)
  1.765319 seconds (14.59 k allocations: 17.518 MiB, 0.96% gc time)
  1.762863 seconds (14.68 k allocations: 17.661 MiB, 0.96% gc time)
  1.721291 seconds (6.79 k allocations: 7.762 MiB, 0.98% gc time)
6135
4627
1625
3124
9133
  1.689569 seconds (36.45 k allocations: 43.499 MiB)
7639
  1.699213 seconds (15.16 k allocations: 21.047 MiB)
1626
  1.726392 seconds (17.60 k allocations: 25.470 MiB)
6136
  1.729972 seconds (23.90 k allocations: 30.138 MiB)
4628
  1.739634 seconds (31.89 k allocations: 40.211 MiB)
3125
  1.743447 seconds (36.55 k allocations: 45.654 MiB)
9134
  1.697327 seconds (39.88 k allocations: 50.285 MiB)
7640
  1.706321 seconds (39.80 k allocations: 50.201 MiB)
1627
  1.699061 seconds (38.87 k allocations: 48.555 MiB)
6137
  1.697052 seconds (36.09 k allocations: 45.191 MiB)
4629
  1.695017 seconds (33.70 k allocations: 42.045 MiB)
3126
  1.694408 seconds (34.17 k allocations: 43.241 MiB)
9135
  1.691200 seconds (39.80 k allocations: 50.201 MiB)
7641
  1.697814 seconds (39.72 k allocations: 50.117 MiB)
1628
  1.678087 seconds (15.82 k allocations: 19.980 MiB)
9136
  1.702163 seconds (39.27 k allocations: 49.666 MiB)
6138
  1.700433 seconds (40.30 k allocations: 49.492 MiB)
  1.693541 seconds (31.41 k allocations: 39.141 MiB)
4630
3127
  1.706459 seconds (39.80 k allocations: 50.201 MiB)
7642
  1.697479 seconds (39.80 k allocations: 50.201 MiB)
  1.673126 seconds (18.46 k allocations: 25.081 MiB)
1629
9137
  3.361967 seconds (12.18 k allocations: 15.733 MiB, 0.79% gc time)
  3.362813 seconds (12.33 k allocations: 15.855 MiB, 0.79% gc time)
  3.366095 seconds (16.37 k allocations: 22.436 MiB, 0.79% gc time)
  1.714405 seconds (4.50 k allocations: 5.968 MiB, 1.55% gc time)
7643
3128
6139
4631
  1.699056 seconds (24.59 k allocations: 31.206 MiB)
1630
  1.721498 seconds (8.89 k allocations: 12.215 MiB)
7644
  1.778181 seconds (15.82 k allocations: 19.980 MiB)
4632
  1.785145 seconds (19.94 k allocations: 24.876 MiB)
9138
  1.797973 seconds (31.65 k allocations: 39.959 MiB)
6140
  1.807740 seconds (39.56 k allocations: 49.949 MiB)
3129
  1.671683 seconds (31.73 k allocations: 40.043 MiB)
7645
  1.704043 seconds (40.59 k allocations: 51.706 MiB)
1631
  1.696358 seconds (34.18 k allocations: 43.772 MiB)
4633
  1.696613 seconds (35.04 k allocations: 44.123 MiB)
9139
  1.703833 seconds (39.72 k allocations: 50.117 MiB)
6141
  1.698637 seconds (36.54 k allocations: 45.647 MiB)
3130
  1.696428 seconds (31.81 k allocations: 40.127 MiB)
7646
  1.699160 seconds (36.09 k allocations: 45.191 MiB)
1632
  1.681348 seconds (31.73 k allocations: 40.043 MiB)
9140
  1.703870 seconds (39.64 k allocations: 50.033 MiB)
4634
  1.693543 seconds (35.10 k allocations: 44.707 MiB)
6142
  1.697346 seconds (39.64 k allocations: 50.033 MiB)
3131
  1.698393 seconds (31.81 k allocations: 40.127 MiB)
1633
  1.705659 seconds (37.10 k allocations: 47.457 MiB)
7647
  1.764628 seconds (33.17 k allocations: 40.989 MiB, 1.03% gc time)
  1.729870 seconds (16.97 k allocations: 19.933 MiB, 1.05% gc time)
  1.738667 seconds (24.96 k allocations: 30.033 MiB, 1.05% gc time)
  1.718239 seconds (9.53 k allocations: 11.058 MiB, 1.06% gc time)
6143
3132
4635
9141
  1.688305 seconds (30.20 k allocations: 35.900 MiB)
7648
  1.701783 seconds (11.28 k allocations: 17.097 MiB)
3133
  1.714490 seconds (15.90 k allocations: 20.064 MiB)
4636
  1.722562 seconds (23.73 k allocations: 28.729 MiB)
9142
  1.739251 seconds (56.19 k allocations: 68.876 MiB)
1634
  1.743581 seconds (39.72 k allocations: 50.117 MiB)
6144
  1.690555 seconds (39.72 k allocations: 50.117 MiB)
7649
  1.702149 seconds (39.64 k allocations: 50.033 MiB)
3134
  1.696859 seconds (37.85 k allocations: 47.521 MiB)
4637
  1.694187 seconds (27.28 k allocations: 35.516 MiB)
9143
  1.713979 seconds (39.64 k allocations: 50.033 MiB)
1635
  1.702720 seconds (39.64 k allocations: 50.033 MiB)
6145
  1.667035 seconds (39.64 k allocations: 50.033 MiB)
7650
  1.691437 seconds (39.56 k allocations: 49.949 MiB)
3135
  1.701552 seconds (31.73 k allocations: 40.043 MiB)
4638
  1.709749 seconds (39.64 k allocations: 50.033 MiB)
9144
  1.698343 seconds (39.21 k allocations: 48.900 MiB)
1636
  1.703322 seconds (39.72 k allocations: 50.117 MiB)
6146
  1.687341 seconds (39.72 k allocations: 50.117 MiB)
7651
  1.787291 seconds (38.50 k allocations: 47.650 MiB, 1.75% gc time)
  1.748311 seconds (22.49 k allocations: 27.216 MiB, 1.78% gc time)
  1.759775 seconds (30.10 k allocations: 36.415 MiB, 1.77% gc time)
  1.737006 seconds (14.92 k allocations: 17.798 MiB, 1.80% gc time)
  1.726689 seconds (7.06 k allocations: 7.865 MiB, 1.81% gc time)
3136
1637
6147
9145
4639
  1.691669 seconds (34.15 k allocations: 40.956 MiB)
7652
  1.724034 seconds (7.92 k allocations: 9.991 MiB)
6148
  1.727551 seconds (11.36 k allocations: 14.197 MiB)
1638
  1.732890 seconds (23.90 k allocations: 30.138 MiB)
9146
  1.740774 seconds (31.55 k allocations: 38.630 MiB)
3137
  1.741848 seconds (34.47 k allocations: 43.549 MiB)
4640
  1.689304 seconds (39.88 k allocations: 50.285 MiB)
7653
  1.697510 seconds (33.68 k allocations: 43.258 MiB)
6149
  1.702787 seconds (39.00 k allocations: 48.692 MiB)
1639
  1.703454 seconds (37.84 k allocations: 46.283 MiB)
9147
  1.698693 seconds (26.05 k allocations: 34.252 MiB)
3138
  1.702236 seconds (39.49 k allocations: 48.659 MiB)
4641
  1.691521 seconds (39.80 k allocations: 50.201 MiB)
7654
  1.680864 seconds (15.52 k allocations: 19.028 MiB)
9148
  1.699537 seconds (40.00 k allocations: 50.465 MiB)
6150
  1.696043 seconds (27.80 k allocations: 34.128 MiB)
3139
  1.714022 seconds (51.94 k allocations: 64.504 MiB)
1640
  1.711637 seconds (39.72 k allocations: 50.117 MiB)
4642
  1.718264 seconds (39.72 k allocations: 50.117 MiB)
7655
  1.677742 seconds (36.79 k allocations: 46.427 MiB)
9149
  3.380456 seconds (29.47 k allocations: 37.486 MiB, 1.05% gc time)
  3.374165 seconds (20.76 k allocations: 26.920 MiB, 1.06% gc time)
  3.369860 seconds (18.84 k allocations: 23.740 MiB, 1.06% gc time)
  3.357537 seconds (10.98 k allocations: 13.830 MiB, 1.06% gc time)
  1.728232 seconds (3.11 k allocations: 3.945 MiB, 2.06% gc time)
7656
4643
6151
1641
3140
  1.677358 seconds (30.91 k allocations: 37.644 MiB)
9150
  1.716211 seconds (15.34 k allocations: 22.469 MiB)
7657
  1.785609 seconds (15.82 k allocations: 19.980 MiB)
6152
  1.802848 seconds (23.73 k allocations: 29.970 MiB)
1642
  1.808783 seconds (24.99 k allocations: 33.178 MiB)
4644
  1.810855 seconds (36.88 k allocations: 44.769 MiB)
3141
  1.691269 seconds (39.72 k allocations: 50.117 MiB)
9151
  1.686812 seconds (39.72 k allocations: 50.117 MiB)
7658
  1.692167 seconds (39.72 k allocations: 50.117 MiB)
6153
  1.697247 seconds (29.59 k allocations: 37.160 MiB)
1643
  1.705366 seconds (35.85 k allocations: 45.474 MiB)
4645
  1.702141 seconds (33.63 k allocations: 42.683 MiB)
3142
  1.671493 seconds (39.88 k allocations: 50.285 MiB)
9152
  1.699676 seconds (39.96 k allocations: 50.369 MiB)
7659
  1.692256 seconds (39.88 k allocations: 50.285 MiB)
6154
  1.701284 seconds (39.80 k allocations: 50.201 MiB)
1644
  1.692529 seconds (27.14 k allocations: 34.140 MiB)
3143
  1.700288 seconds (39.72 k allocations: 50.117 MiB)
4646
  1.673192 seconds (39.64 k allocations: 50.033 MiB)
9153
  1.842710 seconds (38.23 k allocations: 47.375 MiB, 1.03% gc time)
  1.760042 seconds (30.33 k allocations: 37.387 MiB, 1.08% gc time)
  1.730565 seconds (14.07 k allocations: 16.297 MiB, 1.10% gc time)
  1.734438 seconds (16.39 k allocations: 20.563 MiB, 1.10% gc time)
  1.718922 seconds (6.67 k allocations: 7.562 MiB, 1.11% gc time)
4647
7660
1645
3144
6155
  1.699960 seconds (9.67 k allocations: 14.752 MiB)
4648
  1.714122 seconds (39.08 k allocations: 47.875 MiB)
9154
  1.726154 seconds (15.99 k allocations: 20.148 MiB)
1646
  1.734056 seconds (23.28 k allocations: 28.285 MiB)
6156
  1.735900 seconds (25.63 k allocations: 32.611 MiB)
3145
  1.738206 seconds (36.44 k allocations: 44.334 MiB)
7661
  1.696094 seconds (31.81 k allocations: 40.127 MiB)
9155
  1.706933 seconds (40.96 k allocations: 51.433 MiB)
4649
  1.693425 seconds (22.26 k allocations: 28.998 MiB)
  1.686641 seconds (16.04 k allocations: 20.440 MiB)
6157
  1.702779 seconds (40.04 k allocations: 51.095 MiB)
7662
1647
  1.700565 seconds (36.76 k allocations: 45.887 MiB)
3146
  1.696691 seconds (31.73 k allocations: 40.043 MiB)
9156
  1.702356 seconds (39.64 k allocations: 50.033 MiB)
4650
  1.690310 seconds (30.32 k allocations: 39.138 MiB)
6158
  1.699618 seconds (27.71 k allocations: 35.256 MiB)
  1.699790 seconds (27.82 k allocations: 35.744 MiB)
1648
7663
  1.701358 seconds (39.01 k allocations: 46.948 MiB)
3147
  1.677236 seconds (38.81 k allocations: 48.491 MiB)
9157
  1.697048 seconds (39.80 k allocations: 50.201 MiB)
4651
  3.397780 seconds (34.77 k allocations: 43.858 MiB, 0.66% gc time)
  3.383525 seconds (17.38 k allocations: 21.555 MiB, 0.66% gc time)
  3.383559 seconds (17.48 k allocations: 21.705 MiB, 0.66% gc time)
  3.373175 seconds (11.22 k allocations: 14.145 MiB, 0.66% gc time)
  1.730696 seconds (3.39 k allocations: 4.295 MiB, 1.30% gc time)
6159
7664
1649
9158
3148
  1.697089 seconds (27.82 k allocations: 34.541 MiB)
4652
  1.719568 seconds (7.91 k allocations: 9.990 MiB)
3149
  1.799107 seconds (20.30 k allocations: 25.767 MiB)
6160
  1.800753 seconds (20.44 k allocations: 26.595 MiB)
1650
  1.806775 seconds (32.53 k allocations: 39.636 MiB)
7665
  1.818609 seconds (39.88 k allocations: 50.285 MiB)
9159
  1.698128 seconds (39.88 k allocations: 50.285 MiB)
4653
  1.693567 seconds (39.88 k allocations: 50.285 MiB)
3150
  1.694544 seconds (28.45 k allocations: 36.004 MiB)
1651
  1.698629 seconds (32.45 k allocations: 42.001 MiB)
6161
  1.710292 seconds (39.80 k allocations: 50.201 MiB)
7666
  1.714462 seconds (39.80 k allocations: 50.201 MiB)
9160
  1.701169 seconds (39.80 k allocations: 50.201 MiB)
4654
  1.690758 seconds (39.80 k allocations: 50.201 MiB)
3151
  1.693947 seconds (32.03 k allocations: 41.578 MiB)
  1.692261 seconds (32.19 k allocations: 41.105 MiB)
1652
6162
  1.679518 seconds (39.59 k allocations: 48.770 MiB)
7667
  1.683526 seconds (39.80 k allocations: 50.201 MiB)
9161
  1.703016 seconds (39.72 k allocations: 50.117 MiB)
4655
  1.868354 seconds (38.16 k allocations: 47.308 MiB, 1.78% gc time)
  1.791615 seconds (20.73 k allocations: 24.978 MiB, 1.85% gc time)
  1.792031 seconds (21.27 k allocations: 25.500 MiB, 1.85% gc time)
  1.784508 seconds (14.52 k allocations: 17.377 MiB, 1.86% gc time)
  1.750146 seconds (6.66 k allocations: 7.460 MiB, 1.90% gc time)
7668
6163
3152
1653
9162
  1.702256 seconds (36.55 k allocations: 43.597 MiB)
4656
  1.701953 seconds (30.58 k allocations: 36.936 MiB)
6164
  1.738338 seconds (40.65 k allocations: 50.351 MiB)
7669
  1.741856 seconds (23.90 k allocations: 30.138 MiB)
  1.746095 seconds (24.28 k allocations: 31.173 MiB)
1654
9163
  1.793550 seconds (39.72 k allocations: 50.117 MiB)
3153
  1.707496 seconds (39.72 k allocations: 50.117 MiB)
4657
  1.696932 seconds (39.80 k allocations: 50.201 MiB)
6165
  1.700994 seconds (39.72 k allocations: 50.117 MiB)
7670
  1.697757 seconds (32.02 k allocations: 41.575 MiB)
1655
  1.712593 seconds (39.72 k allocations: 50.117 MiB)
9164
  1.701203 seconds (39.64 k allocations: 50.033 MiB)
3154
  1.694852 seconds (39.26 k allocations: 48.997 MiB)
4658
  1.693132 seconds (39.45 k allocations: 48.619 MiB)
6166
  1.684864 seconds (39.80 k allocations: 50.201 MiB)
7671
  1.692283 seconds (39.88 k allocations: 50.285 MiB)
1656
  1.716530 seconds (39.88 k allocations: 50.285 MiB)
9165
  1.688894 seconds (38.82 k allocations: 47.974 MiB)
3155
  1.700990 seconds (38.14 k allocations: 47.811 MiB)
4659
  1.700590 seconds (38.98 k allocations: 48.140 MiB)
6167
  3.385240 seconds (34.81 k allocations: 43.891 MiB, 0.52% gc time)
  3.159081 seconds (26.97 k allocations: 33.951 MiB, 0.56% gc time)
  3.119268 seconds (16.79 k allocations: 20.946 MiB, 0.57% gc time)
  3.109809 seconds (11.19 k allocations: 14.035 MiB, 0.57% gc time)
  1.711837 seconds (1.69 k allocations: 1.760 MiB, 1.04% gc time)
4660
7672
1657
3156
9166
  1.697114 seconds (22.45 k allocations: 29.022 MiB)
6168
  1.710386 seconds (22.55 k allocations: 29.811 MiB)
4661
  1.792446 seconds (15.91 k allocations: 20.064 MiB)
  1.793145 seconds (16.29 k allocations: 21.100 MiB)
1658
7673
  1.809866 seconds (31.89 k allocations: 40.211 MiB)
3157
  1.816170 seconds (39.73 k allocations: 48.899 MiB)
9167
  1.702458 seconds (39.88 k allocations: 50.285 MiB)
6169
  1.703382 seconds (39.88 k allocations: 50.285 MiB)
4662
  1.697204 seconds (31.81 k allocations: 40.127 MiB)
7674
  1.704935 seconds (37.66 k allocations: 46.793 MiB)
1659
  1.703990 seconds (37.99 k allocations: 47.656 MiB)
3158
  1.706763 seconds (37.18 k allocations: 46.301 MiB)
9168
  1.697231 seconds (39.72 k allocations: 50.117 MiB)
6170
  1.707793 seconds (39.80 k allocations: 50.201 MiB)
4663
  1.698088 seconds (31.89 k allocations: 40.211 MiB)
1660
  1.707638 seconds (37.36 k allocations: 47.723 MiB)
7675
  1.676783 seconds (21.01 k allocations: 26.667 MiB)
9169
  1.706693 seconds (42.91 k allocations: 54.590 MiB)
3159
  1.704082 seconds (39.80 k allocations: 50.201 MiB)
6171
  1.846056 seconds (14.83 k allocations: 18.972 MiB, 6.16% gc time)
  1.933220 seconds (38.27 k allocations: 47.415 MiB, 5.89% gc time)
  1.847848 seconds (16.43 k allocations: 20.568 MiB, 6.16% gc time)
  1.843486 seconds (14.73 k allocations: 17.746 MiB, 6.17% gc time)
  1.817370 seconds (6.81 k allocations: 7.781 MiB, 6.26% gc time)
7676
1661
4664
3160
9170
  1.750081 seconds (28.19 k allocations: 34.932 MiB)
6172
  1.741356 seconds (8.27 k allocations: 10.356 MiB)
4665
  1.775365 seconds (15.90 k allocations: 20.064 MiB)
9171
  1.844294 seconds (29.23 k allocations: 36.795 MiB)
7677
  1.848642 seconds (33.46 k allocations: 41.803 MiB)
1662
  1.904343 seconds (39.72 k allocations: 50.117 MiB)
3161
  1.688593 seconds (33.18 k allocations: 42.756 MiB)
6173
  1.711175 seconds (39.72 k allocations: 50.117 MiB)
4666
  1.707564 seconds (39.80 k allocations: 50.201 MiB)
9172
  1.702144 seconds (34.45 k allocations: 44.044 MiB)
7678
  1.700729 seconds (33.36 k allocations: 42.419 MiB)
1663
  1.703443 seconds (39.64 k allocations: 50.033 MiB)
3162
  1.696889 seconds (39.72 k allocations: 50.117 MiB)
6174
  1.696904 seconds (39.64 k allocations: 50.033 MiB)
4667
  1.713673 seconds (39.64 k allocations: 50.033 MiB)
9173
  1.694683 seconds (31.73 k allocations: 40.043 MiB)
  1.698378 seconds (32.43 k allocations: 42.628 MiB)
1664
7679
  1.703461 seconds (39.64 k allocations: 50.033 MiB)
3163
  1.691900 seconds (39.72 k allocations: 50.117 MiB)
6175
  1.697370 seconds (39.80 k allocations: 50.201 MiB)
4668
  3.411302 seconds (34.72 k allocations: 43.798 MiB, 3.49% gc time)
  3.389797 seconds (18.91 k allocations: 23.808 MiB, 3.51% gc time)
  3.389534 seconds (18.99 k allocations: 23.881 MiB, 3.51% gc time)
  3.312107 seconds (11.09 k allocations: 13.886 MiB, 3.59% gc time)
  1.809014 seconds (3.15 k allocations: 3.870 MiB, 6.57% gc time)
6176
7680
1665
3164
9174
  1.709028 seconds (37.80 k allocations: 44.937 MiB)
4669
  1.715907 seconds (11.76 k allocations: 16.366 MiB)
6177
  1.784782 seconds (19.87 k allocations: 26.552 MiB)
7681
  1.789094 seconds (16.94 k allocations: 23.046 MiB)
1666
  1.809012 seconds (31.97 k allocations: 40.295 MiB)
  1.808072 seconds (32.35 k allocations: 41.331 MiB)
3165
9175
  1.702973 seconds (39.88 k allocations: 50.285 MiB)
4670
  1.687041 seconds (39.80 k allocations: 50.201 MiB)
6178
  1.699007 seconds (37.40 k allocations: 47.046 MiB)
7682
  1.700713 seconds (38.41 k allocations: 47.560 MiB)
1667
  1.688397 seconds (31.66 k allocations: 38.752 MiB)
9176
  1.713452 seconds (41.05 k allocations: 52.697 MiB)
3166
  1.696580 seconds (39.72 k allocations: 50.117 MiB)
4671
  1.685357 seconds (39.72 k allocations: 50.117 MiB)
6179
  1.697689 seconds (37.89 k allocations: 47.543 MiB)
7683
  1.681303 seconds (24.78 k allocations: 31.744 MiB)
9177
  1.698454 seconds (40.77 k allocations: 49.968 MiB)
1668
  1.706130 seconds (39.80 k allocations: 50.201 MiB)
3167
  1.700658 seconds (39.80 k allocations: 50.201 MiB)
4672
  1.689340 seconds (35.25 k allocations: 44.346 MiB)
6180
  1.822120 seconds (18.47 k allocations: 23.389 MiB, 4.37% gc time)
  1.817522 seconds (16.49 k allocations: 20.106 MiB, 4.38% gc time)
  1.826457 seconds (23.13 k allocations: 29.333 MiB, 4.36% gc time)
  1.779460 seconds (8.61 k allocations: 10.112 MiB, 4.47% gc time)
1669
7684
3168
9178
  1.695009 seconds (31.14 k allocations: 37.941 MiB)
4673
  1.729210 seconds (10.68 k allocations: 16.492 MiB)
6181
  1.727688 seconds (14.23 k allocations: 17.127 MiB)
9179
  1.734546 seconds (16.71 k allocations: 21.587 MiB)
7685
  1.741813 seconds (31.81 k allocations: 40.127 MiB)
3169
  1.742952 seconds (34.12 k allocations: 43.194 MiB)
1670
  1.702829 seconds (39.72 k allocations: 50.117 MiB)
4674
  1.689146 seconds (37.63 k allocations: 46.652 MiB)
6182
  1.703120 seconds (31.73 k allocations: 40.043 MiB)
  1.703291 seconds (31.84 k allocations: 40.278 MiB)
7686
9180
  1.696220 seconds (24.45 k allocations: 30.178 MiB)
1671
  1.706256 seconds (38.51 k allocations: 48.884 MiB)
3170
  1.694437 seconds (39.72 k allocations: 50.117 MiB)
4675
  1.686206 seconds (39.72 k allocations: 50.117 MiB)
6183
  1.677065 seconds (26.43 k allocations: 33.938 MiB)
9181
  1.702323 seconds (27.07 k allocations: 34.607 MiB)
1672
  1.700202 seconds (25.20 k allocations: 32.157 MiB)
3171
  1.718300 seconds (48.55 k allocations: 59.819 MiB)
7687
  1.701736 seconds (39.80 k allocations: 50.201 MiB)
4676
  1.672625 seconds (29.08 k allocations: 36.116 MiB)
  1.692764 seconds (37.73 k allocations: 47.300 MiB)
9182
6184
  1.741295 seconds (20.65 k allocations: 25.590 MiB, 2.27% gc time)
  1.739496 seconds (19.07 k allocations: 23.943 MiB, 2.27% gc time)
  1.732940 seconds (15.04 k allocations: 18.630 MiB, 2.28% gc time)
1673
7688
3172
  1.705152 seconds (12.33 k allocations: 16.247 MiB)
9183
  1.720650 seconds (7.91 k allocations: 9.990 MiB)
7689
  1.728281 seconds (15.90 k allocations: 20.064 MiB)
1674
  1.737212 seconds (21.51 k allocations: 30.086 MiB)
6185
  1.740625 seconds (31.73 k allocations: 40.043 MiB)
3173
  1.765361 seconds (71.99 k allocations: 90.010 MiB)
4677
  1.702717 seconds (39.72 k allocations: 50.117 MiB)
9184
  1.695911 seconds (39.26 k allocations: 48.997 MiB)
7690
  1.695820 seconds (31.73 k allocations: 40.043 MiB)
  1.696721 seconds (32.11 k allocations: 41.079 MiB)
  1.698024 seconds (16.59 k allocations: 22.052 MiB)
  1.708002 seconds (23.37 k allocations: 30.834 MiB)
1675
6186
4678
3174
  1.676756 seconds (39.80 k allocations: 50.201 MiB)
9185
  1.695741 seconds (39.88 k allocations: 50.285 MiB)
7691
  1.701767 seconds (17.87 k allocations: 24.521 MiB)
3175
  1.704161 seconds (19.37 k allocations: 26.756 MiB)
4679
  1.717239 seconds (31.97 k allocations: 40.295 MiB)
6187
  1.726176 seconds (39.88 k allocations: 50.285 MiB)
1676
  1.674130 seconds (39.88 k allocations: 50.285 MiB)
9186
  1.801572 seconds (38.39 k allocations: 47.543 MiB, 1.09% gc time)
  1.744676 seconds (22.42 k allocations: 27.398 MiB, 1.13% gc time)
  1.724893 seconds (14.17 k allocations: 16.396 MiB, 1.14% gc time)
  1.743022 seconds (22.45 k allocations: 27.402 MiB, 1.13% gc time)
  1.715785 seconds (6.63 k allocations: 7.441 MiB, 1.15% gc time)
6188
3176
1677
4680
7692
  1.692631 seconds (9.74 k allocations: 14.836 MiB)
1678
  1.706943 seconds (39.70 k allocations: 47.352 MiB)
9187
  1.712379 seconds (19.86 k allocations: 25.328 MiB)
6189
  1.733487 seconds (26.38 k allocations: 33.895 MiB)
4681
  1.730352 seconds (27.97 k allocations: 34.993 MiB)
7693
  1.741899 seconds (38.06 k allocations: 48.437 MiB)
3177
  1.704964 seconds (38.06 k allocations: 47.732 MiB)
1679
  1.701024 seconds (34.73 k allocations: 43.807 MiB)
9188
  1.687405 seconds (30.07 k allocations: 37.833 MiB)
6190
  1.696194 seconds (35.04 k allocations: 44.369 MiB)
4682
  1.694618 seconds (31.41 k allocations: 39.716 MiB)
7694
  1.712552 seconds (39.72 k allocations: 50.117 MiB)
3178
  1.686590 seconds (23.82 k allocations: 30.054 MiB)
6191
  1.698316 seconds (33.26 k allocations: 42.833 MiB)
1680
  1.701333 seconds (38.90 k allocations: 49.286 MiB)
9189
  1.705323 seconds (32.92 k allocations: 42.474 MiB)
4683
  1.706091 seconds (35.01 k allocations: 44.095 MiB)
7695
  1.702055 seconds (39.80 k allocations: 50.201 MiB)
3179
  1.679090 seconds (23.98 k allocations: 30.222 MiB)
9190
  1.693797 seconds (36.70 k allocations: 46.342 MiB)
6192
  1.693354 seconds (35.11 k allocations: 45.418 MiB)
  1.782923 seconds (19.08 k allocations: 24.181 MiB, 2.50% gc time)
  1.781357 seconds (19.19 k allocations: 24.342 MiB, 2.50% gc time)
  1.753818 seconds (11.28 k allocations: 14.389 MiB, 2.54% gc time)
1681
4684
7696
3180
  1.693125 seconds (22.87 k allocations: 28.216 MiB)
6193
  1.726153 seconds (11.47 k allocations: 17.302 MiB)
4685
  1.727858 seconds (12.87 k allocations: 15.746 MiB)
1682
  1.743937 seconds (23.90 k allocations: 30.138 MiB)
  1.765733 seconds (60.81 k allocations: 76.961 MiB)
  1.747135 seconds (24.66 k allocations: 32.209 MiB)
7697
9191
3181
  1.703253 seconds (39.80 k allocations: 50.201 MiB)
6194
  1.698681 seconds (36.84 k allocations: 46.483 MiB)
4686
  1.699031 seconds (39.72 k allocations: 50.117 MiB)
1683
  1.696014 seconds (23.73 k allocations: 29.970 MiB)
7698
  1.713428 seconds (31.73 k allocations: 40.043 MiB)
9192
  1.715615 seconds (33.30 k allocations: 42.347 MiB)
3182
  1.697455 seconds (39.72 k allocations: 50.117 MiB)
6195
  1.679214 seconds (23.90 k allocations: 30.138 MiB)
7699
  1.707875 seconds (42.71 k allocations: 53.229 MiB)
4687
  1.702128 seconds (42.49 k allocations: 52.423 MiB)
1684
  1.688407 seconds (36.70 k allocations: 46.338 MiB)
9193
  1.704257 seconds (39.80 k allocations: 50.201 MiB)
3183
  1.693463 seconds (39.80 k allocations: 50.201 MiB)
6196
  1.793062 seconds (14.46 k allocations: 17.362 MiB, 3.28% gc time)
  1.805267 seconds (22.56 k allocations: 27.528 MiB, 3.26% gc time)
  1.810191 seconds (24.95 k allocations: 31.194 MiB, 3.25% gc time)
  1.767458 seconds (6.70 k allocations: 7.465 MiB, 3.33% gc time)
  1.814239 seconds (29.69 k allocations: 37.212 MiB, 3.24% gc time)
1685
4688
3184
7700
9194
  1.692714 seconds (34.12 k allocations: 40.908 MiB)
6197
  1.737705 seconds (7.92 k allocations: 9.991 MiB)
  1.736743 seconds (8.29 k allocations: 11.026 MiB)
7701
9195
  1.750083 seconds (23.74 k allocations: 29.970 MiB)
  1.749001 seconds (24.04 k allocations: 30.860 MiB)
  1.749249 seconds (24.20 k allocations: 31.201 MiB)
3185
4689
1686
  1.681154 seconds (22.69 k allocations: 27.435 MiB)
9196
  1.715662 seconds (41.06 k allocations: 52.182 MiB)
6198
  1.705436 seconds (39.16 k allocations: 48.668 MiB)
7702
  1.703475 seconds (26.16 k allocations: 33.666 MiB)
  1.708505 seconds (30.03 k allocations: 39.477 MiB)
4690
3186
  1.709583 seconds (38.66 k allocations: 47.809 MiB)
1687
  1.683242 seconds (31.73 k allocations: 40.043 MiB)
9197
  1.685241 seconds (33.49 k allocations: 42.543 MiB)
6199
  1.695706 seconds (39.50 k allocations: 49.490 MiB)
7703
  1.705386 seconds (29.44 k allocations: 37.007 MiB)
  1.697290 seconds (24.04 k allocations: 30.694 MiB)
  1.708128 seconds (31.62 k allocations: 40.483 MiB)
3187
1688
4691
  1.674524 seconds (31.89 k allocations: 40.211 MiB)
9198
  1.889613 seconds (34.84 k allocations: 43.919 MiB, 2.87% gc time)
  1.860207 seconds (26.96 k allocations: 33.933 MiB, 2.92% gc time)
  1.834181 seconds (18.23 k allocations: 21.826 MiB, 2.96% gc time)
  1.790200 seconds (3.07 k allocations: 3.841 MiB, 3.03% gc time)
  1.788089 seconds (3.11 k allocations: 3.904 MiB, 3.04% gc time)
6200
1689
7704
3188
4692
  1.680580 seconds (23.44 k allocations: 30.023 MiB)
9199
  1.726913 seconds (7.91 k allocations: 9.990 MiB)
6201
  1.739232 seconds (15.83 k allocations: 19.980 MiB)
1690
  1.739482 seconds (16.22 k allocations: 21.017 MiB)
  1.738595 seconds (16.66 k allocations: 21.914 MiB)
4693
7705
  1.754546 seconds (39.56 k allocations: 49.949 MiB)
3189
  1.684796 seconds (39.64 k allocations: 50.033 MiB)
9200
  1.698521 seconds (39.57 k allocations: 49.882 MiB)
6202
  1.694886 seconds (26.38 k allocations: 32.664 MiB)
1691
  1.700200 seconds (34.23 k allocations: 42.589 MiB)
4694
  1.698950 seconds (34.99 k allocations: 44.076 MiB)
7706
  1.710540 seconds (39.64 k allocations: 50.033 MiB)
3190
  1.681212 seconds (39.72 k allocations: 50.117 MiB)
9201
  1.686690 seconds (34.81 k allocations: 44.419 MiB)
6203
  1.693304 seconds (37.14 k allocations: 46.788 MiB)
1692
  1.703761 seconds (31.89 k allocations: 40.211 MiB)
4695
  1.708327 seconds (34.78 k allocations: 43.855 MiB)
7707
  1.697065 seconds (39.80 k allocations: 50.201 MiB)
3191
  1.671079 seconds (39.88 k allocations: 50.285 MiB)
9202
  1.764779 seconds (38.56 k allocations: 47.713 MiB, 1.12% gc time)
  1.753443 seconds (30.59 k allocations: 37.642 MiB, 1.13% gc time)
  1.730077 seconds (15.48 k allocations: 19.613 MiB, 1.15% gc time)
  1.726598 seconds (14.76 k allocations: 17.681 MiB, 1.15% gc time)
  1.716589 seconds (6.85 k allocations: 7.754 MiB, 1.15% gc time)
6204
4696
7708
1693
3192
  1.695908 seconds (11.34 k allocations: 16.453 MiB)
4697
  1.694775 seconds (4.42 k allocations: 6.424 MiB)
7709
  1.705620 seconds (38.20 k allocations: 46.647 MiB)
9203
  1.710314 seconds (26.01 k allocations: 33.515 MiB)
3193
  1.713266 seconds (30.19 k allocations: 37.259 MiB)
6205
  1.729487 seconds (39.80 k allocations: 50.201 MiB)
1694
  1.687551 seconds (23.90 k allocations: 30.138 MiB)
9204
  1.694350 seconds (27.71 k allocations: 35.957 MiB)
7710
  1.702471 seconds (40.32 k allocations: 51.958 MiB)
4698
  1.686563 seconds (31.81 k allocations: 40.127 MiB)
6206
  1.706163 seconds (44.37 k allocations: 56.075 MiB)
3194
  1.700333 seconds (39.72 k allocations: 50.117 MiB)
1695
  1.698496 seconds (34.79 k allocations: 44.383 MiB)
9205
  1.698819 seconds (31.90 k allocations: 40.221 MiB)
  1.686445 seconds (21.80 k allocations: 27.414 MiB)
7711
6207
  1.697846 seconds (36.64 k allocations: 45.820 MiB)
4699
  1.706429 seconds (39.72 k allocations: 50.117 MiB)
  1.695019 seconds (32.11 k allocations: 41.079 MiB)
3195
1696
  1.677769 seconds (32.33 k allocations: 40.536 MiB)
9206
  1.689942 seconds (24.92 k allocations: 32.402 MiB)
6208
  3.448706 seconds (30.59 k allocations: 40.106 MiB, 1.46% gc time)
  3.443351 seconds (27.13 k allocations: 34.115 MiB, 1.46% gc time)
  3.363529 seconds (11.31 k allocations: 14.161 MiB, 1.49% gc time)
  3.359148 seconds (11.46 k allocations: 14.424 MiB, 1.50% gc time)
  1.763196 seconds (3.54 k allocations: 4.459 MiB, 2.85% gc time)
7712
1697
3196
4700
9207
  1.685448 seconds (26.89 k allocations: 33.544 MiB)
6209
  1.741542 seconds (8.00 k allocations: 10.075 MiB)
9208
  1.794618 seconds (15.90 k allocations: 20.064 MiB)
  1.796398 seconds (16.22 k allocations: 21.002 MiB)
1698
7713
  1.796250 seconds (19.06 k allocations: 24.689 MiB)
4701
  1.808182 seconds (39.72 k allocations: 50.117 MiB)
3197
  1.696163 seconds (39.72 k allocations: 50.117 MiB)
6210
  1.688978 seconds (39.80 k allocations: 50.201 MiB)
9209
  1.699319 seconds (23.90 k allocations: 30.138 MiB)
1699
  1.700601 seconds (26.53 k allocations: 33.523 MiB)
  1.702886 seconds (27.63 k allocations: 35.286 MiB)
4702
7714
  1.703798 seconds (39.72 k allocations: 50.117 MiB)
3198
  1.689622 seconds (39.72 k allocations: 50.117 MiB)
6211
  1.679398 seconds (39.80 k allocations: 50.201 MiB)
9210
  1.693914 seconds (27.11 k allocations: 35.865 MiB)
1700
  1.700107 seconds (31.97 k allocations: 40.295 MiB)
7715
  1.702168 seconds (32.93 k allocations: 41.971 MiB)
4703
  1.696924 seconds (39.96 k allocations: 50.369 MiB)
3199
  1.684435 seconds (39.96 k allocations: 50.369 MiB)
6212
  1.719481 seconds (13.43 k allocations: 15.601 MiB, 1.06% gc time)
  1.797222 seconds (38.52 k allocations: 47.678 MiB, 1.01% gc time)
  1.732122 seconds (30.49 k allocations: 37.326 MiB, 1.05% gc time)
  1.721239 seconds (14.34 k allocations: 16.547 MiB, 1.05% gc time)
  1.711815 seconds (6.81 k allocations: 7.629 MiB, 1.06% gc time)
7716
1701
3200
9211
4704
  1.694766 seconds (32.84 k allocations: 39.681 MiB)
6213
  1.694763 seconds (9.03 k allocations: 12.341 MiB)
4705
  1.706377 seconds (22.54 k allocations: 31.731 MiB)
3201
  1.727575 seconds (24.52 k allocations: 32.000 MiB)
7717
  1.729971 seconds (27.72 k allocations: 34.735 MiB)
1702
  1.741195 seconds (39.72 k allocations: 50.117 MiB)
9212
  1.703819 seconds (39.72 k allocations: 50.117 MiB)
  1.694529 seconds (31.80 k allocations: 40.126 MiB)
6214
4706
  1.706975 seconds (39.72 k allocations: 50.117 MiB)
3202
  1.697036 seconds (34.27 k allocations: 43.856 MiB)
7718
  1.698845 seconds (38.05 k allocations: 47.186 MiB)
1703
  1.706117 seconds (39.80 k allocations: 50.201 MiB)
9213
  1.686320 seconds (35.43 k allocations: 45.040 MiB)
6215
  1.699900 seconds (39.72 k allocations: 50.117 MiB)
4707
  1.705757 seconds (39.64 k allocations: 50.033 MiB)
3203
  1.701182 seconds (36.34 k allocations: 45.971 MiB)
7719
  1.697607 seconds (33.39 k allocations: 42.443 MiB)
1704
  1.708081 seconds (39.80 k allocations: 50.201 MiB)
9214
  1.687124 seconds (39.88 k allocations: 50.285 MiB)
6216
  1.702588 seconds (39.96 k allocations: 50.369 MiB)
4708
  3.376549 seconds (19.36 k allocations: 25.510 MiB, 1.20% gc time)
  3.383851 seconds (33.49 k allocations: 41.825 MiB, 1.19% gc time)
  3.374006 seconds (19.09 k allocations: 23.980 MiB, 1.20% gc time)
  3.341486 seconds (11.23 k allocations: 14.077 MiB, 1.21% gc time)
  1.731589 seconds (3.32 k allocations: 4.129 MiB, 2.33% gc time)
6217
3204
7720
1705
9215
  1.697485 seconds (27.42 k allocations: 34.135 MiB)
4709
  1.810768 seconds (13.42 k allocations: 16.831 MiB)
7721
  1.840606 seconds (22.74 k allocations: 28.254 MiB)
6218
  1.880072 seconds (23.82 k allocations: 30.054 MiB)
9216
  2.005320 seconds (36.96 k allocations: 46.599 MiB)
3205
  2.061358 seconds (39.72 k allocations: 50.117 MiB)
1706
  1.696467 seconds (39.80 k allocations: 50.201 MiB)
4710
  1.686892 seconds (39.88 k allocations: 50.285 MiB)
7722
  1.688247 seconds (39.80 k allocations: 50.201 MiB)
6219
  1.701973 seconds (39.80 k allocations: 50.201 MiB)
9217
  1.698546 seconds (39.72 k allocations: 50.117 MiB)
3206
  1.703399 seconds (39.72 k allocations: 50.117 MiB)
1707
  1.745426 seconds (39.72 k allocations: 50.117 MiB)
4711
  1.668060 seconds (39.80 k allocations: 50.201 MiB)
7723
  1.704266 seconds (39.80 k allocations: 50.201 MiB)
6220
  1.680240 seconds (39.80 k allocations: 50.201 MiB)
9218
  1.698025 seconds (39.72 k allocations: 50.117 MiB)
3207
  1.700614 seconds (39.72 k allocations: 50.117 MiB)
1708
  1.694356 seconds (39.64 k allocations: 50.033 MiB)
4712
  2.040287 seconds (38.26 k allocations: 47.405 MiB, 0.89% gc time)
  1.977347 seconds (30.42 k allocations: 37.466 MiB, 0.92% gc time)
  1.806476 seconds (14.74 k allocations: 17.739 MiB, 1.01% gc time)
  1.922191 seconds (22.66 k allocations: 27.686 MiB, 0.95% gc time)
  1.728968 seconds (6.92 k allocations: 7.874 MiB, 1.05% gc time)
7724
1709
6221
3208
9219
  1.697566 seconds (36.69 k allocations: 43.741 MiB)
4713
  1.714192 seconds (8.63 k allocations: 13.162 MiB)
1710
  1.734958 seconds (15.90 k allocations: 20.064 MiB)
9220
  1.740795 seconds (20.49 k allocations: 25.439 MiB)
6222
  1.783293 seconds (62.00 k allocations: 76.026 MiB)
7725
  1.753013 seconds (37.12 k allocations: 46.231 MiB)
3209
  1.698838 seconds (39.80 k allocations: 50.201 MiB)
4714
  1.696406 seconds (39.80 k allocations: 50.201 MiB)
1711
  1.698613 seconds (34.86 k allocations: 44.473 MiB)
9221
  1.698873 seconds (35.76 k allocations: 44.157 MiB)
6223
  1.698033 seconds (35.41 k allocations: 43.788 MiB)
7726
  1.695497 seconds (33.38 k allocations: 42.433 MiB)
3210
  1.697398 seconds (39.72 k allocations: 50.117 MiB)
4715
  1.695519 seconds (39.80 k allocations: 50.201 MiB)
1712
  1.695668 seconds (16.25 k allocations: 21.636 MiB)
7727
  1.697072 seconds (19.44 k allocations: 24.368 MiB)
3211
  1.708027 seconds (36.53 k allocations: 45.645 MiB)
6224
  1.714199 seconds (45.48 k allocations: 57.395 MiB)
9222
  1.696941 seconds (39.72 k allocations: 50.117 MiB)
4716
  1.693525 seconds (39.64 k allocations: 50.033 MiB)
1713
  3.324347 seconds (23.07 k allocations: 29.796 MiB, 0.72% gc time)
  3.318175 seconds (10.78 k allocations: 13.626 MiB, 0.72% gc time)
  3.319839 seconds (10.93 k allocations: 14.968 MiB, 0.72% gc time)
  3.317231 seconds (10.96 k allocations: 13.732 MiB, 0.72% gc time)
  1.716244 seconds (3.11 k allocations: 3.802 MiB, 1.39% gc time)
4717
3212
9223
7728
6225
  1.696798 seconds (26.24 k allocations: 32.876 MiB)
1714
  1.718133 seconds (8.00 k allocations: 10.075 MiB)
6226
  1.797553 seconds (15.91 k allocations: 20.064 MiB)
4718
  1.798602 seconds (17.35 k allocations: 22.243 MiB)
7729
  1.811065 seconds (31.73 k allocations: 40.043 MiB)
3213
  1.816097 seconds (37.71 k allocations: 46.856 MiB)
9224
  1.698729 seconds (39.64 k allocations: 50.033 MiB)
1715
  1.694490 seconds (39.72 k allocations: 50.117 MiB)
6227
  1.698542 seconds (31.81 k allocations: 40.127 MiB)
  1.701006 seconds (32.19 k allocations: 41.164 MiB)
7730
4719
  1.690332 seconds (31.81 k allocations: 40.127 MiB)
9225
  1.700195 seconds (39.74 k allocations: 50.140 MiB)
3214
  1.701630 seconds (39.72 k allocations: 50.117 MiB)
1716
  1.695316 seconds (39.72 k allocations: 50.117 MiB)
6228
  1.673704 seconds (18.61 k allocations: 24.045 MiB)
9226
  1.685977 seconds (33.49 k allocations: 42.542 MiB)
4720
  1.693494 seconds (31.73 k allocations: 40.043 MiB)
  1.708729 seconds (47.98 k allocations: 61.140 MiB)
3215
7731
  1.709094 seconds (39.72 k allocations: 50.117 MiB)
1717
  1.829759 seconds (38.17 k allocations: 47.303 MiB, 1.06% gc time)
  1.754392 seconds (22.31 k allocations: 27.283 MiB, 1.10% gc time)
  1.752520 seconds (22.37 k allocations: 27.315 MiB, 1.10% gc time)
  1.729905 seconds (7.13 k allocations: 9.159 MiB, 1.12% gc time)
  1.726649 seconds (6.63 k allocations: 7.441 MiB, 1.12% gc time)
4721
7732
9227
3216
6229
  1.694694 seconds (32.40 k allocations: 39.149 MiB)
1718
  1.701942 seconds (19.01 k allocations: 26.205 MiB)
7733
  1.718241 seconds (15.83 k allocations: 19.980 MiB)
4722
  1.726134 seconds (23.73 k allocations: 29.970 MiB)
9228
  1.738197 seconds (31.65 k allocations: 39.959 MiB)
3217
  1.737901 seconds (33.23 k allocations: 42.272 MiB)
6230
  1.704665 seconds (39.72 k allocations: 50.117 MiB)
1719
  1.702881 seconds (39.72 k allocations: 50.117 MiB)
7734
  1.690577 seconds (39.80 k allocations: 50.201 MiB)
4723
  1.703903 seconds (39.88 k allocations: 50.285 MiB)
9229
  1.699402 seconds (31.81 k allocations: 40.127 MiB)
6231
  1.702600 seconds (32.60 k allocations: 41.637 MiB)
3218
  1.698635 seconds (39.80 k allocations: 50.201 MiB)
1720
  1.689137 seconds (31.81 k allocations: 40.127 MiB)
4724
  1.673095 seconds (31.41 k allocations: 39.090 MiB)
9230
  1.721157 seconds (55.70 k allocations: 70.264 MiB)
7735
  1.702085 seconds (31.89 k allocations: 40.211 MiB)
6232
  1.708753 seconds (39.88 k allocations: 50.285 MiB)
3219
  1.671359 seconds (23.98 k allocations: 30.222 MiB)
  1.681520 seconds (31.09 k allocations: 39.336 MiB)
9231
4725
  1.799923 seconds (45.19 k allocations: 57.099 MiB, 1.71% gc time)
  1.767352 seconds (21.41 k allocations: 27.040 MiB, 1.74% gc time)
  1.744496 seconds (12.61 k allocations: 15.453 MiB, 1.76% gc time)
  1.733204 seconds (5.50 k allocations: 6.943 MiB, 1.77% gc time)
7736
1721
6233
3220
  1.688285 seconds (18.20 k allocations: 24.676 MiB)
4726
  1.700735 seconds (15.16 k allocations: 22.275 MiB)
7737
  1.717760 seconds (15.91 k allocations: 20.064 MiB)
6234
  1.739765 seconds (23.82 k allocations: 30.054 MiB)
  1.742574 seconds (24.19 k allocations: 31.088 MiB)
1722
3221
  1.756451 seconds (39.72 k allocations: 50.117 MiB)
9232
  1.694327 seconds (39.72 k allocations: 50.117 MiB)
4727
  1.705192 seconds (39.72 k allocations: 50.117 MiB)
7738
  1.693825 seconds (39.80 k allocations: 50.201 MiB)
6235
  1.695860 seconds (31.81 k allocations: 40.127 MiB)
3222
  1.689078 seconds (29.04 k allocations: 36.075 MiB)
  1.703070 seconds (38.15 k allocations: 47.937 MiB)
9233
1723
  1.684460 seconds (39.72 k allocations: 50.117 MiB)
4728
  1.712121 seconds (39.72 k allocations: 50.117 MiB)
7739
  1.703251 seconds (33.69 k allocations: 42.744 MiB)
6236
  1.674151 seconds (20.09 k allocations: 23.808 MiB)
9234
  1.694666 seconds (40.86 k allocations: 51.808 MiB)
3223
  1.706792 seconds (39.88 k allocations: 50.285 MiB)
1724
  1.686046 seconds (39.80 k allocations: 50.201 MiB)
4729
  1.756856 seconds (22.42 k allocations: 27.401 MiB, 1.04% gc time)
  1.762671 seconds (27.27 k allocations: 33.570 MiB, 1.03% gc time)
  1.761931 seconds (26.37 k allocations: 32.622 MiB, 1.03% gc time)
  1.742124 seconds (14.64 k allocations: 17.520 MiB, 1.05% gc time)
  1.724613 seconds (6.79 k allocations: 7.641 MiB, 1.06% gc time)
6237
1725
3224
9235
7740
  1.684553 seconds (32.73 k allocations: 39.574 MiB)
4730
  1.693297 seconds (17.86 k allocations: 25.042 MiB)
1726
  1.727494 seconds (18.83 k allocations: 25.493 MiB)
6238
  1.729925 seconds (23.82 k allocations: 30.054 MiB)
  1.734704 seconds (24.39 k allocations: 32.498 MiB)
7741
3225
  1.738083 seconds (36.62 k allocations: 44.510 MiB)
9236
  1.693446 seconds (39.64 k allocations: 50.033 MiB)
4731
  1.703082 seconds (39.72 k allocations: 50.117 MiB)
1727
  1.701585 seconds (39.80 k allocations: 50.201 MiB)
6239
  1.702005 seconds (29.25 k allocations: 36.822 MiB)
7742
  1.702363 seconds (28.98 k allocations: 37.252 MiB)
3226
  1.713004 seconds (39.80 k allocations: 50.201 MiB)
9237
  1.685606 seconds (39.72 k allocations: 50.117 MiB)
4732
  1.698532 seconds (39.72 k allocations: 50.117 MiB)
1728
  1.696934 seconds (39.80 k allocations: 50.201 MiB)
6240
  1.694617 seconds (31.81 k allocations: 40.127 MiB)
3227
  1.703484 seconds (37.81 k allocations: 46.941 MiB)
7743
  1.716476 seconds (39.80 k allocations: 50.201 MiB)
9238
  1.689336 seconds (39.80 k allocations: 50.201 MiB)
4733
  1.694974 seconds (39.80 k allocations: 50.201 MiB)
1729
  3.328668 seconds (34.37 k allocations: 42.811 MiB, 0.55% gc time)
  3.316719 seconds (22.22 k allocations: 28.407 MiB, 0.55% gc time)
  3.276751 seconds (11.01 k allocations: 13.816 MiB, 0.56% gc time)
  3.311499 seconds (19.13 k allocations: 24.087 MiB, 0.55% gc time)
  1.701531 seconds (3.20 k allocations: 4.032 MiB, 1.07% gc time)
3228
6241
4734
7744
9239
  1.691272 seconds (11.39 k allocations: 16.525 MiB)
4735
  1.699035 seconds (26.52 k allocations: 33.882 MiB)
1730
  1.786589 seconds (15.99 k allocations: 20.148 MiB)
6242
  1.795604 seconds (23.98 k allocations: 30.222 MiB)
7745
  1.808132 seconds (31.97 k allocations: 40.295 MiB)
3229
  1.820170 seconds (39.96 k allocations: 50.369 MiB)
9240
  1.693656 seconds (32.92 k allocations: 42.476 MiB)
4736
  1.705217 seconds (39.88 k allocations: 50.285 MiB)
1731
  1.690093 seconds (39.88 k allocations: 50.285 MiB)
6243
  1.698868 seconds (39.78 k allocations: 50.198 MiB)
7746
  1.703772 seconds (39.80 k allocations: 50.201 MiB)
3230
  1.693160 seconds (34.66 k allocations: 43.738 MiB)
9241
  1.693584 seconds (39.80 k allocations: 50.201 MiB)
4737
  1.697485 seconds (39.80 k allocations: 50.201 MiB)
1732
  1.695547 seconds (39.80 k allocations: 50.201 MiB)
6244
  1.671590 seconds (23.90 k allocations: 30.138 MiB)
9242
  1.695959 seconds (47.71 k allocations: 60.190 MiB)
7747
  1.701285 seconds (41.47 k allocations: 53.130 MiB)
3231
  1.685122 seconds (39.80 k allocations: 50.201 MiB)
4738
  1.835385 seconds (34.61 k allocations: 43.687 MiB, 1.32% gc time)
  1.745829 seconds (18.75 k allocations: 23.662 MiB, 1.38% gc time)
  1.762378 seconds (26.76 k allocations: 33.707 MiB, 1.37% gc time)
  1.733702 seconds (10.90 k allocations: 13.697 MiB, 1.39% gc time)
  1.719369 seconds (3.01 k allocations: 3.747 MiB, 1.40% gc time)
7748
1733
6245
3232
9243
  1.685401 seconds (31.09 k allocations: 37.836 MiB)
4739
  1.709940 seconds (12.28 k allocations: 19.323 MiB)
3233
  1.719445 seconds (15.90 k allocations: 20.064 MiB)
6246
  1.731862 seconds (23.82 k allocations: 30.054 MiB)
9244
  1.741701 seconds (29.88 k allocations: 36.939 MiB)
7749
  1.750314 seconds (39.80 k allocations: 50.201 MiB)
1734
  1.690361 seconds (39.80 k allocations: 50.201 MiB)
4740
  1.696767 seconds (39.72 k allocations: 50.117 MiB)
3234
  1.695510 seconds (39.80 k allocations: 50.201 MiB)
6247
  1.700505 seconds (36.17 k allocations: 45.809 MiB)
9245
  1.698827 seconds (35.35 k allocations: 44.431 MiB)
7750
  1.702423 seconds (39.64 k allocations: 50.033 MiB)
1735
  1.688742 seconds (39.64 k allocations: 50.033 MiB)
4741
  1.696867 seconds (39.56 k allocations: 49.949 MiB)
3235
  1.676571 seconds (26.09 k allocations: 33.595 MiB)
9246
  1.701356 seconds (42.94 k allocations: 54.098 MiB)
6248
  1.705051 seconds (39.56 k allocations: 49.949 MiB)
7751
  1.695862 seconds (35.81 k allocations: 44.919 MiB)
1736
  1.691647 seconds (39.64 k allocations: 50.033 MiB)
4742
  1.758199 seconds (22.36 k allocations: 27.342 MiB, 0.91% gc time)
  1.771349 seconds (38.22 k allocations: 47.353 MiB, 0.90% gc time)
  1.757614 seconds (22.49 k allocations: 27.430 MiB, 0.91% gc time)
  1.722121 seconds (6.63 k allocations: 7.417 MiB, 0.93% gc time)
  1.726224 seconds (8.44 k allocations: 10.470 MiB, 0.93% gc time)
7752
1737
3236
6249
9247
  1.693758 seconds (30.95 k allocations: 37.697 MiB)
4743
  1.696992 seconds (16.67 k allocations: 22.592 MiB)
7753
  1.709483 seconds (24.01 k allocations: 32.003 MiB)
1738
  1.727047 seconds (23.90 k allocations: 30.138 MiB)
6250
  1.746745 seconds (31.81 k allocations: 40.127 MiB)
  1.746608 seconds (32.19 k allocations: 41.163 MiB)
3237
9248
  1.699221 seconds (39.72 k allocations: 50.117 MiB)
4744
  1.698749 seconds (39.80 k allocations: 50.201 MiB)
7754
  1.702856 seconds (39.80 k allocations: 50.201 MiB)
1739
  1.696004 seconds (39.80 k allocations: 50.201 MiB)
6251
  1.689328 seconds (31.89 k allocations: 40.211 MiB)
9249
  1.704946 seconds (39.80 k allocations: 50.201 MiB)
3238
  1.684897 seconds (39.50 k allocations: 49.329 MiB)
4745
  1.700877 seconds (39.80 k allocations: 50.201 MiB)
7755
  1.701419 seconds (39.80 k allocations: 50.201 MiB)
1740
  1.675917 seconds (30.36 k allocations: 37.430 MiB)
9250
  1.696362 seconds (47.63 k allocations: 60.106 MiB)
6252
  1.694840 seconds (39.72 k allocations: 50.117 MiB)
3239
  1.690776 seconds (39.72 k allocations: 50.117 MiB)
4746
  1.673857 seconds (23.50 k allocations: 29.101 MiB)
9251
  3.388090 seconds (42.67 k allocations: 53.825 MiB, 0.89% gc time)
  3.369235 seconds (32.10 k allocations: 40.413 MiB, 0.90% gc time)
  3.352477 seconds (18.91 k allocations: 23.799 MiB, 0.90% gc time)
  3.320733 seconds (10.94 k allocations: 13.746 MiB, 0.91% gc time)
  1.712258 seconds (3.06 k allocations: 3.798 MiB, 1.77% gc time)
4747
6253
7756
1741
3240
  1.674645 seconds (23.80 k allocations: 30.383 MiB)
9252
  1.712256 seconds (9.61 k allocations: 16.606 MiB)
4748
  1.796581 seconds (15.91 k allocations: 20.064 MiB)
7757
  1.799223 seconds (19.02 k allocations: 23.937 MiB)
  1.799999 seconds (19.20 k allocations: 24.182 MiB)
1742
6254
  1.804761 seconds (36.84 k allocations: 44.735 MiB)
3241
  1.684119 seconds (39.88 k allocations: 50.285 MiB)
9253
  1.695290 seconds (39.80 k allocations: 50.201 MiB)
4749
  1.693911 seconds (27.66 k allocations: 36.428 MiB)
7758
  1.698901 seconds (29.78 k allocations: 37.355 MiB)
  1.699178 seconds (29.23 k allocations: 37.443 MiB)
1743
6255
  1.704641 seconds (39.72 k allocations: 50.117 MiB)
3242
  1.673079 seconds (39.80 k allocations: 50.201 MiB)
9254
  1.689458 seconds (39.80 k allocations: 50.201 MiB)
4750
  1.696423 seconds (22.49 k allocations: 28.005 MiB)
  1.698371 seconds (23.03 k allocations: 29.191 MiB)
6256
1744
  1.719066 seconds (53.94 k allocations: 66.601 MiB)
7759
  1.701609 seconds (33.52 k allocations: 42.566 MiB)
3243
  1.671958 seconds (39.72 k allocations: 50.117 MiB)
9255
  1.843268 seconds (38.40 k allocations: 47.544 MiB, 0.97% gc time)
  1.734315 seconds (22.20 k allocations: 26.530 MiB, 1.04% gc time)
  1.732779 seconds (21.22 k allocations: 25.432 MiB, 1.04% gc time)
  1.721785 seconds (7.04 k allocations: 9.106 MiB, 1.04% gc time)
  1.718906 seconds (6.85 k allocations: 7.763 MiB, 1.04% gc time)
4751
7760
1745
6257
3244
  1.707536 seconds (4.55 k allocations: 9.555 MiB)
  1.715545 seconds (31.12 k allocations: 38.519 MiB)
3245
9256
  1.721908 seconds (15.91 k allocations: 20.064 MiB)
6258
  1.725726 seconds (19.78 k allocations: 24.707 MiB)
1746
  1.729687 seconds (26.81 k allocations: 32.572 MiB)
7761
  1.732801 seconds (39.33 k allocations: 48.494 MiB)
4752
  1.675440 seconds (31.64 k allocations: 39.959 MiB)
9257
  1.701912 seconds (39.56 k allocations: 49.949 MiB)
3246
  1.696556 seconds (32.19 k allocations: 41.041 MiB)
6259
  1.684868 seconds (16.66 k allocations: 21.527 MiB)
4753
  1.697444 seconds (30.98 k allocations: 39.988 MiB)
1747
  1.707390 seconds (45.80 k allocations: 57.542 MiB)
7762
  1.696070 seconds (39.80 k allocations: 50.201 MiB)
9258
  1.693435 seconds (39.72 k allocations: 50.117 MiB)
3247
  1.687291 seconds (25.14 k allocations: 32.634 MiB)
4754
  1.698682 seconds (35.29 k allocations: 44.905 MiB)
6260
  1.702214 seconds (39.17 k allocations: 48.335 MiB)
1748
  1.697597 seconds (38.48 k allocations: 47.635 MiB)
7763
  1.683492 seconds (39.80 k allocations: 50.201 MiB)
9259
  1.685440 seconds (31.81 k allocations: 40.127 MiB)
  1.697331 seconds (39.62 k allocations: 49.967 MiB)
4755
3248
  3.361716 seconds (13.07 k allocations: 16.651 MiB, 0.62% gc time)
  3.377416 seconds (28.57 k allocations: 35.590 MiB, 0.62% gc time)
  1.725330 seconds (5.40 k allocations: 6.945 MiB, 1.20% gc time)  3.369113 seconds (19.76 k allocations: 24.700 MiB, 0.62% gc time)

7764
9260
6261
1749
  1.692440 seconds (23.86 k allocations: 30.452 MiB)
4756
  1.696131 seconds (18.13 k allocations: 24.078 MiB)
9261
  1.773122 seconds (19.64 k allocations: 26.307 MiB)
7765
  1.793679 seconds (23.82 k allocations: 30.054 MiB)
1750
  1.804520 seconds (30.74 k allocations: 40.257 MiB)
3249
  1.805806 seconds (39.72 k allocations: 50.117 MiB)
6262
  1.687752 seconds (39.41 k allocations: 49.164 MiB)
4757
  1.701398 seconds (39.72 k allocations: 50.117 MiB)
9262
  1.704633 seconds (39.72 k allocations: 50.117 MiB)
7766
  1.697421 seconds (31.34 k allocations: 39.007 MiB)
3250
  1.704604 seconds (36.10 k allocations: 46.427 MiB)
1751
  1.695150 seconds (30.21 k allocations: 37.984 MiB)
6263
  1.693622 seconds (39.72 k allocations: 50.117 MiB)
  1.671976 seconds (32.19 k allocations: 41.163 MiB)
4758
9263
  1.699751 seconds (39.88 k allocations: 50.285 MiB)
7767
  1.701423 seconds (32.75 k allocations: 41.625 MiB)
3251
  1.696242 seconds (24.92 k allocations: 31.877 MiB)
6264
  1.709572 seconds (40.34 k allocations: 51.978 MiB)
1752
  1.689133 seconds (31.89 k allocations: 40.211 MiB)
4759
  1.866939 seconds (38.34 k allocations: 47.484 MiB, 0.95% gc time)
  1.753454 seconds (30.40 k allocations: 37.456 MiB, 1.01% gc time)
  1.729983 seconds (14.56 k allocations: 17.435 MiB, 1.02% gc time)
  1.731071 seconds (14.66 k allocations: 17.542 MiB, 1.02% gc time)
  1.718777 seconds (6.75 k allocations: 7.608 MiB, 1.03% gc time)
7768
6265
1753
3252
9264
  1.698398 seconds (36.46 k allocations: 43.512 MiB)
4760
  1.707523 seconds (13.21 k allocations: 19.056 MiB)
1754
  1.714033 seconds (18.54 k allocations: 26.423 MiB)
7769
  1.719879 seconds (23.93 k allocations: 31.393 MiB)
3253
  1.729842 seconds (31.81 k allocations: 40.127 MiB)
6266
  1.747205 seconds (39.72 k allocations: 50.117 MiB)
9265
  1.686855 seconds (39.72 k allocations: 50.117 MiB)
4761
  1.701840 seconds (38.17 k allocations: 47.844 MiB)
1755
  1.696457 seconds (31.81 k allocations: 40.127 MiB)
  1.705671 seconds (39.78 k allocations: 50.137 MiB)
3254
7770
  1.700260 seconds (39.80 k allocations: 50.201 MiB)
6267
  1.696137 seconds (39.80 k allocations: 50.201 MiB)
9266
  1.683940 seconds (39.72 k allocations: 50.117 MiB)
4762
  1.677408 seconds (23.73 k allocations: 29.970 MiB)
7771
  1.696298 seconds (47.55 k allocations: 60.022 MiB)
1756
  1.700684 seconds (39.56 k allocations: 49.949 MiB)
3255
  1.696219 seconds (37.67 k allocations: 46.805 MiB)
6268
  1.711529 seconds (39.64 k allocations: 50.033 MiB)
9267
  1.687001 seconds (39.72 k allocations: 50.117 MiB)
4763
  1.697224 seconds (38.51 k allocations: 48.195 MiB)
7772
  3.358385 seconds (34.79 k allocations: 43.860 MiB, 0.67% gc time)
  3.337981 seconds (21.84 k allocations: 28.026 MiB, 0.68% gc time)
  3.333720 seconds (19.05 k allocations: 23.924 MiB, 0.68% gc time)
  3.292181 seconds (11.16 k allocations: 13.990 MiB, 0.68% gc time)
  1.709068 seconds (3.33 k allocations: 4.087 MiB, 1.32% gc time)
4764
6269
9268
3256
1757
  1.690206 seconds (12.14 k allocations: 17.285 MiB)
4765
  1.697463 seconds (29.33 k allocations: 36.732 MiB)
7773
  1.793912 seconds (15.99 k allocations: 20.148 MiB)
  1.793804 seconds (16.19 k allocations: 20.744 MiB)
6270
9269
  1.804845 seconds (31.89 k allocations: 40.211 MiB)
3257
  1.809915 seconds (35.93 k allocations: 45.033 MiB)
1758
  1.683897 seconds (31.81 k allocations: 40.127 MiB)
7774
  1.691090 seconds (37.38 k allocations: 47.728 MiB)
4766
  1.697915 seconds (31.81 k allocations: 40.127 MiB)
9270
  1.702396 seconds (34.56 k allocations: 43.633 MiB)
6271
  1.696158 seconds (32.47 k allocations: 40.803 MiB)
3258
  1.698224 seconds (38.23 k allocations: 47.369 MiB)
1759
  1.692280 seconds (31.89 k allocations: 40.211 MiB)
4767
  1.694433 seconds (12.94 k allocations: 16.342 MiB)
3259
  1.834961 seconds (49.04 k allocations: 61.560 MiB)
  1.706667 seconds (27.38 k allocations: 34.341 MiB)
7775
6272
  1.697496 seconds (21.40 k allocations: 27.062 MiB)
1760
  1.757079 seconds (56.94 k allocations: 72.183 MiB)
9271
  1.692489 seconds (39.80 k allocations: 50.201 MiB)
4768
  1.777083 seconds (27.08 k allocations: 33.943 MiB, 1.02% gc time)
  1.772049 seconds (12.98 k allocations: 17.065 MiB, 1.02% gc time)
  1.771208 seconds (12.00 k allocations: 16.037 MiB, 1.02% gc time)
  1.768336 seconds (10.91 k allocations: 13.706 MiB, 1.02% gc time)
  1.723663 seconds (3.10 k allocations: 3.850 MiB, 1.05% gc time)
1761
3260
7776
6273
9272
  1.695453 seconds (29.13 k allocations: 35.935 MiB)
4769
  1.709515 seconds (8.78 k allocations: 12.102 MiB)
9273
  1.725142 seconds (15.82 k allocations: 19.980 MiB)
  1.736571 seconds (27.33 k allocations: 34.416 MiB)
6274
1762
  1.746990 seconds (39.86 k allocations: 49.556 MiB)
7777
  1.750304 seconds (44.00 k allocations: 55.704 MiB)
3261
  1.691287 seconds (39.64 k allocations: 50.033 MiB)
4770
  1.690237 seconds (39.72 k allocations: 50.117 MiB)
9274
  1.703433 seconds (28.44 k allocations: 35.299 MiB)
1763
  1.710709 seconds (35.10 k allocations: 45.353 MiB)
6275
  1.698891 seconds (18.44 k allocations: 24.035 MiB)
3262
  1.711168 seconds (39.80 k allocations: 50.201 MiB)
7778
  1.686558 seconds (39.72 k allocations: 50.117 MiB)
4771
  1.717665 seconds (39.80 k allocations: 50.201 MiB)
9275
  1.696488 seconds (23.82 k allocations: 30.054 MiB)
  1.698950 seconds (24.21 k allocations: 31.091 MiB)
3263
6276
  1.704269 seconds (36.60 k allocations: 44.480 MiB)
1764
  1.700048 seconds (38.19 k allocations: 47.336 MiB)
7779
  1.689220 seconds (39.64 k allocations: 50.033 MiB)
4772
  1.765961 seconds (38.00 k allocations: 47.147 MiB, 1.34% gc time)
  1.743460 seconds (21.15 k allocations: 25.400 MiB, 1.36% gc time)
  1.740840 seconds (19.02 k allocations: 23.189 MiB, 1.36% gc time)
  1.722417 seconds (6.48 k allocations: 7.250 MiB, 1.38% gc time)
  1.730569 seconds (12.09 k allocations: 14.233 MiB, 1.37% gc time)
6277
7780
1765
3264
9276
  1.690602 seconds (36.26 k allocations: 43.301 MiB)
4773
  1.696791 seconds (13.03 k allocations: 18.888 MiB)
1766
  1.722140 seconds (20.05 k allocations: 27.966 MiB)
  1.718911 seconds (16.59 k allocations: 22.047 MiB)
6278
  1.725403 seconds (23.79 k allocations: 29.454 MiB)
  1.728440 seconds (24.66 k allocations: 32.209 MiB)
7781
3265
9277
  1.692449 seconds (39.88 k allocations: 50.285 MiB)
4774
  1.698285 seconds (39.88 k allocations: 50.285 MiB)
1767
  1.702200 seconds (39.03 k allocations: 48.129 MiB)
6279
  1.702287 seconds (23.90 k allocations: 30.138 MiB)
3266
  1.705095 seconds (25.10 k allocations: 32.068 MiB)
7782
  1.706032 seconds (29.67 k allocations: 37.424 MiB)
9278
  1.687642 seconds (39.80 k allocations: 50.201 MiB)
4775
  1.706108 seconds (39.80 k allocations: 50.201 MiB)
1768
  1.682139 seconds (15.95 k allocations: 21.341 MiB)
  1.699782 seconds (40.02 k allocations: 51.008 MiB)
7783
  1.682397 seconds (18.09 k allocations: 23.640 MiB)
6280
9279
  1.700217 seconds (36.58 k allocations: 46.918 MiB)
3267
  1.692037 seconds (39.80 k allocations: 50.201 MiB)
4776
  1.696382 seconds (39.80 k allocations: 50.201 MiB)
1769
  3.327146 seconds (14.06 k allocations: 18.171 MiB, 0.57% gc time)
  3.338651 seconds (34.15 k allocations: 41.900 MiB, 0.56% gc time)
  3.327443 seconds (14.43 k allocations: 18.523 MiB, 0.57% gc time)
  3.322754 seconds (11.10 k allocations: 13.898 MiB, 0.57% gc time)
  1.701178 seconds (3.26 k allocations: 4.020 MiB, 1.11% gc time)
4777
7784
3268
9280
6281
  1.685784 seconds (15.22 k allocations: 20.416 MiB)
4778
  1.696259 seconds (32.49 k allocations: 40.002 MiB)
1770
  1.787270 seconds (17.69 k allocations: 23.107 MiB)
7785
  1.801267 seconds (23.82 k allocations: 30.054 MiB)
6282
  1.809290 seconds (25.97 k allocations: 32.947 MiB)
9281
  1.816741 seconds (38.66 k allocations: 49.035 MiB)
3269
  1.687406 seconds (38.39 k allocations: 48.068 MiB)
4779
  1.707109 seconds (39.72 k allocations: 50.117 MiB)
1771
  1.707205 seconds (39.72 k allocations: 50.117 MiB)
7786
  1.690052 seconds (30.43 k allocations: 36.816 MiB)
9282
  1.704713 seconds (39.33 k allocations: 49.080 MiB)
6283
  1.703472 seconds (39.64 k allocations: 50.033 MiB)
3270
  1.691860 seconds (39.64 k allocations: 50.033 MiB)
4780
  1.695275 seconds (39.64 k allocations: 50.033 MiB)
1772
  1.680188 seconds (37.87 k allocations: 47.538 MiB)
  1.674245 seconds (32.20 k allocations: 41.164 MiB)
7787
9283
  1.693061 seconds (39.88 k allocations: 50.285 MiB)
6284
  1.699235 seconds (39.80 k allocations: 50.201 MiB)
3271
  1.688345 seconds (39.80 k allocations: 50.201 MiB)
4781
  1.777465 seconds (18.76 k allocations: 23.662 MiB, 1.27% gc time)
  1.864898 seconds (34.70 k allocations: 43.784 MiB, 1.21% gc time)
  1.778309 seconds (18.87 k allocations: 23.746 MiB, 1.27% gc time)
  1.739237 seconds (11.01 k allocations: 13.819 MiB, 1.30% gc time)
  1.719362 seconds (3.20 k allocations: 3.951 MiB, 1.31% gc time)
1773
6285
7788
3272
9284
  1.694293 seconds (33.50 k allocations: 40.332 MiB)
4782
  1.723262 seconds (8.18 k allocations: 11.485 MiB)
  1.722932 seconds (8.17 k allocations: 10.742 MiB)
3273
7789
  1.726703 seconds (23.82 k allocations: 28.833 MiB)
9285
  1.740769 seconds (31.81 k allocations: 40.127 MiB)
1774
  1.750758 seconds (39.72 k allocations: 50.117 MiB)
6286
  1.691323 seconds (39.80 k allocations: 50.201 MiB)
4783
  1.696065 seconds (30.78 k allocations: 38.374 MiB)
3274
  1.703873 seconds (38.26 k allocations: 47.928 MiB)
7790
  1.703016 seconds (38.83 k allocations: 47.996 MiB)
9286
  1.696973 seconds (37.75 k allocations: 46.887 MiB)
1775
  1.698419 seconds (39.80 k allocations: 50.201 MiB)
6287
  1.688192 seconds (39.80 k allocations: 50.201 MiB)
4784
  1.694514 seconds (39.08 k allocations: 48.764 MiB)
3275
  1.700975 seconds (37.36 k allocations: 47.010 MiB)
7791
  1.705772 seconds (37.10 k allocations: 46.755 MiB)
9287
  1.701545 seconds (32.46 k allocations: 41.487 MiB)
1776
  1.697511 seconds (39.80 k allocations: 50.201 MiB)
6288
  1.685358 seconds (39.80 k allocations: 50.201 MiB)
4785
  1.757233 seconds (38.35 k allocations: 47.509 MiB, 1.03% gc time)
  1.732099 seconds (14.50 k allocations: 17.398 MiB, 1.04% gc time)
  1.743298 seconds (30.47 k allocations: 37.500 MiB, 1.04% gc time)
  1.730511 seconds (14.25 k allocations: 16.450 MiB, 1.04% gc time)
  1.721995 seconds (6.80 k allocations: 7.600 MiB, 1.05% gc time)
7792
6289
1777
3276
9288
  1.684045 seconds (33.61 k allocations: 40.387 MiB)
4786
  1.701748 seconds (20.37 k allocations: 27.573 MiB)
7793
  1.720053 seconds (15.83 k allocations: 19.980 MiB)
6290
  1.733035 seconds (23.74 k allocations: 29.970 MiB)
1778
  1.755677 seconds (31.65 k allocations: 39.960 MiB)
  1.756197 seconds (31.65 k allocations: 39.959 MiB)
9289
3277
  1.692828 seconds (39.64 k allocations: 50.033 MiB)
4787
  1.694455 seconds (39.64 k allocations: 50.033 MiB)
7794
  1.693955 seconds (39.64 k allocations: 50.033 MiB)
6291
  1.705246 seconds (39.64 k allocations: 50.033 MiB)
1779
  1.696353 seconds (31.65 k allocations: 39.959 MiB)
9290
  1.703239 seconds (38.75 k allocations: 47.908 MiB)
3278
  1.695750 seconds (39.64 k allocations: 50.033 MiB)
4788
  1.694945 seconds (39.64 k allocations: 50.033 MiB)
7795
  1.694994 seconds (39.64 k allocations: 50.033 MiB)
6292
  1.684788 seconds (28.45 k allocations: 36.002 MiB)
9291
  1.705171 seconds (40.27 k allocations: 51.381 MiB)
1780
  1.703596 seconds (39.64 k allocations: 50.033 MiB)
3279
  1.697482 seconds (39.64 k allocations: 50.033 MiB)
4789
  1.698815 seconds (39.72 k allocations: 50.117 MiB)
7796
  3.357420 seconds (34.79 k allocations: 43.865 MiB, 0.59% gc time)
  3.322781 seconds (19.15 k allocations: 24.073 MiB, 0.60% gc time)
  3.320158 seconds (19.09 k allocations: 23.998 MiB, 0.60% gc time)
  3.295382 seconds (11.37 k allocations: 14.260 MiB, 0.60% gc time)  1.700748 seconds (3.45 k allocations: 4.310 MiB, 1.16% gc time)

4790
1781
6293
3280
9292
  1.695884 seconds (23.76 k allocations: 30.328 MiB)
  1.693470 seconds (13.87 k allocations: 19.693 MiB)
7797
4791
  1.794729 seconds (15.82 k allocations: 19.980 MiB)
1782
  1.802193 seconds (22.41 k allocations: 27.396 MiB)
6294
  1.808305 seconds (31.73 k allocations: 40.043 MiB)
9293
  1.814435 seconds (37.40 k allocations: 46.524 MiB)
3281
  1.683553 seconds (31.81 k allocations: 40.127 MiB)
4792
  1.706555 seconds (39.72 k allocations: 50.117 MiB)
7798
  1.697171 seconds (31.60 k allocations: 39.708 MiB)
6295
  1.708572 seconds (41.15 k allocations: 51.580 MiB)
1783
  1.702657 seconds (31.64 k allocations: 39.959 MiB)
3282
  1.712720 seconds (40.14 k allocations: 50.532 MiB)
9294
  1.682768 seconds (39.64 k allocations: 50.033 MiB)
4793
  1.695655 seconds (39.72 k allocations: 50.117 MiB)
7799
  1.692232 seconds (36.15 k allocations: 45.774 MiB)
6296
  1.681646 seconds (23.98 k allocations: 30.222 MiB)
9295
  1.715156 seconds (47.79 k allocations: 60.274 MiB)
1784
  1.706707 seconds (41.51 k allocations: 51.955 MiB)
3283
  1.682970 seconds (39.88 k allocations: 50.285 MiB)
4794
  1.856551 seconds (34.86 k allocations: 43.943 MiB, 0.94% gc time)
  1.750616 seconds (26.92 k allocations: 33.902 MiB, 1.00% gc time)
  1.736947 seconds (19.14 k allocations: 24.063 MiB, 1.01% gc time)  1.722062 seconds (7.85 k allocations: 9.982 MiB, 1.02% gc time)

  1.716215 seconds (3.33 k allocations: 4.188 MiB, 1.02% gc time)
6297
1785
7800
3284
9296
  1.685637 seconds (28.58 k allocations: 35.255 MiB)
4795
  1.703372 seconds (20.54 k allocations: 27.764 MiB)
1786
  1.706674 seconds (15.82 k allocations: 19.980 MiB)
7801
  1.717779 seconds (23.94 k allocations: 31.403 MiB)
3285
  1.732553 seconds (31.81 k allocations: 40.127 MiB)
9297
  1.740998 seconds (34.34 k allocations: 43.409 MiB)
6298
  1.691978 seconds (39.72 k allocations: 50.117 MiB)
4796
  1.695145 seconds (39.80 k allocations: 50.201 MiB)
1787
  1.711186 seconds (38.64 k allocations: 48.323 MiB)
7802
  1.708493 seconds (36.41 k allocations: 45.525 MiB)
3286
  1.696977 seconds (31.89 k allocations: 40.211 MiB)
6299
  1.709012 seconds (39.80 k allocations: 50.201 MiB)
9298
  1.689973 seconds (39.72 k allocations: 50.117 MiB)
4797
  1.715622 seconds (39.80 k allocations: 50.201 MiB)
1788
  1.692209 seconds (31.18 k allocations: 39.487 MiB)
7803
  1.707633 seconds (39.72 k allocations: 50.117 MiB)
3287
  1.692676 seconds (33.66 k allocations: 42.709 MiB)
6300
  1.678846 seconds (29.01 k allocations: 36.741 MiB)
9299
  1.691775 seconds (39.72 k allocations: 50.117 MiB)
4798
  1.751590 seconds (30.25 k allocations: 37.318 MiB, 1.23% gc time)
  1.755527 seconds (32.70 k allocations: 41.023 MiB, 1.23% gc time)
  1.722912 seconds (6.53 k allocations: 7.357 MiB, 1.25% gc time)
  1.728997 seconds (9.53 k allocations: 11.661 MiB, 1.25% gc time)
  1.727675 seconds (8.47 k allocations: 10.598 MiB, 1.25% gc time)
7804
6301
1789
3288
9300
  1.680544 seconds (35.84 k allocations: 42.876 MiB)
4799
  1.712475 seconds (13.22 k allocations: 19.068 MiB)
3289
  1.720199 seconds (19.48 k allocations: 27.374 MiB)
7805
  1.726593 seconds (23.82 k allocations: 30.054 MiB)
6302
  1.733231 seconds (31.14 k allocations: 38.213 MiB)
9301
  1.743769 seconds (39.64 k allocations: 50.033 MiB)
1790
  1.683619 seconds (39.64 k allocations: 50.033 MiB)
4800
  1.702526 seconds (39.24 k allocations: 48.996 MiB)
3290
  1.697858 seconds (35.05 k allocations: 44.130 MiB)
7806
  1.690743 seconds (34.53 k allocations: 42.917 MiB)
6303
  1.702842 seconds (39.80 k allocations: 50.201 MiB)
9302
  1.711195 seconds (39.80 k allocations: 50.201 MiB)
1791
  1.692598 seconds (39.80 k allocations: 50.201 MiB)
4801
  1.697224 seconds (26.99 k allocations: 34.513 MiB)
7807
  1.701807 seconds (32.98 k allocations: 42.547 MiB)
3291
  1.696268 seconds (27.88 k allocations: 35.607 MiB)
6304
  1.685000 seconds (39.88 k allocations: 50.285 MiB)
9303
  1.713053 seconds (39.80 k allocations: 50.201 MiB)
1792
  1.693586 seconds (39.72 k allocations: 50.117 MiB)
4802
  1.693909 seconds (25.93 k allocations: 34.652 MiB)
7808
  1.684192 seconds (16.76 k allocations: 21.643 MiB)
  3.346407 seconds (26.69 k allocations: 33.618 MiB, 0.51% gc time)
  3.347770 seconds (27.28 k allocations: 34.907 MiB, 0.51% gc time)
  3.290609 seconds (11.55 k allocations: 15.037 MiB, 0.52% gc time)
  1.703310 seconds (3.71 k allocations: 5.117 MiB, 1.00% gc time)
9304
4803
3292
1793
6305
  1.688817 seconds (14.77 k allocations: 19.951 MiB)
4804
  1.701293 seconds (31.31 k allocations: 38.821 MiB)
7809
  1.781710 seconds (15.98 k allocations: 20.148 MiB)
6306
  1.800682 seconds (24.75 k allocations: 32.226 MiB)
1794
  1.814289 seconds (32.84 k allocations: 42.403 MiB)
3293
  1.822907 seconds (40.36 k allocations: 51.985 MiB)
9305
  1.688640 seconds (38.08 k allocations: 47.750 MiB)
4805
  1.695210 seconds (39.80 k allocations: 50.201 MiB)
7810
  1.692638 seconds (39.88 k allocations: 50.285 MiB)
6307
  1.707115 seconds (39.88 k allocations: 50.285 MiB)
1795
  1.714029 seconds (39.88 k allocations: 50.285 MiB)
3294
  1.708348 seconds (35.38 k allocations: 44.477 MiB)
9306
  1.684072 seconds (39.88 k allocations: 50.285 MiB)
4806
  1.680404 seconds (39.88 k allocations: 50.285 MiB)
7811
  1.689964 seconds (39.88 k allocations: 50.285 MiB)
6308
  1.677247 seconds (23.90 k allocations: 30.138 MiB)
  1.696511 seconds (40.04 k allocations: 50.725 MiB)
9307
1796
  1.697672 seconds (42.19 k allocations: 53.863 MiB)
3295
  1.692539 seconds (39.58 k allocations: 49.734 MiB)
4807
  1.892100 seconds (34.54 k allocations: 43.616 MiB, 1.42% gc time)
  1.796247 seconds (26.60 k allocations: 33.573 MiB, 1.50% gc time)
  1.752280 seconds (10.83 k allocations: 13.663 MiB, 1.54% gc time)
  1.751961 seconds (10.80 k allocations: 13.623 MiB, 1.54% gc time)
  1.735975 seconds (3.04 k allocations: 3.830 MiB, 1.55% gc time)
6309
1797
7812
3296
9308
  1.677619 seconds (23.63 k allocations: 30.225 MiB)
4808
  1.714610 seconds (16.53 k allocations: 23.672 MiB)
3297
  1.735140 seconds (15.99 k allocations: 20.148 MiB)
  1.737087 seconds (16.35 k allocations: 22.029 MiB)
9309
6310
  1.745943 seconds (32.41 k allocations: 40.743 MiB)
1798
  1.742124 seconds (32.55 k allocations: 41.577 MiB)
7813
  1.691392 seconds (39.72 k allocations: 50.117 MiB)
4809
  1.705392 seconds (39.72 k allocations: 50.117 MiB)
3298
  1.683707 seconds (15.98 k allocations: 20.148 MiB)
7814
  1.696281 seconds (31.98 k allocations: 39.656 MiB)
6311
  1.698403 seconds (31.89 k allocations: 40.211 MiB)
1799
  1.712836 seconds (53.78 k allocations: 66.442 MiB)
9310
  1.688368 seconds (39.88 k allocations: 50.285 MiB)
4810
  1.703921 seconds (39.80 k allocations: 50.201 MiB)
3299
  1.698570 seconds (31.89 k allocations: 40.211 MiB)
7815
  1.698994 seconds (32.75 k allocations: 41.781 MiB)
6312
  1.698970 seconds (37.14 k allocations: 46.795 MiB)
1800
  1.709122 seconds (39.80 k allocations: 50.201 MiB)
9311
  1.689354 seconds (39.88 k allocations: 50.285 MiB)
4811
  1.772929 seconds (38.16 k allocations: 47.303 MiB, 0.97% gc time)
  1.759522 seconds (22.36 k allocations: 27.313 MiB, 0.98% gc time)
  1.757958 seconds (22.30 k allocations: 27.277 MiB, 0.98% gc time)
  1.747693 seconds (14.45 k allocations: 17.309 MiB, 0.98% gc time)
  1.731047 seconds (6.55 k allocations: 7.377 MiB, 0.99% gc time)
6313
7816
1801
3300
9312
  1.690467 seconds (37.89 k allocations: 45.022 MiB)
4812
  1.739863 seconds (30.66 k allocations: 37.020 MiB)
  1.739294 seconds (30.73 k allocations: 37.174 MiB)
7817
6314
  1.805421 seconds (38.95 k allocations: 48.045 MiB)
1802
  1.801066 seconds (31.81 k allocations: 40.127 MiB)
9313
  1.817506 seconds (39.72 k allocations: 50.117 MiB)
3301
  1.687944 seconds (39.72 k allocations: 50.117 MiB)
4813
  1.698792 seconds (31.89 k allocations: 40.211 MiB)
6315
  1.706462 seconds (35.87 k allocations: 46.190 MiB)
7818
  1.693999 seconds (39.80 k allocations: 50.201 MiB)
1803
  1.691559 seconds (39.80 k allocations: 50.201 MiB)
9314
  1.706185 seconds (39.72 k allocations: 50.117 MiB)
3302
  1.690568 seconds (39.72 k allocations: 50.117 MiB)
4814
  1.694000 seconds (32.44 k allocations: 42.003 MiB)
6316
  1.717409 seconds (39.72 k allocations: 50.117 MiB)
7819
  1.692544 seconds (39.72 k allocations: 50.117 MiB)
  1.670009 seconds (32.20 k allocations: 41.164 MiB)
1804
9315
  1.702881 seconds (39.72 k allocations: 50.117 MiB)
3303
  1.688686 seconds (39.64 k allocations: 50.033 MiB)
4815
  1.699813 seconds (39.64 k allocations: 50.033 MiB)
6317
  3.058754 seconds (34.63 k allocations: 43.700 MiB, 0.89% gc time)
  2.941718 seconds (18.89 k allocations: 23.811 MiB, 0.92% gc time)
  2.941007 seconds (18.83 k allocations: 23.735 MiB, 0.92% gc time)
  1.712255 seconds (3.24 k allocations: 4.077 MiB, 1.58% gc time)
  2.861664 seconds (11.11 k allocations: 13.992 MiB, 0.95% gc time)
4816
1805
7820
3304
9316
  1.681188 seconds (12.99 k allocations: 18.148 MiB)
4817
  1.690230 seconds (28.53 k allocations: 35.887 MiB)
6318
  1.797095 seconds (15.91 k allocations: 20.064 MiB)
  1.796810 seconds (16.29 k allocations: 21.100 MiB)
7821
9317
  1.804041 seconds (30.35 k allocations: 36.196 MiB)
1806
  1.817524 seconds (39.64 k allocations: 50.033 MiB)
3305
  1.685539 seconds (36.17 k allocations: 45.793 MiB)
4818
  1.696890 seconds (39.64 k allocations: 50.033 MiB)
6319
  1.688772 seconds (29.94 k allocations: 37.526 MiB)
7822
  1.698705 seconds (31.81 k allocations: 40.127 MiB)
1807
  1.712835 seconds (45.01 k allocations: 56.731 MiB)
9318
  1.704683 seconds (39.64 k allocations: 50.033 MiB)
3306
  1.686828 seconds (39.72 k allocations: 50.117 MiB)
4819
  1.701215 seconds (39.80 k allocations: 50.201 MiB)
6320
  1.672087 seconds (23.98 k allocations: 30.222 MiB)
  1.696420 seconds (39.93 k allocations: 50.555 MiB)
9319
7823
  1.701569 seconds (46.80 k allocations: 58.558 MiB)
1808
  1.705269 seconds (39.72 k allocations: 50.117 MiB)
3307
  1.685333 seconds (39.72 k allocations: 50.117 MiB)
4820
  1.863719 seconds (34.61 k allocations: 43.681 MiB, 0.92% gc time)
  1.758139 seconds (18.85 k allocations: 23.756 MiB, 0.98% gc time)
  1.757992 seconds (18.90 k allocations: 23.792 MiB, 0.98% gc time)
  1.734207 seconds (11.10 k allocations: 13.940 MiB, 0.99% gc time)
  1.711791 seconds (3.19 k allocations: 4.007 MiB, 1.00% gc time)
7824
1809
3308
6321
9320
  1.683907 seconds (31.36 k allocations: 38.262 MiB)
4821
  1.712421 seconds (30.66 k allocations: 37.020 MiB)
1810
  1.724332 seconds (38.57 k allocations: 47.009 MiB)
7825
  1.735562 seconds (23.90 k allocations: 30.138 MiB)
6322
  1.747478 seconds (31.81 k allocations: 40.127 MiB)
3309
  1.756289 seconds (39.80 k allocations: 50.201 MiB)
9321
  1.693359 seconds (39.72 k allocations: 50.117 MiB)
4822
  1.707120 seconds (39.80 k allocations: 50.201 MiB)
1811
  1.698824 seconds (34.94 k allocations: 44.019 MiB)
7826
  1.693598 seconds (39.80 k allocations: 50.201 MiB)
6323
  1.693463 seconds (31.81 k allocations: 40.127 MiB)
9322
  1.707095 seconds (43.20 k allocations: 54.370 MiB)
3310
  1.695633 seconds (39.72 k allocations: 50.117 MiB)
4823
  1.692912 seconds (34.55 k allocations: 44.150 MiB)
1812
  1.712721 seconds (39.72 k allocations: 50.117 MiB)
7827
  1.700321 seconds (39.72 k allocations: 50.117 MiB)
6324
  1.701967 seconds (31.73 k allocations: 40.043 MiB)
3311
  1.712840 seconds (39.64 k allocations: 50.027 MiB)
9323
  1.686126 seconds (39.64 k allocations: 50.033 MiB)
4824
  1.883266 seconds (38.00 k allocations: 47.139 MiB, 1.23% gc time)
  1.855622 seconds (30.13 k allocations: 37.187 MiB, 1.25% gc time)
  1.753645 seconds (22.28 k allocations: 27.227 MiB, 1.32% gc time)
  1.720078 seconds (6.56 k allocations: 7.369 MiB, 1.34% gc time)
  1.722889 seconds (7.70 k allocations: 9.824 MiB, 1.34% gc time)
6325
3312
1813
9324
7828
  1.693165 seconds (33.57 k allocations: 40.401 MiB)
4825
  1.725321 seconds (14.00 k allocations: 17.425 MiB)
9325
  1.732329 seconds (20.71 k allocations: 26.199 MiB)
3313
  1.742877 seconds (28.25 k allocations: 35.800 MiB)
1814
  1.737879 seconds (30.39 k allocations: 37.460 MiB)
6326
  1.749712 seconds (39.80 k allocations: 50.201 MiB)
7829
  1.691797 seconds (39.80 k allocations: 50.201 MiB)
4826
  1.700868 seconds (35.42 k allocations: 45.033 MiB)
9326
  1.698414 seconds (33.63 k allocations: 42.682 MiB)
3314
  1.697374 seconds (37.35 k allocations: 47.002 MiB)
1815
  1.704516 seconds (39.72 k allocations: 50.117 MiB)
6327
  1.707545 seconds (39.80 k allocations: 50.201 MiB)
7830
  1.685510 seconds (39.80 k allocations: 50.201 MiB)
4827
  1.678218 seconds (31.81 k allocations: 40.127 MiB)
9327
  1.701394 seconds (39.80 k allocations: 50.201 MiB)
3315
  1.698482 seconds (39.80 k allocations: 50.201 MiB)
1816
  1.695629 seconds (39.72 k allocations: 50.117 MiB)
6328
  1.682126 seconds (39.80 k allocations: 50.201 MiB)
7831
  1.689916 seconds (39.88 k allocations: 50.285 MiB)
4828
  1.681655 seconds (39.80 k allocations: 50.201 MiB)
9328
  3.331072 seconds (34.76 k allocations: 43.835 MiB, 0.57% gc time)
  3.315074 seconds (25.65 k allocations: 31.916 MiB, 0.58% gc time)
  1.705331 seconds (3.02 k allocations: 3.732 MiB, 1.12% gc time)
  3.307596 seconds (18.91 k allocations: 23.778 MiB, 0.58% gc time)  3.296188 seconds (10.92 k allocations: 13.711 MiB, 0.58% gc time)

4829
1817
7832
6329
3316
  1.686511 seconds (20.48 k allocations: 25.778 MiB)
4830
  1.713250 seconds (35.75 k allocations: 44.602 MiB)
9329
  1.805852 seconds (18.06 k allocations: 24.718 MiB)
  1.806528 seconds (18.73 k allocations: 26.038 MiB)
  1.800801 seconds (16.30 k allocations: 21.102 MiB)
7833
6330
1818
  1.811228 seconds (39.72 k allocations: 50.117 MiB)
3317
  1.685889 seconds (39.72 k allocations: 50.117 MiB)
4831
  1.693188 seconds (39.72 k allocations: 50.117 MiB)
9330
  1.693132 seconds (23.80 k allocations: 30.051 MiB)
6331
  1.699768 seconds (29.45 k allocations: 38.951 MiB)
7834
  1.700490 seconds (34.65 k allocations: 43.154 MiB)
1819
  1.702930 seconds (39.64 k allocations: 50.033 MiB)
3318
  1.687461 seconds (39.72 k allocations: 50.117 MiB)
4832
  1.688114 seconds (39.72 k allocations: 50.117 MiB)
9331
  1.689287 seconds (34.08 k allocations: 42.970 MiB)
6332
  1.692426 seconds (33.33 k allocations: 42.908 MiB)
7835
  1.704871 seconds (39.80 k allocations: 50.201 MiB)
1820
  1.716186 seconds (39.72 k allocations: 50.117 MiB)
3319
  1.683396 seconds (39.72 k allocations: 50.117 MiB)
4833
  1.878399 seconds (34.72 k allocations: 43.799 MiB, 1.06% gc time)
  1.778494 seconds (25.53 k allocations: 31.782 MiB, 1.12% gc time)
  1.767681 seconds (18.95 k allocations: 23.835 MiB, 1.13% gc time)
  1.754578 seconds (11.12 k allocations: 13.899 MiB, 1.14% gc time)
  1.729390 seconds (3.29 k allocations: 4.010 MiB, 1.16% gc time)
7836
6333
3320
1821
9332
  1.682930 seconds (25.43 k allocations: 32.048 MiB)
4834
  1.719086 seconds (16.42 k allocations: 23.558 MiB)
3321
  1.717004 seconds (10.07 k allocations: 14.106 MiB)
1822
  1.731489 seconds (23.98 k allocations: 30.222 MiB)
6334
  1.734935 seconds (26.05 k allocations: 33.034 MiB)
7837
  1.738018 seconds (37.55 k allocations: 46.689 MiB)
9333
  1.697245 seconds (39.80 k allocations: 50.201 MiB)
4835
  1.699408 seconds (32.31 k allocations: 41.863 MiB)
3322
  1.700779 seconds (35.32 k allocations: 44.410 MiB)
1823
  1.702593 seconds (31.29 k allocations: 40.137 MiB)
6335
  1.696819 seconds (24.65 k allocations: 31.606 MiB)
  1.703462 seconds (30.74 k allocations: 39.687 MiB)
9334
7838
  1.683888 seconds (39.88 k allocations: 50.285 MiB)
4836
  1.702045 seconds (31.89 k allocations: 40.211 MiB)
1824
  1.710684 seconds (39.01 k allocations: 49.406 MiB)
3323
  1.686573 seconds (18.18 k allocations: 23.083 MiB)
7839
  1.697352 seconds (33.39 k allocations: 44.185 MiB)
6336
  1.712330 seconds (39.80 k allocations: 50.201 MiB)
9335
  1.688493 seconds (39.80 k allocations: 50.201 MiB)
4837
  1.738823 seconds (33.08 k allocations: 40.741 MiB, 1.07% gc time)
  1.731380 seconds (21.60 k allocations: 25.863 MiB, 1.08% gc time)
  1.723562 seconds (14.46 k allocations: 17.344 MiB, 1.08% gc time)
  1.733624 seconds (22.73 k allocations: 28.927 MiB, 1.08% gc time)
  1.700191 seconds (6.68 k allocations: 7.567 MiB, 1.10% gc time)
7840
6337
1825
3324
9336
  1.690972 seconds (35.21 k allocations: 42.241 MiB)
4838
  1.700835 seconds (21.62 k allocations: 28.857 MiB)
7841
  1.701351 seconds (14.99 k allocations: 20.357 MiB)
6338
  1.711585 seconds (25.63 k allocations: 34.356 MiB)
9337
  1.714234 seconds (31.64 k allocations: 39.959 MiB)
1826
  1.725144 seconds (39.64 k allocations: 50.033 MiB)
3325
  1.696672 seconds (39.72 k allocations: 50.117 MiB)
4839
  1.699118 seconds (31.81 k allocations: 40.127 MiB)
6339
  1.697881 seconds (31.04 k allocations: 38.648 MiB)
9338
  1.718324 seconds (47.97 k allocations: 60.455 MiB)
7842
  1.706743 seconds (39.72 k allocations: 50.117 MiB)
1827
  1.700547 seconds (33.97 k allocations: 43.033 MiB)
3326
  1.684891 seconds (39.80 k allocations: 50.201 MiB)
4840
  1.692570 seconds (39.88 k allocations: 50.285 MiB)
  1.683022 seconds (29.93 k allocations: 37.879 MiB)
6340
9339
  1.694434 seconds (39.58 k allocations: 49.410 MiB)
7843
  1.700707 seconds (31.81 k allocations: 40.127 MiB)
  1.700613 seconds (32.07 k allocations: 40.885 MiB)
1828
3327
  1.670179 seconds (23.73 k allocations: 29.970 MiB)
  1.696330 seconds (39.96 k allocations: 51.000 MiB)
9340
4841
  1.774511 seconds (29.19 k allocations: 36.943 MiB, 1.62% gc time)
  1.750082 seconds (21.32 k allocations: 26.979 MiB, 1.64% gc time)
  1.732886 seconds (5.63 k allocations: 7.138 MiB, 1.66% gc time)
  1.734202 seconds (5.57 k allocations: 7.056 MiB, 1.66% gc time)
6341
1829
3328
7844
  1.671427 seconds (17.76 k allocations: 24.229 MiB)
9341
  1.725329 seconds (9.24 k allocations: 12.562 MiB)
4842
  1.728204 seconds (12.69 k allocations: 15.564 MiB)
  1.728452 seconds (12.89 k allocations: 15.897 MiB)
3329
6342
  1.729371 seconds (16.62 k allocations: 20.965 MiB)
  1.732190 seconds (32.01 k allocations: 38.534 MiB)
1830
7845
  1.682752 seconds (39.88 k allocations: 50.285 MiB)
9342
  1.684582 seconds (27.76 k allocations: 35.874 MiB)
4843
  1.696281 seconds (31.12 k allocations: 38.140 MiB)
6343
  1.707952 seconds (39.04 k allocations: 48.129 MiB)
3330
  1.696882 seconds (24.33 k allocations: 31.277 MiB)
  1.699495 seconds (28.47 k allocations: 36.150 MiB)
1831
7846
  1.677415 seconds (39.64 k allocations: 50.033 MiB)
9343
  1.680683 seconds (39.64 k allocations: 50.033 MiB)
4844
  1.694681 seconds (39.64 k allocations: 50.033 MiB)
6344
  1.702191 seconds (23.73 k allocations: 29.970 MiB)
1832
  1.706975 seconds (29.35 k allocations: 38.833 MiB)
3331
  1.717780 seconds (39.72 k allocations: 50.117 MiB)
7847
  1.683662 seconds (39.72 k allocations: 50.117 MiB)
9344
  1.751615 seconds (30.33 k allocations: 37.391 MiB, 1.10% gc time)
  1.780765 seconds (38.23 k allocations: 47.379 MiB, 1.08% gc time)
  1.727994 seconds (14.39 k allocations: 17.260 MiB, 1.11% gc time)
  1.727410 seconds (14.44 k allocations: 17.350 MiB, 1.11% gc time)
  1.711832 seconds (6.60 k allocations: 7.504 MiB, 1.12% gc time)
6345
4845
7848
1833
3332
  1.708679 seconds (36.25 k allocations: 43.308 MiB)
9345
  1.698757 seconds (21.84 k allocations: 26.656 MiB)
4846
  1.730850 seconds (38.02 k allocations: 47.582 MiB)
6346
  1.721531 seconds (20.59 k allocations: 25.541 MiB)
7849
  1.736129 seconds (31.89 k allocations: 40.211 MiB)
1834
  1.751414 seconds (39.88 k allocations: 50.285 MiB)
3333
  1.700776 seconds (35.46 k allocations: 45.080 MiB)
9346
  1.701188 seconds (33.74 k allocations: 42.800 MiB)
4847
  1.690224 seconds (31.89 k allocations: 40.211 MiB)
7850
  1.707197 seconds (42.93 k allocations: 54.628 MiB)
6347
  1.705986 seconds (39.80 k allocations: 50.201 MiB)
1835
  1.704030 seconds (39.72 k allocations: 50.117 MiB)
3334
  1.683281 seconds (32.33 k allocations: 41.883 MiB)
9347
  1.702160 seconds (39.72 k allocations: 50.117 MiB)
4848
  1.693251 seconds (39.64 k allocations: 50.033 MiB)
7851
  1.702486 seconds (39.64 k allocations: 50.033 MiB)
6348
  1.691500 seconds (37.28 k allocations: 46.407 MiB)
1836
  1.699627 seconds (39.64 k allocations: 50.033 MiB)
3335
  1.690758 seconds (39.72 k allocations: 50.117 MiB)
9348
  1.691335 seconds (39.80 k allocations: 50.201 MiB)
4849
  3.416356 seconds (34.78 k allocations: 43.859 MiB, 0.92% gc time)
  3.389354 seconds (22.12 k allocations: 28.358 MiB, 0.93% gc time)
  3.385015 seconds (19.24 k allocations: 24.294 MiB, 0.93% gc time)
  1.749481 seconds (3.46 k allocations: 4.499 MiB, 1.80% gc time)
  3.356020 seconds (11.39 k allocations: 14.466 MiB, 0.94% gc time)
7852
6349
1837
9349
3336
  1.694705 seconds (23.61 k allocations: 30.190 MiB)
4850
  1.715758 seconds (8.00 k allocations: 10.075 MiB)
9350
  1.786836 seconds (15.91 k allocations: 20.064 MiB)
7853
  1.796187 seconds (23.82 k allocations: 30.054 MiB)
6350
  1.797017 seconds (25.04 k allocations: 32.000 MiB)
1838
  1.820949 seconds (39.80 k allocations: 50.201 MiB)
3337
  1.698864 seconds (39.80 k allocations: 50.201 MiB)
4851
  1.697786 seconds (39.80 k allocations: 50.201 MiB)
9351
  1.688096 seconds (39.80 k allocations: 50.201 MiB)
7854
  1.703153 seconds (31.81 k allocations: 40.127 MiB)
6351
  1.704279 seconds (34.20 k allocations: 43.265 MiB)
1839
  1.699416 seconds (39.72 k allocations: 50.117 MiB)
3338
  1.697049 seconds (39.80 k allocations: 50.201 MiB)
4852
  1.684820 seconds (39.80 k allocations: 50.201 MiB)
9352
  1.692768 seconds (39.80 k allocations: 50.201 MiB)
7855
  1.695168 seconds (32.43 k allocations: 41.993 MiB)
6352
  1.703305 seconds (39.72 k allocations: 50.117 MiB)
1840
  1.709867 seconds (39.72 k allocations: 50.117 MiB)
3339
  1.700182 seconds (39.80 k allocations: 50.201 MiB)
4853
  1.854977 seconds (38.26 k allocations: 47.402 MiB, 0.95% gc time)
  1.784942 seconds (30.39 k allocations: 37.451 MiB, 0.99% gc time)
  1.756193 seconds (22.54 k allocations: 27.490 MiB, 1.00% gc time)
  1.742813 seconds (14.64 k allocations: 17.525 MiB, 1.01% gc time)
  1.717730 seconds (6.71 k allocations: 7.557 MiB, 1.03% gc time)
6353
1841
7856
3340
9353
  1.699198 seconds (37.81 k allocations: 44.938 MiB)
4854
  1.708891 seconds (7.91 k allocations: 9.990 MiB)
7857
  1.721478 seconds (17.25 k allocations: 23.896 MiB)
9354
  1.722331 seconds (17.18 k allocations: 23.280 MiB)
6354
  1.738611 seconds (31.65 k allocations: 39.959 MiB)
1842
  1.747713 seconds (39.56 k allocations: 49.949 MiB)
3341
  1.702819 seconds (39.64 k allocations: 50.033 MiB)
4855
  1.691238 seconds (39.64 k allocations: 50.033 MiB)
7858
  1.698010 seconds (31.73 k allocations: 40.043 MiB)
9355
  1.697881 seconds (32.54 k allocations: 41.582 MiB)
6355
  1.693395 seconds (39.72 k allocations: 50.117 MiB)
1843
  1.698347 seconds (39.72 k allocations: 50.117 MiB)
3342
  1.692724 seconds (39.80 k allocations: 50.201 MiB)
4856
  1.686985 seconds (39.80 k allocations: 50.201 MiB)
7859
  1.705207 seconds (31.89 k allocations: 40.211 MiB)
  1.706914 seconds (32.15 k allocations: 40.978 MiB)
6356
9356
  1.701642 seconds (39.80 k allocations: 50.201 MiB)
1844
  1.697119 seconds (39.72 k allocations: 50.117 MiB)
3343
  1.693492 seconds (39.80 k allocations: 50.201 MiB)
4857
  1.691109 seconds (39.72 k allocations: 50.117 MiB)
7860
  3.366726 seconds (26.82 k allocations: 33.811 MiB, 0.62% gc time)
  3.366899 seconds (26.89 k allocations: 33.877 MiB, 0.62% gc time)
  3.353286 seconds (18.93 k allocations: 23.561 MiB, 0.63% gc time)
  3.340672 seconds (11.20 k allocations: 14.023 MiB, 0.63% gc time)
  1.719260 seconds (3.35 k allocations: 4.124 MiB, 1.22% gc time)
4858
1845
3344
9357
6357
  1.681861 seconds (5 allocations: 1.031 KiB)
6358
  1.702756 seconds (36.77 k allocations: 45.585 MiB)
7861
  1.801303 seconds (15.91 k allocations: 20.064 MiB)
4859
  1.806755 seconds (23.42 k allocations: 28.439 MiB)
  1.808247 seconds (24.28 k allocations: 31.173 MiB)
9358
1846
  1.810581 seconds (29.38 k allocations: 37.123 MiB)
3345
  1.690712 seconds (39.72 k allocations: 50.117 MiB)
  1.692482 seconds (32.19 k allocations: 41.163 MiB)
  1.697972 seconds (21.37 k allocations: 27.458 MiB)
  1.706008 seconds (2.74 k allocations: 5.943 MiB)
  1.717242 seconds (2.23 k allocations: 6.077 MiB)
  1.717943 seconds (1.91 k allocations: 5.180 MiB)
6359
7862
4860
9359
1847
3346
  1.719479 seconds (4 allocations: 976 bytes)
9360
  1.725242 seconds (2.51 k allocations: 3.242 MiB)
6360
  1.741455 seconds (16.15 k allocations: 21.538 MiB)
7863
  1.738366 seconds (17.12 k allocations: 22.008 MiB)
4861
  1.741985 seconds (21.60 k allocations: 27.267 MiB)
1848
  1.742971 seconds (24.31 k allocations: 30.666 MiB)
3347
  1.691534 seconds (31.81 k allocations: 40.127 MiB)
6361
  1.724817 seconds (9.09 k allocations: 12.421 MiB, 1.03% gc time)
  1.723297 seconds (5.41 k allocations: 8.645 MiB, 1.03% gc time)
  1.743065 seconds (35.73 k allocations: 46.019 MiB, 1.02% gc time)
  1.720879 seconds (3.05 k allocations: 3.814 MiB, 1.03% gc time)
  1.719936 seconds (3.14 k allocations: 3.951 MiB, 1.03% gc time)
7864
3348
1849
4862
9361
  1.688579 seconds (16.16 k allocations: 22.608 MiB)
6362
  1.690013 seconds (9.45 k allocations: 14.015 MiB)
1850
  1.710030 seconds (15.99 k allocations: 20.148 MiB)
4863
  1.720475 seconds (26.93 k allocations: 35.682 MiB)
3349
  1.730198 seconds (31.97 k allocations: 40.295 MiB)
9362
  1.734984 seconds (37.22 k allocations: 46.345 MiB)
7865
  1.686741 seconds (35.57 k allocations: 45.189 MiB)
6363
  1.706015 seconds (39.72 k allocations: 50.117 MiB)
1851
  1.697380 seconds (36.16 k allocations: 45.790 MiB)
4864
  1.684341 seconds (23.73 k allocations: 29.970 MiB)
7866
  1.706157 seconds (40.25 k allocations: 51.354 MiB)
3350
  1.698478 seconds (43.34 k allocations: 55.029 MiB)
9363
  1.683808 seconds (39.64 k allocations: 50.033 MiB)
6364
  1.703738 seconds (39.64 k allocations: 50.033 MiB)
1852
  1.694580 seconds (37.84 k allocations: 46.983 MiB)
4865
  1.709462 seconds (31.12 k allocations: 38.720 MiB)
  1.711894 seconds (32.01 k allocations: 40.990 MiB)
3351
7867
  1.712733 seconds (39.56 k allocations: 49.949 MiB)
9364
  1.690669 seconds (39.56 k allocations: 49.949 MiB)
6365
  1.785864 seconds (35.65 k allocations: 44.047 MiB, 1.37% gc time)
  1.749898 seconds (15.14 k allocations: 19.245 MiB, 1.40% gc time)
  1.779508 seconds (30.35 k allocations: 37.404 MiB, 1.37% gc time)
  1.733315 seconds (6.76 k allocations: 7.541 MiB, 1.41% gc time)
  1.746542 seconds (14.79 k allocations: 17.713 MiB, 1.40% gc time)
7868
1853
3352
9365
4866
  1.689980 seconds (34.00 k allocations: 40.783 MiB)
6366
  1.727616 seconds (7.99 k allocations: 10.074 MiB)
  1.728705 seconds (8.10 k allocations: 10.337 MiB)
1854
9366
  1.732732 seconds (13.69 k allocations: 17.271 MiB)
7869
  1.737308 seconds (27.18 k allocations: 32.946 MiB)
3353
  1.743832 seconds (39.80 k allocations: 50.201 MiB)
4867
  1.693942 seconds (39.72 k allocations: 50.117 MiB)
6367
  1.695691 seconds (23.08 k allocations: 29.832 MiB)
  1.696761 seconds (23.85 k allocations: 31.258 MiB)
1855
9367
  1.700307 seconds (33.26 k allocations: 41.597 MiB)
7870
  1.698701 seconds (32.28 k allocations: 41.310 MiB)
3354
  1.709965 seconds (39.80 k allocations: 50.201 MiB)
4868
  1.685988 seconds (39.72 k allocations: 50.117 MiB)
6368
  1.681122 seconds (30.43 k allocations: 37.372 MiB)
9368
  1.681214 seconds (23.82 k allocations: 30.054 MiB)
7871
  1.691827 seconds (41.03 k allocations: 51.514 MiB)
1856
  1.698045 seconds (39.64 k allocations: 50.033 MiB)
3355
  1.699343 seconds (39.72 k allocations: 50.117 MiB)
4869
  1.692281 seconds (39.72 k allocations: 50.117 MiB)
6369
  1.674354 seconds (38.46 k allocations: 48.125 MiB)
9369
  3.349640 seconds (26.85 k allocations: 33.845 MiB, 0.54% gc time)
  3.351745 seconds (27.00 k allocations: 35.196 MiB, 0.54% gc time)
  3.333039 seconds (18.92 k allocations: 23.836 MiB, 0.54% gc time)
  3.307816 seconds (11.07 k allocations: 13.959 MiB, 0.54% gc time)
  1.706571 seconds (3.12 k allocations: 3.953 MiB, 1.06% gc time)
1857
4870
6370
7872
3356
  1.680569 seconds (20.83 k allocations: 27.371 MiB)
9370
  1.685864 seconds (19.90 k allocations: 27.108 MiB)
4871
  1.794442 seconds (15.83 k allocations: 19.980 MiB)
1858
  1.799334 seconds (22.41 k allocations: 27.390 MiB)
7873
  1.803457 seconds (27.94 k allocations: 34.960 MiB)
6371
  1.814463 seconds (39.72 k allocations: 50.117 MiB)
3357
  1.687484 seconds (39.42 k allocations: 49.165 MiB)
9371
  1.691666 seconds (39.88 k allocations: 50.285 MiB)
4872
  1.695632 seconds (36.87 k allocations: 46.511 MiB)
1859
  1.698385 seconds (33.53 k allocations: 41.881 MiB)
7874
  1.704119 seconds (39.80 k allocations: 50.201 MiB)
6372
  1.699162 seconds (39.00 k allocations: 48.164 MiB)
3358
  1.687359 seconds (39.80 k allocations: 50.201 MiB)
9372
  1.690981 seconds (39.72 k allocations: 50.117 MiB)
4873
  1.680896 seconds (29.86 k allocations: 37.440 MiB)
7875
  1.703190 seconds (45.87 k allocations: 57.613 MiB)
1860
  1.700689 seconds (37.62 k allocations: 47.282 MiB)
6373
  1.714630 seconds (39.80 k allocations: 50.201 MiB)
3359
  1.681519 seconds (39.80 k allocations: 50.201 MiB)
9373
  1.921783 seconds (38.39 k allocations: 47.543 MiB, 2.54% gc time)
  1.801994 seconds (30.42 k allocations: 37.472 MiB, 2.71% gc time)
  1.788530 seconds (22.46 k allocations: 27.420 MiB, 2.73% gc time)
  1.778650 seconds (14.59 k allocations: 17.515 MiB, 2.74% gc time)
  1.754117 seconds (6.74 k allocations: 7.652 MiB, 2.78% gc time)
4874
6374
1861
3360
7876
  1.730980 seconds (32.78 k allocations: 39.609 MiB)
9374
  1.723910 seconds (7.99 k allocations: 10.074 MiB)
  1.726975 seconds (8.39 k allocations: 11.111 MiB)
7877
4875
  1.735531 seconds (23.90 k allocations: 30.138 MiB)
1862
  1.743969 seconds (31.89 k allocations: 40.211 MiB)
6375
  1.756549 seconds (39.88 k allocations: 50.285 MiB)
3361
  1.694359 seconds (39.71 k allocations: 49.800 MiB)
9375
  1.689672 seconds (28.93 k allocations: 35.325 MiB)
4876
  1.700761 seconds (39.69 k allocations: 49.740 MiB)
7878
  1.701348 seconds (39.19 k allocations: 48.878 MiB)
1863
  1.699511 seconds (38.57 k allocations: 47.724 MiB)
6376
  1.700881 seconds (39.80 k allocations: 50.201 MiB)
3362
  1.680167 seconds (35.55 k allocations: 45.183 MiB)
9376
  1.690522 seconds (39.88 k allocations: 50.285 MiB)
4877
  1.694517 seconds (29.03 k allocations: 36.599 MiB)
1864
  1.705980 seconds (40.98 k allocations: 52.106 MiB)
7879
  1.696786 seconds (37.78 k allocations: 46.926 MiB)
6377
  1.701441 seconds (39.80 k allocations: 50.201 MiB)
3363
  1.678603 seconds (39.80 k allocations: 50.201 MiB)
9377
  1.690923 seconds (39.88 k allocations: 50.285 MiB)
4878
  3.383738 seconds (26.69 k allocations: 34.202 MiB, 0.52% gc time)
  3.380208 seconds (21.63 k allocations: 27.808 MiB, 0.52% gc time)
  3.376191 seconds (19.13 k allocations: 24.026 MiB, 0.52% gc time)
  3.357669 seconds (11.31 k allocations: 14.273 MiB, 0.52% gc time)
  1.732856 seconds (3.40 k allocations: 4.364 MiB, 1.02% gc time)
1865
6378
7880
9378
3364
  1.684053 seconds (33.30 k allocations: 40.237 MiB)
4879
  1.706655 seconds (12.81 k allocations: 17.441 MiB)
9379
  1.790096 seconds (15.90 k allocations: 20.064 MiB)
7881
  1.805826 seconds (31.13 k allocations: 39.967 MiB)
  1.805280 seconds (29.77 k allocations: 37.699 MiB)
1866
6379
  1.801758 seconds (37.35 k allocations: 45.258 MiB)
3365
  1.690280 seconds (39.80 k allocations: 50.201 MiB)
4880
  1.689656 seconds (39.80 k allocations: 50.201 MiB)
9380
  1.695287 seconds (21.33 k allocations: 26.817 MiB)
  1.701941 seconds (34.15 k allocations: 43.432 MiB)
6380
7882
  1.702336 seconds (30.08 k allocations: 37.139 MiB)
1867
  1.700056 seconds (35.45 k allocations: 43.315 MiB)
3366
  1.690844 seconds (39.88 k allocations: 50.285 MiB)
4881
  1.677992 seconds (39.88 k allocations: 50.285 MiB)
9381
  1.695618 seconds (25.15 k allocations: 31.945 MiB)
7883
  1.700853 seconds (28.24 k allocations: 35.804 MiB)
1868
  1.706903 seconds (35.24 k allocations: 44.908 MiB)
6381
  1.711287 seconds (39.80 k allocations: 50.201 MiB)
3367
  1.688844 seconds (39.72 k allocations: 50.117 MiB)
4882
  1.902342 seconds (38.26 k allocations: 47.403 MiB, 2.23% gc time)
  1.779065 seconds (29.93 k allocations: 36.340 MiB, 2.39% gc time)
  1.770890 seconds (16.70 k allocations: 20.838 MiB, 2.40% gc time)
  1.766329 seconds (14.64 k allocations: 17.496 MiB, 2.40% gc time)
  1.749980 seconds (6.81 k allocations: 7.635 MiB, 2.43% gc time)
1869
6382
3368
7884
9382
  1.690629 seconds (33.41 k allocations: 40.166 MiB)
4883
  1.706563 seconds (11.23 k allocations: 17.057 MiB)
6383
  1.731769 seconds (15.91 k allocations: 20.064 MiB)
1870
  1.735116 seconds (18.34 k allocations: 23.245 MiB)
  1.732295 seconds (18.55 k allocations: 23.581 MiB)
3369
9383
  1.741066 seconds (39.72 k allocations: 50.117 MiB)
7885
  1.692654 seconds (39.64 k allocations: 50.033 MiB)
4884
  1.704457 seconds (39.64 k allocations: 50.033 MiB)
6384
  1.698073 seconds (26.14 k allocations: 34.873 MiB)
1871
  1.700037 seconds (28.42 k allocations: 34.805 MiB)
3370
  1.701909 seconds (31.94 k allocations: 39.146 MiB)
9384
  1.715259 seconds (39.72 k allocations: 50.117 MiB)
7886
  1.695829 seconds (39.72 k allocations: 50.117 MiB)
4885
  1.703422 seconds (39.64 k allocations: 50.033 MiB)
6385
  1.697910 seconds (33.05 k allocations: 41.913 MiB)
1872
  1.703129 seconds (31.65 k allocations: 41.180 MiB)
3371
  1.710245 seconds (39.64 k allocations: 50.033 MiB)
9385
  1.694597 seconds (32.80 k allocations: 41.837 MiB)
7887
  1.694130 seconds (39.72 k allocations: 50.117 MiB)
4886
  1.694295 seconds (39.72 k allocations: 50.117 MiB)
6386
  3.337092 seconds (33.51 k allocations: 41.862 MiB, 0.52% gc time)
  3.310878 seconds (10.91 k allocations: 13.712 MiB, 0.52% gc time)
  3.329008 seconds (26.65 k allocations: 33.382 MiB, 0.52% gc time)
  1.697488 seconds (3.17 k allocations: 3.930 MiB, 1.02% gc time)
  3.308521 seconds (11.03 k allocations: 13.836 MiB, 0.52% gc time)
1873
4887
9386
7888
3372
  1.689470 seconds (14.26 k allocations: 19.431 MiB)
4888
  1.696985 seconds (30.85 k allocations: 38.285 MiB)
6387
  1.783105 seconds (15.99 k allocations: 20.148 MiB)
7889
  1.791178 seconds (22.57 k allocations: 27.558 MiB)
1874
  1.803704 seconds (31.89 k allocations: 40.211 MiB)
9387
  1.820324 seconds (39.80 k allocations: 50.201 MiB)
3373
  1.691909 seconds (33.04 k allocations: 42.605 MiB)
4889
  1.706563 seconds (39.80 k allocations: 50.201 MiB)
6388
  1.697354 seconds (37.81 k allocations: 47.466 MiB)
7890
  1.691842 seconds (32.54 k allocations: 41.573 MiB)
1875
  1.696169 seconds (39.96 k allocations: 50.369 MiB)
9388
  1.700042 seconds (39.88 k allocations: 50.285 MiB)
3374
  1.699297 seconds (39.88 k allocations: 50.285 MiB)
4890
  1.696740 seconds (39.80 k allocations: 50.201 MiB)
6389
  1.679424 seconds (31.81 k allocations: 40.127 MiB)
7891
  1.675359 seconds (31.89 k allocations: 40.211 MiB)
9389
  1.701636 seconds (47.71 k allocations: 60.190 MiB)
1876
  1.706650 seconds (39.80 k allocations: 50.201 MiB)
3375
  1.692903 seconds (39.80 k allocations: 50.201 MiB)
4891
  1.875078 seconds (34.61 k allocations: 43.689 MiB, 1.18% gc time)
  1.785437 seconds (18.38 k allocations: 22.629 MiB, 1.24% gc time)
  1.799390 seconds (26.73 k allocations: 33.692 MiB, 1.23% gc time)
  1.776354 seconds (10.92 k allocations: 13.754 MiB, 1.24% gc time)
  1.728465 seconds (3.10 k allocations: 3.897 MiB, 1.28% gc time)
7892
1877
6390
3376
9390
  1.675223 seconds (25.59 k allocations: 32.227 MiB)
4892
  1.707388 seconds (15.86 k allocations: 22.991 MiB)
3377
  1.737151 seconds (15.91 k allocations: 20.064 MiB)
1878
  1.736139 seconds (16.38 k allocations: 21.254 MiB)
6391
  1.737458 seconds (21.17 k allocations: 26.823 MiB)
9391
  1.758433 seconds (39.72 k allocations: 50.117 MiB)
7893
  1.688704 seconds (39.72 k allocations: 50.117 MiB)
4893
  1.699916 seconds (39.64 k allocations: 50.033 MiB)
3378
  1.694797 seconds (25.33 k allocations: 32.822 MiB)
1879
  1.698381 seconds (28.64 k allocations: 36.907 MiB)
6392
  1.699964 seconds (35.80 k allocations: 44.893 MiB)
9392
  1.703622 seconds (39.72 k allocations: 50.117 MiB)
7894
  1.686657 seconds (39.72 k allocations: 50.117 MiB)
4894
  1.702105 seconds (39.72 k allocations: 50.117 MiB)
3379
  1.679434 seconds (23.90 k allocations: 30.138 MiB)
9393
  1.698163 seconds (42.01 k allocations: 53.037 MiB)
1880
  1.697654 seconds (37.44 k allocations: 47.782 MiB)
6393
  1.694445 seconds (39.72 k allocations: 50.117 MiB)
7895
  1.697025 seconds (39.72 k allocations: 50.117 MiB)
4895
  1.754567 seconds (38.18 k allocations: 47.325 MiB, 1.03% gc time)
  1.735281 seconds (28.80 k allocations: 35.124 MiB, 1.04% gc time)
  1.724913 seconds (14.54 k allocations: 17.419 MiB, 1.05% gc time)
  1.724814 seconds (14.62 k allocations: 17.469 MiB, 1.05% gc time)
  1.701326 seconds (6.68 k allocations: 7.439 MiB, 1.06% gc time)
1881
6394
3380
9394
7896
  1.690792 seconds (33.81 k allocations: 40.659 MiB)
4896
  1.718464 seconds (15.23 k allocations: 18.686 MiB)
1882
  1.714105 seconds (15.98 k allocations: 20.148 MiB)
7897
  1.718539 seconds (22.01 k allocations: 26.994 MiB)
6395
  1.743451 seconds (36.76 k allocations: 46.405 MiB)
9395
  1.750703 seconds (44.24 k allocations: 55.950 MiB)
3381
  1.693900 seconds (39.80 k allocations: 50.201 MiB)
4897
  1.698387 seconds (38.84 k allocations: 48.524 MiB)
1883
  1.707108 seconds (36.74 k allocations: 46.384 MiB)
7898
  1.702896 seconds (33.10 k allocations: 42.145 MiB)
  1.689057 seconds (25.50 k allocations: 32.425 MiB)
6396
9396
  1.699403 seconds (39.64 k allocations: 50.033 MiB)
3382
  1.694725 seconds (39.72 k allocations: 50.117 MiB)
4898
  1.675243 seconds (15.98 k allocations: 20.148 MiB)
9397
  1.695297 seconds (40.27 k allocations: 51.375 MiB)
1884
  1.699113 seconds (31.89 k allocations: 40.211 MiB)
6397
  1.712029 seconds (39.80 k allocations: 50.201 MiB)
7899
  1.704516 seconds (39.80 k allocations: 50.201 MiB)
3383
  1.685076 seconds (39.72 k allocations: 50.117 MiB)
4899
  1.670434 seconds (31.73 k allocations: 40.043 MiB)
9398
  3.366486 seconds (34.68 k allocations: 43.751 MiB, 0.86% gc time)
  3.344864 seconds (26.78 k allocations: 33.762 MiB, 0.87% gc time)
  3.330202 seconds (18.82 k allocations: 23.693 MiB, 0.87% gc time)
  3.316876 seconds (10.95 k allocations: 13.765 MiB, 0.87% gc time)
  1.715493 seconds (3.08 k allocations: 3.860 MiB, 1.69% gc time)
4900
6398
1885
7900
3384
  1.684826 seconds (22.58 k allocations: 29.137 MiB)
9399
  1.713675 seconds (9.33 k allocations: 15.111 MiB)
4901
  1.793121 seconds (15.82 k allocations: 19.980 MiB)
7901
  1.796220 seconds (17.61 k allocations: 22.503 MiB)
6399
  1.806002 seconds (31.81 k allocations: 40.127 MiB)
1886
  1.814334 seconds (39.72 k allocations: 50.117 MiB)
3385
  1.698100 seconds (39.80 k allocations: 50.201 MiB)
9400
  1.685055 seconds (39.80 k allocations: 50.201 MiB)
4902
  1.701320 seconds (31.81 k allocations: 40.127 MiB)
6400
  1.711450 seconds (40.26 k allocations: 51.889 MiB)
7902
  1.711721 seconds (39.72 k allocations: 50.117 MiB)
1887
  1.709265 seconds (39.72 k allocations: 50.117 MiB)
3386
  1.687913 seconds (39.80 k allocations: 50.201 MiB)
  1.683432 seconds (32.19 k allocations: 41.163 MiB)
9401
4903
  1.696613 seconds (38.95 k allocations: 48.635 MiB)
6401
  1.695479 seconds (39.24 k allocations: 48.402 MiB)
7903
  1.703068 seconds (38.89 k allocations: 48.580 MiB)
1888
  1.699616 seconds (35.01 k allocations: 44.089 MiB)
3387
  1.677805 seconds (31.81 k allocations: 40.127 MiB)
9402
  1.756833 seconds (28.09 k allocations: 34.410 MiB, 1.10% gc time)
  1.870202 seconds (38.31 k allocations: 47.459 MiB, 1.03% gc time)
  1.749565 seconds (22.45 k allocations: 27.402 MiB, 1.11% gc time)
  1.726606 seconds (6.67 k allocations: 7.592 MiB, 1.12% gc time)
  1.725254 seconds (6.61 k allocations: 7.451 MiB, 1.12% gc time)
6402
4904
1889
3388
7904
  1.706273 seconds (9.48 k allocations: 14.568 MiB)
1890
  1.715603 seconds (35.25 k allocations: 42.850 MiB)
9403
  1.727639 seconds (16.13 k allocations: 21.518 MiB)
3389
  1.730525 seconds (18.44 k allocations: 23.347 MiB)
6403
  1.734909 seconds (31.89 k allocations: 40.211 MiB)
7905
  1.737959 seconds (33.23 k allocations: 42.273 MiB)
4905
  1.685148 seconds (31.81 k allocations: 40.127 MiB)
9404
  1.704062 seconds (40.11 k allocations: 51.740 MiB)
1891
  1.683720 seconds (15.90 k allocations: 20.064 MiB)
4906
  1.703167 seconds (40.24 k allocations: 50.650 MiB)
3390
  1.705609 seconds (43.97 k allocations: 54.463 MiB)
6404
  1.699617 seconds (31.64 k allocations: 39.432 MiB)
7906
  1.693012 seconds (39.72 k allocations: 50.117 MiB)
9405
  1.707861 seconds (39.72 k allocations: 50.117 MiB)
1892
  1.700455 seconds (38.25 k allocations: 47.917 MiB)
  1.694100 seconds (26.05 k allocations: 33.500 MiB)
4907
3391
  1.696489 seconds (30.82 k allocations: 37.889 MiB)
7907
  1.707563 seconds (38.97 k allocations: 48.133 MiB)
6405
  1.674618 seconds (39.64 k allocations: 50.033 MiB)
9406
  1.681963 seconds (13.50 k allocations: 16.909 MiB)
  1.704028 seconds (39.16 k allocations: 48.955 MiB)
7908
1893
  3.387491 seconds (26.81 k allocations: 33.804 MiB, 1.12% gc time)
  3.389488 seconds (28.49 k allocations: 35.509 MiB, 1.12% gc time)
  3.372108 seconds (13.56 k allocations: 17.122 MiB, 1.13% gc time)
  1.748681 seconds (5.74 k allocations: 7.187 MiB, 2.18% gc time)
4908
6406
3392
9407
  1.695578 seconds (22.87 k allocations: 29.442 MiB)
7909
  1.721258 seconds (7.92 k allocations: 9.991 MiB)
9408
  1.787827 seconds (15.82 k allocations: 19.980 MiB)
4909
  1.795667 seconds (19.67 k allocations: 24.598 MiB)
6407
  1.813513 seconds (33.20 k allocations: 45.202 MiB)
  1.808212 seconds (31.93 k allocations: 40.812 MiB)
1894
3393
  1.698733 seconds (39.72 k allocations: 50.117 MiB)
7910
  1.703192 seconds (39.72 k allocations: 50.117 MiB)
9409
  1.693672 seconds (34.40 k allocations: 43.998 MiB)
4910
  1.697494 seconds (38.50 k allocations: 47.663 MiB)
6408
  1.696191 seconds (31.73 k allocations: 40.043 MiB)
3394
  1.708284 seconds (39.72 k allocations: 50.117 MiB)
1895
  1.700642 seconds (39.72 k allocations: 50.117 MiB)
7911
  1.674308 seconds (39.72 k allocations: 50.117 MiB)
9410
  1.689384 seconds (38.24 k allocations: 47.913 MiB)
4911
  1.700973 seconds (39.72 k allocations: 50.117 MiB)
6409
  1.698969 seconds (39.64 k allocations: 50.033 MiB)
3395
  1.697056 seconds (39.72 k allocations: 50.117 MiB)
1896
  1.717447 seconds (39.72 k allocations: 50.117 MiB)
7912
  1.706991 seconds (35.51 k allocations: 44.593 MiB)
9411
  1.756731 seconds (32.00 k allocations: 39.800 MiB, 1.00% gc time)
  1.738322 seconds (24.18 k allocations: 29.897 MiB, 1.01% gc time)
  1.725808 seconds (16.22 k allocations: 19.878 MiB, 1.02% gc time)
  1.716609 seconds (8.33 k allocations: 9.928 MiB, 1.03% gc time)
4912
1897
6410
3396
  1.701147 seconds (28.28 k allocations: 34.951 MiB)
7913
  1.699767 seconds (11.28 k allocations: 17.092 MiB)
1898
  1.724949 seconds (15.83 k allocations: 19.980 MiB)
9412
  1.725426 seconds (17.00 k allocations: 21.878 MiB)
4913
  1.733297 seconds (31.21 k allocations: 38.293 MiB)
3397
  1.736868 seconds (36.60 k allocations: 45.710 MiB)
6411
  1.695533 seconds (33.33 k allocations: 42.905 MiB)
7914
  1.684992 seconds (21.98 k allocations: 27.484 MiB)
  1.718989 seconds (40.03 k allocations: 51.070 MiB)
4914
1899
  1.696494 seconds (39.34 k allocations: 49.081 MiB)
9413
  1.702554 seconds (35.18 k allocations: 44.794 MiB)
3398
  1.703106 seconds (34.69 k allocations: 43.765 MiB)
6412
  1.693967 seconds (39.88 k allocations: 50.285 MiB)
7915
  1.675505 seconds (23.90 k allocations: 30.138 MiB)
9414
  1.692808 seconds (39.71 k allocations: 49.826 MiB)
4915
  1.713571 seconds (47.42 k allocations: 59.218 MiB)
1900
  1.698035 seconds (34.26 k allocations: 43.848 MiB)
3399
  1.708007 seconds (39.72 k allocations: 50.117 MiB)
6413
  1.704587 seconds (39.80 k allocations: 50.201 MiB)
7916
  1.689836 seconds (31.81 k allocations: 40.127 MiB)
4916
  3.428179 seconds (42.18 k allocations: 52.619 MiB, 0.95% gc time)
  3.384200 seconds (18.95 k allocations: 23.851 MiB, 0.97% gc time)
  3.398201 seconds (26.84 k allocations: 33.820 MiB, 0.96% gc time)
  3.371644 seconds (11.07 k allocations: 13.847 MiB, 0.97% gc time)
  1.730343 seconds (3.14 k allocations: 3.819 MiB, 1.89% gc time)
1901
6414
3400
9415
7917
  1.681517 seconds (28.98 k allocations: 35.677 MiB)
4917
  1.718729 seconds (7.92 k allocations: 9.991 MiB)
6415
  1.787845 seconds (15.82 k allocations: 19.980 MiB)
7918
  1.795860 seconds (23.74 k allocations: 29.970 MiB)
1902
  1.802605 seconds (31.64 k allocations: 39.959 MiB)
9416
  1.819020 seconds (39.64 k allocations: 50.033 MiB)
3401
  1.693241 seconds (39.72 k allocations: 50.117 MiB)
4918
  1.693480 seconds (39.72 k allocations: 50.117 MiB)
6416
  1.697946 seconds (39.15 k allocations: 48.832 MiB)
7919
  1.707728 seconds (39.08 k allocations: 48.762 MiB)
1903
  1.713987 seconds (39.72 k allocations: 50.117 MiB)
9417
  1.713432 seconds (39.64 k allocations: 50.033 MiB)
3402
  1.683251 seconds (39.72 k allocations: 50.117 MiB)
4919
  1.690899 seconds (39.72 k allocations: 50.117 MiB)
6417
  1.696816 seconds (39.80 k allocations: 50.201 MiB)
7920
  1.680362 seconds (31.89 k allocations: 40.211 MiB)
9418
  1.700119 seconds (45.05 k allocations: 56.251 MiB)
1904
  1.703378 seconds (39.72 k allocations: 50.117 MiB)
3403
  1.686124 seconds (39.80 k allocations: 50.201 MiB)
4920
  1.879160 seconds (38.33 k allocations: 47.488 MiB, 0.87% gc time)
  1.781903 seconds (18.59 k allocations: 22.787 MiB, 0.92% gc time)
  1.794881 seconds (30.52 k allocations: 37.586 MiB, 0.91% gc time)
  1.776708 seconds (14.76 k allocations: 17.689 MiB, 0.92% gc time)
  1.717458 seconds (6.86 k allocations: 7.760 MiB, 0.95% gc time)
7921
1905
6418
3404
9419
  1.689429 seconds (34.56 k allocations: 41.345 MiB)
4921
  1.716300 seconds (16.51 k allocations: 23.651 MiB)
3405
  1.735047 seconds (15.91 k allocations: 20.064 MiB)
7922
  1.742638 seconds (23.90 k allocations: 30.138 MiB)
6419
  1.747997 seconds (29.30 k allocations: 36.337 MiB)
1906
  1.762213 seconds (39.80 k allocations: 50.201 MiB)
9420
  1.682825 seconds (39.80 k allocations: 50.201 MiB)
4922
  1.704195 seconds (39.72 k allocations: 50.117 MiB)
3406
  1.692478 seconds (39.02 k allocations: 48.709 MiB)
7923
  1.692148 seconds (35.51 k allocations: 45.133 MiB)
6420
  1.714763 seconds (39.72 k allocations: 50.117 MiB)
1907
  1.705239 seconds (39.58 k allocations: 48.752 MiB)
9421
  1.682410 seconds (39.72 k allocations: 50.117 MiB)
4923
  1.689171 seconds (23.82 k allocations: 30.054 MiB)
  1.697520 seconds (31.47 k allocations: 39.398 MiB)
6421
7924
  1.711483 seconds (42.57 k allocations: 54.428 MiB)
3407
  1.681163 seconds (31.73 k allocations: 40.043 MiB)
9422
  1.700026 seconds (46.30 k allocations: 58.054 MiB)
1908
  1.681437 seconds (39.56 k allocations: 49.949 MiB)
4924
  1.690541 seconds (26.36 k allocations: 33.870 MiB)
6422
  3.285047 seconds (18.75 k allocations: 23.660 MiB, 0.63% gc time)
  3.306381 seconds (26.74 k allocations: 33.707 MiB, 0.62% gc time)
  3.311149 seconds (28.58 k allocations: 36.815 MiB, 0.62% gc time)
  1.701512 seconds (3.18 k allocations: 3.927 MiB, 1.21% gc time)
  3.273727 seconds (11.04 k allocations: 13.813 MiB, 0.63% gc time)
4925
3408
7925
1909
9423
  1.688585 seconds (12.50 k allocations: 17.651 MiB)
4926
  1.696669 seconds (26.31 k allocations: 33.646 MiB)
6423
  1.797035 seconds (15.91 k allocations: 20.064 MiB)
7926
  1.807800 seconds (23.82 k allocations: 30.054 MiB)
  1.807809 seconds (24.20 k allocations: 31.089 MiB)
1910
9424
  1.815205 seconds (38.75 k allocations: 46.665 MiB)
3409
  1.684749 seconds (34.63 k allocations: 44.232 MiB)
4927
  1.691978 seconds (39.72 k allocations: 50.117 MiB)
6424
  1.695039 seconds (39.80 k allocations: 50.201 MiB)
7927
  1.704661 seconds (30.34 k allocations: 37.927 MiB)
1911
  1.706841 seconds (32.06 k allocations: 40.383 MiB)
9425
  1.700990 seconds (28.01 k allocations: 35.723 MiB)
3410
  1.688991 seconds (39.80 k allocations: 50.201 MiB)
4928
  1.693891 seconds (39.80 k allocations: 50.201 MiB)
6425
  1.693659 seconds (39.80 k allocations: 50.201 MiB)
7928
  1.708369 seconds (23.90 k allocations: 30.138 MiB)
  1.712048 seconds (26.29 k allocations: 35.166 MiB)
3411
1912
  1.714568 seconds (32.99 k allocations: 40.818 MiB)
9426
  1.682616 seconds (39.88 k allocations: 50.285 MiB)
4929
  1.884316 seconds (34.78 k allocations: 43.855 MiB, 0.96% gc time)
  1.769391 seconds (26.93 k allocations: 33.908 MiB, 1.02% gc time)
  1.724182 seconds (3.08 k allocations: 3.878 MiB, 1.05% gc time)
  1.728431 seconds (5.98 k allocations: 8.128 MiB, 1.04% gc time)
  1.726613 seconds (3.78 k allocations: 5.956 MiB, 1.04% gc time)
7929
6426
1913
3412
9427
  1.682782 seconds (34.95 k allocations: 41.978 MiB)
4930
  1.710094 seconds (11.84 k allocations: 16.440 MiB)
  1.709769 seconds (10.52 k allocations: 15.749 MiB)
1914
3413
  1.717412 seconds (23.90 k allocations: 30.138 MiB)
6427
  1.729542 seconds (34.31 k allocations: 45.142 MiB)
7930
  1.737268 seconds (39.88 k allocations: 50.285 MiB)
9428
  1.684451 seconds (39.80 k allocations: 50.201 MiB)
4931
  1.683956 seconds (22.87 k allocations: 28.397 MiB)
6428
  1.707961 seconds (39.88 k allocations: 50.285 MiB)
3414
  1.710492 seconds (41.09 k allocations: 52.215 MiB)
1915
  1.695423 seconds (34.35 k allocations: 42.193 MiB)
7931
  1.696640 seconds (39.88 k allocations: 50.285 MiB)
9429
  1.685538 seconds (39.80 k allocations: 50.201 MiB)
4932
  1.690709 seconds (39.72 k allocations: 50.117 MiB)
6429
  1.703592 seconds (28.56 k allocations: 36.114 MiB)
3415
  1.705990 seconds (30.23 k allocations: 37.298 MiB)
7932
  1.711990 seconds (35.93 k allocations: 46.258 MiB)
1916
  1.722533 seconds (39.64 k allocations: 50.033 MiB)
9430
  1.688414 seconds (39.64 k allocations: 50.033 MiB)
4933
  1.779253 seconds (38.10 k allocations: 47.241 MiB, 1.50% gc time)
  1.745026 seconds (15.00 k allocations: 19.124 MiB, 1.53% gc time)
  1.749802 seconds (24.14 k allocations: 29.689 MiB, 1.53% gc time)
  1.742635 seconds (14.54 k allocations: 17.504 MiB, 1.53% gc time)
  1.708995 seconds (6.72 k allocations: 7.663 MiB, 1.56% gc time)
7933
1917
3416
9431
6430
  1.683576 seconds (33.45 k allocations: 40.287 MiB)
4934
  1.700988 seconds (16.23 k allocations: 23.364 MiB)
9432
  1.719058 seconds (19.03 k allocations: 24.475 MiB)
7934
  1.736918 seconds (26.86 k allocations: 34.383 MiB)
1918
  1.739365 seconds (31.89 k allocations: 40.211 MiB)
6431
  1.760562 seconds (41.62 k allocations: 53.286 MiB)
3417
  1.684948 seconds (39.88 k allocations: 50.285 MiB)
4935
  1.706350 seconds (39.88 k allocations: 50.285 MiB)
9433
  1.702272 seconds (39.88 k allocations: 50.285 MiB)
7935
  1.701422 seconds (39.88 k allocations: 50.285 MiB)
1919
  1.696406 seconds (38.56 k allocations: 47.714 MiB)
6432
  1.704746 seconds (39.72 k allocations: 50.117 MiB)
3418
  1.683970 seconds (39.72 k allocations: 50.117 MiB)
4936
  1.674207 seconds (39.80 k allocations: 50.201 MiB)
9434
  1.697443 seconds (39.72 k allocations: 50.117 MiB)
7936
  1.694314 seconds (31.89 k allocations: 40.211 MiB)
6433
  1.704467 seconds (40.97 k allocations: 51.392 MiB)
1920
  1.701923 seconds (39.88 k allocations: 50.285 MiB)
3419
  1.688097 seconds (39.88 k allocations: 50.285 MiB)
4937
  1.682227 seconds (39.88 k allocations: 50.285 MiB)
9435
  3.324161 seconds (34.84 k allocations: 43.919 MiB, 0.57% gc time)
  3.303513 seconds (23.21 k allocations: 29.427 MiB, 0.58% gc time)
  3.295674 seconds (18.93 k allocations: 23.849 MiB, 0.58% gc time)
  1.704741 seconds (3.12 k allocations: 3.974 MiB, 1.12% gc time)
  3.272511 seconds (10.99 k allocations: 13.901 MiB, 0.58% gc time)
4938
6434
1921
3420
7937
  1.678113 seconds (22.21 k allocations: 28.769 MiB)
9436
  1.687291 seconds (21.58 k allocations: 28.824 MiB)
4939
  1.790690 seconds (15.83 k allocations: 19.980 MiB)
6435
  1.792363 seconds (18.79 k allocations: 23.707 MiB)
7938
  1.806424 seconds (31.65 k allocations: 39.959 MiB)
1922
  1.817550 seconds (39.56 k allocations: 49.949 MiB)
3421
  1.682055 seconds (31.73 k allocations: 40.043 MiB)
4940
  1.705189 seconds (47.55 k allocations: 60.022 MiB)
9437
  1.694114 seconds (33.25 k allocations: 42.821 MiB)
6436
  1.694860 seconds (35.78 k allocations: 44.872 MiB)
7939
  1.702911 seconds (39.80 k allocations: 50.201 MiB)
1923
  1.701587 seconds (39.72 k allocations: 50.117 MiB)
3422
  1.691259 seconds (39.80 k allocations: 50.201 MiB)
4941
  1.684541 seconds (34.87 k allocations: 43.948 MiB)
9438
  1.695403 seconds (34.33 k allocations: 43.926 MiB)
6437
  1.706521 seconds (39.72 k allocations: 50.117 MiB)
7940
  1.706313 seconds (39.72 k allocations: 50.117 MiB)
1924
  1.702248 seconds (36.21 k allocations: 45.318 MiB)
3423
  1.684809 seconds (31.64 k allocations: 39.959 MiB)
  1.688889 seconds (32.03 k allocations: 40.995 MiB)
9439
4942
  1.766239 seconds (22.91 k allocations: 28.595 MiB, 2.21% gc time)
  1.786701 seconds (30.80 k allocations: 38.573 MiB, 2.19% gc time)
  1.739210 seconds (7.25 k allocations: 8.800 MiB, 2.25% gc time)
  1.746172 seconds (10.79 k allocations: 13.612 MiB, 2.24% gc time)
6438
7941
1925
3424
  1.681233 seconds (23.34 k allocations: 29.912 MiB)
4943
  1.718618 seconds (7.91 k allocations: 9.990 MiB)
7942
  1.729240 seconds (15.91 k allocations: 20.064 MiB)
6439
  1.732397 seconds (22.00 k allocations: 26.977 MiB)
1926
  1.740334 seconds (31.28 k allocations: 38.362 MiB)
3425
  1.773136 seconds (44.86 k allocations: 60.269 MiB)
9440
  1.693587 seconds (39.80 k allocations: 50.201 MiB)
4944
  1.699068 seconds (37.95 k allocations: 47.609 MiB)
7943
  1.693997 seconds (30.25 k allocations: 38.534 MiB)
6440
  1.708145 seconds (37.44 k allocations: 47.084 MiB)
1927
  1.706157 seconds (36.41 k allocations: 45.516 MiB)
3426
  1.700736 seconds (39.64 k allocations: 50.033 MiB)
9441
  1.680185 seconds (39.64 k allocations: 50.033 MiB)
4945
  1.682752 seconds (31.81 k allocations: 40.127 MiB)
7944
  1.700670 seconds (39.72 k allocations: 50.117 MiB)
6441
  1.677416 seconds (23.90 k allocations: 30.138 MiB)
9442
  1.704822 seconds (36.91 k allocations: 47.260 MiB)
1928
  1.709656 seconds (47.56 k allocations: 58.808 MiB)
3427
  1.681723 seconds (39.80 k allocations: 50.201 MiB)
4946
  1.771554 seconds (38.57 k allocations: 47.721 MiB, 0.95% gc time)
  1.752760 seconds (30.63 k allocations: 37.689 MiB, 0.96% gc time)
  1.729954 seconds (17.21 k allocations: 21.518 MiB, 0.97% gc time)
  1.724528 seconds (12.63 k allocations: 14.971 MiB, 0.97% gc time)
  1.717736 seconds (7.10 k allocations: 8.203 MiB, 0.98% gc time)
6442
7945
1929
3428
9443
  1.688537 seconds (36.59 k allocations: 43.643 MiB)
4947
  1.706248 seconds (7.91 k allocations: 9.990 MiB)
7946
  1.711468 seconds (11.03 k allocations: 16.308 MiB)
1930
  1.727888 seconds (25.73 k allocations: 34.460 MiB)
3429
  1.735725 seconds (38.01 k allocations: 50.110 MiB)
6443
  1.738770 seconds (39.64 k allocations: 50.033 MiB)
9444
  1.683757 seconds (39.64 k allocations: 50.033 MiB)
4948
  1.696732 seconds (31.73 k allocations: 40.043 MiB)
7947
  1.700895 seconds (37.44 k allocations: 46.572 MiB)
1931
  1.694317 seconds (31.73 k allocations: 40.043 MiB)
6444
  1.705113 seconds (41.97 k allocations: 52.407 MiB)
3430
  1.694501 seconds (37.31 k allocations: 46.432 MiB)
9445
  1.682226 seconds (39.72 k allocations: 50.117 MiB)
4949
  1.693487 seconds (35.92 k allocations: 45.555 MiB)
7948
  1.698617 seconds (39.03 k allocations: 48.180 MiB)
1932
  1.699343 seconds (37.70 k allocations: 47.358 MiB)
6445
  1.711031 seconds (35.64 k allocations: 45.263 MiB)
3431
  1.722844 seconds (39.72 k allocations: 50.117 MiB)
9446
  1.684998 seconds (39.80 k allocations: 50.201 MiB)
4950
  1.681083 seconds (37.29 k allocations: 46.943 MiB)
7949
  3.347166 seconds (34.73 k allocations: 43.810 MiB, 1.02% gc time)
  3.330069 seconds (26.81 k allocations: 33.788 MiB, 1.02% gc time)
  3.294742 seconds (11.00 k allocations: 13.798 MiB, 1.03% gc time)
  3.310027 seconds (19.10 k allocations: 24.021 MiB, 1.03% gc time)
  1.724141 seconds (3.27 k allocations: 4.084 MiB, 1.97% gc time)
4951
6446
1933
3432
9447
  1.690867 seconds (23.75 k allocations: 30.352 MiB)
7950
  1.706894 seconds (8.68 k allocations: 14.446 MiB)
4952
  1.792942 seconds (15.99 k allocations: 20.148 MiB)
6447
  1.805470 seconds (23.98 k allocations: 30.222 MiB)
1934
  1.813370 seconds (31.97 k allocations: 40.295 MiB)
3433
  1.819107 seconds (37.75 k allocations: 46.880 MiB)
9448
  1.698893 seconds (39.88 k allocations: 50.285 MiB)
7951
  1.695957 seconds (39.88 k allocations: 50.285 MiB)
4953
  1.700699 seconds (39.80 k allocations: 50.201 MiB)
6448
  1.696408 seconds (27.53 k allocations: 35.064 MiB)
3434
  1.709696 seconds (42.91 k allocations: 53.930 MiB)
1935
  1.716641 seconds (39.80 k allocations: 50.201 MiB)
9449
  1.701062 seconds (39.72 k allocations: 50.117 MiB)
7952
  1.682370 seconds (33.34 k allocations: 42.400 MiB)
4954
  1.700060 seconds (39.64 k allocations: 50.033 MiB)
6449
  1.701507 seconds (33.61 k allocations: 43.177 MiB)
3435
  1.702606 seconds (35.70 k allocations: 44.788 MiB)
1936
  1.690039 seconds (37.44 k allocations: 46.572 MiB)
9450
  1.689074 seconds (31.81 k allocations: 40.127 MiB)
7953
  1.689672 seconds (33.30 k allocations: 42.346 MiB)
  1.750613 seconds (30.69 k allocations: 38.398 MiB, 1.03% gc time)
  1.718790 seconds (6.94 k allocations: 8.423 MiB, 1.05% gc time)
  1.730979 seconds (19.15 k allocations: 23.998 MiB, 1.04% gc time)
  1.723032 seconds (9.77 k allocations: 12.537 MiB, 1.05% gc time)
4955
6450
1937
3436
9451
  1.673094 seconds (28.41 k allocations: 35.082 MiB)
7954
  1.700815 seconds (15.27 k allocations: 22.399 MiB)
1938
  1.715226 seconds (15.99 k allocations: 20.148 MiB)
6451
  1.735253 seconds (23.90 k allocations: 30.138 MiB)
3437
  1.735514 seconds (25.13 k allocations: 32.091 MiB)
4956
  1.766487 seconds (39.80 k allocations: 50.201 MiB)
9452
  1.699808 seconds (39.72 k allocations: 50.117 MiB)
7955
  1.702455 seconds (39.64 k allocations: 50.033 MiB)
1939
  1.694431 seconds (39.64 k allocations: 50.033 MiB)
6452
  1.686684 seconds (31.64 k allocations: 39.959 MiB)
4957
  1.699316 seconds (39.56 k allocations: 49.949 MiB)
3438
  1.709662 seconds (39.64 k allocations: 50.033 MiB)
9453
  1.681172 seconds (39.64 k allocations: 50.033 MiB)
7956
  1.691755 seconds (31.73 k allocations: 40.043 MiB)
6453
  1.705432 seconds (43.40 k allocations: 54.580 MiB)
1940
  1.687454 seconds (39.64 k allocations: 50.033 MiB)
4958
  1.699230 seconds (39.64 k allocations: 50.033 MiB)
3439
  1.693752 seconds (39.64 k allocations: 50.033 MiB)
9454
  1.700230 seconds (39.72 k allocations: 50.117 MiB)
7957
  1.693025 seconds (33.98 k allocations: 43.572 MiB)
6454
  3.356271 seconds (26.88 k allocations: 33.875 MiB, 0.62% gc time)
  3.364791 seconds (34.57 k allocations: 42.985 MiB, 0.62% gc time)
  3.329223 seconds (19.14 k allocations: 24.052 MiB, 0.62% gc time)
  3.293011 seconds (11.28 k allocations: 14.156 MiB, 0.63% gc time)
  1.714530 seconds (3.44 k allocations: 4.288 MiB, 1.21% gc time)
1941
7958
4959
3440
9455
  1.700608 seconds (31.80 k allocations: 38.553 MiB)
6455
  1.702796 seconds (15.59 k allocations: 22.726 MiB)
4960
  1.788024 seconds (15.91 k allocations: 20.064 MiB)
7959
  1.808431 seconds (23.90 k allocations: 30.138 MiB)
  1.805825 seconds (24.29 k allocations: 31.175 MiB)
1942
3441
  1.813254 seconds (39.66 k allocations: 48.850 MiB)
9456
  1.695172 seconds (39.88 k allocations: 50.285 MiB)
6456
  1.693226 seconds (39.80 k allocations: 50.201 MiB)
4961
  1.690677 seconds (39.80 k allocations: 50.201 MiB)
7960
  1.694548 seconds (31.32 k allocations: 39.006 MiB)
1943
  1.696444 seconds (32.48 k allocations: 40.817 MiB)
3442
  1.714721 seconds (39.72 k allocations: 50.117 MiB)
9457
  1.694116 seconds (39.34 k allocations: 49.081 MiB)
6457
  1.688960 seconds (31.73 k allocations: 40.043 MiB)
7961
  1.729621 seconds (47.55 k allocations: 60.022 MiB)
4962
  1.689612 seconds (31.73 k allocations: 40.043 MiB)
3443
  1.702217 seconds (41.20 k allocations: 52.853 MiB)
1944
  1.687102 seconds (39.80 k allocations: 50.201 MiB)
9458
  1.695946 seconds (39.80 k allocations: 50.201 MiB)
6458
  1.757206 seconds (38.66 k allocations: 47.814 MiB, 0.98% gc time)
  1.744270 seconds (30.74 k allocations: 37.804 MiB, 0.99% gc time)
  1.728118 seconds (22.49 k allocations: 26.897 MiB, 0.99% gc time)
  1.716590 seconds (14.97 k allocations: 18.012 MiB, 1.00% gc time)
  1.707187 seconds (7.17 k allocations: 8.175 MiB, 1.01% gc time)
7962
9459
1945
4963
3444
  1.693039 seconds (33.82 k allocations: 40.598 MiB)
  1.693685 seconds (7.89 k allocations: 12.351 MiB)
6459
1946
  1.725284 seconds (23.15 k allocations: 31.121 MiB)
9460
  1.732273 seconds (23.82 k allocations: 30.054 MiB)
3445
  1.733113 seconds (24.24 k allocations: 31.120 MiB)
7963
  1.737684 seconds (39.21 k allocations: 48.374 MiB)
4964
  1.693228 seconds (31.81 k allocations: 40.127 MiB)
  1.706398 seconds (39.51 k allocations: 49.392 MiB)
1947
6460
  1.690638 seconds (21.53 k allocations: 27.030 MiB)
7964
  1.711247 seconds (46.15 k allocations: 57.371 MiB)
9461
  1.701493 seconds (34.70 k allocations: 43.078 MiB)
3446
  1.697479 seconds (35.16 k allocations: 44.239 MiB)
4965
  1.695082 seconds (31.89 k allocations: 40.211 MiB)
  1.696385 seconds (32.27 k allocations: 41.247 MiB)
6461
1948
  1.688098 seconds (17.80 k allocations: 23.229 MiB)
  1.692288 seconds (25.50 k allocations: 32.284 MiB)
3447
9462
  1.708696 seconds (51.99 k allocations: 64.539 MiB)
7965
  1.699247 seconds (35.59 k allocations: 44.676 MiB)
4966
  1.699646 seconds (31.73 k allocations: 40.043 MiB)
6462
  1.703130 seconds (35.85 k allocations: 44.949 MiB)
1949
  1.822461 seconds (23.72 k allocations: 29.956 MiB, 1.57% gc time)
  1.816546 seconds (13.21 k allocations: 17.308 MiB, 1.58% gc time)
  1.812775 seconds (11.00 k allocations: 13.794 MiB, 1.58% gc time)
  1.823396 seconds (24.88 k allocations: 31.092 MiB, 1.57% gc time)
7966
4967
3448
9463
  1.699464 seconds (27.48 k allocations: 33.028 MiB)
1950
  1.719995 seconds (7.91 k allocations: 9.990 MiB)
3449
  1.727579 seconds (15.48 k allocations: 18.403 MiB)
7967
  1.748361 seconds (54.21 k allocations: 68.737 MiB)
6463
  1.735072 seconds (31.73 k allocations: 40.043 MiB)
4968
  1.742213 seconds (39.64 k allocations: 50.033 MiB)
9464
  1.698244 seconds (39.64 k allocations: 50.033 MiB)
1951
  1.701413 seconds (37.48 k allocations: 46.678 MiB)
3450
  1.698033 seconds (25.73 k allocations: 32.701 MiB)
7968
  1.700587 seconds (34.01 k allocations: 41.851 MiB)
6464
  1.696816 seconds (35.54 k allocations: 43.930 MiB)
4969
  1.711818 seconds (39.72 k allocations: 50.117 MiB)
9465
  1.700769 seconds (39.64 k allocations: 50.033 MiB)
1952
  1.692266 seconds (32.54 k allocations: 41.387 MiB)
3451
  1.691798 seconds (28.09 k allocations: 35.689 MiB)
7969
  1.699772 seconds (35.87 k allocations: 45.492 MiB)
6465
  1.700601 seconds (37.38 k allocations: 46.514 MiB)
4970
  1.689269 seconds (39.80 k allocations: 50.201 MiB)
9466
  1.707104 seconds (39.72 k allocations: 50.117 MiB)
1953
  1.738265 seconds (31.06 k allocations: 39.382 MiB, 1.06% gc time)
  1.735776 seconds (30.36 k allocations: 37.415 MiB, 1.07% gc time)
  1.723512 seconds (19.75 k allocations: 23.952 MiB, 1.07% gc time)
  1.706240 seconds (6.73 k allocations: 7.558 MiB, 1.08% gc time)
  1.717301 seconds (14.76 k allocations: 17.774 MiB, 1.08% gc time)
7970
4971
3452
6466
9467
  1.697795 seconds (32.23 k allocations: 38.988 MiB)
1954
  1.693160 seconds (6.18 k allocations: 10.652 MiB)
6467
  1.726175 seconds (19.55 k allocations: 27.451 MiB)
9468
  1.724163 seconds (17.82 k allocations: 22.712 MiB)
7971
  1.732202 seconds (31.81 k allocations: 40.127 MiB)
3453
  1.742489 seconds (39.80 k allocations: 50.201 MiB)
4972
  1.697855 seconds (32.97 k allocations: 42.543 MiB)
  1.695752 seconds (32.19 k allocations: 41.163 MiB)
1955
6468
  1.687839 seconds (31.51 k allocations: 39.175 MiB)
7972
  1.689898 seconds (31.81 k allocations: 40.127 MiB)
3454
  1.704286 seconds (41.69 k allocations: 54.040 MiB)
9469
  1.698279 seconds (39.80 k allocations: 50.201 MiB)
4973
  1.700937 seconds (31.73 k allocations: 40.043 MiB)
  1.701662 seconds (31.96 k allocations: 40.721 MiB)
6469
1956
  1.692069 seconds (39.64 k allocations: 50.033 MiB)
7973
  1.685968 seconds (31.64 k allocations: 39.959 MiB)
9470
  1.689793 seconds (32.83 k allocations: 43.027 MiB)
3455
  1.709614 seconds (39.64 k allocations: 50.033 MiB)
4974
  1.696358 seconds (31.73 k allocations: 40.043 MiB)
1957
  1.701114 seconds (33.59 k allocations: 42.645 MiB)
6470
  1.785078 seconds (16.32 k allocations: 19.961 MiB, 2.54% gc time)
  1.786394 seconds (16.41 k allocations: 20.028 MiB, 2.54% gc time)
  1.798534 seconds (31.89 k allocations: 39.042 MiB, 2.52% gc time)
  1.749082 seconds (8.64 k allocations: 10.162 MiB, 2.59% gc time)
7974
4975
3456
9471
  1.694805 seconds (20.63 k allocations: 25.941 MiB)
6471
  1.716085 seconds (8.04 k allocations: 11.344 MiB)
4976
  1.724029 seconds (15.91 k allocations: 20.064 MiB)
7975
  1.742334 seconds (36.64 k allocations: 48.033 MiB)
1958
  1.741937 seconds (31.73 k allocations: 40.043 MiB)
9472
  1.749212 seconds (39.64 k allocations: 50.033 MiB)
3457
  1.702610 seconds (39.72 k allocations: 50.117 MiB)
6472
  1.703237 seconds (39.72 k allocations: 50.117 MiB)
4977
  1.693883 seconds (32.27 k allocations: 40.661 MiB)
7976
  1.699883 seconds (39.41 k allocations: 49.164 MiB)
1959
  1.688929 seconds (30.14 k allocations: 37.195 MiB)
3458
  1.710771 seconds (47.41 k allocations: 59.239 MiB)
9473
  1.692885 seconds (39.72 k allocations: 50.117 MiB)
6473
  1.689141 seconds (31.73 k allocations: 40.043 MiB)
7977
  1.701144 seconds (39.64 k allocations: 50.033 MiB)
4978
  1.685717 seconds (31.73 k allocations: 40.043 MiB)
3459
  1.692608 seconds (36.92 k allocations: 47.265 MiB)
1960
  1.683755 seconds (39.72 k allocations: 50.117 MiB)
9474
  1.695253 seconds (39.72 k allocations: 50.117 MiB)
6474
  1.668697 seconds (36.35 k allocations: 45.450 MiB)
7978
  1.725477 seconds (15.47 k allocations: 19.096 MiB, 1.05% gc time)
  1.715573 seconds (7.79 k allocations: 9.305 MiB, 1.05% gc time)
  1.733021 seconds (29.65 k allocations: 36.082 MiB, 1.04% gc time)
  1.724243 seconds (15.46 k allocations: 18.374 MiB, 1.05% gc time)
1961
3460
4979
9475
  1.694137 seconds (34.84 k allocations: 41.867 MiB)
6475
  1.707131 seconds (14.02 k allocations: 19.884 MiB)
1962
  1.726436 seconds (26.53 k allocations: 35.800 MiB)
7979
  1.724654 seconds (20.42 k allocations: 25.372 MiB)
3461
  1.744000 seconds (31.97 k allocations: 40.295 MiB)
9476
  1.744003 seconds (35.63 k allocations: 44.726 MiB)
4980
  1.707960 seconds (39.88 k allocations: 50.285 MiB)
6476
  1.692646 seconds (39.88 k allocations: 50.285 MiB)
1963
  1.693374 seconds (35.88 k allocations: 45.513 MiB)
  1.688666 seconds (32.19 k allocations: 41.163 MiB)
7980
3462
  1.697397 seconds (31.81 k allocations: 40.127 MiB)
4981
  1.704586 seconds (37.40 k allocations: 47.760 MiB)
9477
  1.698121 seconds (39.64 k allocations: 50.033 MiB)
6477
  1.705713 seconds (39.72 k allocations: 50.117 MiB)
1964
  1.691006 seconds (28.90 k allocations: 35.942 MiB)
3463
  1.696844 seconds (35.94 k allocations: 45.037 MiB)
7981
  1.690047 seconds (31.89 k allocations: 40.211 MiB)
9478
  1.697332 seconds (36.81 k allocations: 47.152 MiB)
4982
  1.700032 seconds (39.80 k allocations: 50.201 MiB)
6478
  1.689971 seconds (23.82 k allocations: 30.054 MiB)
3464
  1.701613 seconds (38.26 k allocations: 48.632 MiB)
  1.692060 seconds (26.34 k allocations: 33.852 MiB)
1965
7982
  3.369046 seconds (11.84 k allocations: 16.006 MiB, 0.51% gc time)
  1.719523 seconds (4.10 k allocations: 6.183 MiB, 1.01% gc time)
  3.366970 seconds (11.95 k allocations: 16.120 MiB, 0.52% gc time)
6479
9479
4983
  1.693169 seconds (23.05 k allocations: 29.612 MiB)
3465
  1.702383 seconds (9.32 k allocations: 13.877 MiB)
4984
  1.779806 seconds (15.83 k allocations: 19.980 MiB)
6480
  1.799080 seconds (23.74 k allocations: 29.970 MiB)
1966
  1.805003 seconds (30.60 k allocations: 37.667 MiB)
7983
  1.816413 seconds (39.64 k allocations: 50.033 MiB)
9480
  1.687241 seconds (39.64 k allocations: 50.033 MiB)
3466
  1.706039 seconds (39.64 k allocations: 50.033 MiB)
  1.697878 seconds (32.11 k allocations: 41.079 MiB)
  1.696773 seconds (22.27 k allocations: 29.059 MiB)
  1.692673 seconds (16.97 k allocations: 23.087 MiB)
  1.719517 seconds (9.44 k allocations: 14.134 MiB)
4985
6481
1967
7984
9481
  1.694523 seconds (39.80 k allocations: 50.201 MiB)
3467
  1.727665 seconds (7.99 k allocations: 10.074 MiB)
  1.729241 seconds (8.55 k allocations: 12.513 MiB)
9482
4986
  1.735978 seconds (23.13 k allocations: 26.909 MiB)
7985
  1.737868 seconds (25.04 k allocations: 31.997 MiB)
1968
  1.736791 seconds (32.62 k allocations: 40.429 MiB)
6482
  1.689567 seconds (39.72 k allocations: 50.117 MiB)
3468
  1.740319 seconds (28.76 k allocations: 34.799 MiB, 1.32% gc time)
  1.732970 seconds (11.44 k allocations: 13.559 MiB, 1.32% gc time)
  1.740058 seconds (28.21 k allocations: 33.874 MiB, 1.32% gc time)
  1.731267 seconds (9.94 k allocations: 11.999 MiB, 1.32% gc time)
  1.725449 seconds (6.70 k allocations: 7.476 MiB, 1.33% gc time)
1969
4987
6483
7986
9483
  1.693823 seconds (36.09 k allocations: 43.036 MiB)
3469
  1.720960 seconds (23.00 k allocations: 27.885 MiB)
1970
  1.723987 seconds (25.03 k allocations: 30.589 MiB)
  1.713670 seconds (12.15 k allocations: 16.439 MiB)
4988
  1.722334 seconds (23.21 k allocations: 30.064 MiB)
7987
6484
  1.753110 seconds (39.64 k allocations: 50.033 MiB)
9484
  1.684894 seconds (39.64 k allocations: 50.033 MiB)
3470
  1.691868 seconds (24.65 k allocations: 32.650 MiB)
1971
  1.692180 seconds (20.10 k allocations: 25.030 MiB)
4989
  1.698970 seconds (31.89 k allocations: 40.211 MiB)
  1.699967 seconds (32.27 k allocations: 41.247 MiB)
6485
7988
  1.709363 seconds (39.80 k allocations: 50.201 MiB)
9485
  1.686709 seconds (39.72 k allocations: 50.117 MiB)
3471
  1.691349 seconds (34.37 k allocations: 43.961 MiB)
  1.688188 seconds (30.81 k allocations: 38.345 MiB)
1972
4990
  1.697696 seconds (31.81 k allocations: 40.127 MiB)
6486
  1.704637 seconds (39.63 k allocations: 48.798 MiB)
7989
  1.690216 seconds (39.80 k allocations: 50.201 MiB)
9486
  1.699631 seconds (39.80 k allocations: 50.201 MiB)
3472
  1.685036 seconds (31.81 k allocations: 40.127 MiB)
4991
  3.366967 seconds (35.83 k allocations: 46.145 MiB, 0.53% gc time)
  3.348599 seconds (24.37 k allocations: 30.614 MiB, 0.53% gc time)
  3.342101 seconds (18.81 k allocations: 23.692 MiB, 0.53% gc time)
  3.300023 seconds (10.96 k allocations: 13.837 MiB, 0.54% gc time)
  1.705975 seconds (3.13 k allocations: 3.991 MiB, 1.04% gc time)
1973
3473
6487
7990
9487
  1.674518 seconds (19.84 k allocations: 25.247 MiB)
3474
  1.698151 seconds (44.18 k allocations: 53.309 MiB)
4992
  1.791280 seconds (15.82 k allocations: 19.980 MiB)
9488
  1.804299 seconds (26.56 k allocations: 34.078 MiB)
1974
  1.803280 seconds (31.65 k allocations: 39.959 MiB)
  1.810073 seconds (35.20 k allocations: 46.542 MiB)
7991
6488
  1.684986 seconds (39.56 k allocations: 49.949 MiB)
3475
  1.690442 seconds (39.56 k allocations: 49.949 MiB)
4993
  1.691010 seconds (31.73 k allocations: 40.043 MiB)
1975
  1.704748 seconds (40.76 k allocations: 52.402 MiB)
9489
  1.706415 seconds (31.73 k allocations: 40.043 MiB)
6489
  1.733071 seconds (40.34 k allocations: 51.970 MiB)
7992
  1.683872 seconds (39.72 k allocations: 50.117 MiB)
3476
  1.694091 seconds (39.72 k allocations: 50.117 MiB)
4994
  1.690928 seconds (39.80 k allocations: 50.201 MiB)
1976
  1.686261 seconds (37.85 k allocations: 46.985 MiB)
9490
  1.702698 seconds (39.80 k allocations: 50.201 MiB)
6490
  1.711781 seconds (39.80 k allocations: 50.201 MiB)
7993
  1.688165 seconds (39.72 k allocations: 50.117 MiB)
3477
  1.811115 seconds (18.83 k allocations: 23.737 MiB, 1.11% gc time)
  1.816781 seconds (23.41 k allocations: 29.618 MiB, 1.11% gc time)
  1.778192 seconds (10.99 k allocations: 13.798 MiB, 1.13% gc time)
  1.934063 seconds (34.70 k allocations: 43.776 MiB, 1.04% gc time)
  1.736340 seconds (3.12 k allocations: 3.812 MiB, 1.16% gc time)
1977
9491
6491
7994
4995
  1.684953 seconds (27.76 k allocations: 34.479 MiB)
3478
  1.736150 seconds (13.69 k allocations: 17.110 MiB)
1978
  1.742832 seconds (20.48 k allocations: 24.725 MiB)
  1.760723 seconds (21.70 k allocations: 27.854 MiB)
  1.739479 seconds (16.67 k allocations: 22.136 MiB)
  1.764324 seconds (17.05 k allocations: 23.172 MiB)
6492
9492
4996
7995
  1.697731 seconds (39.56 k allocations: 49.949 MiB)
3479
  1.699825 seconds (39.17 k allocations: 48.913 MiB)
1979
  1.692679 seconds (17.35 k allocations: 22.765 MiB)
4997
  1.695481 seconds (20.11 k allocations: 26.277 MiB)
7996
  1.706168 seconds (33.34 k allocations: 42.906 MiB)
9493
  1.737663 seconds (39.64 k allocations: 50.033 MiB)
6493
  1.684483 seconds (39.72 k allocations: 50.117 MiB)
3480
  1.691654 seconds (39.80 k allocations: 50.201 MiB)
1980
  1.687102 seconds (33.22 k allocations: 42.794 MiB)
4998
  1.686640 seconds (31.81 k allocations: 40.127 MiB)
9494
  1.700107 seconds (42.01 k allocations: 53.150 MiB)
7997
  1.697823 seconds (39.72 k allocations: 50.117 MiB)
6494
  1.702647 seconds (39.72 k allocations: 50.117 MiB)
3481
  1.809874 seconds (38.23 k allocations: 47.376 MiB, 0.99% gc time)
  1.760693 seconds (14.49 k allocations: 17.367 MiB, 1.02% gc time)
  1.777273 seconds (30.34 k allocations: 37.403 MiB, 1.01% gc time)
  1.760665 seconds (14.59 k allocations: 17.473 MiB, 1.02% gc time)
  1.715221 seconds (6.67 k allocations: 7.514 MiB, 1.05% gc time)
4999
7998
6495
1981
9495
  1.688850 seconds (33.07 k allocations: 39.851 MiB)
3482
  1.699049 seconds (17.91 k allocations: 25.091 MiB)
6496
  1.728261 seconds (15.99 k allocations: 20.148 MiB)
7999
  1.737196 seconds (23.90 k allocations: 30.138 MiB)
5000
  1.743481 seconds (31.89 k allocations: 40.211 MiB)
1982
  1.756276 seconds (39.88 k allocations: 50.285 MiB)
9496
  1.693330 seconds (39.80 k allocations: 50.201 MiB)
3483
  1.700785 seconds (39.72 k allocations: 50.117 MiB)
6497
  1.684913 seconds (31.34 k allocations: 39.007 MiB)
  1.701335 seconds (39.72 k allocations: 50.117 MiB)
5001
  1.693579 seconds (30.74 k allocations: 38.460 MiB)
8000
1983
  1.707091 seconds (39.72 k allocations: 50.117 MiB)
9497
  1.687397 seconds (39.72 k allocations: 50.117 MiB)
3484
  1.707612 seconds (39.72 k allocations: 50.117 MiB)
6498
  1.701842 seconds (38.95 k allocations: 48.045 MiB)
5002
  1.691330 seconds (25.25 k allocations: 32.220 MiB)
8001
  1.692265 seconds (27.28 k allocations: 34.978 MiB)
1984
  1.681421 seconds (39.80 k allocations: 50.201 MiB)
9498
  1.693118 seconds (39.80 k allocations: 50.201 MiB)
3485
  1.703060 seconds (39.72 k allocations: 50.117 MiB)
6499
  3.357579 seconds (18.64 k allocations: 23.550 MiB, 0.70% gc time)
  3.358921 seconds (19.84 k allocations: 25.997 MiB, 0.70% gc time)
  3.356080 seconds (18.83 k allocations: 23.773 MiB, 0.70% gc time)
  3.339082 seconds (11.04 k allocations: 14.020 MiB, 0.70% gc time)
  1.724754 seconds (3.20 k allocations: 4.120 MiB, 1.35% gc time)
3486
1985
9499
5003
8002
  1.695420 seconds (29.01 k allocations: 35.753 MiB)
6500
  1.728147 seconds (13.90 k allocations: 19.759 MiB)
3487
  1.783652 seconds (18.73 k allocations: 24.169 MiB)
5004
  1.786491 seconds (23.90 k allocations: 30.138 MiB)
8003
  1.807295 seconds (35.28 k allocations: 44.888 MiB)
1986
  1.833743 seconds (42.71 k allocations: 54.393 MiB)
9500
  1.695115 seconds (39.80 k allocations: 50.201 MiB)
6501
  1.697632 seconds (39.72 k allocations: 50.117 MiB)
3488
  1.684834 seconds (39.72 k allocations: 50.117 MiB)
5005
  1.695148 seconds (39.80 k allocations: 50.201 MiB)
8004
  1.702584 seconds (39.80 k allocations: 50.201 MiB)
1987
  1.719843 seconds (39.80 k allocations: 50.201 MiB)
9501
  1.701865 seconds (39.80 k allocations: 50.201 MiB)
6502
  1.692985 seconds (39.72 k allocations: 50.117 MiB)
3489
  1.690768 seconds (39.72 k allocations: 50.117 MiB)
5006
  1.691088 seconds (39.64 k allocations: 50.033 MiB)
8005
  1.704103 seconds (39.64 k allocations: 50.033 MiB)
1988
  1.690945 seconds (39.64 k allocations: 50.033 MiB)
9502
  1.707269 seconds (39.72 k allocations: 50.117 MiB)
6503
  1.838399 seconds (38.26 k allocations: 47.406 MiB, 0.94% gc time)
  1.792699 seconds (30.39 k allocations: 37.448 MiB, 0.96% gc time)
  1.773775 seconds (22.57 k allocations: 27.522 MiB, 0.97% gc time)
  1.741654 seconds (14.74 k allocations: 17.633 MiB, 0.99% gc time)
  1.707931 seconds (6.85 k allocations: 7.703 MiB, 1.01% gc time)
5007
1989
3490
9503
8006
  1.701293 seconds (33.95 k allocations: 40.810 MiB)
6504
  1.702243 seconds (17.68 k allocations: 24.853 MiB)
9504
  1.724506 seconds (16.25 k allocations: 21.639 MiB)
1990
  1.726464 seconds (17.39 k allocations: 22.271 MiB)
  1.726226 seconds (17.48 k allocations: 22.367 MiB)
3491
5008
  1.745777 seconds (39.72 k allocations: 50.117 MiB)
8007
  1.704557 seconds (39.42 k allocations: 49.165 MiB)
6505
  1.712078 seconds (39.88 k allocations: 50.285 MiB)
9505
  1.688519 seconds (24.68 k allocations: 32.165 MiB)
3492
  1.687213 seconds (24.98 k allocations: 31.948 MiB)
5009
  1.693823 seconds (31.81 k allocations: 40.829 MiB)
1991
  1.699027 seconds (39.80 k allocations: 50.201 MiB)
8008
  1.681229 seconds (31.53 k allocations: 39.316 MiB)
9506
  1.705717 seconds (47.63 k allocations: 60.106 MiB)
6506
  1.687112 seconds (28.86 k allocations: 36.422 MiB)
3493
  1.685952 seconds (26.94 k allocations: 35.161 MiB)
5010
  1.695277 seconds (39.64 k allocations: 50.033 MiB)
1992
  1.694733 seconds (39.72 k allocations: 50.117 MiB)
8009
  1.680601 seconds (39.42 k allocations: 49.165 MiB)
9507
  1.770716 seconds (22.14 k allocations: 28.353 MiB, 1.57% gc time)
  1.777378 seconds (32.70 k allocations: 41.030 MiB, 1.56% gc time)
  1.764883 seconds (19.04 k allocations: 23.946 MiB, 1.57% gc time)
  1.753291 seconds (11.10 k allocations: 13.891 MiB, 1.58% gc time)
  1.723264 seconds (3.17 k allocations: 3.950 MiB, 1.61% gc time)
6507
5011
1993
8010
3494
  1.685870 seconds (24.37 k allocations: 30.977 MiB)
9508
  1.694951 seconds (16.41 k allocations: 23.550 MiB)
8011
  1.726909 seconds (15.82 k allocations: 19.980 MiB)
1994
  1.732056 seconds (21.74 k allocations: 26.712 MiB)
5012
  1.740356 seconds (31.81 k allocations: 40.127 MiB)
  1.738746 seconds (32.19 k allocations: 41.163 MiB)
6508
3495
  1.702003 seconds (39.80 k allocations: 50.201 MiB)
9509
  1.695069 seconds (39.32 k allocations: 48.488 MiB)
8012
  1.686125 seconds (30.12 k allocations: 37.016 MiB)
  1.692859 seconds (37.13 k allocations: 47.412 MiB)
5013
1995
  1.697799 seconds (31.81 k allocations: 40.127 MiB)
3496
  1.705922 seconds (38.57 k allocations: 47.724 MiB)
6509
  1.692784 seconds (38.73 k allocations: 48.414 MiB)
9510
  1.698666 seconds (39.80 k allocations: 50.201 MiB)
8013
  1.690136 seconds (31.89 k allocations: 40.211 MiB)
5014
  1.696858 seconds (39.88 k allocations: 50.285 MiB)
1996
  1.694338 seconds (37.79 k allocations: 47.467 MiB)
3497
  1.699869 seconds (39.88 k allocations: 50.285 MiB)
6510
  1.694724 seconds (39.80 k allocations: 50.201 MiB)
9511
  1.771157 seconds (38.48 k allocations: 47.628 MiB, 1.10% gc time)
  1.756475 seconds (30.04 k allocations: 36.400 MiB, 1.11% gc time)
  1.748013 seconds (22.55 k allocations: 27.487 MiB, 1.12% gc time)
  1.726080 seconds (13.91 k allocations: 16.067 MiB, 1.13% gc time)
  1.718287 seconds (6.82 k allocations: 7.659 MiB, 1.14% gc time)
5015
6511
8014
3498
1997
  1.697259 seconds (9.74 k allocations: 14.843 MiB)
6512
  1.719910 seconds (34.49 k allocations: 42.044 MiB)
9512
  1.719076 seconds (15.99 k allocations: 20.148 MiB)
5016
  1.720068 seconds (16.50 k allocations: 21.371 MiB)
3499
  1.722352 seconds (19.67 k allocations: 25.295 MiB)
8015
  1.739670 seconds (39.80 k allocations: 50.201 MiB)
1998
  1.686237 seconds (8.88 k allocations: 12.209 MiB)
  1.698129 seconds (32.19 k allocations: 41.163 MiB)
5017
  1.702835 seconds (35.30 k allocations: 46.261 MiB)
  1.695403 seconds (16.75 k allocations: 22.220 MiB)
9513
6513
8016
  1.701541 seconds (31.02 k allocations: 37.582 MiB)
3500
  1.696952 seconds (39.80 k allocations: 50.201 MiB)
1999
  1.693735 seconds (38.95 k allocations: 48.045 MiB)
5018
  1.699805 seconds (20.92 k allocations: 26.400 MiB)
  1.701010 seconds (22.35 k allocations: 29.720 MiB)
8017
  1.694629 seconds (17.26 k allocations: 22.775 MiB)
9514
3501
  1.707405 seconds (39.38 k allocations: 49.781 MiB)
6514
  1.699695 seconds (39.72 k allocations: 50.117 MiB)
2000
  1.677865 seconds (18.42 k allocations: 23.203 MiB)
8018
  1.696337 seconds (40.97 k allocations: 52.085 MiB)
5019
  1.749462 seconds (16.28 k allocations: 21.149 MiB, 1.74% gc time)
  1.754070 seconds (21.93 k allocations: 28.184 MiB, 1.74% gc time)
  1.742909 seconds (11.97 k allocations: 14.834 MiB, 1.75% gc time)
  1.730026 seconds (4.56 k allocations: 5.998 MiB, 1.76% gc time)
2001
6515
3502
9515
  1.703240 seconds (23.64 k allocations: 30.223 MiB)
8019
  1.718803 seconds (7.91 k allocations: 9.990 MiB)
6516
  1.723868 seconds (12.40 k allocations: 15.264 MiB)
2002
  1.730817 seconds (22.91 k allocations: 30.369 MiB)
5020
  1.737178 seconds (31.81 k allocations: 40.127 MiB)
3503
  1.756027 seconds (39.80 k allocations: 50.201 MiB)
9516
  1.697141 seconds (39.80 k allocations: 50.201 MiB)
8020
  1.695631 seconds (34.78 k allocations: 44.383 MiB)
6517
  1.691010 seconds (28.81 k allocations: 35.853 MiB)
5021
  1.700636 seconds (40.32 k allocations: 50.721 MiB)
2003
  1.689230 seconds (37.70 k allocations: 46.839 MiB)
3504
  1.707173 seconds (39.88 k allocations: 50.285 MiB)
9517
  1.698473 seconds (39.80 k allocations: 50.201 MiB)
8021
  1.696483 seconds (35.24 k allocations: 44.849 MiB)
6518
  1.686447 seconds (21.23 k allocations: 26.193 MiB)
3505
  1.694517 seconds (29.99 k allocations: 38.285 MiB)
  1.699707 seconds (37.81 k allocations: 48.772 MiB)
2004
5022
  1.685446 seconds (39.64 k allocations: 50.033 MiB)
9518
  1.694014 seconds (39.64 k allocations: 50.033 MiB)
8022
  1.753077 seconds (32.80 k allocations: 39.750 MiB, 0.94% gc time)
  1.745482 seconds (14.76 k allocations: 17.683 MiB, 0.95% gc time)
  1.744921 seconds (14.69 k allocations: 17.579 MiB, 0.95% gc time)
  1.745692 seconds (14.76 k allocations: 17.683 MiB, 0.95% gc time)
  1.705380 seconds (6.97 k allocations: 7.834 MiB, 0.97% gc time)
5023
2005
6519
3506
9519
  1.701245 seconds (31.17 k allocations: 37.912 MiB)
8023
  1.700977 seconds (7.97 k allocations: 13.732 MiB)
9520
  1.723545 seconds (15.91 k allocations: 20.064 MiB)
5024
  1.725013 seconds (17.19 k allocations: 22.079 MiB)
2006
  1.728985 seconds (25.02 k allocations: 30.752 MiB)
6520
  1.732842 seconds (37.07 k allocations: 46.200 MiB)
3507
  1.696283 seconds (32.42 k allocations: 41.980 MiB)
8024
  1.687705 seconds (20.38 k allocations: 27.074 MiB)
  1.715886 seconds (39.95 k allocations: 50.769 MiB)
5025
9521
  1.695099 seconds (33.10 k allocations: 42.024 MiB)
2007
  1.697227 seconds (34.13 k allocations: 42.507 MiB)
6521
  1.695958 seconds (36.17 k allocations: 45.287 MiB)
3508
  1.683690 seconds (39.80 k allocations: 50.201 MiB)
8025
  1.684889 seconds (31.81 k allocations: 40.127 MiB)
9522
  1.689559 seconds (36.28 k allocations: 45.395 MiB)
5026
  1.700994 seconds (36.08 k allocations: 45.720 MiB)
2008
  1.694131 seconds (25.42 k allocations: 32.384 MiB)
  1.699851 seconds (29.90 k allocations: 38.826 MiB)
3509
6522
  1.697244 seconds (39.64 k allocations: 50.033 MiB)
8026
  1.681064 seconds (34.11 k allocations: 42.478 MiB)
9523
  3.393707 seconds (34.75 k allocations: 43.836 MiB, 0.64% gc time)
  3.368894 seconds (26.10 k allocations: 31.778 MiB, 0.65% gc time)
  3.357741 seconds (10.98 k allocations: 13.797 MiB, 0.65% gc time)
  3.357667 seconds (11.06 k allocations: 13.937 MiB, 0.65% gc time)
  1.714793 seconds (2.02 k allocations: 2.148 MiB, 1.27% gc time)
8027
2009
6523
5027
3510
  1.698953 seconds (3.23 k allocations: 4.518 MiB)
5028
  1.727387 seconds (36.54 k allocations: 45.362 MiB)
9524
  1.788727 seconds (16.51 k allocations: 21.901 MiB)
8028
  1.798309 seconds (24.85 k allocations: 32.329 MiB)
6524
  1.795664 seconds (26.22 k allocations: 33.195 MiB)
3511
  1.804634 seconds (34.53 k allocations: 43.610 MiB)
2010
  1.702500 seconds (39.64 k allocations: 50.033 MiB)
5029
  1.710497 seconds (39.72 k allocations: 50.117 MiB)
9525
  1.690471 seconds (39.34 k allocations: 49.081 MiB)
8029
  1.694932 seconds (25.86 k allocations: 33.361 MiB)
3512
  1.703315 seconds (36.95 k allocations: 46.597 MiB)
6525
  1.701730 seconds (37.57 k allocations: 46.702 MiB)
2011
  1.702288 seconds (39.64 k allocations: 50.033 MiB)
5030
  1.685890 seconds (39.64 k allocations: 50.033 MiB)
9526
  1.667571 seconds (39.72 k allocations: 50.117 MiB)
8030
  1.687616 seconds (35.41 k allocations: 45.023 MiB)
3513
  1.695300 seconds (31.89 k allocations: 40.211 MiB)
  1.701607 seconds (36.57 k allocations: 46.850 MiB)
2012
6526
  1.697925 seconds (39.88 k allocations: 50.285 MiB)
  1.686265 seconds (32.08 k allocations: 40.766 MiB)
5031
9527
  1.776480 seconds (30.21 k allocations: 37.963 MiB, 1.15% gc time)
  1.722395 seconds (6.46 k allocations: 7.995 MiB, 1.19% gc time)
  1.736925 seconds (22.29 k allocations: 27.950 MiB, 1.18% gc time)
  1.721623 seconds (6.54 k allocations: 8.091 MiB, 1.19% gc time)
8031
3514
6527
2013
  1.699032 seconds (5.55 k allocations: 9.318 MiB)
6528
  1.704267 seconds (17.06 k allocations: 24.220 MiB)
5032
  1.724379 seconds (15.91 k allocations: 20.064 MiB)
2014
  1.725196 seconds (18.24 k allocations: 23.142 MiB)
8032
  1.734484 seconds (31.81 k allocations: 40.127 MiB)
3515
  1.764909 seconds (39.92 k allocations: 51.539 MiB)
9528
  1.697663 seconds (31.81 k allocations: 40.127 MiB)
5033
  1.705809 seconds (37.81 k allocations: 46.948 MiB)
6529
  1.694317 seconds (31.36 k allocations: 38.977 MiB)
8033
  1.704137 seconds (40.05 k allocations: 50.458 MiB)
2015
  1.695094 seconds (32.78 k allocations: 41.824 MiB)
3516
  1.709827 seconds (39.80 k allocations: 50.201 MiB)
9529
  1.696901 seconds (36.64 k allocations: 46.273 MiB)
5034
  1.694380 seconds (34.82 k allocations: 43.899 MiB)
6530
  1.692873 seconds (37.58 k allocations: 46.600 MiB)
8034
  1.689971 seconds (26.85 k allocations: 33.842 MiB)
2016
  1.692007 seconds (31.92 k allocations: 39.720 MiB)
3517
  1.686260 seconds (39.80 k allocations: 50.201 MiB)
9530
  1.697888 seconds (33.24 k allocations: 42.818 MiB)
5035
  1.700012 seconds (37.22 k allocations: 46.340 MiB)
6531
  1.752813 seconds (18.29 k allocations: 24.359 MiB, 1.58% gc time)
  1.748974 seconds (14.72 k allocations: 18.251 MiB, 1.58% gc time)
  1.748718 seconds (14.79 k allocations: 18.355 MiB, 1.58% gc time)
  1.712407 seconds (6.90 k allocations: 8.417 MiB, 1.62% gc time)
8035
2017
3518
9531
  1.693778 seconds (30.17 k allocations: 36.896 MiB)
5036
  1.722540 seconds (7.99 k allocations: 10.074 MiB)
8036
  1.727028 seconds (11.08 k allocations: 13.925 MiB)
2018
  1.728325 seconds (14.60 k allocations: 18.215 MiB)
3519
  1.744607 seconds (31.89 k allocations: 40.211 MiB)
6532
  1.749524 seconds (35.82 k allocations: 44.916 MiB)
9532
  1.699075 seconds (39.80 k allocations: 50.201 MiB)
5037
  1.687825 seconds (29.37 k allocations: 38.179 MiB)
8037
  1.692218 seconds (31.81 k allocations: 40.127 MiB)
3520
  1.699439 seconds (37.51 k allocations: 46.634 MiB)
2019
  1.700384 seconds (31.81 k allocations: 40.127 MiB)
9533
  1.707194 seconds (36.71 k allocations: 47.045 MiB)
6533
  1.703481 seconds (39.72 k allocations: 50.117 MiB)
5038
  1.682163 seconds (39.80 k allocations: 50.201 MiB)
8038
  1.687001 seconds (35.92 k allocations: 45.545 MiB)
3521
  1.696630 seconds (39.80 k allocations: 50.201 MiB)
2020
  1.703132 seconds (31.81 k allocations: 40.127 MiB)
6534
  1.722594 seconds (39.72 k allocations: 50.117 MiB)
9534
  1.686956 seconds (31.81 k allocations: 40.127 MiB)
8039
  1.698422 seconds (40.99 k allocations: 52.012 MiB)
5039
  1.772591 seconds (28.24 k allocations: 35.963 MiB, 0.94% gc time)
  1.760510 seconds (20.42 k allocations: 26.047 MiB, 0.95% gc time)
  1.707031 seconds (4.58 k allocations: 6.030 MiB, 0.98% gc time)
  1.728317 seconds (12.65 k allocations: 16.157 MiB, 0.96% gc time)
6535
2021
3522
9535
  1.695622 seconds (18.45 k allocations: 24.937 MiB)
8040
  1.698640 seconds (14.26 k allocations: 20.150 MiB)
6536
  1.728069 seconds (16.03 k allocations: 21.408 MiB)
  1.728296 seconds (16.30 k allocations: 21.101 MiB)
5040
9536
  1.731844 seconds (29.34 k allocations: 35.167 MiB)
2022
  1.733752 seconds (33.50 k allocations: 42.551 MiB)
3523
  1.693744 seconds (36.69 k allocations: 46.328 MiB)
8041
  1.701986 seconds (39.72 k allocations: 50.117 MiB)
6537
  1.689657 seconds (15.98 k allocations: 20.148 MiB)
3524
  1.700223 seconds (30.72 k allocations: 38.945 MiB)
5041
  1.704054 seconds (32.23 k allocations: 41.787 MiB)
2023
  1.715875 seconds (50.06 k allocations: 61.892 MiB)
9537
  1.691126 seconds (39.80 k allocations: 50.201 MiB)
8042
  1.700244 seconds (39.80 k allocations: 50.201 MiB)
6538
  1.692114 seconds (31.81 k allocations: 40.127 MiB)
3525
  1.681270 seconds (22.56 k allocations: 27.549 MiB)
9538
  1.701529 seconds (40.69 k allocations: 51.807 MiB)
5042
  1.699332 seconds (44.73 k allocations: 56.450 MiB)
2024
  1.707104 seconds (39.64 k allocations: 50.033 MiB)
8043
  1.793351 seconds (38.08 k allocations: 47.217 MiB, 2.82% gc time)
  1.769235 seconds (29.43 k allocations: 35.748 MiB, 2.85% gc time)
  1.761442 seconds (14.40 k allocations: 17.300 MiB, 2.87% gc time)
  1.759798 seconds (14.24 k allocations: 16.667 MiB, 2.87% gc time)
  1.747667 seconds (6.71 k allocations: 7.641 MiB, 2.89% gc time)
6539
2025
3526
9539
5043
  1.687513 seconds (36.97 k allocations: 44.046 MiB)
8044
  1.714291 seconds (7.99 k allocations: 10.074 MiB)
5044
  1.723176 seconds (15.51 k allocations: 18.436 MiB)
2026
  1.732536 seconds (23.98 k allocations: 30.222 MiB)
6540
  1.742466 seconds (31.89 k allocations: 40.211 MiB)
3527
  1.754929 seconds (39.88 k allocations: 50.285 MiB)
9540
  1.696637 seconds (39.80 k allocations: 50.201 MiB)
8045
  1.699272 seconds (37.62 k allocations: 47.280 MiB)
5045
  1.698983 seconds (35.70 k allocations: 44.101 MiB)
2027
  1.702849 seconds (39.64 k allocations: 50.033 MiB)
6541
  1.693812 seconds (34.42 k allocations: 43.486 MiB)
3528
  1.699652 seconds (39.64 k allocations: 50.033 MiB)
9541
  1.691690 seconds (39.64 k allocations: 50.033 MiB)
8046
  1.695494 seconds (35.32 k allocations: 44.935 MiB)
5046
  1.698158 seconds (37.21 k allocations: 46.340 MiB)
2028
  1.691538 seconds (31.73 k allocations: 40.043 MiB)
3529
  1.702168 seconds (39.56 k allocations: 49.957 MiB)
6542
  1.683013 seconds (35.59 k allocations: 44.682 MiB)
9542
  1.704358 seconds (39.72 k allocations: 50.117 MiB)
8047
  1.696387 seconds (33.53 k allocations: 43.106 MiB)
  1.693911 seconds (31.80 k allocations: 40.126 MiB)
5047
2029
  1.685610 seconds (19.39 k allocations: 25.535 MiB)
  3.344711 seconds (17.03 k allocations: 22.104 MiB, 0.52% gc time)
  1.703039 seconds (5.50 k allocations: 7.231 MiB, 1.02% gc time)
  3.337413 seconds (13.34 k allocations: 17.137 MiB, 0.52% gc time)
8048
3530
6543
9543
  1.693326 seconds (20.16 k allocations: 26.665 MiB)
5048
  1.692859 seconds (12.07 k allocations: 17.911 MiB)
8049
  1.784805 seconds (15.99 k allocations: 20.148 MiB)
6544
  1.799858 seconds (24.74 k allocations: 33.443 MiB)
2030
  1.803870 seconds (31.81 k allocations: 40.127 MiB)
9544
  1.808888 seconds (36.37 k allocations: 45.473 MiB)
3531
  1.689228 seconds (31.64 k allocations: 39.959 MiB)
8050
  1.700515 seconds (40.93 k allocations: 52.575 MiB)
5049
  1.678242 seconds (39.56 k allocations: 49.949 MiB)
6545
  1.692907 seconds (39.56 k allocations: 49.949 MiB)
2031
  1.686169 seconds (31.30 k allocations: 38.387 MiB)
3532
  1.712562 seconds (42.58 k allocations: 54.264 MiB)
9545
  1.683663 seconds (39.16 k allocations: 48.912 MiB)
8051
  1.697566 seconds (39.56 k allocations: 49.949 MiB)
5050
  1.706762 seconds (39.56 k allocations: 49.949 MiB)
6546
  1.693711 seconds (37.61 k allocations: 47.276 MiB)
2032
  1.691660 seconds (36.21 k allocations: 45.311 MiB)
3533
  1.684343 seconds (39.56 k allocations: 49.949 MiB)
9546
  1.695898 seconds (39.56 k allocations: 49.949 MiB)
8052
  1.827370 seconds (34.52 k allocations: 43.596 MiB, 0.92% gc time)
  1.737388 seconds (26.66 k allocations: 33.633 MiB, 0.97% gc time)
  1.719332 seconds (10.98 k allocations: 13.861 MiB, 0.98% gc time)
  1.723955 seconds (14.29 k allocations: 18.586 MiB, 0.97% gc time)
  1.703989 seconds (3.26 k allocations: 4.238 MiB, 0.99% gc time)
5051
6547
2033
3534
9547
  1.685715 seconds (22.39 k allocations: 28.946 MiB)
8053
  1.704304 seconds (19.57 k allocations: 26.789 MiB)
5052
  1.725079 seconds (19.48 k allocations: 27.385 MiB)
9548
  1.727184 seconds (23.09 k allocations: 28.084 MiB)
3535
  1.732470 seconds (27.37 k allocations: 34.378 MiB)
2034
  1.736746 seconds (38.95 k allocations: 48.119 MiB)
6548
  1.682631 seconds (39.72 k allocations: 50.117 MiB)
8054
  1.700717 seconds (39.72 k allocations: 50.117 MiB)
5053
  1.702969 seconds (38.75 k allocations: 48.437 MiB)
9549
  1.696103 seconds (26.21 k allocations: 34.211 MiB)
3536
  1.705420 seconds (38.40 k allocations: 48.069 MiB)
  1.696697 seconds (32.23 k allocations: 41.222 MiB)
2035
6549
  1.682349 seconds (39.80 k allocations: 50.201 MiB)
8055
  1.711783 seconds (39.72 k allocations: 50.117 MiB)
5054
  1.695910 seconds (34.59 k allocations: 44.187 MiB)
9550
  1.692835 seconds (33.06 k allocations: 41.461 MiB)
3537
  1.689271 seconds (29.45 k allocations: 36.502 MiB)
6550
  1.700912 seconds (39.50 k allocations: 49.917 MiB)
2036
  1.684259 seconds (39.72 k allocations: 50.117 MiB)
8056
  1.762686 seconds (38.25 k allocations: 47.392 MiB, 1.32% gc time)
  1.748148 seconds (20.95 k allocations: 26.408 MiB, 1.33% gc time)
  1.745189 seconds (18.11 k allocations: 22.290 MiB, 1.33% gc time)
  1.738883 seconds (11.42 k allocations: 13.550 MiB, 1.34% gc time)
  1.733141 seconds (6.72 k allocations: 7.588 MiB, 1.34% gc time)
5055
2037
6551
3538
9551
  1.667737 seconds (32.64 k allocations: 39.398 MiB)
8057
  1.721618 seconds (7.92 k allocations: 9.991 MiB)
2038
  1.727516 seconds (15.91 k allocations: 20.064 MiB)
6552
  1.735235 seconds (23.82 k allocations: 30.054 MiB)
5056
  1.740939 seconds (30.52 k allocations: 37.596 MiB)
3539
  1.745391 seconds (36.50 k allocations: 45.617 MiB)
9552
  1.689336 seconds (39.72 k allocations: 50.117 MiB)
8058
  1.697120 seconds (30.53 k allocations: 38.121 MiB)
6553
  1.706255 seconds (39.38 k allocations: 49.773 MiB)
2039
  1.699127 seconds (37.18 k allocations: 46.835 MiB)
5057
  1.695984 seconds (30.30 k allocations: 38.594 MiB)
3540
  1.720155 seconds (39.80 k allocations: 50.201 MiB)
9553
  1.687508 seconds (39.80 k allocations: 50.201 MiB)
8059
  1.691836 seconds (31.76 k allocations: 40.049 MiB)
6554
  1.698183 seconds (38.01 k allocations: 47.676 MiB)
2040
  1.693061 seconds (26.44 k allocations: 34.657 MiB)
5058
  1.693291 seconds (31.91 k allocations: 39.700 MiB)
3541
  1.691644 seconds (39.64 k allocations: 50.033 MiB)
9554
  1.690657 seconds (39.64 k allocations: 50.033 MiB)
8060
  1.697055 seconds (39.26 k allocations: 48.997 MiB)
6555
  3.318806 seconds (18.94 k allocations: 23.857 MiB, 0.53% gc time)
  3.324512 seconds (23.18 k allocations: 29.397 MiB, 0.53% gc time)
  3.322659 seconds (20.95 k allocations: 27.102 MiB, 0.53% gc time)
  3.292585 seconds (11.29 k allocations: 14.122 MiB, 0.53% gc time)
  1.720150 seconds (3.48 k allocations: 4.294 MiB, 1.02% gc time)
8061
2041
9555
5059
3542
  1.680485 seconds (30.36 k allocations: 36.068 MiB)
8062
  1.688488 seconds (35.04 k allocations: 42.755 MiB)
6556
  1.793188 seconds (15.91 k allocations: 20.064 MiB)
2042
  1.799012 seconds (23.82 k allocations: 30.054 MiB)
5060
  1.811227 seconds (31.73 k allocations: 40.043 MiB)
3543
  1.834964 seconds (39.72 k allocations: 50.117 MiB)
9556
  1.681671 seconds (32.68 k allocations: 42.237 MiB)
8063
  1.692566 seconds (39.72 k allocations: 50.117 MiB)
6557
  1.699690 seconds (38.37 k allocations: 48.048 MiB)
2043
  1.696670 seconds (35.85 k allocations: 44.949 MiB)
5061
  1.699839 seconds (39.72 k allocations: 50.117 MiB)
3544
  1.704650 seconds (39.80 k allocations: 50.201 MiB)
9557
  1.683621 seconds (39.72 k allocations: 50.117 MiB)
8064
  1.672121 seconds (32.34 k allocations: 41.374 MiB)
6558
  1.706590 seconds (33.92 k allocations: 43.511 MiB)
  1.703174 seconds (31.95 k allocations: 40.680 MiB)
2044
5062
  1.695176 seconds (39.63 k allocations: 50.033 MiB)
3545
  1.688229 seconds (39.64 k allocations: 50.033 MiB)
9558
  1.681702 seconds (31.81 k allocations: 40.127 MiB)
8065
  1.741262 seconds (18.45 k allocations: 22.709 MiB, 1.07% gc time)
  3.108145 seconds (34.72 k allocations: 43.791 MiB, 0.60% gc time)
  1.741681 seconds (18.79 k allocations: 23.313 MiB, 1.07% gc time)
  1.709058 seconds (3.16 k allocations: 4.034 MiB, 1.09% gc time)
  1.722219 seconds (11.25 k allocations: 14.248 MiB, 1.08% gc time)
5063
2045
3546
6559
9559
  1.683053 seconds (21.23 k allocations: 27.777 MiB)
8066
  1.699122 seconds (14.35 k allocations: 20.215 MiB)
3547
  1.708262 seconds (19.92 k allocations: 27.820 MiB)
9560
  1.727078 seconds (23.82 k allocations: 30.054 MiB)
5064
  1.727991 seconds (24.61 k allocations: 31.563 MiB)
2046
  1.792817 seconds (39.72 k allocations: 50.117 MiB)
6560
  1.689519 seconds (39.72 k allocations: 50.117 MiB)
8067
  1.701601 seconds (39.64 k allocations: 50.033 MiB)
3548
  1.712880 seconds (39.72 k allocations: 50.117 MiB)
9561
  1.703075 seconds (31.73 k allocations: 40.043 MiB)
5065
  1.708586 seconds (39.64 k allocations: 50.033 MiB)
2047
  1.679834 seconds (39.72 k allocations: 50.117 MiB)
6561
  1.694427 seconds (39.72 k allocations: 50.117 MiB)
8068
  1.693243 seconds (39.64 k allocations: 50.033 MiB)
3549
  1.697213 seconds (39.72 k allocations: 50.117 MiB)
9562
  1.702204 seconds (38.64 k allocations: 48.323 MiB)
5066
  1.708534 seconds (39.64 k allocations: 50.033 MiB)
2048
  1.699105 seconds (39.64 k allocations: 50.033 MiB)
6562
  1.699376 seconds (39.64 k allocations: 50.033 MiB)
8069
  1.805798 seconds (38.19 k allocations: 47.332 MiB, 0.97% gc time)
  1.779566 seconds (30.32 k allocations: 37.380 MiB, 0.98% gc time)
  1.760985 seconds (22.51 k allocations: 27.446 MiB, 0.99% gc time)
  1.747818 seconds (14.69 k allocations: 17.560 MiB, 1.00% gc time)
  1.720630 seconds (6.80 k allocations: 7.603 MiB, 1.02% gc time)
2049
6563
3550
5067
9563
  1.689706 seconds (34.81 k allocations: 41.730 MiB)
8070
  1.692317 seconds (11.85 k allocations: 16.451 MiB)
5068
  1.723553 seconds (17.14 k allocations: 22.542 MiB)
6564
  1.729584 seconds (23.68 k allocations: 29.918 MiB)
2050
  1.748359 seconds (31.89 k allocations: 40.211 MiB)
3551
  1.765949 seconds (39.88 k allocations: 50.285 MiB)
9564
  1.689056 seconds (39.88 k allocations: 50.285 MiB)
8071
  1.699711 seconds (39.80 k allocations: 50.201 MiB)
5069
  1.703522 seconds (37.52 k allocations: 47.175 MiB)
  1.697422 seconds (32.11 k allocations: 41.079 MiB)
6565
2051
  1.693926 seconds (39.56 k allocations: 49.949 MiB)
3552
  1.705329 seconds (39.64 k allocations: 50.033 MiB)
9565
  1.695349 seconds (39.64 k allocations: 50.033 MiB)
8072
  1.701506 seconds (39.72 k allocations: 50.117 MiB)
5070
  1.693279 seconds (31.81 k allocations: 40.127 MiB)
2052
  1.700128 seconds (38.86 k allocations: 48.019 MiB)
6566
  1.690538 seconds (39.72 k allocations: 50.117 MiB)
3553
  1.688622 seconds (39.72 k allocations: 50.117 MiB)
9566
  1.695698 seconds (39.72 k allocations: 50.117 MiB)
8073
  1.698104 seconds (39.80 k allocations: 50.201 MiB)
5071
  3.371468 seconds (33.30 k allocations: 41.638 MiB, 1.22% gc time)
  3.364087 seconds (26.55 k allocations: 32.898 MiB, 1.22% gc time)
  3.352806 seconds (19.15 k allocations: 24.031 MiB, 1.22% gc time)
  3.302815 seconds (11.25 k allocations: 14.111 MiB, 1.24% gc time)
  1.725753 seconds (3.33 k allocations: 4.170 MiB, 2.38% gc time)
8074
2053
6567
3554
9567
  1.694958 seconds (25.22 k allocations: 31.835 MiB)
5072
  1.719999 seconds (7.92 k allocations: 11.215 MiB)
8075
  1.791918 seconds (15.83 k allocations: 19.980 MiB)
6568
  1.800154 seconds (23.82 k allocations: 30.054 MiB)
2054
  1.812092 seconds (31.73 k allocations: 40.043 MiB)
  1.811712 seconds (32.11 k allocations: 41.079 MiB)
3555
9568
  1.696707 seconds (39.72 k allocations: 50.117 MiB)
5073
  1.685411 seconds (39.72 k allocations: 50.117 MiB)
8076
  1.700742 seconds (39.72 k allocations: 50.117 MiB)
6569
  1.695638 seconds (38.01 k allocations: 47.154 MiB)
2055
  1.701151 seconds (31.81 k allocations: 40.127 MiB)
3556
  1.714196 seconds (39.80 k allocations: 50.201 MiB)
9569
  1.693336 seconds (39.80 k allocations: 50.201 MiB)
5074
  1.689399 seconds (39.72 k allocations: 50.117 MiB)
8077
  1.695783 seconds (31.81 k allocations: 40.127 MiB)
2056
  1.703294 seconds (37.68 k allocations: 48.036 MiB)
6570
  1.686533 seconds (39.64 k allocations: 50.033 MiB)
3557
  1.682095 seconds (39.72 k allocations: 50.117 MiB)
9570
  1.701296 seconds (39.72 k allocations: 50.117 MiB)
5075
  1.820345 seconds (38.40 k allocations: 47.544 MiB, 0.95% gc time)
  1.701585 seconds (6.80 k allocations: 7.647 MiB, 1.02% gc time)
  1.710104 seconds (14.20 k allocations: 16.397 MiB, 1.02% gc time)
  1.717986 seconds (22.04 k allocations: 26.369 MiB, 1.01% gc time)
  1.719770 seconds (22.90 k allocations: 27.980 MiB, 1.01% gc time)
8078
6571
2057
3558
9571
  1.686121 seconds (3.26 k allocations: 5.775 MiB)
2058
  1.693916 seconds (30.60 k allocations: 38.046 MiB)
5076
  1.693935 seconds (18.40 k allocations: 25.071 MiB)
3559
  1.719936 seconds (25.77 k allocations: 34.496 MiB)
  1.717119 seconds (24.02 k allocations: 30.624 MiB)
9572
6572
  1.733516 seconds (39.64 k allocations: 50.033 MiB)
8079
  1.696868 seconds (31.42 k allocations: 39.090 MiB)
2059
  1.693420 seconds (24.98 k allocations: 31.935 MiB)
  1.701712 seconds (32.78 k allocations: 41.764 MiB)
3560
5077
  1.698560 seconds (31.89 k allocations: 40.211 MiB)
  1.699809 seconds (32.27 k allocations: 41.247 MiB)
6573
9573
  1.697644 seconds (39.72 k allocations: 50.117 MiB)
8080
  1.694266 seconds (23.73 k allocations: 29.970 MiB)
5078
  1.703444 seconds (29.22 k allocations: 37.494 MiB)
  1.703863 seconds (29.72 k allocations: 38.178 MiB)
3561
2060
  1.693880 seconds (31.73 k allocations: 40.043 MiB)
9574
  1.699570 seconds (35.92 k allocations: 45.019 MiB)
6574
  1.688954 seconds (39.80 k allocations: 50.201 MiB)
8081
  1.689339 seconds (27.85 k allocations: 36.618 MiB)
5079
  1.704111 seconds (31.81 k allocations: 40.127 MiB)
  1.678214 seconds (15.92 k allocations: 20.192 MiB)
3562
6575
  1.708466 seconds (34.79 k allocations: 44.580 MiB)
2061
  3.389825 seconds (22.32 k allocations: 29.853 MiB, 0.96% gc time)
  1.719402 seconds (6.39 k allocations: 8.509 MiB, 1.90% gc time)
  3.376544 seconds (14.26 k allocations: 18.454 MiB, 0.97% gc time)
5080
8082
9575
  1.695709 seconds (22.35 k allocations: 28.901 MiB)
6576
  1.743813 seconds (8.00 k allocations: 10.075 MiB)
8083
  1.784122 seconds (15.99 k allocations: 20.148 MiB)
5081
  1.807658 seconds (26.13 k allocations: 34.872 MiB)
3563
  1.805355 seconds (24.98 k allocations: 31.942 MiB)
2062
  1.820007 seconds (39.72 k allocations: 50.117 MiB)
9576
  1.694032 seconds (39.64 k allocations: 50.033 MiB)
6577
  1.695125 seconds (39.56 k allocations: 49.949 MiB)
8084
  1.688301 seconds (39.64 k allocations: 50.033 MiB)
5082
  1.704253 seconds (31.81 k allocations: 40.127 MiB)
3564
  1.704468 seconds (32.51 k allocations: 41.555 MiB)
2063
  1.717137 seconds (39.72 k allocations: 50.117 MiB)
9577
  1.694305 seconds (39.72 k allocations: 50.117 MiB)
6578
  1.692785 seconds (39.64 k allocations: 50.033 MiB)
8085
  1.687736 seconds (39.56 k allocations: 49.949 MiB)
5083
  1.697617 seconds (31.65 k allocations: 39.959 MiB)
3565
  1.704298 seconds (39.55 k allocations: 49.949 MiB)
2064
  1.688892 seconds (39.56 k allocations: 49.949 MiB)
9578
  1.694381 seconds (39.56 k allocations: 49.949 MiB)
6579
  1.782720 seconds (30.24 k allocations: 37.292 MiB, 0.96% gc time)
  1.812786 seconds (38.11 k allocations: 47.254 MiB, 0.94% gc time)
  1.738295 seconds (22.07 k allocations: 26.439 MiB, 0.99% gc time)
  1.729835 seconds (14.69 k allocations: 17.725 MiB, 0.99% gc time)
  1.714540 seconds (6.83 k allocations: 7.805 MiB, 1.00% gc time)
5084
2065
3566
8086
9579
  1.705991 seconds (31.82 k allocations: 38.562 MiB)
6580
  1.712073 seconds (14.96 k allocations: 20.855 MiB)
2066
  1.724692 seconds (15.82 k allocations: 19.980 MiB)
5085
  1.733427 seconds (22.71 k allocations: 31.365 MiB)
9580
  1.729871 seconds (25.34 k allocations: 31.092 MiB)
  1.731871 seconds (25.60 k allocations: 31.441 MiB)
8087
3567
  1.700897 seconds (39.64 k allocations: 50.033 MiB)
6581
  1.685857 seconds (19.47 k allocations: 25.429 MiB)
5086
  1.710161 seconds (44.34 k allocations: 55.520 MiB)
2067
  1.698356 seconds (23.73 k allocations: 29.970 MiB)
8088
  1.702410 seconds (28.53 k allocations: 35.557 MiB)
3568
  1.712454 seconds (39.41 k allocations: 51.008 MiB)
9581
  1.698567 seconds (39.72 k allocations: 50.117 MiB)
6582
  1.690728 seconds (31.72 k allocations: 40.051 MiB)
5087
  1.702759 seconds (39.88 k allocations: 50.285 MiB)
2068
  1.696449 seconds (36.11 k allocations: 44.506 MiB)
8089
  1.691334 seconds (27.12 k allocations: 35.352 MiB)
3569
  1.695015 seconds (34.61 k allocations: 42.459 MiB)
9582
  1.682905 seconds (31.73 k allocations: 40.043 MiB)
5088
  1.766807 seconds (36.12 k allocations: 46.443 MiB, 1.45% gc time)
  1.734696 seconds (9.37 k allocations: 12.738 MiB, 1.48% gc time)
  1.730586 seconds (4.90 k allocations: 6.937 MiB, 1.48% gc time)
  1.744846 seconds (24.33 k allocations: 30.332 MiB, 1.47% gc time)
  1.725766 seconds (3.05 k allocations: 3.830 MiB, 1.48% gc time)
6583
8090
2069
3570
9583
  1.693454 seconds (35.27 k allocations: 42.294 MiB)
5089
  1.712094 seconds (8.00 k allocations: 10.075 MiB)
8091
  1.716516 seconds (13.44 k allocations: 16.329 MiB)
3571
  1.725471 seconds (26.01 k allocations: 35.969 MiB)
6584
  1.722247 seconds (23.70 k allocations: 29.419 MiB)
2070
  1.730110 seconds (39.88 k allocations: 50.285 MiB)
9584
  1.684788 seconds (39.80 k allocations: 50.201 MiB)
5090
  1.695620 seconds (21.46 k allocations: 28.177 MiB)
3572
  1.693740 seconds (16.71 k allocations: 22.756 MiB)
6585
  1.703330 seconds (38.33 k allocations: 48.719 MiB)
8092
  1.699347 seconds (38.70 k allocations: 47.211 MiB)
2071
  1.718800 seconds (39.72 k allocations: 50.117 MiB)
9585
  1.684519 seconds (39.72 k allocations: 50.117 MiB)
5091
  1.702111 seconds (23.91 k allocations: 30.990 MiB)
3573
  1.707363 seconds (29.55 k allocations: 35.906 MiB)
8093
  1.711800 seconds (34.30 k allocations: 42.669 MiB)
  1.704653 seconds (28.24 k allocations: 35.902 MiB)
6586
2072
  1.687583 seconds (39.88 k allocations: 50.285 MiB)
9586
  1.686763 seconds (39.80 k allocations: 50.201 MiB)
5092
  1.734286 seconds (36.48 k allocations: 44.882 MiB, 0.97% gc time)
  1.726435 seconds (18.22 k allocations: 23.634 MiB, 0.98% gc time)
  1.721659 seconds (14.41 k allocations: 17.287 MiB, 0.98% gc time)
  1.712117 seconds (6.59 k allocations: 7.391 MiB, 0.99% gc time)
  1.722592 seconds (14.68 k allocations: 17.708 MiB, 0.98% gc time)
6587
8094
2073
3574
9587
  1.683522 seconds (36.51 k allocations: 43.556 MiB)
5093
  1.700596 seconds (12.63 k allocations: 17.254 MiB)
2074
  1.720459 seconds (18.62 k allocations: 25.288 MiB)
9588
  1.727391 seconds (25.63 k allocations: 33.123 MiB)
6588
  1.728160 seconds (30.29 k allocations: 37.364 MiB)
8095
  1.739355 seconds (39.80 k allocations: 50.201 MiB)
3575
  1.690906 seconds (39.88 k allocations: 50.285 MiB)
5094
  1.704782 seconds (39.88 k allocations: 50.285 MiB)
2075
  1.693054 seconds (29.01 k allocations: 36.571 MiB)
6589
  1.693695 seconds (31.51 k allocations: 38.599 MiB)
8096
  1.711513 seconds (50.65 k allocations: 63.201 MiB)
9589
  1.698726 seconds (39.72 k allocations: 50.117 MiB)
3576
  1.682138 seconds (39.72 k allocations: 50.117 MiB)
5095
  1.699775 seconds (39.72 k allocations: 50.117 MiB)
2076
  1.701969 seconds (38.16 k allocations: 47.828 MiB)
6590
  1.696007 seconds (27.56 k allocations: 35.802 MiB)
8097
  1.699334 seconds (39.80 k allocations: 50.201 MiB)
9590
  1.701459 seconds (39.80 k allocations: 50.201 MiB)
3577
  1.687326 seconds (39.80 k allocations: 50.201 MiB)
5096
  1.702495 seconds (39.72 k allocations: 50.117 MiB)
2077
  3.327321 seconds (26.05 k allocations: 32.329 MiB, 0.65% gc time)
  3.316364 seconds (18.79 k allocations: 23.686 MiB, 0.66% gc time)
  3.302428 seconds (11.00 k allocations: 13.873 MiB, 0.66% gc time)
  3.328403 seconds (26.67 k allocations: 33.188 MiB, 0.65% gc time)
  1.707594 seconds (3.18 k allocations: 3.978 MiB, 1.27% gc time)
5097
8098
6591
3578
9591
  1.690057 seconds (31.23 k allocations: 38.135 MiB)
2078
  1.716311 seconds (18.95 k allocations: 26.154 MiB)
5098
  1.790917 seconds (15.82 k allocations: 19.980 MiB)
3579
  1.794446 seconds (18.59 k allocations: 23.504 MiB)
6592
  1.800049 seconds (31.73 k allocations: 40.043 MiB)
  1.806266 seconds (33.40 k allocations: 44.416 MiB)
9592
8099
  1.697987 seconds (39.72 k allocations: 50.117 MiB)
2079
  1.686004 seconds (39.72 k allocations: 50.117 MiB)
5099
  1.688295 seconds (32.90 k allocations: 42.466 MiB)
3580
  1.698244 seconds (37.91 k allocations: 46.874 MiB)
6593
  1.694439 seconds (27.79 k allocations: 34.809 MiB)
8100
  1.714461 seconds (39.72 k allocations: 50.117 MiB)
9593
  1.700885 seconds (39.72 k allocations: 50.117 MiB)
2080
  1.694385 seconds (39.72 k allocations: 50.117 MiB)
5100
  1.687581 seconds (39.64 k allocations: 50.033 MiB)
3581
  1.704649 seconds (34.10 k allocations: 43.693 MiB)
6594
  1.704529 seconds (35.01 k allocations: 44.083 MiB)
8101
  1.686452 seconds (29.73 k allocations: 37.430 MiB)
9594
  1.707091 seconds (39.72 k allocations: 50.117 MiB)
2081
  1.696255 seconds (35.96 k allocations: 45.058 MiB)
5101
  1.720770 seconds (7.55 k allocations: 9.088 MiB, 1.04% gc time)
  1.756841 seconds (31.32 k allocations: 39.109 MiB, 1.02% gc time)
  1.722371 seconds (7.65 k allocations: 9.162 MiB, 1.04% gc time)
  1.726649 seconds (15.16 k allocations: 19.264 MiB, 1.03% gc time)
8102
3582
9595
6595
  1.702739 seconds (30.42 k allocations: 37.202 MiB)
2082
  1.698990 seconds (7.91 k allocations: 9.990 MiB)
6596
  1.724165 seconds (30.22 k allocations: 39.627 MiB)
8103
  1.725797 seconds (30.13 k allocations: 36.502 MiB)
5102
  1.741282 seconds (34.47 k allocations: 44.073 MiB)
3583
  1.749466 seconds (43.61 k allocations: 55.301 MiB)
9596
  1.702158 seconds (39.72 k allocations: 50.117 MiB)
2083
  1.697086 seconds (39.72 k allocations: 50.117 MiB)
6597
  1.686289 seconds (31.81 k allocations: 40.127 MiB)
5103
  1.694878 seconds (39.16 k allocations: 49.548 MiB)
8104
  1.688587 seconds (38.44 k allocations: 48.109 MiB)
3584
  1.700307 seconds (39.80 k allocations: 50.201 MiB)
9597
  1.701625 seconds (39.72 k allocations: 50.117 MiB)
2084
  1.702903 seconds (39.60 k allocations: 49.640 MiB)
6598
  1.696944 seconds (26.89 k allocations: 33.893 MiB)
5104
  1.697237 seconds (29.60 k allocations: 37.352 MiB)
8105
  1.686844 seconds (39.88 k allocations: 50.285 MiB)
3585
  1.686676 seconds (39.96 k allocations: 50.369 MiB)
9598
  1.684005 seconds (19.81 k allocations: 26.489 MiB)
6599
  1.697591 seconds (42.36 k allocations: 53.514 MiB)
  1.752700 seconds (19.30 k allocations: 24.868 MiB, 1.53% gc time)
  1.751385 seconds (19.35 k allocations: 24.895 MiB, 1.53% gc time)
  1.737971 seconds (11.45 k allocations: 14.929 MiB, 1.55% gc time)
  1.719447 seconds (3.53 k allocations: 4.989 MiB, 1.56% gc time)
2085
5105
3586
9599
8106
  1.686416 seconds (26.29 k allocations: 32.925 MiB)
6600
  1.719500 seconds (7.92 k allocations: 9.991 MiB)
5106
  1.723760 seconds (12.96 k allocations: 15.833 MiB)
  1.722553 seconds (14.03 k allocations: 17.579 MiB)
2086
8107
  1.726128 seconds (22.02 k allocations: 27.696 MiB)
  1.727514 seconds (24.92 k allocations: 31.298 MiB)
9600
3587
  1.701640 seconds (39.80 k allocations: 50.201 MiB)
6601
  1.683698 seconds (31.82 k allocations: 40.011 MiB)
5107
  1.693152 seconds (20.84 k allocations: 27.536 MiB)
8108
  1.699013 seconds (26.28 k allocations: 33.790 MiB)
2087
  1.701665 seconds (31.10 k allocations: 38.184 MiB)
3588
  1.715511 seconds (39.88 k allocations: 50.285 MiB)
9601
  1.693380 seconds (39.80 k allocations: 50.201 MiB)
6602
  1.689734 seconds (39.80 k allocations: 50.201 MiB)
5108
  1.698170 seconds (35.66 k allocations: 45.285 MiB)
8109
  1.687797 seconds (23.73 k allocations: 29.970 MiB)
9602
  1.702093 seconds (32.97 k allocations: 42.014 MiB)
3589
  1.714935 seconds (50.67 k allocations: 62.055 MiB)
2088
  1.702099 seconds (39.64 k allocations: 50.033 MiB)
6603
  1.688090 seconds (38.09 k allocations: 47.232 MiB)
  1.723311 seconds (11.26 k allocations: 13.530 MiB, 1.04% gc time)
  1.735519 seconds (30.46 k allocations: 37.689 MiB, 1.03% gc time)
  1.722013 seconds (9.77 k allocations: 12.082 MiB, 1.04% gc time)
  1.717651 seconds (6.88 k allocations: 8.005 MiB, 1.04% gc time)
5109
2089
8110
3590
9603
  1.703763 seconds (31.66 k allocations: 38.405 MiB)
6604
  1.699572 seconds (9.94 k allocations: 15.726 MiB)
2090
  1.717076 seconds (15.91 k allocations: 20.064 MiB)
8111
  1.726727 seconds (23.90 k allocations: 30.138 MiB)
3591
  1.728371 seconds (26.79 k allocations: 33.782 MiB)
5110
  1.745630 seconds (39.96 k allocations: 50.453 MiB)
9604
  1.696746 seconds (31.97 k allocations: 40.379 MiB)
2091
  1.703780 seconds (35.91 k allocations: 46.323 MiB)
6605
  1.683388 seconds (23.82 k allocations: 30.054 MiB)
5111
  1.693773 seconds (33.13 k allocations: 42.716 MiB)
3592
  1.727907 seconds (55.78 k allocations: 70.432 MiB)
8112
  1.710543 seconds (39.72 k allocations: 50.117 MiB)
9605
  1.699006 seconds (31.73 k allocations: 40.043 MiB)
6606
  1.704900 seconds (35.40 k allocations: 45.715 MiB)
2092
  1.686542 seconds (31.81 k allocations: 40.127 MiB)
  1.694518 seconds (38.76 k allocations: 49.093 MiB)
3593
5112
  1.682384 seconds (31.81 k allocations: 40.127 MiB)
9606
  1.700739 seconds (43.46 k allocations: 54.631 MiB)
8113
  1.705535 seconds (31.81 k allocations: 40.127 MiB)
  1.692398 seconds (16.10 k allocations: 20.445 MiB)
  1.701498 seconds (16.95 k allocations: 23.651 MiB)
  1.717379 seconds (33.63 k allocations: 45.144 MiB)
  1.675627 seconds (1.53 k allocations: 4.144 MiB)
  1.693228 seconds (1.91 k allocations: 5.180 MiB)
2093
3594
5113
6607
8114
9607
  1.756322 seconds (11.44 k allocations: 17.805 MiB)
2094
  1.790809 seconds (10.98 k allocations: 15.573 MiB)
3595
  1.792606 seconds (15.90 k allocations: 20.064 MiB)
5114
  1.807628 seconds (26.24 k allocations: 34.955 MiB)
  1.802681 seconds (23.41 k allocations: 30.294 MiB)
6608
9608
  1.801579 seconds (38.18 k allocations: 46.102 MiB)
8115
  1.703824 seconds (39.80 k allocations: 50.201 MiB)
2095
  1.687416 seconds (39.88 k allocations: 50.285 MiB)
3596
  1.694091 seconds (33.10 k allocations: 41.959 MiB)
5115
  1.698282 seconds (30.26 k allocations: 37.855 MiB)
6609
  1.694464 seconds (27.29 k allocations: 34.309 MiB)
8116
  1.706297 seconds (42.47 k allocations: 52.922 MiB)
9609
  1.700634 seconds (39.80 k allocations: 50.201 MiB)
2096
  1.686683 seconds (39.88 k allocations: 50.285 MiB)
3597
  1.685075 seconds (39.80 k allocations: 50.201 MiB)
5116
  1.682838 seconds (23.90 k allocations: 30.138 MiB)
9610
  1.698728 seconds (41.72 k allocations: 52.085 MiB)
6610
  1.735694 seconds (43.39 k allocations: 55.085 MiB)
8117
  1.697225 seconds (39.80 k allocations: 50.201 MiB)
2097
  1.792965 seconds (38.15 k allocations: 47.293 MiB, 0.96% gc time)
  1.778032 seconds (30.20 k allocations: 37.255 MiB, 0.97% gc time)
  1.761741 seconds (20.05 k allocations: 24.249 MiB, 0.98% gc time)
  1.714013 seconds (6.55 k allocations: 7.468 MiB, 1.00% gc time)
  1.755186 seconds (14.44 k allocations: 17.421 MiB, 0.98% gc time)
5117
3598
9611
8118
6611
  1.700515 seconds (8.63 k allocations: 13.707 MiB)
  1.706984 seconds (31.25 k allocations: 37.985 MiB)
6612
2098
  1.723117 seconds (15.83 k allocations: 19.980 MiB)
8119
  1.723838 seconds (19.76 k allocations: 24.694 MiB)
5118
  1.751150 seconds (31.73 k allocations: 40.043 MiB)
3599
  1.756683 seconds (35.52 k allocations: 44.617 MiB)
9612
  1.696495 seconds (31.81 k allocations: 40.127 MiB)
6613
  1.704586 seconds (39.72 k allocations: 50.117 MiB)
2099
  1.686447 seconds (31.81 k allocations: 40.127 MiB)
5119
  1.705062 seconds (41.85 k allocations: 53.512 MiB)
8120
  1.689327 seconds (34.40 k allocations: 43.991 MiB)
3600
  1.702721 seconds (39.72 k allocations: 50.117 MiB)
9613
  1.699203 seconds (39.33 k allocations: 49.080 MiB)
6614
  1.700158 seconds (39.72 k allocations: 50.117 MiB)
2100
  1.692244 seconds (36.80 k allocations: 45.921 MiB)
5120
  1.699283 seconds (39.80 k allocations: 50.201 MiB)
8121
  1.688696 seconds (39.72 k allocations: 50.117 MiB)
3601
  1.715722 seconds (39.80 k allocations: 50.201 MiB)
9614
  1.676186 seconds (39.52 k allocations: 49.572 MiB)
6615
  1.809544 seconds (26.79 k allocations: 33.781 MiB, 2.08% gc time)
  1.814229 seconds (30.05 k allocations: 38.345 MiB, 2.08% gc time)
  1.787431 seconds (18.38 k allocations: 22.642 MiB, 2.11% gc time)
  1.776031 seconds (11.20 k allocations: 14.144 MiB, 2.12% gc time)
  1.734101 seconds (3.39 k allocations: 4.311 MiB, 2.17% gc time)
5121
2101
8122
3602
9615
  1.712743 seconds (24.12 k allocations: 30.733 MiB)
6616
  1.732859 seconds (7.92 k allocations: 9.991 MiB)
9616
  1.733288 seconds (8.80 k allocations: 11.587 MiB)
5122
  1.739621 seconds (23.81 k allocations: 30.053 MiB)
8123
  1.749251 seconds (31.81 k allocations: 40.127 MiB)
2102
  1.755643 seconds (38.57 k allocations: 47.723 MiB)
3603
  1.693822 seconds (39.88 k allocations: 50.285 MiB)
6617
  1.681166 seconds (30.37 k allocations: 37.973 MiB)
5123
  1.701516 seconds (31.81 k allocations: 40.127 MiB)
  1.712906 seconds (39.80 k allocations: 50.201 MiB)
8124
9617
  1.698455 seconds (27.78 k allocations: 34.780 MiB)
2103
  1.696629 seconds (37.20 k allocations: 46.332 MiB)
3604
  1.689581 seconds (39.72 k allocations: 50.117 MiB)
6618
  1.692743 seconds (39.80 k allocations: 50.201 MiB)
5124
  1.683080 seconds (25.34 k allocations: 32.185 MiB)
8125
  1.699268 seconds (23.98 k allocations: 30.223 MiB)
  1.704574 seconds (28.08 k allocations: 35.633 MiB)
2104
3605
  1.723528 seconds (49.11 k allocations: 62.203 MiB)
9618
  1.678246 seconds (39.88 k allocations: 50.285 MiB)
6619
  1.770865 seconds (38.48 k allocations: 47.641 MiB, 1.06% gc time)
  1.749916 seconds (30.56 k allocations: 37.608 MiB, 1.07% gc time)
  1.724658 seconds (14.84 k allocations: 17.858 MiB, 1.09% gc time)
  1.725473 seconds (14.82 k allocations: 17.807 MiB, 1.08% gc time)
  1.709422 seconds (6.96 k allocations: 7.950 MiB, 1.09% gc time)
2105
3606
9619
5125
8126
  1.677635 seconds (34.29 k allocations: 41.090 MiB)
6620
  1.720341 seconds (7.99 k allocations: 10.074 MiB)
5126
  1.727757 seconds (11.28 k allocations: 15.350 MiB)
2106
  1.735208 seconds (25.49 k allocations: 35.422 MiB)
9620
  1.731020 seconds (23.29 k allocations: 28.994 MiB)
8127
  1.735458 seconds (31.56 k allocations: 39.345 MiB)
3607
  1.693965 seconds (39.72 k allocations: 50.117 MiB)
6621
  1.684395 seconds (32.65 k allocations: 41.514 MiB)
5127
  1.702706 seconds (31.20 k allocations: 39.673 MiB)
2107
  1.698793 seconds (18.33 k allocations: 24.399 MiB)
8128
  1.710033 seconds (35.17 k allocations: 44.780 MiB)
  1.705756 seconds (32.08 k allocations: 40.935 MiB)
9621
3608
  1.688498 seconds (39.80 k allocations: 50.201 MiB)
6622
  1.690373 seconds (39.80 k allocations: 50.201 MiB)
5128
  1.693231 seconds (31.97 k allocations: 40.295 MiB)
8129
  1.703269 seconds (38.61 k allocations: 47.768 MiB)
  1.691914 seconds (24.20 k allocations: 31.100 MiB)
2108
3609
  1.692694 seconds (31.99 k allocations: 39.787 MiB)
9622
  1.695085 seconds (39.72 k allocations: 50.117 MiB)
6623
  1.684045 seconds (39.64 k allocations: 50.033 MiB)
5129
  3.344138 seconds (27.86 k allocations: 35.383 MiB, 0.59% gc time)
  3.334756 seconds (13.02 k allocations: 17.134 MiB, 0.59% gc time)
  3.329728 seconds (10.92 k allocations: 13.754 MiB, 0.59% gc time)
  1.708276 seconds (3.24 k allocations: 4.067 MiB, 1.15% gc time)
  3.339077 seconds (17.82 k allocations: 23.294 MiB, 0.59% gc time)
6624
2109
3610
9623
8130
  1.681512 seconds (27.68 k allocations: 34.406 MiB)
5130
  1.691032 seconds (7.91 k allocations: 9.990 MiB)
8131
  1.795004 seconds (15.91 k allocations: 20.064 MiB)
6625
  1.801530 seconds (23.39 k allocations: 28.395 MiB)
2110
  1.809128 seconds (31.14 k allocations: 38.221 MiB)
9624
  1.815065 seconds (37.76 k allocations: 46.900 MiB)
3611
  1.689086 seconds (39.88 k allocations: 50.285 MiB)
5131
  1.693646 seconds (39.88 k allocations: 50.285 MiB)
8132
  1.697430 seconds (38.61 k allocations: 48.289 MiB)
6626
  1.699014 seconds (38.65 k allocations: 48.329 MiB)
2111
  1.691230 seconds (30.20 k allocations: 37.259 MiB)
3612
  1.712541 seconds (44.70 k allocations: 56.432 MiB)
9625
  1.682498 seconds (39.64 k allocations: 50.033 MiB)
5132
  1.675887 seconds (39.64 k allocations: 50.033 MiB)
8133
  1.698208 seconds (39.34 k allocations: 49.081 MiB)
6627
  1.691424 seconds (31.19 k allocations: 38.270 MiB)
3613
  1.709908 seconds (44.74 k allocations: 56.469 MiB)
2112
  1.690024 seconds (33.04 k allocations: 42.089 MiB)
9626
  1.683215 seconds (39.88 k allocations: 50.285 MiB)
5133
  1.870817 seconds (38.35 k allocations: 47.503 MiB, 0.94% gc time)
  1.740074 seconds (28.33 k allocations: 34.639 MiB, 1.02% gc time)
  1.733296 seconds (22.53 k allocations: 27.525 MiB, 1.02% gc time)
  1.719010 seconds (6.71 k allocations: 7.620 MiB, 1.03% gc time)
  1.720757 seconds (6.81 k allocations: 7.781 MiB, 1.03% gc time)
6628
2113
3614
8134
9627
  1.690411 seconds (32.13 k allocations: 38.887 MiB)
5134
  1.711582 seconds (17.65 k allocations: 24.832 MiB)
2114
  1.737666 seconds (15.98 k allocations: 20.148 MiB)
8135
  1.739822 seconds (17.02 k allocations: 21.906 MiB)
6629
  1.742483 seconds (19.79 k allocations: 25.416 MiB)
3615
  1.753099 seconds (39.88 k allocations: 50.285 MiB)
9628
  1.691678 seconds (39.80 k allocations: 50.201 MiB)
5135
  1.700664 seconds (39.72 k allocations: 50.117 MiB)
2115
  1.691588 seconds (25.09 k allocations: 32.582 MiB)
8136
  1.695092 seconds (30.29 k allocations: 37.352 MiB)
  1.697100 seconds (31.08 k allocations: 38.781 MiB)
3616
6630
  1.711572 seconds (39.72 k allocations: 50.117 MiB)
9629
  1.685530 seconds (39.72 k allocations: 50.117 MiB)
5136
  1.709047 seconds (39.80 k allocations: 50.201 MiB)
2116
  1.690692 seconds (33.08 k allocations: 40.728 MiB)
8137
  1.692954 seconds (31.73 k allocations: 40.043 MiB)
3617
  1.695846 seconds (34.13 k allocations: 43.198 MiB)
6631
  1.693331 seconds (39.72 k allocations: 50.117 MiB)
9630
  1.691778 seconds (39.72 k allocations: 50.117 MiB)
5137
  1.697628 seconds (31.43 k allocations: 39.091 MiB)
8138
  1.704924 seconds (37.44 k allocations: 47.737 MiB)
2117
  3.309684 seconds (13.98 k allocations: 17.557 MiB, 0.92% gc time)
  1.715724 seconds (6.10 k allocations: 7.587 MiB, 1.77% gc time)
  3.336951 seconds (22.40 k allocations: 29.305 MiB, 0.91% gc time)
  3.333665 seconds (21.86 k allocations: 27.550 MiB, 0.91% gc time)
9631
5138
3618
6632
  1.696712 seconds (7.55 k allocations: 10.137 MiB)
5139
  1.709564 seconds (7.91 k allocations: 9.990 MiB)
6633
  1.809851 seconds (30.10 k allocations: 39.481 MiB)
2118
  1.813941 seconds (35.05 k allocations: 45.239 MiB)
8139
  1.799828 seconds (31.81 k allocations: 40.127 MiB)
3619
  1.816280 seconds (40.98 k allocations: 52.613 MiB)
9632
  1.690225 seconds (39.80 k allocations: 50.201 MiB)
5140
  1.680575 seconds (39.80 k allocations: 50.201 MiB)
6634
  1.698593 seconds (32.72 k allocations: 42.284 MiB)
  1.696793 seconds (31.82 k allocations: 40.128 MiB)
2119
8140
  1.695504 seconds (34.99 k allocations: 44.600 MiB)
3620
  1.711386 seconds (39.80 k allocations: 50.201 MiB)
9633
  1.692166 seconds (39.72 k allocations: 50.117 MiB)
5141
  1.691293 seconds (39.72 k allocations: 50.117 MiB)
6635
  1.693444 seconds (30.77 k allocations: 38.374 MiB)
8141
  1.699202 seconds (36.15 k allocations: 44.610 MiB)
  1.691476 seconds (29.60 k allocations: 37.299 MiB)
2120
3621
  1.700222 seconds (39.72 k allocations: 50.117 MiB)
9634
  1.668365 seconds (31.81 k allocations: 40.127 MiB)
6636
  1.756335 seconds (20.75 k allocations: 26.231 MiB, 0.90% gc time)
  1.875451 seconds (42.70 k allocations: 53.867 MiB, 0.84% gc time)
  1.750135 seconds (11.08 k allocations: 13.954 MiB, 0.90% gc time)
  1.750829 seconds (11.22 k allocations: 14.189 MiB, 0.90% gc time)
  1.720702 seconds (3.36 k allocations: 4.275 MiB, 0.92% gc time)
8142
5142
2121
3622
9635
  1.682388 seconds (31.23 k allocations: 37.966 MiB)
6637
  1.724523 seconds (10.90 k allocations: 16.719 MiB)
9636
  1.733358 seconds (15.83 k allocations: 19.980 MiB)
8143
  1.735248 seconds (19.55 k allocations: 24.481 MiB)
2122
  1.737025 seconds (26.10 k allocations: 31.851 MiB)
5143
  1.738334 seconds (28.85 k allocations: 36.593 MiB)
3623
  1.697496 seconds (39.72 k allocations: 50.117 MiB)
6638
  1.694975 seconds (24.42 k allocations: 30.553 MiB)
8144
  1.711008 seconds (45.56 k allocations: 56.775 MiB)
9637
  1.696899 seconds (22.21 k allocations: 27.198 MiB)
3624
  1.705753 seconds (33.17 k allocations: 42.737 MiB)
  1.703045 seconds (28.67 k allocations: 36.350 MiB)
2123
5144
  1.682037 seconds (39.72 k allocations: 50.117 MiB)
6639
  1.693446 seconds (28.68 k allocations: 36.244 MiB)
9638
  1.702619 seconds (38.82 k allocations: 49.194 MiB)
8145
  1.698640 seconds (28.82 k allocations: 36.375 MiB)
3625
  1.698145 seconds (26.48 k allocations: 33.467 MiB)
5145
  1.711045 seconds (39.80 k allocations: 50.201 MiB)
2124
  1.685662 seconds (39.88 k allocations: 50.285 MiB)
6640
  1.739423 seconds (29.54 k allocations: 35.884 MiB, 0.90% gc time)
  1.739309 seconds (29.44 k allocations: 35.778 MiB, 0.90% gc time)
  1.728493 seconds (14.82 k allocations: 17.700 MiB, 0.90% gc time)
  1.728616 seconds (14.93 k allocations: 17.842 MiB, 0.90% gc time)
  1.715892 seconds (7.05 k allocations: 7.995 MiB, 0.91% gc time)
5146
2125
3626
9639
8146
  1.683101 seconds (32.90 k allocations: 39.745 MiB)
6641
  1.701912 seconds (8.97 k allocations: 13.511 MiB)
8147
  1.706304 seconds (13.03 k allocations: 18.363 MiB)
  1.706492 seconds (13.17 k allocations: 18.685 MiB)
3627
2126
  1.739730 seconds (31.73 k allocations: 40.043 MiB)
9640
  1.763319 seconds (39.64 k allocations: 50.033 MiB)
5147
  1.688470 seconds (39.64 k allocations: 50.033 MiB)
6642
  1.691396 seconds (24.12 k allocations: 31.588 MiB)
8148
  1.695181 seconds (26.77 k allocations: 35.003 MiB)
3628
  1.713446 seconds (39.64 k allocations: 50.033 MiB)
2127
  1.717957 seconds (39.72 k allocations: 50.117 MiB)
9641
  1.694931 seconds (32.90 k allocations: 41.938 MiB)
5148
  1.681156 seconds (39.72 k allocations: 50.117 MiB)
6643
  1.686086 seconds (31.73 k allocations: 40.043 MiB)
3629
  1.692270 seconds (36.12 k allocations: 45.222 MiB)
8149
  1.694309 seconds (39.72 k allocations: 50.117 MiB)
2128
  1.686469 seconds (33.55 k allocations: 43.131 MiB)
9642
  1.697638 seconds (39.80 k allocations: 50.201 MiB)
5149
  1.698791 seconds (39.80 k allocations: 50.201 MiB)
6644
  1.691801 seconds (36.14 k allocations: 45.769 MiB)
3630
  3.384643 seconds (34.60 k allocations: 43.667 MiB, 1.24% gc time)
  3.357806 seconds (26.68 k allocations: 33.655 MiB, 1.25% gc time)
  3.328398 seconds (18.83 k allocations: 23.768 MiB, 1.26% gc time)
  3.310553 seconds (11.04 k allocations: 13.928 MiB, 1.27% gc time)
  1.726850 seconds (3.13 k allocations: 3.949 MiB, 2.43% gc time)
6645
8150
5150
9643
2129
  1.692540 seconds (31.42 k allocations: 38.267 MiB)
3631
  1.794931 seconds (15.34 k allocations: 20.013 MiB)
  1.796975 seconds (17.55 k allocations: 22.911 MiB)
5151
8151
  1.816408 seconds (23.90 k allocations: 30.138 MiB)
9644
  2.574341 seconds (31.81 k allocations: 40.127 MiB)
2130
  1.691987 seconds (31.73 k allocations: 40.043 MiB)
3632
  3.418971 seconds (47.63 k allocations: 60.107 MiB)
6646
  1.696569 seconds (39.17 k allocations: 48.913 MiB)
5152
  1.705909 seconds (31.73 k allocations: 40.043 MiB)
9645
  2.080362 seconds (47.55 k allocations: 60.022 MiB)
8152
  2.319503 seconds (39.72 k allocations: 50.117 MiB)
2131
  1.694666 seconds (39.80 k allocations: 50.201 MiB)
3633
  1.694936 seconds (31.81 k allocations: 40.127 MiB)
5153
  1.681818 seconds (31.89 k allocations: 40.211 MiB)
9646
  2.209653 seconds (31.89 k allocations: 40.211 MiB)
8153
  3.029871 seconds (63.69 k allocations: 80.338 MiB)
6647
  1.698971 seconds (31.81 k allocations: 40.127 MiB)
3634
  2.963143 seconds (22.25 k allocations: 27.228 MiB, 1.46% gc time)
  3.252220 seconds (46.23 k allocations: 57.432 MiB, 1.33% gc time)
  2.054403 seconds (14.48 k allocations: 17.343 MiB, 2.11% gc time)
  1.725598 seconds (6.63 k allocations: 7.402 MiB, 2.51% gc time)
6648
2132
8154
  2.991232 seconds (30.26 k allocations: 37.323 MiB, 1.45% gc time)
5154
9647
  1.693877 seconds (36.79 k allocations: 44.265 MiB)
3635
  1.713293 seconds (11.46 k allocations: 14.836 MiB)
6649
  1.737264 seconds (18.15 k allocations: 23.580 MiB)
8155
  1.806879 seconds (25.70 k allocations: 33.200 MiB)
5155
  1.803648 seconds (27.69 k allocations: 34.703 MiB)
9648
  1.818481 seconds (37.92 k allocations: 48.285 MiB)
2133
  1.689333 seconds (39.80 k allocations: 50.201 MiB)
3636
  1.694715 seconds (39.80 k allocations: 50.201 MiB)
6650
  1.696696 seconds (39.72 k allocations: 50.117 MiB)
8156
  1.698449 seconds (23.90 k allocations: 30.138 MiB)
2134
  1.710890 seconds (34.88 k allocations: 44.514 MiB)
5156
  1.726843 seconds (42.33 k allocations: 54.001 MiB)
9649
  1.685223 seconds (39.64 k allocations: 50.033 MiB)
3637
  1.711996 seconds (39.72 k allocations: 50.117 MiB)
6651
  1.705311 seconds (39.72 k allocations: 50.117 MiB)
8157
  1.696720 seconds (31.81 k allocations: 40.127 MiB)
2135
  1.705765 seconds (38.70 k allocations: 47.863 MiB)
5157
  1.688485 seconds (34.34 k allocations: 43.420 MiB)
9650
  1.696290 seconds (39.80 k allocations: 50.201 MiB)
3638
  1.686433 seconds (39.80 k allocations: 50.201 MiB)
6652
  3.420375 seconds (34.77 k allocations: 43.845 MiB, 2.30% gc time)
  3.343912 seconds (24.32 k allocations: 30.581 MiB, 2.35% gc time)
  3.331153 seconds (11.05 k allocations: 13.925 MiB, 2.36% gc time)
  3.334962 seconds (12.57 k allocations: 16.734 MiB, 2.36% gc time)
  1.773855 seconds (3.31 k allocations: 4.154 MiB, 4.43% gc time)
8158
3639
2136
5158
9651
  1.689473 seconds (27.34 k allocations: 34.009 MiB)
6653
  1.731331 seconds (7.92 k allocations: 9.991 MiB)
3640
  1.794628 seconds (15.92 k allocations: 20.066 MiB)
  1.795692 seconds (15.91 k allocations: 20.064 MiB)
8159
2137
  1.798554 seconds (24.70 k allocations: 30.437 MiB)
5159
  1.815620 seconds (39.80 k allocations: 50.201 MiB)
9652
  1.681880 seconds (39.80 k allocations: 50.201 MiB)
6654
  1.691986 seconds (39.72 k allocations: 50.117 MiB)
3641
  1.694675 seconds (27.68 k allocations: 35.221 MiB)
8160
  1.699407 seconds (30.30 k allocations: 38.591 MiB)
2138
  1.706241 seconds (39.64 k allocations: 50.033 MiB)
5160
  1.705197 seconds (39.72 k allocations: 50.117 MiB)
9653
  1.689614 seconds (39.72 k allocations: 50.117 MiB)
6655
  1.696276 seconds (39.80 k allocations: 50.201 MiB)
3642
  1.693386 seconds (31.50 k allocations: 39.174 MiB)
2139
  1.716844 seconds (42.43 k allocations: 54.102 MiB)
8161
  1.707849 seconds (37.36 k allocations: 46.490 MiB)
5161
  1.697843 seconds (37.91 k allocations: 47.058 MiB)
9654
  1.692325 seconds (39.88 k allocations: 50.285 MiB)
6656
  1.902563 seconds (38.41 k allocations: 47.571 MiB, 5.13% gc time)  1.810344 seconds (18.97 k allocations: 23.174 MiB, 5.39% gc time)

  1.794586 seconds (6.72 k allocations: 7.503 MiB, 5.43% gc time)
  1.827987 seconds (30.55 k allocations: 37.619 MiB, 5.34% gc time)
  1.803125 seconds (11.62 k allocations: 13.690 MiB, 5.41% gc time)
2140
3643
8162
5162
9655
  1.681932 seconds (34.43 k allocations: 41.272 MiB)
6657
  1.724297 seconds (7.92 k allocations: 9.991 MiB)
  1.728066 seconds (8.31 k allocations: 12.263 MiB)
3644
5163
  1.734226 seconds (23.73 k allocations: 29.969 MiB)
9656
  1.742159 seconds (31.18 k allocations: 38.256 MiB)
8163
  1.752203 seconds (39.56 k allocations: 49.949 MiB)
2141
  1.687417 seconds (39.56 k allocations: 49.949 MiB)
6658
  1.687328 seconds (32.54 k allocations: 42.100 MiB)
3645
  1.694950 seconds (38.34 k allocations: 48.017 MiB)
5164
  1.699130 seconds (31.35 k allocations: 39.008 MiB)
  1.708535 seconds (38.39 k allocations: 48.065 MiB)
9657
8164
  1.698947 seconds (39.64 k allocations: 50.033 MiB)
2142
  1.690760 seconds (39.56 k allocations: 49.949 MiB)
6659
  1.690953 seconds (38.34 k allocations: 48.014 MiB)
3646
  1.697747 seconds (39.56 k allocations: 49.949 MiB)
  1.681172 seconds (24.21 k allocations: 32.319 MiB)
5165
9658
  1.689805 seconds (39.34 k allocations: 49.350 MiB)
8165
  1.693845 seconds (39.64 k allocations: 50.033 MiB)
2143
  1.682316 seconds (39.72 k allocations: 50.117 MiB)
6660
  1.695105 seconds (39.72 k allocations: 50.117 MiB)
3647
  3.355813 seconds (26.77 k allocations: 33.513 MiB, 1.72% gc time)
  3.355226 seconds (26.58 k allocations: 32.912 MiB, 1.72% gc time)
  3.328925 seconds (11.07 k allocations: 13.871 MiB, 1.73% gc time)
  3.343163 seconds (19.15 k allocations: 24.038 MiB, 1.72% gc time)
  1.736612 seconds (3.32 k allocations: 4.075 MiB, 3.32% gc time)
6661
5166
8166
2144
9659
  1.698730 seconds (32.81 k allocations: 39.701 MiB)
3648
  1.703790 seconds (7.23 k allocations: 10.521 MiB)
6662
  1.806586 seconds (15.99 k allocations: 20.148 MiB)
  1.805861 seconds (16.26 k allocations: 20.944 MiB)
8167
2145
  1.821544 seconds (28.17 k allocations: 36.421 MiB)
5167
  1.823019 seconds (36.59 k allocations: 45.704 MiB)
9660
  1.692449 seconds (33.79 k allocations: 43.364 MiB)
3649
  1.694991 seconds (33.01 k allocations: 42.049 MiB)
6663
  1.695752 seconds (24.58 k allocations: 31.358 MiB)
2146
  1.708865 seconds (38.42 k allocations: 48.246 MiB)
8168
  1.705366 seconds (32.35 k allocations: 40.680 MiB)
5168
  1.709517 seconds (38.79 k allocations: 47.945 MiB)
9661
  1.686350 seconds (31.73 k allocations: 40.043 MiB)
  1.684973 seconds (31.90 k allocations: 40.534 MiB)
3650
6664
  1.693432 seconds (33.83 k allocations: 43.410 MiB)
2147
  1.692890 seconds (31.72 k allocations: 40.036 MiB)
8169
  1.687531 seconds (31.81 k allocations: 40.127 MiB)
9662
  1.703396 seconds (42.23 k allocations: 52.682 MiB)
5169
  1.685372 seconds (31.81 k allocations: 40.127 MiB)
6665
  1.687010 seconds (32.77 k allocations: 41.807 MiB)
3651
  1.794212 seconds (19.25 k allocations: 24.883 MiB, 4.27% gc time)
  1.775722 seconds (3.54 k allocations: 5.017 MiB, 4.31% gc time)
  1.798279 seconds (20.97 k allocations: 27.839 MiB, 4.26% gc time)
  1.780163 seconds (5.18 k allocations: 7.892 MiB, 4.30% gc time)
8170
2148
9663
5170
  1.689888 seconds (25.43 k allocations: 32.045 MiB)
6666
  1.725141 seconds (7.91 k allocations: 9.990 MiB)
5171
  1.729279 seconds (9.03 k allocations: 11.819 MiB)
3652
  1.733919 seconds (19.73 k allocations: 23.432 MiB)
2149
  1.733691 seconds (25.00 k allocations: 30.731 MiB)
8171
  1.740217 seconds (35.77 k allocations: 43.630 MiB)
9664
  1.692103 seconds (39.72 k allocations: 50.117 MiB)
6667
  1.687292 seconds (26.22 k allocations: 33.021 MiB)
3653
  1.700222 seconds (37.56 k allocations: 46.888 MiB)
  1.691466 seconds (19.49 k allocations: 25.583 MiB)
5172
8172
  1.695716 seconds (25.96 k allocations: 34.170 MiB)
2150
  1.707792 seconds (39.88 k allocations: 50.285 MiB)
9665
  1.681452 seconds (39.88 k allocations: 50.285 MiB)
6668
  1.693954 seconds (39.88 k allocations: 50.285 MiB)
3654
  1.698491 seconds (25.95 k allocations: 33.455 MiB)
5173
  1.696706 seconds (24.52 k allocations: 31.466 MiB)
  1.699637 seconds (25.74 k allocations: 33.993 MiB)
2151
8173
  1.683842 seconds (35.39 k allocations: 42.024 MiB)
9666
  1.690240 seconds (39.64 k allocations: 50.033 MiB)
6669
  1.825445 seconds (38.19 k allocations: 47.331 MiB, 5.73% gc time)
  1.804966 seconds (10.77 k allocations: 12.898 MiB, 5.80% gc time)
  1.807652 seconds (13.38 k allocations: 17.982 MiB, 5.79% gc time)
  1.798109 seconds (6.67 k allocations: 7.456 MiB, 5.82% gc time)
  1.805143 seconds (11.14 k allocations: 13.362 MiB, 5.80% gc time)
8174
3655
2152
5174
9667
  1.681573 seconds (34.39 k allocations: 41.172 MiB)
6670
  1.728821 seconds (8.00 k allocations: 10.075 MiB)
8175
  1.733354 seconds (15.54 k allocations: 18.470 MiB)
  1.733688 seconds (16.29 k allocations: 21.100 MiB)
  1.735044 seconds (16.67 k allocations: 22.136 MiB)
5175
3656
2153
  1.765463 seconds (39.72 k allocations: 50.117 MiB)
9668
  1.686889 seconds (39.64 k allocations: 50.033 MiB)
6671
  1.699554 seconds (38.87 k allocations: 47.961 MiB)
8176
  1.694405 seconds (23.82 k allocations: 30.054 MiB)
3657
  1.696797 seconds (26.23 k allocations: 33.211 MiB)
2154
  1.699778 seconds (30.22 k allocations: 37.978 MiB)
5176
  1.703611 seconds (39.64 k allocations: 50.033 MiB)
9669
  1.712085 seconds (39.64 k allocations: 50.033 MiB)
6672
  1.701878 seconds (39.56 k allocations: 49.949 MiB)
8177
  1.687130 seconds (20.98 k allocations: 28.398 MiB)
3658
  1.693981 seconds (30.24 k allocations: 37.305 MiB)
2155
  1.693972 seconds (32.87 k allocations: 41.904 MiB)
5177
  1.692095 seconds (39.56 k allocations: 49.949 MiB)
9670
  1.712063 seconds (39.64 k allocations: 50.033 MiB)
6673
  1.705954 seconds (34.95 k allocations: 44.560 MiB)
8178
  3.374896 seconds (11.05 k allocations: 13.890 MiB, 1.78% gc time)
  3.408189 seconds (28.16 k allocations: 35.680 MiB, 1.76% gc time)
  3.398862 seconds (19.19 k allocations: 24.049 MiB, 1.77% gc time)
  1.746527 seconds (3.25 k allocations: 3.936 MiB, 3.44% gc time)
  3.402899 seconds (20.25 k allocations: 26.423 MiB, 1.76% gc time)
6674
3659
2156
9671
5178
  1.700585 seconds (26.27 k allocations: 32.970 MiB)
8179
  1.717392 seconds (11.58 k allocations: 14.952 MiB)
6675
  1.752857 seconds (25.11 k allocations: 33.123 MiB)
3660
  1.790243 seconds (23.90 k allocations: 30.138 MiB)
5179
  1.799970 seconds (31.26 k allocations: 39.574 MiB)
2157
  1.818226 seconds (40.02 k allocations: 51.649 MiB)
9672
  1.702883 seconds (39.64 k allocations: 50.033 MiB)
8180
  1.686929 seconds (39.72 k allocations: 50.117 MiB)
6676
  1.691254 seconds (39.64 k allocations: 50.033 MiB)
3661
  1.698649 seconds (31.81 k allocations: 40.127 MiB)
2158
  1.719685 seconds (31.89 k allocations: 40.211 MiB)
9673
  1.757323 seconds (52.57 k allocations: 66.375 MiB)
5180
  1.694035 seconds (39.72 k allocations: 50.117 MiB)
8181
  1.682131 seconds (34.35 k allocations: 43.416 MiB)
6677
  1.700791 seconds (39.64 k allocations: 50.033 MiB)
3662
  1.702751 seconds (39.64 k allocations: 50.033 MiB)
2159
  1.688322 seconds (39.72 k allocations: 50.117 MiB)
9674
  1.756932 seconds (39.72 k allocations: 50.117 MiB)
5181
  1.689126 seconds (34.51 k allocations: 44.105 MiB)
8182
  1.686912 seconds (33.49 k allocations: 42.538 MiB)
6678
  2.025811 seconds (33.41 k allocations: 41.244 MiB, 2.05% gc time)
  1.968283 seconds (25.55 k allocations: 31.275 MiB, 2.11% gc time)
  1.944605 seconds (17.71 k allocations: 21.336 MiB, 2.13% gc time)
  1.861834 seconds (9.81 k allocations: 11.355 MiB, 2.23% gc time)
5182
2160
3663
9675
  1.683494 seconds (21.20 k allocations: 26.519 MiB)
6679
  1.758260 seconds (7.91 k allocations: 9.990 MiB)
2161
  1.763724 seconds (12.11 k allocations: 14.971 MiB)
5183
  1.777343 seconds (23.73 k allocations: 29.970 MiB)
9676
  1.798958 seconds (53.66 k allocations: 66.089 MiB)
8183
  1.816601 seconds (39.56 k allocations: 49.949 MiB)
3664
  1.698042 seconds (39.64 k allocations: 50.033 MiB)
6680
  1.703950 seconds (31.81 k allocations: 40.127 MiB)
5184
  1.716568 seconds (42.30 k allocations: 53.977 MiB)
2162
  1.704272 seconds (31.89 k allocations: 40.211 MiB)
8184
  1.720492 seconds (45.33 k allocations: 57.060 MiB)
9677
  1.713467 seconds (39.72 k allocations: 50.117 MiB)
3665
  1.688861 seconds (39.72 k allocations: 50.117 MiB)
6681
  1.700770 seconds (39.46 k allocations: 49.193 MiB)
5185
  1.703932 seconds (31.81 k allocations: 40.127 MiB)
8185
  1.732242 seconds (47.71 k allocations: 60.190 MiB)
2163
  1.716348 seconds (39.80 k allocations: 50.201 MiB)
9678
  1.718685 seconds (39.80 k allocations: 50.201 MiB)
3666
  1.686986 seconds (39.72 k allocations: 50.117 MiB)
6682
  1.865942 seconds (38.44 k allocations: 47.584 MiB, 0.99% gc time)
  1.840186 seconds (30.51 k allocations: 37.560 MiB, 1.00% gc time)
  1.814220 seconds (14.71 k allocations: 17.607 MiB, 1.02% gc time)
  1.825012 seconds (21.47 k allocations: 25.805 MiB, 1.01% gc time)
  1.780770 seconds (6.96 k allocations: 7.888 MiB, 1.04% gc time)
2164
9679
5186
3667
8186
  1.684409 seconds (34.58 k allocations: 41.451 MiB)
6683
  1.716731 seconds (19.47 k allocations: 26.671 MiB)
3668
  1.728442 seconds (15.98 k allocations: 20.148 MiB)
8187
  1.734705 seconds (17.32 k allocations: 23.426 MiB)
5187
  1.750512 seconds (32.73 k allocations: 42.290 MiB)
  1.751232 seconds (33.19 k allocations: 43.128 MiB)
9680
2165
  1.688423 seconds (39.80 k allocations: 50.201 MiB)
6684
  1.699556 seconds (23.82 k allocations: 30.054 MiB)
  1.698828 seconds (23.82 k allocations: 30.055 MiB)
8188
  1.730172 seconds (47.67 k allocations: 59.571 MiB)
5188
3669
  1.724452 seconds (31.81 k allocations: 40.127 MiB)
2166
  1.747908 seconds (39.80 k allocations: 50.201 MiB)
9681
  1.667410 seconds (39.72 k allocations: 50.117 MiB)
6685
  1.708718 seconds (23.90 k allocations: 30.138 MiB)
5189
  1.720853 seconds (23.82 k allocations: 30.054 MiB)
2167
  1.707256 seconds (23.07 k allocations: 28.075 MiB)
9682
  1.862057 seconds (62.77 k allocations: 78.098 MiB)
8189
  1.907529 seconds (55.54 k allocations: 70.096 MiB)
3670
  1.682626 seconds (39.64 k allocations: 50.033 MiB)
6686
  1.708718 seconds (39.72 k allocations: 50.117 MiB)
5190
  3.202847 seconds (26.91 k allocations: 33.912 MiB, 0.53% gc time)
  3.215709 seconds (34.51 k allocations: 42.921 MiB, 0.53% gc time)
  3.048434 seconds (11.16 k allocations: 13.976 MiB, 0.56% gc time)
  3.114318 seconds (19.27 k allocations: 24.137 MiB, 0.55% gc time)
  1.698075 seconds (3.35 k allocations: 4.079 MiB, 1.01% gc time)
8190
6687
2168
3671
9683
  1.700936 seconds (37.81 k allocations: 44.938 MiB)
5191
  1.693486 seconds (24.53 k allocations: 30.607 MiB)
8191
  1.790817 seconds (15.91 k allocations: 20.064 MiB)
  1.795089 seconds (16.13 k allocations: 20.691 MiB)
6688
2169
  1.813874 seconds (31.81 k allocations: 40.127 MiB)
3672
  1.821430 seconds (33.77 k allocations: 42.836 MiB)
9684
  1.706960 seconds (35.70 k allocations: 45.315 MiB)
  1.701171 seconds (31.95 k allocations: 40.520 MiB)
5192
8192
  1.703877 seconds (31.73 k allocations: 40.043 MiB)
2170
  1.707908 seconds (23.73 k allocations: 29.970 MiB)
9685
  1.724015 seconds (31.64 k allocations: 39.959 MiB)
3673
  1.889680 seconds (55.54 k allocations: 70.096 MiB)
6689
  1.696144 seconds (31.73 k allocations: 40.043 MiB)
8193
  1.698896 seconds (32.46 k allocations: 41.493 MiB)
5193
  1.698527 seconds (39.80 k allocations: 50.201 MiB)
2171
  1.692811 seconds (39.80 k allocations: 50.201 MiB)
9686
  1.706073 seconds (39.80 k allocations: 50.201 MiB)
3674
  1.704902 seconds (39.88 k allocations: 50.285 MiB)
6690
  1.697518 seconds (31.81 k allocations: 40.127 MiB)
8194
  1.698418 seconds (33.61 k allocations: 42.672 MiB)
5194
  1.958524 seconds (27.47 k allocations: 35.183 MiB, 3.65% gc time)
  1.937245 seconds (19.52 k allocations: 25.145 MiB, 3.69% gc time)
  1.892119 seconds (11.64 k allocations: 15.156 MiB, 3.78% gc time)
  1.774240 seconds (3.82 k allocations: 5.224 MiB, 4.03% gc time)
6691
2172
3675
9687
  1.686227 seconds (25.68 k allocations: 32.318 MiB)
8195
  1.719603 seconds (7.92 k allocations: 9.991 MiB)
6692
  1.744937 seconds (15.82 k allocations: 19.980 MiB)
9688
  1.747357 seconds (16.96 k allocations: 21.831 MiB)
  1.748701 seconds (18.49 k allocations: 24.043 MiB)
3676
2173
  1.805405 seconds (39.72 k allocations: 50.117 MiB)
5195
  1.687622 seconds (39.72 k allocations: 50.117 MiB)
8196
  1.694803 seconds (39.80 k allocations: 50.201 MiB)
6693
  1.692100 seconds (23.90 k allocations: 30.138 MiB)
3677
  1.701273 seconds (31.89 k allocations: 40.211 MiB)
2174
  1.709485 seconds (37.84 k allocations: 49.420 MiB)
9689
  1.695873 seconds (39.88 k allocations: 50.285 MiB)
5196
  1.684741 seconds (39.80 k allocations: 50.201 MiB)
8197
  1.721577 seconds (39.72 k allocations: 50.117 MiB)
  1.704672 seconds (31.55 k allocations: 39.812 MiB)
  1.691603 seconds (16.31 k allocations: 21.272 MiB)
  1.708738 seconds (17.56 k allocations: 24.917 MiB)
6694
3678
9690
2175
  1.709374 seconds (39.80 k allocations: 50.201 MiB)
5197
  1.710743 seconds (39.80 k allocations: 50.201 MiB)
8198
  2.095897 seconds (22.08 k allocations: 26.393 MiB, 3.82% gc time)
  2.081491 seconds (14.53 k allocations: 17.407 MiB, 3.85% gc time)
  2.048176 seconds (6.50 k allocations: 7.339 MiB, 3.91% gc time)
  2.095991 seconds (22.52 k allocations: 26.996 MiB, 3.82% gc time)
  2.095705 seconds (22.45 k allocations: 26.853 MiB, 3.82% gc time)
5198
2176
3679
9691
6695
  1.691190 seconds (37.81 k allocations: 44.938 MiB)
8199
  1.702697 seconds (12.56 k allocations: 18.400 MiB)
6696
  1.721039 seconds (17.09 k allocations: 24.955 MiB)
5199
  1.751577 seconds (23.90 k allocations: 30.138 MiB)
  1.754224 seconds (24.15 k allocations: 30.857 MiB)
3680
2177
  1.761176 seconds (35.96 k allocations: 43.834 MiB)
9692
  1.692306 seconds (39.80 k allocations: 50.201 MiB)
8200
  1.698343 seconds (39.72 k allocations: 50.117 MiB)
6697
  1.701359 seconds (39.72 k allocations: 50.117 MiB)
5200
  1.698414 seconds (30.59 k allocations: 39.410 MiB)
3681
  1.699497 seconds (31.89 k allocations: 40.211 MiB)
9693
  1.712535 seconds (40.61 k allocations: 51.041 MiB)
2178
  1.691805 seconds (39.80 k allocations: 50.201 MiB)
8201
  1.707024 seconds (39.80 k allocations: 50.201 MiB)
6698
  1.699923 seconds (39.72 k allocations: 50.117 MiB)
5201
  1.685360 seconds (27.20 k allocations: 34.734 MiB)
9694
  1.701257 seconds (42.98 k allocations: 53.440 MiB)
3682
  1.708639 seconds (39.80 k allocations: 50.201 MiB)
2179
  1.687391 seconds (39.72 k allocations: 50.117 MiB)
8202
  1.699624 seconds (39.80 k allocations: 50.201 MiB)
6699
  3.353038 seconds (34.70 k allocations: 43.771 MiB, 1.44% gc time)
  3.322857 seconds (21.45 k allocations: 27.612 MiB, 1.45% gc time)
  3.317251 seconds (19.01 k allocations: 23.950 MiB, 1.46% gc time)
  1.748143 seconds (3.28 k allocations: 4.123 MiB, 2.76% gc time)
  3.294837 seconds (11.25 k allocations: 14.170 MiB, 1.47% gc time)
8203
5202
2180
3683
9695
  1.704031 seconds (26.01 k allocations: 32.662 MiB)
6700
  1.726129 seconds (8.00 k allocations: 10.075 MiB)
8204
  1.793584 seconds (15.91 k allocations: 20.064 MiB)
5203
  1.797450 seconds (21.91 k allocations: 26.887 MiB)
2181
  1.803894 seconds (31.73 k allocations: 40.043 MiB)
9696
  1.818321 seconds (39.64 k allocations: 50.033 MiB)
3684
  1.703582 seconds (39.64 k allocations: 50.033 MiB)
6701
  1.685056 seconds (39.64 k allocations: 50.033 MiB)
8205
  1.705066 seconds (36.48 k allocations: 46.108 MiB)
5204
  1.719400 seconds (38.54 k allocations: 48.219 MiB)
2182
  1.714021 seconds (33.55 k allocations: 42.601 MiB)
9697
  1.717690 seconds (39.72 k allocations: 50.117 MiB)
3685
  1.694346 seconds (39.80 k allocations: 50.201 MiB)
6702
  1.690447 seconds (39.80 k allocations: 50.201 MiB)
8206
  1.684444 seconds (23.90 k allocations: 30.138 MiB)
9698
  1.708658 seconds (41.86 k allocations: 53.000 MiB)
5205
  1.712883 seconds (39.80 k allocations: 50.201 MiB)
2183
  1.704260 seconds (39.72 k allocations: 50.117 MiB)
3686
  1.683904 seconds (31.81 k allocations: 40.127 MiB)
8207
  1.863751 seconds (42.68 k allocations: 53.847 MiB, 0.97% gc time)
  1.747342 seconds (19.02 k allocations: 23.953 MiB, 1.04% gc time)
  1.749234 seconds (18.96 k allocations: 23.864 MiB, 1.04% gc time)
  1.719381 seconds (9.60 k allocations: 11.807 MiB, 1.06% gc time)
  1.711968 seconds (3.32 k allocations: 4.233 MiB, 1.06% gc time)
6703
5206
2184
3687
9699
  1.684585 seconds (34.60 k allocations: 41.616 MiB)
8208
  1.697546 seconds (10.54 k allocations: 13.891 MiB)
2185
  1.700281 seconds (12.35 k allocations: 16.442 MiB)
5207
  1.706821 seconds (25.00 k allocations: 31.266 MiB)
3688
  1.732633 seconds (41.91 k allocations: 55.344 MiB)
6704
  1.742995 seconds (39.88 k allocations: 50.285 MiB)
9700
  1.689877 seconds (39.88 k allocations: 50.285 MiB)
8209
  1.703644 seconds (31.99 k allocations: 40.904 MiB)
  1.702955 seconds (28.62 k allocations: 36.423 MiB)
5208
2186
  1.703609 seconds (29.32 k allocations: 37.069 MiB)
3689
  1.701980 seconds (39.72 k allocations: 50.117 MiB)
6705
  1.709742 seconds (39.72 k allocations: 50.117 MiB)
9701
  1.690449 seconds (39.72 k allocations: 50.117 MiB)
8210
  1.691734 seconds (23.74 k allocations: 29.970 MiB)
5209
  1.699117 seconds (30.54 k allocations: 37.607 MiB)
  1.699042 seconds (30.69 k allocations: 37.793 MiB)
2187
3690
  1.704607 seconds (39.72 k allocations: 50.117 MiB)
6706
  1.689204 seconds (39.80 k allocations: 50.201 MiB)
9702
  1.679234 seconds (39.88 k allocations: 50.285 MiB)
8211
  1.807716 seconds (34.17 k allocations: 41.837 MiB, 3.57% gc time)
  1.797135 seconds (24.01 k allocations: 30.234 MiB, 3.59% gc time)
  1.769291 seconds (14.76 k allocations: 17.682 MiB, 3.65% gc time)
  1.793388 seconds (22.84 k allocations: 27.872 MiB, 3.60% gc time)
  1.753701 seconds (6.92 k allocations: 7.814 MiB, 3.68% gc time)
2188
3691
5210
6707
9703
  1.682646 seconds (34.27 k allocations: 41.053 MiB)
8212
  1.722783 seconds (7.92 k allocations: 9.991 MiB)
5211
  1.726672 seconds (12.53 k allocations: 15.390 MiB)
6708
  1.730477 seconds (20.70 k allocations: 25.654 MiB)
9704
  1.743120 seconds (31.65 k allocations: 39.959 MiB)
  1.745304 seconds (32.03 k allocations: 40.995 MiB)
2189
3692
  1.685124 seconds (39.72 k allocations: 50.117 MiB)
8213
  1.696253 seconds (33.54 k allocations: 42.473 MiB)
  1.693808 seconds (28.06 k allocations: 36.253 MiB)
5212
6709
  1.699858 seconds (39.88 k allocations: 50.285 MiB)
9705
  1.703658 seconds (31.81 k allocations: 40.127 MiB)
  1.702817 seconds (32.19 k allocations: 41.163 MiB)
3693
2190
  1.682028 seconds (39.72 k allocations: 50.117 MiB)
8214
  1.674128 seconds (23.90 k allocations: 30.138 MiB)
9706
  1.697087 seconds (39.72 k allocations: 50.117 MiB)
5213
  1.698943 seconds (40.95 k allocations: 51.437 MiB)
6710
  1.696438 seconds (31.81 k allocations: 40.127 MiB)
3694
  1.702116 seconds (36.45 k allocations: 45.567 MiB)
2191
  1.691506 seconds (39.72 k allocations: 50.117 MiB)
8215
  1.674568 seconds (39.72 k allocations: 50.117 MiB)
9707
  3.388655 seconds (26.85 k allocations: 33.848 MiB, 2.51% gc time)
  3.391324 seconds (27.27 k allocations: 35.514 MiB, 2.51% gc time)
  3.360440 seconds (14.93 k allocations: 19.048 MiB, 2.53% gc time)
  1.768582 seconds (3.16 k allocations: 3.956 MiB, 4.81% gc time)
  3.353033 seconds (11.04 k allocations: 13.893 MiB, 2.54% gc time)
8216
6711
3695
5214
2192
  1.690165 seconds (34.49 k allocations: 41.406 MiB)
9708
  1.719437 seconds (9.09 k allocations: 14.869 MiB)
8217
  1.790829 seconds (15.83 k allocations: 19.980 MiB)
5215
  1.799146 seconds (23.73 k allocations: 29.970 MiB)
  1.798807 seconds (23.98 k allocations: 30.667 MiB)
6712
2193
  1.806871 seconds (38.12 k allocations: 46.037 MiB)
3696
  1.692510 seconds (39.72 k allocations: 50.117 MiB)
9709
  1.682400 seconds (39.72 k allocations: 50.117 MiB)
8218
  1.700679 seconds (39.69 k allocations: 49.907 MiB)
5216
  1.697319 seconds (29.43 k allocations: 37.002 MiB)
6713
  1.703319 seconds (34.23 k allocations: 42.600 MiB)
2194
  1.695324 seconds (29.48 k allocations: 37.229 MiB)
3697
  1.688915 seconds (39.88 k allocations: 50.285 MiB)
9710
  1.686776 seconds (39.88 k allocations: 50.285 MiB)
8219
  1.697141 seconds (38.88 k allocations: 48.552 MiB)
5217
  1.696360 seconds (28.03 k allocations: 36.815 MiB)
6714
  1.698021 seconds (30.23 k allocations: 37.295 MiB)
3698
  1.714806 seconds (41.12 k allocations: 52.761 MiB)
2195
  1.678033 seconds (39.72 k allocations: 50.117 MiB)
9711
  1.918387 seconds (38.40 k allocations: 47.544 MiB, 4.35% gc time)
  1.800895 seconds (19.01 k allocations: 23.217 MiB, 4.63% gc time)
  1.813825 seconds (30.23 k allocations: 36.647 MiB, 4.60% gc time)
  1.793161 seconds (14.42 k allocations: 16.748 MiB, 4.65% gc time)
  1.784256 seconds (6.88 k allocations: 7.856 MiB, 4.67% gc time)
8220
6715
5218
2196
3699
  1.708136 seconds (35.33 k allocations: 42.313 MiB)
9712
  1.728180 seconds (8.00 k allocations: 10.075 MiB)
6716
  1.734473 seconds (15.90 k allocations: 18.837 MiB)
8221
  1.733021 seconds (17.22 k allocations: 22.108 MiB)
2197
  1.744117 seconds (31.81 k allocations: 40.127 MiB)
5219
  1.746541 seconds (33.45 k allocations: 42.501 MiB)
3700
  1.688087 seconds (39.72 k allocations: 50.117 MiB)
9713
  1.684619 seconds (23.82 k allocations: 30.054 MiB)
8222
  1.694804 seconds (40.65 k allocations: 50.563 MiB)
6717
  1.707012 seconds (39.64 k allocations: 50.033 MiB)
  1.696522 seconds (24.25 k allocations: 32.368 MiB)
2198
5220
  1.699488 seconds (34.73 k allocations: 42.586 MiB)
3701
  1.689746 seconds (39.64 k allocations: 50.033 MiB)
9714
  1.684219 seconds (33.16 k allocations: 42.721 MiB)
8223
  1.694382 seconds (39.72 k allocations: 50.117 MiB)
6718
  1.690758 seconds (25.36 k allocations: 32.851 MiB)
5221
  1.699285 seconds (31.89 k allocations: 40.211 MiB)
  1.705353 seconds (36.90 k allocations: 48.194 MiB)
3702
2199
  1.672888 seconds (39.88 k allocations: 50.285 MiB)
9715
  1.687720 seconds (39.88 k allocations: 50.285 MiB)
8224
  3.363605 seconds (34.79 k allocations: 43.868 MiB, 0.51% gc time)
  3.339059 seconds (25.11 k allocations: 30.671 MiB, 0.51% gc time)
  3.328015 seconds (11.17 k allocations: 14.098 MiB, 0.51% gc time)
  3.331184 seconds (11.62 k allocations: 15.752 MiB, 0.51% gc time)
  1.723381 seconds (5.29 k allocations: 8.537 MiB, 0.99% gc time)
3703
2200
6719
5222
9716
  1.695064 seconds (30.55 k allocations: 37.381 MiB)
8225
  1.699095 seconds (29.26 k allocations: 36.777 MiB)
3704
  1.797945 seconds (25.74 k allocations: 32.541 MiB)
2201
  1.900977 seconds (23.82 k allocations: 30.054 MiB)
5223
  1.978050 seconds (31.73 k allocations: 40.043 MiB)
9717
  2.150335 seconds (39.64 k allocations: 50.033 MiB)
6720
  1.690230 seconds (39.46 k allocations: 49.539 MiB)
8226
  1.699797 seconds (39.56 k allocations: 49.949 MiB)
3705
  1.702425 seconds (39.64 k allocations: 50.033 MiB)
2202
  1.695034 seconds (39.64 k allocations: 50.033 MiB)
5224
  1.714282 seconds (39.72 k allocations: 50.117 MiB)
9718
  1.697534 seconds (39.72 k allocations: 50.117 MiB)
6721
  1.700152 seconds (39.80 k allocations: 50.201 MiB)
8227
  1.688580 seconds (36.58 k allocations: 45.703 MiB)
3706
  1.706262 seconds (39.72 k allocations: 50.117 MiB)
2203
  1.700232 seconds (39.72 k allocations: 50.117 MiB)
5225
  1.688528 seconds (39.72 k allocations: 50.117 MiB)
9719
  1.730916 seconds (39.72 k allocations: 50.117 MiB)
6722
  1.693025 seconds (31.81 k allocations: 40.127 MiB)
3707
  2.291801 seconds (38.87 k allocations: 49.240 MiB, 3.73% gc time)
  2.156755 seconds (26.70 k allocations: 33.682 MiB, 3.96% gc time)
  2.044128 seconds (18.86 k allocations: 23.739 MiB, 4.18% gc time)
  1.969902 seconds (11.01 k allocations: 13.931 MiB, 4.34% gc time)
  1.770290 seconds (3.22 k allocations: 4.196 MiB, 4.83% gc time)
8228
2204
5226
6723
9720
  1.690403 seconds (32.23 k allocations: 39.091 MiB)
3708
  1.733432 seconds (13.63 k allocations: 18.272 MiB)
5227
  1.739916 seconds (15.90 k allocations: 20.064 MiB)
6724
  1.746153 seconds (23.16 k allocations: 28.166 MiB)
9721
  1.794235 seconds (36.39 k allocations: 47.251 MiB)
8229
  1.799092 seconds (39.73 k allocations: 51.360 MiB)
2205
  1.695808 seconds (39.72 k allocations: 50.117 MiB)
3709
  1.703730 seconds (39.64 k allocations: 50.033 MiB)
5228
  1.696506 seconds (37.14 k allocations: 45.576 MiB)
6725
  1.726531 seconds (39.64 k allocations: 50.033 MiB)
  1.690418 seconds (26.48 k allocations: 34.645 MiB)
9722
8230
  1.706128 seconds (39.64 k allocations: 50.033 MiB)
2206
  1.702683 seconds (39.64 k allocations: 50.033 MiB)
3710
  1.695835 seconds (31.73 k allocations: 40.043 MiB)
6726
  1.705737 seconds (37.81 k allocations: 48.112 MiB)
5229
  1.686117 seconds (31.73 k allocations: 40.043 MiB)
8231
  1.730893 seconds (39.64 k allocations: 50.033 MiB)
9723
  1.717249 seconds (37.71 k allocations: 46.840 MiB)
2207
  1.699415 seconds (39.72 k allocations: 50.117 MiB)
3711
  1.878443 seconds (30.41 k allocations: 37.470 MiB, 4.47% gc time)
  1.876286 seconds (30.43 k allocations: 37.488 MiB, 4.48% gc time)
  1.846997 seconds (22.58 k allocations: 27.527 MiB, 4.55% gc time)
  1.803224 seconds (11.59 k allocations: 13.717 MiB, 4.66% gc time)
  1.794750 seconds (6.83 k allocations: 7.686 MiB, 4.68% gc time)
8232
2208
5230
6727
9724
  1.689756 seconds (35.65 k allocations: 42.579 MiB)
3712
  1.731344 seconds (8.30 k allocations: 11.604 MiB)
8233
  1.737071 seconds (13.05 k allocations: 17.161 MiB)
2209
  1.749950 seconds (24.12 k allocations: 31.595 MiB)
  1.745668 seconds (24.02 k allocations: 30.451 MiB)
6728
5231
  1.752152 seconds (29.21 k allocations: 36.959 MiB)
9725
  1.701029 seconds (39.64 k allocations: 50.033 MiB)
3713
  1.687449 seconds (34.65 k allocations: 44.243 MiB)
8234
  1.707171 seconds (39.56 k allocations: 49.949 MiB)
2210
  1.701806 seconds (28.11 k allocations: 36.883 MiB)
6729
  1.700942 seconds (25.74 k allocations: 32.715 MiB)
5232
  1.703312 seconds (32.26 k allocations: 40.051 MiB)
9726
  1.695166 seconds (39.56 k allocations: 49.949 MiB)
3714
  1.683933 seconds (39.64 k allocations: 50.033 MiB)
8235
  1.678573 seconds (15.90 k allocations: 20.064 MiB)
9727
  1.701760 seconds (47.16 k allocations: 58.986 MiB)
2211
  1.711919 seconds (36.30 k allocations: 47.142 MiB)
6730
  1.757833 seconds (40.61 k allocations: 52.251 MiB)
5233
  1.696435 seconds (39.64 k allocations: 50.033 MiB)
3715
  1.689272 seconds (39.64 k allocations: 50.033 MiB)
8236
  3.353913 seconds (34.42 k allocations: 42.851 MiB, 0.59% gc time)
  3.325840 seconds (18.97 k allocations: 23.874 MiB, 0.60% gc time)
  3.345338 seconds (26.97 k allocations: 33.924 MiB, 0.59% gc time)
  3.277358 seconds (11.27 k allocations: 14.109 MiB, 0.60% gc time)
  1.712706 seconds (3.41 k allocations: 4.187 MiB, 1.16% gc time)
3716
6731
2212
5234
9728
  1.680949 seconds (23.20 k allocations: 29.796 MiB)
8237
  1.693010 seconds (20.79 k allocations: 28.021 MiB)
3717
  1.784957 seconds (15.99 k allocations: 20.148 MiB)
6732
  1.796545 seconds (23.98 k allocations: 30.222 MiB)
  1.797010 seconds (24.36 k allocations: 31.258 MiB)
2213
9729
  1.837967 seconds (39.88 k allocations: 50.285 MiB)
5235
  1.692356 seconds (39.88 k allocations: 50.285 MiB)
8238
  1.694135 seconds (39.88 k allocations: 50.285 MiB)
3718
  1.708634 seconds (39.80 k allocations: 50.201 MiB)
6733
  1.702066 seconds (31.89 k allocations: 40.211 MiB)
2214
  1.718590 seconds (39.80 k allocations: 50.201 MiB)
9730
  1.705129 seconds (39.72 k allocations: 50.117 MiB)
5236
  1.682237 seconds (39.72 k allocations: 50.117 MiB)
8239
  1.695152 seconds (39.72 k allocations: 50.117 MiB)
3719
  1.700928 seconds (39.26 k allocations: 48.997 MiB)
6734
  1.699852 seconds (39.64 k allocations: 50.033 MiB)
2215
  1.714129 seconds (39.72 k allocations: 50.117 MiB)
9731
  1.702029 seconds (39.64 k allocations: 50.033 MiB)
5237
  1.700614 seconds (39.64 k allocations: 50.033 MiB)
8240
  1.944196 seconds (38.26 k allocations: 47.474 MiB, 3.72% gc time)
  1.825381 seconds (30.00 k allocations: 36.471 MiB, 3.96% gc time)
  1.813291 seconds (22.45 k allocations: 27.460 MiB, 3.99% gc time)
  1.781122 seconds (14.60 k allocations: 17.522 MiB, 4.06% gc time)
  1.762863 seconds (6.76 k allocations: 7.613 MiB, 4.10% gc time)
2216
3720
5238
9732
6735
  1.695183 seconds (33.97 k allocations: 40.828 MiB)
8241
  1.734955 seconds (9.44 k allocations: 12.772 MiB)
5239
  1.738260 seconds (13.25 k allocations: 17.366 MiB)
2217
  1.761461 seconds (24.06 k allocations: 31.528 MiB)
9733
  1.789332 seconds (32.23 k allocations: 41.780 MiB)
3721
  1.791912 seconds (38.39 k allocations: 47.540 MiB)
6736
  1.730616 seconds (39.80 k allocations: 50.201 MiB)
8242
  1.697050 seconds (35.16 k allocations: 44.763 MiB)
5240
  1.704941 seconds (39.80 k allocations: 50.201 MiB)
2218
  1.704669 seconds (39.88 k allocations: 50.285 MiB)
9734
  1.726780 seconds (31.81 k allocations: 40.127 MiB)
6737
  1.800197 seconds (43.84 k allocations: 55.542 MiB)
3722
  1.688468 seconds (39.80 k allocations: 50.201 MiB)
8243
  1.702968 seconds (39.80 k allocations: 50.201 MiB)
5241
  1.686062 seconds (31.81 k allocations: 40.127 MiB)
  1.709575 seconds (40.11 k allocations: 51.154 MiB)
9735
2219
  1.705410 seconds (39.80 k allocations: 50.201 MiB)
6738
  1.697186 seconds (39.80 k allocations: 50.201 MiB)
3723
  1.686986 seconds (39.80 k allocations: 50.201 MiB)
8244
  1.700415 seconds (39.80 k allocations: 50.201 MiB)
5242
  1.687589 seconds (26.72 k allocations: 33.720 MiB)
  3.353772 seconds (26.98 k allocations: 34.073 MiB, 0.73% gc time)
  3.277080 seconds (19.07 k allocations: 24.073 MiB, 0.75% gc time)
  3.216424 seconds (11.18 k allocations: 14.067 MiB, 0.76% gc time)
  1.708367 seconds (3.35 k allocations: 4.162 MiB, 1.44% gc time)
9736
8245
2220
6739
3724
  1.696545 seconds (25.15 k allocations: 31.828 MiB)
5243
  1.688033 seconds (7.91 k allocations: 9.990 MiB)
6740
  1.801078 seconds (31.10 k allocations: 40.506 MiB)
8246
  1.816112 seconds (28.75 k allocations: 36.316 MiB)
9737
  2.262854 seconds (31.81 k allocations: 40.127 MiB)
3725
  2.361414 seconds (44.64 k allocations: 56.363 MiB)
2221
  1.701382 seconds (39.88 k allocations: 50.285 MiB)
5244
  1.699551 seconds (39.88 k allocations: 50.285 MiB)
6741
  1.698462 seconds (39.88 k allocations: 50.285 MiB)
8247
  1.945442 seconds (39.80 k allocations: 50.201 MiB)
9738
  1.724432 seconds (39.80 k allocations: 50.201 MiB)
3726
  1.707774 seconds (39.80 k allocations: 50.201 MiB)
2222
  1.685441 seconds (31.89 k allocations: 40.211 MiB)
6742
  1.704524 seconds (47.71 k allocations: 60.190 MiB)
5245
  1.697003 seconds (39.88 k allocations: 50.285 MiB)
8248
  1.688895 seconds (39.88 k allocations: 50.285 MiB)
9739
  1.707870 seconds (39.80 k allocations: 50.201 MiB)
3727
  1.705857 seconds (39.80 k allocations: 50.201 MiB)
2223
  1.688600 seconds (39.19 k allocations: 48.878 MiB)
6743
  2.406873 seconds (34.78 k allocations: 43.859 MiB, 0.71% gc time)
  2.307724 seconds (26.86 k allocations: 33.848 MiB, 0.74% gc time)
  2.033215 seconds (19.04 k allocations: 23.934 MiB, 0.84% gc time)
  1.778735 seconds (11.11 k allocations: 13.959 MiB, 0.96% gc time)
  1.718452 seconds (3.23 k allocations: 4.014 MiB, 0.99% gc time)
3728
2224
5246
9740
8249
  1.700070 seconds (27.12 k allocations: 33.877 MiB)
6744
  1.709405 seconds (21.13 k allocations: 27.250 MiB)
2225
  1.744074 seconds (18.32 k allocations: 23.747 MiB)
9741
  1.764463 seconds (33.01 k allocations: 41.882 MiB)
3729
  1.806020 seconds (36.30 k allocations: 47.158 MiB)
5247
  1.805560 seconds (34.63 k allocations: 43.700 MiB)
8250
  1.676313 seconds (31.82 k allocations: 41.359 MiB)
6745
  1.707951 seconds (39.80 k allocations: 50.201 MiB)
2226
  1.707272 seconds (39.88 k allocations: 50.285 MiB)
9742
  1.723494 seconds (39.88 k allocations: 50.285 MiB)
3730
  1.695136 seconds (32.39 k allocations: 41.957 MiB)
5248
  1.697441 seconds (35.52 k allocations: 44.622 MiB)
8251
  1.684994 seconds (39.80 k allocations: 50.201 MiB)
6746
  1.704284 seconds (39.72 k allocations: 50.117 MiB)
2227
  1.710535 seconds (39.64 k allocations: 50.033 MiB)
9743
  1.703634 seconds (39.56 k allocations: 49.949 MiB)
3731
  1.698479 seconds (31.73 k allocations: 40.043 MiB)
8252
  1.708398 seconds (35.95 k allocations: 46.264 MiB)
5249
  1.689885 seconds (39.64 k allocations: 50.033 MiB)
6747
  1.936027 seconds (38.19 k allocations: 47.332 MiB, 6.50% gc time)
  1.884028 seconds (30.30 k allocations: 37.357 MiB, 6.68% gc time)
  1.846708 seconds (22.47 k allocations: 27.416 MiB, 6.81% gc time)
  1.818901 seconds (6.61 k allocations: 7.393 MiB, 6.92% gc time)
  1.824420 seconds (8.24 k allocations: 10.320 MiB, 6.90% gc time)
2228
3732
8253
9744
5250
  1.688120 seconds (34.88 k allocations: 41.746 MiB)
6748
  1.737662 seconds (8.17 k allocations: 11.481 MiB)
2229
  1.741830 seconds (12.15 k allocations: 16.241 MiB)
  1.741872 seconds (12.28 k allocations: 16.424 MiB)
9745
8254
  1.738636 seconds (16.20 k allocations: 20.529 MiB)
5251
  1.750976 seconds (40.02 k allocations: 50.438 MiB)
3733
  1.691909 seconds (39.72 k allocations: 50.117 MiB)
6749
  1.694867 seconds (24.09 k allocations: 32.067 MiB)
2230
  1.696262 seconds (20.85 k allocations: 25.105 MiB)
5252
  1.707779 seconds (31.09 k allocations: 37.529 MiB)
  1.708912 seconds (31.71 k allocations: 40.005 MiB)
8255
  1.700863 seconds (24.82 k allocations: 32.412 MiB)
9746
3734
  1.684164 seconds (39.64 k allocations: 50.033 MiB)
6750
  1.675160 seconds (7.91 k allocations: 9.990 MiB)
9747
  1.704388 seconds (45.33 k allocations: 55.833 MiB)
2231
  1.698675 seconds (37.37 k allocations: 46.342 MiB)
5253
  1.695674 seconds (23.77 k allocations: 29.492 MiB)
8256
  1.706326 seconds (39.72 k allocations: 50.117 MiB)
3735
  1.684809 seconds (39.72 k allocations: 50.117 MiB)
6751
  1.672373 seconds (37.42 k allocations: 47.083 MiB)
9748
  3.319545 seconds (23.68 k allocations: 31.134 MiB, 0.77% gc time)
  3.314809 seconds (18.95 k allocations: 23.858 MiB, 0.78% gc time)
  3.314175 seconds (18.97 k allocations: 23.860 MiB, 0.78% gc time)
  3.299827 seconds (11.11 k allocations: 13.913 MiB, 0.78% gc time)
  1.709892 seconds (3.16 k allocations: 3.935 MiB, 1.50% gc time)
6752
8257
5254
2232
3736
  1.722185 seconds (32.01 k allocations: 38.821 MiB)
9749
  1.730771 seconds (7.91 k allocations: 9.990 MiB)
6753
  1.790829 seconds (15.90 k allocations: 20.064 MiB)
  1.793005 seconds (16.25 k allocations: 21.091 MiB)
2233
5255
  1.800772 seconds (22.59 k allocations: 28.274 MiB)
8258
  1.809836 seconds (39.80 k allocations: 50.201 MiB)
3737
  1.699859 seconds (39.88 k allocations: 50.285 MiB)
9750
  1.692901 seconds (39.80 k allocations: 50.201 MiB)
6754
  1.695782 seconds (25.81 k allocations: 33.316 MiB)
5256
  1.702798 seconds (31.33 k allocations: 39.645 MiB)
2234
  1.712325 seconds (39.80 k allocations: 50.201 MiB)
8259
  1.715034 seconds (39.72 k allocations: 50.117 MiB)
3738
  1.688388 seconds (39.80 k allocations: 50.201 MiB)
9751
  1.693351 seconds (38.51 k allocations: 47.654 MiB)
6755
  1.699965 seconds (35.46 k allocations: 45.076 MiB)
5257
  1.700098 seconds (36.35 k allocations: 45.450 MiB)
2235
  1.709824 seconds (39.78 k allocations: 50.198 MiB)
8260
  1.703112 seconds (35.38 k allocations: 44.477 MiB)
3739
  1.670976 seconds (37.27 k allocations: 46.919 MiB)
9752
  1.913388 seconds (38.48 k allocations: 47.630 MiB, 4.83% gc time)
  1.836148 seconds (26.01 k allocations: 32.274 MiB, 5.03% gc time)
  1.830190 seconds (22.64 k allocations: 27.597 MiB, 5.05% gc time)
  1.800632 seconds (6.78 k allocations: 7.621 MiB, 5.13% gc time)
  1.806058 seconds (9.74 k allocations: 11.911 MiB, 5.11% gc time)
8261
6756
5258
2236
3740
  1.714773 seconds (36.72 k allocations: 43.736 MiB)
9753
  1.723252 seconds (7.92 k allocations: 9.991 MiB)
5259
  1.733135 seconds (15.91 k allocations: 20.064 MiB)
8262
  1.737599 seconds (23.22 k allocations: 28.229 MiB)
6757
  1.737783 seconds (24.94 k allocations: 31.895 MiB)
2237
  1.748496 seconds (39.72 k allocations: 50.117 MiB)
3741
  1.694105 seconds (39.80 k allocations: 50.201 MiB)
9754
  1.704848 seconds (39.13 k allocations: 48.827 MiB)
  1.690845 seconds (17.06 k allocations: 23.117 MiB)
5260
6758
  1.694538 seconds (29.11 k allocations: 34.940 MiB)
  1.704805 seconds (43.72 k allocations: 52.567 MiB)
2238
8263
  1.701163 seconds (39.72 k allocations: 50.117 MiB)
3742
  1.699617 seconds (39.80 k allocations: 50.201 MiB)
9755
  1.686283 seconds (29.78 k allocations: 36.660 MiB)
6759
  1.694323 seconds (33.61 k allocations: 41.250 MiB)
5261
  1.694293 seconds (30.37 k allocations: 37.430 MiB)
2239
  1.703409 seconds (38.89 k allocations: 48.043 MiB)
8264
  1.701554 seconds (39.72 k allocations: 50.117 MiB)
3743
  1.678408 seconds (39.72 k allocations: 50.117 MiB)
9756
  1.695765 seconds (37.13 k allocations: 46.781 MiB)
6760
  3.439571 seconds (32.14 k allocations: 40.469 MiB, 1.67% gc time)
  3.430303 seconds (24.46 k allocations: 30.678 MiB, 1.68% gc time)
  3.422075 seconds (18.61 k allocations: 22.871 MiB, 1.68% gc time)
  1.768445 seconds (3.29 k allocations: 4.173 MiB, 3.25% gc time)
  3.409184 seconds (11.14 k allocations: 14.062 MiB, 1.69% gc time)
5262
8265
2240
9757
3744
  1.691276 seconds (34.94 k allocations: 41.951 MiB)
6761
  1.728119 seconds (8.78 k allocations: 13.322 MiB)
9758
  1.783893 seconds (33.53 k allocations: 42.942 MiB)
5263
  1.784897 seconds (23.82 k allocations: 30.054 MiB)
8266
  1.792138 seconds (31.81 k allocations: 40.127 MiB)
2241
  1.799813 seconds (39.80 k allocations: 50.201 MiB)
3745
  1.685349 seconds (39.88 k allocations: 50.285 MiB)
6762
  1.690554 seconds (39.96 k allocations: 50.369 MiB)
9759
  1.697805 seconds (39.96 k allocations: 50.369 MiB)
5264
  1.698893 seconds (39.88 k allocations: 50.285 MiB)
8267
  1.698270 seconds (38.83 k allocations: 47.342 MiB)
2242
  1.707103 seconds (39.72 k allocations: 50.117 MiB)
3746
  1.696374 seconds (39.72 k allocations: 50.117 MiB)
6763
  1.675598 seconds (39.64 k allocations: 50.033 MiB)
9760
  1.715036 seconds (39.59 k allocations: 49.766 MiB)
5265
  1.695543 seconds (24.56 k allocations: 31.513 MiB)
2243
  1.698053 seconds (31.81 k allocations: 40.127 MiB)
3747
  1.730563 seconds (54.28 k allocations: 68.122 MiB)
8268
  1.669146 seconds (39.80 k allocations: 50.201 MiB)
6764
  1.941230 seconds (38.34 k allocations: 47.490 MiB, 5.67% gc time)
  1.847991 seconds (22.55 k allocations: 27.501 MiB, 5.96% gc time)
  1.848398 seconds (22.51 k allocations: 27.483 MiB, 5.96% gc time)
  1.822768 seconds (6.77 k allocations: 7.549 MiB, 6.04% gc time)
  1.832458 seconds (13.41 k allocations: 15.531 MiB, 6.01% gc time)
8269
2244
5266
3748
9761
  1.685649 seconds (34.16 k allocations: 40.967 MiB)
6765
  1.737562 seconds (7.92 k allocations: 9.991 MiB)
5267
  1.737304 seconds (8.41 k allocations: 11.206 MiB)
  1.737568 seconds (9.56 k allocations: 13.018 MiB)
9762
  1.740852 seconds (10.97 k allocations: 15.144 MiB)
2245
8270
  1.755761 seconds (39.64 k allocations: 50.033 MiB)
3749
  1.692257 seconds (39.72 k allocations: 50.117 MiB)
6766
  1.695172 seconds (15.90 k allocations: 20.064 MiB)
  1.695545 seconds (16.29 k allocations: 21.100 MiB)
  1.697195 seconds (16.43 k allocations: 21.436 MiB)
2246
8271
9763
  1.699880 seconds (20.52 k allocations: 28.080 MiB)
5268
  1.698660 seconds (39.64 k allocations: 50.033 MiB)
3750
  1.684779 seconds (39.72 k allocations: 50.117 MiB)
6767
  1.695195 seconds (16.52 k allocations: 21.917 MiB)
2247
  1.695822 seconds (17.82 k allocations: 22.718 MiB)
5269
  1.703824 seconds (28.49 k allocations: 35.515 MiB)
8272
  1.706259 seconds (35.01 k allocations: 44.095 MiB)
9764
  1.703705 seconds (39.80 k allocations: 50.201 MiB)
3751
  1.690686 seconds (39.80 k allocations: 50.201 MiB)
6768
  1.679694 seconds (15.82 k allocations: 19.980 MiB)
9765
  1.694161 seconds (28.01 k allocations: 35.609 MiB)
2248
  3.336203 seconds (31.13 k allocations: 39.624 MiB, 0.96% gc time)
  3.330901 seconds (23.25 k allocations: 30.154 MiB, 0.97% gc time)
  1.717667 seconds (4.08 k allocations: 5.564 MiB, 1.87% gc time)
  3.305586 seconds (11.92 k allocations: 15.440 MiB, 0.97% gc time)
6769
5270
3752
8273
  1.676429 seconds (21.40 k allocations: 27.923 MiB)
9766
  1.686615 seconds (21.45 k allocations: 28.682 MiB)
6770
  1.786335 seconds (15.90 k allocations: 20.064 MiB)
8274
  1.792373 seconds (17.50 k allocations: 22.377 MiB)
5271
  1.801959 seconds (32.71 k allocations: 42.275 MiB)
2249
  1.808296 seconds (39.80 k allocations: 50.201 MiB)
3753
  1.675432 seconds (31.89 k allocations: 40.211 MiB)
  1.689193 seconds (40.26 k allocations: 51.321 MiB)
6771
9767
  1.696522 seconds (31.50 k allocations: 39.174 MiB)
5272
  1.700641 seconds (33.58 k allocations: 43.866 MiB)
8275
  1.700794 seconds (39.64 k allocations: 49.758 MiB)
2250
  1.703142 seconds (39.80 k allocations: 50.201 MiB)
3754
  1.681071 seconds (31.81 k allocations: 40.127 MiB)
9768
  1.689983 seconds (35.42 k allocations: 44.511 MiB)
6772
  1.679329 seconds (31.89 k allocations: 40.211 MiB)
8276
  1.708111 seconds (40.25 k allocations: 51.889 MiB)
5273
  1.700544 seconds (36.16 k allocations: 45.267 MiB)
2251
  1.707340 seconds (39.72 k allocations: 50.117 MiB)
3755
  1.678898 seconds (33.91 k allocations: 43.502 MiB)
9769
  1.897983 seconds (38.39 k allocations: 47.543 MiB, 1.03% gc time)
  1.771652 seconds (30.50 k allocations: 37.555 MiB, 1.11% gc time)
  1.742255 seconds (15.06 k allocations: 19.167 MiB, 1.12% gc time)
  1.740034 seconds (14.72 k allocations: 17.736 MiB, 1.13% gc time)
  1.720110 seconds (6.77 k allocations: 7.755 MiB, 1.14% gc time)
8277
6773
5274
2252
3756
  1.711866 seconds (35.03 k allocations: 41.991 MiB)
9770
  1.705367 seconds (7.40 k allocations: 10.688 MiB)
3757
  1.725566 seconds (15.99 k allocations: 20.148 MiB)
8278
  1.728021 seconds (21.02 k allocations: 25.986 MiB)
2253
  1.734642 seconds (26.04 k allocations: 34.248 MiB)
6774
  1.733246 seconds (31.55 k allocations: 39.334 MiB)
5275
  1.691388 seconds (34.98 k allocations: 44.590 MiB)
9771
  1.701416 seconds (39.80 k allocations: 50.201 MiB)
3758
  1.686539 seconds (33.89 k allocations: 42.770 MiB)
8279
  1.693073 seconds (23.98 k allocations: 30.222 MiB)
5276
  1.699004 seconds (28.05 k allocations: 36.301 MiB)
2254
  1.699846 seconds (31.38 k allocations: 40.383 MiB)
6775
  1.679659 seconds (39.80 k allocations: 50.201 MiB)
9772
  1.686549 seconds (31.81 k allocations: 40.127 MiB)
8280
  1.697369 seconds (40.35 k allocations: 50.806 MiB)
3759
  1.694241 seconds (24.58 k allocations: 32.064 MiB)
2255
  1.693911 seconds (24.57 k allocations: 31.516 MiB)
6776
  1.700379 seconds (30.73 k allocations: 39.717 MiB)
5277
  1.673745 seconds (39.64 k allocations: 50.033 MiB)
9773
  1.693558 seconds (32.02 k allocations: 41.575 MiB)
8281
  3.399520 seconds (34.73 k allocations: 43.810 MiB, 1.18% gc time)
  3.377136 seconds (13.51 k allocations: 17.599 MiB, 1.19% gc time)
  3.377208 seconds (13.63 k allocations: 17.701 MiB, 1.19% gc time)
  3.372279 seconds (11.18 k allocations: 13.999 MiB, 1.19% gc time)
  1.746094 seconds (3.29 k allocations: 4.098 MiB, 2.30% gc time)
2256
6777
3760
5278
9774
  1.669305 seconds (25.84 k allocations: 32.477 MiB)
8282
  1.739859 seconds (8.00 k allocations: 10.075 MiB)
9775
  1.786896 seconds (15.91 k allocations: 20.064 MiB)
2257
  1.792912 seconds (19.60 k allocations: 24.530 MiB)
6778
  1.802331 seconds (31.89 k allocations: 40.211 MiB)
5279
  1.811916 seconds (39.80 k allocations: 50.201 MiB)
3761
  1.683444 seconds (39.80 k allocations: 50.201 MiB)
8283
  1.700202 seconds (39.88 k allocations: 50.285 MiB)
9776
  1.699791 seconds (35.54 k allocations: 45.155 MiB)
2258
  1.698897 seconds (37.48 k allocations: 46.619 MiB)
6779
  1.693473 seconds (33.23 k allocations: 42.214 MiB)
5280
  1.697868 seconds (39.80 k allocations: 50.201 MiB)
3762
  1.690728 seconds (39.80 k allocations: 50.201 MiB)
8284
  1.685981 seconds (39.72 k allocations: 50.117 MiB)
9777
  1.693076 seconds (37.91 k allocations: 47.129 MiB)
2259
  1.695385 seconds (31.89 k allocations: 40.211 MiB)
6780
  1.699056 seconds (31.89 k allocations: 40.211 MiB)
3763
  1.724490 seconds (43.41 k allocations: 54.586 MiB)
5281
  1.683247 seconds (39.96 k allocations: 50.369 MiB)
8285
  1.822156 seconds (38.34 k allocations: 47.492 MiB, 1.61% gc time)
  1.771496 seconds (30.40 k allocations: 37.464 MiB, 1.65% gc time)
  1.727864 seconds (6.56 k allocations: 7.339 MiB, 1.69% gc time)
  1.757583 seconds (22.49 k allocations: 27.442 MiB, 1.67% gc time)
  1.733134 seconds (8.88 k allocations: 10.961 MiB, 1.69% gc time)
5282
6781
3764
2260
9778
  1.693512 seconds (35.39 k allocations: 42.320 MiB)
8286
  1.730719 seconds (9.30 k allocations: 13.852 MiB)
3765
  1.736714 seconds (15.99 k allocations: 20.148 MiB)
5283
  1.738143 seconds (18.76 k allocations: 23.678 MiB)
2261
  1.741854 seconds (28.98 k allocations: 36.026 MiB)
9779
  1.816611 seconds (41.19 k allocations: 54.068 MiB)
6782
  1.685810 seconds (39.72 k allocations: 50.117 MiB)
8287
  1.700929 seconds (38.82 k allocations: 48.501 MiB)
3766
  1.693718 seconds (22.66 k allocations: 28.877 MiB)
2262
  1.703924 seconds (40.70 k allocations: 50.427 MiB)
5284
  1.700655 seconds (36.57 k allocations: 45.676 MiB)
9780
  1.786684 seconds (39.64 k allocations: 50.033 MiB)
6783
  1.705261 seconds (39.72 k allocations: 50.117 MiB)
8288
  1.697365 seconds (33.40 k allocations: 42.975 MiB)
3767
  1.703691 seconds (37.53 k allocations: 45.963 MiB)
2263
  1.703744 seconds (32.18 k allocations: 40.503 MiB)
5285
  1.713587 seconds (39.64 k allocations: 50.033 MiB)
9781
  1.698808 seconds (39.56 k allocations: 49.949 MiB)
6784
  1.701688 seconds (39.56 k allocations: 49.949 MiB)
8289
  1.695697 seconds (25.46 k allocations: 32.961 MiB)
2264
  1.675512 seconds (17.23 k allocations: 22.119 MiB)
  1.708927 seconds (39.41 k allocations: 50.121 MiB)
9782
3768
  3.355818 seconds (27.88 k allocations: 36.289 MiB, 0.86% gc time)
  1.720468 seconds (4.27 k allocations: 6.416 MiB, 1.68% gc time)
  3.201140 seconds (12.12 k allocations: 16.375 MiB, 0.90% gc time)
8290
5286
6785
  1.699499 seconds (23.01 k allocations: 29.583 MiB)
2265
  1.713828 seconds (9.73 k allocations: 13.073 MiB)
5287
  1.793709 seconds (15.99 k allocations: 20.148 MiB)
9783
  1.798869 seconds (23.89 k allocations: 30.138 MiB)
  1.813008 seconds (24.28 k allocations: 31.174 MiB)
  1.814720 seconds (24.66 k allocations: 32.209 MiB)
6786
8291
3769
  1.701584 seconds (39.72 k allocations: 50.117 MiB)
2266
  1.690685 seconds (39.64 k allocations: 50.033 MiB)
5288
  1.709647 seconds (39.49 k allocations: 49.461 MiB)
9784
  1.737087 seconds (23.82 k allocations: 30.054 MiB)
  1.742879 seconds (24.39 k allocations: 32.508 MiB)
  1.740670 seconds (24.37 k allocations: 31.568 MiB)
8292
6787
3770
  1.693067 seconds (39.41 k allocations: 49.164 MiB)
2267
  1.688549 seconds (36.55 k allocations: 45.660 MiB)
5289
  1.682697 seconds (39.72 k allocations: 50.117 MiB)
9785
  1.698460 seconds (23.73 k allocations: 29.970 MiB)
3771
  1.702048 seconds (28.38 k allocations: 35.409 MiB)
8293
  1.706720 seconds (32.82 k allocations: 40.634 MiB)
6788
  1.686615 seconds (31.89 k allocations: 40.211 MiB)
5290
  1.921648 seconds (26.82 k allocations: 33.819 MiB, 1.33% gc time)
  1.742706 seconds (14.04 k allocations: 17.430 MiB, 1.47% gc time)
  2.017296 seconds (38.22 k allocations: 48.593 MiB, 1.27% gc time)
  1.732261 seconds (3.00 k allocations: 3.690 MiB, 1.48% gc time)
  1.735398 seconds (3.50 k allocations: 5.401 MiB, 1.47% gc time)
2268
3772
9786
6789
8294
  1.697849 seconds (25.53 k allocations: 32.150 MiB)
5291
  1.732356 seconds (7.91 k allocations: 9.990 MiB)
8295
  1.737109 seconds (11.96 k allocations: 14.819 MiB)
6790
  1.737137 seconds (18.25 k allocations: 23.163 MiB)
9787
  1.741334 seconds (25.16 k allocations: 30.898 MiB)
2269
  1.747296 seconds (34.00 k allocations: 41.836 MiB)
3773
  1.697916 seconds (39.72 k allocations: 50.117 MiB)
5292
  1.702052 seconds (35.29 k allocations: 44.201 MiB)
8296
  1.694180 seconds (19.68 k allocations: 23.918 MiB)
2270
  1.705009 seconds (31.16 k allocations: 38.989 MiB)
6791
  1.706802 seconds (34.55 k allocations: 42.956 MiB)
9788
  1.697798 seconds (39.64 k allocations: 50.033 MiB)
3774
  1.685893 seconds (39.72 k allocations: 50.117 MiB)
5293
  1.700413 seconds (26.91 k allocations: 33.737 MiB)
2271
  1.717524 seconds (44.95 k allocations: 56.673 MiB)
8297
  1.707854 seconds (26.49 k allocations: 33.473 MiB)
6792
  1.719469 seconds (39.72 k allocations: 50.117 MiB)
9789
  1.701978 seconds (35.04 k allocations: 44.120 MiB)
3775
  1.691539 seconds (39.72 k allocations: 50.117 MiB)
5294
  1.758550 seconds (37.69 k allocations: 46.128 MiB, 1.53% gc time)  1.730375 seconds (8.68 k allocations: 10.763 MiB, 1.55% gc time)

  1.744356 seconds (22.51 k allocations: 27.476 MiB, 1.54% gc time)
  1.746702 seconds (22.66 k allocations: 28.811 MiB, 1.54% gc time)
  1.725208 seconds (6.72 k allocations: 7.478 MiB, 1.56% gc time)
8298
2272
3776
9790
6793
  1.682370 seconds (33.14 k allocations: 39.981 MiB)
5295
  1.717785 seconds (18.49 k allocations: 25.682 MiB)
3777
  1.722639 seconds (15.82 k allocations: 19.980 MiB)
6794
  1.726038 seconds (16.50 k allocations: 21.362 MiB)
  1.728536 seconds (18.30 k allocations: 24.991 MiB)
2273
8299
  1.758095 seconds (39.64 k allocations: 50.033 MiB)
9791
  1.696985 seconds (39.64 k allocations: 50.033 MiB)
5296
  1.698733 seconds (39.72 k allocations: 50.117 MiB)
3778
  1.687793 seconds (18.19 k allocations: 23.103 MiB)
  1.687477 seconds (18.26 k allocations: 23.142 MiB)
2274
8300
  1.697932 seconds (38.76 k allocations: 47.919 MiB)
6795
  1.709589 seconds (39.80 k allocations: 50.201 MiB)
9792
  1.690409 seconds (39.72 k allocations: 50.117 MiB)
5297
  1.699215 seconds (29.29 k allocations: 38.077 MiB)
3779
  1.696917 seconds (23.76 k allocations: 29.971 MiB)
2275
  1.700035 seconds (33.68 k allocations: 40.813 MiB)
8301
  1.695581 seconds (35.01 k allocations: 44.088 MiB)
6796
  1.679042 seconds (39.64 k allocations: 50.033 MiB)
9793
  1.691964 seconds (39.72 k allocations: 50.117 MiB)
5298
  1.687826 seconds (26.03 k allocations: 32.831 MiB)
2276
  3.378861 seconds (30.19 k allocations: 37.849 MiB, 1.20% gc time)
  3.374054 seconds (22.49 k allocations: 28.691 MiB, 1.20% gc time)
  3.367331 seconds (19.14 k allocations: 24.037 MiB, 1.20% gc time)
  3.343018 seconds (11.30 k allocations: 14.173 MiB, 1.21% gc time)
  1.732940 seconds (3.38 k allocations: 4.235 MiB, 2.34% gc time)
8302
5299
6797
3780
9794
  1.686702 seconds (33.48 k allocations: 40.423 MiB)
2277
  1.717030 seconds (13.25 k allocations: 19.105 MiB)
5300
  1.797108 seconds (19.88 k allocations: 27.794 MiB)
8303
  1.797585 seconds (22.20 k allocations: 27.182 MiB)
6798
  1.802483 seconds (31.48 k allocations: 38.562 MiB)
9795
  1.811451 seconds (39.72 k allocations: 50.117 MiB)
3781
  1.689631 seconds (39.72 k allocations: 50.117 MiB)
2278
  1.690602 seconds (39.64 k allocations: 50.033 MiB)
5301
  1.699591 seconds (36.51 k allocations: 46.136 MiB)
8304
  1.696565 seconds (31.59 k allocations: 39.915 MiB)
6799
  1.698297 seconds (31.73 k allocations: 40.043 MiB)
3782
  1.715225 seconds (47.22 k allocations: 59.056 MiB)
9796
  1.693418 seconds (39.64 k allocations: 50.033 MiB)
2279
  1.691972 seconds (39.56 k allocations: 49.949 MiB)
5302
  1.681448 seconds (31.64 k allocations: 39.959 MiB)
8305
  1.696084 seconds (39.56 k allocations: 49.949 MiB)
6800
  1.683143 seconds (31.64 k allocations: 39.959 MiB)
9797
  1.706993 seconds (47.30 k allocations: 59.467 MiB)
3783
  1.691486 seconds (39.64 k allocations: 50.033 MiB)
2280
  1.854447 seconds (38.41 k allocations: 47.553 MiB, 2.00% gc time)
  1.775335 seconds (30.54 k allocations: 37.605 MiB, 2.09% gc time)
  1.765712 seconds (22.68 k allocations: 27.642 MiB, 2.10% gc time)
  1.748536 seconds (14.89 k allocations: 17.816 MiB, 2.12% gc time)
  1.737004 seconds (7.00 k allocations: 7.931 MiB, 2.13% gc time)
6801
3784
5303
8306
9798
  1.689528 seconds (37.89 k allocations: 45.022 MiB)
2281
  1.736249 seconds (9.23 k allocations: 13.782 MiB)
  1.737535 seconds (10.58 k allocations: 15.492 MiB)
  1.732205 seconds (8.50 k allocations: 11.702 MiB)
5304
6802
8307
  1.756861 seconds (33.72 k allocations: 44.534 MiB)
3785
  1.764271 seconds (39.80 k allocations: 50.201 MiB)
9799
  1.690828 seconds (39.80 k allocations: 50.201 MiB)
2282
  1.691439 seconds (31.43 k allocations: 39.091 MiB)
5305
  1.696044 seconds (37.07 k allocations: 45.540 MiB)
6803
  1.694510 seconds (37.62 k allocations: 46.114 MiB)
8308
  1.697795 seconds (31.64 k allocations: 39.959 MiB)
  1.711295 seconds (39.65 k allocations: 50.186 MiB)
9800
3786
  1.685632 seconds (39.64 k allocations: 50.033 MiB)
2283
  1.691684 seconds (38.20 k allocations: 47.868 MiB)
5306
  1.691418 seconds (31.81 k allocations: 40.127 MiB)
8309
  1.701484 seconds (41.12 k allocations: 51.547 MiB)
6804
  1.681011 seconds (32.77 k allocations: 42.337 MiB)
9801
  1.703428 seconds (39.80 k allocations: 50.201 MiB)
3787
  1.694223 seconds (39.80 k allocations: 50.201 MiB)
2284
  1.687060 seconds (39.80 k allocations: 50.201 MiB)
5307
  3.327260 seconds (31.86 k allocations: 40.185 MiB, 0.94% gc time)
  3.312045 seconds (18.97 k allocations: 23.884 MiB, 0.94% gc time)
  3.318735 seconds (24.86 k allocations: 31.150 MiB, 0.94% gc time)
  3.283426 seconds (11.26 k allocations: 14.201 MiB, 0.95% gc time)
  1.718678 seconds (3.42 k allocations: 4.354 MiB, 1.81% gc time)
8310
3788
2285
6805
9802
  1.694121 seconds (27.95 k allocations: 34.586 MiB)
5308
  1.710306 seconds (7.97 k allocations: 11.271 MiB)
2286
  1.792935 seconds (15.82 k allocations: 19.980 MiB)
3789
  1.798737 seconds (18.59 k allocations: 23.497 MiB)
  1.799087 seconds (20.32 k allocations: 25.903 MiB)
8311
6806
  1.799875 seconds (30.65 k allocations: 37.195 MiB)
9803
  1.693596 seconds (39.72 k allocations: 50.117 MiB)
5309
  1.692185 seconds (39.80 k allocations: 50.201 MiB)
2287
  1.685258 seconds (18.84 k allocations: 24.285 MiB)
8312
  1.699526 seconds (34.79 k allocations: 44.920 MiB)
3790
  1.698387 seconds (27.91 k allocations: 36.163 MiB)
6807
  1.711642 seconds (39.72 k allocations: 50.117 MiB)
9804
  1.683483 seconds (39.64 k allocations: 50.033 MiB)
5310
  1.695248 seconds (39.64 k allocations: 50.033 MiB)
2288
  1.695917 seconds (39.64 k allocations: 50.033 MiB)
8313
  1.679286 seconds (23.73 k allocations: 29.970 MiB)
9805
  1.699441 seconds (34.28 k allocations: 43.348 MiB)
6808
  1.702802 seconds (36.06 k allocations: 47.016 MiB)
3791
  1.681550 seconds (39.72 k allocations: 50.117 MiB)
5311
  1.840637 seconds (38.35 k allocations: 47.498 MiB, 1.71% gc time)
  1.740437 seconds (6.58 k allocations: 7.390 MiB, 1.80% gc time)
  1.754746 seconds (30.45 k allocations: 37.515 MiB, 1.79% gc time)
  1.740041 seconds (6.67 k allocations: 7.442 MiB, 1.80% gc time)
  1.739563 seconds (6.75 k allocations: 7.507 MiB, 1.81% gc time)
6809
2289
3792
8314
9806
  1.686932 seconds (36.85 k allocations: 43.914 MiB)
5312
  1.707843 seconds (10.91 k allocations: 16.729 MiB)
8315
  1.721664 seconds (15.91 k allocations: 20.064 MiB)
2290
  1.736522 seconds (40.71 k allocations: 50.958 MiB)
6810
  1.757505 seconds (31.81 k allocations: 40.127 MiB)
3793
  1.762546 seconds (37.44 k allocations: 46.565 MiB)
9807
  1.687992 seconds (39.72 k allocations: 50.117 MiB)
5313
  1.702618 seconds (39.80 k allocations: 50.201 MiB)
8316
  1.690728 seconds (31.91 k allocations: 40.228 MiB)
2291
  1.702913 seconds (39.88 k allocations: 50.285 MiB)
6811
  1.703587 seconds (37.22 k allocations: 46.871 MiB)
3794
  1.704564 seconds (39.85 k allocations: 49.040 MiB)
9808
  1.693608 seconds (39.80 k allocations: 50.201 MiB)
5314
  1.672096 seconds (36.47 k allocations: 46.104 MiB)
8317
  1.700588 seconds (39.80 k allocations: 50.201 MiB)
2292
  1.708902 seconds (39.88 k allocations: 50.285 MiB)
6812
  1.679235 seconds (31.89 k allocations: 40.211 MiB)
9809
  1.698576 seconds (46.55 k allocations: 58.307 MiB)
3795
  1.698615 seconds (39.80 k allocations: 50.201 MiB)
5315
  1.699453 seconds (39.80 k allocations: 50.201 MiB)
8318
  3.328787 seconds (26.77 k allocations: 33.772 MiB, 0.68% gc time)
  3.352475 seconds (34.68 k allocations: 43.748 MiB, 0.67% gc time)
  3.307929 seconds (18.16 k allocations: 22.336 MiB, 0.68% gc time)
  1.715914 seconds (3.15 k allocations: 3.937 MiB, 1.32% gc time)
  3.296486 seconds (11.09 k allocations: 13.926 MiB, 0.69% gc time)
5316
6813
2293
3796
9810
  1.693522 seconds (23.36 k allocations: 29.947 MiB)
8319
  1.704024 seconds (9.96 k allocations: 15.746 MiB)
5317
  1.786296 seconds (15.99 k allocations: 20.148 MiB)
2294
  1.792600 seconds (20.61 k allocations: 25.563 MiB)
6814
  1.798939 seconds (31.97 k allocations: 40.295 MiB)
9811
  1.812553 seconds (39.88 k allocations: 50.285 MiB)
3797
  1.690612 seconds (31.89 k allocations: 40.211 MiB)
  1.709398 seconds (40.27 k allocations: 51.322 MiB)
5318
8320
  1.690962 seconds (35.54 k allocations: 45.159 MiB)
2295
  1.701839 seconds (39.11 k allocations: 48.805 MiB)
6815
  1.703393 seconds (39.72 k allocations: 50.117 MiB)
9812
  1.706887 seconds (39.64 k allocations: 50.033 MiB)
3798
  1.689225 seconds (31.73 k allocations: 40.043 MiB)
5319
  1.740684 seconds (39.64 k allocations: 50.033 MiB)
8321
  1.685934 seconds (39.64 k allocations: 50.033 MiB)
2296
  1.678615 seconds (31.73 k allocations: 40.043 MiB)
9813
  1.705941 seconds (47.55 k allocations: 60.022 MiB)
6816
  1.713092 seconds (39.64 k allocations: 50.033 MiB)
3799
  1.684480 seconds (39.72 k allocations: 50.117 MiB)
5320
  1.838120 seconds (34.70 k allocations: 43.774 MiB, 1.98% gc time)
  1.804650 seconds (26.93 k allocations: 33.952 MiB, 2.02% gc time)
  1.772671 seconds (11.09 k allocations: 13.959 MiB, 2.06% gc time)
  1.737884 seconds (3.21 k allocations: 4.001 MiB, 2.10% gc time)
  1.786642 seconds (19.02 k allocations: 23.962 MiB, 2.04% gc time)
8322
6817
3800
9814
2297
  1.697915 seconds (34.93 k allocations: 41.848 MiB)
5321
  1.738245 seconds (8.62 k allocations: 11.935 MiB)
  1.738883 seconds (8.73 k allocations: 12.706 MiB)
3801
8323
  1.850251 seconds (24.89 k allocations: 33.599 MiB)
6818
  1.926749 seconds (31.89 k allocations: 40.211 MiB)
9815
  2.139099 seconds (39.80 k allocations: 50.201 MiB)
2298
  1.685079 seconds (39.72 k allocations: 50.117 MiB)
5322
  1.703883 seconds (34.92 k allocations: 44.526 MiB)
3802
  1.755245 seconds (39.80 k allocations: 50.201 MiB)
8324
  1.691647 seconds (39.72 k allocations: 50.117 MiB)
6819
  1.701701 seconds (39.80 k allocations: 50.201 MiB)
9816
  1.709183 seconds (39.80 k allocations: 50.201 MiB)
2299
  1.684481 seconds (39.80 k allocations: 50.201 MiB)
5323
  1.703032 seconds (39.72 k allocations: 50.117 MiB)
3803
  1.696458 seconds (39.72 k allocations: 50.117 MiB)
8325
  1.699742 seconds (39.72 k allocations: 50.117 MiB)
6820
  1.692988 seconds (39.72 k allocations: 50.117 MiB)
9817
  1.698270 seconds (39.72 k allocations: 50.117 MiB)
2300
  1.699392 seconds (39.72 k allocations: 50.117 MiB)
5324
  2.217817 seconds (38.26 k allocations: 47.397 MiB, 5.76% gc time)
  2.164104 seconds (30.34 k allocations: 37.395 MiB, 5.90% gc time)
  2.144066 seconds (22.51 k allocations: 27.465 MiB, 5.96% gc time)
  2.063623 seconds (14.56 k allocations: 17.411 MiB, 6.19% gc time)
  1.835668 seconds (6.74 k allocations: 7.513 MiB, 6.96% gc time)
2301
6821
3804
8326
9818
  1.693875 seconds (36.94 k allocations: 44.013 MiB)
5325
  1.754937 seconds (7.92 k allocations: 9.991 MiB)
2302
  1.792382 seconds (15.90 k allocations: 20.064 MiB)
6822
  1.797478 seconds (20.37 k allocations: 25.316 MiB)
8327
  1.814276 seconds (31.73 k allocations: 40.043 MiB)
  1.816491 seconds (32.11 k allocations: 41.079 MiB)
9819
3805
  1.694083 seconds (39.72 k allocations: 50.117 MiB)
5326
  1.712921 seconds (39.72 k allocations: 50.117 MiB)
2303
  1.693781 seconds (31.81 k allocations: 40.127 MiB)
8328
  1.720405 seconds (44.28 k allocations: 55.997 MiB)
6823
  1.707096 seconds (31.73 k allocations: 40.043 MiB)
3806
  1.710772 seconds (35.15 k allocations: 44.225 MiB)
9820
  1.683209 seconds (39.64 k allocations: 50.033 MiB)
5327
  1.706608 seconds (39.64 k allocations: 50.033 MiB)
2304
  1.702255 seconds (39.64 k allocations: 50.033 MiB)
8329
  1.694929 seconds (38.63 k allocations: 48.314 MiB)
6824
  1.694686 seconds (31.73 k allocations: 40.043 MiB)
9821
  1.708371 seconds (40.39 k allocations: 50.797 MiB)
3807
  1.703113 seconds (23.43 k allocations: 28.967 MiB)
8330
  2.242109 seconds (8.50 k allocations: 10.582 MiB, 3.12% gc time)
  2.233669 seconds (3.05 k allocations: 3.787 MiB, 3.13% gc time)
  2.410307 seconds (42.82 k allocations: 53.944 MiB, 2.90% gc time)
  2.258195 seconds (19.13 k allocations: 24.006 MiB, 3.10% gc time)
  2.290193 seconds (37.45 k allocations: 49.094 MiB, 3.05% gc time)
6825
9822
3808
5328
2305
  1.697723 seconds (29.63 k allocations: 36.384 MiB)
8331
  1.740938 seconds (14.51 k allocations: 19.157 MiB)
3809
  1.781817 seconds (22.44 k allocations: 29.174 MiB)
6826
  2.216975 seconds (23.82 k allocations: 30.054 MiB)
2306
  2.541987 seconds (38.42 k allocations: 49.311 MiB)
9823
  2.798269 seconds (40.40 k allocations: 52.034 MiB)
5329
  1.701350 seconds (39.72 k allocations: 50.117 MiB)
8332
  1.689737 seconds (31.73 k allocations: 40.043 MiB)
6827
  2.256413 seconds (47.63 k allocations: 60.106 MiB)
3810
  1.981412 seconds (39.72 k allocations: 50.117 MiB)
2307
  2.389070 seconds (39.72 k allocations: 50.117 MiB)
9824
  2.226294 seconds (39.72 k allocations: 50.117 MiB)
5330
  1.697066 seconds (39.72 k allocations: 50.117 MiB)
8333
  1.685081 seconds (39.72 k allocations: 50.117 MiB)
6828
  2.333886 seconds (39.64 k allocations: 50.033 MiB)
3811
  1.681578 seconds (15.82 k allocations: 19.980 MiB)
8334
  3.214033 seconds (14.60 k allocations: 17.502 MiB, 2.42% gc time)
  4.126819 seconds (46.28 k allocations: 57.512 MiB, 1.89% gc time)
  3.436543 seconds (38.54 k allocations: 47.647 MiB, 2.27% gc time)
  3.327233 seconds (30.65 k allocations: 37.677 MiB, 2.34% gc time)
  1.996207 seconds (9.21 k allocations: 12.430 MiB, 3.90% gc time)
6829
2308
9825
3812
5331
  1.704135 seconds (36.84 k allocations: 43.906 MiB)
8335
  1.793147 seconds (15.06 k allocations: 18.504 MiB)
6830
  2.202846 seconds (16.90 k allocations: 22.299 MiB)
3813
  2.258414 seconds (30.71 k allocations: 38.304 MiB)
2309
  2.389568 seconds (31.89 k allocations: 40.211 MiB)
5332
  2.463905 seconds (45.92 k allocations: 57.673 MiB)
9826
  1.698859 seconds (39.88 k allocations: 50.285 MiB)
8336
  1.691587 seconds (39.80 k allocations: 50.201 MiB)
6831
  1.743972 seconds (23.73 k allocations: 29.970 MiB)
5333
  2.132850 seconds (39.64 k allocations: 50.033 MiB)
2310
  2.052154 seconds (31.73 k allocations: 40.043 MiB)
9827
  2.505278 seconds (63.53 k allocations: 80.170 MiB)
3814
  1.695750 seconds (39.72 k allocations: 50.117 MiB)
8337
  1.943141 seconds (39.72 k allocations: 50.117 MiB)
6832
  1.709955 seconds (39.72 k allocations: 50.117 MiB)
5334
  1.684503 seconds (39.72 k allocations: 50.117 MiB)
2311
  1.687269 seconds (39.72 k allocations: 50.117 MiB)
9828
  1.824905 seconds (39.72 k allocations: 50.117 MiB)
3815
  1.697422 seconds (39.80 k allocations: 50.201 MiB)
8338
  1.833308 seconds (39.88 k allocations: 50.285 MiB)
6833
  2.615421 seconds (34.88 k allocations: 43.962 MiB, 0.70% gc time)
  2.375534 seconds (27.07 k allocations: 34.052 MiB, 0.77% gc time)
  2.280115 seconds (19.21 k allocations: 24.155 MiB, 0.80% gc time)
  1.927098 seconds (11.23 k allocations: 14.085 MiB, 0.95% gc time)
  1.702383 seconds (3.33 k allocations: 4.110 MiB, 1.08% gc time)
8339
5335
3816
2312
9829
  1.694983 seconds (25.97 k allocations: 32.601 MiB)
6834
  1.701271 seconds (21.48 k allocations: 28.741 MiB)
8340
  1.755209 seconds (15.82 k allocations: 19.980 MiB)
3817
  1.787828 seconds (23.82 k allocations: 30.054 MiB)
5336
  1.797624 seconds (31.73 k allocations: 40.043 MiB)
2313
  1.823987 seconds (39.64 k allocations: 50.033 MiB)
9830
  1.681253 seconds (39.40 k allocations: 49.339 MiB)
6835
  1.704702 seconds (39.72 k allocations: 50.117 MiB)
8341
  1.700378 seconds (39.64 k allocations: 50.033 MiB)
3818
  1.688111 seconds (39.72 k allocations: 50.117 MiB)
5337
  1.703911 seconds (39.72 k allocations: 50.117 MiB)
2314
  1.712470 seconds (39.80 k allocations: 50.201 MiB)
9831
  1.693367 seconds (39.72 k allocations: 50.117 MiB)
6836
  1.710597 seconds (39.80 k allocations: 50.201 MiB)
8342
  1.695108 seconds (39.80 k allocations: 50.201 MiB)
3819
  1.704980 seconds (39.80 k allocations: 50.201 MiB)
5338
  1.710495 seconds (39.80 k allocations: 50.201 MiB)
2315
  1.685603 seconds (39.80 k allocations: 50.201 MiB)
9832
  1.702161 seconds (39.72 k allocations: 50.117 MiB)
6837
  1.874034 seconds (38.24 k allocations: 47.383 MiB, 3.36% gc time)
  1.827692 seconds (30.38 k allocations: 37.438 MiB, 3.45% gc time)
  1.800565 seconds (22.51 k allocations: 27.512 MiB, 3.50% gc time)
  1.760077 seconds (6.78 k allocations: 7.662 MiB, 3.58% gc time)
  1.768885 seconds (14.55 k allocations: 17.097 MiB, 3.56% gc time)
8343
3820
2316
5339
9833
  1.712745 seconds (32.70 k allocations: 39.462 MiB)
6838
  1.727242 seconds (7.92 k allocations: 9.991 MiB)
5340
  1.738113 seconds (15.82 k allocations: 19.980 MiB)
9834
  1.746269 seconds (21.83 k allocations: 26.803 MiB)
2317
  1.749918 seconds (25.81 k allocations: 32.782 MiB)
  1.755105 seconds (29.47 k allocations: 37.168 MiB)
3821
8344
  1.715999 seconds (39.64 k allocations: 50.033 MiB)
6839
  1.698338 seconds (38.21 k allocations: 47.358 MiB)
5341
  1.692728 seconds (15.82 k allocations: 19.980 MiB)
  1.694824 seconds (16.22 k allocations: 21.017 MiB)
8345
3822
  1.715458 seconds (45.12 k allocations: 56.229 MiB)
9835
  1.708964 seconds (37.21 k allocations: 46.350 MiB)
2318
  1.673496 seconds (10.33 k allocations: 12.975 MiB)
8346
  1.704241 seconds (37.38 k allocations: 46.514 MiB)
  1.713299 seconds (43.75 k allocations: 54.281 MiB)
5342
6840
  1.697172 seconds (31.52 k allocations: 40.366 MiB)
3823
  1.696675 seconds (27.55 k allocations: 35.784 MiB)
9836
  1.702301 seconds (37.97 k allocations: 47.108 MiB)
2319
  1.690258 seconds (36.33 k allocations: 45.312 MiB)
8347
  1.860258 seconds (27.16 k allocations: 35.404 MiB, 5.88% gc time)
  1.837847 seconds (10.49 k allocations: 12.596 MiB, 5.95% gc time)
  1.844907 seconds (13.45 k allocations: 17.535 MiB, 5.93% gc time)
  1.857879 seconds (27.24 k allocations: 34.279 MiB, 5.89% gc time)
  1.814978 seconds (3.28 k allocations: 4.074 MiB, 6.03% gc time)
5343
9837
2320
3824
6841
  1.699224 seconds (28.21 k allocations: 34.892 MiB)
8348
  1.708169 seconds (10.00 k allocations: 14.571 MiB)
2321
  1.736015 seconds (15.90 k allocations: 20.064 MiB)
6842
  1.744011 seconds (18.65 k allocations: 23.557 MiB)
  1.742955 seconds (18.91 k allocations: 24.027 MiB)
5344
3825
  1.753107 seconds (39.72 k allocations: 50.117 MiB)
9838
  1.699114 seconds (39.64 k allocations: 50.033 MiB)
8349
  1.692603 seconds (39.72 k allocations: 50.117 MiB)
2322
  1.688094 seconds (23.52 k allocations: 29.102 MiB)
3826
  1.694194 seconds (29.77 k allocations: 36.195 MiB)
5345
  1.699474 seconds (33.84 k allocations: 42.906 MiB)
6843
  1.704690 seconds (39.88 k allocations: 50.285 MiB)
9839
  1.704041 seconds (39.80 k allocations: 50.201 MiB)
8350
  1.696317 seconds (34.11 k allocations: 43.175 MiB)
2323
  1.697176 seconds (37.18 k allocations: 46.497 MiB)
3827
  1.696734 seconds (30.76 k allocations: 39.059 MiB)
5346
  1.685242 seconds (29.23 k allocations: 36.276 MiB)
9840
  1.703329 seconds (42.35 k allocations: 53.495 MiB)
6844
  1.686224 seconds (32.40 k allocations: 41.960 MiB)
8351
  1.777158 seconds (38.34 k allocations: 47.492 MiB, 0.93% gc time)
  1.739252 seconds (25.26 k allocations: 31.510 MiB, 0.95% gc time)
  1.727653 seconds (9.64 k allocations: 11.744 MiB, 0.95% gc time)
  1.733398 seconds (18.57 k allocations: 22.128 MiB, 0.95% gc time)
  1.723275 seconds (6.97 k allocations: 7.825 MiB, 0.96% gc time)
5347
2324
6845
3828
9841
  1.683969 seconds (37.56 k allocations: 44.624 MiB)
8352
  1.705595 seconds (34.49 k allocations: 42.056 MiB)
5348
  1.700003 seconds (15.20 k allocations: 21.800 MiB)
6846
  1.714483 seconds (24.02 k allocations: 31.485 MiB)
3829
  1.727178 seconds (31.81 k allocations: 40.127 MiB)
2325
  1.739075 seconds (39.80 k allocations: 50.201 MiB)
9842
  1.691139 seconds (39.80 k allocations: 50.201 MiB)
8353
  1.696358 seconds (31.81 k allocations: 40.127 MiB)
5349
  1.708654 seconds (39.72 k allocations: 50.117 MiB)
6847
  1.691782 seconds (33.62 k allocations: 42.678 MiB)
3830
  1.699988 seconds (39.64 k allocations: 50.033 MiB)
2326
  1.709108 seconds (39.64 k allocations: 50.033 MiB)
9843
  1.684322 seconds (39.64 k allocations: 50.033 MiB)
8354
  1.698816 seconds (39.64 k allocations: 50.033 MiB)
5350
  1.691851 seconds (31.73 k allocations: 40.043 MiB)
3831
  1.706682 seconds (39.79 k allocations: 51.408 MiB)
6848
  1.691667 seconds (39.72 k allocations: 50.117 MiB)
2327
  1.684747 seconds (39.72 k allocations: 50.117 MiB)
9844
  1.686127 seconds (39.80 k allocations: 50.201 MiB)
8355
  1.687410 seconds (31.81 k allocations: 40.127 MiB)
3832
  3.342980 seconds (42.29 k allocations: 52.847 MiB, 0.55% gc time)
  3.313369 seconds (18.89 k allocations: 23.793 MiB, 0.55% gc time)
  3.321075 seconds (25.96 k allocations: 32.208 MiB, 0.55% gc time)
  3.289827 seconds (11.03 k allocations: 13.892 MiB, 0.56% gc time)
  1.697524 seconds (3.09 k allocations: 3.917 MiB, 1.08% gc time)
8356
5351
2328
6849
9845
  1.685973 seconds (13.42 k allocations: 18.571 MiB)
8357
  1.701473 seconds (29.06 k allocations: 37.667 MiB)
3833
  1.801301 seconds (15.91 k allocations: 20.064 MiB)
  1.804282 seconds (16.30 k allocations: 21.101 MiB)
2329
  1.805226 seconds (18.61 k allocations: 24.167 MiB)
5352
6850
  1.827316 seconds (39.88 k allocations: 50.285 MiB)
9846
  1.694900 seconds (39.88 k allocations: 50.285 MiB)
8358
  1.687958 seconds (39.88 k allocations: 50.285 MiB)
3834
  1.693844 seconds (28.43 k allocations: 37.205 MiB)
2330
  1.695421 seconds (28.44 k allocations: 36.690 MiB)
5353
  1.706062 seconds (39.80 k allocations: 50.201 MiB)
6851
  1.696466 seconds (39.80 k allocations: 50.201 MiB)
9847
  1.690254 seconds (38.49 k allocations: 48.165 MiB)
8359
  1.687986 seconds (37.10 k allocations: 46.223 MiB)
3835
  1.691136 seconds (34.37 k allocations: 43.958 MiB)
2331
  1.697050 seconds (39.56 k allocations: 49.949 MiB)
5354
  1.687355 seconds (31.64 k allocations: 39.959 MiB)
9848
  1.705418 seconds (45.11 k allocations: 56.309 MiB)
6852
  1.678453 seconds (35.67 k allocations: 45.296 MiB)
8360
  1.750459 seconds (26.82 k allocations: 33.816 MiB, 1.07% gc time)
  1.724657 seconds (7.62 k allocations: 9.670 MiB, 1.09% gc time)
  1.872522 seconds (34.72 k allocations: 43.794 MiB, 1.00% gc time)
  1.740691 seconds (19.05 k allocations: 23.917 MiB, 1.08% gc time)
  1.718794 seconds (3.23 k allocations: 3.934 MiB, 1.09% gc time)
5355
2332
6853
3836
9849
  1.692123 seconds (23.72 k allocations: 30.303 MiB)
8361
  1.706402 seconds (13.55 k allocations: 20.634 MiB)
6854
  1.715972 seconds (17.23 k allocations: 23.871 MiB)
2333
  1.728205 seconds (24.19 k allocations: 31.660 MiB)
5356
  1.728402 seconds (26.24 k allocations: 33.225 MiB)
9850
  1.747967 seconds (39.64 k allocations: 50.033 MiB)
3837
  1.691019 seconds (39.72 k allocations: 50.117 MiB)
8362
  1.691680 seconds (31.73 k allocations: 40.043 MiB)
2334
  1.711844 seconds (47.63 k allocations: 60.106 MiB)
6855
  1.708343 seconds (32.62 k allocations: 42.181 MiB)
5357
  1.688436 seconds (28.90 k allocations: 35.952 MiB)
  1.710723 seconds (37.36 k allocations: 46.810 MiB)
3838
9851
  1.686511 seconds (39.88 k allocations: 50.285 MiB)
8363
  1.698349 seconds (39.43 k allocations: 49.128 MiB)
2335
  1.682506 seconds (15.99 k allocations: 20.148 MiB)
9852
  1.709348 seconds (40.35 k allocations: 51.465 MiB)
6856
  1.690982 seconds (31.48 k allocations: 38.567 MiB)
3839
  1.699456 seconds (40.09 k allocations: 51.717 MiB)
5358
  1.709814 seconds (39.72 k allocations: 50.117 MiB)
8364
  1.784607 seconds (38.33 k allocations: 47.474 MiB, 3.27% gc time)
  1.762804 seconds (20.55 k allocations: 24.144 MiB, 3.31% gc time)
  1.764944 seconds (22.16 k allocations: 26.465 MiB, 3.30% gc time)
  1.754361 seconds (6.84 k allocations: 7.673 MiB, 3.32% gc time)
  1.752345 seconds (6.93 k allocations: 7.824 MiB, 3.33% gc time)
6857
2336
5359
3840
9853
  1.692494 seconds (33.81 k allocations: 40.599 MiB)
8365
  1.733803 seconds (8.00 k allocations: 10.075 MiB)
6858
  1.733620 seconds (9.60 k allocations: 12.404 MiB)
2337
  1.751904 seconds (23.90 k allocations: 30.138 MiB)
9854
  1.769344 seconds (31.81 k allocations: 40.128 MiB)
3841
  1.991780 seconds (39.80 k allocations: 50.201 MiB)
5360
  1.686514 seconds (39.72 k allocations: 50.117 MiB)
8366
  1.698395 seconds (35.17 k allocations: 44.774 MiB)
6859
  1.696801 seconds (32.30 k allocations: 41.321 MiB)
2338
  1.698774 seconds (39.72 k allocations: 50.117 MiB)
9855
  1.696221 seconds (39.64 k allocations: 50.033 MiB)
3842
  1.707167 seconds (39.72 k allocations: 50.117 MiB)
5361
  1.695492 seconds (39.64 k allocations: 50.033 MiB)
8367
  1.693854 seconds (31.73 k allocations: 40.043 MiB)
2339
  1.693584 seconds (31.73 k allocations: 40.043 MiB)
9856
  1.715094 seconds (46.10 k allocations: 58.544 MiB)
6860
  1.696016 seconds (39.55 k allocations: 49.949 MiB)
3843
  1.707958 seconds (39.64 k allocations: 50.033 MiB)
5362
  1.697401 seconds (39.72 k allocations: 50.117 MiB)
8368
  1.695117 seconds (25.38 k allocations: 32.873 MiB)
  1.705288 seconds (39.74 k allocations: 50.174 MiB)
9857
2340
  3.306395 seconds (21.95 k allocations: 27.610 MiB, 0.67% gc time)
  3.315552 seconds (29.74 k allocations: 37.257 MiB, 0.67% gc time)
  1.690483 seconds (6.20 k allocations: 7.682 MiB, 1.32% gc time)
  3.051460 seconds (14.06 k allocations: 17.608 MiB, 0.73% gc time)
8369
6861
3844
5363
  1.702331 seconds (24.51 k allocations: 31.111 MiB)
2341
  1.705970 seconds (9.53 k allocations: 15.309 MiB)
8370
  1.790698 seconds (15.82 k allocations: 19.980 MiB)
  1.796781 seconds (19.39 k allocations: 27.929 MiB)
5364
9858
  1.810940 seconds (31.64 k allocations: 39.959 MiB)
3845
  1.825172 seconds (39.64 k allocations: 50.033 MiB)
6862
  1.698849 seconds (39.72 k allocations: 50.117 MiB)
2342
  1.701005 seconds (39.80 k allocations: 50.201 MiB)
8371
  1.694954 seconds (31.89 k allocations: 40.211 MiB)
5365
  1.719019 seconds (39.80 k allocations: 50.201 MiB)
9859
  1.702240 seconds (34.07 k allocations: 43.137 MiB)
3846
  1.710164 seconds (39.72 k allocations: 50.117 MiB)
6863
  1.695803 seconds (39.72 k allocations: 50.117 MiB)
2343
  1.684555 seconds (35.62 k allocations: 44.706 MiB)
8372
  1.694264 seconds (39.80 k allocations: 50.201 MiB)
5366
  1.699428 seconds (31.81 k allocations: 40.127 MiB)
3847
  1.718814 seconds (40.36 k allocations: 52.000 MiB)
9860
  1.711201 seconds (39.72 k allocations: 50.117 MiB)
6864
  1.685049 seconds (31.73 k allocations: 40.043 MiB)
8373
  1.923822 seconds (38.25 k allocations: 48.615 MiB, 2.76% gc time)
  1.823930 seconds (26.80 k allocations: 33.787 MiB, 2.91% gc time)
  1.776787 seconds (11.06 k allocations: 13.866 MiB, 2.99% gc time)
  1.790807 seconds (19.00 k allocations: 23.878 MiB, 2.96% gc time)
  1.758957 seconds (3.33 k allocations: 4.194 MiB, 3.02% gc time)
5367
2344
6865
3848
9861
  1.712941 seconds (14.06 k allocations: 19.220 MiB)
5368
  1.731097 seconds (12.08 k allocations: 15.462 MiB)
9862
  1.959552 seconds (51.30 k allocations: 62.484 MiB)
8374
  1.947967 seconds (24.40 k allocations: 30.641 MiB)
6866
  1.928212 seconds (31.73 k allocations: 40.043 MiB)
2345
  1.995842 seconds (42.99 k allocations: 54.677 MiB)
3849
  1.700840 seconds (39.64 k allocations: 50.033 MiB)
5369
  1.742223 seconds (39.64 k allocations: 50.033 MiB)
9863
  1.697726 seconds (34.98 k allocations: 44.583 MiB)
8375
  1.692189 seconds (31.73 k allocations: 40.043 MiB)
2346
  1.708018 seconds (31.73 k allocations: 40.043 MiB)
3850
  1.787281 seconds (55.62 k allocations: 70.180 MiB)
6867
  1.705149 seconds (39.72 k allocations: 50.117 MiB)
5370
  1.714095 seconds (39.80 k allocations: 50.201 MiB)
9864
  1.692622 seconds (39.79 k allocations: 50.054 MiB)
8376
  1.686593 seconds (34.29 k allocations: 43.359 MiB)
2347
  1.705601 seconds (39.88 k allocations: 50.285 MiB)
3851
  1.706697 seconds (39.96 k allocations: 50.369 MiB)
6868
  1.693444 seconds (39.88 k allocations: 50.285 MiB)
5371
  1.931713 seconds (34.80 k allocations: 43.875 MiB, 0.80% gc time)
  1.812920 seconds (19.18 k allocations: 25.308 MiB, 0.85% gc time)
  1.810753 seconds (18.93 k allocations: 23.798 MiB, 0.86% gc time)
  1.735542 seconds (10.99 k allocations: 13.800 MiB, 0.89% gc time)
  1.704459 seconds (3.17 k allocations: 3.896 MiB, 0.91% gc time)
2348
6869
8377
3852
9865
  1.689797 seconds (12.87 k allocations: 18.007 MiB)
6870
  1.709264 seconds (37.13 k allocations: 45.900 MiB)
5372
  1.725022 seconds (15.91 k allocations: 20.064 MiB)
2349
  1.730289 seconds (20.45 k allocations: 26.630 MiB)
3853
  1.732315 seconds (28.81 k allocations: 35.847 MiB)
8378
  1.744159 seconds (39.80 k allocations: 50.201 MiB)
9866
  1.702032 seconds (31.81 k allocations: 40.127 MiB)
  1.687335 seconds (19.68 k allocations: 25.783 MiB)
5373
2350
  1.744633 seconds (55.70 k allocations: 70.264 MiB)
6871
  1.693661 seconds (24.34 k allocations: 31.293 MiB)
8379
  1.704606 seconds (40.69 k allocations: 49.884 MiB)
3854
  1.713152 seconds (39.80 k allocations: 50.201 MiB)
9867
  1.695499 seconds (31.81 k allocations: 40.127 MiB)
2351
  1.683118 seconds (13.74 k allocations: 17.854 MiB)
8380
  1.695252 seconds (29.25 k allocations: 36.824 MiB)
6872
  1.697854 seconds (31.73 k allocations: 40.043 MiB)
3855
  1.684908 seconds (31.73 k allocations: 40.043 MiB)
9868
  1.744968 seconds (71.53 k allocations: 90.243 MiB)
5374
  1.693540 seconds (31.89 k allocations: 40.211 MiB)
8381
  1.839727 seconds (34.88 k allocations: 43.962 MiB, 0.85% gc time)
  1.828168 seconds (26.73 k allocations: 33.343 MiB, 0.86% gc time)
  1.803820 seconds (11.10 k allocations: 13.901 MiB, 0.87% gc time)
  1.815699 seconds (19.16 k allocations: 24.039 MiB, 0.87% gc time)
  1.792902 seconds (3.26 k allocations: 4.008 MiB, 0.88% gc time)
5375
6873
2352
3856
9869
  1.697804 seconds (35.26 k allocations: 42.179 MiB)
8382
  1.749500 seconds (15.52 k allocations: 19.027 MiB)
5376
  1.781677 seconds (22.98 k allocations: 28.503 MiB)
6874
  1.833016 seconds (30.40 k allocations: 37.997 MiB)
2353
  1.879361 seconds (31.74 k allocations: 41.278 MiB)
3857
  1.952682 seconds (39.72 k allocations: 50.117 MiB)
9870
  1.696259 seconds (39.72 k allocations: 50.117 MiB)
8383
  1.712832 seconds (39.80 k allocations: 50.201 MiB)
5377
  1.703965 seconds (39.72 k allocations: 50.117 MiB)
6875
  1.705242 seconds (39.80 k allocations: 50.201 MiB)
2354
  1.716947 seconds (39.80 k allocations: 50.201 MiB)
3858
  1.717413 seconds (39.88 k allocations: 50.285 MiB)
9871
  1.710672 seconds (39.80 k allocations: 50.201 MiB)
8384
  1.704411 seconds (39.80 k allocations: 50.201 MiB)
5378
  1.704601 seconds (39.72 k allocations: 50.117 MiB)
6876
  1.702159 seconds (39.64 k allocations: 50.033 MiB)
2355
  1.714418 seconds (39.64 k allocations: 50.033 MiB)
3859
  1.695496 seconds (39.72 k allocations: 50.117 MiB)
9872
  1.702167 seconds (39.72 k allocations: 50.117 MiB)
8385
  2.031794 seconds (38.41 k allocations: 47.560 MiB, 4.42% gc time)
  1.999864 seconds (30.61 k allocations: 37.667 MiB, 4.49% gc time)
  1.951918 seconds (22.66 k allocations: 27.622 MiB, 4.60% gc time)
  1.867869 seconds (14.77 k allocations: 17.656 MiB, 4.81% gc time)
  1.796465 seconds (6.94 k allocations: 7.803 MiB, 5.00% gc time)
6877
9873
2356
3860
5379
  1.686576 seconds (36.46 k allocations: 43.416 MiB)
8386
  1.738839 seconds (9.47 k allocations: 12.799 MiB)
2357
  1.737672 seconds (11.52 k allocations: 14.374 MiB)
6878
  1.743244 seconds (15.05 k allocations: 19.831 MiB)
9874
  1.740109 seconds (20.80 k allocations: 26.465 MiB)
  1.743911 seconds (22.10 k allocations: 28.434 MiB)
5380
3861
  1.688160 seconds (39.72 k allocations: 50.117 MiB)
8387
  1.690122 seconds (7.91 k allocations: 9.990 MiB)
6879
  1.700751 seconds (33.31 k allocations: 41.541 MiB)
2358
  1.699257 seconds (23.29 k allocations: 28.285 MiB)
5381
  1.700428 seconds (24.69 k allocations: 31.633 MiB)
3862
  1.714317 seconds (41.73 k allocations: 54.619 MiB)
9875
  1.686891 seconds (39.64 k allocations: 50.033 MiB)
8388
  1.700593 seconds (29.68 k allocations: 36.614 MiB)
2359
  1.686847 seconds (11.42 k allocations: 14.267 MiB)
  1.698257 seconds (20.64 k allocations: 26.123 MiB)
9876
3863
  1.710971 seconds (40.52 k allocations: 50.414 MiB)
6880
  1.710473 seconds (47.09 k allocations: 57.690 MiB)
5382
  1.697261 seconds (39.72 k allocations: 50.117 MiB)
8389
  1.689607 seconds (17.12 k allocations: 22.521 MiB)
9877
  3.458702 seconds (33.20 k allocations: 42.073 MiB, 3.49% gc time)
  3.437086 seconds (10.96 k allocations: 13.784 MiB, 3.51% gc time)
  3.450292 seconds (18.66 k allocations: 23.049 MiB, 3.50% gc time)
  3.447068 seconds (17.09 k allocations: 21.322 MiB, 3.50% gc time)
  1.842535 seconds (3.13 k allocations: 3.994 MiB, 6.54% gc time)
5383
2360
6881
3864
8390
  1.690971 seconds (27.62 k allocations: 34.292 MiB)
9878
  1.727812 seconds (8.64 k allocations: 11.968 MiB)
5384
  1.796379 seconds (15.82 k allocations: 19.980 MiB)
6882
  1.795518 seconds (17.20 k allocations: 22.085 MiB)
8391
  1.808297 seconds (32.43 k allocations: 40.764 MiB)
2361
  1.818162 seconds (39.72 k allocations: 50.117 MiB)
3865
  1.693671 seconds (39.80 k allocations: 50.201 MiB)
9879
  1.687899 seconds (39.80 k allocations: 50.201 MiB)
5385
  1.688551 seconds (31.53 k allocations: 39.325 MiB)
6883
  1.698792 seconds (38.42 k allocations: 48.093 MiB)
8392
  1.702542 seconds (39.72 k allocations: 50.117 MiB)
2362
  1.697531 seconds (38.66 k allocations: 47.805 MiB)
3866
  1.689097 seconds (39.80 k allocations: 50.201 MiB)
9880
  1.687003 seconds (39.80 k allocations: 50.201 MiB)
5386
  1.699835 seconds (39.80 k allocations: 50.201 MiB)
6884
  1.698470 seconds (39.72 k allocations: 50.117 MiB)
8393
  1.695138 seconds (34.57 k allocations: 42.937 MiB)
2363
  1.702420 seconds (39.64 k allocations: 50.033 MiB)
3867
  1.680333 seconds (39.72 k allocations: 50.117 MiB)
9881
  1.837607 seconds (38.48 k allocations: 47.628 MiB, 1.06% gc time)
  1.753298 seconds (30.59 k allocations: 37.642 MiB, 1.11% gc time)
  1.738949 seconds (16.78 k allocations: 20.918 MiB, 1.12% gc time)
  1.735065 seconds (14.75 k allocations: 17.664 MiB, 1.12% gc time)
  1.720904 seconds (6.87 k allocations: 7.827 MiB, 1.13% gc time)
5387
8394
6885
2364
3868
  1.701867 seconds (3.27 k allocations: 6.993 MiB)
3869
  1.716587 seconds (41.05 k allocations: 48.724 MiB)
9882
  1.720676 seconds (15.99 k allocations: 20.148 MiB)
8395
  1.720755 seconds (16.86 k allocations: 21.741 MiB)
2365
  1.723404 seconds (28.11 k allocations: 33.908 MiB)
6886
  1.730863 seconds (38.92 k allocations: 48.079 MiB)
5388
  1.695211 seconds (36.86 k allocations: 46.510 MiB)
3870
  1.680695 seconds (21.09 k allocations: 25.358 MiB)
8396
  1.701703 seconds (46.28 k allocations: 57.512 MiB)
9883
  1.695081 seconds (30.18 k allocations: 37.768 MiB)
  1.688039 seconds (23.96 k allocations: 30.443 MiB)
  1.701282 seconds (36.77 k allocations: 47.708 MiB)
6887
2366
5389
  1.694605 seconds (37.44 k allocations: 47.090 MiB)
3871
  1.699905 seconds (36.86 k allocations: 46.503 MiB)
8397
  1.700806 seconds (39.64 k allocations: 50.033 MiB)
9884
  1.686801 seconds (16.93 k allocations: 21.808 MiB)
6888
  1.687990 seconds (19.70 k allocations: 25.332 MiB)
2367
  1.694097 seconds (39.72 k allocations: 50.117 MiB)
5390
  1.698137 seconds (39.30 k allocations: 49.066 MiB)
  1.684209 seconds (9.71 k allocations: 13.688 MiB)
3872
9885
  1.729849 seconds (13.94 k allocations: 16.883 MiB, 1.06% gc time)
  1.728903 seconds (13.17 k allocations: 16.033 MiB, 1.06% gc time)
  1.738531 seconds (35.69 k allocations: 44.106 MiB, 1.05% gc time)
  1.717966 seconds (6.51 k allocations: 7.991 MiB, 1.07% gc time)
8398
5391
2368
6889
  1.692068 seconds (2.37 k allocations: 3.640 MiB)
2369
  1.701611 seconds (24.12 k allocations: 31.465 MiB)
3873
  1.712636 seconds (16.58 k allocations: 21.977 MiB)
5392
  1.720509 seconds (26.88 k allocations: 36.859 MiB)
  1.719549 seconds (22.96 k allocations: 29.520 MiB)
8399
9886
  1.725133 seconds (34.11 k allocations: 43.169 MiB)
6890
  1.703974 seconds (31.73 k allocations: 40.043 MiB)
  1.708166 seconds (32.59 k allocations: 42.668 MiB)
3874
2370
  1.691566 seconds (27.93 k allocations: 34.247 MiB)
5393
  1.711257 seconds (37.26 k allocations: 46.918 MiB)
8400
  1.712714 seconds (31.64 k allocations: 39.959 MiB)
9887
  1.722678 seconds (35.93 k allocations: 46.259 MiB)
6891
  1.687655 seconds (23.73 k allocations: 29.970 MiB)
  1.695016 seconds (24.53 k allocations: 32.646 MiB)
5394
3875
  1.704868 seconds (35.89 k allocations: 46.197 MiB)
2371
  1.698705 seconds (39.64 k allocations: 50.033 MiB)
8401
  1.689050 seconds (32.22 k allocations: 40.548 MiB)
9888
  1.697275 seconds (38.94 k allocations: 48.097 MiB)
6892
  1.688777 seconds (31.55 k allocations: 40.396 MiB)
5395
  1.808291 seconds (26.92 k allocations: 33.906 MiB, 3.76% gc time)
  1.810585 seconds (26.98 k allocations: 35.199 MiB, 3.76% gc time)
  1.784483 seconds (18.70 k allocations: 22.938 MiB, 3.81% gc time)
  1.772722 seconds (10.81 k allocations: 12.987 MiB, 3.84% gc time)
  1.756285 seconds (3.37 k allocations: 4.134 MiB, 3.87% gc time)
2372
6893
3876
8402
9889
  1.684721 seconds (26.49 k allocations: 33.139 MiB)
5396
  1.726525 seconds (7.92 k allocations: 9.991 MiB)
2373
  1.729484 seconds (11.42 k allocations: 14.267 MiB)
6894
  1.732528 seconds (15.72 k allocations: 19.350 MiB)
8403
  1.744689 seconds (31.81 k allocations: 40.127 MiB)
9890
  1.755875 seconds (39.72 k allocations: 50.117 MiB)
3877
  1.689206 seconds (39.80 k allocations: 50.201 MiB)
5397
  1.692893 seconds (23.43 k allocations: 29.018 MiB)
8404
  1.710083 seconds (39.53 k allocations: 49.232 MiB)
  1.704948 seconds (32.32 k allocations: 41.139 MiB)
2374
6895
  1.707489 seconds (39.80 k allocations: 50.201 MiB)
  1.694267 seconds (32.20 k allocations: 41.164 MiB)
9891
3878
  1.687217 seconds (39.88 k allocations: 50.285 MiB)
5398
  1.691599 seconds (36.90 k allocations: 45.860 MiB)
8405
  1.690842 seconds (30.73 k allocations: 37.808 MiB)
6896
  1.697183 seconds (35.60 k allocations: 44.689 MiB)
2375
  1.686202 seconds (22.78 k allocations: 29.698 MiB)
9892
  1.698231 seconds (39.72 k allocations: 50.117 MiB)
3879
  1.690770 seconds (39.64 k allocations: 50.033 MiB)
5399
  1.811107 seconds (21.36 k allocations: 26.853 MiB, 5.14% gc time)
  1.803105 seconds (14.63 k allocations: 17.537 MiB, 5.16% gc time)
  1.805941 seconds (14.91 k allocations: 19.056 MiB, 5.15% gc time)
  1.819405 seconds (36.02 k allocations: 44.402 MiB, 5.11% gc time)
  1.787076 seconds (6.97 k allocations: 7.822 MiB, 5.20% gc time)
6897
8406
2376
3880
9893
  1.683748 seconds (35.73 k allocations: 42.683 MiB)
5400
  1.711729 seconds (8.43 k allocations: 11.733 MiB)
2377
  1.733534 seconds (15.91 k allocations: 20.064 MiB)
6898
  1.742520 seconds (22.26 k allocations: 27.244 MiB)
3881
  1.748420 seconds (27.43 k allocations: 34.440 MiB)
8407
  1.769218 seconds (39.80 k allocations: 50.201 MiB)
9894
  1.687849 seconds (39.80 k allocations: 50.201 MiB)
5401
  1.691882 seconds (39.72 k allocations: 50.117 MiB)
2378
  1.696731 seconds (26.46 k allocations: 33.974 MiB)
3882
  1.707610 seconds (40.80 k allocations: 51.221 MiB)
  1.697183 seconds (28.52 k allocations: 35.924 MiB)
6899
8408
  1.704198 seconds (39.72 k allocations: 50.117 MiB)
9895
  1.683194 seconds (39.72 k allocations: 50.117 MiB)
5402
  1.691575 seconds (23.16 k allocations: 29.914 MiB)
3883
  1.686603 seconds (16.86 k allocations: 21.733 MiB)
6900
  1.737940 seconds (48.16 k allocations: 60.122 MiB)
2379
  1.712878 seconds (39.72 k allocations: 50.117 MiB)
8409
  1.697856 seconds (39.72 k allocations: 50.117 MiB)
9896
  1.693807 seconds (39.64 k allocations: 50.033 MiB)
5403
  1.688025 seconds (23.73 k allocations: 29.970 MiB)
6901
  1.692955 seconds (27.90 k allocations: 37.372 MiB)
3884
  3.361844 seconds (29.40 k allocations: 37.145 MiB, 1.99% gc time)
  3.323871 seconds (13.64 k allocations: 17.212 MiB, 2.01% gc time)
  1.751679 seconds (5.90 k allocations: 7.362 MiB, 3.82% gc time)
  3.341269 seconds (21.68 k allocations: 27.312 MiB, 2.00% gc time)
2380
8410
5404
9897
  1.700132 seconds (26.18 k allocations: 32.827 MiB)
3885
  1.725319 seconds (8.05 k allocations: 11.364 MiB)
8411
  1.789451 seconds (22.95 k allocations: 32.138 MiB)
6902
  1.793794 seconds (23.82 k allocations: 30.054 MiB)
  1.798629 seconds (24.20 k allocations: 31.090 MiB)
5405
2381
  1.812484 seconds (39.80 k allocations: 50.201 MiB)
9898
  1.694836 seconds (39.72 k allocations: 50.117 MiB)
3886
  1.689162 seconds (39.72 k allocations: 50.117 MiB)
8412
  1.689415 seconds (39.72 k allocations: 50.117 MiB)
6903
  1.692424 seconds (31.65 k allocations: 39.959 MiB)
5406
  1.702745 seconds (39.64 k allocations: 50.033 MiB)
2382
  1.727418 seconds (39.64 k allocations: 50.033 MiB)
9899
  1.695378 seconds (39.64 k allocations: 50.033 MiB)
3887
  1.682540 seconds (39.64 k allocations: 50.033 MiB)
8413
  1.684730 seconds (39.72 k allocations: 50.117 MiB)
6904
  1.696168 seconds (39.64 k allocations: 50.033 MiB)
5407
  1.706274 seconds (39.64 k allocations: 50.033 MiB)
2383
  1.680158 seconds (39.64 k allocations: 50.033 MiB)
9900
  1.679289 seconds (31.73 k allocations: 40.043 MiB)
8414
  1.791761 seconds (26.75 k allocations: 33.742 MiB, 1.38% gc time)
  1.872695 seconds (42.63 k allocations: 53.784 MiB, 1.32% gc time)
  1.747353 seconds (11.08 k allocations: 13.893 MiB, 1.42% gc time)
  1.769773 seconds (18.93 k allocations: 23.807 MiB, 1.40% gc time)
  1.727708 seconds (3.20 k allocations: 3.966 MiB, 1.43% gc time)
6905
2384
5408
3888
9901
  1.687305 seconds (33.75 k allocations: 40.634 MiB)
8415
  1.715100 seconds (10.07 k allocations: 14.635 MiB)
5409
  1.732096 seconds (16.12 k allocations: 21.512 MiB)
  1.735897 seconds (20.40 k allocations: 27.753 MiB)
2385
9902
  1.731225 seconds (19.58 k allocations: 25.206 MiB)
6906
  1.739432 seconds (39.72 k allocations: 50.117 MiB)
3889
  1.687829 seconds (39.80 k allocations: 50.201 MiB)
8416
  1.697351 seconds (39.80 k allocations: 50.201 MiB)
5410
  1.690257 seconds (23.80 k allocations: 29.907 MiB)
6907
  1.705501 seconds (32.06 k allocations: 41.612 MiB)
2386
  1.696730 seconds (26.43 k allocations: 33.419 MiB)
3890
  1.711141 seconds (41.85 k allocations: 51.760 MiB)
9903
  1.709373 seconds (39.72 k allocations: 50.117 MiB)
8417
  1.702040 seconds (39.80 k allocations: 50.201 MiB)
5411
  1.695059 seconds (36.17 k allocations: 45.272 MiB)
6908
  1.691590 seconds (23.82 k allocations: 30.054 MiB)
  1.694705 seconds (24.34 k allocations: 32.467 MiB)
9904
3891
  1.701683 seconds (34.08 k allocations: 44.360 MiB)
2387
  1.683903 seconds (39.56 k allocations: 49.949 MiB)
8418
  1.744509 seconds (30.26 k allocations: 37.316 MiB, 0.95% gc time)
  1.733011 seconds (10.35 k allocations: 13.709 MiB, 0.96% gc time)
  1.728581 seconds (6.59 k allocations: 7.389 MiB, 0.96% gc time)
  1.727590 seconds (6.67 k allocations: 7.457 MiB, 0.96% gc time)
  1.753286 seconds (36.97 k allocations: 46.395 MiB, 0.95% gc time)
6909
2388
3892
9905
5412
  1.686302 seconds (33.38 k allocations: 40.223 MiB)
8419
  1.693065 seconds (15.81 k allocations: 22.954 MiB)
3893
  1.713666 seconds (16.63 k allocations: 22.030 MiB)
6910
  1.725121 seconds (24.65 k allocations: 32.132 MiB)
2389
  1.741166 seconds (31.81 k allocations: 40.127 MiB)
9906
  1.745690 seconds (39.25 k allocations: 48.427 MiB)
5413
  1.682069 seconds (39.72 k allocations: 50.117 MiB)
8420
  1.694716 seconds (39.64 k allocations: 50.033 MiB)
3894
  1.695967 seconds (31.73 k allocations: 40.043 MiB)
2390
  1.712328 seconds (45.18 k allocations: 56.387 MiB)
6911
  1.690467 seconds (31.81 k allocations: 40.127 MiB)
5414
  1.704742 seconds (45.67 k allocations: 57.424 MiB)
9907
  1.697004 seconds (20.78 k allocations: 26.258 MiB)
2391
  1.696159 seconds (21.32 k allocations: 26.286 MiB)
6912
  1.753862 seconds (47.79 k allocations: 60.274 MiB)
3895
  1.819870 seconds (63.77 k allocations: 80.422 MiB)
8421
  1.789189 seconds (31.89 k allocations: 40.211 MiB)
9908
  1.893305 seconds (47.18 k allocations: 58.956 MiB)
5415
  1.696067 seconds (36.66 k allocations: 46.304 MiB)
2392
  1.988591 seconds (34.77 k allocations: 43.858 MiB, 0.98% gc time)
  1.974646 seconds (26.84 k allocations: 33.833 MiB, 0.98% gc time)
  1.872050 seconds (11.01 k allocations: 13.816 MiB, 1.04% gc time)
  1.935953 seconds (19.09 k allocations: 23.986 MiB, 1.00% gc time)
  1.775579 seconds (3.26 k allocations: 4.059 MiB, 1.09% gc time)
6913
5416
8422
3896
9909
  1.696558 seconds (32.80 k allocations: 39.619 MiB)
2393
  1.703055 seconds (16.48 k allocations: 23.603 MiB)
3897
  1.723969 seconds (15.90 k allocations: 20.064 MiB)
8423
  1.725597 seconds (16.41 k allocations: 21.277 MiB)
5417
  1.732358 seconds (29.59 k allocations: 35.408 MiB)
6914
  1.750250 seconds (39.72 k allocations: 50.117 MiB)
9910
  1.689541 seconds (12.87 k allocations: 16.272 MiB)
5418
  1.730686 seconds (39.64 k allocations: 50.033 MiB)
3898
  1.696473 seconds (15.90 k allocations: 20.064 MiB)
  1.718185 seconds (24.20 k allocations: 31.089 MiB)
9911
6915
  1.797667 seconds (71.52 k allocations: 90.243 MiB)
2394
  1.765209 seconds (53.30 k allocations: 67.109 MiB)
8424
  1.698313 seconds (39.88 k allocations: 50.285 MiB)
5419
  1.701063 seconds (39.80 k allocations: 50.201 MiB)
3899
  1.691807 seconds (31.06 k allocations: 38.149 MiB)
9912
  1.718773 seconds (23.73 k allocations: 29.970 MiB)
8425
  2.116160 seconds (47.63 k allocations: 60.106 MiB)
6916
  2.235360 seconds (47.63 k allocations: 60.106 MiB)
2395
  1.690475 seconds (39.72 k allocations: 50.117 MiB)
5420
  2.343216 seconds (34.42 k allocations: 42.849 MiB, 0.76% gc time)
  2.333506 seconds (26.90 k allocations: 33.895 MiB, 0.76% gc time)
  2.266366 seconds (19.10 k allocations: 23.982 MiB, 0.79% gc time)
  1.912134 seconds (11.16 k allocations: 13.952 MiB, 0.93% gc time)
  1.763442 seconds (5.26 k allocations: 8.316 MiB, 1.01% gc time)
3900
6917
8426
9913
2396
  1.688294 seconds (3.60 k allocations: 6.110 MiB)
2397
  1.706482 seconds (26.63 k allocations: 32.845 MiB)
3901
  1.754630 seconds (36.02 k allocations: 45.590 MiB)
5421
  1.796928 seconds (33.82 k allocations: 43.939 MiB)
6918
  1.830534 seconds (31.81 k allocations: 40.127 MiB)
8427
  1.863739 seconds (39.72 k allocations: 50.117 MiB)
9914
  1.688881 seconds (33.93 k allocations: 43.516 MiB)
2398
  1.698054 seconds (39.72 k allocations: 50.117 MiB)
3902
  1.698514 seconds (39.72 k allocations: 50.117 MiB)
5422
  1.689670 seconds (39.72 k allocations: 50.117 MiB)
6919
  1.704355 seconds (39.72 k allocations: 50.117 MiB)
8428
  1.705153 seconds (39.80 k allocations: 50.201 MiB)
9915
  1.687632 seconds (39.72 k allocations: 50.117 MiB)
2399
  1.707143 seconds (39.64 k allocations: 50.033 MiB)
3903
  1.703909 seconds (39.72 k allocations: 50.117 MiB)
5423
  1.694003 seconds (39.80 k allocations: 50.201 MiB)
6920
  1.699076 seconds (39.80 k allocations: 50.201 MiB)
8429
  1.678446 seconds (39.88 k allocations: 50.285 MiB)
9916
  1.698384 seconds (39.96 k allocations: 50.369 MiB)
2400
  1.954815 seconds (34.97 k allocations: 44.052 MiB, 3.92% gc time)
  1.877829 seconds (19.09 k allocations: 23.974 MiB, 4.08% gc time)
  1.907685 seconds (27.03 k allocations: 34.022 MiB, 4.01% gc time)
  1.806608 seconds (11.19 k allocations: 13.989 MiB, 4.24% gc time)
  1.771764 seconds (3.32 k allocations: 4.124 MiB, 4.32% gc time)
6921
3904
8430
5424
9917
  1.690259 seconds (25.79 k allocations: 32.429 MiB)
2401
  1.733136 seconds (8.00 k allocations: 10.075 MiB)
6922
  1.738379 seconds (11.83 k allocations: 14.684 MiB)
8431
  1.745743 seconds (21.96 k allocations: 26.943 MiB)
5425
  1.754148 seconds (29.50 k allocations: 36.542 MiB)
3905
  1.760340 seconds (35.55 k allocations: 44.642 MiB)
9918
  1.684838 seconds (39.72 k allocations: 50.117 MiB)
2402
  1.691582 seconds (34.74 k allocations: 44.348 MiB)
6923
  1.695018 seconds (36.12 k allocations: 44.520 MiB)
8432
  1.693471 seconds (33.19 k allocations: 41.548 MiB)
5426
  1.700117 seconds (33.48 k allocations: 43.056 MiB)
3906
  1.701046 seconds (34.79 k allocations: 43.871 MiB)
9919
  1.682505 seconds (39.64 k allocations: 50.033 MiB)
2403
  1.689978 seconds (38.13 k allocations: 47.796 MiB)
6924
  1.695245 seconds (31.89 k allocations: 40.211 MiB)
  1.676940 seconds (16.05 k allocations: 20.290 MiB)
  1.701855 seconds (35.64 k allocations: 45.704 MiB)
5427
9920
8433
  1.699908 seconds (41.69 k allocations: 53.357 MiB)
3907
  1.687260 seconds (39.80 k allocations: 50.201 MiB)
2404
  1.787208 seconds (14.40 k allocations: 17.284 MiB, 4.09% gc time)
  1.810596 seconds (38.25 k allocations: 47.397 MiB, 4.04% gc time)
  1.788488 seconds (14.46 k allocations: 17.319 MiB, 4.09% gc time)
  1.786841 seconds (14.53 k allocations: 17.409 MiB, 4.10% gc time)
  1.769453 seconds (6.71 k allocations: 7.547 MiB, 4.14% gc time)
6925
5428
8434
3908
9921
  1.687901 seconds (36.52 k allocations: 43.518 MiB)
2405
  1.727842 seconds (8.29 k allocations: 11.593 MiB)
8435
  1.731986 seconds (10.72 k allocations: 15.994 MiB)
5429
  1.734357 seconds (16.16 k allocations: 21.011 MiB)
6926
  1.739914 seconds (31.73 k allocations: 40.043 MiB)
3909
  1.745086 seconds (39.72 k allocations: 50.117 MiB)
9922
  1.676720 seconds (39.72 k allocations: 50.117 MiB)
2406
  1.688557 seconds (23.25 k allocations: 28.781 MiB)
6927
  1.698979 seconds (30.19 k allocations: 38.483 MiB)
  1.697766 seconds (28.92 k allocations: 36.514 MiB)
8436
5430
  1.706158 seconds (39.29 k allocations: 48.984 MiB)
3910
  1.711204 seconds (39.88 k allocations: 50.285 MiB)
9923
  1.691064 seconds (39.88 k allocations: 50.285 MiB)
2407
  1.688296 seconds (32.52 k allocations: 41.383 MiB)
6928
  1.696869 seconds (31.81 k allocations: 40.127 MiB)
5431
  1.676877 seconds (21.12 k allocations: 26.089 MiB)
9924
  1.716935 seconds (47.22 k allocations: 58.465 MiB)
8437
  1.711449 seconds (47.63 k allocations: 60.106 MiB)
3911
  1.689252 seconds (39.72 k allocations: 50.117 MiB)
2408
  1.691792 seconds (39.80 k allocations: 50.201 MiB)
6929
  3.370195 seconds (26.26 k allocations: 32.554 MiB, 2.33% gc time)
  3.379536 seconds (32.16 k allocations: 40.458 MiB, 2.32% gc time)
  3.358542 seconds (18.18 k allocations: 22.362 MiB, 2.34% gc time)
  3.348525 seconds (11.14 k allocations: 13.927 MiB, 2.34% gc time)
  1.764360 seconds (3.22 k allocations: 3.936 MiB, 4.45% gc time)
8438
5432
2409
3912
9925
  1.702453 seconds (32.94 k allocations: 39.871 MiB)
6930
  1.728576 seconds (10.36 k allocations: 16.157 MiB)
5433
  1.801895 seconds (15.90 k allocations: 20.064 MiB)
2410
  1.810130 seconds (23.82 k allocations: 30.054 MiB)
3913
  1.820742 seconds (30.09 k allocations: 39.587 MiB)
  1.816580 seconds (30.81 k allocations: 38.522 MiB)
8439
9926
  1.672360 seconds (39.72 k allocations: 50.117 MiB)
6931
  1.687033 seconds (39.64 k allocations: 50.033 MiB)
5434
  1.695005 seconds (38.66 k allocations: 48.341 MiB)
2411
  1.696637 seconds (23.82 k allocations: 30.054 MiB)
  1.703254 seconds (31.77 k allocations: 41.259 MiB)
  1.699084 seconds (24.38 k allocations: 31.578 MiB)
9927
3914
8440
  1.688709 seconds (39.80 k allocations: 50.201 MiB)
6932
  1.727065 seconds (39.80 k allocations: 50.201 MiB)
5435
  1.695533 seconds (39.80 k allocations: 50.201 MiB)
2412
  1.686317 seconds (24.82 k allocations: 32.313 MiB)
9928
  1.698752 seconds (31.73 k allocations: 40.043 MiB)
3915
  1.703080 seconds (33.04 k allocations: 42.082 MiB)
8441
  1.694153 seconds (39.64 k allocations: 50.033 MiB)
6933
  1.864078 seconds (38.23 k allocations: 47.375 MiB, 4.31% gc time)
  1.803361 seconds (22.45 k allocations: 27.427 MiB, 4.45% gc time)
  1.811582 seconds (29.60 k allocations: 35.918 MiB, 4.43% gc time)
  1.784709 seconds (6.84 k allocations: 7.659 MiB, 4.50% gc time)
  1.786099 seconds (6.76 k allocations: 7.548 MiB, 4.49% gc time)
5436
2413
8442
3916
9929
  1.683447 seconds (37.77 k allocations: 44.907 MiB)
6934
  1.728792 seconds (7.91 k allocations: 9.990 MiB)
  1.731698 seconds (8.43 k allocations: 12.112 MiB)
8443
5437
  1.734041 seconds (13.96 k allocations: 17.557 MiB)
2414
  1.733135 seconds (25.99 k allocations: 30.524 MiB)
9930
  1.746072 seconds (39.72 k allocations: 50.117 MiB)
3917
  1.697043 seconds (39.80 k allocations: 50.201 MiB)
6935
  1.684721 seconds (23.98 k allocations: 30.756 MiB)
8444
  1.698025 seconds (30.13 k allocations: 38.947 MiB)
  1.697109 seconds (26.08 k allocations: 34.227 MiB)
5438
2415
  1.704762 seconds (39.64 k allocations: 50.033 MiB)
9931
  1.696710 seconds (34.25 k allocations: 43.312 MiB)
3918
  1.683042 seconds (39.64 k allocations: 50.033 MiB)
6936
  1.681867 seconds (39.64 k allocations: 50.033 MiB)
8445
  1.692762 seconds (31.73 k allocations: 40.043 MiB)
5439
  1.684847 seconds (17.53 k allocations: 23.645 MiB)
9932
  1.698810 seconds (39.77 k allocations: 48.999 MiB)
2416
  1.694545 seconds (37.34 k allocations: 46.465 MiB)
3919
  1.694890 seconds (39.80 k allocations: 50.201 MiB)
6937
  1.689680 seconds (39.80 k allocations: 50.201 MiB)
8446
  3.363176 seconds (19.06 k allocations: 24.500 MiB, 1.58% gc time)
  3.366389 seconds (23.26 k allocations: 30.694 MiB, 1.58% gc time)
  3.360008 seconds (14.31 k allocations: 18.394 MiB, 1.59% gc time)
  1.737222 seconds (3.39 k allocations: 4.188 MiB, 3.07% gc time)
  3.355221 seconds (11.27 k allocations: 14.106 MiB, 1.59% gc time)
6938
2417
9933
3920
5440
  1.680193 seconds (27.88 k allocations: 34.553 MiB)
8447
  1.714540 seconds (8.00 k allocations: 10.075 MiB)
6939
  1.795077 seconds (15.90 k allocations: 20.064 MiB)
5441
  1.803181 seconds (21.02 k allocations: 25.978 MiB)
2418
  1.811898 seconds (31.89 k allocations: 40.211 MiB)
3921
  1.817204 seconds (35.50 k allocations: 44.602 MiB)
9934
  1.689662 seconds (39.80 k allocations: 50.201 MiB)
8448
  1.684964 seconds (39.80 k allocations: 50.201 MiB)
6940
  1.690926 seconds (35.22 k allocations: 44.833 MiB)
5442
  1.694904 seconds (39.80 k allocations: 50.201 MiB)
2419
  1.703703 seconds (33.39 k allocations: 42.963 MiB)
3922
  1.707329 seconds (37.50 k allocations: 46.635 MiB)
9935
  1.689063 seconds (39.88 k allocations: 50.285 MiB)
8449
  1.682821 seconds (39.80 k allocations: 50.201 MiB)
6941
  1.703433 seconds (39.33 k allocations: 49.080 MiB)
5443
  1.695987 seconds (32.28 k allocations: 41.308 MiB)
2420
  1.676740 seconds (31.64 k allocations: 39.959 MiB)
9936
  1.694888 seconds (44.35 k allocations: 56.054 MiB)
3923
  1.689173 seconds (39.56 k allocations: 49.949 MiB)
8450
  1.861704 seconds (38.33 k allocations: 47.482 MiB, 1.71% gc time)
  1.757766 seconds (22.17 k allocations: 26.496 MiB, 1.81% gc time)
  1.758569 seconds (22.32 k allocations: 26.712 MiB, 1.81% gc time)
  1.747189 seconds (14.74 k allocations: 17.562 MiB, 1.82% gc time)
  1.734232 seconds (7.03 k allocations: 7.955 MiB, 1.84% gc time)
6942
5444
2421
3924
9937
  1.723952 seconds (5 allocations: 1.031 KiB)
3925
  1.727111 seconds (6.94 k allocations: 7.773 MiB)
9938
  1.735392 seconds (14.46 k allocations: 17.367 MiB)
5445
  1.748366 seconds (23.82 k allocations: 30.053 MiB)
6943
  1.758500 seconds (31.81 k allocations: 40.127 MiB)
2422
  1.788065 seconds (75.77 k allocations: 93.161 MiB)
8451
  1.668141 seconds (15.86 k allocations: 19.992 MiB)
6944
  1.705148 seconds (45.91 k allocations: 57.656 MiB)
3926
  1.701663 seconds (40.67 k allocations: 51.100 MiB)
9939
  1.701788 seconds (47.37 k allocations: 58.616 MiB)
5446
  1.683818 seconds (39.80 k allocations: 50.201 MiB)
2423
  1.726146 seconds (39.88 k allocations: 50.285 MiB)
8452
  1.685363 seconds (39.42 k allocations: 49.165 MiB)
6945
  1.682251 seconds (29.95 k allocations: 37.524 MiB)
9940
  1.697408 seconds (41.31 k allocations: 52.972 MiB)
3927
  1.681240 seconds (24.77 k allocations: 31.724 MiB)
2424
  1.715342 seconds (47.08 k allocations: 58.856 MiB)
5447
  1.679178 seconds (39.96 k allocations: 50.369 MiB)
8453
  1.683484 seconds (39.35 k allocations: 49.045 MiB)
6946
  1.800463 seconds (34.30 k allocations: 42.718 MiB, 2.01% gc time)
  1.791749 seconds (20.51 k allocations: 26.643 MiB, 2.02% gc time)
  1.787101 seconds (18.76 k allocations: 23.656 MiB, 2.03% gc time)
  1.761282 seconds (10.89 k allocations: 13.660 MiB, 2.06% gc time)
  1.733480 seconds (3.04 k allocations: 3.719 MiB, 2.09% gc time)
5448
8454
2425
3928
9941
  1.681250 seconds (32.82 k allocations: 39.756 MiB)
6947
  1.696071 seconds (8.71 k allocations: 13.253 MiB)
2426
  1.721012 seconds (24.79 k allocations: 32.807 MiB)
8455
  1.733298 seconds (34.10 k allocations: 44.211 MiB)
5449
  1.729942 seconds (25.88 k allocations: 32.866 MiB)
3929
  1.748041 seconds (39.72 k allocations: 50.117 MiB)
9942
  1.669357 seconds (39.72 k allocations: 50.117 MiB)
6948
  1.700903 seconds (39.64 k allocations: 50.033 MiB)
2427
  1.708523 seconds (39.64 k allocations: 50.033 MiB)
8456
  1.699068 seconds (29.37 k allocations: 36.417 MiB)
3930
  1.714199 seconds (40.72 k allocations: 52.364 MiB)
5450
  1.702078 seconds (39.64 k allocations: 50.033 MiB)
9943
  1.693460 seconds (39.64 k allocations: 50.033 MiB)
6949
  1.699149 seconds (39.64 k allocations: 50.033 MiB)
2428
  1.675009 seconds (32.32 k allocations: 40.651 MiB)
8457
  1.681064 seconds (23.73 k allocations: 29.970 MiB)
9944
  1.703029 seconds (39.77 k allocations: 50.217 MiB)
3931
  1.697688 seconds (37.87 k allocations: 47.210 MiB)
5451
  1.716852 seconds (39.56 k allocations: 49.949 MiB)
6950
  1.902672 seconds (32.23 k allocations: 40.547 MiB, 7.87% gc time)
  1.864036 seconds (12.39 k allocations: 15.762 MiB, 8.04% gc time)
  1.860022 seconds (8.20 k allocations: 10.253 MiB, 8.05% gc time)
  1.898190 seconds (30.31 k allocations: 37.337 MiB, 7.89% gc time)
  1.855576 seconds (6.73 k allocations: 7.527 MiB, 8.07% gc time)
2429
5452
3932
8458
9945
  1.690881 seconds (37.07 k allocations: 44.132 MiB)
6951
  1.733043 seconds (8.00 k allocations: 10.075 MiB)
5453
  1.738395 seconds (15.98 k allocations: 20.148 MiB)
  1.739009 seconds (16.02 k allocations: 20.179 MiB)
8459
  1.743615 seconds (17.09 k allocations: 22.603 MiB)
9946
2430
  1.751234 seconds (39.88 k allocations: 50.285 MiB)
3933
  1.685746 seconds (39.88 k allocations: 50.285 MiB)
6952
  1.691109 seconds (39.11 k allocations: 48.212 MiB)
5454
  1.684233 seconds (17.78 k allocations: 23.897 MiB)
8460
  1.701974 seconds (31.89 k allocations: 40.211 MiB)
2431
  1.700290 seconds (31.89 k allocations: 40.211 MiB)
3934
  1.710398 seconds (40.16 k allocations: 50.604 MiB)
9947
  1.671586 seconds (39.80 k allocations: 50.201 MiB)
6953
  1.682618 seconds (31.81 k allocations: 40.127 MiB)
8461
  1.700782 seconds (39.80 k allocations: 50.201 MiB)
5455
  1.675952 seconds (20.67 k allocations: 25.627 MiB)
  1.693085 seconds (39.73 k allocations: 50.118 MiB)
9948
2432
  1.700741 seconds (40.81 k allocations: 52.462 MiB)
3935
  1.691802 seconds (39.80 k allocations: 50.201 MiB)
6954
  1.697915 seconds (39.80 k allocations: 50.201 MiB)
8462
  3.315975 seconds (33.32 k allocations: 41.018 MiB, 0.70% gc time)
  3.304561 seconds (18.78 k allocations: 23.668 MiB, 0.71% gc time)
  3.304043 seconds (18.86 k allocations: 23.786 MiB, 0.71% gc time)
  1.708586 seconds (3.06 k allocations: 3.899 MiB, 1.36% gc time)
  3.287053 seconds (11.01 k allocations: 13.891 MiB, 0.71% gc time)
6955
2433
5456
3936
9949
  1.673954 seconds (30.04 k allocations: 36.757 MiB)
8463
  1.690505 seconds (25.40 k allocations: 32.719 MiB)
6956
  1.794506 seconds (15.99 k allocations: 20.148 MiB)
2434
  1.805656 seconds (23.90 k allocations: 30.138 MiB)
3937
  1.811211 seconds (28.12 k allocations: 35.142 MiB)
5457
  1.811794 seconds (33.31 k allocations: 41.139 MiB)
9950
  1.719268 seconds (39.72 k allocations: 50.117 MiB)
8464
  1.710152 seconds (32.27 k allocations: 41.299 MiB)
6957
  1.699383 seconds (39.72 k allocations: 50.117 MiB)
  1.687636 seconds (17.24 k allocations: 23.298 MiB)
  1.700210 seconds (25.23 k allocations: 33.304 MiB)
  1.695695 seconds (17.05 k allocations: 23.171 MiB)
2435
5458
3938
9951
  1.696898 seconds (31.81 k allocations: 40.127 MiB)
  1.708332 seconds (35.13 k allocations: 45.355 MiB)
6958
8465
  1.682460 seconds (16.52 k allocations: 23.128 MiB)
9952
  1.689552 seconds (21.96 k allocations: 26.934 MiB)
5459
  1.695592 seconds (27.70 k allocations: 34.713 MiB)
2436
  1.705365 seconds (39.72 k allocations: 50.117 MiB)
3939
  1.697732 seconds (31.73 k allocations: 40.043 MiB)
6959
  1.889792 seconds (34.56 k allocations: 43.630 MiB, 3.87% gc time)
  1.798146 seconds (23.88 k allocations: 30.111 MiB, 4.07% gc time)
  1.790017 seconds (13.45 k allocations: 17.517 MiB, 4.09% gc time)
  1.785004 seconds (10.51 k allocations: 12.630 MiB, 4.10% gc time)
  1.772553 seconds (3.04 k allocations: 3.733 MiB, 4.13% gc time)
8466
2437
5460
3940
9953
  1.720980 seconds (3 allocations: 896 bytes)
5461
  1.725766 seconds (3.09 k allocations: 5.072 MiB)
  1.725732 seconds (3.21 k allocations: 5.285 MiB)
2438
3941
  1.731191 seconds (23.90 k allocations: 30.137 MiB)
9954
  1.867888 seconds (31.81 k allocations: 40.127 MiB)
8467
  1.896792 seconds (70.38 k allocations: 87.501 MiB)
6960
  1.689860 seconds (26.54 k allocations: 35.291 MiB)
5462
  1.696939 seconds (31.28 k allocations: 38.887 MiB)
3942
  1.702949 seconds (36.74 k allocations: 45.211 MiB)
2439
  1.708719 seconds (39.80 k allocations: 50.201 MiB)
9955
  1.680277 seconds (31.81 k allocations: 40.127 MiB)
6961
  1.705353 seconds (47.79 k allocations: 60.274 MiB)
8468
  1.682972 seconds (39.72 k allocations: 50.117 MiB)
5463
  1.697133 seconds (35.57 k allocations: 45.190 MiB)
3943
  1.680579 seconds (25.42 k allocations: 32.386 MiB)
9956
  1.700626 seconds (41.48 k allocations: 51.391 MiB)
2440
  1.692460 seconds (39.80 k allocations: 50.201 MiB)
6962
  1.700150 seconds (39.80 k allocations: 50.201 MiB)
8469
  1.686060 seconds (39.80 k allocations: 50.201 MiB)
5464
  1.936408 seconds (25.67 k allocations: 33.146 MiB, 4.36% gc time)  1.927896 seconds (18.75 k allocations: 23.646 MiB, 4.38% gc time)
  1.794593 seconds (10.94 k allocations: 13.710 MiB, 4.71% gc time)

  1.932231 seconds (20.73 k allocations: 26.919 MiB, 4.37% gc time)
  1.776860 seconds (3.07 k allocations: 3.740 MiB, 4.75% gc time)
8470
6963
2441
3944
9957
  1.699072 seconds (32.66 k allocations: 39.587 MiB)
5465
  1.731987 seconds (11.55 k allocations: 17.359 MiB)
8471
  1.740464 seconds (17.55 k allocations: 24.191 MiB)
6964
  1.750428 seconds (23.82 k allocations: 30.054 MiB)
  1.753448 seconds (23.88 k allocations: 30.186 MiB)
2442
3945
  1.762163 seconds (39.71 k allocations: 48.895 MiB)
9958
  1.694645 seconds (29.61 k allocations: 37.192 MiB)
8472
  1.701178 seconds (28.42 k allocations: 35.447 MiB)
6965
  1.706886 seconds (23.07 k allocations: 28.588 MiB)
3946
  1.708727 seconds (23.81 k allocations: 30.053 MiB)
9959
  1.803646 seconds (71.44 k allocations: 90.159 MiB)
5466
  1.845477 seconds (47.51 k allocations: 59.797 MiB)
2443
  1.706393 seconds (36.26 k allocations: 45.891 MiB)
  1.699225 seconds (32.28 k allocations: 41.248 MiB)
8473
6966
  1.701520 seconds (31.81 k allocations: 40.127 MiB)
9960
  1.686804 seconds (23.73 k allocations: 29.970 MiB)
2444
  1.848272 seconds (39.64 k allocations: 50.033 MiB)
5467
  1.970229 seconds (63.50 k allocations: 80.126 MiB)
3947
  1.705159 seconds (31.73 k allocations: 40.043 MiB)
6967
  1.709105 seconds (32.60 k allocations: 41.636 MiB)
8474
  2.030968 seconds (27.77 k allocations: 35.475 MiB, 4.00% gc time)
  1.921284 seconds (19.90 k allocations: 25.527 MiB, 4.23% gc time)
  1.855885 seconds (11.97 k allocations: 15.490 MiB, 4.37% gc time)
  1.774748 seconds (4.16 k allocations: 5.580 MiB, 4.57% gc time)
5468
2445
3948
9961
  1.706777 seconds (23.54 k allocations: 30.129 MiB)
6968
  1.737718 seconds (7.92 k allocations: 9.991 MiB)
5469
  1.742847 seconds (12.96 k allocations: 15.828 MiB)
3949
  1.745433 seconds (15.73 k allocations: 19.371 MiB)
2446
  1.801039 seconds (31.83 k allocations: 41.371 MiB)
8475
  1.801567 seconds (34.46 k allocations: 43.526 MiB)
9962
  1.688017 seconds (39.72 k allocations: 50.117 MiB)
6969
  1.696273 seconds (33.48 k allocations: 42.342 MiB)
5470
  1.697365 seconds (29.45 k allocations: 36.492 MiB)
3950
  1.699739 seconds (33.82 k allocations: 42.876 MiB)
2447
  1.710763 seconds (34.07 k allocations: 43.662 MiB)
8476
  1.713994 seconds (35.59 k allocations: 44.683 MiB)
9963
  1.696588 seconds (39.64 k allocations: 50.033 MiB)
6970
  1.686574 seconds (36.18 k allocations: 45.166 MiB)
5471
  1.696176 seconds (32.80 k allocations: 42.365 MiB)
3951
  1.694947 seconds (32.53 k allocations: 41.563 MiB)
2448
  1.682360 seconds (34.41 k allocations: 44.001 MiB)
8477
  1.685394 seconds (36.70 k allocations: 45.811 MiB)
9964
  1.698134 seconds (39.72 k allocations: 50.117 MiB)
6971
  1.865065 seconds (38.41 k allocations: 47.560 MiB, 4.23% gc time)
  1.844394 seconds (22.62 k allocations: 27.596 MiB, 4.27% gc time)
  1.847049 seconds (22.65 k allocations: 28.847 MiB, 4.27% gc time)
  1.782913 seconds (6.84 k allocations: 7.687 MiB, 4.42% gc time)
  1.790675 seconds (10.77 k allocations: 12.961 MiB, 4.40% gc time)
2449
8478
3952
9965
5472
  1.702418 seconds (34.93 k allocations: 41.790 MiB)
6972
  1.732888 seconds (9.16 k allocations: 12.478 MiB)
2450
  1.731404 seconds (9.17 k allocations: 11.967 MiB)
8479
  1.737960 seconds (20.20 k allocations: 25.149 MiB)
3953
  1.737001 seconds (27.31 k allocations: 34.313 MiB)
5473
  1.751927 seconds (40.27 k allocations: 51.905 MiB)
9966
  1.699965 seconds (39.72 k allocations: 50.117 MiB)
6973
  1.685191 seconds (29.52 k allocations: 37.094 MiB)
2451
  1.688555 seconds (24.96 k allocations: 31.213 MiB)
3954
  1.698466 seconds (31.81 k allocations: 40.127 MiB)
5474
  1.713956 seconds (47.77 k allocations: 59.621 MiB)
8480
  1.698615 seconds (35.44 k allocations: 44.534 MiB)
9967
  1.707746 seconds (39.64 k allocations: 50.033 MiB)
6974
  1.684559 seconds (34.37 k allocations: 42.804 MiB)
2452
  1.692010 seconds (39.46 k allocations: 49.539 MiB)
3955
  1.682857 seconds (23.82 k allocations: 30.054 MiB)
9968
  1.703103 seconds (40.39 k allocations: 50.789 MiB)
5475
  1.713152 seconds (40.66 k allocations: 52.299 MiB)
8481
  1.696141 seconds (33.08 k allocations: 42.651 MiB)
6975
  1.699109 seconds (36.61 k allocations: 45.730 MiB)
2453
  1.811626 seconds (21.13 k allocations: 27.300 MiB, 4.35% gc time)
  1.828553 seconds (34.72 k allocations: 43.804 MiB, 4.31% gc time)
  1.806964 seconds (18.95 k allocations: 23.831 MiB, 4.37% gc time)
  1.786072 seconds (11.03 k allocations: 13.819 MiB, 4.42% gc time)
8482
3956
9969
5476
  1.684477 seconds (21.42 k allocations: 26.737 MiB)
2454
  1.725798 seconds (7.92 k allocations: 9.991 MiB)
5477
  1.748485 seconds (48.12 k allocations: 60.606 MiB)
6976
  1.737215 seconds (22.29 k allocations: 27.269 MiB)
3957
  1.742681 seconds (27.37 k allocations: 34.378 MiB)
  1.744178 seconds (27.54 k allocations: 34.585 MiB)
9970
8483
  1.692514 seconds (39.80 k allocations: 50.201 MiB)
2455
  1.698526 seconds (29.62 k allocations: 37.202 MiB)
6977
  1.691641 seconds (15.01 k allocations: 20.382 MiB)
  1.705933 seconds (35.77 k allocations: 46.526 MiB)
3958
5478
  1.701382 seconds (31.81 k allocations: 40.127 MiB)
8484
  1.704028 seconds (32.24 k allocations: 41.226 MiB)
9971
  1.692465 seconds (39.72 k allocations: 50.117 MiB)
2456
  1.699578 seconds (23.82 k allocations: 30.054 MiB)
3959
  1.703922 seconds (26.41 k allocations: 35.843 MiB)
  1.700261 seconds (24.89 k allocations: 32.098 MiB)
  1.684195 seconds (9.30 k allocations: 12.559 MiB)
  1.689011 seconds (14.26 k allocations: 19.096 MiB)
6978
9972
8485
5479
  1.696885 seconds (39.88 k allocations: 50.285 MiB)
2457
  1.883018 seconds (36.88 k allocations: 43.405 MiB, 4.70% gc time)
  1.821355 seconds (6.61 k allocations: 7.408 MiB, 4.86% gc time)
  1.824918 seconds (6.61 k allocations: 8.653 MiB, 4.85% gc time)
  1.820280 seconds (6.69 k allocations: 7.448 MiB, 4.86% gc time)
  1.824323 seconds (6.69 k allocations: 7.445 MiB, 4.85% gc time)
5480
3960
6979
9973
8486
  1.686143 seconds (34.70 k allocations: 41.568 MiB)
2458
  1.727525 seconds (7.92 k allocations: 11.221 MiB)
6980
  1.735414 seconds (15.90 k allocations: 20.064 MiB)
  1.737699 seconds (16.29 k allocations: 21.100 MiB)
3961
5481
  1.750110 seconds (31.81 k allocations: 40.127 MiB)
8487
  1.761194 seconds (39.72 k allocations: 50.117 MiB)
9974
  1.685026 seconds (39.72 k allocations: 50.117 MiB)
2459
  1.686644 seconds (38.39 k allocations: 47.426 MiB)
6981
  1.687311 seconds (30.63 k allocations: 37.692 MiB)
3962
  1.701483 seconds (39.72 k allocations: 50.117 MiB)
5482
  1.701102 seconds (31.89 k allocations: 40.211 MiB)
9975
  1.713051 seconds (41.42 k allocations: 51.853 MiB)
8488
  1.683435 seconds (39.80 k allocations: 50.201 MiB)
2460
  1.689320 seconds (31.73 k allocations: 40.043 MiB)
3963
  1.699547 seconds (38.80 k allocations: 49.174 MiB)
6982
  1.699390 seconds (39.56 k allocations: 49.949 MiB)
5483
  1.677345 seconds (27.88 k allocations: 36.122 MiB)
9976
  1.697167 seconds (39.56 k allocations: 49.949 MiB)
8489
  1.685465 seconds (39.56 k allocations: 49.949 MiB)
2461
  1.689796 seconds (31.73 k allocations: 40.043 MiB)
6983
  3.349514 seconds (18.85 k allocations: 23.765 MiB, 1.85% gc time)
  3.378625 seconds (35.01 k allocations: 45.319 MiB, 1.83% gc time)
  3.353108 seconds (20.10 k allocations: 26.230 MiB, 1.85% gc time)
  1.753430 seconds (3.15 k allocations: 3.850 MiB, 3.53% gc time)
  3.324346 seconds (11.11 k allocations: 13.884 MiB, 1.86% gc time)
2462
5484
8490
3964
9977
  1.688783 seconds (26.21 k allocations: 32.851 MiB)
6984
  1.718710 seconds (8.00 k allocations: 10.075 MiB)
2463
  1.796923 seconds (15.99 k allocations: 20.148 MiB)
3965
  1.803550 seconds (22.83 k allocations: 27.838 MiB)
9978
  1.804489 seconds (24.51 k allocations: 31.461 MiB)
8491
  1.811621 seconds (35.24 k allocations: 43.103 MiB)
5485
  1.697649 seconds (39.80 k allocations: 50.201 MiB)
6985
  1.688059 seconds (39.80 k allocations: 50.201 MiB)
2464
  1.697575 seconds (36.18 k allocations: 45.116 MiB)
3966
  1.703015 seconds (27.35 k allocations: 34.892 MiB)
8492
  1.700643 seconds (25.94 k allocations: 32.914 MiB)
5486
  1.718450 seconds (44.23 k allocations: 54.750 MiB)
9979
  1.695438 seconds (39.72 k allocations: 50.117 MiB)
6986
  1.689473 seconds (39.80 k allocations: 50.201 MiB)
2465
  1.686855 seconds (39.72 k allocations: 50.117 MiB)
3967
  1.681705 seconds (23.90 k allocations: 30.138 MiB)
9980
  1.700745 seconds (36.95 k allocations: 47.820 MiB)
  1.698567 seconds (32.55 k allocations: 42.759 MiB)
8493
5487
  1.694610 seconds (39.72 k allocations: 50.117 MiB)
6987
  1.849636 seconds (38.15 k allocations: 47.301 MiB, 1.44% gc time)
  1.743430 seconds (22.32 k allocations: 27.324 MiB, 1.53% gc time)
  1.768801 seconds (30.26 k allocations: 37.326 MiB, 1.51% gc time)
  1.729489 seconds (6.60 k allocations: 7.460 MiB, 1.54% gc time)
  1.729618 seconds (6.68 k allocations: 7.595 MiB, 1.54% gc time)
2466
8494
5488
3968
9981
  1.696401 seconds (36.59 k allocations: 43.613 MiB)
6988
  1.702294 seconds (16.70 k allocations: 23.839 MiB)
5489
  1.715772 seconds (18.41 k allocations: 25.067 MiB)
8495
  1.733506 seconds (23.98 k allocations: 30.222 MiB)
2467
  1.736907 seconds (26.26 k allocations: 33.245 MiB)
3969
  1.745433 seconds (39.22 k allocations: 48.396 MiB)
9982
  1.692723 seconds (39.80 k allocations: 50.201 MiB)
6989
  1.680970 seconds (31.73 k allocations: 40.043 MiB)
  1.699732 seconds (40.11 k allocations: 51.154 MiB)
8496
5490
  1.684189 seconds (35.40 k allocations: 45.010 MiB)
2468
  1.695109 seconds (38.79 k allocations: 48.463 MiB)
3970
  1.696189 seconds (39.72 k allocations: 50.117 MiB)
9983
  1.699985 seconds (39.72 k allocations: 50.117 MiB)
6990
  1.694382 seconds (32.14 k allocations: 41.686 MiB)
8497
  1.700407 seconds (37.80 k allocations: 46.935 MiB)
5491
  1.683816 seconds (35.50 k allocations: 44.592 MiB)
  1.688389 seconds (31.53 k allocations: 39.785 MiB)
2469
  1.683265 seconds (24.73 k allocations: 32.329 MiB)
3971
9984
  1.693758 seconds (39.64 k allocations: 50.033 MiB)
6991
  1.700832 seconds (31.33 k allocations: 39.006 MiB)
5492
  1.709267 seconds (35.55 k allocations: 45.142 MiB)
8498
  3.326537 seconds (12.80 k allocations: 16.370 MiB, 1.11% gc time)
  3.324053 seconds (12.85 k allocations: 16.422 MiB, 1.11% gc time)
  1.675480 seconds (5.01 k allocations: 6.464 MiB, 2.20% gc time)
  3.323950 seconds (12.96 k allocations: 16.491 MiB, 1.11% gc time)
6992
3972
2470
9985
  1.694434 seconds (26.13 k allocations: 32.750 MiB)
5493
  1.714828 seconds (8.27 k allocations: 11.585 MiB)
2471
  1.793525 seconds (15.91 k allocations: 20.064 MiB)
6993
  1.796324 seconds (19.13 k allocations: 24.050 MiB)
3973
  1.804802 seconds (27.01 k allocations: 35.247 MiB)
8499
  1.801099 seconds (30.13 k allocations: 37.895 MiB)
9986
  1.699237 seconds (39.72 k allocations: 50.117 MiB)
5494
  1.699787 seconds (39.64 k allocations: 50.033 MiB)
2472
  1.690113 seconds (32.86 k allocations: 41.561 MiB)
6994
  1.688074 seconds (23.42 k allocations: 30.885 MiB)
3974
  1.697437 seconds (32.09 k allocations: 41.643 MiB)
8500
  1.701464 seconds (38.39 k allocations: 47.546 MiB)
9987
  1.699019 seconds (39.80 k allocations: 50.201 MiB)
5495
  1.693789 seconds (39.88 k allocations: 50.285 MiB)
2473
  1.684249 seconds (31.81 k allocations: 40.127 MiB)
3975
  1.679796 seconds (28.73 k allocations: 36.283 MiB)
  1.695021 seconds (40.18 k allocations: 51.237 MiB)
6995
  1.680734 seconds (30.70 k allocations: 38.410 MiB)
9988
  1.701203 seconds (32.20 k allocations: 41.164 MiB)
5496
  1.788166 seconds (30.95 k allocations: 38.661 MiB, 0.92% gc time)
  1.713490 seconds (12.24 k allocations: 14.375 MiB, 0.96% gc time)
  1.722052 seconds (22.07 k allocations: 26.343 MiB, 0.96% gc time)
  1.704174 seconds (6.86 k allocations: 7.669 MiB, 0.97% gc time)
6996
2474
3976
9989
  1.686266 seconds (15.24 k allocations: 19.214 MiB)
6997
  1.699798 seconds (34.81 k allocations: 41.305 MiB)
5497
  1.714963 seconds (15.82 k allocations: 19.980 MiB)
9990
  1.718106 seconds (21.86 k allocations: 26.836 MiB)
3977
  1.732115 seconds (31.73 k allocations: 40.043 MiB)
2475
  1.697300 seconds (26.87 k allocations: 34.400 MiB)
6998
  1.697147 seconds (28.02 k allocations: 35.041 MiB)
5498
  1.692734 seconds (28.64 k allocations: 36.196 MiB)
9991
  1.696517 seconds (23.82 k allocations: 30.054 MiB)
2476
  1.784364 seconds (39.80 k allocations: 50.201 MiB)
3978
  1.679373 seconds (26.74 k allocations: 34.268 MiB)
6999
  1.686275 seconds (31.81 k allocations: 40.127 MiB)
5499
  1.681203 seconds (31.89 k allocations: 40.211 MiB)
9992
  1.686833 seconds (31.81 k allocations: 40.127 MiB)
2477
  1.728030 seconds (31.81 k allocations: 40.127 MiB)
3979
  1.664930 seconds (31.81 k allocations: 40.127 MiB)
7000
  1.874456 seconds (26.85 k allocations: 33.852 MiB, 0.75% gc time)
  1.849955 seconds (19.00 k allocations: 23.909 MiB, 0.76% gc time)
  1.821053 seconds (11.08 k allocations: 13.889 MiB, 0.77% gc time)
  1.702682 seconds (3.23 k allocations: 3.952 MiB, 0.82% gc time)
3980
2478
5500
9993
  1.690971 seconds (21.99 k allocations: 27.318 MiB)
  1.708127 seconds (10.57 k allocations: 15.111 MiB)
3981
  1.722133 seconds (7.91 k allocations: 9.412 MiB)
2479
  1.730469 seconds (16.30 k allocations: 21.101 MiB)
9994
  1.734718 seconds (20.15 k allocations: 25.729 MiB)
  1.683672 seconds (8.03 k allocations: 10.222 MiB)
2480
  1.696980 seconds (18.49 k allocations: 23.338 MiB)
3982
  1.703161 seconds (15.90 k allocations: 20.064 MiB)
9995
  1.685734 seconds (11.28 k allocations: 14.649 MiB)
2481
  1.677120 seconds (7.99 k allocations: 10.074 MiB)
9996
  1.700797 seconds (17.16 k allocations: 22.047 MiB)
3983
  1.692283 seconds (15.98 k allocations: 20.148 MiB)
2482
  1.713163 seconds (2.97 k allocations: 3.728 MiB, 0.83% gc time)
  1.714008 seconds (3.10 k allocations: 3.825 MiB, 0.83% gc time)
3984
9997
  1.686698 seconds (6.21 k allocations: 8.776 MiB)
2483
  1.704900 seconds (9.90 k allocations: 13.239 MiB)
3985
  1.738488 seconds (15.98 k allocations: 20.148 MiB)
9998
  1.686227 seconds (15.90 k allocations: 20.064 MiB)
2484
  1.703441 seconds (15.90 k allocations: 20.064 MiB)
3986
  1.694103 seconds (15.98 k allocations: 20.148 MiB)
9999
  1.684774 seconds (15.90 k allocations: 20.064 MiB)
2485
  1.697158 seconds (15.82 k allocations: 19.980 MiB)
3987
  1.674763 seconds (13.19 k allocations: 16.063 MiB)
10000
  1.690613 seconds (15.82 k allocations: 19.980 MiB)
2486
  1.708728 seconds (6.52 k allocations: 7.338 MiB, 0.71% gc time)
  1.712396 seconds (8.53 k allocations: 10.600 MiB, 0.71% gc time)
3988
  1.692185 seconds (6.77 k allocations: 8.117 MiB)
2487
  1.705850 seconds (8.00 k allocations: 10.076 MiB)
3989
  1.684509 seconds (7.99 k allocations: 10.074 MiB)
2488
  1.700980 seconds (7.91 k allocations: 9.990 MiB)
3990
  1.685180 seconds (7.99 k allocations: 10.074 MiB)
2489
  1.699904 seconds (7.91 k allocations: 9.990 MiB)
3991
  1.688838 seconds (7.99 k allocations: 10.074 MiB)
2490
  1.691437 seconds (7.91 k allocations: 9.990 MiB)
3992
  1.699289 seconds (2.81 k allocations: 3.564 MiB, 0.75% gc time)
2491
  1.696227 seconds (1.95 k allocations: 3.214 MiB)
  1.694502 seconds (393 allocations: 1.038 MiB)
3993
2492
  1.693539 seconds (1 allocation: 736 bytes)
  1.694749 seconds (107 allocations: 268.820 KiB)
3994
2493
  1.682828 seconds (1 allocation: 736 bytes)
2494
  1.698700 seconds (7.91 k allocations: 9.990 MiB)
3995
  1.682136 seconds (7.91 k allocations: 9.990 MiB)
2495
  1.710700 seconds (3.00 k allocations: 3.758 MiB, 0.58% gc time)
3996
  1.687102 seconds (3.43 k allocations: 4.719 MiB)
2496
  1.700688 seconds (7.99 k allocations: 10.074 MiB)
3997
  1.688137 seconds (7.91 k allocations: 9.990 MiB)
2497
  1.694853 seconds (7.91 k allocations: 9.990 MiB)
3998
  1.681822 seconds (7.91 k allocations: 9.990 MiB)
2498
  1.693054 seconds (7.99 k allocations: 10.074 MiB)
3999
  1.685924 seconds (7.99 k allocations: 10.074 MiB)
2499
  1.700427 seconds (6.55 k allocations: 7.383 MiB, 0.38% gc time)
4000
  1.687892 seconds (5.25 k allocations: 6.569 MiB)
2500
  1.709337 seconds (7.91 k allocations: 9.990 MiB)
  1.586652 seconds (394 allocations: 1.038 MiB)
