/home/dswartz/julia-1.9.0/bin/julia
Graph 1 is connected.
Graph 2 is connected.
Graph 3 is connected.
Graph 4 is connected.
Graph 5 is connected.
Graph 6 is connected.
Graph 7 is connected.
Graph 8 is connected.
Graph 9 is connected.
Graph 10 is connected.
Graph 11 is connected.
Matrix 1 is not normalized
Matrix 2 is not normalized
Matrix 3 is not normalized
Matrix 4 is not normalized
Matrix 5 is not normalized
Matrix 6 is not normalized
Matrix 7 is not normalized
Matrix 8 is not normalized
Matrix 9 is not normalized
Matrix 10 is not normalized
Matrix 11 is not normalized
Number of threads: 6
4001
25018501

10015501

7001
  1.770682 seconds (8.00 k allocations: 14.269 MiB)
4002
  1.794481 seconds (15.22 k allocations: 10.485 MiB, 4.52% compilation time)
5502
  1.765844 seconds (368 allocations: 21.336 KiB, 1.20% compilation time)
  1.766637 seconds (703 allocations: 2.828 MiB, 1.20% compilation time)
1002
  1.756303 seconds (172 allocations: 9.648 KiB)
2502
  1.823733 seconds (32.27 k allocations: 29.293 MiB, 8.28% compilation time)
7002
8502
  1.769169 seconds (51.66 k allocations: 50.954 MiB, 4.89% compilation time)
4003
  1.775492 seconds (30.73 k allocations: 38.221 MiB)
5503
  1.754918 seconds (19.30 k allocations: 25.977 MiB)
1003
  1.757950 seconds (23.81 k allocations: 30.045 MiB)
7003
  1.765750 seconds (30.99 k allocations: 38.064 MiB)
  1.773827 seconds (33.56 k allocations: 43.212 MiB)
8503
2503
  1.748547 seconds (39.72 k allocations: 50.117 MiB)
4004
  1.764931 seconds (39.64 k allocations: 50.033 MiB)
5504
  1.761234 seconds (38.87 k allocations: 48.556 MiB)
1004
  1.758060 seconds (38.06 k allocations: 47.028 MiB)
7004
  1.759742 seconds (31.81 k allocations: 40.127 MiB)
2504
  1.768726 seconds (38.34 k allocations: 47.487 MiB)
8504
  1.745021 seconds (39.80 k allocations: 50.201 MiB)
4005
  1.765501 seconds (39.80 k allocations: 50.201 MiB)
5505
  3.544513 seconds (39.78 k allocations: 50.187 MiB, 3.48% gc time)
  3.531810 seconds (31.81 k allocations: 40.127 MiB, 3.50% gc time)
  3.506032 seconds (21.82 k allocations: 27.277 MiB, 3.52% gc time)
  3.494663 seconds (16.01 k allocations: 20.176 MiB, 3.53% gc time)
  1.880319 seconds (8.13 k allocations: 10.259 MiB, 6.56% gc time)
1005
7005
2505
8505
4006
  1.764132 seconds (36.39 k allocations: 43.229 MiB)
5506
  1.793624 seconds (7.99 k allocations: 10.074 MiB)
4007
  1.890034 seconds (15.91 k allocations: 20.064 MiB)
1006
  1.902003 seconds (23.82 k allocations: 30.054 MiB)
7006
  1.910622 seconds (31.73 k allocations: 40.043 MiB)
2506
  1.916052 seconds (37.41 k allocations: 46.538 MiB)
8506
  1.760990 seconds (39.56 k allocations: 49.949 MiB)
5507
  1.743541 seconds (39.56 k allocations: 49.949 MiB)
4008
  1.757683 seconds (39.56 k allocations: 49.949 MiB)
1007
  1.753956 seconds (38.33 k allocations: 46.831 MiB)
7007
  1.765957 seconds (36.73 k allocations: 46.369 MiB)
  1.760847 seconds (32.11 k allocations: 41.079 MiB)
2507
8507
  1.763356 seconds (39.72 k allocations: 50.117 MiB)
5508
  1.751452 seconds (39.72 k allocations: 50.117 MiB)
4009
  1.758865 seconds (39.34 k allocations: 49.081 MiB)
1008
  1.754844 seconds (36.26 k allocations: 45.363 MiB)
7008
  1.755922 seconds (31.81 k allocations: 40.127 MiB)
2508
  1.761587 seconds (36.07 k allocations: 45.178 MiB)
8508
  1.761961 seconds (39.80 k allocations: 50.201 MiB)
5509
  1.771361 seconds (39.80 k allocations: 50.201 MiB)
4010
  3.475007 seconds (30.89 k allocations: 39.174 MiB, 2.26% gc time)
  3.468047 seconds (26.77 k allocations: 33.761 MiB, 2.26% gc time)
  3.449256 seconds (14.71 k allocations: 18.793 MiB, 2.28% gc time)
  3.442925 seconds (11.05 k allocations: 13.888 MiB, 2.28% gc time)
  1.839213 seconds (3.24 k allocations: 4.031 MiB, 4.27% gc time)
1009
7009
2509
8509
5510
  1.774445 seconds (29.30 k allocations: 35.998 MiB)
4011
  1.800490 seconds (7.99 k allocations: 10.074 MiB)
5511
  1.927412 seconds (15.99 k allocations: 20.148 MiB)
  1.927031 seconds (16.37 k allocations: 21.184 MiB)
1010
7010
  1.938563 seconds (31.89 k allocations: 40.211 MiB)
2510
  1.942118 seconds (34.97 k allocations: 44.039 MiB)
8510
  1.760658 seconds (39.88 k allocations: 50.285 MiB)
4012
  1.759674 seconds (39.80 k allocations: 50.201 MiB)
5512
  1.751675 seconds (31.81 k allocations: 40.127 MiB)
7011
  1.757955 seconds (33.90 k allocations: 44.183 MiB)
1011
  1.752689 seconds (34.79 k allocations: 43.173 MiB)
2511
  1.767597 seconds (39.72 k allocations: 50.117 MiB)
8511
  1.742372 seconds (39.72 k allocations: 50.117 MiB)
4013
  1.764897 seconds (39.72 k allocations: 50.117 MiB)
5513
  1.753105 seconds (33.71 k allocations: 43.292 MiB)
7012
  1.764073 seconds (38.98 k allocations: 48.675 MiB)
1012
  1.759059 seconds (33.20 k allocations: 42.253 MiB)
2512
  1.762442 seconds (39.72 k allocations: 50.117 MiB)
8512
  1.745601 seconds (39.80 k allocations: 50.201 MiB)
4014
  1.968179 seconds (38.39 k allocations: 47.543 MiB, 2.87% gc time)
  1.860075 seconds (30.42 k allocations: 37.472 MiB, 3.04% gc time)
  1.847433 seconds (16.55 k allocations: 20.700 MiB, 3.06% gc time)
  1.843840 seconds (14.74 k allocations: 17.732 MiB, 3.07% gc time)
  1.818809 seconds (6.87 k allocations: 7.913 MiB, 3.11% gc time)
1013
7013
5514
2513
8513
  1.777415 seconds (35.74 k allocations: 42.625 MiB)
4015
  1.796450 seconds (7.92 k allocations: 9.991 MiB)
1014
  1.799046 seconds (9.25 k allocations: 12.055 MiB)
8514
  1.812243 seconds (23.82 k allocations: 30.054 MiB)
7014
  1.813616 seconds (24.35 k allocations: 31.300 MiB)
5515
  1.821766 seconds (37.17 k allocations: 46.288 MiB)
2514
  1.760946 seconds (39.80 k allocations: 50.201 MiB)
4016
  1.756422 seconds (33.14 k allocations: 42.711 MiB)
1015
  1.753079 seconds (26.97 k allocations: 34.495 MiB)
7015
  1.772885 seconds (46.38 k allocations: 57.606 MiB)
8515
  1.753264 seconds (26.09 k allocations: 33.073 MiB)
2515
  1.763626 seconds (38.92 k allocations: 48.084 MiB)
5516
  1.756039 seconds (39.72 k allocations: 50.117 MiB)
4017
  1.768613 seconds (39.64 k allocations: 50.033 MiB)
1016
  1.761313 seconds (33.98 k allocations: 42.329 MiB)
7016
  1.755175 seconds (19.06 k allocations: 23.972 MiB)
2516
  1.760120 seconds (25.32 k allocations: 32.290 MiB)
8516
  1.764237 seconds (37.94 k allocations: 47.084 MiB)
5517
  1.740990 seconds (39.72 k allocations: 50.117 MiB)
4018
  1.756632 seconds (35.85 k allocations: 44.824 MiB)
1017
  3.486447 seconds (23.93 k allocations: 31.384 MiB, 0.99% gc time)
  3.482758 seconds (19.03 k allocations: 24.511 MiB, 0.99% gc time)
  3.479787 seconds (16.33 k allocations: 20.510 MiB, 0.99% gc time)
  3.472753 seconds (10.99 k allocations: 13.868 MiB, 1.00% gc time)
  1.775356 seconds (3.17 k allocations: 4.024 MiB, 1.95% gc time)
7017
4019
8517
2517
5518
  1.764621 seconds (29.79 k allocations: 36.503 MiB)
1018
  1.783127 seconds (4.73 k allocations: 9.174 MiB)
4020
  1.875311 seconds (15.99 k allocations: 20.148 MiB)
2518
  1.876485 seconds (16.38 k allocations: 21.185 MiB)
7018
  1.880369 seconds (21.99 k allocations: 27.670 MiB)
8518
  1.882961 seconds (34.04 k allocations: 40.658 MiB)
5519
  1.759132 seconds (31.89 k allocations: 40.211 MiB)
4021
  1.776078 seconds (39.80 k allocations: 50.201 MiB)
1019
  1.752637 seconds (23.82 k allocations: 30.583 MiB)
7019
  1.758679 seconds (30.06 k allocations: 37.645 MiB)
2519
  1.762055 seconds (32.38 k allocations: 40.718 MiB)
8519
  1.762642 seconds (36.08 k allocations: 45.178 MiB)
5520
  1.742207 seconds (39.64 k allocations: 50.033 MiB)
4022
  1.768056 seconds (39.64 k allocations: 50.033 MiB)
1020
  1.753552 seconds (28.75 k allocations: 36.315 MiB)
2520
  1.761694 seconds (37.38 k allocations: 47.719 MiB)
7020
  1.760230 seconds (35.60 k allocations: 45.217 MiB)
8520
  1.763015 seconds (38.45 k allocations: 47.605 MiB)
5521
  1.771485 seconds (39.80 k allocations: 50.201 MiB)
4023
  1.865516 seconds (34.76 k allocations: 43.835 MiB, 1.16% gc time)
  1.805780 seconds (18.88 k allocations: 23.781 MiB, 1.20% gc time)
  1.794879 seconds (9.13 k allocations: 11.317 MiB, 1.20% gc time)
  1.808091 seconds (19.01 k allocations: 25.172 MiB, 1.20% gc time)
  1.788035 seconds (3.16 k allocations: 4.065 MiB, 1.21% gc time)
10217021

2521
8521
5522
  1.760350 seconds (37.81 k allocations: 44.938 MiB)
4024
  1.760092 seconds (10.19 k allocations: 14.757 MiB)
5523
  1.764895 seconds (14.44 k allocations: 17.340 MiB)
2522
  1.782775 seconds (23.90 k allocations: 30.138 MiB)
8522
  1.789896 seconds (31.81 k allocations: 40.127 MiB)
7022
  1.856321 seconds (39.80 k allocations: 50.201 MiB)
1022
  1.760271 seconds (39.72 k allocations: 50.117 MiB)
4025
  1.750428 seconds (31.81 k allocations: 40.127 MiB)
2523
  1.759621 seconds (39.08 k allocations: 49.473 MiB)
5524
  1.755950 seconds (39.43 k allocations: 49.258 MiB)
8523
  1.752216 seconds (36.72 k allocations: 45.834 MiB)
7023
  1.756746 seconds (39.64 k allocations: 50.033 MiB)
1023
  1.746496 seconds (39.56 k allocations: 49.949 MiB)
4026
  1.753830 seconds (31.73 k allocations: 40.043 MiB)
2524
  1.760867 seconds (36.84 k allocations: 45.958 MiB)
5525
  1.757371 seconds (36.38 k allocations: 46.014 MiB)
  1.752041 seconds (32.10 k allocations: 40.989 MiB)
8524
7024
  1.757060 seconds (39.80 k allocations: 50.201 MiB)
1024
  1.755884 seconds (39.80 k allocations: 50.201 MiB)
4027
  1.872911 seconds (30.25 k allocations: 37.313 MiB, 1.08% gc time)
  1.877176 seconds (33.41 k allocations: 41.771 MiB, 1.08% gc time)
  1.854558 seconds (14.43 k allocations: 17.288 MiB, 1.09% gc time)
  1.853371 seconds (14.53 k allocations: 17.441 MiB, 1.09% gc time)
  1.777766 seconds (6.66 k allocations: 7.629 MiB, 1.14% gc time)
7025
1025
5526
8525
2525
  1.744770 seconds (37.73 k allocations: 44.854 MiB)
4028
  1.870656 seconds (20.79 k allocations: 25.570 MiB)
1026
  1.866132 seconds (15.90 k allocations: 20.064 MiB)
  1.878993 seconds (26.93 k allocations: 34.399 MiB)
8526
5527
  1.871205 seconds (21.89 k allocations: 27.559 MiB)
2526
  1.894255 seconds (53.45 k allocations: 65.342 MiB)
7026
  1.760894 seconds (39.56 k allocations: 49.949 MiB)
4029
  1.753628 seconds (39.26 k allocations: 48.997 MiB)
1027
  1.750259 seconds (23.51 k allocations: 29.102 MiB)
  1.754939 seconds (27.23 k allocations: 35.400 MiB)
2527
8527
  1.751589 seconds (31.89 k allocations: 40.211 MiB)
  1.765978 seconds (41.60 k allocations: 53.911 MiB)
7027
5528
  1.770225 seconds (39.72 k allocations: 50.117 MiB)
4030
  1.768824 seconds (39.64 k allocations: 50.033 MiB)
1028
  1.766158 seconds (31.93 k allocations: 41.477 MiB)
2528
  1.754852 seconds (18.87 k allocations: 25.009 MiB)
  1.766598 seconds (32.57 k allocations: 41.791 MiB)
7028
8528
  1.778619 seconds (39.72 k allocations: 50.117 MiB)
5529
  1.755904 seconds (39.72 k allocations: 50.117 MiB)
4031
  1.755324 seconds (39.42 k allocations: 49.165 MiB)
1029
  2.730542 seconds (24.03 k allocations: 31.504 MiB, 1.25% gc time)
  2.726967 seconds (18.85 k allocations: 23.750 MiB, 1.26% gc time)
  2.725360 seconds (18.95 k allocations: 23.840 MiB, 1.26% gc time)
  2.698754 seconds (11.13 k allocations: 14.026 MiB, 1.27% gc time)
  1.783451 seconds (3.26 k allocations: 4.182 MiB, 1.92% gc time)
2529
5530
7029
8529
4032
  1.755200 seconds (35.32 k allocations: 42.302 MiB)
1030
  1.789696 seconds (7.91 k allocations: 9.990 MiB)
4033
  1.927462 seconds (15.83 k allocations: 19.980 MiB)
  1.926503 seconds (16.20 k allocations: 21.016 MiB)
2530
7030
  1.936889 seconds (31.73 k allocations: 40.043 MiB)
8530
  1.943178 seconds (35.05 k allocations: 44.129 MiB)
5531
  1.755308 seconds (39.72 k allocations: 50.117 MiB)
1031
  1.741508 seconds (39.80 k allocations: 50.201 MiB)
4034
  1.750882 seconds (31.80 k allocations: 40.126 MiB)
2531
  1.767157 seconds (39.72 k allocations: 50.117 MiB)
  1.756567 seconds (27.46 k allocations: 35.174 MiB)
7031
8531
  1.766111 seconds (39.72 k allocations: 50.117 MiB)
5532
  1.760012 seconds (39.72 k allocations: 50.117 MiB)
1032
  1.749011 seconds (39.72 k allocations: 50.117 MiB)
4035
  1.753612 seconds (39.72 k allocations: 50.117 MiB)
2532
  1.755270 seconds (32.34 k allocations: 41.896 MiB)
7032
  1.774166 seconds (39.72 k allocations: 50.117 MiB)
8532
  1.766917 seconds (34.89 k allocations: 43.974 MiB)
5533
  1.755972 seconds (39.72 k allocations: 50.117 MiB)
1033
  1.988580 seconds (38.26 k allocations: 47.403 MiB, 1.17% gc time)
  1.818233 seconds (22.48 k allocations: 27.432 MiB, 1.28% gc time)
  1.830249 seconds (30.42 k allocations: 37.476 MiB, 1.28% gc time)
  1.795077 seconds (7.85 k allocations: 9.886 MiB, 1.30% gc time)
  1.792262 seconds (6.74 k allocations: 7.555 MiB, 1.30% gc time)
7033
5534
8533
2533
4036
  1.756969 seconds (37.26 k allocations: 44.320 MiB)
1034
  1.788348 seconds (10.61 k allocations: 15.201 MiB)
5535
  1.796149 seconds (15.93 k allocations: 21.308 MiB)
8534
  1.802337 seconds (21.29 k allocations: 27.473 MiB)
7034
  1.806709 seconds (31.46 k allocations: 38.542 MiB)
2534
  1.809285 seconds (33.48 k allocations: 42.528 MiB)
4037
  1.762135 seconds (39.56 k allocations: 49.949 MiB)
1035
  1.756352 seconds (39.41 k allocations: 49.543 MiB)
5536
  1.756113 seconds (36.85 k allocations: 46.493 MiB)
  1.739802 seconds (15.96 k allocations: 20.359 MiB)
8535
4038
  1.749598 seconds (29.97 k allocations: 37.016 MiB)
  1.758248 seconds (46.02 k allocations: 56.020 MiB)
2535
7035
  1.754655 seconds (39.80 k allocations: 50.201 MiB)
1036
  1.748125 seconds (20.93 k allocations: 25.713 MiB)
4039
  1.756997 seconds (28.48 k allocations: 34.159 MiB)
8536
  1.752852 seconds (19.28 k allocations: 24.208 MiB)
7036
  1.778454 seconds (62.12 k allocations: 76.225 MiB)
  1.763407 seconds (32.19 k allocations: 41.163 MiB)
5537
2536
  1.754952 seconds (39.88 k allocations: 50.285 MiB)
1037
  1.736438 seconds (22.76 k allocations: 27.642 MiB)
7037
  1.751770 seconds (39.26 k allocations: 49.642 MiB)
  1.785898 seconds (3.38 k allocations: 4.519 MiB, 1.38% gc time)
  3.488427 seconds (11.24 k allocations: 14.436 MiB, 0.71% gc time)  3.500318 seconds (30.39 k allocations: 39.000 MiB, 0.70% gc time)

  3.486233 seconds (11.18 k allocations: 14.332 MiB, 0.71% gc time)
4040
1038
8537
5538
2537
  1.750858 seconds (32.62 k allocations: 39.435 MiB)
7038
  1.779669 seconds (9.02 k allocations: 13.570 MiB)
1039
  1.878498 seconds (15.90 k allocations: 20.064 MiB)
2538
  1.886623 seconds (19.12 k allocations: 24.042 MiB)
  1.884898 seconds (20.39 k allocations: 25.983 MiB)
4041
5539
  1.907964 seconds (39.72 k allocations: 50.117 MiB)
8538
  1.752722 seconds (39.64 k allocations: 50.033 MiB)
7039
  1.754925 seconds (39.64 k allocations: 50.033 MiB)
1040
  1.750636 seconds (29.96 k allocations: 38.772 MiB)
2539
  1.751943 seconds (26.96 k allocations: 33.959 MiB)
4042
  1.759892 seconds (39.64 k allocations: 50.032 MiB)
5540
  1.755837 seconds (39.72 k allocations: 50.117 MiB)
8539
  1.753665 seconds (39.72 k allocations: 50.117 MiB)
7040
  1.755602 seconds (39.64 k allocations: 50.033 MiB)
1041
  1.744410 seconds (31.43 k allocations: 39.091 MiB)
  1.751861 seconds (36.41 k allocations: 46.691 MiB)
4043
2540
  1.757951 seconds (39.64 k allocations: 50.033 MiB)
5541
  1.757539 seconds (39.72 k allocations: 50.117 MiB)
8540
  1.749856 seconds (39.72 k allocations: 50.117 MiB)
7041
  1.913893 seconds (38.24 k allocations: 47.386 MiB, 0.85% gc time)
  1.821489 seconds (22.82 k allocations: 29.021 MiB, 0.89% gc time)
  1.799851 seconds (14.68 k allocations: 17.653 MiB, 0.90% gc time)
  1.819548 seconds (22.60 k allocations: 27.625 MiB, 0.89% gc time)
  1.780960 seconds (6.86 k allocations: 7.795 MiB, 0.91% gc time)
1042
4044
8541
2541
5542
  1.753999 seconds (37.11 k allocations: 44.178 MiB)
7042
  1.765702 seconds (17.63 k allocations: 24.779 MiB)
8542
  1.780724 seconds (15.91 k allocations: 20.064 MiB)
1043
  1.791027 seconds (23.82 k allocations: 30.054 MiB)
5543
  1.798531 seconds (28.12 k allocations: 35.141 MiB)
2542
  1.860556 seconds (39.64 k allocations: 50.033 MiB)
4045
  1.753374 seconds (39.56 k allocations: 49.949 MiB)
7043
  1.755227 seconds (39.56 k allocations: 49.949 MiB)
8543
  1.748935 seconds (39.64 k allocations: 50.033 MiB)
1044
  1.756444 seconds (36.75 k allocations: 46.392 MiB)
5544
  1.757461 seconds (36.34 k allocations: 45.439 MiB)
2543
  1.742320 seconds (39.72 k allocations: 50.117 MiB)
4046
  1.752500 seconds (39.72 k allocations: 50.117 MiB)
7044
  1.757994 seconds (39.64 k allocations: 50.033 MiB)
8544
  1.753029 seconds (36.45 k allocations: 45.556 MiB)
1045
  1.752574 seconds (31.73 k allocations: 40.043 MiB)
  1.759033 seconds (36.08 k allocations: 46.353 MiB)
2544
5545
  1.759914 seconds (39.72 k allocations: 50.117 MiB)
4047
  1.750425 seconds (39.80 k allocations: 50.201 MiB)
7045
  1.750810 seconds (31.81 k allocations: 40.127 MiB)
1046
  3.515778 seconds (38.80 k allocations: 49.185 MiB, 0.69% gc time)
  3.480474 seconds (20.26 k allocations: 26.416 MiB, 0.69% gc time)
  3.477476 seconds (19.10 k allocations: 23.983 MiB, 0.70% gc time)
  1.771778 seconds (3.38 k allocations: 4.189 MiB, 1.36% gc time)
  3.270786 seconds (11.23 k allocations: 14.067 MiB, 0.74% gc time)
7046
8545
2545
5546
4048
  1.750007 seconds (30.22 k allocations: 36.984 MiB)
1047
  1.751807 seconds (24.07 k allocations: 30.144 MiB)
7047
  1.869158 seconds (15.99 k allocations: 20.148 MiB)
  1.868026 seconds (16.23 k allocations: 20.870 MiB)
2546
4049
  1.875404 seconds (19.84 k allocations: 25.474 MiB)
8546
  1.881423 seconds (39.72 k allocations: 50.117 MiB)
5547
  1.753136 seconds (36.20 k allocations: 45.831 MiB)
1048
  1.752173 seconds (33.05 k allocations: 42.088 MiB)
7048
  1.743126 seconds (25.78 k allocations: 33.284 MiB)
4050
  1.750961 seconds (31.83 k allocations: 40.141 MiB)
2547
  1.766280 seconds (39.34 k allocations: 49.081 MiB)
  1.758253 seconds (32.11 k allocations: 41.079 MiB)
8547
5548
  1.752720 seconds (32.05 k allocations: 41.602 MiB)
1049
  1.760284 seconds (38.78 k allocations: 47.947 MiB)
7049
  1.750956 seconds (39.41 k allocations: 49.164 MiB)
4051
  1.751501 seconds (39.72 k allocations: 50.117 MiB)
2548
  1.756808 seconds (32.38 k allocations: 41.931 MiB)
8548
  1.758914 seconds (34.09 k allocations: 43.160 MiB)
5549
  1.750129 seconds (39.12 k allocations: 48.810 MiB)
1050
  1.933374 seconds (38.32 k allocations: 47.466 MiB, 1.04% gc time)
  1.819558 seconds (30.08 k allocations: 36.474 MiB, 1.10% gc time)
  1.809653 seconds (22.57 k allocations: 27.568 MiB, 1.11% gc time)
  1.784938 seconds (6.74 k allocations: 7.614 MiB, 1.12% gc time)
  1.783738 seconds (6.83 k allocations: 7.739 MiB, 1.12% gc time)
7050
2549
8549
5550
4052
  1.751360 seconds (37.47 k allocations: 44.535 MiB)
1051
  1.778669 seconds (8.41 k allocations: 11.720 MiB)
  1.776324 seconds (8.19 k allocations: 10.811 MiB)
8550
  1.778943 seconds (9.59 k allocations: 13.042 MiB)
5551
  1.779370 seconds (10.95 k allocations: 15.143 MiB)
2550
4053
  1.797581 seconds (39.62 k allocations: 51.239 MiB)
7051
  1.744563 seconds (39.56 k allocations: 49.949 MiB)
1052
  1.743830 seconds (15.90 k allocations: 20.064 MiB)
4054
  1.754909 seconds (26.17 k allocations: 33.689 MiB)
8551
  1.758684 seconds (29.60 k allocations: 36.651 MiB)
2551
  1.767465 seconds (39.46 k allocations: 49.853 MiB)
5552
  1.764097 seconds (39.88 k allocations: 50.285 MiB)
7052
  1.751054 seconds (39.88 k allocations: 50.285 MiB)
1053
  1.752262 seconds (38.24 k allocations: 47.912 MiB)
4055
  1.758196 seconds (37.82 k allocations: 47.478 MiB)
8552
  1.763275 seconds (37.81 k allocations: 47.479 MiB)
2552
  1.759118 seconds (32.47 k allocations: 41.508 MiB)
5553
  1.750569 seconds (37.94 k allocations: 47.087 MiB)
7053
  1.756774 seconds (39.72 k allocations: 50.117 MiB)
1054
  1.743267 seconds (39.72 k allocations: 50.117 MiB)
4056
  3.472679 seconds (19.13 k allocations: 24.614 MiB, 0.52% gc time)
  3.464143 seconds (10.99 k allocations: 13.807 MiB, 0.52% gc time)
  3.470451 seconds (16.76 k allocations: 20.903 MiB, 0.52% gc time)
  3.484197 seconds (34.99 k allocations: 44.086 MiB, 0.51% gc time)
  1.777575 seconds (3.29 k allocations: 4.155 MiB, 1.01% gc time)
1055
7054
2553
5554
8553
  1.765557 seconds (16.46 k allocations: 21.673 MiB)
1056
  1.781740 seconds (42.29 k allocations: 51.280 MiB)
4057
  1.870185 seconds (15.91 k allocations: 20.064 MiB)
  1.871781 seconds (16.40 k allocations: 22.437 MiB)
2554
7055
  1.878062 seconds (31.50 k allocations: 38.591 MiB)
5555
  1.883612 seconds (38.62 k allocations: 47.772 MiB)
8554
  1.750234 seconds (39.64 k allocations: 50.033 MiB)
1057
  1.765386 seconds (39.64 k allocations: 50.033 MiB)
4058
  1.749432 seconds (31.26 k allocations: 38.923 MiB)
2555
  1.750722 seconds (31.85 k allocations: 40.173 MiB)
7056
  1.758509 seconds (38.27 k allocations: 47.931 MiB)
5556
  1.756948 seconds (36.29 k allocations: 45.388 MiB)
8555
  1.754643 seconds (39.64 k allocations: 50.033 MiB)
1058
  1.757624 seconds (39.72 k allocations: 50.117 MiB)
4059
  1.755752 seconds (32.45 k allocations: 42.003 MiB)
2556
  1.766090 seconds (39.72 k allocations: 50.117 MiB)
7057
  1.759831 seconds (36.58 k allocations: 45.006 MiB)
5557
  1.758362 seconds (37.36 k allocations: 46.496 MiB)
8556
  1.749677 seconds (39.88 k allocations: 50.285 MiB)
1059
  1.903403 seconds (34.85 k allocations: 43.929 MiB, 1.18% gc time)
  1.804723 seconds (18.60 k allocations: 22.843 MiB, 1.25% gc time)
  1.817009 seconds (26.93 k allocations: 33.914 MiB, 1.24% gc time)
  1.796763 seconds (9.62 k allocations: 11.683 MiB, 1.25% gc time)
  1.787425 seconds (3.19 k allocations: 3.958 MiB, 1.26% gc time)
5558
2557
8557
7058
4060
  1.750992 seconds (34.47 k allocations: 41.368 MiB)
1060
  1.761443 seconds (18.10 k allocations: 25.280 MiB)
8558
  1.774651 seconds (16.09 k allocations: 21.471 MiB)
2558
  1.779295 seconds (19.15 k allocations: 26.514 MiB)
5559
  1.779837 seconds (27.16 k allocations: 32.933 MiB)
7059
  1.798747 seconds (39.72 k allocations: 50.117 MiB)
4061
  1.763420 seconds (39.64 k allocations: 50.033 MiB)
1061
  1.750257 seconds (23.86 k allocations: 30.626 MiB)
2559
  1.752072 seconds (23.81 k allocations: 30.053 MiB)
  1.758150 seconds (28.09 k allocations: 36.283 MiB)
7060
5560
  1.781891 seconds (50.61 k allocations: 64.542 MiB)
8559
  1.758664 seconds (39.72 k allocations: 50.117 MiB)
4062
  1.760203 seconds (39.80 k allocations: 50.201 MiB)
1062
  1.752443 seconds (39.34 k allocations: 49.081 MiB)
2560
  1.752659 seconds (27.12 k allocations: 35.872 MiB)
7061
  1.765704 seconds (31.81 k allocations: 40.127 MiB)
  1.769021 seconds (33.00 k allocations: 43.213 MiB)
8560
5561
  1.751694 seconds (39.48 k allocations: 48.649 MiB)
4063
  1.749894 seconds (39.64 k allocations: 50.033 MiB)
1063
  1.828758 seconds (37.80 k allocations: 46.285 MiB, 2.18% gc time)
  1.817807 seconds (30.32 k allocations: 37.368 MiB, 2.19% gc time)
  1.787509 seconds (6.65 k allocations: 7.439 MiB, 2.23% gc time)
  1.802512 seconds (14.91 k allocations: 19.085 MiB, 2.21% gc time)
  1.800568 seconds (14.41 k allocations: 16.771 MiB, 2.21% gc time)
7062
2561
8561
4064
5562
  1.754732 seconds (37.38 k allocations: 44.442 MiB)
1064
  1.787627 seconds (7.92 k allocations: 9.990 MiB)
4065
  1.791188 seconds (8.65 k allocations: 12.655 MiB)
7063
  1.790517 seconds (14.36 k allocations: 17.955 MiB)
5563
  1.813102 seconds (31.81 k allocations: 40.127 MiB)
  1.813779 seconds (32.19 k allocations: 41.163 MiB)
2562
8562
  1.761406 seconds (39.72 k allocations: 50.117 MiB)
1065
  1.753133 seconds (28.82 k allocations: 37.607 MiB)
4066
  1.759520 seconds (33.42 k allocations: 42.995 MiB)
7064
  1.766817 seconds (39.64 k allocations: 50.033 MiB)
5564
  1.755534 seconds (31.81 k allocations: 40.127 MiB)
2563
  1.759830 seconds (36.13 k allocations: 45.239 MiB)
8563
  1.767694 seconds (39.64 k allocations: 50.033 MiB)
1066
  1.758744 seconds (31.81 k allocations: 40.127 MiB)
7065
  1.771542 seconds (41.83 k allocations: 52.334 MiB)
4067
  1.752746 seconds (27.95 k allocations: 35.496 MiB)
2564
  1.767025 seconds (31.81 k allocations: 40.127 MiB)
8564
  1.786098 seconds (50.58 k allocations: 63.163 MiB)
5565
  1.754299 seconds (39.64 k allocations: 50.033 MiB)
1067
  1.742997 seconds (31.64 k allocations: 39.959 MiB)
4068
  3.489362 seconds (37.23 k allocations: 47.564 MiB, 0.45% gc time)
  3.450414 seconds (10.95 k allocations: 13.762 MiB, 0.45% gc time)
  3.475552 seconds (26.73 k allocations: 33.705 MiB, 0.45% gc time)
  3.453576 seconds (12.55 k allocations: 16.644 MiB, 0.45% gc time)
  1.764637 seconds (3.23 k allocations: 4.001 MiB, 0.89% gc time)
1068
5566
7066
2565
8565
  1.756771 seconds (32.57 k allocations: 39.469 MiB)
  1.753414 seconds (20.43 k allocations: 26.371 MiB)
4069
1069
  1.870424 seconds (15.99 k allocations: 20.148 MiB)
  1.871284 seconds (16.37 k allocations: 21.184 MiB)
7067
2566
  1.888612 seconds (31.81 k allocations: 40.127 MiB)
5567
  1.896167 seconds (39.80 k allocations: 50.201 MiB)
8566
  1.762519 seconds (32.31 k allocations: 41.869 MiB)
4070
  1.766604 seconds (37.09 k allocations: 46.206 MiB)
1070
  1.755617 seconds (31.89 k allocations: 40.211 MiB)
2567
  1.774745 seconds (41.29 k allocations: 52.946 MiB)
7068
  1.761551 seconds (35.73 k allocations: 44.833 MiB)
5568
  1.760617 seconds (39.88 k allocations: 50.285 MiB)
8567
  1.765188 seconds (38.05 k allocations: 47.725 MiB)
4071
  1.764056 seconds (37.92 k allocations: 47.063 MiB)
1071
  1.765149 seconds (39.88 k allocations: 50.285 MiB)
2568
  1.759052 seconds (31.82 k allocations: 40.139 MiB)
7069
  1.762015 seconds (37.56 k allocations: 46.044 MiB)
5569
  1.759613 seconds (38.17 k allocations: 47.316 MiB)
8568
  1.742880 seconds (38.07 k allocations: 47.740 MiB)
4072
  1.921046 seconds (38.31 k allocations: 47.463 MiB, 1.17% gc time)
  1.791938 seconds (19.12 k allocations: 23.367 MiB, 1.25% gc time)
  1.798152 seconds (26.16 k allocations: 32.438 MiB, 1.25% gc time)
  1.786269 seconds (12.52 k allocations: 14.767 MiB, 1.26% gc time)
  1.779839 seconds (6.73 k allocations: 7.749 MiB, 1.26% gc time)
7070
1072
5570
8569
2569
  1.790460 seconds (37.72 k allocations: 44.852 MiB)
4073
  1.783849 seconds (6.36 k allocations: 7.177 MiB)
  1.781511 seconds (7.54 k allocations: 9.037 MiB)
5571
2570
  1.790504 seconds (20.18 k allocations: 23.906 MiB)
8570
  1.798205 seconds (30.04 k allocations: 38.318 MiB)
7071
  1.800437 seconds (34.50 k allocations: 43.575 MiB)
1073
  1.758246 seconds (37.73 k allocations: 46.698 MiB)
4074
  1.762048 seconds (30.42 k allocations: 38.017 MiB)
5572
  1.760199 seconds (27.01 k allocations: 33.317 MiB)
  1.767330 seconds (35.57 k allocations: 44.605 MiB)
8571
2571
  1.761314 seconds (33.18 k allocations: 40.311 MiB)
7072
  1.762426 seconds (37.46 k allocations: 46.594 MiB)
1074
  1.746110 seconds (39.88 k allocations: 50.285 MiB)
4075
  1.759403 seconds (35.01 k allocations: 43.919 MiB)
5573
  1.756019 seconds (24.08 k allocations: 30.331 MiB)
2572
  1.771653 seconds (39.30 k allocations: 48.991 MiB)
  1.763785 seconds (30.10 k allocations: 37.679 MiB)
8572
7073
  1.761049 seconds (32.95 k allocations: 40.770 MiB)
1075
  1.742966 seconds (39.64 k allocations: 50.033 MiB)
4076
  1.751972 seconds (31.73 k allocations: 40.043 MiB)
  1.758413 seconds (34.49 k allocations: 44.737 MiB)
2573
5574
  3.472708 seconds (18.45 k allocations: 23.370 MiB, 0.51% gc time)
  3.471186 seconds (17.16 k allocations: 22.018 MiB, 0.51% gc time)
  3.464780 seconds (13.35 k allocations: 16.940 MiB, 0.51% gc time)
  1.760119 seconds (5.52 k allocations: 7.041 MiB, 1.01% gc time)
7074
8573
1076
4077
  1.759406 seconds (24.99 k allocations: 31.607 MiB)
2574
  1.777649 seconds (12.51 k allocations: 18.343 MiB)
4078
  1.870511 seconds (15.91 k allocations: 20.064 MiB)
7075
  1.877318 seconds (20.22 k allocations: 28.835 MiB)
  1.873200 seconds (18.77 k allocations: 24.333 MiB)
5575
  1.873420 seconds (21.16 k allocations: 27.465 MiB)
8574
1077
  1.752023 seconds (39.64 k allocations: 50.033 MiB)
2575
  1.745125 seconds (39.64 k allocations: 50.033 MiB)
4079
  1.755584 seconds (15.82 k allocations: 19.980 MiB)
  1.758916 seconds (17.09 k allocations: 23.131 MiB)
  1.756823 seconds (16.50 k allocations: 21.869 MiB)
8575
5576
1078
  1.769976 seconds (45.01 k allocations: 57.970 MiB)
7076
  1.761557 seconds (39.72 k allocations: 50.117 MiB)
  1.745277 seconds (32.19 k allocations: 41.163 MiB)
2576
4080
  1.750650 seconds (23.26 k allocations: 28.778 MiB)
1079
  1.761843 seconds (33.10 k allocations: 43.888 MiB)
8576
  1.757155 seconds (28.24 k allocations: 35.265 MiB)
7077
  1.770105 seconds (42.74 k allocations: 53.251 MiB)
5577
  1.751239 seconds (31.81 k allocations: 40.127 MiB)
2577
  1.923578 seconds (38.40 k allocations: 47.559 MiB, 0.97% gc time)
  1.804433 seconds (30.14 k allocations: 36.546 MiB, 1.04% gc time)
  1.790811 seconds (11.30 k allocations: 13.396 MiB, 1.04% gc time)
  1.796122 seconds (18.98 k allocations: 22.963 MiB, 1.04% gc time)
  1.785375 seconds (6.78 k allocations: 7.611 MiB, 1.05% gc time)
1080
7078
8577
5578
4081
  1.766271 seconds (37.58 k allocations: 44.655 MiB)
2578
  1.763138 seconds (15.44 k allocations: 21.315 MiB)
8578
  1.782844 seconds (16.51 k allocations: 21.901 MiB)
5579
  1.799922 seconds (26.08 k allocations: 33.587 MiB)
1081
  1.804908 seconds (30.14 k allocations: 38.416 MiB)
7079
  1.874946 seconds (39.72 k allocations: 50.117 MiB)
4082
  1.751648 seconds (38.24 k allocations: 47.910 MiB)
2579
  1.759828 seconds (39.64 k allocations: 50.033 MiB)
8579
  1.758207 seconds (39.64 k allocations: 50.033 MiB)
5580
  1.758251 seconds (36.30 k allocations: 45.930 MiB)
1082
  1.763430 seconds (39.64 k allocations: 50.033 MiB)
7080
  1.749790 seconds (39.72 k allocations: 50.117 MiB)
4083
  1.753127 seconds (39.72 k allocations: 50.117 MiB)
2580
  1.759452 seconds (39.64 k allocations: 50.033 MiB)
8580
  1.762575 seconds (39.64 k allocations: 50.033 MiB)
5581
  1.761282 seconds (39.64 k allocations: 50.033 MiB)
1083
  1.761840 seconds (39.56 k allocations: 49.949 MiB)
7081
  1.756202 seconds (39.64 k allocations: 50.033 MiB)
4084
  1.761416 seconds (39.64 k allocations: 50.033 MiB)
2581
  1.756830 seconds (39.64 k allocations: 50.033 MiB)
8581
  3.493108 seconds (34.69 k allocations: 43.774 MiB, 0.67% gc time)
  3.468072 seconds (18.86 k allocations: 23.761 MiB, 0.67% gc time)
  3.480760 seconds (26.93 k allocations: 33.934 MiB, 0.67% gc time)
  3.409326 seconds (11.14 k allocations: 14.020 MiB, 0.68% gc time)
  1.772243 seconds (3.32 k allocations: 4.190 MiB, 1.31% gc time)
5582
7082
2582
1084
4085
  1.748087 seconds (11.55 k allocations: 16.671 MiB)
2583
  1.769877 seconds (39.93 k allocations: 48.827 MiB)
8582
  1.871136 seconds (15.82 k allocations: 19.980 MiB)
1085
  1.878503 seconds (21.40 k allocations: 26.367 MiB)
4086
  1.885394 seconds (24.94 k allocations: 33.117 MiB)
5583
  1.893176 seconds (39.64 k allocations: 50.033 MiB)
7083
  1.764257 seconds (39.72 k allocations: 50.117 MiB)
2584
  1.758937 seconds (39.80 k allocations: 50.201 MiB)
8583
  1.744101 seconds (25.59 k allocations: 33.099 MiB)
4087
  1.755066 seconds (40.66 k allocations: 50.441 MiB)
1086
  1.757239 seconds (39.42 k allocations: 49.165 MiB)
5584
  1.759000 seconds (39.72 k allocations: 50.117 MiB)
7084
  1.752210 seconds (39.26 k allocations: 48.997 MiB)
2585
  1.759852 seconds (39.64 k allocations: 50.033 MiB)
8584
  1.753096 seconds (35.88 k allocations: 45.495 MiB)
4088
  1.755668 seconds (39.25 k allocations: 48.997 MiB)
1087
  1.766361 seconds (39.64 k allocations: 50.033 MiB)
  1.759265 seconds (32.11 k allocations: 41.079 MiB)
5585
7085
  1.769040 seconds (39.72 k allocations: 50.117 MiB)
2586
  1.923286 seconds (34.69 k allocations: 43.761 MiB, 1.01% gc time)
  1.818977 seconds (26.43 k allocations: 32.760 MiB, 1.07% gc time)
  1.807345 seconds (18.95 k allocations: 23.839 MiB, 1.08% gc time)
  1.785973 seconds (3.06 k allocations: 3.790 MiB, 1.09% gc time)
  1.785005 seconds (3.17 k allocations: 3.984 MiB, 1.09% gc time)
1088
5586
7086
8585
4089
  1.755761 seconds (30.51 k allocations: 37.358 MiB)
2587
  1.758139 seconds (16.34 k allocations: 21.034 MiB)
7087
  1.772704 seconds (25.85 k allocations: 33.874 MiB)
5587
  1.773922 seconds (24.23 k allocations: 31.700 MiB)
1089
  1.784384 seconds (31.81 k allocations: 40.127 MiB)
4090
  1.798176 seconds (39.72 k allocations: 50.117 MiB)
8586
  1.756315 seconds (31.73 k allocations: 40.043 MiB)
7088
  1.771296 seconds (44.30 k allocations: 54.841 MiB)
2588
  1.750979 seconds (30.49 k allocations: 37.553 MiB)
1090
  1.745119 seconds (31.73 k allocations: 40.043 MiB)
4091
  1.787301 seconds (51.99 k allocations: 65.783 MiB)
5588
  1.764469 seconds (39.72 k allocations: 50.117 MiB)
8587
  1.758182 seconds (36.26 k allocations: 45.894 MiB)
7089
  1.758731 seconds (34.57 k allocations: 42.951 MiB)
2589
  1.746158 seconds (28.14 k allocations: 35.162 MiB)
4092
  1.766036 seconds (47.71 k allocations: 60.190 MiB)
1091
  1.770144 seconds (39.80 k allocations: 50.201 MiB)
5589
  1.765836 seconds (38.32 k allocations: 47.466 MiB)
8588
  1.745226 seconds (23.45 k allocations: 29.019 MiB)
4093
  1.758092 seconds (35.63 k allocations: 45.297 MiB)
  1.852919 seconds (31.03 k allocations: 39.958 MiB, 1.42% gc time)
  1.838828 seconds (19.06 k allocations: 24.639 MiB, 1.43% gc time)
  1.789891 seconds (3.32 k allocations: 4.688 MiB, 1.47% gc time)
  1.799021 seconds (9.79 k allocations: 12.556 MiB, 1.46% gc time)
7090
1092
2590
8589
5590
  1.763437 seconds (30.97 k allocations: 37.741 MiB)
4094
  1.781700 seconds (7.99 k allocations: 10.074 MiB)
5591
  1.793132 seconds (15.99 k allocations: 20.148 MiB)
8590
  1.798315 seconds (20.78 k allocations: 25.735 MiB)
2591
  1.803683 seconds (27.31 k allocations: 35.536 MiB)
1093
  1.835682 seconds (41.07 k allocations: 52.724 MiB)
7091
  1.763608 seconds (39.80 k allocations: 50.201 MiB)
4095
  1.759409 seconds (39.42 k allocations: 49.165 MiB)
5592
  1.760561 seconds (36.45 k allocations: 45.834 MiB)
8591
  1.762522 seconds (33.17 k allocations: 41.514 MiB)
  1.759082 seconds (31.36 k allocations: 39.104 MiB)
2592
1094
  1.756469 seconds (39.64 k allocations: 50.033 MiB)
7092
  1.746171 seconds (39.56 k allocations: 49.949 MiB)
4096
  1.762378 seconds (39.40 k allocations: 49.342 MiB)
5593
  1.752614 seconds (20.96 k allocations: 25.913 MiB)
  1.760181 seconds (35.91 k allocations: 44.252 MiB)
2593
8592
  1.755427 seconds (27.45 k allocations: 35.148 MiB)
1095
  1.759183 seconds (39.88 k allocations: 50.285 MiB)
7093
  1.744796 seconds (39.88 k allocations: 50.285 MiB)
4097
  1.815233 seconds (33.20 k allocations: 40.207 MiB, 0.99% gc time)
  1.809391 seconds (17.82 k allocations: 22.004 MiB, 0.99% gc time)
  1.808227 seconds (16.80 k allocations: 20.944 MiB, 0.99% gc time)
  1.803437 seconds (14.52 k allocations: 17.450 MiB, 0.99% gc time)
  1.773653 seconds (6.61 k allocations: 7.557 MiB, 1.01% gc time)
5594
2594
1096
7094
8593
  1.765357 seconds (5.59 k allocations: 10.600 MiB)
  1.775053 seconds (36.59 k allocations: 43.689 MiB)
7095
4098
  1.784368 seconds (16.27 k allocations: 21.667 MiB)
1097
  1.800114 seconds (23.90 k allocations: 30.138 MiB)
2595
  1.811838 seconds (31.81 k allocations: 40.127 MiB)
8594
  1.821488 seconds (36.83 k allocations: 47.172 MiB)
5595
  1.757858 seconds (31.65 k allocations: 39.959 MiB)
  1.758139 seconds (32.04 k allocations: 40.996 MiB)
7096
4099
  1.757255 seconds (39.64 k allocations: 50.033 MiB)
1098
  1.767372 seconds (39.64 k allocations: 50.033 MiB)
2596
  1.765332 seconds (37.39 k allocations: 47.036 MiB)
8595
  1.766655 seconds (39.10 k allocations: 48.251 MiB)
5596
  1.743666 seconds (31.64 k allocations: 39.959 MiB)
4100
  1.773734 seconds (39.56 k allocations: 49.949 MiB)
7097
  1.754106 seconds (34.05 k allocations: 43.117 MiB)
1099
  1.753042 seconds (39.64 k allocations: 50.033 MiB)
2597
  1.760565 seconds (38.86 k allocations: 48.547 MiB)
8596
  1.761928 seconds (38.87 k allocations: 48.029 MiB)
5597
  1.745684 seconds (39.72 k allocations: 50.117 MiB)
  1.759003 seconds (24.73 k allocations: 32.868 MiB)
  1.758163 seconds (24.58 k allocations: 32.125 MiB)
  1.750108 seconds (16.59 k allocations: 22.051 MiB)
  1.757812 seconds (7.57 k allocations: 11.532 MiB)
  1.771219 seconds (1.91 k allocations: 5.180 MiB)
4101
7098
1100
2598
8597
5598
  1.779224 seconds (3 allocations: 896 bytes)
5599
  1.790487 seconds (8.55 k allocations: 13.083 MiB)
4102
  1.798163 seconds (17.27 k allocations: 23.897 MiB)
7099
  1.799343 seconds (20.89 k allocations: 25.832 MiB)
2599
  1.813360 seconds (31.81 k allocations: 40.127 MiB)
  1.813126 seconds (32.19 k allocations: 41.162 MiB)
1101
8598
  1.761099 seconds (38.72 k allocations: 48.404 MiB)
5600
  1.759586 seconds (35.14 k allocations: 43.521 MiB)
4103
  1.760040 seconds (37.76 k allocations: 46.197 MiB)
7100
  1.759265 seconds (37.03 k allocations: 46.146 MiB)
2600
  1.758568 seconds (31.81 k allocations: 40.127 MiB)
  1.760496 seconds (32.10 k allocations: 40.999 MiB)
8599
1102
  1.746916 seconds (31.33 k allocations: 39.006 MiB)
4104
  1.761125 seconds (43.46 k allocations: 55.162 MiB)
5601
  1.754015 seconds (33.69 k allocations: 42.052 MiB)
7101
  1.751145 seconds (33.41 k allocations: 42.458 MiB)
2601
  1.756019 seconds (31.73 k allocations: 40.043 MiB)
8600
  1.759203 seconds (34.71 k allocations: 43.790 MiB)
1103
  1.744775 seconds (39.36 k allocations: 49.218 MiB)
4105
  1.803910 seconds (24.97 k allocations: 31.232 MiB, 0.80% gc time)
  1.809252 seconds (35.50 k allocations: 43.221 MiB, 0.80% gc time)
  1.800971 seconds (23.47 k allocations: 28.470 MiB, 0.80% gc time)
  1.778171 seconds (7.76 k allocations: 8.652 MiB, 0.82% gc time)
  1.782164 seconds (10.70 k allocations: 12.995 MiB, 0.81% gc time)
7102
1104
2602
5602
8601
  1.749236 seconds (37.39 k allocations: 44.448 MiB)
4106
  1.757628 seconds (18.86 k allocations: 26.056 MiB)
1105
  1.767974 seconds (17.21 k allocations: 23.840 MiB)
8602
  1.777924 seconds (23.90 k allocations: 30.138 MiB)
2603
  1.787363 seconds (31.89 k allocations: 40.211 MiB)
7103
  1.791736 seconds (38.34 k allocations: 47.490 MiB)
5603
  1.747904 seconds (39.80 k allocations: 50.201 MiB)
4107
  1.756430 seconds (39.80 k allocations: 50.201 MiB)
1106
  1.760724 seconds (39.88 k allocations: 50.285 MiB)
8603
  1.754089 seconds (36.67 k allocations: 45.131 MiB)
2604
  1.760246 seconds (38.25 k allocations: 47.929 MiB)
7104
  1.782175 seconds (39.80 k allocations: 50.201 MiB)
5604
  1.755793 seconds (39.80 k allocations: 50.201 MiB)
4108
  1.761585 seconds (39.80 k allocations: 50.201 MiB)
1107
  1.759098 seconds (31.89 k allocations: 40.211 MiB)
2605
  1.772586 seconds (43.99 k allocations: 54.481 MiB)
8604
  1.773420 seconds (39.88 k allocations: 50.285 MiB)
7105
  1.778789 seconds (39.80 k allocations: 50.201 MiB)
5605
  1.757164 seconds (39.72 k allocations: 50.117 MiB)
4109
  1.758856 seconds (39.72 k allocations: 50.117 MiB)
1108
  3.497177 seconds (34.16 k allocations: 42.580 MiB, 0.46% gc time)
  3.485270 seconds (26.70 k allocations: 33.669 MiB, 0.46% gc time)
  3.468529 seconds (18.87 k allocations: 23.749 MiB, 0.47% gc time)
  3.434297 seconds (11.08 k allocations: 13.952 MiB, 0.47% gc time)
  1.782663 seconds (3.18 k allocations: 4.026 MiB, 0.91% gc time)
8605
7106
4110
5606
2606
  1.767589 seconds (10.79 k allocations: 15.894 MiB)
  1.775103 seconds (33.11 k allocations: 40.651 MiB)
4111
1109
  1.867080 seconds (15.90 k allocations: 20.064 MiB)
2607
  1.872983 seconds (17.76 k allocations: 22.658 MiB)
7107
  1.879169 seconds (31.89 k allocations: 40.211 MiB)
5607
  1.893920 seconds (40.07 k allocations: 51.704 MiB)
8606
  1.741991 seconds (31.81 k allocations: 40.127 MiB)
4112
  1.758228 seconds (39.72 k allocations: 50.117 MiB)
1110
  1.754814 seconds (31.26 k allocations: 38.923 MiB)
7108
  1.764620 seconds (39.37 k allocations: 49.758 MiB)
2608
  1.762012 seconds (35.42 k allocations: 44.498 MiB)
5608
  1.762900 seconds (39.64 k allocations: 50.033 MiB)
8607
  1.763713 seconds (39.72 k allocations: 50.117 MiB)
4113
  1.760069 seconds (39.80 k allocations: 50.201 MiB)
1111
  1.764916 seconds (39.42 k allocations: 49.165 MiB)
7109
  1.756640 seconds (29.44 k allocations: 37.705 MiB)
2609
  1.767005 seconds (39.88 k allocations: 50.285 MiB)
5609
  1.765882 seconds (39.80 k allocations: 50.201 MiB)
8608
  1.755265 seconds (39.80 k allocations: 50.201 MiB)
4114
  1.939205 seconds (34.76 k allocations: 43.835 MiB, 0.84% gc time)
  1.826408 seconds (23.89 k allocations: 30.116 MiB, 0.90% gc time)
  1.818760 seconds (18.96 k allocations: 23.882 MiB, 0.90% gc time)
  1.808413 seconds (11.11 k allocations: 14.019 MiB, 0.91% gc time)
  1.797807 seconds (3.23 k allocations: 4.129 MiB, 0.91% gc time)
7110
1112
5610
2610
8609
  1.745297 seconds (33.12 k allocations: 39.998 MiB)
4115
  1.782689 seconds (10.55 k allocations: 16.345 MiB)
8610
  1.794545 seconds (15.83 k allocations: 19.980 MiB)
7111
  1.806755 seconds (23.82 k allocations: 30.054 MiB)
1113
  1.809570 seconds (28.45 k allocations: 35.478 MiB)
2611
  1.822310 seconds (39.80 k allocations: 50.201 MiB)
5611
  1.777387 seconds (39.80 k allocations: 50.201 MiB)
4116
  1.764163 seconds (39.80 k allocations: 50.201 MiB)
8611
  1.755181 seconds (36.35 k allocations: 45.465 MiB)
7112
  1.756230 seconds (36.22 k allocations: 45.857 MiB)
1114
  1.755442 seconds (35.55 k allocations: 44.642 MiB)
2612
  1.766251 seconds (39.80 k allocations: 50.201 MiB)
5612
  1.754037 seconds (39.80 k allocations: 50.201 MiB)
4117
  1.760239 seconds (36.27 k allocations: 45.901 MiB)
8612
  1.758647 seconds (34.10 k allocations: 43.173 MiB)
7113
  1.756494 seconds (31.64 k allocations: 39.959 MiB)
2613
  1.767613 seconds (41.48 k allocations: 51.899 MiB)
1115
  1.766706 seconds (39.56 k allocations: 49.949 MiB)
5613
  1.745138 seconds (39.64 k allocations: 50.033 MiB)
4118
  1.831216 seconds (30.49 k allocations: 37.556 MiB, 1.17% gc time)
  1.814889 seconds (20.68 k allocations: 24.967 MiB, 1.18% gc time)
  1.832587 seconds (30.53 k allocations: 37.600 MiB, 1.17% gc time)
  1.808474 seconds (14.82 k allocations: 17.809 MiB, 1.18% gc time)
  1.781748 seconds (6.94 k allocations: 7.930 MiB, 1.20% gc time)
7114
1116
2614
5614
8613
  1.771911 seconds (36.63 k allocations: 43.689 MiB)
4119
  1.784440 seconds (7.91 k allocations: 9.990 MiB)
5615
  1.795085 seconds (15.82 k allocations: 19.980 MiB)
  1.801497 seconds (17.65 k allocations: 24.927 MiB)
  1.800561 seconds (16.48 k allocations: 22.747 MiB)
2615
7115
1117
  1.800685 seconds (23.43 k allocations: 29.821 MiB)
8614
  1.742208 seconds (39.72 k allocations: 50.117 MiB)
4120
  1.762593 seconds (39.72 k allocations: 50.117 MiB)
5616
  1.752068 seconds (17.89 k allocations: 24.528 MiB)
  1.751873 seconds (16.30 k allocations: 21.113 MiB)
2616
7116
  1.760860 seconds (31.81 k allocations: 40.127 MiB)
8615
  1.766944 seconds (35.36 k allocations: 45.662 MiB)
1118
  1.748498 seconds (39.72 k allocations: 50.117 MiB)
4121
  1.760162 seconds (23.73 k allocations: 29.969 MiB)
2617
  1.766032 seconds (29.70 k allocations: 39.193 MiB)
5617
  1.765755 seconds (29.47 k allocations: 37.217 MiB)
7117
  1.761195 seconds (31.81 k allocations: 40.127 MiB)
  1.765190 seconds (33.83 k allocations: 44.064 MiB)
1119
8616
  1.746149 seconds (39.80 k allocations: 50.201 MiB)
4122
  1.752623 seconds (27.95 k allocations: 35.488 MiB)
2618
  3.446252 seconds (26.78 k allocations: 33.775 MiB, 0.53% gc time)
  3.434973 seconds (10.93 k allocations: 13.757 MiB, 0.53% gc time)
  3.449968 seconds (29.33 k allocations: 37.598 MiB, 0.53% gc time)
  3.433892 seconds (11.14 k allocations: 14.053 MiB, 0.53% gc time)
  1.761126 seconds (3.25 k allocations: 4.154 MiB, 1.03% gc time)
7118
1120
5618
8617
4123
  1.752754 seconds (35.31 k allocations: 42.293 MiB)
2619
  1.757436 seconds (9.13 k allocations: 12.444 MiB)
4124
  1.865224 seconds (21.41 k allocations: 29.347 MiB)
  1.866402 seconds (18.55 k allocations: 25.863 MiB)
7119
1121
  1.879260 seconds (31.73 k allocations: 40.043 MiB)
5619
  1.904071 seconds (39.72 k allocations: 50.117 MiB)
8618
  1.758225 seconds (39.72 k allocations: 50.117 MiB)
2620
  1.752178 seconds (39.64 k allocations: 50.033 MiB)
4125
  1.760736 seconds (31.81 k allocations: 40.127 MiB)
  1.761756 seconds (32.19 k allocations: 41.163 MiB)
7120
1122
  1.764042 seconds (39.64 k allocations: 50.033 MiB)
5620
  1.773465 seconds (39.64 k allocations: 50.033 MiB)
8619
  1.751726 seconds (39.64 k allocations: 50.033 MiB)
2621
  1.746711 seconds (39.64 k allocations: 50.032 MiB)
4126
  1.758829 seconds (31.73 k allocations: 40.043 MiB)
  1.760264 seconds (32.11 k allocations: 41.079 MiB)
7121
1123
  1.759145 seconds (39.72 k allocations: 50.117 MiB)
5621
  1.770492 seconds (39.80 k allocations: 50.201 MiB)
8620
  1.759728 seconds (39.42 k allocations: 49.165 MiB)
2622
  1.995705 seconds (38.32 k allocations: 47.475 MiB, 1.29% gc time)
  1.864512 seconds (22.45 k allocations: 27.428 MiB, 1.38% gc time)
  1.864993 seconds (22.51 k allocations: 27.465 MiB, 1.38% gc time)
  1.842004 seconds (14.62 k allocations: 17.543 MiB, 1.39% gc time)
  1.792511 seconds (6.71 k allocations: 7.619 MiB, 1.43% gc time)
1124
7122
8621
5622
4127
  1.764414 seconds (36.98 k allocations: 43.986 MiB)
2623
  1.799995 seconds (8.86 k allocations: 13.398 MiB)
8622
  1.806436 seconds (15.82 k allocations: 19.980 MiB)
7123
  1.815151 seconds (23.82 k allocations: 30.054 MiB)
5623
  1.822265 seconds (26.17 k allocations: 34.365 MiB)
1125
  1.820002 seconds (28.89 k allocations: 36.613 MiB)
4128
  1.754789 seconds (39.72 k allocations: 50.117 MiB)
2624
  1.761994 seconds (31.73 k allocations: 40.043 MiB)
  1.746503 seconds (8.29 k allocations: 11.026 MiB)
7124
4129
  1.773832 seconds (42.09 k allocations: 53.305 MiB)
8623
  1.770382 seconds (32.41 k allocations: 41.958 MiB)
1126
  1.776411 seconds (39.48 k allocations: 51.105 MiB)
5624
  1.758173 seconds (39.80 k allocations: 50.201 MiB)
2625
  1.751532 seconds (24.84 k allocations: 32.331 MiB)
4130
  1.758892 seconds (31.19 k allocations: 39.499 MiB)
7125
  1.761975 seconds (38.38 k allocations: 47.533 MiB)
8624
  1.760743 seconds (34.42 k allocations: 44.018 MiB)
1127
  1.765063 seconds (39.36 k allocations: 48.530 MiB)
5625
  1.768256 seconds (39.80 k allocations: 50.201 MiB)
2626
  1.743557 seconds (36.17 k allocations: 45.803 MiB)
4131
  3.482330 seconds (32.89 k allocations: 41.233 MiB, 0.49% gc time)
  3.475584 seconds (26.80 k allocations: 33.774 MiB, 0.49% gc time)
  3.458078 seconds (18.50 k allocations: 22.784 MiB, 0.49% gc time)
  3.449658 seconds (10.95 k allocations: 13.808 MiB, 0.49% gc time)
  1.770676 seconds (3.12 k allocations: 3.906 MiB, 0.96% gc time)
7126
2627
1128
8625
5626
  1.760000 seconds (37.73 k allocations: 44.854 MiB)
4132
  1.758159 seconds (23.17 k allocations: 30.439 MiB)
2628
  1.879410 seconds (15.99 k allocations: 20.148 MiB)
  1.879500 seconds (16.37 k allocations: 21.184 MiB)
1129
5627
  1.886393 seconds (19.97 k allocations: 28.054 MiB)
7127
  1.904920 seconds (39.80 k allocations: 50.201 MiB)
8626
  1.759848 seconds (39.80 k allocations: 50.201 MiB)
4133
  1.759511 seconds (39.72 k allocations: 50.117 MiB)
2629
  1.755213 seconds (26.27 k allocations: 33.777 MiB)
  1.751703 seconds (23.94 k allocations: 30.200 MiB)
7128
  1.762686 seconds (33.29 k allocations: 42.272 MiB)
1130
5628
  1.760042 seconds (34.51 k allocations: 43.584 MiB)
8627
  1.741278 seconds (39.80 k allocations: 50.201 MiB)
4134
  1.752123 seconds (39.80 k allocations: 50.201 MiB)
2630
  1.753661 seconds (36.73 k allocations: 45.732 MiB)
7129
  1.756616 seconds (39.50 k allocations: 49.249 MiB)
1131
  1.761677 seconds (36.53 k allocations: 46.171 MiB)
5629
  1.773751 seconds (39.80 k allocations: 50.201 MiB)
8628
  1.743243 seconds (39.72 k allocations: 50.117 MiB)
4135
  1.960565 seconds (38.15 k allocations: 47.291 MiB, 1.07% gc time)
  1.838467 seconds (30.17 k allocations: 37.092 MiB, 1.14% gc time)
  1.827772 seconds (22.41 k allocations: 27.357 MiB, 1.14% gc time)
  1.802670 seconds (14.57 k allocations: 17.544 MiB, 1.16% gc time)
  1.783057 seconds (6.75 k allocations: 7.749 MiB, 1.17% gc time)
1132
7130
8629
2631
5630
  1.758788 seconds (8.53 k allocations: 13.594 MiB)
8630
  1.770755 seconds (38.08 k allocations: 45.811 MiB)
4136
  1.782866 seconds (15.99 k allocations: 20.148 MiB)
  1.785150 seconds (17.48 k allocations: 24.536 MiB)
7131
1133
  1.787644 seconds (29.24 k allocations: 35.060 MiB)
2632
  1.798080 seconds (39.88 k allocations: 50.285 MiB)
5631
  1.757552 seconds (31.89 k allocations: 40.211 MiB)
4137
  1.766849 seconds (36.67 k allocations: 47.004 MiB)
8631
  1.754112 seconds (30.79 k allocations: 38.393 MiB)
7132
  1.756827 seconds (31.81 k allocations: 40.127 MiB)
  1.766621 seconds (37.74 k allocations: 48.036 MiB)
2633
1134
  1.774077 seconds (39.72 k allocations: 50.117 MiB)
5632
  1.746081 seconds (39.42 k allocations: 49.165 MiB)
4138
  1.763845 seconds (39.72 k allocations: 50.117 MiB)
8632
  1.755376 seconds (34.75 k allocations: 43.153 MiB)
7133
  1.757101 seconds (31.81 k allocations: 40.127 MiB)
2634
  1.758313 seconds (33.14 k allocations: 42.189 MiB)
1135
  1.768021 seconds (39.64 k allocations: 50.033 MiB)
5633
  1.744843 seconds (39.64 k allocations: 50.033 MiB)
4139
  1.755380 seconds (31.73 k allocations: 40.043 MiB)
7134
  3.469438 seconds (20.00 k allocations: 26.182 MiB, 0.52% gc time)
  3.486301 seconds (37.39 k allocations: 47.729 MiB, 0.52% gc time)
  3.466937 seconds (19.07 k allocations: 23.944 MiB, 0.52% gc time)
  3.431641 seconds (11.26 k allocations: 14.074 MiB, 0.52% gc time)
  1.758156 seconds (3.35 k allocations: 4.134 MiB, 1.02% gc time)
4140
8633
1136
2635
5634
  1.759623 seconds (22.71 k allocations: 28.052 MiB)
4141
  1.768143 seconds (36.71 k allocations: 44.426 MiB)
7135
  1.883006 seconds (15.99 k allocations: 20.148 MiB)
1137
  1.928263 seconds (23.90 k allocations: 30.138 MiB)
2636
  1.938246 seconds (31.81 k allocations: 40.127 MiB)
8634
  1.938727 seconds (33.00 k allocations: 42.045 MiB)
5635
  1.744017 seconds (35.55 k allocations: 45.166 MiB)
4142
  1.755563 seconds (39.80 k allocations: 50.201 MiB)
7136
  1.758216 seconds (39.80 k allocations: 50.201 MiB)
1138
  1.754517 seconds (39.50 k allocations: 49.249 MiB)
2637
  1.764778 seconds (31.81 k allocations: 40.127 MiB)
5636
  1.774451 seconds (39.59 k allocations: 50.002 MiB)
8635
  1.755814 seconds (39.72 k allocations: 50.117 MiB)
4143
  1.766095 seconds (39.80 k allocations: 50.201 MiB)
7137
  1.769488 seconds (39.72 k allocations: 50.117 MiB)
1139
  1.762088 seconds (39.80 k allocations: 50.201 MiB)
2638
  1.778809 seconds (37.92 k allocations: 47.586 MiB)
5637
  1.785273 seconds (39.88 k allocations: 50.285 MiB)
8636
  1.757380 seconds (39.88 k allocations: 50.285 MiB)
4144
  1.881428 seconds (26.70 k allocations: 33.681 MiB, 0.86% gc time)
  2.024031 seconds (34.68 k allocations: 43.753 MiB, 0.80% gc time)
  1.810701 seconds (10.92 k allocations: 13.913 MiB, 0.89% gc time)
  1.848063 seconds (18.84 k allocations: 23.822 MiB, 0.87% gc time)
  1.799968 seconds (3.04 k allocations: 4.028 MiB, 0.89% gc time)
7138
1140
5638
8637
2639
  1.755371 seconds (31.34 k allocations: 38.195 MiB)
4145
  1.766658 seconds (11.10 k allocations: 16.922 MiB)
8638
  1.779139 seconds (15.82 k allocations: 19.980 MiB)
2640
  1.791772 seconds (23.88 k allocations: 31.344 MiB)
  1.789972 seconds (23.91 k allocations: 30.278 MiB)
7139
1141
  1.803489 seconds (39.72 k allocations: 50.117 MiB)
5639
  1.762168 seconds (39.72 k allocations: 50.117 MiB)
4146
  1.759997 seconds (39.80 k allocations: 50.201 MiB)
8639
  1.754698 seconds (38.56 k allocations: 46.410 MiB)
2641
  1.753137 seconds (29.69 k allocations: 36.736 MiB)
7140
  1.757721 seconds (35.41 k allocations: 44.505 MiB)
1142
  1.768150 seconds (39.80 k allocations: 50.201 MiB)
5640
  1.750453 seconds (39.72 k allocations: 50.117 MiB)
4147
  1.763746 seconds (39.34 k allocations: 49.081 MiB)
  1.756179 seconds (31.04 k allocations: 39.303 MiB)
8640
2642
  1.752772 seconds (24.14 k allocations: 31.089 MiB)
7141
  1.759479 seconds (39.64 k allocations: 50.033 MiB)
1143
  1.766322 seconds (39.64 k allocations: 50.033 MiB)
5641
  1.752627 seconds (39.64 k allocations: 50.033 MiB)
4148
  1.827201 seconds (23.80 k allocations: 30.034 MiB, 0.98% gc time)
  1.824153 seconds (22.10 k allocations: 27.069 MiB, 0.98% gc time)
  1.812547 seconds (14.24 k allocations: 17.114 MiB, 0.99% gc time)
  1.825853 seconds (22.27 k allocations: 27.261 MiB, 0.98% gc time)
  1.781182 seconds (6.55 k allocations: 7.486 MiB, 1.01% gc time)
1144
7142
8641
5642
2643
  1.783318 seconds (35.98 k allocations: 42.973 MiB)
4149
  1.782490 seconds (8.62 k allocations: 11.944 MiB)
5643
  1.800741 seconds (16.39 k allocations: 21.777 MiB)
  1.801232 seconds (16.79 k allocations: 22.836 MiB)
  1.801000 seconds (16.68 k allocations: 22.137 MiB)
7143
1145
8642
  1.802898 seconds (29.75 k allocations: 36.277 MiB)
2644
  1.763197 seconds (39.56 k allocations: 49.699 MiB)
4150
  1.765195 seconds (39.72 k allocations: 50.117 MiB)
5644
  1.751421 seconds (16.50 k allocations: 21.893 MiB)
7144
  1.758097 seconds (27.47 k allocations: 35.005 MiB)
1146
  1.761709 seconds (31.81 k allocations: 40.127 MiB)
  1.765890 seconds (34.49 k allocations: 44.740 MiB)
2645
8643
  1.756076 seconds (39.88 k allocations: 50.285 MiB)
4151
  1.756467 seconds (31.43 k allocations: 39.091 MiB)
  1.768746 seconds (34.02 k allocations: 44.256 MiB)
  1.767909 seconds (23.89 k allocations: 30.136 MiB)
  1.760824 seconds (9.07 k allocations: 13.099 MiB)
  1.765049 seconds (9.45 k allocations: 14.135 MiB)
7145
5645
1147
2646
8644
  1.746004 seconds (39.80 k allocations: 50.201 MiB)
4152
  1.765344 seconds (38.19 k allocations: 45.973 MiB)
7146
  3.448656 seconds (33.40 k allocations: 40.519 MiB, 0.53% gc time)
  3.408232 seconds (10.73 k allocations: 13.542 MiB, 0.54% gc time)
  3.409108 seconds (10.81 k allocations: 13.614 MiB, 0.54% gc time)
  1.759442 seconds (3.07 k allocations: 3.856 MiB, 1.04% gc time)
  3.406101 seconds (10.92 k allocations: 13.738 MiB, 0.54% gc time)
5646
2647
1148
8645
4153
  1.755304 seconds (31.62 k allocations: 38.439 MiB)
7147
  1.764957 seconds (12.19 k allocations: 19.253 MiB)
4154
  1.884382 seconds (15.91 k allocations: 20.064 MiB)
2648
  1.891900 seconds (21.60 k allocations: 26.570 MiB)
5647
  1.892110 seconds (24.82 k allocations: 31.778 MiB)
  1.892530 seconds (26.80 k allocations: 34.438 MiB)
1149
8646
  1.751506 seconds (39.72 k allocations: 50.117 MiB)
7148
  1.752029 seconds (39.80 k allocations: 50.201 MiB)
4155
  1.759511 seconds (36.84 k allocations: 45.845 MiB)
  1.756792 seconds (16.30 k allocations: 21.101 MiB)
2649
1150
  1.773265 seconds (31.81 k allocations: 40.127 MiB)
  1.777541 seconds (34.88 k allocations: 46.349 MiB)
8647
5648
  1.755477 seconds (39.64 k allocations: 50.033 MiB)
7149
  1.745405 seconds (35.30 k allocations: 44.390 MiB)
4156
  1.760193 seconds (31.81 k allocations: 40.127 MiB)
1151
  1.773702 seconds (39.72 k allocations: 50.117 MiB)
2650
  1.763188 seconds (28.17 k allocations: 36.412 MiB)
8648
  1.780264 seconds (39.88 k allocations: 50.285 MiB)
5649
  1.754844 seconds (37.00 k allocations: 46.648 MiB)
7150
  2.019399 seconds (37.91 k allocations: 47.051 MiB, 1.83% gc time)
  1.863092 seconds (30.05 k allocations: 37.099 MiB, 1.99% gc time)
  1.849244 seconds (17.53 k allocations: 21.742 MiB, 2.00% gc time)
  1.843552 seconds (14.27 k allocations: 17.239 MiB, 2.01% gc time)
  1.824669 seconds (6.46 k allocations: 7.367 MiB, 2.03% gc time)
1152
4157
8649
2651
5650
  1.758608 seconds (37.03 k allocations: 44.045 MiB)
7151
  1.793974 seconds (8.21 k allocations: 11.516 MiB)
4158
  1.790479 seconds (8.77 k allocations: 11.564 MiB)
5651
  1.797432 seconds (18.93 k allocations: 22.616 MiB)
2652
  1.813881 seconds (32.51 k allocations: 43.297 MiB)
  1.810937 seconds (32.19 k allocations: 41.163 MiB)
1153
8650
  1.753021 seconds (39.72 k allocations: 50.117 MiB)
7152
  1.745599 seconds (31.96 k allocations: 40.797 MiB)
4159
  1.756495 seconds (31.73 k allocations: 40.043 MiB)
2653
  1.765565 seconds (38.40 k allocations: 48.791 MiB)
5652
  1.762966 seconds (31.81 k allocations: 40.127 MiB)
8651
  1.766796 seconds (32.42 k allocations: 41.461 MiB)
1154
  1.756349 seconds (39.72 k allocations: 50.117 MiB)
7153
  1.747383 seconds (39.72 k allocations: 50.117 MiB)
4160
  1.755112 seconds (34.73 k allocations: 44.335 MiB)
2654
  1.771100 seconds (39.64 k allocations: 50.033 MiB)
5653
  1.762992 seconds (32.44 k allocations: 40.770 MiB)
8652
  1.768019 seconds (39.72 k allocations: 50.117 MiB)
1155
  1.750853 seconds (39.64 k allocations: 50.033 MiB)
7154
  1.740748 seconds (39.72 k allocations: 50.117 MiB)
4161
  3.466471 seconds (34.60 k allocations: 43.670 MiB, 0.48% gc time)
  3.448533 seconds (26.29 k allocations: 32.616 MiB, 0.48% gc time)
  3.440394 seconds (18.40 k allocations: 22.628 MiB, 0.48% gc time)
  1.764637 seconds (3.07 k allocations: 3.921 MiB, 0.94% gc time)
  3.428979 seconds (10.99 k allocations: 13.859 MiB, 0.48% gc time)
7155
2655
5654
8653
1156
  1.747238 seconds (30.41 k allocations: 37.230 MiB)
4162
  1.754336 seconds (31.34 k allocations: 38.841 MiB)
7156
  1.931699 seconds (23.60 k allocations: 29.186 MiB)
5655
  1.934620 seconds (25.73 k allocations: 31.998 MiB)
8654
  2.728428 seconds (39.42 k allocations: 49.165 MiB)
2656
  1.757777 seconds (31.73 k allocations: 40.043 MiB)
4163
  1.759382 seconds (18.83 k allocations: 24.275 MiB)
  1.758580 seconds (16.29 k allocations: 21.100 MiB)
  3.688797 seconds (48.47 k allocations: 62.262 MiB)
5656
8655
1157
  2.233169 seconds (55.54 k allocations: 70.096 MiB)
7157
  2.138738 seconds (39.72 k allocations: 50.117 MiB)
2657
  1.756559 seconds (17.13 k allocations: 22.541 MiB)
8656
  1.768093 seconds (26.49 k allocations: 34.012 MiB)
5657
  1.890702 seconds (31.89 k allocations: 40.211 MiB)
1158
  2.187830 seconds (31.89 k allocations: 40.211 MiB)
7158
  2.835620 seconds (71.61 k allocations: 90.327 MiB)
4164
  1.758557 seconds (31.38 k allocations: 39.057 MiB)
8657
  3.116055 seconds (26.78 k allocations: 33.780 MiB, 1.07% gc time)
  3.739808 seconds (42.82 k allocations: 53.961 MiB, 0.89% gc time)
  2.408648 seconds (11.05 k allocations: 13.875 MiB, 1.38% gc time)
  2.989421 seconds (19.01 k allocations: 23.909 MiB, 1.11% gc time)
  2.249212 seconds (5.12 k allocations: 8.435 MiB, 1.48% gc time)
2658
7159
5658
1159
4165
  1.761235 seconds (35.88 k allocations: 42.872 MiB)
8658
  1.789684 seconds (18.58 k allocations: 24.584 MiB)
  1.797825 seconds (16.14 k allocations: 21.522 MiB)
2659
7160
  1.881447 seconds (30.45 k allocations: 38.037 MiB)
5659
  2.688364 seconds (31.73 k allocations: 40.043 MiB)
4166
  2.927558 seconds (39.64 k allocations: 50.033 MiB)
1160
  1.755717 seconds (39.64 k allocations: 50.033 MiB)
8659
  1.757247 seconds (23.73 k allocations: 29.969 MiB)
5660
  1.973635 seconds (47.25 k allocations: 59.070 MiB)
2660
  1.845956 seconds (31.73 k allocations: 40.043 MiB)
4167
  3.285935 seconds (55.62 k allocations: 70.180 MiB)
7161
  1.757811 seconds (31.81 k allocations: 40.127 MiB)
8660
  1.770618 seconds (31.73 k allocations: 40.043 MiB)
5661
  2.563016 seconds (55.62 k allocations: 70.180 MiB)
1161
  1.865460 seconds (39.72 k allocations: 50.117 MiB)
2661
  1.757120 seconds (23.82 k allocations: 30.053 MiB)
8661
  3.058830 seconds (38.41 k allocations: 47.562 MiB, 0.57% gc time)
  2.745815 seconds (22.57 k allocations: 27.534 MiB, 0.63% gc time)
  2.645572 seconds (14.73 k allocations: 17.648 MiB, 0.66% gc time)
  3.585752 seconds (46.55 k allocations: 57.813 MiB, 0.48% gc time)
  2.496464 seconds (8.95 k allocations: 12.291 MiB, 0.70% gc time)
7162
5662
4168
1162
2662
  1.759138 seconds (37.33 k allocations: 44.391 MiB)
8662
  1.871628 seconds (10.87 k allocations: 14.241 MiB)
  1.874303 seconds (13.72 k allocations: 17.782 MiB)
  1.884857 seconds (16.35 k allocations: 22.389 MiB)
1163
5663
7163
  2.695862 seconds (31.89 k allocations: 40.211 MiB)
2663
  2.962680 seconds (53.52 k allocations: 69.137 MiB)
4169
  1.770560 seconds (39.88 k allocations: 50.285 MiB)
8663
  1.760304 seconds (31.51 k allocations: 39.175 MiB)
5664
  1.911104 seconds (39.50 k allocations: 49.249 MiB)
1164
  1.874049 seconds (31.81 k allocations: 40.127 MiB)
  2.701431 seconds (40.18 k allocations: 51.236 MiB)
2664
7164
  1.756586 seconds (31.81 k allocations: 40.127 MiB)
8664
  1.772632 seconds (31.81 k allocations: 40.127 MiB)
5665
  2.592000 seconds (55.70 k allocations: 70.264 MiB)
4170
  2.137919 seconds (39.80 k allocations: 50.201 MiB)
1165
  2.226362 seconds (31.81 k allocations: 40.127 MiB)
7165
  1.757841 seconds (31.73 k allocations: 40.043 MiB)
8665
  1.764476 seconds (31.73 k allocations: 40.043 MiB)
5666
  4.339415 seconds (58.04 k allocations: 72.694 MiB, 0.44% gc time)
  3.377603 seconds (26.68 k allocations: 33.652 MiB, 0.57% gc time)
  2.965911 seconds (18.82 k allocations: 23.699 MiB, 0.65% gc time)
  1.883356 seconds (3.10 k allocations: 3.854 MiB, 1.02% gc time)
  2.079605 seconds (11.11 k allocations: 14.033 MiB, 0.92% gc time)
1166
8666
2665
7166
4171
  1.767189 seconds (33.04 k allocations: 39.922 MiB)
  1.761392 seconds (15.61 k allocations: 20.870 MiB)
5667
8667
  1.797540 seconds (16.89 k allocations: 23.519 MiB)
1167
  1.801492 seconds (21.95 k allocations: 26.932 MiB)
2666
  1.863331 seconds (31.73 k allocations: 40.043 MiB)
4172
  1.890758 seconds (39.64 k allocations: 50.033 MiB)
7167
  1.772369 seconds (31.73 k allocations: 40.043 MiB)
5668
  1.777313 seconds (37.39 k allocations: 46.524 MiB)
8668
  1.753771 seconds (31.81 k allocations: 40.127 MiB)
2667
  1.772542 seconds (45.77 k allocations: 57.517 MiB)
1168
  1.759184 seconds (39.80 k allocations: 50.201 MiB)
4173
  1.760513 seconds (39.88 k allocations: 50.285 MiB)
7168
  1.763857 seconds (37.93 k allocations: 47.600 MiB)
5669
  1.763298 seconds (37.00 k allocations: 46.122 MiB)
8669
  1.756851 seconds (39.64 k allocations: 50.033 MiB)
2668
  1.755334 seconds (39.64 k allocations: 50.033 MiB)
1169
  1.746052 seconds (39.64 k allocations: 50.033 MiB)
4174
  1.767005 seconds (39.72 k allocations: 50.117 MiB)
7169
  1.755258 seconds (31.89 k allocations: 40.211 MiB)
  1.762613 seconds (37.66 k allocations: 47.498 MiB)
8670
5670
  1.891441 seconds (27.82 k allocations: 35.542 MiB, 0.84% gc time)
  1.880420 seconds (19.89 k allocations: 25.509 MiB, 0.85% gc time)
  1.826850 seconds (11.99 k allocations: 15.504 MiB, 0.87% gc time)
  1.784861 seconds (4.12 k allocations: 5.560 MiB, 0.89% gc time)
1170
7170
4175
2669
  1.759039 seconds (27.29 k allocations: 34.000 MiB)
8671
  1.766900 seconds (14.11 k allocations: 19.982 MiB)
7171
  1.770743 seconds (15.82 k allocations: 19.980 MiB)
  1.774502 seconds (16.21 k allocations: 21.016 MiB)
2670
4176
  1.794825 seconds (31.92 k allocations: 41.452 MiB)
1171
  1.800326 seconds (36.37 k allocations: 47.929 MiB)
5671
  1.752775 seconds (39.72 k allocations: 50.117 MiB)
8672
  1.742230 seconds (23.81 k allocations: 30.053 MiB)
4177
  1.773394 seconds (47.71 k allocations: 60.190 MiB)
7172
  1.766362 seconds (33.59 k allocations: 42.651 MiB)
2671
  1.755467 seconds (33.79 k allocations: 43.370 MiB)
1172
  1.761844 seconds (39.72 k allocations: 50.117 MiB)
5672
  1.755548 seconds (39.34 k allocations: 49.081 MiB)
8673
  1.749459 seconds (32.22 k allocations: 41.236 MiB)
4178
  1.756005 seconds (32.77 k allocations: 42.335 MiB)
7173
  1.756751 seconds (31.64 k allocations: 39.959 MiB)
1173
  1.776505 seconds (47.55 k allocations: 60.022 MiB)
2672
  1.759526 seconds (33.08 k allocations: 42.121 MiB)
5673
  1.743453 seconds (31.81 k allocations: 40.127 MiB)
4179
  1.840556 seconds (34.82 k allocations: 45.112 MiB, 0.93% gc time)
  1.799101 seconds (18.73 k allocations: 23.288 MiB, 0.95% gc time)
  1.811934 seconds (26.88 k allocations: 33.854 MiB, 0.95% gc time)
  1.788818 seconds (3.57 k allocations: 5.624 MiB, 0.96% gc time)
  1.786733 seconds (3.20 k allocations: 4.086 MiB, 0.96% gc time)
8674
5674
1174
2673
7174
  1.748949 seconds (37.51 k allocations: 44.588 MiB)
4180
  1.759960 seconds (18.44 k allocations: 25.622 MiB)
5675
  1.774935 seconds (16.19 k allocations: 21.575 MiB)
  1.772081 seconds (15.97 k allocations: 20.369 MiB)
2674
7175
  1.799406 seconds (31.65 k allocations: 39.959 MiB)
1175
  1.803887 seconds (35.48 k allocations: 44.568 MiB)
8675
  1.764158 seconds (39.64 k allocations: 50.033 MiB)
4181
  1.777566 seconds (39.64 k allocations: 50.033 MiB)
5676
  1.768110 seconds (31.81 k allocations: 40.127 MiB)
2675
  1.757410 seconds (27.55 k allocations: 35.086 MiB)
  1.753142 seconds (24.28 k allocations: 31.173 MiB)
1176
8676
  1.787291 seconds (44.78 k allocations: 56.683 MiB)
7176
  1.741165 seconds (39.80 k allocations: 50.201 MiB)
4182
  1.758261 seconds (39.34 k allocations: 49.081 MiB)
5677
  1.753008 seconds (33.79 k allocations: 42.850 MiB)
2676
  1.763943 seconds (23.90 k allocations: 30.137 MiB)
  1.767714 seconds (26.13 k allocations: 33.760 MiB)
  1.767974 seconds (25.20 k allocations: 33.991 MiB)
7177
1177
8677
  1.755462 seconds (39.80 k allocations: 50.201 MiB)
4183
  1.813371 seconds (30.49 k allocations: 37.555 MiB, 1.06% gc time)
  1.817347 seconds (33.26 k allocations: 41.598 MiB, 1.06% gc time)
  1.775642 seconds (6.72 k allocations: 7.508 MiB, 1.09% gc time)
  1.780302 seconds (10.22 k allocations: 13.558 MiB, 1.08% gc time)
  1.776732 seconds (6.92 k allocations: 7.855 MiB, 1.09% gc time)
5678
8678
2677
1178
7178
  1.758304 seconds (2 allocations: 816 bytes)
  1.765473 seconds (8.68 k allocations: 11.866 MiB)
  1.776919 seconds (37.87 k allocations: 46.258 MiB)
7179
1179
  1.771084 seconds (14.47 k allocations: 20.405 MiB)
4184
8679
  1.786661 seconds (35.08 k allocations: 45.908 MiB)
5679
  1.811013 seconds (39.88 k allocations: 50.284 MiB)
2678
  1.751326 seconds (19.65 k allocations: 27.552 MiB)
7180
  1.758858 seconds (24.28 k allocations: 31.754 MiB)
1180
  1.767783 seconds (31.97 k allocations: 40.295 MiB)
4185
  1.771802 seconds (36.56 k allocations: 45.670 MiB)
8680
  1.761138 seconds (39.96 k allocations: 50.369 MiB)
5680
  1.753949 seconds (39.96 k allocations: 50.369 MiB)
2679
  1.765745 seconds (39.58 k allocations: 49.333 MiB)
  1.758593 seconds (32.30 k allocations: 41.234 MiB)
7181
1181
  1.756996 seconds (34.74 k allocations: 41.896 MiB)
4186
  1.774527 seconds (39.58 k allocations: 49.333 MiB)
8681
  1.766962 seconds (32.51 k allocations: 41.538 MiB)
5681
  1.760236 seconds (39.88 k allocations: 50.285 MiB)
2680
  1.743562 seconds (23.82 k allocations: 30.053 MiB)
  1.753666 seconds (31.80 k allocations: 40.126 MiB)
4187
7182
  1.821176 seconds (38.07 k allocations: 47.219 MiB, 0.89% gc time)
  1.790730 seconds (16.52 k allocations: 20.171 MiB, 0.90% gc time)
  1.789392 seconds (16.60 k allocations: 20.274 MiB, 0.90% gc time)
  1.769810 seconds (8.81 k allocations: 10.442 MiB, 0.91% gc time)
1182
2681
5682
8682
  1.754139 seconds (11.08 k allocations: 15.035 MiB)
2682
  1.774685 seconds (15.51 k allocations: 19.027 MiB)
  1.775700 seconds (15.89 k allocations: 20.063 MiB)
1183
5683
  2.167178 seconds (23.90 k allocations: 30.137 MiB)
8683
  2.476797 seconds (56.30 k allocations: 70.050 MiB)
7183
  2.770027 seconds (62.64 k allocations: 78.442 MiB)
4188
  1.754098 seconds (39.72 k allocations: 50.117 MiB)
2683
  1.767954 seconds (31.73 k allocations: 40.043 MiB)
5684
  1.960094 seconds (41.11 k allocations: 52.769 MiB)
1184
  2.055023 seconds (39.64 k allocations: 50.033 MiB)
8684
  2.269456 seconds (31.64 k allocations: 39.959 MiB)
4189
  1.754946 seconds (31.73 k allocations: 40.043 MiB)
2684
  1.763537 seconds (31.73 k allocations: 40.043 MiB)
5685
  2.001106 seconds (31.73 k allocations: 40.043 MiB)
1185
  3.408129 seconds (71.36 k allocations: 90.075 MiB)
7184
  2.149041 seconds (39.72 k allocations: 50.117 MiB)
8685
  1.752977 seconds (31.81 k allocations: 40.127 MiB)
2685
  3.311263 seconds (26.86 k allocations: 33.862 MiB, 1.82% gc time)
  3.591594 seconds (42.72 k allocations: 53.873 MiB, 1.68% gc time)
  2.861844 seconds (19.14 k allocations: 24.049 MiB, 2.11% gc time)
  2.744699 seconds (11.11 k allocations: 13.942 MiB, 2.20% gc time)
  2.225520 seconds (5.39 k allocations: 8.813 MiB, 2.71% gc time)
1186
7185
4190
5686
8686
  1.749955 seconds (34.39 k allocations: 41.300 MiB)
2686
  1.794098 seconds (13.82 k allocations: 19.682 MiB)
4191
  1.882427 seconds (16.69 k allocations: 22.082 MiB)
5687
  2.216550 seconds (23.73 k allocations: 29.969 MiB)
1187
  2.332129 seconds (35.69 k allocations: 47.745 MiB)
7186
  1.751373 seconds (31.64 k allocations: 39.959 MiB)
2687
  3.536505 seconds (47.47 k allocations: 59.938 MiB)
8687
  1.757264 seconds (31.64 k allocations: 39.959 MiB)
5688
  1.956218 seconds (47.47 k allocations: 59.938 MiB)
4192
  1.803031 seconds (39.56 k allocations: 49.949 MiB)
1188
  2.585766 seconds (39.56 k allocations: 49.949 MiB)
7187
  1.759738 seconds (39.64 k allocations: 50.033 MiB)
2688
  1.760117 seconds (31.81 k allocations: 40.127 MiB)
5689
  2.206826 seconds (47.71 k allocations: 60.190 MiB)
8688
  2.420438 seconds (39.88 k allocations: 50.285 MiB)
4193
  2.636568 seconds (39.88 k allocations: 50.285 MiB)
1189
  1.950967 seconds (39.80 k allocations: 50.201 MiB)
7188
  1.761862 seconds (39.72 k allocations: 50.117 MiB)
2689
  3.802943 seconds (38.24 k allocations: 47.382 MiB, 0.48% gc time)
  3.436956 seconds (30.30 k allocations: 37.344 MiB, 0.53% gc time)
  3.018205 seconds (22.45 k allocations: 27.394 MiB, 0.60% gc time)
  2.518548 seconds (14.62 k allocations: 17.510 MiB, 0.72% gc time)
  2.333747 seconds (8.75 k allocations: 12.084 MiB, 0.78% gc time)
8689
1190
5690
4194
7189
  1.754328 seconds (36.93 k allocations: 43.982 MiB)
2690
  1.763658 seconds (29.14 k allocations: 36.582 MiB)
8690
  1.790162 seconds (20.27 k allocations: 24.513 MiB)
1191
  1.954675 seconds (30.34 k allocations: 37.933 MiB)
5691
  2.702010 seconds (31.73 k allocations: 40.043 MiB)
7190
  3.203513 seconds (39.64 k allocations: 50.033 MiB)
4195
  1.758269 seconds (39.64 k allocations: 50.033 MiB)
2691
  1.763904 seconds (31.81 k allocations: 40.127 MiB)
8691
  1.778101 seconds (31.89 k allocations: 40.211 MiB)
5692
  2.468718 seconds (47.79 k allocations: 60.274 MiB)
1192
  2.164030 seconds (39.88 k allocations: 50.285 MiB)
7191
  1.758922 seconds (31.89 k allocations: 40.211 MiB)
2692
  2.268334 seconds (47.79 k allocations: 60.274 MiB)
4196
  1.772437 seconds (31.73 k allocations: 40.043 MiB)
5693
  2.702258 seconds (47.63 k allocations: 60.106 MiB)
8692
  2.065456 seconds (39.64 k allocations: 50.033 MiB)
1193
  1.754188 seconds (31.64 k allocations: 39.959 MiB)
2693
  1.761896 seconds (23.73 k allocations: 29.969 MiB)
5694
  3.938742 seconds (50.43 k allocations: 63.664 MiB, 1.85% gc time)  3.349016 seconds (34.30 k allocations: 42.692 MiB, 2.17% gc time)

  2.538078 seconds (18.80 k allocations: 23.712 MiB, 2.87% gc time)
  2.504810 seconds (12.65 k allocations: 17.242 MiB, 2.90% gc time)
  1.823999 seconds (4.82 k allocations: 7.361 MiB, 3.99% gc time)
7192
8693
4197
2694
1194
  1.761479 seconds (33.52 k allocations: 40.463 MiB)
5695
  1.775253 seconds (16.97 k allocations: 21.732 MiB)
4198
  1.796438 seconds (20.89 k allocations: 26.371 MiB)
2695
  1.870032 seconds (40.22 k allocations: 50.495 MiB)
8694
  2.643638 seconds (31.97 k allocations: 40.295 MiB)
1195
  1.774009 seconds (31.89 k allocations: 40.211 MiB)
5696
  3.567729 seconds (66.47 k allocations: 83.041 MiB)
  1.781877 seconds (32.27 k allocations: 41.247 MiB)
  1.758053 seconds (24.66 k allocations: 32.209 MiB)
7193
4199
2696
  2.147272 seconds (39.72 k allocations: 50.117 MiB)
8695
  2.427076 seconds (39.72 k allocations: 50.117 MiB)
1196
  1.771586 seconds (39.64 k allocations: 50.033 MiB)
5697
  1.758385 seconds (25.18 k allocations: 33.889 MiB)
  1.755846 seconds (23.93 k allocations: 30.332 MiB)
7194
2697
  2.292892 seconds (31.81 k allocations: 40.127 MiB)
8696
  2.857678 seconds (47.71 k allocations: 60.190 MiB)
4200
  1.765883 seconds (31.89 k allocations: 40.211 MiB)
5698
  3.477801 seconds (22.34 k allocations: 27.318 MiB, 2.06% gc time)
  3.711211 seconds (46.29 k allocations: 57.504 MiB, 1.93% gc time)
  3.480557 seconds (22.99 k allocations: 29.182 MiB, 2.06% gc time)
  2.484750 seconds (14.60 k allocations: 17.537 MiB, 2.89% gc time)
  2.377649 seconds (8.44 k allocations: 11.711 MiB, 3.02% gc time)
2698
8697
1197
7195
4201
  1.760823 seconds (37.03 k allocations: 44.092 MiB)
5699
  1.767106 seconds (29.09 k allocations: 36.548 MiB)
2699
  1.881847 seconds (22.72 k allocations: 29.457 MiB)
8698
  2.016260 seconds (30.87 k allocations: 39.698 MiB)
1198
  2.525496 seconds (31.73 k allocations: 40.043 MiB)
7196
  3.355792 seconds (39.72 k allocations: 50.117 MiB)
4202
  1.768311 seconds (39.72 k allocations: 50.117 MiB)
5700
  1.758304 seconds (34.08 k allocations: 43.150 MiB)
2700
  2.204175 seconds (39.72 k allocations: 50.117 MiB)
8699
  2.223016 seconds (39.72 k allocations: 50.117 MiB)
1199
  2.181235 seconds (39.72 k allocations: 50.117 MiB)
7197
  1.768052 seconds (39.72 k allocations: 50.117 MiB)
4203
  1.781859 seconds (34.16 k allocations: 43.747 MiB)
5701
  2.007729 seconds (39.64 k allocations: 50.033 MiB)
2701
  1.766510 seconds (39.64 k allocations: 50.033 MiB)
8700
  1.761795 seconds (39.56 k allocations: 49.949 MiB)
1200
  1.757208 seconds (39.64 k allocations: 50.033 MiB)
7198
  1.744690 seconds (39.72 k allocations: 50.117 MiB)
4204
  1.770120 seconds (39.72 k allocations: 50.117 MiB)
5702
  1.759984 seconds (39.80 k allocations: 50.201 MiB)
2702
  2.397740 seconds (18.88 k allocations: 23.774 MiB, 2.50% gc time)
  2.888651 seconds (26.83 k allocations: 33.822 MiB, 2.08% gc time)  1.981306 seconds (11.05 k allocations: 13.835 MiB, 3.03% gc time)
  3.036046 seconds (34.76 k allocations: 43.846 MiB, 1.98% gc time)
  1.819425 seconds (3.14 k allocations: 3.839 MiB, 3.30% gc time)

7199
5703
8701
1201
4205
  1.755363 seconds (32.82 k allocations: 39.630 MiB)
2703
  1.794702 seconds (7.99 k allocations: 10.074 MiB)
  1.801733 seconds (8.62 k allocations: 12.588 MiB)
4206
5704
  1.865578 seconds (23.90 k allocations: 30.138 MiB)
1202
  1.873659 seconds (26.87 k allocations: 35.092 MiB)
7200
  1.876189 seconds (35.99 k allocations: 45.098 MiB)
8702
  1.755381 seconds (39.80 k allocations: 50.201 MiB)
2704
  1.742000 seconds (31.89 k allocations: 40.211 MiB)
4207
  1.763986 seconds (39.80 k allocations: 50.201 MiB)
5705
  1.755113 seconds (33.16 k allocations: 42.096 MiB)
  1.761171 seconds (28.35 k allocations: 36.554 MiB)
1203
7201
  1.770658 seconds (27.75 k allocations: 35.467 MiB)
8703
  1.759136 seconds (39.80 k allocations: 50.201 MiB)
2705
  1.752709 seconds (39.80 k allocations: 50.201 MiB)
4208
  1.768680 seconds (39.88 k allocations: 50.285 MiB)
5706
  1.753814 seconds (28.12 k allocations: 35.671 MiB)
7202
  1.757133 seconds (30.37 k allocations: 38.657 MiB)
1204
  1.770177 seconds (39.64 k allocations: 50.033 MiB)
8704
  1.765801 seconds (39.64 k allocations: 50.033 MiB)
2706
  1.921612 seconds (37.99 k allocations: 47.129 MiB, 0.94% gc time)
  1.883406 seconds (30.14 k allocations: 37.172 MiB, 0.96% gc time)
  1.819125 seconds (14.36 k allocations: 17.236 MiB, 1.00% gc time)
  1.817594 seconds (14.44 k allocations: 17.308 MiB, 1.00% gc time)
  1.794700 seconds (6.65 k allocations: 7.545 MiB, 1.01% gc time)
5707
7203
8705
1205
4209
  1.760282 seconds (37.02 k allocations: 44.076 MiB)
2707
  1.769599 seconds (17.77 k allocations: 24.936 MiB)
8706
  1.781242 seconds (15.90 k allocations: 20.064 MiB)
1206
  1.787991 seconds (20.85 k allocations: 27.022 MiB)
7204
  1.791760 seconds (30.93 k allocations: 38.003 MiB)
4210
  1.803270 seconds (37.92 k allocations: 49.526 MiB)
5708
  1.771074 seconds (39.72 k allocations: 50.117 MiB)
2708
  1.741437 seconds (12.76 k allocations: 16.161 MiB)
4211
  1.756562 seconds (29.32 k allocations: 37.594 MiB)
1207
  1.754714 seconds (29.34 k allocations: 36.393 MiB)
7205
  1.783866 seconds (58.02 k allocations: 72.106 MiB)
8707
  1.780441 seconds (39.64 k allocations: 50.033 MiB)
5709
  1.743477 seconds (22.14 k allocations: 28.864 MiB)
  1.766508 seconds (40.10 k allocations: 51.152 MiB)
4212
2709
  1.754714 seconds (28.22 k allocations: 35.775 MiB)
7206
  1.760486 seconds (31.99 k allocations: 41.465 MiB)
1208
  1.770937 seconds (39.72 k allocations: 50.117 MiB)
8708
  1.771034 seconds (39.64 k allocations: 50.033 MiB)
5710
  1.741568 seconds (31.81 k allocations: 40.127 MiB)
4213
  1.843146 seconds (20.13 k allocations: 26.298 MiB, 0.90% gc time)
  1.859310 seconds (34.78 k allocations: 43.837 MiB, 0.90% gc time)
  1.840487 seconds (18.92 k allocations: 23.818 MiB, 0.90% gc time)
  1.818550 seconds (11.11 k allocations: 13.966 MiB, 0.92% gc time)
  1.787922 seconds (3.19 k allocations: 4.026 MiB, 0.93% gc time)
1209
5711
2710
8709
7207
  1.775106 seconds (35.06 k allocations: 42.081 MiB)
4214
  1.777333 seconds (10.71 k allocations: 16.519 MiB)
  1.783711 seconds (8.38 k allocations: 11.110 MiB)
  1.798036 seconds (19.10 k allocations: 27.591 MiB)
  1.799457 seconds (9.14 k allocations: 13.182 MiB)
  1.801727 seconds (9.52 k allocations: 14.217 MiB)
5712
7208
1210
2711
8710
  1.757894 seconds (39.64 k allocations: 50.033 MiB)
4215
  1.762859 seconds (7.91 k allocations: 9.990 MiB)
  1.769322 seconds (13.13 k allocations: 20.871 MiB)
8711
2712
  1.771208 seconds (21.84 k allocations: 25.583 MiB)
7209
  1.782700 seconds (31.73 k allocations: 40.043 MiB)
1211
  1.789739 seconds (35.17 k allocations: 44.243 MiB)
5713
  1.745025 seconds (39.72 k allocations: 50.117 MiB)
4216
  1.756797 seconds (30.65 k allocations: 38.246 MiB)
2713
  1.761841 seconds (33.22 k allocations: 41.570 MiB)
  1.755636 seconds (28.50 k allocations: 35.497 MiB)
8712
7210
  1.758751 seconds (34.13 k allocations: 43.728 MiB)
1212
  1.766181 seconds (39.64 k allocations: 50.032 MiB)
5714
  1.758089 seconds (15.90 k allocations: 20.064 MiB)
7211
  1.769293 seconds (25.85 k allocations: 33.349 MiB)
  1.946823 seconds (19.21 k allocations: 24.670 MiB, 1.23% gc time)
  1.929545 seconds (10.97 k allocations: 13.724 MiB, 1.24% gc time)
  1.919532 seconds (3.46 k allocations: 4.792 MiB, 1.24% gc time)
  2.042231 seconds (43.27 k allocations: 55.049 MiB, 1.17% gc time)
2714
1213
5715
8713
4217
  1.752463 seconds (33.39 k allocations: 40.265 MiB)
7212
  1.768597 seconds (8.72 k allocations: 13.255 MiB)
  1.768695 seconds (8.30 k allocations: 11.026 MiB)
4218
2715
  1.784563 seconds (23.82 k allocations: 30.053 MiB)
8714
  1.788446 seconds (24.45 k allocations: 31.390 MiB)
1214
  1.794217 seconds (38.82 k allocations: 47.984 MiB)
5716
  1.755665 seconds (39.80 k allocations: 50.201 MiB)
7213
  1.741808 seconds (31.97 k allocations: 41.519 MiB)
4219
  1.756788 seconds (39.88 k allocations: 50.285 MiB)
2716
  1.757159 seconds (30.45 k allocations: 38.042 MiB)
1215
  1.769618 seconds (39.42 k allocations: 49.165 MiB)
  1.763532 seconds (32.27 k allocations: 41.247 MiB)
8715
5717
  1.755717 seconds (39.80 k allocations: 50.201 MiB)
7214
  1.747008 seconds (36.66 k allocations: 45.779 MiB)
4220
  1.759585 seconds (39.80 k allocations: 50.201 MiB)
2717
  1.756162 seconds (39.72 k allocations: 50.117 MiB)
1216
  1.762353 seconds (31.81 k allocations: 40.127 MiB)
8716
  1.766240 seconds (35.04 k allocations: 44.123 MiB)
5718
  1.758998 seconds (37.72 k allocations: 47.381 MiB)
  1.751865 seconds (32.12 k allocations: 41.080 MiB)
7215
4221
  1.821221 seconds (32.48 k allocations: 40.283 MiB, 0.99% gc time)
  1.803300 seconds (24.52 k allocations: 30.248 MiB, 1.00% gc time)
  1.782567 seconds (9.86 k allocations: 12.626 MiB, 1.01% gc time)
  1.779877 seconds (8.93 k allocations: 10.482 MiB, 1.01% gc time)
1217
5719
8717
2718
  1.745967 seconds (20.75 k allocations: 26.109 MiB)
4222
  1.767271 seconds (18.14 k allocations: 24.088 MiB)
5720
  1.786635 seconds (17.05 k allocations: 22.457 MiB)
  1.783840 seconds (16.29 k allocations: 21.100 MiB)
  1.789791 seconds (18.81 k allocations: 25.250 MiB)
8718
2719
1218
  1.809265 seconds (58.85 k allocations: 72.122 MiB)
7216
  1.762438 seconds (39.64 k allocations: 50.033 MiB)
4223
  1.760232 seconds (39.64 k allocations: 50.033 MiB)
5721
  1.757649 seconds (25.61 k allocations: 34.290 MiB)
8719
  1.757043 seconds (21.90 k allocations: 28.100 MiB)
1219
  1.765479 seconds (36.18 k allocations: 44.590 MiB)
2720
  1.762127 seconds (34.29 k allocations: 43.360 MiB)
7217
  1.748008 seconds (39.80 k allocations: 50.201 MiB)
4224
  1.767840 seconds (39.72 k allocations: 50.117 MiB)
5722
  1.763234 seconds (33.01 k allocations: 41.927 MiB)
8720
  1.762840 seconds (30.02 k allocations: 37.658 MiB)
1220
  1.760582 seconds (32.87 k allocations: 40.050 MiB)
2721
  1.770261 seconds (39.80 k allocations: 50.201 MiB)
7218
  1.761658 seconds (31.81 k allocations: 40.127 MiB)
5723
  1.931501 seconds (13.92 k allocations: 18.047 MiB, 1.21% gc time)
  1.925765 seconds (10.69 k allocations: 13.508 MiB, 1.22% gc time)
  1.936113 seconds (20.84 k allocations: 26.290 MiB, 1.21% gc time)
  1.895958 seconds (2.95 k allocations: 3.731 MiB, 1.23% gc time)
  2.000272 seconds (42.84 k allocations: 54.076 MiB, 1.17% gc time)
1221
2722
8721
7219
4225
  1.763299 seconds (33.15 k allocations: 39.977 MiB)
5724
  1.757642 seconds (5.51 k allocations: 9.992 MiB)
4226
  1.796058 seconds (15.82 k allocations: 19.980 MiB)
2723
  1.800040 seconds (17.33 k allocations: 22.213 MiB)
  1.798242 seconds (18.39 k allocations: 23.945 MiB)
  1.797835 seconds (19.59 k allocations: 25.802 MiB)
1222
8722
7220
  1.740748 seconds (31.64 k allocations: 39.959 MiB)
4227
  1.758761 seconds (41.47 k allocations: 53.128 MiB)
5725
  1.751787 seconds (24.71 k allocations: 32.719 MiB)
2724
  1.752117 seconds (20.76 k allocations: 25.723 MiB)
7221
  1.756997 seconds (26.07 k allocations: 33.049 MiB)
  1.758653 seconds (26.85 k allocations: 35.289 MiB)
8723
1223
  1.742580 seconds (39.88 k allocations: 50.285 MiB)
4228
  1.766774 seconds (39.80 k allocations: 50.201 MiB)
5726
  1.758863 seconds (37.70 k allocations: 47.371 MiB)
2725
  1.754734 seconds (23.45 k allocations: 30.908 MiB)
7222
  1.762163 seconds (31.65 k allocations: 39.959 MiB)
8724
  1.771195 seconds (39.55 k allocations: 49.948 MiB)
1224
  1.740308 seconds (39.64 k allocations: 50.033 MiB)
4229
  1.827788 seconds (34.59 k allocations: 43.668 MiB, 0.93% gc time)
  1.796598 seconds (18.79 k allocations: 23.691 MiB, 0.94% gc time)
  1.798616 seconds (19.17 k allocations: 25.299 MiB, 0.94% gc time)
  1.782515 seconds (10.39 k allocations: 12.553 MiB, 0.95% gc time)
  1.772822 seconds (3.13 k allocations: 4.028 MiB, 0.95% gc time)
5727
7223
1225
2726
8725
  1.744400 seconds (28.90 k allocations: 35.593 MiB)
4230
  1.760339 seconds (19.36 k allocations: 26.553 MiB)
7224
  1.783149 seconds (15.82 k allocations: 19.980 MiB)
1226
  1.789742 seconds (22.98 k allocations: 27.976 MiB)
  1.789934 seconds (23.86 k allocations: 29.469 MiB)
2727
8726
  1.801510 seconds (39.64 k allocations: 50.033 MiB)
5728
  1.763412 seconds (39.64 k allocations: 50.033 MiB)
4231
  1.757605 seconds (39.72 k allocations: 50.117 MiB)
7225
  1.754399 seconds (38.75 k allocations: 47.791 MiB)
1227
  1.758727 seconds (31.81 k allocations: 40.127 MiB)
2728
  1.773933 seconds (39.42 k allocations: 49.165 MiB)
  1.765631 seconds (32.27 k allocations: 41.247 MiB)
8727
5729
  1.744894 seconds (39.80 k allocations: 50.201 MiB)
4232
  1.755689 seconds (39.80 k allocations: 50.201 MiB)
7226
  1.764841 seconds (39.80 k allocations: 50.201 MiB)
1228
  1.765911 seconds (39.72 k allocations: 50.117 MiB)
2729
  1.760183 seconds (31.73 k allocations: 40.043 MiB)
8728
  1.764988 seconds (35.62 k allocations: 44.722 MiB)
5730
  1.756601 seconds (31.73 k allocations: 40.043 MiB)
7227
  1.931983 seconds (26.78 k allocations: 33.781 MiB, 1.02% gc time)
  1.915885 seconds (18.58 k allocations: 22.847 MiB, 1.03% gc time)
  1.906748 seconds (6.67 k allocations: 8.754 MiB, 1.03% gc time)
  1.902194 seconds (3.22 k allocations: 4.047 MiB, 1.03% gc time)
  1.992891 seconds (43.03 k allocations: 54.302 MiB, 0.99% gc time)
1229
8729
2730
5731
4233
  1.756744 seconds (35.03 k allocations: 41.995 MiB)
7228
  1.757618 seconds (8.00 k allocations: 10.075 MiB)
4234
  1.788028 seconds (15.90 k allocations: 20.064 MiB)
2731
  1.795382 seconds (19.41 k allocations: 25.560 MiB)
1230
  1.797968 seconds (28.66 k allocations: 35.690 MiB)
5732
  1.807011 seconds (38.78 k allocations: 47.941 MiB)
8730
  1.741297 seconds (31.64 k allocations: 39.959 MiB)
4235
  1.756679 seconds (42.31 k allocations: 53.459 MiB)
7229
  1.758985 seconds (35.23 k allocations: 44.829 MiB)
  1.756703 seconds (29.57 k allocations: 37.794 MiB)
2732
1231
  1.765196 seconds (38.60 k allocations: 48.285 MiB)
5733
  1.762950 seconds (36.50 k allocations: 45.614 MiB)
8731
  1.742283 seconds (33.30 k allocations: 42.859 MiB)
4236
  1.753883 seconds (39.64 k allocations: 50.033 MiB)
7230
  1.755174 seconds (31.65 k allocations: 39.959 MiB)
2733
  1.757801 seconds (34.36 k allocations: 43.430 MiB)
1232
  1.761281 seconds (29.97 k allocations: 38.243 MiB)
5734
  1.757666 seconds (28.51 k allocations: 36.244 MiB)
8732
  1.741822 seconds (39.72 k allocations: 50.117 MiB)
4237
  1.861134 seconds (34.67 k allocations: 43.752 MiB, 0.89% gc time)
  1.790694 seconds (5.36 k allocations: 7.410 MiB, 0.92% gc time)
  1.811691 seconds (26.33 k allocations: 32.664 MiB, 0.91% gc time)
  1.785893 seconds (3.05 k allocations: 3.876 MiB, 0.93% gc time)
  1.791287 seconds (5.98 k allocations: 8.181 MiB, 0.92% gc time)
7231
1233
5735
2734
8733
  1.743322 seconds (32.33 k allocations: 39.200 MiB)
4238
  1.776752 seconds (17.78 k allocations: 24.953 MiB)
5736
  1.780383 seconds (17.33 k allocations: 22.722 MiB)
1234
  1.784664 seconds (23.73 k allocations: 29.969 MiB)
8734
  1.794730 seconds (28.89 k allocations: 38.375 MiB)
7232
  1.800306 seconds (39.56 k allocations: 49.949 MiB)
2735
  1.773049 seconds (39.56 k allocations: 49.949 MiB)
4239
  1.762675 seconds (38.26 k allocations: 47.923 MiB)
  1.756429 seconds (32.11 k allocations: 41.079 MiB)
5737
1235
  1.763982 seconds (31.43 k allocations: 39.091 MiB)
  1.769372 seconds (36.29 k allocations: 46.571 MiB)
7233
8735
  1.759938 seconds (30.20 k allocations: 37.970 MiB)
2736
  1.744817 seconds (39.64 k allocations: 50.033 MiB)
4240
  1.758141 seconds (31.64 k allocations: 39.959 MiB)
1236
  1.764517 seconds (36.21 k allocations: 45.311 MiB)
5738
  1.759680 seconds (28.32 k allocations: 35.879 MiB)
7234
  1.756281 seconds (24.42 k allocations: 31.371 MiB)
2737
  1.773691 seconds (42.27 k allocations: 53.940 MiB)
8736
  1.768541 seconds (31.43 k allocations: 39.091 MiB)
1237
  1.761930 seconds (24.69 k allocations: 31.647 MiB)
5739
  1.946763 seconds (11.82 k allocations: 15.373 MiB, 1.21% gc time)
  1.949171 seconds (12.67 k allocations: 17.454 MiB, 1.21% gc time)
  1.933016 seconds (3.98 k allocations: 5.405 MiB, 1.22% gc time)
  2.014758 seconds (43.80 k allocations: 55.655 MiB, 1.17% gc time)
7235
8737
2738
4241
  1.761804 seconds (26.73 k allocations: 33.387 MiB)
1238
  1.782644 seconds (7.91 k allocations: 9.990 MiB)
4242
  1.790222 seconds (13.21 k allocations: 16.090 MiB)
7236
  1.797781 seconds (23.73 k allocations: 29.969 MiB)
2739
  1.801533 seconds (26.49 k allocations: 33.480 MiB)
  1.805126 seconds (26.65 k allocations: 34.845 MiB)
5740
8738
  1.757249 seconds (39.72 k allocations: 50.117 MiB)
1239
  1.742371 seconds (37.55 k allocations: 47.201 MiB)
4243
  1.759272 seconds (39.50 k allocations: 49.249 MiB)
7237
  1.754058 seconds (25.37 k allocations: 32.861 MiB)
2740
  1.761347 seconds (31.89 k allocations: 40.211 MiB)
  1.763656 seconds (32.27 k allocations: 41.247 MiB)
8739
5741
  1.769450 seconds (39.88 k allocations: 50.285 MiB)
1240
  1.754994 seconds (36.06 k allocations: 45.165 MiB)
4244
  1.753342 seconds (34.64 k allocations: 44.248 MiB)
7238
  1.758813 seconds (39.72 k allocations: 50.117 MiB)
2741
  1.773791 seconds (31.65 k allocations: 39.959 MiB)
8740
  1.776587 seconds (32.88 k allocations: 41.912 MiB)
5742
  1.739846 seconds (31.81 k allocations: 40.127 MiB)
  1.754383 seconds (37.37 k allocations: 47.664 MiB)
  1.761253 seconds (24.59 k allocations: 32.052 MiB)
  1.754509 seconds (17.13 k allocations: 23.255 MiB)
  1.761176 seconds (1.53 k allocations: 4.144 MiB)
  1.764043 seconds (1.91 k allocations: 5.180 MiB)
4245
1241
7239
2742
5743
8741
  1.843231 seconds (1.28 k allocations: 3.748 MiB)
  1.843722 seconds (1.58 k allocations: 4.709 MiB)
4246
7240
  1.867648 seconds (16.70 k allocations: 23.325 MiB)
  1.865415 seconds (15.91 k allocations: 20.065 MiB)
1242
2743
  1.885965 seconds (31.81 k allocations: 40.127 MiB)
  1.887088 seconds (31.89 k allocations: 40.304 MiB)
5744
8742
  1.754242 seconds (31.73 k allocations: 40.043 MiB)
7241
  1.770414 seconds (39.64 k allocations: 50.033 MiB)
4247
  1.755852 seconds (31.73 k allocations: 40.043 MiB)
1243
  1.761607 seconds (38.45 k allocations: 47.593 MiB)
2744
  1.757915 seconds (31.89 k allocations: 40.211 MiB)
8743
  1.765711 seconds (36.92 k allocations: 46.036 MiB)
5745
  1.757371 seconds (39.80 k allocations: 50.201 MiB)
7242
  1.745413 seconds (33.45 k allocations: 42.503 MiB)
4248
  1.767759 seconds (38.49 k allocations: 48.167 MiB)
1244
  1.772331 seconds (39.64 k allocations: 50.033 MiB)
2745
  1.775967 seconds (31.81 k allocations: 40.127 MiB)
5746
  1.787873 seconds (41.38 k allocations: 51.806 MiB)
8744
  1.755040 seconds (32.31 k allocations: 41.857 MiB)
7243
  1.954305 seconds (22.08 k allocations: 27.065 MiB, 1.41% gc time)
  1.966504 seconds (30.12 k allocations: 37.177 MiB, 1.40% gc time)
  1.924103 seconds (11.32 k allocations: 13.417 MiB, 1.43% gc time)
  1.916515 seconds (6.33 k allocations: 7.154 MiB, 1.44% gc time)
  1.999502 seconds (38.35 k allocations: 47.617 MiB, 1.38% gc time)
1245
8745
2746
5747
4249
  1.739612 seconds (37.50 k allocations: 44.578 MiB)
7244
  1.767759 seconds (8.00 k allocations: 10.075 MiB)
2747
  1.770571 seconds (9.52 k allocations: 12.331 MiB)
4250
  1.779190 seconds (23.82 k allocations: 30.053 MiB)
5748
  1.782807 seconds (24.48 k allocations: 31.435 MiB)
8746
  1.788398 seconds (29.07 k allocations: 38.046 MiB)
1246
  1.750127 seconds (39.64 k allocations: 50.033 MiB)
7245
  1.749192 seconds (31.73 k allocations: 40.043 MiB)
4251
  1.755352 seconds (34.46 k allocations: 44.758 MiB)
2748
  1.764827 seconds (28.11 k allocations: 36.887 MiB)
  1.763025 seconds (24.29 k allocations: 31.175 MiB)
5749
8747
  1.765610 seconds (29.92 k allocations: 37.684 MiB)
1247
  1.768822 seconds (39.96 k allocations: 50.369 MiB)
7246
  1.743866 seconds (31.97 k allocations: 40.295 MiB)
4252
  1.755280 seconds (39.88 k allocations: 50.285 MiB)
2749
  1.757181 seconds (23.82 k allocations: 30.053 MiB)
  1.761348 seconds (26.09 k allocations: 34.244 MiB)
  1.762382 seconds (27.21 k allocations: 35.447 MiB)
1248
5750
8748
  1.745897 seconds (31.81 k allocations: 40.127 MiB)
4253
  1.775276 seconds (40.51 k allocations: 51.622 MiB)
  1.782184 seconds (4.57 k allocations: 7.206 MiB, 0.90% gc time)
  1.814476 seconds (27.15 k allocations: 34.800 MiB, 0.89% gc time)
  1.784212 seconds (6.55 k allocations: 10.432 MiB, 0.90% gc time)
  1.778629 seconds (3.43 k allocations: 4.840 MiB, 0.90% gc time)
7247
5751
1249
8749
2750
  1.744891 seconds (21.30 k allocations: 27.838 MiB)
4254
  1.759016 seconds (15.33 k allocations: 21.232 MiB)
5752
  1.759239 seconds (11.66 k allocations: 15.733 MiB)
8750
  1.765630 seconds (23.22 k allocations: 29.446 MiB)
1250
  1.789863 seconds (31.81 k allocations: 40.127 MiB)
2751
  1.803413 seconds (40.40 k allocations: 52.033 MiB)
7248
  1.765207 seconds (39.80 k allocations: 50.201 MiB)
4255
  1.766165 seconds (32.01 k allocations: 40.850 MiB)
5753
  1.762037 seconds (25.24 k allocations: 32.209 MiB)
1251
  1.775645 seconds (43.53 k allocations: 55.233 MiB)
8751
  1.759799 seconds (39.48 k allocations: 49.250 MiB)
2752
  1.752731 seconds (32.28 k allocations: 41.298 MiB)
7249
  1.743250 seconds (39.72 k allocations: 50.117 MiB)
4256
  1.764072 seconds (31.34 k allocations: 39.007 MiB)
1252
  1.771724 seconds (35.84 k allocations: 46.162 MiB)
5754
  1.761629 seconds (28.88 k allocations: 36.562 MiB)
8752
  1.750985 seconds (31.81 k allocations: 40.127 MiB)
  1.756595 seconds (35.30 k allocations: 45.568 MiB)
7250
2753
  1.757973 seconds (22.08 k allocations: 28.803 MiB)
1253
  1.953999 seconds (19.19 k allocations: 25.338 MiB, 1.56% gc time)
  1.951917 seconds (18.75 k allocations: 23.655 MiB, 1.56% gc time)
  1.937642 seconds (4.12 k allocations: 6.106 MiB, 1.57% gc time)
  1.934679 seconds (3.03 k allocations: 3.825 MiB, 1.57% gc time)
  1.998013 seconds (42.96 k allocations: 54.261 MiB, 1.52% gc time)
7251
8753
5755
2754
4257
  1.757480 seconds (33.00 k allocations: 39.872 MiB)
1254
  1.781976 seconds (8.00 k allocations: 10.074 MiB)
4258
  1.793362 seconds (15.90 k allocations: 20.064 MiB)
2755
  1.802974 seconds (21.35 k allocations: 26.311 MiB)
  1.801824 seconds (22.21 k allocations: 27.829 MiB)
7252
8754
  1.804064 seconds (27.20 k allocations: 34.900 MiB)
5756
  1.768420 seconds (39.80 k allocations: 50.201 MiB)
1255
  1.742551 seconds (39.80 k allocations: 50.201 MiB)
4259
  1.758124 seconds (35.59 k allocations: 44.096 MiB)
2756
  1.754208 seconds (18.82 k allocations: 24.936 MiB)
7253
  1.761190 seconds (32.23 k allocations: 41.785 MiB)
8755
  1.761445 seconds (32.15 k allocations: 41.110 MiB)
5757
  1.748735 seconds (31.73 k allocations: 40.043 MiB)
4260
  1.771354 seconds (45.94 k allocations: 57.151 MiB)
1256
  1.755985 seconds (31.43 k allocations: 39.091 MiB)
7254
  1.762144 seconds (32.79 k allocations: 43.040 MiB)
2757
  1.760051 seconds (31.81 k allocations: 40.127 MiB)
5758
  1.766764 seconds (35.19 k allocations: 45.487 MiB)
8756
  1.755279 seconds (38.39 k allocations: 48.058 MiB)
4261
  1.827612 seconds (34.67 k allocations: 43.752 MiB, 0.94% gc time)
  1.797600 seconds (18.83 k allocations: 23.757 MiB, 0.96% gc time)
  1.797010 seconds (18.80 k allocations: 23.698 MiB, 0.96% gc time)
  1.785886 seconds (8.19 k allocations: 10.352 MiB, 0.96% gc time)
  1.778124 seconds (3.15 k allocations: 4.103 MiB, 0.97% gc time)
1257
7255
5759
8757
2758
  1.744008 seconds (32.80 k allocations: 39.730 MiB)
4262
  1.780749 seconds (12.44 k allocations: 18.287 MiB)
7256
  1.782265 seconds (13.36 k allocations: 16.245 MiB)
8758
  1.787570 seconds (23.46 k allocations: 28.472 MiB)
  1.795296 seconds (28.08 k allocations: 38.714 MiB)
  1.796643 seconds (24.76 k allocations: 33.532 MiB)
2759
1258
5760
  1.765141 seconds (39.80 k allocations: 50.201 MiB)
4263
  1.754375 seconds (37.35 k allocations: 47.000 MiB)
7257
  1.759144 seconds (39.12 k allocations: 48.213 MiB)
8759
  1.759888 seconds (23.98 k allocations: 30.222 MiB)
  1.762619 seconds (25.75 k allocations: 33.899 MiB)
  1.760233 seconds (24.70 k allocations: 32.251 MiB)
1259
2760
5761
  1.748752 seconds (39.72 k allocations: 50.117 MiB)
4264
  1.767837 seconds (39.64 k allocations: 50.033 MiB)
7258
  1.770576 seconds (39.64 k allocations: 50.033 MiB)
8760
  1.760909 seconds (21.82 k allocations: 26.802 MiB)
  1.767074 seconds (27.34 k allocations: 36.736 MiB)
2761
1260
  1.773042 seconds (39.72 k allocations: 50.117 MiB)
5762
  1.752985 seconds (31.81 k allocations: 40.127 MiB)
7259
  1.951859 seconds (24.63 k allocations: 30.247 MiB, 0.96% gc time)
  1.942692 seconds (10.38 k allocations: 12.555 MiB, 0.97% gc time)
  1.943203 seconds (10.46 k allocations: 12.600 MiB, 0.97% gc time)
  1.934410 seconds (2.94 k allocations: 3.697 MiB, 0.97% gc time)
  2.001059 seconds (42.86 k allocations: 54.105 MiB, 0.94% gc time)
1261
2762
8761
5763
4265
  1.752656 seconds (33.09 k allocations: 39.991 MiB)
7260
  1.761967 seconds (10.45 k allocations: 15.019 MiB)
4266
  1.802956 seconds (15.90 k allocations: 20.064 MiB)
  1.804420 seconds (16.01 k allocations: 20.326 MiB)
  1.802708 seconds (16.67 k allocations: 22.135 MiB)
8762
2763
5764
  1.813327 seconds (29.91 k allocations: 37.667 MiB)
1262
  1.754170 seconds (39.72 k allocations: 50.117 MiB)
7261
  1.742121 seconds (38.95 k allocations: 48.119 MiB)
4267
  1.751601 seconds (20.77 k allocations: 26.248 MiB)
2764
  1.758580 seconds (29.12 k allocations: 37.904 MiB)
8763
  1.760067 seconds (30.31 k allocations: 38.604 MiB)
  1.757231 seconds (29.21 k allocations: 36.904 MiB)
5765
1263
  1.745857 seconds (31.64 k allocations: 39.959 MiB)
4268
  1.767797 seconds (46.78 k allocations: 58.543 MiB)
7262
  1.756359 seconds (35.61 k allocations: 44.978 MiB)
2765
  1.762477 seconds (23.90 k allocations: 30.138 MiB)
5766
  1.771193 seconds (34.79 k allocations: 44.399 MiB)
8764
  1.772239 seconds (37.13 k allocations: 46.254 MiB)
1264
  1.742657 seconds (39.74 k allocations: 50.078 MiB)
4269
  1.857022 seconds (34.67 k allocations: 43.752 MiB, 0.96% gc time)
  1.802631 seconds (26.71 k allocations: 33.687 MiB, 0.99% gc time)
  1.786821 seconds (13.92 k allocations: 18.046 MiB, 1.00% gc time)
  1.782467 seconds (8.57 k allocations: 10.682 MiB, 1.00% gc time)
  1.776350 seconds (3.11 k allocations: 3.971 MiB, 1.00% gc time)
7263
2766
5767
1265
8765
  1.761647 seconds (32.60 k allocations: 39.415 MiB)
4270
  1.762275 seconds (7.92 k allocations: 9.990 MiB)
8766
  1.779337 seconds (15.82 k allocations: 19.980 MiB)
1266
  1.785247 seconds (21.50 k allocations: 26.474 MiB)
  1.785909 seconds (23.13 k allocations: 28.777 MiB)
2767
5768
  1.802567 seconds (39.56 k allocations: 49.949 MiB)
7264
  1.763761 seconds (39.53 k allocations: 49.764 MiB)
4271
  1.766659 seconds (39.72 k allocations: 50.117 MiB)
8767
  1.758333 seconds (34.76 k allocations: 42.491 MiB)
1267
  1.754615 seconds (25.68 k allocations: 32.653 MiB)
2768
  1.761148 seconds (39.38 k allocations: 48.558 MiB)
5769
  1.753602 seconds (36.67 k allocations: 45.786 MiB)
7265
  1.745185 seconds (39.80 k allocations: 50.201 MiB)
4272
  1.758220 seconds (35.67 k allocations: 44.653 MiB)
  1.752596 seconds (23.89 k allocations: 30.136 MiB)
8768
2769
  1.768878 seconds (39.42 k allocations: 49.165 MiB)
  1.759985 seconds (28.99 k allocations: 36.822 MiB)
1268
5770
  1.768833 seconds (39.72 k allocations: 50.117 MiB)
7266
  1.755626 seconds (23.82 k allocations: 30.053 MiB)
2770
  1.977358 seconds (26.77 k allocations: 33.767 MiB, 1.30% gc time)
  1.959728 seconds (10.92 k allocations: 13.726 MiB, 1.31% gc time)
  1.959370 seconds (10.97 k allocations: 13.795 MiB, 1.31% gc time)
  1.948422 seconds (3.14 k allocations: 3.902 MiB, 1.32% gc time)
  2.011250 seconds (42.97 k allocations: 54.221 MiB, 1.28% gc time)
5771
8769
1269
7267
4273
  1.752655 seconds (34.03 k allocations: 40.943 MiB)
2771
  1.773142 seconds (8.27 k allocations: 12.807 MiB)
4274
  1.862158 seconds (15.90 k allocations: 20.064 MiB)
1270
  1.869879 seconds (19.09 k allocations: 24.002 MiB)
  1.867931 seconds (21.23 k allocations: 26.843 MiB)
5772
7268
  1.873022 seconds (27.54 k allocations: 35.246 MiB)
8770
  1.753409 seconds (39.56 k allocations: 49.949 MiB)
2772
  1.746556 seconds (39.64 k allocations: 50.033 MiB)
4275
  1.762117 seconds (32.61 k allocations: 40.826 MiB)
  1.757408 seconds (18.61 k allocations: 24.689 MiB)
1271
7269
  1.762994 seconds (27.23 k allocations: 34.237 MiB)
5773
  1.771469 seconds (39.80 k allocations: 50.201 MiB)
8771
  1.751727 seconds (39.80 k allocations: 50.201 MiB)
2773
  1.746180 seconds (39.72 k allocations: 50.117 MiB)
4276
  1.753349 seconds (26.99 k allocations: 34.510 MiB)
  1.756030 seconds (28.97 k allocations: 37.175 MiB)
7270
1272
  1.766168 seconds (39.72 k allocations: 50.117 MiB)
5774
  1.757893 seconds (35.78 k allocations: 44.873 MiB)
8772
  1.754902 seconds (39.72 k allocations: 50.117 MiB)
2774
  1.914270 seconds (38.24 k allocations: 47.391 MiB, 1.00% gc time)
  1.802841 seconds (22.47 k allocations: 28.668 MiB, 1.06% gc time)
  1.800587 seconds (22.44 k allocations: 27.393 MiB, 1.06% gc time)
  1.785907 seconds (10.50 k allocations: 12.636 MiB, 1.07% gc time)
  1.780625 seconds (6.71 k allocations: 7.606 MiB, 1.07% gc time)
7271
1273
5775
8773
4277
  1.763450 seconds (37.25 k allocations: 44.316 MiB)
2775
  1.765101 seconds (14.72 k allocations: 20.600 MiB)
8774
  1.777563 seconds (15.98 k allocations: 20.148 MiB)
4278
  1.790020 seconds (25.36 k allocations: 31.638 MiB)
5776
  1.794429 seconds (28.31 k allocations: 36.560 MiB)
7272
  1.803876 seconds (41.35 k allocations: 53.008 MiB)
1274
  1.760351 seconds (39.80 k allocations: 50.201 MiB)
2776
  1.741133 seconds (31.50 k allocations: 39.174 MiB)
4279
  1.765262 seconds (41.84 k allocations: 52.967 MiB)
8775
  1.753279 seconds (31.81 k allocations: 40.127 MiB)
7273
  1.770328 seconds (41.16 k allocations: 52.821 MiB)
5777
  1.769957 seconds (39.72 k allocations: 50.117 MiB)
1275
  1.742518 seconds (26.17 k allocations: 33.673 MiB)
4280
  1.753586 seconds (23.73 k allocations: 29.969 MiB)
7274
  1.797610 seconds (51.80 k allocations: 65.050 MiB)
  1.779425 seconds (36.83 k allocations: 46.589 MiB)
2777
8776
  1.758248 seconds (31.73 k allocations: 40.043 MiB)
1276
  1.783414 seconds (47.55 k allocations: 60.022 MiB)
5778
  1.744358 seconds (39.64 k allocations: 50.033 MiB)
4281
  1.840450 seconds (26.37 k allocations: 33.886 MiB, 2.01% gc time)
  1.836335 seconds (18.89 k allocations: 23.800 MiB, 2.02% gc time)
  1.835266 seconds (18.92 k allocations: 23.874 MiB, 2.02% gc time)
  1.810130 seconds (11.08 k allocations: 13.981 MiB, 2.05% gc time)
  1.798980 seconds (3.31 k allocations: 4.282 MiB, 2.06% gc time)
7275
1277
8777
5779
2778
  1.755155 seconds (33.95 k allocations: 40.923 MiB)
4282
  1.785378 seconds (8.00 k allocations: 10.074 MiB)
5780
  1.789503 seconds (8.72 k allocations: 12.687 MiB)
1278
  1.793453 seconds (21.92 k allocations: 26.914 MiB)
2779
  1.796740 seconds (24.90 k allocations: 31.862 MiB)
  1.801756 seconds (27.73 k allocations: 36.618 MiB)
8778
7276
  1.785501 seconds (39.72 k allocations: 50.117 MiB)
4283
  1.754690 seconds (29.63 k allocations: 36.560 MiB)
1279
  1.760521 seconds (33.92 k allocations: 43.564 MiB)
5781
  1.753092 seconds (19.67 k allocations: 23.393 MiB)
  1.759368 seconds (28.21 k allocations: 36.412 MiB)
7277
  1.758493 seconds (27.15 k allocations: 34.801 MiB)
2780
8779
  1.743393 seconds (39.80 k allocations: 50.201 MiB)
4284
  1.760667 seconds (30.26 k allocations: 37.197 MiB)
1280
  1.757436 seconds (19.23 k allocations: 24.686 MiB)
7278
  1.766493 seconds (35.23 k allocations: 43.676 MiB)
  1.757976 seconds (21.00 k allocations: 26.606 MiB)
5782
2781
  1.767574 seconds (39.72 k allocations: 50.117 MiB)
8780
  1.756030 seconds (15.01 k allocations: 19.690 MiB)
7279
  1.972515 seconds (20.51 k allocations: 25.982 MiB, 0.89% gc time)
  1.967540 seconds (12.37 k allocations: 16.444 MiB, 0.89% gc time)
  1.963777 seconds (11.02 k allocations: 13.872 MiB, 0.89% gc time)
  1.949508 seconds (3.12 k allocations: 3.918 MiB, 0.90% gc time)
  2.011246 seconds (42.95 k allocations: 54.266 MiB, 0.87% gc time)
1281
8781
5783
2782
4285
  1.768544 seconds (32.37 k allocations: 39.184 MiB)
7280
  1.761355 seconds (1.56 k allocations: 4.740 MiB)
4286
  1.795444 seconds (15.82 k allocations: 19.980 MiB)
8782
  1.797232 seconds (16.79 k allocations: 21.667 MiB)
  1.796777 seconds (17.75 k allocations: 23.289 MiB)
5784
2783
  1.831505 seconds (39.72 k allocations: 50.117 MiB)
1282
  1.743153 seconds (31.81 k allocations: 40.127 MiB)
4287
  1.754706 seconds (40.20 k allocations: 51.843 MiB)
7281
  1.761065 seconds (23.82 k allocations: 30.053 MiB)
  1.768568 seconds (30.46 k allocations: 39.924 MiB)
2784
8783
  1.770760 seconds (35.28 k allocations: 44.360 MiB)
5785
  1.757762 seconds (39.64 k allocations: 50.033 MiB)
1283
  1.744317 seconds (39.17 k allocations: 48.913 MiB)
4288
  1.764496 seconds (39.56 k allocations: 49.949 MiB)
7282
  1.765143 seconds (30.38 k allocations: 39.182 MiB)
2785
  1.762281 seconds (25.09 k allocations: 32.051 MiB)
5786
  1.775280 seconds (43.20 k allocations: 53.670 MiB)
8784
  1.760450 seconds (39.72 k allocations: 50.117 MiB)
1284
  1.740641 seconds (39.72 k allocations: 50.117 MiB)
4289
  1.849086 seconds (34.76 k allocations: 43.837 MiB, 0.87% gc time)
  1.795799 seconds (19.71 k allocations: 25.863 MiB, 0.90% gc time)
  1.793016 seconds (18.46 k allocations: 22.750 MiB, 0.90% gc time)
  1.783577 seconds (10.65 k allocations: 12.889 MiB, 0.91% gc time)
  1.774743 seconds (5.03 k allocations: 8.430 MiB, 0.91% gc time)
7283
5787
2786
8785
1285
  1.748622 seconds (30.48 k allocations: 37.250 MiB)
4290
  1.757087 seconds (11.77 k allocations: 18.824 MiB)
2787
  1.762175 seconds (13.36 k allocations: 17.466 MiB)
8786
  1.765463 seconds (18.90 k allocations: 23.814 MiB)
1286
  1.788432 seconds (31.73 k allocations: 40.043 MiB)
5788
  1.800234 seconds (39.72 k allocations: 50.117 MiB)
7284
  1.770919 seconds (39.72 k allocations: 50.117 MiB)
4291
  1.755084 seconds (23.89 k allocations: 30.137 MiB)
1287
  1.774608 seconds (42.85 k allocations: 53.266 MiB)
2788
  1.777779 seconds (42.25 k allocations: 52.694 MiB)
8787
  1.753128 seconds (31.64 k allocations: 39.959 MiB)
7285
  1.778815 seconds (47.55 k allocations: 60.022 MiB)
5789
  1.745278 seconds (39.17 k allocations: 48.913 MiB)
4292
  1.764159 seconds (38.79 k allocations: 48.463 MiB)
1288
  1.763013 seconds (36.53 k allocations: 44.938 MiB)
2789
  1.760975 seconds (35.09 k allocations: 44.172 MiB)
8788
  1.756779 seconds (39.64 k allocations: 50.033 MiB)
7286
  1.770413 seconds (39.72 k allocations: 50.117 MiB)
5790
  1.758496 seconds (29.93 k allocations: 37.512 MiB)
1289
  1.994831 seconds (18.92 k allocations: 23.821 MiB, 1.40% gc time)
  2.000041 seconds (23.23 k allocations: 29.459 MiB, 1.40% gc time)
  1.982747 seconds (11.02 k allocations: 13.823 MiB, 1.41% gc time)
  1.956615 seconds (3.22 k allocations: 4.015 MiB, 1.43% gc time)
  2.038340 seconds (42.98 k allocations: 54.292 MiB, 1.37% gc time)
8789
2790
7287
5791
4293
  1.758284 seconds (35.56 k allocations: 42.545 MiB)
1290
  1.770501 seconds (9.49 k allocations: 12.826 MiB)
7288
  1.787543 seconds (15.90 k allocations: 20.064 MiB)
  1.790490 seconds (16.44 k allocations: 22.484 MiB)
5792
  1.790592 seconds (20.47 k allocations: 26.051 MiB)
2791
4294
  1.799599 seconds (32.32 k allocations: 41.366 MiB)
8790
  1.755868 seconds (39.64 k allocations: 50.033 MiB)
1291
  1.760037 seconds (39.56 k allocations: 49.949 MiB)
7289
  1.742622 seconds (19.63 k allocations: 25.083 MiB)
4295
  1.768799 seconds (30.64 k allocations: 39.456 MiB)
2792
  1.780029 seconds (45.99 k allocations: 57.280 MiB)
5793
  1.784387 seconds (39.72 k allocations: 50.117 MiB)
8791
  1.759119 seconds (39.80 k allocations: 50.201 MiB)
1292
  1.753743 seconds (39.50 k allocations: 49.249 MiB)
7290
  1.745191 seconds (32.62 k allocations: 41.655 MiB)
4296
  1.757728 seconds (39.41 k allocations: 49.164 MiB)
2793
  1.766285 seconds (39.72 k allocations: 50.117 MiB)
5794
  1.763300 seconds (39.72 k allocations: 50.117 MiB)
8792
  1.756444 seconds (39.72 k allocations: 50.117 MiB)
1293
  1.844876 seconds (30.40 k allocations: 37.476 MiB, 0.92% gc time)
  1.849722 seconds (32.90 k allocations: 41.231 MiB, 0.92% gc time)
  1.811524 seconds (22.64 k allocations: 27.629 MiB, 0.94% gc time)
  1.795176 seconds (14.71 k allocations: 17.667 MiB, 0.95% gc time)
  1.781692 seconds (6.82 k allocations: 7.711 MiB, 0.95% gc time)
7291
2794
5795
8793
4297
  1.757982 seconds (37.30 k allocations: 44.374 MiB)
1294
  1.760091 seconds (12.55 k allocations: 17.161 MiB)
8794
  1.792018 seconds (17.01 k allocations: 22.421 MiB)
  1.792955 seconds (17.59 k allocations: 22.993 MiB)
5796
  1.799098 seconds (19.71 k allocations: 26.519 MiB)
2795
7292
  1.808633 seconds (39.72 k allocations: 50.117 MiB)
4298
  1.763699 seconds (39.72 k allocations: 50.117 MiB)
1295
  1.760397 seconds (39.72 k allocations: 50.117 MiB)
8795
  1.753634 seconds (24.12 k allocations: 31.579 MiB)
  1.752953 seconds (24.20 k allocations: 31.089 MiB)
2796
  1.759551 seconds (30.15 k allocations: 40.289 MiB)
7293
5797
  1.750461 seconds (39.72 k allocations: 50.117 MiB)
4299
  1.759433 seconds (39.64 k allocations: 50.033 MiB)
1296
  1.764301 seconds (39.64 k allocations: 50.033 MiB)
8796
  1.754965 seconds (23.73 k allocations: 29.969 MiB)
  1.759631 seconds (25.79 k allocations: 33.923 MiB)
7294
2797
  1.755108 seconds (31.72 k allocations: 40.043 MiB)
  1.766916 seconds (40.02 k allocations: 51.068 MiB)
4300
5798
  1.758025 seconds (39.64 k allocations: 50.033 MiB)
1297
  1.759499 seconds (39.64 k allocations: 50.033 MiB)
8797
  3.485368 seconds (11.28 k allocations: 15.346 MiB, 0.51% gc time)
  3.495108 seconds (26.31 k allocations: 32.633 MiB, 0.51% gc time)
  3.495074 seconds (26.38 k allocations: 32.683 MiB, 0.51% gc time)
  3.483431 seconds (11.01 k allocations: 13.792 MiB, 0.51% gc time)
  1.771961 seconds (3.18 k allocations: 3.890 MiB, 1.01% gc time)
1298
7295
5799
2798
4301
  1.763105 seconds (33.64 k allocations: 40.540 MiB)
8798
  1.775533 seconds (18.23 k allocations: 25.416 MiB)
1299
  1.868113 seconds (16.97 k allocations: 23.594 MiB)
  1.866835 seconds (16.29 k allocations: 21.100 MiB)
7296
2799
  1.873971 seconds (29.37 k allocations: 36.420 MiB)
4302
  1.885092 seconds (38.41 k allocations: 47.560 MiB)
5800
  1.764671 seconds (39.80 k allocations: 50.201 MiB)
8799
  1.757467 seconds (39.72 k allocations: 50.117 MiB)
1300
  1.742211 seconds (23.50 k allocations: 29.101 MiB)
  1.752803 seconds (33.10 k allocations: 42.442 MiB)
4303
7297
  1.758986 seconds (46.86 k allocations: 58.624 MiB)
2800
  1.765184 seconds (39.72 k allocations: 50.117 MiB)
5801
  1.765035 seconds (39.72 k allocations: 50.117 MiB)
8800
  1.772553 seconds (39.72 k allocations: 50.117 MiB)
1301
  1.743268 seconds (31.34 k allocations: 39.007 MiB)
4304
  1.759298 seconds (39.34 k allocations: 49.081 MiB)
7298
  1.769312 seconds (39.80 k allocations: 50.201 MiB)
2801
  1.767584 seconds (39.80 k allocations: 50.201 MiB)
5802
  1.754325 seconds (39.72 k allocations: 50.117 MiB)
8801
  1.898200 seconds (38.31 k allocations: 47.465 MiB, 1.13% gc time)
  1.829565 seconds (30.35 k allocations: 37.404 MiB, 1.17% gc time)
  1.817449 seconds (22.42 k allocations: 27.362 MiB, 1.18% gc time)
  1.796826 seconds (14.62 k allocations: 17.563 MiB, 1.19% gc time)
  1.779630 seconds (6.79 k allocations: 7.719 MiB, 1.21% gc time)
1302
7299
5803
2802
4305
  1.764512 seconds (37.18 k allocations: 44.252 MiB)
8802
  1.771488 seconds (18.98 k allocations: 26.174 MiB)
5804
  1.773005 seconds (15.90 k allocations: 20.064 MiB)
2803
  1.783568 seconds (21.45 k allocations: 27.638 MiB)
  1.781526 seconds (23.62 k allocations: 29.282 MiB)
  1.784416 seconds (23.75 k allocations: 29.438 MiB)
1303
7300
4306
  1.767876 seconds (39.64 k allocations: 50.033 MiB)
  1.760992 seconds (31.73 k allocations: 40.043 MiB)
  1.743583 seconds (765 allocations: 2.072 MiB)
  1.754056 seconds (21.76 k allocations: 27.851 MiB)
  1.752747 seconds (1.64 k allocations: 5.481 MiB)
  1.754125 seconds (3.31 k allocations: 7.402 MiB)
8803
5805
4307
2804
7301
1304
  1.763979 seconds (37.64 k allocations: 44.768 MiB)
8804
  1.813141 seconds (38.11 k allocations: 45.889 MiB)
5806
  1.783290 seconds (38.57 k allocations: 47.009 MiB)
4308
  1.805400 seconds (38.95 k allocations: 48.045 MiB)
2805
  1.797327 seconds (31.81 k allocations: 40.127 MiB)
1305
  1.808517 seconds (39.80 k allocations: 50.201 MiB)
7302
  1.759194 seconds (39.72 k allocations: 50.117 MiB)
8805
  1.743573 seconds (31.73 k allocations: 40.043 MiB)
  1.772184 seconds (40.02 k allocations: 51.068 MiB)
4309
5807
  3.346206 seconds (28.73 k allocations: 36.454 MiB, 0.66% gc time)
  3.329688 seconds (20.83 k allocations: 26.451 MiB, 0.67% gc time)
  3.319554 seconds (13.00 k allocations: 16.536 MiB, 0.67% gc time)
  1.776549 seconds (5.19 k allocations: 6.662 MiB, 1.25% gc time)
8806
7303
2806
1306
  1.774256 seconds (24.77 k allocations: 31.448 MiB)
  1.772213 seconds (15.56 k allocations: 20.191 MiB)
  1.879891 seconds (1.28 k allocations: 3.815 MiB)
  1.885808 seconds (1.15 k allocations: 3.108 MiB)
  1.937072 seconds (1.53 k allocations: 4.144 MiB)
  1.949833 seconds (10.20 k allocations: 17.312 MiB)
4310
8807
  1.739065 seconds (7.53 k allocations: 8.954 MiB)
7304
1307
2807
  1.887673 seconds (22.97 k allocations: 27.898 MiB)
5808
  1.863460 seconds (23.05 k allocations: 27.982 MiB)
  1.854078 seconds (15.91 k allocations: 20.065 MiB)
4311
  1.874887 seconds (16.29 k allocations: 21.100 MiB)
  1.843159 seconds (8.69 k allocations: 12.063 MiB)
8808
  1.816938 seconds (8.29 k allocations: 11.026 MiB)
7305
1308
2808
5809
4312
  1.901903 seconds (38.19 k allocations: 45.973 MiB)
8809
  1.910264 seconds (38.19 k allocations: 45.973 MiB)
7306
  1.917888 seconds (38.65 k allocations: 47.093 MiB)
1309
  1.879371 seconds (31.41 k allocations: 39.090 MiB)
5810
  1.927790 seconds (46.63 k allocations: 56.584 MiB)
2809
  2.042951 seconds (39.80 k allocations: 50.201 MiB)
4313
  2.278856 seconds (38.47 k allocations: 47.627 MiB, 2.50% gc time)
  1.924776 seconds (30.50 k allocations: 37.556 MiB, 2.97% gc time)
  1.861774 seconds (22.52 k allocations: 27.484 MiB, 3.07% gc time)
  1.812182 seconds (6.67 k allocations: 7.456 MiB, 3.15% gc time)
  1.820019 seconds (14.10 k allocations: 16.373 MiB, 3.14% gc time)
7307
2810
5811
1310
8810
  1.770887 seconds (37.64 k allocations: 44.719 MiB)
4314
  1.779467 seconds (7.91 k allocations: 9.990 MiB)
8811
  1.793282 seconds (15.82 k allocations: 19.980 MiB)
2811
  1.801983 seconds (22.48 k allocations: 28.700 MiB)
7308
  1.802692 seconds (28.58 k allocations: 35.611 MiB)
1311
  1.807816 seconds (33.72 k allocations: 42.767 MiB)
5812
  1.761047 seconds (39.88 k allocations: 50.285 MiB)
4315
  1.763475 seconds (39.68 k allocations: 49.557 MiB)
8812
  1.755107 seconds (29.92 k allocations: 38.208 MiB)
2812
  1.751909 seconds (25.27 k allocations: 31.580 MiB)
7309
  1.756597 seconds (34.47 k allocations: 44.069 MiB)
1312
  1.769074 seconds (39.88 k allocations: 50.285 MiB)
5813
  1.743877 seconds (39.80 k allocations: 50.201 MiB)
  1.751492 seconds (16.20 k allocations: 21.016 MiB)
4316
  1.757370 seconds (17.79 k allocations: 23.335 MiB)
7310
  1.762750 seconds (25.20 k allocations: 34.036 MiB)
2813
8813
  1.758461 seconds (39.72 k allocations: 50.116 MiB)
1313
  1.769387 seconds (39.72 k allocations: 50.117 MiB)
5814
  1.751353 seconds (22.15 k allocations: 30.093 MiB)
7311
  1.812243 seconds (18.53 k allocations: 23.305 MiB, 1.13% gc time)
  1.811225 seconds (18.30 k allocations: 22.535 MiB, 1.13% gc time)
  1.800973 seconds (10.84 k allocations: 13.634 MiB, 1.13% gc time)
  1.814001 seconds (19.23 k allocations: 25.354 MiB, 1.13% gc time)
  1.772379 seconds (3.12 k allocations: 3.950 MiB, 1.15% gc time)
1314
2814
8814
5815
4317
  1.753033 seconds (34.63 k allocations: 41.601 MiB)
7312
  1.768120 seconds (7.99 k allocations: 10.074 MiB)
  1.773117 seconds (10.31 k allocations: 15.533 MiB)
4318
5816
  1.785806 seconds (24.94 k allocations: 32.423 MiB)
  1.784359 seconds (23.96 k allocations: 30.433 MiB)
1315
  1.786160 seconds (25.10 k allocations: 32.706 MiB)
2815
8815
  1.753998 seconds (39.56 k allocations: 49.949 MiB)
7313
  1.742165 seconds (32.49 k allocations: 42.047 MiB)
4319
  1.760961 seconds (39.56 k allocations: 49.949 MiB)
5817
  1.755244 seconds (22.70 k allocations: 27.694 MiB)
  1.757832 seconds (25.41 k allocations: 33.540 MiB)
2816
1316
  1.774747 seconds (39.56 k allocations: 49.949 MiB)
8816
  1.757130 seconds (39.56 k allocations: 49.949 MiB)
7314
  1.744973 seconds (38.38 k allocations: 47.531 MiB)
4320
  1.765675 seconds (23.82 k allocations: 30.054 MiB)
  1.775019 seconds (38.77 k allocations: 48.440 MiB)
2817
5818
  1.770991 seconds (31.11 k allocations: 38.881 MiB)
1317
  1.762845 seconds (39.64 k allocations: 50.033 MiB)
8817
  1.752503 seconds (38.86 k allocations: 48.543 MiB)
  1.742903 seconds (31.90 k allocations: 40.704 MiB)
7315
4321
  1.801865 seconds (16.41 k allocations: 20.065 MiB, 1.09% gc time)
  1.805657 seconds (19.08 k allocations: 24.019 MiB, 1.08% gc time)
  1.807623 seconds (21.72 k allocations: 27.924 MiB, 1.08% gc time)
  1.790261 seconds (8.78 k allocations: 10.380 MiB, 1.09% gc time)
5819
1318
2818
8818
  1.760952 seconds (24.24 k allocations: 29.674 MiB)
4322
  1.788856 seconds (8.00 k allocations: 10.074 MiB)
  1.789341 seconds (8.24 k allocations: 11.534 MiB)
1319
5820
  1.803878 seconds (34.64 k allocations: 43.536 MiB)
  1.791807 seconds (15.20 k allocations: 19.431 MiB)
  1.793472 seconds (17.21 k allocations: 22.166 MiB)
7316
8819
2819
  1.773236 seconds (39.64 k allocations: 50.033 MiB)
4323
  1.763234 seconds (20.50 k allocations: 26.488 MiB)
  1.766321 seconds (28.42 k allocations: 36.508 MiB)
5821
1320
  1.761130 seconds (10.51 k allocations: 14.036 MiB)
  1.764091 seconds (14.65 k allocations: 21.361 MiB)
  1.761716 seconds (14.23 k allocations: 19.119 MiB)
8820
7317
2820
  1.744201 seconds (39.64 k allocations: 50.033 MiB)
4324
  1.753817 seconds (7.99 k allocations: 10.074 MiB)
  1.764232 seconds (21.17 k allocations: 29.066 MiB)
  1.763187 seconds (10.45 k allocations: 15.080 MiB)
2821
5822
7318
  1.771066 seconds (27.41 k allocations: 33.206 MiB)
  1.771913 seconds (30.82 k allocations: 37.333 MiB)
8821
1321
  1.742226 seconds (39.72 k allocations: 50.117 MiB)
4325
  1.797135 seconds (18.31 k allocations: 21.827 MiB, 1.50% gc time)
  1.797295 seconds (18.54 k allocations: 22.033 MiB, 1.50% gc time)
  1.787499 seconds (6.47 k allocations: 7.273 MiB, 1.51% gc time)
  1.788767 seconds (6.59 k allocations: 7.434 MiB, 1.51% gc time)
  1.798503 seconds (20.50 k allocations: 24.218 MiB, 1.50% gc time)
2822
7319
1322
8822
5823
  1.763389 seconds (16.81 k allocations: 22.044 MiB)
2823
  1.782072 seconds (44.24 k allocations: 53.391 MiB)
4326
  1.778274 seconds (15.99 k allocations: 20.148 MiB)
  1.779788 seconds (16.37 k allocations: 21.184 MiB)
8823
1323
  1.783489 seconds (25.09 k allocations: 30.838 MiB)
  1.787663 seconds (29.38 k allocations: 35.839 MiB)
5824
7320
  1.749872 seconds (39.72 k allocations: 50.117 MiB)
2824
  1.762391 seconds (39.64 k allocations: 50.033 MiB)
4327
  1.751685 seconds (15.90 k allocations: 20.064 MiB)
7321
  1.760329 seconds (26.78 k allocations: 34.303 MiB)
  1.755062 seconds (17.11 k allocations: 22.324 MiB)
1324
5825
  1.771183 seconds (51.73 k allocations: 64.817 MiB)
8824
  1.767660 seconds (39.88 k allocations: 50.285 MiB)
  1.744359 seconds (31.89 k allocations: 40.211 MiB)
2825
4328
  1.754394 seconds (26.66 k allocations: 35.408 MiB)
7322
  1.770703 seconds (31.89 k allocations: 40.211 MiB)
1325
  1.775219 seconds (36.93 k allocations: 45.410 MiB)
5826
  1.770596 seconds (35.47 k allocations: 44.564 MiB)
8825
  1.751205 seconds (31.81 k allocations: 40.127 MiB)
4329
  1.757152 seconds (35.57 k allocations: 44.661 MiB)
2826
  1.811465 seconds (34.68 k allocations: 43.760 MiB, 1.02% gc time)
  1.793075 seconds (24.20 k allocations: 30.428 MiB, 1.03% gc time)
  1.786981 seconds (14.64 k allocations: 18.791 MiB, 1.03% gc time)
  1.781707 seconds (10.99 k allocations: 13.883 MiB, 1.03% gc time)
7323
1326
8826
5827
  1.761510 seconds (23.47 k allocations: 28.837 MiB)
2827
  1.787184 seconds (44.93 k allocations: 56.652 MiB)
  1.775661 seconds (13.01 k allocations: 19.514 MiB)
4330
8827
  1.785166 seconds (23.82 k allocations: 30.054 MiB)
1327
  1.788709 seconds (25.77 k allocations: 32.743 MiB)
7324
  1.809004 seconds (39.72 k allocations: 50.117 MiB)
5828
  1.754595 seconds (39.80 k allocations: 50.201 MiB)
2828
  1.758795 seconds (33.38 k allocations: 42.949 MiB)
4331
  1.759747 seconds (35.23 k allocations: 44.310 MiB)
8828
  1.754301 seconds (31.73 k allocations: 40.043 MiB)
7325
  1.763382 seconds (37.27 k allocations: 47.623 MiB)
1328
  1.762621 seconds (39.64 k allocations: 50.033 MiB)
5829
  1.753032 seconds (39.64 k allocations: 50.033 MiB)
2829
  1.743342 seconds (36.86 k allocations: 46.509 MiB)
4332
  1.759468 seconds (39.26 k allocations: 48.997 MiB)
8829
  1.759833 seconds (32.55 k allocations: 40.886 MiB)
7326
  1.766525 seconds (39.20 k allocations: 48.374 MiB)
1329
  1.775287 seconds (39.72 k allocations: 50.117 MiB)
5830
  1.753775 seconds (39.80 k allocations: 50.201 MiB)
2830
  1.748509 seconds (37.92 k allocations: 47.065 MiB)
  1.844853 seconds (30.52 k allocations: 37.592 MiB, 1.47% gc time)
  1.835430 seconds (22.06 k allocations: 26.961 MiB, 1.48% gc time)
  1.825592 seconds (15.11 k allocations: 18.656 MiB, 1.49% gc time)
  1.787831 seconds (7.25 k allocations: 8.757 MiB, 1.52% gc time)
4333
1330
7327
8830
5831
  1.754268 seconds (36.30 k allocations: 43.357 MiB)
2831
  1.782060 seconds (7.99 k allocations: 10.074 MiB)
5832
  1.798194 seconds (16.55 k allocations: 21.947 MiB)
  1.794139 seconds (16.29 k allocations: 21.100 MiB)
1331
8831
  1.800508 seconds (20.05 k allocations: 25.683 MiB)
7328
  1.809461 seconds (37.66 k allocations: 49.241 MiB)
4334
  1.763842 seconds (39.80 k allocations: 50.201 MiB)
2832
  1.760374 seconds (39.80 k allocations: 50.201 MiB)
5833
  1.742950 seconds (12.84 k allocations: 15.714 MiB)
  1.754475 seconds (26.42 k allocations: 33.934 MiB)
4335
1332
  1.754889 seconds (27.25 k allocations: 34.267 MiB)
7329
  1.760256 seconds (39.01 k allocations: 49.378 MiB)
8832
  1.762050 seconds (39.80 k allocations: 50.201 MiB)
2833
  1.745930 seconds (16.18 k allocations: 20.861 MiB)
4336
  1.751145 seconds (16.42 k allocations: 20.583 MiB)
7330
  1.769360 seconds (49.63 k allocations: 61.464 MiB)
5834
  1.766119 seconds (37.75 k allocations: 47.477 MiB)
1333
  1.792365 seconds (39.72 k allocations: 50.117 MiB)
8833
  1.761076 seconds (39.64 k allocations: 50.033 MiB)
2834
  1.744440 seconds (36.55 k allocations: 46.195 MiB)
4337
  3.502241 seconds (33.54 k allocations: 41.901 MiB, 0.52% gc time)
  3.495650 seconds (21.66 k allocations: 27.842 MiB, 0.52% gc time)
  3.492505 seconds (19.91 k allocations: 24.864 MiB, 0.52% gc time)
  3.452869 seconds (12.13 k allocations: 15.058 MiB, 0.53% gc time)
  1.773556 seconds (4.23 k allocations: 5.146 MiB, 1.03% gc time)
7331
2835
1334
5835
8834
  1.748088 seconds (36.70 k allocations: 43.761 MiB)
4338
  1.760639 seconds (20.92 k allocations: 28.149 MiB)
2836
  1.888307 seconds (15.99 k allocations: 20.148 MiB)
5836
  1.893297 seconds (16.73 k allocations: 22.829 MiB)
  1.896337 seconds (19.53 k allocations: 27.550 MiB)
1335
7332
  1.894958 seconds (28.50 k allocations: 35.017 MiB)
8835
  1.755677 seconds (39.88 k allocations: 50.285 MiB)
4339
  1.762140 seconds (39.80 k allocations: 50.201 MiB)
2837
  1.753458 seconds (18.47 k allocations: 23.909 MiB)
  1.754428 seconds (18.94 k allocations: 25.031 MiB)
7333
1336
  1.763864 seconds (35.97 k allocations: 45.590 MiB)
5837
  1.763007 seconds (36.10 k allocations: 45.211 MiB)
8836
  1.745618 seconds (39.72 k allocations: 50.117 MiB)
4340
  1.765874 seconds (39.72 k allocations: 50.117 MiB)
2838
  1.762045 seconds (26.04 k allocations: 32.901 MiB)
  1.767250 seconds (33.63 k allocations: 43.178 MiB)
1337
7334
  1.766785 seconds (29.55 k allocations: 36.604 MiB)
  1.763491 seconds (29.49 k allocations: 35.962 MiB)
5838
8837
  1.744818 seconds (39.80 k allocations: 50.201 MiB)
4341
  1.933220 seconds (39.25 k allocations: 48.414 MiB, 1.06% gc time)
  1.802020 seconds (18.08 k allocations: 21.587 MiB, 1.14% gc time)
  1.801046 seconds (15.83 k allocations: 19.267 MiB, 1.14% gc time)
  1.794152 seconds (7.56 k allocations: 8.457 MiB, 1.15% gc time)
  1.796876 seconds (8.19 k allocations: 10.449 MiB, 1.15% gc time)
1338
7335
5839
2839
8838
  1.773825 seconds (37.72 k allocations: 44.793 MiB)
4342
  1.765385 seconds (10.07 k allocations: 14.650 MiB)
5840
  1.770336 seconds (15.90 k allocations: 20.064 MiB)
8839
  1.782922 seconds (23.82 k allocations: 30.053 MiB)
2840
  1.790074 seconds (27.09 k allocations: 36.525 MiB)
1339
  1.798720 seconds (39.72 k allocations: 50.117 MiB)
7336
  1.749915 seconds (33.96 k allocations: 43.540 MiB)
4343
  1.759726 seconds (31.81 k allocations: 40.127 MiB)
  1.771542 seconds (40.10 k allocations: 51.152 MiB)
8840
5841
  1.755560 seconds (31.89 k allocations: 40.211 MiB)
1340
  1.766801 seconds (40.04 k allocations: 50.455 MiB)
2841
  1.765791 seconds (39.96 k allocations: 50.369 MiB)
7337
  1.747089 seconds (39.88 k allocations: 50.285 MiB)
4344
  1.764195 seconds (31.77 k allocations: 39.908 MiB)
  1.769857 seconds (32.27 k allocations: 41.247 MiB)
  1.755119 seconds (16.68 k allocations: 22.137 MiB)
5842
8841
2842
  1.769096 seconds (37.07 k allocations: 45.019 MiB)
1341
  1.755199 seconds (37.60 k allocations: 46.730 MiB)
7338
  1.751225 seconds (39.88 k allocations: 50.285 MiB)
4345
  1.758279 seconds (18.30 k allocations: 23.731 MiB)
2843
  1.749576 seconds (8.30 k allocations: 11.027 MiB)
7339
  3.471394 seconds (25.51 k allocations: 33.690 MiB, 0.51% gc time)
  3.470611 seconds (24.34 k allocations: 31.278 MiB, 0.51% gc time)
  3.465445 seconds (17.98 k allocations: 22.840 MiB, 0.51% gc time)
  1.761361 seconds (6.60 k allocations: 10.074 MiB, 1.01% gc time)
8842
1342
5843
4346
  1.761777 seconds (25.46 k allocations: 32.137 MiB)
7340
  1.806401 seconds (7.91 k allocations: 9.990 MiB)
4347
  1.889007 seconds (27.02 k allocations: 35.077 MiB)
2844
  1.899824 seconds (34.34 k allocations: 44.454 MiB)
8843
  1.898655 seconds (31.23 k allocations: 38.311 MiB)
5844
  1.929319 seconds (39.64 k allocations: 50.033 MiB)
1343
  1.754025 seconds (39.72 k allocations: 50.117 MiB)
7341
  1.763991 seconds (39.80 k allocations: 50.201 MiB)
4348
  1.755378 seconds (31.51 k allocations: 39.175 MiB)
8844
  1.771469 seconds (43.14 k allocations: 54.308 MiB)
2845
  1.773208 seconds (39.96 k allocations: 50.369 MiB)
5845
  1.755450 seconds (39.88 k allocations: 50.285 MiB)
1344
  1.753919 seconds (39.88 k allocations: 50.285 MiB)
7342
  1.747929 seconds (39.88 k allocations: 50.285 MiB)
4349
  1.760464 seconds (34.83 k allocations: 44.442 MiB)
8845
  1.759408 seconds (32.79 k allocations: 41.832 MiB)
2846
  1.758789 seconds (31.89 k allocations: 40.211 MiB)
1345
  1.772517 seconds (41.97 k allocations: 53.012 MiB)
5846
  1.755661 seconds (39.72 k allocations: 50.117 MiB)
7343
  1.900685 seconds (36.45 k allocations: 45.559 MiB, 0.87% gc time)
  1.816194 seconds (21.29 k allocations: 27.448 MiB, 0.91% gc time)
  1.813955 seconds (20.66 k allocations: 25.572 MiB, 0.91% gc time)
  1.779465 seconds (5.69 k allocations: 7.657 MiB, 0.93% gc time)
  1.777098 seconds (5.02 k allocations: 5.828 MiB, 0.93% gc time)
2847
8846
1346
5847
4350
  1.765249 seconds (36.36 k allocations: 43.407 MiB)
7344
  1.775010 seconds (8.99 k allocations: 12.312 MiB)
1347
  1.787714 seconds (15.90 k allocations: 20.064 MiB)
  1.794093 seconds (19.88 k allocations: 27.195 MiB)
5848
2848
  1.790907 seconds (23.23 k allocations: 28.931 MiB)
4351
  1.800430 seconds (36.27 k allocations: 46.600 MiB)
8847
  1.751797 seconds (39.72 k allocations: 50.117 MiB)
7345
  1.761699 seconds (39.72 k allocations: 50.117 MiB)
  1.741173 seconds (12.44 k allocations: 16.478 MiB)
1348
4352
  1.754804 seconds (34.34 k allocations: 43.289 MiB)
2849
  1.757715 seconds (31.81 k allocations: 40.127 MiB)
  1.769169 seconds (45.32 k allocations: 58.921 MiB)
8848
5849
  1.753704 seconds (39.80 k allocations: 50.201 MiB)
7346
  1.755279 seconds (31.43 k allocations: 39.091 MiB)
4353
  1.767407 seconds (39.68 k allocations: 49.835 MiB)
  1.754872 seconds (31.39 k allocations: 38.859 MiB)
1349
2850
  1.757343 seconds (31.26 k allocations: 38.345 MiB)
8849
  1.761598 seconds (35.43 k allocations: 44.511 MiB)
5850
  1.754122 seconds (39.72 k allocations: 50.117 MiB)
7347
  1.810264 seconds (25.89 k allocations: 33.385 MiB, 0.90% gc time)
  1.821713 seconds (39.64 k allocations: 50.032 MiB, 0.90% gc time)
  1.798059 seconds (12.04 k allocations: 15.393 MiB, 0.91% gc time)
  1.805823 seconds (23.00 k allocations: 28.523 MiB, 0.90% gc time)
  1.793113 seconds (8.05 k allocations: 10.148 MiB, 0.91% gc time)
1350
5851
2851
8850
4354
  1.762120 seconds (37.97 k allocations: 45.106 MiB)
7348
  1.774689 seconds (12.52 k allocations: 18.358 MiB)
2852
  1.779327 seconds (17.18 k allocations: 23.797 MiB)
5852
  1.790763 seconds (24.32 k allocations: 30.576 MiB)
1351
  1.803812 seconds (34.72 k allocations: 44.316 MiB)
8851
  1.802032 seconds (33.39 k allocations: 42.444 MiB)
4355
  1.755772 seconds (39.64 k allocations: 50.033 MiB)
7349
  1.758970 seconds (36.46 k allocations: 46.097 MiB)
2853
  1.756795 seconds (31.46 k allocations: 39.449 MiB)
1352
  1.771954 seconds (43.21 k allocations: 53.677 MiB)
  1.748057 seconds (24.66 k allocations: 30.973 MiB)
4356
5853
  1.759671 seconds (39.55 k allocations: 48.720 MiB)
8852
  1.756657 seconds (39.72 k allocations: 50.117 MiB)
7350
  1.762836 seconds (39.72 k allocations: 50.117 MiB)
2854
  1.746455 seconds (27.02 k allocations: 34.553 MiB)
4357
  1.759559 seconds (39.85 k allocations: 49.676 MiB)
1353
  1.777445 seconds (39.26 k allocations: 48.997 MiB)
  1.768593 seconds (32.03 k allocations: 40.995 MiB)
5854
8853
  1.755592 seconds (39.56 k allocations: 49.949 MiB)
7351
  1.756020 seconds (26.15 k allocations: 33.652 MiB)
4358
  1.771081 seconds (41.34 k allocations: 52.054 MiB)
  3.524378 seconds (26.95 k allocations: 34.638 MiB, 1.53% gc time)
  3.488258 seconds (11.24 k allocations: 14.712 MiB, 1.55% gc time)
  3.488410 seconds (11.33 k allocations: 14.817 MiB, 1.55% gc time)
  1.805865 seconds (3.49 k allocations: 4.902 MiB, 2.98% gc time)
2855
7352
1354
5855
8854
  1.744462 seconds (32.79 k allocations: 39.606 MiB)
4359
  1.785860 seconds (8.57 k allocations: 11.883 MiB)
7353
  1.919386 seconds (15.91 k allocations: 20.064 MiB)
1355
  1.952204 seconds (25.06 k allocations: 33.764 MiB)
2856
  1.951231 seconds (27.11 k allocations: 34.112 MiB)
8855
  1.959182 seconds (37.09 k allocations: 46.206 MiB)
5856
  1.760589 seconds (39.80 k allocations: 50.201 MiB)
4360
  1.753128 seconds (39.80 k allocations: 50.201 MiB)
7354
  1.766068 seconds (39.72 k allocations: 50.117 MiB)
1356
  1.763106 seconds (34.94 k allocations: 44.550 MiB)
2857
  1.765154 seconds (34.07 k allocations: 42.439 MiB)
8856
  1.774934 seconds (39.80 k allocations: 50.201 MiB)
5857
  1.744028 seconds (39.80 k allocations: 50.201 MiB)
4361
  1.753472 seconds (39.80 k allocations: 50.201 MiB)
7355
  1.755296 seconds (39.72 k allocations: 50.117 MiB)
1357
  1.766165 seconds (36.73 k allocations: 46.369 MiB)
2858
  1.768860 seconds (39.59 k allocations: 48.765 MiB)
8857
  1.759426 seconds (37.32 k allocations: 46.450 MiB)
5858
  1.744037 seconds (39.64 k allocations: 50.033 MiB)
4362
  1.991078 seconds (38.15 k allocations: 47.294 MiB, 0.92% gc time)
  1.841862 seconds (30.26 k allocations: 37.308 MiB, 1.00% gc time)
  1.794781 seconds (12.33 k allocations: 14.471 MiB, 1.02% gc time)
  1.803650 seconds (22.06 k allocations: 26.417 MiB, 1.02% gc time)
  1.788219 seconds (6.67 k allocations: 7.606 MiB, 1.03% gc time)
7356
1358
2859
8858
5859
  1.757304 seconds (2.62 k allocations: 5.111 MiB)
8859
  1.760687 seconds (4.42 k allocations: 7.663 MiB)
5860
  1.789262 seconds (52.47 k allocations: 63.680 MiB)
4363
  1.787698 seconds (23.90 k allocations: 30.137 MiB)
2860
  1.800420 seconds (32.40 k allocations: 41.957 MiB)
7357
  1.812269 seconds (39.80 k allocations: 50.201 MiB)
1359
  1.760242 seconds (34.68 k allocations: 44.283 MiB)
8860
  1.763672 seconds (38.56 k allocations: 47.720 MiB)
5861
  1.758499 seconds (39.72 k allocations: 50.117 MiB)
4364
  1.759627 seconds (39.34 k allocations: 49.081 MiB)
2861
  1.753260 seconds (32.54 k allocations: 41.566 MiB)
7358
  1.757917 seconds (39.72 k allocations: 50.117 MiB)
1360
  1.744719 seconds (23.82 k allocations: 30.053 MiB)
  1.762780 seconds (39.15 k allocations: 49.484 MiB)
4365
8861
  1.770529 seconds (47.63 k allocations: 60.106 MiB)
5862
  1.755599 seconds (31.73 k allocations: 40.043 MiB)
  1.756413 seconds (32.11 k allocations: 41.079 MiB)
7359
2862
  1.758185 seconds (39.72 k allocations: 50.117 MiB)
1361
  1.745011 seconds (31.73 k allocations: 40.043 MiB)
4366
  1.762675 seconds (39.64 k allocations: 50.033 MiB)
8862
  3.543781 seconds (34.77 k allocations: 43.841 MiB, 1.45% gc time)
  3.528783 seconds (20.71 k allocations: 26.876 MiB, 1.46% gc time)
  3.524719 seconds (19.03 k allocations: 23.935 MiB, 1.46% gc time)
  3.505140 seconds (11.24 k allocations: 14.153 MiB, 1.47% gc time)
  1.801885 seconds (3.42 k allocations: 4.305 MiB, 2.85% gc time)
7360
2863
5863
1362
4367
  1.763301 seconds (34.50 k allocations: 41.403 MiB)
8863
  1.790335 seconds (7.91 k allocations: 9.990 MiB)
4368
  1.877004 seconds (15.83 k allocations: 19.980 MiB)
2864
  1.881311 seconds (17.10 k allocations: 21.978 MiB)
7361
  1.885380 seconds (29.18 k allocations: 36.221 MiB)
5864
  1.887902 seconds (33.80 k allocations: 42.855 MiB)
1363
  1.760778 seconds (39.72 k allocations: 50.117 MiB)
8864
  1.756854 seconds (39.72 k allocations: 50.117 MiB)
4369
  1.753567 seconds (32.04 k allocations: 40.945 MiB)
  1.753099 seconds (29.41 k allocations: 37.205 MiB)
2865
7362
  1.760380 seconds (34.83 k allocations: 44.441 MiB)
5865
  1.758578 seconds (32.74 k allocations: 41.782 MiB)
1364
  1.763041 seconds (39.72 k allocations: 50.117 MiB)
8865
  1.745806 seconds (39.64 k allocations: 50.033 MiB)
4370
  1.756328 seconds (31.81 k allocations: 40.127 MiB)
7363
  1.765530 seconds (37.34 k allocations: 46.468 MiB)
2866
  1.764074 seconds (34.34 k allocations: 43.927 MiB)
  1.760126 seconds (31.95 k allocations: 40.497 MiB)
5866
1365
  1.765900 seconds (39.80 k allocations: 50.201 MiB)
8866
  1.982513 seconds (38.56 k allocations: 47.723 MiB, 4.84% gc time)
  1.888260 seconds (28.48 k allocations: 34.811 MiB, 5.09% gc time)
  1.880548 seconds (22.79 k allocations: 27.765 MiB, 5.11% gc time)
  1.866479 seconds (6.96 k allocations: 7.805 MiB, 5.15% gc time)
  1.864945 seconds (7.07 k allocations: 7.941 MiB, 5.15% gc time)
1366
7364
2867
5867
4371
  1.759134 seconds (37.33 k allocations: 44.401 MiB)
8867
  1.782834 seconds (7.91 k allocations: 9.990 MiB)
2868
  1.795534 seconds (10.05 k allocations: 15.238 MiB)
1367
  1.811720 seconds (24.05 k allocations: 31.512 MiB)
  1.808389 seconds (24.13 k allocations: 30.995 MiB)
  1.809535 seconds (24.58 k allocations: 32.125 MiB)
7365
5868
4372
  1.774106 seconds (39.72 k allocations: 50.117 MiB)
8868
  1.754928 seconds (31.73 k allocations: 40.043 MiB)
1368
  1.764463 seconds (37.52 k allocations: 46.654 MiB)
2869
  1.748519 seconds (17.45 k allocations: 22.336 MiB)
4373
  1.763558 seconds (33.80 k allocations: 43.387 MiB)
7366
  1.767788 seconds (35.14 k allocations: 45.451 MiB)
5869
  1.763454 seconds (39.72 k allocations: 50.117 MiB)
8869
  1.741709 seconds (23.74 k allocations: 29.704 MiB)
4374
  1.761340 seconds (43.28 k allocations: 53.113 MiB)
1369
  1.760611 seconds (37.26 k allocations: 47.595 MiB)
2870
  1.761320 seconds (33.93 k allocations: 43.519 MiB)
7367
  1.765634 seconds (38.22 k allocations: 47.368 MiB)
5870
  1.761706 seconds (39.72 k allocations: 50.117 MiB)
8870
  1.747225 seconds (37.74 k allocations: 46.190 MiB)
4375
  3.561249 seconds (28.95 k allocations: 37.211 MiB, 1.76% gc time)
  3.557420 seconds (26.79 k allocations: 33.767 MiB, 1.76% gc time)
  3.540283 seconds (17.28 k allocations: 21.460 MiB, 1.77% gc time)
  3.532493 seconds (11.07 k allocations: 13.930 MiB, 1.78% gc time)
  1.820452 seconds (2.87 k allocations: 3.063 MiB, 3.45% gc time)
1370
8871
7368
5871
2871
  1.744192 seconds (34.49 k allocations: 41.396 MiB)
4376
  1.801539 seconds (9.13 k allocations: 13.681 MiB)
8872
  1.950929 seconds (15.90 k allocations: 20.064 MiB)
2872
  1.959767 seconds (19.80 k allocations: 27.180 MiB)
1371
  1.959912 seconds (20.55 k allocations: 26.194 MiB)
7369
  1.959936 seconds (29.34 k allocations: 35.870 MiB)
5872
  1.758964 seconds (39.64 k allocations: 50.033 MiB)
4377
  1.764053 seconds (39.64 k allocations: 50.033 MiB)
8873
  1.756909 seconds (20.47 k allocations: 27.156 MiB)
  1.760223 seconds (28.17 k allocations: 36.693 MiB)
1372
2873
  1.762251 seconds (25.30 k allocations: 32.282 MiB)
7370
  1.779415 seconds (39.80 k allocations: 50.201 MiB)
5873
  1.744482 seconds (39.80 k allocations: 50.201 MiB)
4378
  1.761653 seconds (39.72 k allocations: 50.117 MiB)
8874
  1.758182 seconds (31.69 k allocations: 40.524 MiB)
1373
  1.753995 seconds (25.27 k allocations: 32.233 MiB)
7371
  1.761889 seconds (33.62 k allocations: 42.666 MiB)
2874
  1.769853 seconds (39.80 k allocations: 50.201 MiB)
5874
  1.744300 seconds (39.80 k allocations: 50.201 MiB)
4379
  2.095669 seconds (38.39 k allocations: 47.543 MiB, 6.47% gc time)
  1.947682 seconds (22.32 k allocations: 27.810 MiB, 6.96% gc time)
  1.942998 seconds (16.15 k allocations: 20.291 MiB, 6.97% gc time)
  1.939109 seconds (14.60 k allocations: 17.498 MiB, 6.99% gc time)
  1.911908 seconds (6.78 k allocations: 7.671 MiB, 7.09% gc time)
1374
7372
2875
8875
5875
  1.777772 seconds (37.68 k allocations: 44.762 MiB)
4380
  1.783124 seconds (7.91 k allocations: 9.990 MiB)
5876
  1.794975 seconds (16.27 k allocations: 21.663 MiB)
7373
  1.798906 seconds (18.89 k allocations: 23.803 MiB)
2876
  1.807668 seconds (30.53 k allocations: 41.269 MiB)
1375
  1.815546 seconds (39.80 k allocations: 50.201 MiB)
8876
  1.756099 seconds (39.88 k allocations: 50.285 MiB)
4381
  1.760741 seconds (39.50 k allocations: 49.249 MiB)
  1.750128 seconds (26.59 k allocations: 34.108 MiB)
5877
7374
  1.755164 seconds (33.86 k allocations: 40.989 MiB)
2877
  1.757638 seconds (37.22 k allocations: 46.350 MiB)
1376
  1.760180 seconds (39.96 k allocations: 50.369 MiB)
8877
  1.743893 seconds (39.88 k allocations: 50.285 MiB)
4382
  1.754284 seconds (30.77 k allocations: 38.370 MiB)
7375
  1.756981 seconds (29.63 k allocations: 37.206 MiB)
  1.766910 seconds (39.66 k allocations: 49.908 MiB)
2878
5878
  1.769545 seconds (39.72 k allocations: 50.117 MiB)
1377
  1.762761 seconds (38.41 k allocations: 47.560 MiB)
8878
  1.741140 seconds (39.80 k allocations: 50.201 MiB)
4383
  1.749842 seconds (39.72 k allocations: 50.117 MiB)
7376
  3.450663 seconds (10.83 k allocations: 13.638 MiB, 0.88% gc time)
  3.477769 seconds (26.67 k allocations: 33.651 MiB, 0.87% gc time)
  1.774312 seconds (3.07 k allocations: 3.750 MiB, 1.71% gc time)
  3.457553 seconds (16.77 k allocations: 20.891 MiB, 0.88% gc time)
  3.477995 seconds (26.62 k allocations: 33.612 MiB, 0.87% gc time)
8879
5879
1378
2879
4384
  1.752909 seconds (35.47 k allocations: 42.456 MiB)
7377
  1.769614 seconds (8.34 k allocations: 11.651 MiB)
4385
  1.871287 seconds (18.65 k allocations: 26.549 MiB)
8880
  1.871591 seconds (19.59 k allocations: 24.517 MiB)
1379
  1.880593 seconds (30.69 k allocations: 38.976 MiB)
5880
  1.881842 seconds (35.15 k allocations: 44.226 MiB)
2880
  1.753778 seconds (39.56 k allocations: 49.949 MiB)
7378
  1.743196 seconds (39.56 k allocations: 49.949 MiB)
4386
  1.760123 seconds (34.83 k allocations: 44.429 MiB)
8881
  1.763974 seconds (37.43 k allocations: 45.853 MiB)
1380
  1.762278 seconds (31.73 k allocations: 40.043 MiB)
2881
  1.779630 seconds (42.82 k allocations: 54.493 MiB)
5881
  1.762609 seconds (39.64 k allocations: 50.033 MiB)
7379
  1.752643 seconds (39.55 k allocations: 49.948 MiB)
4387
  1.758287 seconds (38.25 k allocations: 47.923 MiB)
8882
  1.759518 seconds (37.06 k allocations: 46.086 MiB)
1381
  1.763977 seconds (39.64 k allocations: 50.033 MiB)
2882
  1.760588 seconds (39.64 k allocations: 50.033 MiB)
5882
  1.753595 seconds (39.34 k allocations: 49.081 MiB)
  1.745336 seconds (32.11 k allocations: 41.079 MiB)
7380
4388
  1.815701 seconds (24.22 k allocations: 29.935 MiB, 0.93% gc time)
  1.820600 seconds (28.20 k allocations: 35.203 MiB, 0.92% gc time)
  1.801481 seconds (16.47 k allocations: 20.132 MiB, 0.93% gc time)
  1.790533 seconds (8.59 k allocations: 10.189 MiB, 0.94% gc time)
1382
2883
5883
8883
  1.746119 seconds (25.85 k allocations: 31.329 MiB)
4389
  1.754906 seconds (12.70 k allocations: 17.323 MiB)
2884
  1.760717 seconds (17.74 k allocations: 23.157 MiB)
1383
  1.773391 seconds (39.82 k allocations: 50.122 MiB)
7381
  1.771248 seconds (30.44 k allocations: 38.740 MiB)
5884
  1.776134 seconds (39.64 k allocations: 50.033 MiB)
8884
  1.756908 seconds (39.56 k allocations: 49.949 MiB)
4390
  1.749032 seconds (19.96 k allocations: 25.422 MiB)
7382
  1.756831 seconds (28.97 k allocations: 36.578 MiB)
1384
  1.768187 seconds (45.26 k allocations: 56.516 MiB)
2885
  1.758793 seconds (31.73 k allocations: 40.043 MiB)
  1.772699 seconds (40.02 k allocations: 51.068 MiB)
8885
5885
  1.746661 seconds (39.56 k allocations: 49.949 MiB)
4391
  1.756365 seconds (33.03 k allocations: 41.905 MiB)
7383
  1.751875 seconds (26.58 k allocations: 33.571 MiB)
2886
  1.766163 seconds (40.78 k allocations: 51.194 MiB)
1385
  1.756720 seconds (31.89 k allocations: 40.211 MiB)
8886
  1.759687 seconds (34.38 k allocations: 43.454 MiB)
5886
  1.748666 seconds (39.88 k allocations: 50.285 MiB)
4392
  1.820519 seconds (22.34 k allocations: 27.314 MiB, 2.24% gc time)
  1.836262 seconds (34.89 k allocations: 43.272 MiB, 2.22% gc time)
  1.828926 seconds (27.97 k allocations: 34.345 MiB, 2.23% gc time)
  1.808180 seconds (10.23 k allocations: 12.510 MiB, 2.25% gc time)
  1.803353 seconds (6.63 k allocations: 7.677 MiB, 2.26% gc time)
1386
7384
2887
8887
5887
  1.785575 seconds (37.32 k allocations: 44.381 MiB)
4393
  1.797045 seconds (7.99 k allocations: 10.074 MiB)
  1.797407 seconds (8.38 k allocations: 11.110 MiB)
  1.798636 seconds (8.42 k allocations: 11.176 MiB)
8888
5888
2888
  1.810008 seconds (28.31 k allocations: 35.334 MiB)
  1.809324 seconds (29.52 k allocations: 37.220 MiB)
1387
7385
  1.758540 seconds (39.72 k allocations: 50.117 MiB)
4394
  1.758280 seconds (23.45 k allocations: 29.564 MiB)
  1.757116 seconds (20.28 k allocations: 25.708 MiB)
8889
2889
  1.752853 seconds (11.45 k allocations: 15.000 MiB)
  1.762373 seconds (28.86 k allocations: 35.848 MiB)
7386
5889
  1.763434 seconds (37.83 k allocations: 46.973 MiB)
1388
  1.755608 seconds (39.64 k allocations: 50.033 MiB)
4395
  1.756671 seconds (20.47 k allocations: 27.170 MiB)
  1.755642 seconds (16.76 k allocations: 22.161 MiB)
  1.759440 seconds (23.05 k allocations: 31.067 MiB)
2890
7387
8890
  1.762562 seconds (35.69 k allocations: 44.077 MiB)
  1.757813 seconds (31.82 k allocations: 39.563 MiB)
5890
1389
  1.743660 seconds (39.64 k allocations: 50.033 MiB)
4396
  1.757389 seconds (21.81 k allocations: 26.671 MiB)
  1.764363 seconds (27.48 k allocations: 36.887 MiB)
8891
  1.762936 seconds (24.52 k allocations: 30.809 MiB)
2891
7388
  3.475745 seconds (13.00 k allocations: 17.276 MiB, 0.56% gc time)
  1.765268 seconds (5.20 k allocations: 7.352 MiB, 1.10% gc time)
  3.476789 seconds (13.12 k allocations: 17.376 MiB, 0.56% gc time)
1390
4397
5891
  1.762004 seconds (22.86 k allocations: 29.435 MiB)
8892
  1.771886 seconds (13.27 k allocations: 19.123 MiB)
4398
  1.899845 seconds (18.05 k allocations: 24.707 MiB)
  1.896051 seconds (16.03 k allocations: 20.399 MiB)
2892
1391
  1.902037 seconds (26.87 k allocations: 32.645 MiB)
5892
  1.912970 seconds (37.60 k allocations: 47.967 MiB)
7389
  1.740554 seconds (31.89 k allocations: 40.211 MiB)
4399
  1.776447 seconds (47.71 k allocations: 60.190 MiB)
8893
  1.756287 seconds (30.47 k allocations: 39.302 MiB)
2893
  1.757706 seconds (29.27 k allocations: 37.540 MiB)
1392
  1.752958 seconds (27.02 k allocations: 32.793 MiB)
7390
  1.765890 seconds (43.39 k allocations: 53.863 MiB)
5893
  1.744273 seconds (39.80 k allocations: 50.201 MiB)
4400
  1.768245 seconds (39.80 k allocations: 50.201 MiB)
8894
  1.754631 seconds (33.25 k allocations: 42.117 MiB)
2894
  1.755141 seconds (28.26 k allocations: 36.508 MiB)
1393
  1.760878 seconds (37.25 k allocations: 45.685 MiB)
7391
  1.768019 seconds (39.80 k allocations: 50.201 MiB)
5894
  1.782022 seconds (39.72 k allocations: 50.117 MiB)
4401
  1.932402 seconds (34.68 k allocations: 43.751 MiB, 1.01% gc time)
  1.812163 seconds (16.46 k allocations: 20.624 MiB, 1.07% gc time)
  1.805830 seconds (10.84 k allocations: 13.633 MiB, 1.08% gc time)
  1.818285 seconds (22.46 k allocations: 28.725 MiB, 1.07% gc time)
  1.789147 seconds (3.16 k allocations: 4.084 MiB, 1.09% gc time)
1394
7392
2895
8895
5895
  1.751638 seconds (33.19 k allocations: 40.125 MiB)
4402
  1.789892 seconds (13.68 k allocations: 19.544 MiB)
1395
  1.793795 seconds (14.98 k allocations: 20.337 MiB)
7393
  1.793118 seconds (16.33 k allocations: 21.134 MiB)
  1.793734 seconds (18.09 k allocations: 23.631 MiB)
2896
5896
  1.802073 seconds (39.72 k allocations: 50.117 MiB)
8896
  1.749785 seconds (39.72 k allocations: 50.117 MiB)
4403
  1.758227 seconds (37.08 k allocations: 45.802 MiB)
1396
  1.764565 seconds (25.90 k allocations: 34.630 MiB)
  1.763112 seconds (24.28 k allocations: 31.173 MiB)
7394
5897
  1.767762 seconds (27.78 k allocations: 35.487 MiB)
2897
  1.759895 seconds (38.84 k allocations: 47.998 MiB)
8897
  1.743661 seconds (39.64 k allocations: 50.033 MiB)
4404
  1.757322 seconds (39.56 k allocations: 49.949 MiB)
1397
  1.753826 seconds (26.94 k allocations: 34.457 MiB)
7395
  1.757480 seconds (28.91 k allocations: 35.252 MiB)
2898
  1.757357 seconds (31.73 k allocations: 40.043 MiB)
  1.771503 seconds (40.45 k allocations: 52.588 MiB)
8898
5898
  1.754920 seconds (39.72 k allocations: 50.117 MiB)
4405
  1.817990 seconds (37.94 k allocations: 46.428 MiB, 1.00% gc time)
  1.808430 seconds (29.11 k allocations: 35.425 MiB, 1.00% gc time)
  1.788816 seconds (6.72 k allocations: 7.717 MiB, 1.01% gc time)
  1.800159 seconds (22.01 k allocations: 26.193 MiB, 1.01% gc time)
  1.788547 seconds (6.83 k allocations: 7.909 MiB, 1.01% gc time)
1398
7396
5899
8899
2899
  1.751267 seconds (36.65 k allocations: 43.702 MiB)
4406
  1.760216 seconds (11.18 k allocations: 14.541 MiB)
8900
  1.781574 seconds (17.40 k allocations: 22.818 MiB)
5900
  1.786261 seconds (19.02 k allocations: 25.098 MiB)
7397
  1.793640 seconds (31.78 k allocations: 38.866 MiB)
1399
  1.791785 seconds (37.21 k allocations: 46.336 MiB)
2900
  1.763239 seconds (39.80 k allocations: 50.201 MiB)
4407
  1.761304 seconds (39.80 k allocations: 50.201 MiB)
8901
  1.761844 seconds (29.74 k allocations: 37.316 MiB)
7398
  1.757955 seconds (22.61 k allocations: 28.830 MiB)
1400
  1.759663 seconds (31.42 k allocations: 38.501 MiB)
  1.775330 seconds (48.16 k allocations: 61.878 MiB)
2901
5901
  1.759465 seconds (31.73 k allocations: 40.043 MiB)
  1.771061 seconds (40.10 k allocations: 51.152 MiB)
8902
4408
  1.754688 seconds (32.60 k allocations: 42.161 MiB)
7399
  1.757414 seconds (35.03 k allocations: 42.817 MiB)
1401
  1.756609 seconds (31.24 k allocations: 38.324 MiB)
2902
  1.763801 seconds (35.23 k allocations: 44.320 MiB)
5902
  1.748395 seconds (31.81 k allocations: 40.127 MiB)
4409
  1.761936 seconds (39.80 k allocations: 50.201 MiB)
8903
  3.499505 seconds (31.55 k allocations: 39.860 MiB, 0.52% gc time)
  3.491917 seconds (26.28 k allocations: 32.550 MiB, 0.52% gc time)
  3.481472 seconds (12.86 k allocations: 16.949 MiB, 0.52% gc time)
  3.478167 seconds (11.12 k allocations: 14.040 MiB, 0.52% gc time)
  1.756268 seconds (2.62 k allocations: 2.777 MiB, 1.04% gc time)
7400
1402
2903
5903
4410
  1.772340 seconds (33.64 k allocations: 40.541 MiB)
8904
  1.774391 seconds (12.04 k allocations: 17.869 MiB)
4411
  1.884538 seconds (16.20 k allocations: 21.593 MiB)
7401
  1.890673 seconds (22.21 k allocations: 27.202 MiB)
  1.889126 seconds (22.43 k allocations: 27.540 MiB)
1403
2904
  1.898988 seconds (39.88 k allocations: 50.285 MiB)
5904
  1.759144 seconds (39.80 k allocations: 50.201 MiB)
8905
  1.751368 seconds (34.89 k allocations: 43.967 MiB)
4412
  1.754092 seconds (23.73 k allocations: 29.855 MiB)
  1.763635 seconds (38.19 k allocations: 47.861 MiB)
  1.756729 seconds (24.26 k allocations: 31.206 MiB)
2905
7402
1404
  1.771590 seconds (39.88 k allocations: 50.285 MiB)
5905
  1.742525 seconds (31.97 k allocations: 40.295 MiB)
4413
  1.763438 seconds (44.52 k allocations: 56.242 MiB)
8906
  1.754907 seconds (23.82 k allocations: 30.054 MiB)
  1.753794 seconds (23.82 k allocations: 30.055 MiB)
  1.756857 seconds (24.97 k allocations: 33.749 MiB)
1405
7403
2906
  1.770774 seconds (39.64 k allocations: 50.033 MiB)
5906
  1.742598 seconds (39.64 k allocations: 50.033 MiB)
4414
  1.964947 seconds (34.75 k allocations: 43.836 MiB, 1.91% gc time)
  1.844161 seconds (10.96 k allocations: 13.786 MiB, 2.03% gc time)
  1.844100 seconds (11.00 k allocations: 13.797 MiB, 2.03% gc time)
  1.846836 seconds (13.01 k allocations: 18.349 MiB, 2.03% gc time)
  1.799303 seconds (3.30 k allocations: 4.208 MiB, 2.08% gc time)
1406
7404
2907
5907
8907
  1.772896 seconds (34.14 k allocations: 41.044 MiB)
4415
  1.789401 seconds (8.53 k allocations: 11.843 MiB)
7405
  1.793920 seconds (11.48 k allocations: 15.557 MiB)
5908
  1.805519 seconds (25.49 k allocations: 31.743 MiB)
1407
  1.804556 seconds (27.07 k allocations: 34.082 MiB)
8908
  1.813669 seconds (35.84 k allocations: 44.942 MiB)
2908
  1.776349 seconds (39.64 k allocations: 50.033 MiB)
4416
  1.752527 seconds (35.14 k allocations: 43.514 MiB)
7406
  1.758974 seconds (26.61 k allocations: 33.638 MiB)
1408
  1.757673 seconds (22.16 k allocations: 28.365 MiB)
8909
  1.755553 seconds (22.66 k allocations: 28.345 MiB)
2909
  1.778509 seconds (50.69 k allocations: 63.976 MiB)
5909
  1.750326 seconds (38.82 k allocations: 48.497 MiB)
4417
  1.751510 seconds (39.64 k allocations: 50.032 MiB)
7407
  1.757357 seconds (32.66 k allocations: 40.879 MiB)
1409
  1.765459 seconds (23.73 k allocations: 29.969 MiB)
  1.767867 seconds (25.19 k allocations: 33.327 MiB)
2910
8910
  1.767455 seconds (25.79 k allocations: 33.389 MiB)
5910
  1.743710 seconds (39.34 k allocations: 49.081 MiB)
4418
  1.835133 seconds (38.56 k allocations: 47.713 MiB, 1.18% gc time)
  1.806419 seconds (30.66 k allocations: 37.725 MiB, 1.20% gc time)
  1.790436 seconds (6.85 k allocations: 7.722 MiB, 1.21% gc time)
  1.789437 seconds (6.95 k allocations: 7.902 MiB, 1.21% gc time)
  1.789146 seconds (7.05 k allocations: 8.090 MiB, 1.21% gc time)
1410
7408
8911
2911
5911
  1.762050 seconds (3.77 k allocations: 6.301 MiB)
2912
  1.775316 seconds (38.05 k allocations: 45.828 MiB)
4419
  1.777494 seconds (21.82 k allocations: 29.744 MiB)
8912
  1.788053 seconds (23.73 k allocations: 29.969 MiB)
5912
  1.794945 seconds (27.82 k allocations: 34.840 MiB)
7409
  1.800280 seconds (32.56 k allocations: 41.600 MiB)
1411
  1.757903 seconds (32.33 k allocations: 41.877 MiB)
2913
  1.784207 seconds (39.64 k allocations: 50.033 MiB)
4420
  1.772539 seconds (32.41 k allocations: 41.438 MiB)
8913
  1.755347 seconds (19.09 k allocations: 24.010 MiB)
7410
  1.763408 seconds (36.62 k allocations: 45.035 MiB)
  1.756028 seconds (26.14 k allocations: 33.337 MiB)
5913
1412
  1.756272 seconds (39.72 k allocations: 50.117 MiB)
2914
  1.744568 seconds (28.82 k allocations: 35.450 MiB)
4421
  1.756551 seconds (34.67 k allocations: 42.980 MiB)
8914
  1.759442 seconds (23.81 k allocations: 30.053 MiB)
  1.760383 seconds (24.20 k allocations: 31.089 MiB)
1413
5914
  1.772320 seconds (43.98 k allocations: 55.689 MiB)
7411
  1.755133 seconds (39.72 k allocations: 50.117 MiB)
2915
  1.741210 seconds (33.55 k allocations: 42.610 MiB)
  1.808378 seconds (27.19 k allocations: 34.716 MiB, 1.37% gc time)
  1.798791 seconds (11.18 k allocations: 15.216 MiB, 1.38% gc time)
  1.788500 seconds (3.50 k allocations: 4.861 MiB, 1.39% gc time)
  1.796988 seconds (11.13 k allocations: 14.023 MiB, 1.38% gc time)
4422
1414
7412
8915
5915
  1.773225 seconds (28.81 k allocations: 35.560 MiB)
2916
  1.778061 seconds (7.99 k allocations: 10.074 MiB)
5916
  1.784004 seconds (13.84 k allocations: 16.736 MiB)
8916
  1.788652 seconds (17.43 k allocations: 22.323 MiB)
7413
  1.795756 seconds (30.24 k allocations: 37.308 MiB)
1415
  1.805218 seconds (38.05 k allocations: 47.188 MiB)
4423
  1.756888 seconds (39.72 k allocations: 50.117 MiB)
2917
  1.757033 seconds (24.91 k allocations: 31.997 MiB)
  1.755804 seconds (23.75 k allocations: 29.933 MiB)
8917
7414
  1.768253 seconds (42.69 k allocations: 53.200 MiB)
  1.743804 seconds (13.96 k allocations: 17.583 MiB)
4424
5917
  1.756040 seconds (36.62 k allocations: 45.719 MiB)
1416
  1.762151 seconds (39.64 k allocations: 50.033 MiB)
2918
  1.752478 seconds (24.49 k allocations: 31.265 MiB)
7415
  1.754559 seconds (21.02 k allocations: 25.293 MiB)
  1.762754 seconds (35.01 k allocations: 44.564 MiB)
4425
8918
  1.755489 seconds (28.73 k allocations: 34.543 MiB)
1417
  1.766357 seconds (37.93 k allocations: 48.299 MiB)
5918
  1.759848 seconds (39.80 k allocations: 50.201 MiB)
2919
  1.792955 seconds (19.82 k allocations: 23.399 MiB, 1.07% gc time)
  1.804803 seconds (37.49 k allocations: 45.312 MiB, 1.06% gc time)
  1.794623 seconds (21.68 k allocations: 25.928 MiB, 1.07% gc time)
  1.784344 seconds (6.61 k allocations: 7.452 MiB, 1.08% gc time)
  1.783787 seconds (6.70 k allocations: 7.604 MiB, 1.08% gc time)
7416
1418
8919
5919
4426
  1.758707 seconds (11.21 k allocations: 16.320 MiB)
1419
  1.769087 seconds (38.22 k allocations: 46.008 MiB)
2920
  1.767779 seconds (19.68 k allocations: 26.354 MiB)
5920
  1.787511 seconds (23.82 k allocations: 30.054 MiB)
8920
  1.798904 seconds (32.16 k allocations: 41.708 MiB)
7417
  1.799398 seconds (33.71 k allocations: 42.758 MiB)
4427
  1.757551 seconds (31.34 k allocations: 39.007 MiB)
2921
  1.765010 seconds (35.79 k allocations: 46.108 MiB)
1420
  1.764099 seconds (39.72 k allocations: 50.117 MiB)
5921
  1.741742 seconds (23.89 k allocations: 30.137 MiB)
4428
  1.762609 seconds (44.93 k allocations: 56.131 MiB)
  1.756110 seconds (34.35 k allocations: 44.588 MiB)
8921
7418
  1.771850 seconds (32.86 k allocations: 42.426 MiB)
2922
  1.776508 seconds (36.90 k allocations: 46.012 MiB)
1421
  1.765283 seconds (36.07 k allocations: 44.524 MiB)
5922
  1.758349 seconds (31.74 k allocations: 40.044 MiB)
4429
  1.771406 seconds (31.73 k allocations: 40.043 MiB)
8922
  1.774059 seconds (33.65 k allocations: 42.698 MiB)
7419
  1.742393 seconds (15.82 k allocations: 19.980 MiB)
4430
  1.761790 seconds (38.98 k allocations: 49.356 MiB)
2923
  1.833840 seconds (33.22 k allocations: 41.615 MiB, 1.47% gc time)
  1.825706 seconds (19.85 k allocations: 25.458 MiB, 1.48% gc time)
  1.795892 seconds (4.12 k allocations: 5.582 MiB, 1.50% gc time)
  1.798457 seconds (4.94 k allocations: 7.736 MiB, 1.50% gc time)
1422
7420
8923
5923
  1.766339 seconds (28.40 k allocations: 35.089 MiB)
4431
  1.777150 seconds (8.82 k allocations: 12.141 MiB)
7421
  1.781205 seconds (11.01 k allocations: 15.072 MiB)
8924
  1.797768 seconds (23.73 k allocations: 29.969 MiB)
  1.805995 seconds (26.62 k allocations: 34.782 MiB)
5924
2924
  1.809114 seconds (32.52 k allocations: 41.539 MiB)
1423
  1.768631 seconds (39.72 k allocations: 50.117 MiB)
4432
  1.766598 seconds (35.39 k allocations: 45.005 MiB)
7422
  1.773382 seconds (39.80 k allocations: 50.201 MiB)
8925
  1.758848 seconds (27.27 k allocations: 34.800 MiB)
2925
  1.766092 seconds (31.81 k allocations: 40.127 MiB)
1424
  1.779023 seconds (44.27 k allocations: 55.973 MiB)
5925
  1.745980 seconds (39.72 k allocations: 50.117 MiB)
4433
  1.759950 seconds (31.26 k allocations: 38.923 MiB)
  1.771563 seconds (39.76 k allocations: 50.339 MiB)
8926
7423
  1.774001 seconds (39.64 k allocations: 50.033 MiB)
2926
  1.767840 seconds (33.63 k allocations: 41.991 MiB)
1425
  1.780605 seconds (39.72 k allocations: 50.117 MiB)
5926
  1.740646 seconds (39.80 k allocations: 50.201 MiB)
4434
  1.835040 seconds (30.65 k allocations: 37.723 MiB, 1.02% gc time)
  1.814962 seconds (19.47 k allocations: 23.727 MiB, 1.03% gc time)
  1.836643 seconds (30.68 k allocations: 37.754 MiB, 1.01% gc time)
  1.809583 seconds (14.93 k allocations: 17.905 MiB, 1.03% gc time)
  1.789456 seconds (7.06 k allocations: 8.059 MiB, 1.04% gc time)
7424
5927
1426
8927
2927
  1.760955 seconds (9.96 k allocations: 15.050 MiB)
  1.772998 seconds (37.85 k allocations: 45.574 MiB)
5928
4435
  1.775692 seconds (18.19 k allocations: 24.839 MiB)
  1.772686 seconds (16.29 k allocations: 21.100 MiB)
7425
2928
  1.777735 seconds (20.28 k allocations: 25.926 MiB)
1427
  1.779908 seconds (34.23 k allocations: 42.066 MiB)
8928
  1.763118 seconds (31.73 k allocations: 40.043 MiB)
  1.763773 seconds (32.11 k allocations: 41.079 MiB)
5929
4436
  1.752946 seconds (25.49 k allocations: 31.111 MiB)
7426
  1.756266 seconds (27.91 k allocations: 35.466 MiB)
2929
  1.758227 seconds (31.73 k allocations: 40.043 MiB)
8929
  1.769287 seconds (41.19 k allocations: 51.617 MiB)
1428
  1.742136 seconds (30.45 k allocations: 38.042 MiB)
4437
  1.758417 seconds (28.38 k allocations: 35.932 MiB)
7427
  1.762007 seconds (30.91 k allocations: 37.345 MiB)
  1.776189 seconds (47.50 k allocations: 59.928 MiB)
2930
5930
  1.762696 seconds (36.48 k allocations: 43.677 MiB)
8930
  1.760407 seconds (36.55 k allocations: 45.661 MiB)
1429
  1.750753 seconds (39.96 k allocations: 50.369 MiB)
4438
  1.761281 seconds (38.57 k allocations: 47.603 MiB)
7428
  3.477079 seconds (15.53 k allocations: 19.688 MiB, 0.67% gc time)
  3.469916 seconds (10.97 k allocations: 13.795 MiB, 0.67% gc time)
  3.486499 seconds (25.50 k allocations: 31.734 MiB, 0.67% gc time)
  3.487350 seconds (26.41 k allocations: 32.711 MiB, 0.67% gc time)
  1.759765 seconds (3.36 k allocations: 4.191 MiB, 1.33% gc time)
1430
8931
4439
2931
5931
  1.756588 seconds (11.56 k allocations: 16.694 MiB)
  1.764429 seconds (33.78 k allocations: 41.327 MiB)
4440
7429
  1.865294 seconds (16.31 k allocations: 21.693 MiB)
1431
  1.891695 seconds (23.74 k allocations: 29.970 MiB)
8932
  1.901976 seconds (31.64 k allocations: 39.959 MiB)
5932
  1.906171 seconds (33.56 k allocations: 42.610 MiB)
2932
  1.740245 seconds (31.81 k allocations: 40.127 MiB)
4441
  1.751532 seconds (39.80 k allocations: 50.201 MiB)
7430
  1.765532 seconds (39.88 k allocations: 50.285 MiB)
1432
  1.758053 seconds (39.96 k allocations: 50.369 MiB)
8933
  1.768378 seconds (33.35 k allocations: 42.925 MiB)
5933
  1.769010 seconds (33.35 k allocations: 42.403 MiB)
2933
  1.744795 seconds (39.80 k allocations: 50.201 MiB)
4442
  1.755940 seconds (39.72 k allocations: 50.117 MiB)
7431
  1.761095 seconds (39.64 k allocations: 50.033 MiB)
1433
  1.761452 seconds (39.72 k allocations: 50.117 MiB)
8934
  1.758068 seconds (31.73 k allocations: 40.043 MiB)
2934
  1.772106 seconds (40.98 k allocations: 52.637 MiB)
5934
  1.769786 seconds (39.80 k allocations: 50.201 MiB)
4443
  1.975500 seconds (34.75 k allocations: 43.836 MiB, 0.94% gc time)
  1.842045 seconds (26.78 k allocations: 33.765 MiB, 1.01% gc time)
  1.821125 seconds (19.01 k allocations: 24.010 MiB, 1.02% gc time)
  1.797181 seconds (11.10 k allocations: 14.127 MiB, 1.04% gc time)
  1.785697 seconds (3.23 k allocations: 4.236 MiB, 1.05% gc time)
1434
7432
5935
2935
8935
  1.767286 seconds (33.75 k allocations: 40.645 MiB)
4444
  1.775481 seconds (15.61 k allocations: 22.720 MiB)
5936
  1.781085 seconds (15.82 k allocations: 19.980 MiB)
2936
  1.786619 seconds (22.30 k allocations: 27.284 MiB)
  1.790794 seconds (24.20 k allocations: 31.089 MiB)
8936
7433
  1.822883 seconds (40.94 k allocations: 53.815 MiB)
1435
  1.748329 seconds (39.80 k allocations: 50.201 MiB)
4445
  1.763557 seconds (39.88 k allocations: 50.285 MiB)
5937
  1.754592 seconds (32.13 k allocations: 39.873 MiB)
2937
  1.755534 seconds (31.81 k allocations: 40.127 MiB)
7434
  1.759404 seconds (32.50 k allocations: 42.766 MiB)
8937
  1.756846 seconds (39.80 k allocations: 50.201 MiB)
1436
  1.741286 seconds (39.80 k allocations: 50.201 MiB)
4446
  1.764653 seconds (33.00 k allocations: 42.568 MiB)
  1.751792 seconds (18.80 k allocations: 24.904 MiB)
5938
7435
  1.767828 seconds (39.09 k allocations: 48.956 MiB)
2938
  1.757710 seconds (35.64 k allocations: 44.739 MiB)
8938
  1.757169 seconds (39.72 k allocations: 50.117 MiB)
1437
  1.747725 seconds (39.64 k allocations: 50.033 MiB)
4447
  1.815722 seconds (26.20 k allocations: 32.472 MiB, 0.97% gc time)
  1.808944 seconds (17.71 k allocations: 21.903 MiB, 0.97% gc time)
  1.816296 seconds (26.75 k allocations: 33.052 MiB, 0.97% gc time)
  1.803093 seconds (14.43 k allocations: 17.399 MiB, 0.98% gc time)
  1.776755 seconds (6.63 k allocations: 7.612 MiB, 0.99% gc time)
7436
1438
2939
8939
5939
  1.745935 seconds (36.56 k allocations: 43.575 MiB)
4448
  1.755310 seconds (21.64 k allocations: 28.883 MiB)
  1.753529 seconds (15.29 k allocations: 21.842 MiB)
1439
2940
  1.780274 seconds (23.82 k allocations: 30.053 MiB)
  1.785415 seconds (25.81 k allocations: 35.185 MiB)
5940
  1.784995 seconds (25.73 k allocations: 33.346 MiB)
7437
8940
  1.757583 seconds (39.72 k allocations: 50.117 MiB)
4449
  1.759196 seconds (31.73 k allocations: 40.043 MiB)
1440
  1.762056 seconds (34.67 k allocations: 43.747 MiB)
2941
  1.756825 seconds (23.73 k allocations: 29.969 MiB)
7438
  1.762566 seconds (30.74 k allocations: 37.807 MiB)
8941
  1.777525 seconds (41.65 k allocations: 54.540 MiB)
5941
  1.771095 seconds (39.72 k allocations: 50.117 MiB)
4450
  1.755012 seconds (29.33 k allocations: 36.375 MiB)
  1.764611 seconds (35.23 k allocations: 45.480 MiB)
2942
1441
  1.756691 seconds (26.82 k allocations: 33.887 MiB)
7439
  1.756812 seconds (38.79 k allocations: 47.944 MiB)
8942
  1.762868 seconds (39.64 k allocations: 50.033 MiB)
5942
  1.751232 seconds (39.34 k allocations: 49.081 MiB)
4451
  1.764052 seconds (23.60 k allocations: 29.186 MiB)
7440
  3.473160 seconds (18.89 k allocations: 23.809 MiB, 0.48% gc time)
  3.478880 seconds (23.83 k allocations: 30.066 MiB, 0.48% gc time)
  3.456422 seconds (11.06 k allocations: 13.868 MiB, 0.48% gc time)
  3.480644 seconds (26.08 k allocations: 32.370 MiB, 0.48% gc time)
  1.756014 seconds (3.29 k allocations: 4.154 MiB, 0.95% gc time)
1442
8943
5943
2943
4452
  1.752151 seconds (33.88 k allocations: 40.769 MiB)
7441
  1.798508 seconds (7.99 k allocations: 10.074 MiB)
4453
  1.872848 seconds (15.91 k allocations: 20.064 MiB)
5944
  1.884928 seconds (23.90 k allocations: 30.138 MiB)
8944
  1.888286 seconds (28.46 k allocations: 35.486 MiB)
2944
  1.903368 seconds (40.22 k allocations: 51.853 MiB)
1443
  1.755975 seconds (39.72 k allocations: 50.117 MiB)
7442
  1.742687 seconds (39.72 k allocations: 50.117 MiB)
4454
  1.766028 seconds (39.64 k allocations: 50.033 MiB)
5945
  1.760045 seconds (31.91 k allocations: 40.237 MiB)
8945
  1.765299 seconds (39.64 k allocations: 50.033 MiB)
  1.756705 seconds (32.03 k allocations: 40.995 MiB)
2945
1444
  1.762831 seconds (39.56 k allocations: 49.949 MiB)
7443
  1.743795 seconds (39.64 k allocations: 50.033 MiB)
4455
  1.762289 seconds (35.20 k allocations: 44.805 MiB)
5946
  1.755286 seconds (22.94 k allocations: 27.935 MiB)
2946
  1.771591 seconds (43.72 k allocations: 54.902 MiB)
  1.760659 seconds (30.20 k allocations: 37.913 MiB)
8946
1445
  1.774999 seconds (39.64 k allocations: 50.033 MiB)
7444
  1.926240 seconds (38.08 k allocations: 47.219 MiB, 1.13% gc time)
  1.809818 seconds (29.82 k allocations: 36.215 MiB, 1.20% gc time)
  1.801957 seconds (17.24 k allocations: 20.677 MiB, 1.20% gc time)
  1.795396 seconds (6.56 k allocations: 7.349 MiB, 1.21% gc time)
  1.794844 seconds (6.70 k allocations: 7.583 MiB, 1.21% gc time)
1446
2947
5947
8947
4456
  1.752434 seconds (37.34 k allocations: 44.417 MiB)
7445
  1.755478 seconds (15.52 k allocations: 19.028 MiB)
8948
  1.786402 seconds (31.12 k allocations: 38.140 MiB)
  1.794019 seconds (31.51 k allocations: 39.175 MiB)
1447
2948
  2.634039 seconds (31.73 k allocations: 40.043 MiB)
4457
  3.101511 seconds (55.52 k allocations: 70.008 MiB)
5948
  1.764016 seconds (39.72 k allocations: 50.117 MiB)
  1.756436 seconds (32.12 k allocations: 41.080 MiB)
8949
7446
  1.764493 seconds (31.81 k allocations: 40.127 MiB)
2949
  1.955416 seconds (31.89 k allocations: 40.211 MiB)
4458
  1.968703 seconds (31.81 k allocations: 40.127 MiB)
5949
  1.757857 seconds (24.12 k allocations: 31.592 MiB)
8950
  3.510795 seconds (63.61 k allocations: 80.253 MiB)
1448
  1.761675 seconds (31.81 k allocations: 40.127 MiB)
2950
  2.306868 seconds (47.71 k allocations: 60.190 MiB)
7447
  1.953108 seconds (39.72 k allocations: 50.117 MiB)
4459
  1.758679 seconds (31.81 k allocations: 40.127 MiB)
8951
  3.411014 seconds (18.64 k allocations: 23.557 MiB, 0.44% gc time)
  3.425285 seconds (26.60 k allocations: 33.573 MiB, 0.44% gc time)
  3.664774 seconds (42.64 k allocations: 53.756 MiB, 0.41% gc time)
  2.890776 seconds (12.45 k allocations: 17.155 MiB, 0.52% gc time)
  2.127801 seconds (4.73 k allocations: 7.567 MiB, 0.71% gc time)
5950
1449
2951
7448
4460
  1.784681 seconds (28.46 k allocations: 35.262 MiB)
8952
  1.857832 seconds (23.05 k allocations: 27.982 MiB)
2952
  2.632177 seconds (15.90 k allocations: 20.064 MiB)
7449
  3.083998 seconds (24.63 k allocations: 32.115 MiB)
4461
  3.505765 seconds (55.37 k allocations: 69.161 MiB)
5951
  3.550135 seconds (54.86 k allocations: 68.108 MiB)
1450
  1.758418 seconds (31.81 k allocations: 40.127 MiB)
2953
  2.405975 seconds (47.71 k allocations: 60.190 MiB)
8953
  2.225045 seconds (39.72 k allocations: 50.117 MiB)
7450
  1.767464 seconds (7.99 k allocations: 10.074 MiB)
8954
  2.436716 seconds (31.81 k allocations: 40.127 MiB)
1451
  2.927141 seconds (31.81 k allocations: 40.127 MiB)
2954
  3.470924 seconds (63.53 k allocations: 80.169 MiB)
4462
  3.310756 seconds (63.53 k allocations: 80.169 MiB)
5952
  1.758436 seconds (31.73 k allocations: 40.043 MiB)
8955
  4.503570 seconds (45.91 k allocations: 57.114 MiB, 0.78% gc time)
  2.829010 seconds (22.20 k allocations: 27.171 MiB, 1.24% gc time)
  3.398754 seconds (30.18 k allocations: 37.213 MiB, 1.03% gc time)
  2.818452 seconds (16.15 k allocations: 21.015 MiB, 1.24% gc time)
  2.590250 seconds (8.23 k allocations: 11.010 MiB, 1.35% gc time)
7451
2955
1452
5953
4463
  1.761036 seconds (36.66 k allocations: 43.724 MiB)
8956
  1.797177 seconds (22.89 k allocations: 27.766 MiB)
2956
  2.707678 seconds (15.82 k allocations: 19.980 MiB)
1453
  3.122047 seconds (25.46 k allocations: 32.945 MiB)
4464
  1.759059 seconds (23.82 k allocations: 30.053 MiB)
8957
  3.530703 seconds (60.67 k allocations: 75.267 MiB)
7452
  3.609897 seconds (47.63 k allocations: 60.106 MiB)
5954
  2.417263 seconds (39.80 k allocations: 50.201 MiB)
2957
  1.758842 seconds (23.51 k allocations: 29.102 MiB)
8958
  2.095992 seconds (23.98 k allocations: 30.222 MiB)
7453
  2.987377 seconds (47.79 k allocations: 60.274 MiB)
4465
  3.457880 seconds (63.69 k allocations: 80.337 MiB)
1454
  3.029965 seconds (39.72 k allocations: 50.117 MiB)
5955
  1.755609 seconds (31.64 k allocations: 39.959 MiB)
8959
  3.193165 seconds (47.55 k allocations: 60.022 MiB)
2958
  2.212647 seconds (31.73 k allocations: 40.043 MiB)
4466
  1.754949 seconds (15.98 k allocations: 20.148 MiB)
  4.986957 seconds (47.89 k allocations: 60.860 MiB, 0.79% gc time)
  3.931689 seconds (24.20 k allocations: 30.964 MiB, 1.00% gc time)
  4.427594 seconds (32.22 k allocations: 41.219 MiB, 0.89% gc time)
  2.245921 seconds (1.39 k allocations: 3.798 MiB, 1.76% gc time)
  3.181705 seconds (9.40 k allocations: 13.885 MiB, 1.24% gc time)
8960
7454
5956
1455
2959
4467
  1.753569 seconds (26.46 k allocations: 33.204 MiB)
8961
  1.882293 seconds (23.05 k allocations: 27.982 MiB)
7455
  2.708589 seconds (30.96 k allocations: 37.972 MiB)
  2.681115 seconds (16.29 k allocations: 21.100 MiB)
5957
2960
  2.836988 seconds (31.89 k allocations: 40.211 MiB)
1456
  1.769759 seconds (31.89 k allocations: 40.211 MiB)
8962
  3.555633 seconds (47.87 k allocations: 60.358 MiB)
4468
  2.158264 seconds (39.88 k allocations: 50.285 MiB)
7456
  1.768068 seconds (39.41 k allocations: 49.164 MiB)
5958
  1.753518 seconds (31.73 k allocations: 40.043 MiB)
1457
  1.758568 seconds (31.64 k allocations: 39.959 MiB)
8963
  2.690285 seconds (55.54 k allocations: 70.096 MiB)
2961
  1.976602 seconds (39.64 k allocations: 50.033 MiB)
4469
  1.770060 seconds (31.73 k allocations: 40.043 MiB)
5959
  2.426210 seconds (47.55 k allocations: 60.022 MiB)
7457
  1.764789 seconds (31.81 k allocations: 40.127 MiB)
8964
  3.261566 seconds (27.41 k allocations: 34.415 MiB, 0.60% gc time)
  4.069884 seconds (43.36 k allocations: 54.509 MiB, 0.48% gc time)
  3.127373 seconds (19.62 k allocations: 24.529 MiB, 0.63% gc time)
  2.418003 seconds (11.79 k allocations: 14.626 MiB, 0.81% gc time)
  2.176206 seconds (5.63 k allocations: 8.710 MiB, 0.90% gc time)
5960
1458
2962
4470
7458
  1.753586 seconds (20.32 k allocations: 25.612 MiB)
  1.772331 seconds (32.79 k allocations: 40.327 MiB)
5961
8965
  1.783535 seconds (22.67 k allocations: 28.176 MiB)
1459
  1.909352 seconds (30.04 k allocations: 37.628 MiB)
2963
  2.692185 seconds (31.81 k allocations: 40.127 MiB)
4471
  2.747423 seconds (39.80 k allocations: 50.201 MiB)
7459
  1.760367 seconds (31.97 k allocations: 40.295 MiB)
8966
  1.753543 seconds (23.90 k allocations: 30.137 MiB)
2964
  2.209517 seconds (48.28 k allocations: 62.001 MiB)
5962
  2.025604 seconds (31.89 k allocations: 40.211 MiB)
4472
  3.066501 seconds (55.78 k allocations: 70.348 MiB)
1460
  2.363513 seconds (39.72 k allocations: 50.117 MiB)
7460
  1.763918 seconds (39.80 k allocations: 50.201 MiB)
8967
  1.765357 seconds (39.72 k allocations: 50.117 MiB)
2965
  2.356528 seconds (39.64 k allocations: 50.033 MiB)
5963
  2.254206 seconds (39.72 k allocations: 50.117 MiB)
4473
  1.777963 seconds (23.90 k allocations: 30.137 MiB)
8968
  3.839204 seconds (39.15 k allocations: 48.305 MiB, 2.53% gc time)
  3.538530 seconds (23.28 k allocations: 28.285 MiB, 2.74% gc time)  4.103423 seconds (47.21 k allocations: 58.425 MiB, 2.36% gc time)

  2.644786 seconds (15.48 k allocations: 18.337 MiB, 3.67% gc time)
  1.928916 seconds (9.39 k allocations: 14.100 MiB, 5.03% gc time)
7461
5964
2966
1461
4474
  1.768761 seconds (37.79 k allocations: 44.936 MiB)
8969
  1.763415 seconds (13.85 k allocations: 17.274 MiB)
5965
  1.917694 seconds (23.44 k allocations: 29.018 MiB)
7462
  1.917876 seconds (23.31 k allocations: 29.533 MiB)
2967
  2.707384 seconds (31.89 k allocations: 40.211 MiB)
4475
  3.200527 seconds (39.80 k allocations: 50.201 MiB)
1462
  1.770907 seconds (39.72 k allocations: 50.117 MiB)
8970
  1.753739 seconds (23.73 k allocations: 29.969 MiB)
2968
  2.057344 seconds (47.63 k allocations: 60.106 MiB)
5966
  2.488965 seconds (41.14 k allocations: 52.795 MiB)
7463
  1.768531 seconds (23.90 k allocations: 30.137 MiB)
8971
  2.660645 seconds (47.71 k allocations: 60.190 MiB)
4476
  1.752917 seconds (31.89 k allocations: 40.211 MiB)
2969
  2.263383 seconds (55.70 k allocations: 70.264 MiB)
1463
  1.950680 seconds (39.88 k allocations: 50.285 MiB)
5967
  1.761005 seconds (31.89 k allocations: 40.211 MiB)
8972
  1.777694 seconds (31.97 k allocations: 40.295 MiB)
  1.765956 seconds (24.36 k allocations: 31.257 MiB)
4477
2970
  3.541101 seconds (24.80 k allocations: 30.532 MiB, 1.99% gc time)
  4.616125 seconds (58.05 k allocations: 72.778 MiB, 1.53% gc time)
  3.220065 seconds (19.95 k allocations: 24.952 MiB, 2.19% gc time)
  1.952389 seconds (13.81 k allocations: 17.419 MiB, 3.62% gc time)
1464
7464
8973
5968
  1.746399 seconds (28.42 k allocations: 34.101 MiB)
2971
  1.886721 seconds (35.44 k allocations: 43.180 MiB)
4478
  1.950694 seconds (15.82 k allocations: 19.980 MiB)
8974
  2.526710 seconds (26.23 k allocations: 33.740 MiB)
5969
  2.622184 seconds (46.78 k allocations: 57.951 MiB)
7465
  2.813309 seconds (54.78 k allocations: 68.024 MiB)
1465
  1.754794 seconds (39.64 k allocations: 50.033 MiB)
2972
  1.772410 seconds (39.72 k allocations: 50.117 MiB)
4479
  1.760629 seconds (39.80 k allocations: 50.201 MiB)
8975
  1.753966 seconds (39.80 k allocations: 50.201 MiB)
5970
  1.754398 seconds (39.80 k allocations: 50.201 MiB)
7466
  1.757193 seconds (39.80 k allocations: 50.201 MiB)
1466
  1.755085 seconds (39.72 k allocations: 50.117 MiB)
2973
  1.751314 seconds (39.64 k allocations: 50.033 MiB)
4480
  1.763548 seconds (39.64 k allocations: 50.033 MiB)
8976
  1.752557 seconds (39.64 k allocations: 50.033 MiB)
5971
  1.755509 seconds (39.72 k allocations: 50.117 MiB)
7467
  1.758465 seconds (39.80 k allocations: 50.201 MiB)
1467
  1.770991 seconds (39.88 k allocations: 50.285 MiB)
2974
  2.595517 seconds (30.37 k allocations: 37.429 MiB, 0.66% gc time)
  2.729040 seconds (38.33 k allocations: 47.475 MiB, 0.63% gc time)
  2.042083 seconds (22.44 k allocations: 27.394 MiB, 0.84% gc time)
  1.946046 seconds (16.00 k allocations: 20.644 MiB, 0.88% gc time)
  1.773533 seconds (8.15 k allocations: 10.743 MiB, 0.97% gc time)
5972
8977
4481
7468
1468
  1.751846 seconds (37.64 k allocations: 44.719 MiB)
2975
  1.761105 seconds (8.82 k allocations: 12.138 MiB)
1469
  1.799760 seconds (30.06 k allocations: 37.001 MiB)
8978
  2.497864 seconds (38.83 k allocations: 49.134 MiB)
5973
  2.563601 seconds (31.73 k allocations: 40.043 MiB)
4482
  2.775460 seconds (39.64 k allocations: 50.033 MiB)
7469
  1.767861 seconds (39.72 k allocations: 50.117 MiB)
2976
  1.754442 seconds (39.80 k allocations: 50.201 MiB)
1470
  2.084936 seconds (39.80 k allocations: 50.201 MiB)
8979
  1.836379 seconds (31.81 k allocations: 40.127 MiB)
4483
  2.555842 seconds (47.63 k allocations: 60.106 MiB)
5974
  2.301482 seconds (39.64 k allocations: 50.033 MiB)
7470
  1.763984 seconds (39.56 k allocations: 49.949 MiB)
2977
  1.779374 seconds (39.56 k allocations: 49.949 MiB)
1471
  2.357209 seconds (39.56 k allocations: 49.949 MiB)
8980
  1.791938 seconds (31.73 k allocations: 40.043 MiB)
5975
  1.759456 seconds (15.98 k allocations: 20.148 MiB)
1472
  4.268831 seconds (50.67 k allocations: 63.905 MiB, 1.27% gc time)  2.428914 seconds (11.23 k allocations: 14.038 MiB, 2.24% gc time)
  3.561591 seconds (34.93 k allocations: 44.000 MiB, 1.52% gc time)

  1.817320 seconds (3.35 k allocations: 4.024 MiB, 2.99% gc time)
  3.428838 seconds (27.07 k allocations: 34.055 MiB, 1.58% gc time)
5976
8981
7471
2978
4484
  1.754978 seconds (35.06 k allocations: 42.039 MiB)
1473
  1.792245 seconds (7.92 k allocations: 9.991 MiB)
5977
  1.899578 seconds (15.90 k allocations: 20.064 MiB)
2979
  1.915381 seconds (23.82 k allocations: 30.054 MiB)
  1.915262 seconds (24.04 k allocations: 30.703 MiB)
8982
7472
  1.922700 seconds (31.33 k allocations: 39.123 MiB)
4485
  1.757991 seconds (39.72 k allocations: 50.117 MiB)
1474
  1.779146 seconds (39.64 k allocations: 50.033 MiB)
5978
  1.763190 seconds (39.72 k allocations: 50.117 MiB)
2980
  1.748194 seconds (23.25 k allocations: 28.247 MiB)
4486
  1.765208 seconds (35.77 k allocations: 45.395 MiB)
7473
  1.776513 seconds (44.60 k allocations: 55.083 MiB)
8983
  1.755591 seconds (39.80 k allocations: 50.201 MiB)
1475
  1.760961 seconds (39.80 k allocations: 50.201 MiB)
5979
  1.749763 seconds (31.51 k allocations: 39.175 MiB)
  1.760200 seconds (39.38 k allocations: 49.063 MiB)
2981
4487
  1.762167 seconds (39.42 k allocations: 49.165 MiB)
7474
  1.763930 seconds (39.80 k allocations: 50.201 MiB)
8984
  1.764560 seconds (39.80 k allocations: 50.201 MiB)
1476
  1.852395 seconds (22.64 k allocations: 27.616 MiB, 3.09% gc time)
  1.850867 seconds (22.62 k allocations: 27.598 MiB, 3.09% gc time)
  1.942921 seconds (38.49 k allocations: 47.643 MiB, 2.94% gc time)
  1.829760 seconds (14.76 k allocations: 17.538 MiB, 3.13% gc time)
  1.817150 seconds (6.94 k allocations: 7.741 MiB, 3.15% gc time)
2982
5980
8985
7475
4488
  1.768748 seconds (37.40 k allocations: 44.471 MiB)
1477
  1.794938 seconds (7.91 k allocations: 9.990 MiB)
  1.795606 seconds (8.05 k allocations: 10.342 MiB)
  1.797325 seconds (8.96 k allocations: 13.147 MiB)
8986
5981
2983
  1.800056 seconds (15.46 k allocations: 19.780 MiB)
7476
  1.822362 seconds (39.64 k allocations: 50.033 MiB)
4489
  1.754213 seconds (39.64 k allocations: 50.033 MiB)
1478
  1.755784 seconds (18.27 k allocations: 23.709 MiB)
  1.759001 seconds (22.87 k allocations: 31.457 MiB)
  1.752340 seconds (16.25 k allocations: 21.078 MiB)
  1.757877 seconds (18.29 k allocations: 25.668 MiB)
2984
8987
7477
5982
  1.746219 seconds (38.55 k allocations: 47.694 MiB)
4490
  1.754084 seconds (39.64 k allocations: 50.033 MiB)
1479
  1.755573 seconds (15.91 k allocations: 20.638 MiB)
7478
  1.749499 seconds (8.62 k allocations: 11.419 MiB)
4491
  1.768839 seconds (34.62 k allocations: 44.216 MiB)
  1.767335 seconds (32.07 k allocations: 40.544 MiB)
2985
8988
  1.783769 seconds (44.91 k allocations: 56.637 MiB)
5983
  1.758757 seconds (39.80 k allocations: 50.201 MiB)
1480
  1.758676 seconds (30.53 k allocations: 37.489 MiB)
4492
  1.761967 seconds (31.65 k allocations: 39.345 MiB)
7479
  3.487375 seconds (20.00 k allocations: 26.850 MiB, 0.91% gc time)
  3.485351 seconds (19.86 k allocations: 25.483 MiB, 0.91% gc time)
  3.452770 seconds (11.97 k allocations: 15.485 MiB, 0.92% gc time)
  1.782645 seconds (4.06 k allocations: 5.500 MiB, 1.78% gc time)
8989
1481
2986
5984
  1.749439 seconds (30.88 k allocations: 37.667 MiB)
4493
  1.792779 seconds (8.76 k allocations: 12.066 MiB)
1482
  1.877970 seconds (19.98 k allocations: 27.890 MiB)
7480
  1.878187 seconds (20.41 k allocations: 25.351 MiB)
  1.876507 seconds (22.16 k allocations: 27.783 MiB)
2987
5985
  1.890469 seconds (39.98 k allocations: 51.611 MiB)
8990
  1.768830 seconds (39.80 k allocations: 50.201 MiB)
4494
  1.778283 seconds (39.80 k allocations: 50.201 MiB)
1483
  1.755825 seconds (34.87 k allocations: 43.785 MiB)
7481
  1.755448 seconds (28.06 k allocations: 35.072 MiB)
2988
  1.757393 seconds (32.50 k allocations: 40.889 MiB)
5986
  1.763703 seconds (39.72 k allocations: 50.117 MiB)
8991
  1.749080 seconds (39.72 k allocations: 50.117 MiB)
4495
  1.753916 seconds (39.72 k allocations: 50.117 MiB)
1484
  1.758584 seconds (36.19 k allocations: 45.163 MiB)
7482
  1.757167 seconds (29.60 k allocations: 37.869 MiB)
2989
  1.765156 seconds (39.64 k allocations: 50.032 MiB)
5987
  1.759802 seconds (36.35 k allocations: 45.457 MiB)
8992
  1.764812 seconds (39.80 k allocations: 50.201 MiB)
4496
  1.924605 seconds (38.64 k allocations: 47.797 MiB, 3.52% gc time)
  1.861881 seconds (26.81 k allocations: 33.099 MiB, 3.63% gc time)
  1.835058 seconds (6.95 k allocations: 7.990 MiB, 3.69% gc time)
  1.856092 seconds (22.73 k allocations: 27.626 MiB, 3.65% gc time)
  1.840129 seconds (9.64 k allocations: 12.006 MiB, 3.68% gc time)
1485
7483
5988
8993
2990
  1.766024 seconds (2 allocations: 816 bytes)
2991
  1.788513 seconds (8.00 k allocations: 10.074 MiB)
8994
  1.887220 seconds (53.23 k allocations: 64.457 MiB)
4497
  1.971444 seconds (23.82 k allocations: 30.053 MiB)
7484
  2.414310 seconds (53.55 k allocations: 66.081 MiB)
1486
  1.764895 seconds (31.73 k allocations: 40.043 MiB)
2992
  1.754318 seconds (25.81 k allocations: 32.785 MiB)
8995
  3.560492 seconds (55.62 k allocations: 70.179 MiB)
5989
  1.821231 seconds (39.80 k allocations: 50.201 MiB)
4498
  1.953988 seconds (39.80 k allocations: 50.201 MiB)
7485
  2.515783 seconds (39.80 k allocations: 50.201 MiB)
1487
  1.755125 seconds (32.73 k allocations: 42.295 MiB)
  1.759830 seconds (32.19 k allocations: 41.163 MiB)
2993
8996
  1.809379 seconds (39.80 k allocations: 50.201 MiB)
5990
  2.448653 seconds (39.80 k allocations: 50.201 MiB)
4499
  2.345908 seconds (39.72 k allocations: 50.117 MiB)
7486
  1.758100 seconds (23.73 k allocations: 29.969 MiB)
8997
  3.730858 seconds (42.63 k allocations: 53.791 MiB, 1.78% gc time)
  3.276439 seconds (18.74 k allocations: 23.651 MiB, 2.03% gc time)
  3.350501 seconds (26.74 k allocations: 33.698 MiB, 1.98% gc time)
  2.520726 seconds (11.00 k allocations: 13.812 MiB, 2.63% gc time)
  2.354256 seconds (4.81 k allocations: 7.659 MiB, 2.82% gc time)
1488
4500
2994
7487
5991
  1.769728 seconds (32.94 k allocations: 39.815 MiB)
8998
  1.798406 seconds (22.97 k allocations: 27.898 MiB)
  1.798335 seconds (22.88 k allocations: 28.400 MiB)
1489
4501
  1.879055 seconds (23.73 k allocations: 29.969 MiB)
5992
  2.500306 seconds (31.73 k allocations: 40.043 MiB)
2995
  2.517333 seconds (39.72 k allocations: 50.117 MiB)
7488
  1.762882 seconds (39.80 k allocations: 50.201 MiB)
8999
  1.742546 seconds (28.60 k allocations: 35.637 MiB)
4502
  1.759081 seconds (39.80 k allocations: 50.201 MiB)
1490
  1.766439 seconds (39.72 k allocations: 50.117 MiB)
5993
  1.768902 seconds (39.64 k allocations: 50.033 MiB)
2996
  1.771123 seconds (39.56 k allocations: 49.949 MiB)
7489
  1.744684 seconds (31.73 k allocations: 40.043 MiB)
4503
  1.771395 seconds (43.03 k allocations: 54.723 MiB)
9000
  1.759859 seconds (35.27 k allocations: 44.357 MiB)
1491
  1.762955 seconds (39.80 k allocations: 50.201 MiB)
5994
  1.756027 seconds (39.88 k allocations: 50.285 MiB)
2997
  1.756708 seconds (35.09 k allocations: 44.179 MiB)
7490
  1.753341 seconds (39.88 k allocations: 50.285 MiB)
4504
  2.561851 seconds (31.14 k allocations: 39.455 MiB, 1.60% gc time)
  2.440361 seconds (18.95 k allocations: 23.827 MiB, 1.68% gc time)
  2.555038 seconds (26.88 k allocations: 33.871 MiB, 1.60% gc time)
  1.800038 seconds (3.13 k allocations: 3.882 MiB, 2.28% gc time)
  1.804374 seconds (5.84 k allocations: 8.046 MiB, 2.27% gc time)
7491
2998
5995
1492
9001
  1.743681 seconds (32.46 k allocations: 39.271 MiB)
4505
  1.788171 seconds (10.20 k allocations: 13.547 MiB)
7492
  1.790210 seconds (10.60 k allocations: 14.588 MiB)
2999
  1.876268 seconds (23.82 k allocations: 30.054 MiB)
1493
  1.888424 seconds (32.09 k allocations: 41.638 MiB)
5996
  1.888104 seconds (33.99 k allocations: 43.059 MiB)
9002
  1.781167 seconds (39.64 k allocations: 50.033 MiB)
4506
  1.755116 seconds (34.69 k allocations: 44.288 MiB)
7493
  1.755319 seconds (35.27 k allocations: 44.356 MiB)
3000
  1.757543 seconds (39.72 k allocations: 50.117 MiB)
1494
  1.762870 seconds (33.41 k allocations: 42.989 MiB)
  1.759339 seconds (32.06 k allocations: 40.859 MiB)
5997
9003
  1.747706 seconds (39.80 k allocations: 50.201 MiB)
4507
  1.755474 seconds (35.43 k allocations: 45.046 MiB)
7494
  1.757541 seconds (36.37 k allocations: 45.484 MiB)
3001
  1.757156 seconds (39.88 k allocations: 50.285 MiB)
1495
  1.769028 seconds (31.89 k allocations: 40.211 MiB)
  1.774426 seconds (34.30 k allocations: 44.545 MiB)
9004
5998
  1.743331 seconds (39.88 k allocations: 50.285 MiB)
4508
  1.910429 seconds (33.09 k allocations: 41.431 MiB, 0.93% gc time)
  1.906504 seconds (30.36 k allocations: 37.417 MiB, 0.93% gc time)
  1.814911 seconds (22.51 k allocations: 27.521 MiB, 0.97% gc time)
  1.779695 seconds (6.64 k allocations: 7.540 MiB, 0.99% gc time)
  1.780448 seconds (6.72 k allocations: 7.690 MiB, 0.99% gc time)
7495
1496
9005
5999
3002
  1.771191 seconds (37.36 k allocations: 44.431 MiB)
4509
  1.763683 seconds (10.95 k allocations: 16.749 MiB)
9006
  1.772894 seconds (15.90 k allocations: 20.064 MiB)
3003
  1.791935 seconds (25.36 k allocations: 32.852 MiB)
1497
  1.791405 seconds (24.73 k allocations: 31.689 MiB)
6000
  1.800488 seconds (38.58 k allocations: 48.958 MiB)
7496
  1.759381 seconds (31.81 k allocations: 40.127 MiB)
9007
  1.769314 seconds (39.71 k allocations: 50.113 MiB)
4510
  1.762724 seconds (39.64 k allocations: 50.033 MiB)
3004
  1.756826 seconds (30.96 k allocations: 38.609 MiB)
1498
  1.751995 seconds (25.57 k allocations: 32.542 MiB)
7497
  1.760835 seconds (36.28 k allocations: 45.378 MiB)
6001
  1.748379 seconds (31.81 k allocations: 40.127 MiB)
4511
  1.762634 seconds (45.30 k allocations: 55.823 MiB)
9008
  1.763127 seconds (37.51 k allocations: 46.828 MiB)
3005
  1.763123 seconds (26.96 k allocations: 34.482 MiB)
  1.761599 seconds (23.23 k allocations: 30.107 MiB)
1499
7498
  1.765568 seconds (35.43 k allocations: 43.294 MiB)
6002
  1.747444 seconds (39.42 k allocations: 49.165 MiB)
4512
  1.757376 seconds (39.80 k allocations: 50.201 MiB)
9009
  3.508866 seconds (26.36 k allocations: 33.864 MiB, 1.23% gc time)
  3.502490 seconds (18.39 k allocations: 22.572 MiB, 1.23% gc time)
  3.503635 seconds (18.71 k allocations: 22.944 MiB, 1.23% gc time)
  3.485610 seconds (11.19 k allocations: 14.026 MiB, 1.24% gc time)
  1.784495 seconds (3.36 k allocations: 4.154 MiB, 2.42% gc time)
3006
7499
6003
1500
4513
  1.759122 seconds (35.37 k allocations: 42.354 MiB)
9010
  1.794032 seconds (7.91 k allocations: 9.990 MiB)
4514
  1.858367 seconds (24.56 k allocations: 32.608 MiB)
3007
  1.877448 seconds (31.07 k allocations: 38.671 MiB)
  1.878472 seconds (30.88 k allocations: 39.127 MiB)
1501
6004
  1.890395 seconds (46.15 k allocations: 57.945 MiB)
7500
  1.758616 seconds (39.80 k allocations: 50.201 MiB)
9011
  1.745116 seconds (39.80 k allocations: 50.201 MiB)
4515
  1.753133 seconds (39.80 k allocations: 50.201 MiB)
3008
  1.754839 seconds (23.73 k allocations: 29.969 MiB)
  1.764198 seconds (31.73 k allocations: 40.043 MiB)
7501
1502
  1.773330 seconds (45.70 k allocations: 56.223 MiB)
6005
  1.774764 seconds (39.72 k allocations: 50.117 MiB)
9012
  1.747271 seconds (39.80 k allocations: 50.201 MiB)
4516
  1.758828 seconds (39.88 k allocations: 50.285 MiB)
3009
  1.758491 seconds (29.97 k allocations: 37.549 MiB)
  1.763385 seconds (33.00 k allocations: 42.970 MiB)
1503
7502
  1.768252 seconds (39.80 k allocations: 50.201 MiB)
6006
  1.765227 seconds (39.80 k allocations: 50.201 MiB)
9013
  1.912711 seconds (38.48 k allocations: 47.630 MiB, 0.92% gc time)
  1.845697 seconds (30.63 k allocations: 37.689 MiB, 0.95% gc time)
  1.804339 seconds (14.78 k allocations: 17.653 MiB, 0.97% gc time)
  1.805392 seconds (14.85 k allocations: 17.705 MiB, 0.97% gc time)
  1.792250 seconds (6.90 k allocations: 7.682 MiB, 0.98% gc time)
6007
3010
7503
1504
4517
  1.765144 seconds (37.22 k allocations: 44.295 MiB)
9014
  1.763921 seconds (21.47 k allocations: 27.497 MiB)
  1.761482 seconds (15.28 k allocations: 20.596 MiB)
6008
3011
  1.788974 seconds (23.82 k allocations: 30.054 MiB)
7504
  1.791208 seconds (24.38 k allocations: 31.329 MiB)
1505
  1.797429 seconds (39.72 k allocations: 50.117 MiB)
4518
  1.756568 seconds (33.27 k allocations: 42.145 MiB)
  1.751454 seconds (24.20 k allocations: 31.089 MiB)
9015
3012
  1.758037 seconds (31.51 k allocations: 39.291 MiB)
6009
  1.751834 seconds (32.22 k allocations: 41.763 MiB)
  1.740590 seconds (23.97 k allocations: 30.647 MiB)
7505
4519
  1.765300 seconds (47.09 k allocations: 58.902 MiB)
1506
  1.763335 seconds (28.51 k allocations: 36.067 MiB)
9016
  1.767288 seconds (30.53 k allocations: 38.820 MiB)
3013
  1.742956 seconds (23.82 k allocations: 30.053 MiB)
4520
  1.778629 seconds (42.16 k allocations: 53.313 MiB)
6010
  1.753417 seconds (34.93 k allocations: 42.781 MiB)
7506
  1.763232 seconds (39.64 k allocations: 50.033 MiB)
1507
  1.762159 seconds (35.76 k allocations: 45.377 MiB)
  1.746148 seconds (16.48 k allocations: 21.822 MiB)
9017
  1.761564 seconds (32.59 k allocations: 42.260 MiB)
4521
3014
  1.828860 seconds (17.68 k allocations: 22.046 MiB, 2.33% gc time)
  1.833614 seconds (21.51 k allocations: 27.153 MiB, 2.32% gc time)
  1.803357 seconds (10.00 k allocations: 12.293 MiB, 2.36% gc time)
6011
1508
7507
  1.746946 seconds (19.13 k allocations: 24.402 MiB)
4522
  1.777549 seconds (17.33 k allocations: 23.272 MiB)
3015
  1.785572 seconds (16.16 k allocations: 21.555 MiB)
1509
  1.800667 seconds (35.42 k allocations: 44.347 MiB)
9018
  1.792502 seconds (24.90 k allocations: 31.857 MiB)
  1.796556 seconds (25.11 k allocations: 32.187 MiB)
7508
6012
  1.759967 seconds (39.64 k allocations: 50.033 MiB)
4523
  1.754067 seconds (39.56 k allocations: 49.949 MiB)
3016
  1.757484 seconds (39.24 k allocations: 48.996 MiB)
1510
  1.758790 seconds (27.52 k allocations: 36.268 MiB)
9019
  1.761308 seconds (27.40 k allocations: 34.405 MiB)
7509
  1.768437 seconds (39.53 k allocations: 48.708 MiB)
6013
  1.753448 seconds (39.72 k allocations: 50.117 MiB)
4524
  1.756999 seconds (39.64 k allocations: 50.033 MiB)
3017
  1.764834 seconds (39.58 k allocations: 49.913 MiB)
  1.751645 seconds (23.82 k allocations: 30.053 MiB)
1511
7510
  1.761623 seconds (35.21 k allocations: 44.304 MiB)
9020
  1.776067 seconds (39.80 k allocations: 50.201 MiB)
6014
  1.745865 seconds (39.88 k allocations: 50.285 MiB)
4525
  1.858077 seconds (38.47 k allocations: 47.627 MiB, 0.96% gc time)
  1.828022 seconds (16.54 k allocations: 20.717 MiB, 0.97% gc time)
  1.830509 seconds (18.91 k allocations: 24.315 MiB, 0.97% gc time)
  1.823799 seconds (14.76 k allocations: 17.706 MiB, 0.97% gc time)
  1.796504 seconds (6.87 k allocations: 7.820 MiB, 0.99% gc time)
7511
1512
3018
6015
9021
  1.774664 seconds (37.47 k allocations: 44.535 MiB)
  1.765159 seconds (9.76 k allocations: 15.538 MiB)
4526
6016
  1.799873 seconds (23.35 k allocations: 28.934 MiB)
  1.802125 seconds (23.55 k allocations: 29.497 MiB)
3019
1513
  1.808262 seconds (32.08 k allocations: 39.219 MiB)
7512
  1.800278 seconds (39.80 k allocations: 50.201 MiB)
9022
  1.760677 seconds (32.46 k allocations: 42.018 MiB)
4527
  1.776078 seconds (39.80 k allocations: 50.201 MiB)
6017
  1.757131 seconds (29.00 k allocations: 36.561 MiB)
3020
  1.758798 seconds (28.04 k allocations: 36.287 MiB)
  1.754683 seconds (25.27 k allocations: 32.866 MiB)
1514
7513
  1.763962 seconds (39.72 k allocations: 50.117 MiB)
9023
  1.743682 seconds (39.80 k allocations: 50.201 MiB)
4528
  1.759904 seconds (39.72 k allocations: 50.117 MiB)
6018
  1.752538 seconds (27.23 k allocations: 35.965 MiB)
3021
  1.753193 seconds (26.10 k allocations: 33.073 MiB)
7514
  1.764261 seconds (39.72 k allocations: 50.117 MiB)
1515
  1.757740 seconds (39.72 k allocations: 50.117 MiB)
9024
  1.743208 seconds (39.72 k allocations: 50.117 MiB)
4529
  1.770960 seconds (39.72 k allocations: 50.117 MiB)
  1.753649 seconds (24.20 k allocations: 31.089 MiB)
  1.753881 seconds (24.47 k allocations: 31.837 MiB)
  1.757492 seconds (16.97 k allocations: 23.087 MiB)
6019
3022
7515
  1.781896 seconds (5.38 k allocations: 8.213 MiB, 1.66% gc time)
  3.336480 seconds (13.22 k allocations: 18.116 MiB, 0.89% gc time)
1516
9025
4530
  1.762053 seconds (22.84 k allocations: 29.415 MiB)
6020
  1.783108 seconds (7.91 k allocations: 9.990 MiB)
4531
  1.876292 seconds (15.83 k allocations: 19.980 MiB)
3023
  1.886502 seconds (23.73 k allocations: 29.969 MiB)
9026
  1.898188 seconds (31.65 k allocations: 39.959 MiB)
1517
  1.901463 seconds (33.16 k allocations: 42.199 MiB)
7516
  1.764141 seconds (39.64 k allocations: 50.033 MiB)
6021
  1.742985 seconds (39.72 k allocations: 50.117 MiB)
4532
  1.754078 seconds (39.80 k allocations: 50.201 MiB)
3024
  1.741868 seconds (23.90 k allocations: 30.137 MiB)
7517
  1.762195 seconds (44.69 k allocations: 55.899 MiB)
9027
  1.756027 seconds (36.12 k allocations: 46.438 MiB)
1518
  1.755653 seconds (31.73 k allocations: 40.043 MiB)
4533
  1.780940 seconds (47.71 k allocations: 60.190 MiB)
6022
  1.763362 seconds (39.72 k allocations: 50.117 MiB)
3025
  1.755485 seconds (34.77 k allocations: 42.508 MiB)
7518
  1.756846 seconds (31.73 k allocations: 40.043 MiB)
1519
  1.769132 seconds (40.69 k allocations: 52.331 MiB)
9028
  1.745890 seconds (39.64 k allocations: 50.033 MiB)
4534
  1.852519 seconds (25.28 k allocations: 31.547 MiB, 2.47% gc time)
  1.945575 seconds (34.59 k allocations: 43.668 MiB, 2.35% gc time)
  1.833933 seconds (10.56 k allocations: 12.743 MiB, 2.49% gc time)
  1.844414 seconds (18.44 k allocations: 22.662 MiB, 2.48% gc time)
  1.823915 seconds (3.07 k allocations: 3.918 MiB, 2.51% gc time)
7519
1520
3026
9029
6023
  1.746302 seconds (32.66 k allocations: 39.595 MiB)
4535
  1.787969 seconds (8.35 k allocations: 11.662 MiB)
3027
  1.799290 seconds (18.84 k allocations: 25.502 MiB)
  1.798808 seconds (17.88 k allocations: 22.737 MiB)
  1.792372 seconds (16.67 k allocations: 22.135 MiB)
  1.797588 seconds (17.25 k allocations: 24.596 MiB)
7520
1521
6024
9030
  1.758734 seconds (39.72 k allocations: 50.117 MiB)
4536
  1.758192 seconds (38.37 k allocations: 46.266 MiB)
3028
  1.755557 seconds (22.64 k allocations: 30.612 MiB)
7521
  1.757526 seconds (18.75 k allocations: 26.105 MiB)
1522
  1.770599 seconds (31.89 k allocations: 40.211 MiB)
9031
  1.790171 seconds (39.88 k allocations: 50.285 MiB)
6025
  1.745955 seconds (39.80 k allocations: 50.201 MiB)
4537
  1.760361 seconds (39.72 k allocations: 50.117 MiB)
3029
  1.752110 seconds (32.33 k allocations: 41.880 MiB)
7522
  1.755935 seconds (36.03 k allocations: 45.130 MiB)
1523
  1.772616 seconds (39.64 k allocations: 50.033 MiB)
9032
  1.771155 seconds (39.72 k allocations: 50.117 MiB)
6026
  1.759213 seconds (39.72 k allocations: 50.117 MiB)
4538
  1.886391 seconds (38.15 k allocations: 47.294 MiB, 2.61% gc time)
  1.873071 seconds (26.52 k allocations: 32.812 MiB, 2.63% gc time)
  1.866157 seconds (22.28 k allocations: 27.239 MiB, 2.64% gc time)
  1.832127 seconds (14.39 k allocations: 17.313 MiB, 2.69% gc time)
  1.815407 seconds (6.57 k allocations: 7.508 MiB, 2.71% gc time)
7523
1524
3030
9033
6027
  1.772696 seconds (36.77 k allocations: 43.827 MiB)
4539
  1.795518 seconds (11.61 k allocations: 17.442 MiB)
7524
  1.802163 seconds (15.02 k allocations: 19.157 MiB)
  1.800282 seconds (16.20 k allocations: 21.016 MiB)
1525
  1.805242 seconds (17.77 k allocations: 23.310 MiB)
  1.803544 seconds (19.07 k allocations: 25.284 MiB)
6028
3031
9034
  1.761014 seconds (39.64 k allocations: 50.033 MiB)
4540
  1.753343 seconds (39.20 k allocations: 48.730 MiB)
7525
  1.757286 seconds (29.54 k allocations: 37.636 MiB)
1526
  1.764099 seconds (24.55 k allocations: 30.801 MiB)
6029
  1.764139 seconds (25.58 k allocations: 32.545 MiB)
  1.765789 seconds (26.12 k allocations: 33.497 MiB)
9035
3032
  1.750275 seconds (39.80 k allocations: 50.201 MiB)
4541
  1.753232 seconds (39.72 k allocations: 50.117 MiB)
7526
  1.755589 seconds (38.53 k allocations: 48.205 MiB)
1527
  1.760625 seconds (31.59 k allocations: 40.433 MiB)
6030
  1.758440 seconds (25.68 k allocations: 32.658 MiB)
  1.762610 seconds (28.89 k allocations: 37.801 MiB)
3033
9036
  1.744385 seconds (39.80 k allocations: 50.201 MiB)
4542
  1.753797 seconds (39.88 k allocations: 50.285 MiB)
7527
  3.502762 seconds (34.94 k allocations: 44.028 MiB, 1.19% gc time)
  3.490899 seconds (17.64 k allocations: 23.048 MiB, 1.20% gc time)
  3.486846 seconds (11.17 k allocations: 14.019 MiB, 1.20% gc time)
  3.485803 seconds (11.31 k allocations: 14.224 MiB, 1.20% gc time)
  1.784833 seconds (3.41 k allocations: 4.313 MiB, 2.34% gc time)
4543
1528
9037
3034
6031
  1.752053 seconds (34.86 k allocations: 41.807 MiB)
7528
  1.786377 seconds (13.48 k allocations: 19.349 MiB)
4544
  1.866561 seconds (15.82 k allocations: 19.980 MiB)
  1.867718 seconds (16.43 k allocations: 21.813 MiB)
  1.864121 seconds (16.59 k allocations: 22.051 MiB)
3035
9038
6032
  1.885605 seconds (41.37 k allocations: 53.018 MiB)
1529
  1.754760 seconds (39.64 k allocations: 50.033 MiB)
7529
  1.742207 seconds (39.72 k allocations: 50.117 MiB)
4545
  1.760477 seconds (25.41 k allocations: 32.910 MiB)
  1.761587 seconds (24.36 k allocations: 32.475 MiB)
3036
  1.761201 seconds (25.23 k allocations: 32.833 MiB)
9039
6033
  1.758464 seconds (39.64 k allocations: 50.032 MiB)
1530
  1.753167 seconds (39.56 k allocations: 49.949 MiB)
7530
  1.743641 seconds (39.56 k allocations: 49.949 MiB)
4546
  1.756130 seconds (24.84 k allocations: 32.310 MiB)
3037
  1.756803 seconds (25.17 k allocations: 31.482 MiB)
  1.758899 seconds (26.02 k allocations: 34.341 MiB)
6034
9040
  1.757327 seconds (39.72 k allocations: 50.116 MiB)
1531
  1.754867 seconds (39.72 k allocations: 50.117 MiB)
7531
  1.916589 seconds (38.24 k allocations: 47.385 MiB, 1.23% gc time)
  1.794100 seconds (14.49 k allocations: 17.305 MiB, 1.31% gc time)
  1.798298 seconds (20.81 k allocations: 26.273 MiB, 1.31% gc time)
  1.793189 seconds (14.24 k allocations: 16.436 MiB, 1.31% gc time)
  1.782435 seconds (6.82 k allocations: 7.657 MiB, 1.32% gc time)
6035
3038
1532
9041
4547
  1.754760 seconds (37.88 k allocations: 45.021 MiB)
7532
  1.758298 seconds (30.08 k allocations: 37.484 MiB)
6036
  1.759275 seconds (20.17 k allocations: 26.874 MiB)
1533
  1.777794 seconds (23.82 k allocations: 30.054 MiB)
  1.779133 seconds (24.20 k allocations: 31.089 MiB)
9042
4548
  1.850120 seconds (39.80 k allocations: 50.201 MiB)
3039
  1.762300 seconds (39.80 k allocations: 50.201 MiB)
7533
  1.758730 seconds (37.10 k allocations: 45.525 MiB)
6037
  1.763885 seconds (39.88 k allocations: 50.285 MiB)
1534
  1.744959 seconds (27.70 k allocations: 34.709 MiB)
4549
  1.760659 seconds (39.72 k allocations: 50.117 MiB)
9043
  1.764597 seconds (39.72 k allocations: 50.117 MiB)
3040
  1.754562 seconds (39.33 k allocations: 49.080 MiB)
7534
  1.752346 seconds (23.82 k allocations: 30.053 MiB)
4550
  1.758153 seconds (26.57 k allocations: 34.790 MiB)
  1.770581 seconds (40.56 k allocations: 51.585 MiB)
1535
6038
  1.772984 seconds (39.72 k allocations: 50.117 MiB)
9044
  1.771573 seconds (39.64 k allocations: 50.033 MiB)
3041
  1.752799 seconds (39.72 k allocations: 50.117 MiB)
7535
  1.742727 seconds (27.95 k allocations: 36.719 MiB)
4551
  3.531238 seconds (26.77 k allocations: 33.764 MiB, 1.29% gc time)
  3.532352 seconds (26.80 k allocations: 33.788 MiB, 1.29% gc time)
  3.501262 seconds (18.96 k allocations: 23.846 MiB, 1.30% gc time)
  3.420970 seconds (11.07 k allocations: 13.848 MiB, 1.33% gc time)
  1.797438 seconds (3.26 k allocations: 4.049 MiB, 2.54% gc time)
7536
1536
6039
9045
3042
  1.742745 seconds (34.21 k allocations: 41.106 MiB)
4552
  1.788396 seconds (9.54 k allocations: 14.091 MiB)
7537
  1.871237 seconds (15.90 k allocations: 20.064 MiB)
3043
  1.891833 seconds (23.82 k allocations: 30.054 MiB)
9046
  1.899750 seconds (27.38 k allocations: 35.598 MiB)
1537
  1.903939 seconds (36.72 k allocations: 45.836 MiB)
6040
  1.761877 seconds (39.72 k allocations: 50.117 MiB)
4553
  1.751584 seconds (39.72 k allocations: 50.117 MiB)
7538
  1.766113 seconds (39.80 k allocations: 50.201 MiB)
3044
  1.759312 seconds (33.87 k allocations: 42.815 MiB)
  1.757602 seconds (30.99 k allocations: 39.241 MiB)
9047
1538
  1.759389 seconds (39.84 k allocations: 49.023 MiB)
6041
  1.777276 seconds (39.88 k allocations: 50.285 MiB)
4554
  1.757162 seconds (39.80 k allocations: 50.201 MiB)
7539
  1.759280 seconds (39.80 k allocations: 50.201 MiB)
3045
  1.759538 seconds (31.21 k allocations: 38.816 MiB)
9048
  1.767381 seconds (35.90 k allocations: 44.363 MiB)
1539
  1.771132 seconds (39.80 k allocations: 50.201 MiB)
6042
  1.743524 seconds (39.88 k allocations: 50.285 MiB)
4555
  1.928569 seconds (38.41 k allocations: 47.548 MiB, 1.34% gc time)
  1.818923 seconds (30.44 k allocations: 37.490 MiB, 1.42% gc time)
  1.803257 seconds (18.59 k allocations: 22.824 MiB, 1.44% gc time)
  1.797602 seconds (14.67 k allocations: 17.639 MiB, 1.44% gc time)
  1.785773 seconds (6.79 k allocations: 7.782 MiB, 1.45% gc time)
7540
1540
9049
3046
6043
  1.742920 seconds (36.96 k allocations: 44.031 MiB)
4556
  1.790486 seconds (7.91 k allocations: 9.990 MiB)
9050
  1.792154 seconds (9.00 k allocations: 11.794 MiB)
  1.796907 seconds (11.99 k allocations: 16.704 MiB)
6044
  1.799566 seconds (17.56 k allocations: 24.315 MiB)
7541
1541
  1.806406 seconds (39.72 k allocations: 50.117 MiB)
3047
  1.760474 seconds (39.80 k allocations: 50.201 MiB)
4557
  1.753328 seconds (16.75 k allocations: 22.146 MiB)
  1.758583 seconds (28.22 k allocations: 36.943 MiB)
  1.756588 seconds (19.90 k allocations: 27.872 MiB)
7542
9051
6045
  1.759382 seconds (29.96 k allocations: 36.496 MiB)
1542
  1.756315 seconds (38.58 k allocations: 47.724 MiB)
3048
  1.745813 seconds (39.80 k allocations: 50.201 MiB)
4558
  1.753564 seconds (26.75 k allocations: 34.857 MiB)
7543
  1.755480 seconds (23.64 k allocations: 29.872 MiB)
  1.757474 seconds (26.21 k allocations: 33.703 MiB)
9052
6046
  1.769893 seconds (38.97 k allocations: 48.653 MiB)
1543
  1.768048 seconds (35.23 k allocations: 44.319 MiB)
3049
  1.755221 seconds (39.88 k allocations: 50.285 MiB)
4559
  1.763055 seconds (35.08 k allocations: 43.985 MiB)
7544
  3.459090 seconds (10.93 k allocations: 13.739 MiB, 0.73% gc time)
  1.761372 seconds (26.68 k allocations: 33.679 MiB)
  3.481977 seconds (26.77 k allocations: 33.752 MiB, 0.72% gc time)
  1.793048 seconds (3.18 k allocations: 3.862 MiB, 1.40% gc time)
  3.461660 seconds (12.02 k allocations: 16.042 MiB, 0.73% gc time)
4560
1544
9053
6047
3050
  1.754665 seconds (35.23 k allocations: 42.198 MiB)
7545
  1.790082 seconds (17.95 k allocations: 25.117 MiB)
4561
  1.884070 seconds (18.06 k allocations: 24.720 MiB)
1545
  1.926720 seconds (23.73 k allocations: 29.969 MiB)
3051
  1.934256 seconds (27.20 k allocations: 34.196 MiB)
  1.936799 seconds (29.00 k allocations: 37.894 MiB)
6048
9054
  1.751838 seconds (39.64 k allocations: 50.033 MiB)
7546
  1.745223 seconds (39.72 k allocations: 50.117 MiB)
4562
  1.757240 seconds (39.80 k allocations: 50.201 MiB)
1546
  1.760931 seconds (23.90 k allocations: 30.137 MiB)
9055
  1.770447 seconds (34.02 k allocations: 43.628 MiB)
  1.766979 seconds (27.50 k allocations: 35.159 MiB)
3052
6049
  1.763462 seconds (39.72 k allocations: 50.117 MiB)
7547
  1.755411 seconds (39.72 k allocations: 50.117 MiB)
4563
  1.765206 seconds (39.72 k allocations: 50.117 MiB)
1547
  1.742231 seconds (23.82 k allocations: 30.054 MiB)
6050
  1.754718 seconds (31.81 k allocations: 40.127 MiB)
  1.761934 seconds (40.10 k allocations: 51.703 MiB)
3053
9056
  1.764617 seconds (39.80 k allocations: 50.201 MiB)
7548
  1.978385 seconds (38.24 k allocations: 47.387 MiB, 1.92% gc time)
  1.859349 seconds (30.38 k allocations: 37.426 MiB, 2.04% gc time)
  1.817441 seconds (22.50 k allocations: 27.508 MiB, 2.09% gc time)
  1.800606 seconds (6.58 k allocations: 7.446 MiB, 2.11% gc time)
  1.802097 seconds (6.68 k allocations: 7.594 MiB, 2.11% gc time)
1548
4564
6051
3054
9057
  1.753515 seconds (37.72 k allocations: 44.852 MiB)
7549
  1.778389 seconds (7.91 k allocations: 9.990 MiB)
3055
  1.778846 seconds (8.33 k allocations: 11.057 MiB)
9058
  1.788089 seconds (22.62 k allocations: 27.616 MiB)
6052
  1.798878 seconds (31.69 k allocations: 40.007 MiB)
4565
  1.805130 seconds (38.01 k allocations: 50.816 MiB)
1549
  1.780654 seconds (39.72 k allocations: 50.117 MiB)
7550
  1.756117 seconds (31.80 k allocations: 40.697 MiB)
3056
  1.767909 seconds (39.42 k allocations: 49.165 MiB)
  1.759853 seconds (31.23 k allocations: 39.480 MiB)
9059
6053
  1.756038 seconds (23.56 k allocations: 30.489 MiB)
4566
  1.758207 seconds (37.79 k allocations: 46.927 MiB)
1550
  1.756778 seconds (39.72 k allocations: 50.117 MiB)
7551
  1.742153 seconds (15.19 k allocations: 18.633 MiB)
4567
  1.770968 seconds (47.63 k allocations: 60.106 MiB)
3057
  1.762280 seconds (27.82 k allocations: 35.404 MiB)
6054
  1.767714 seconds (31.73 k allocations: 40.043 MiB)
  1.780683 seconds (39.98 k allocations: 51.617 MiB)
1551
9060
  1.771027 seconds (39.72 k allocations: 50.117 MiB)
7552
  1.752227 seconds (32.38 k allocations: 41.406 MiB)
4568
  1.816711 seconds (25.26 k allocations: 31.004 MiB, 1.73% gc time)
  1.821397 seconds (28.56 k allocations: 35.612 MiB, 1.73% gc time)
  1.795448 seconds (9.47 k allocations: 11.017 MiB, 1.75% gc time)
  1.794101 seconds (9.61 k allocations: 11.190 MiB, 1.75% gc time)
1552
3058
6055
9061
  1.744424 seconds (27.18 k allocations: 32.721 MiB)
4569
  1.801656 seconds (34.91 k allocations: 42.532 MiB)
7553
  1.799359 seconds (16.49 k allocations: 21.889 MiB)
1553
  1.801368 seconds (19.93 k allocations: 24.863 MiB)
  1.801900 seconds (21.22 k allocations: 26.830 MiB)
3059
9062
  1.858137 seconds (39.56 k allocations: 49.949 MiB)
6056
  1.762287 seconds (39.56 k allocations: 49.949 MiB)
4570
  1.741349 seconds (39.17 k allocations: 48.913 MiB)
7554
  1.757189 seconds (33.73 k allocations: 42.605 MiB)
1554
  1.761123 seconds (31.73 k allocations: 40.043 MiB)
  1.761940 seconds (32.11 k allocations: 41.079 MiB)
3060
9063
  1.756394 seconds (39.80 k allocations: 50.201 MiB)
6057
  1.755337 seconds (39.80 k allocations: 50.201 MiB)
4571
  1.754139 seconds (39.72 k allocations: 50.117 MiB)
7555
  1.768155 seconds (39.42 k allocations: 49.165 MiB)
1555
  1.763193 seconds (27.72 k allocations: 34.735 MiB)
3061
  1.767733 seconds (34.40 k allocations: 43.472 MiB)
9064
  1.789962 seconds (39.80 k allocations: 50.201 MiB)
6058
  1.742943 seconds (39.80 k allocations: 50.201 MiB)
4572
  1.857104 seconds (27.85 k allocations: 34.108 MiB, 0.93% gc time)
  1.895878 seconds (38.56 k allocations: 47.714 MiB, 0.91% gc time)
  1.846607 seconds (14.84 k allocations: 17.803 MiB, 0.93% gc time)
  1.849108 seconds (15.77 k allocations: 19.922 MiB, 0.93% gc time)
  1.774731 seconds (7.03 k allocations: 7.971 MiB, 0.97% gc time)
1556
6059
3062
9065
7556
  1.757979 seconds (17.69 k allocations: 22.938 MiB)
6060
  1.787330 seconds (45.55 k allocations: 54.701 MiB)
4573
  1.788523 seconds (16.62 k allocations: 22.024 MiB)
  1.795931 seconds (20.57 k allocations: 29.144 MiB)
3063
1557
  1.799454 seconds (31.61 k allocations: 39.932 MiB)
9066
  1.805245 seconds (39.88 k allocations: 50.285 MiB)
7557
  1.756814 seconds (39.88 k allocations: 50.285 MiB)
6061
  1.778890 seconds (39.80 k allocations: 50.201 MiB)
  1.757421 seconds (23.77 k allocations: 30.023 MiB)
4574
  1.760708 seconds (25.45 k allocations: 32.416 MiB)
1558
3064
  1.760050 seconds (39.58 k allocations: 49.583 MiB)
9067
  1.752741 seconds (32.23 k allocations: 41.193 MiB)
7558
  1.758029 seconds (39.88 k allocations: 50.285 MiB)
6062
  1.756748 seconds (26.00 k allocations: 34.730 MiB)
4575
  1.758402 seconds (25.84 k allocations: 32.170 MiB)
  1.757785 seconds (26.88 k allocations: 33.880 MiB)
1559
3065
  1.764188 seconds (31.87 k allocations: 41.418 MiB)
  1.762469 seconds (31.82 k allocations: 40.129 MiB)
7559
9068
  1.762296 seconds (39.80 k allocations: 50.201 MiB)
6063
  1.805930 seconds (25.42 k allocations: 32.916 MiB, 1.11% gc time)
  1.802436 seconds (18.88 k allocations: 25.004 MiB, 1.11% gc time)
  1.800205 seconds (18.88 k allocations: 23.750 MiB, 1.11% gc time)
  1.786947 seconds (4.73 k allocations: 6.723 MiB, 1.12% gc time)
  1.782847 seconds (3.15 k allocations: 3.939 MiB, 1.12% gc time)
9069
1560
3066
7560
4576
  1.755513 seconds (33.48 k allocations: 40.378 MiB)
6064
  1.769764 seconds (23.38 k allocations: 30.662 MiB)
9070
  1.775825 seconds (15.82 k allocations: 19.980 MiB)
7561
  1.779633 seconds (17.17 k allocations: 22.052 MiB)
3067
  1.788463 seconds (31.72 k allocations: 40.034 MiB)
1561
  1.798118 seconds (39.56 k allocations: 49.949 MiB)
4577
  1.757955 seconds (39.56 k allocations: 49.949 MiB)
6065
  1.761508 seconds (39.56 k allocations: 49.949 MiB)
9071
  1.755789 seconds (33.20 k allocations: 42.768 MiB)
7562
  1.764673 seconds (39.26 k allocations: 48.997 MiB)
  1.758325 seconds (32.11 k allocations: 41.079 MiB)
3068
1562
  1.755764 seconds (39.72 k allocations: 50.117 MiB)
4578
  1.756925 seconds (39.72 k allocations: 50.117 MiB)
6066
  1.754811 seconds (31.73 k allocations: 40.043 MiB)
7563
  1.769678 seconds (43.36 k allocations: 53.879 MiB)
9072
  1.756044 seconds (31.91 k allocations: 40.227 MiB)
3069
  1.752780 seconds (31.73 k allocations: 40.043 MiB)
4579
  1.766623 seconds (39.89 k allocations: 50.341 MiB)
1563
  1.757079 seconds (39.64 k allocations: 50.033 MiB)
6067
  1.809767 seconds (34.65 k allocations: 43.031 MiB, 1.30% gc time)
  1.782381 seconds (7.18 k allocations: 9.222 MiB, 1.32% gc time)
  1.796314 seconds (22.48 k allocations: 27.438 MiB, 1.31% gc time)
  1.804169 seconds (30.10 k allocations: 36.505 MiB, 1.30% gc time)
  1.779688 seconds (6.79 k allocations: 7.601 MiB, 1.32% gc time)
7564
1564
9073
3070
4580
  1.758676 seconds (37.24 k allocations: 44.305 MiB)
6068
  1.757021 seconds (20.45 k allocations: 26.447 MiB)
1565
  1.776510 seconds (16.36 k allocations: 21.754 MiB)
9074
  1.779829 seconds (21.05 k allocations: 26.010 MiB)
  1.785705 seconds (25.82 k allocations: 33.966 MiB)
3071
7565
  1.797003 seconds (39.80 k allocations: 50.201 MiB)
4581
  1.757175 seconds (31.73 k allocations: 40.043 MiB)
1566
  1.768047 seconds (40.15 k allocations: 50.625 MiB)
6069
  1.760066 seconds (37.56 k allocations: 46.579 MiB)
9075
  1.742096 seconds (21.23 k allocations: 26.201 MiB)
4582
  1.764424 seconds (34.82 k allocations: 43.894 MiB)
3072
  1.767128 seconds (42.02 k allocations: 53.157 MiB)
7566
  1.758257 seconds (33.22 k allocations: 42.791 MiB)
1567
  1.765558 seconds (39.72 k allocations: 50.117 MiB)
6070
  1.745892 seconds (27.32 k allocations: 34.205 MiB)
4583
  1.754517 seconds (25.53 k allocations: 33.019 MiB)
  1.768217 seconds (45.60 k allocations: 57.987 MiB)
3073
9076
  1.757123 seconds (29.05 k allocations: 36.798 MiB)
7567
  1.769820 seconds (39.58 k allocations: 49.926 MiB)
  1.749019 seconds (24.09 k allocations: 30.862 MiB)
1568
4584
  1.835947 seconds (34.87 k allocations: 44.118 MiB, 1.75% gc time)
  1.804658 seconds (3.46 k allocations: 4.904 MiB, 1.78% gc time)
  1.809776 seconds (6.84 k allocations: 9.559 MiB, 1.78% gc time)
  1.808427 seconds (5.52 k allocations: 8.248 MiB, 1.78% gc time)
7568
3074
6071
9077
  1.764241 seconds (27.95 k allocations: 34.664 MiB)
1569
  1.777336 seconds (13.59 k allocations: 18.233 MiB)
4585
  1.783806 seconds (18.57 k allocations: 24.000 MiB)
7569
  1.795504 seconds (26.39 k allocations: 33.899 MiB)
3075
  1.804849 seconds (33.25 k allocations: 42.821 MiB)
6072
  1.805445 seconds (35.83 k allocations: 44.933 MiB)
9078
  1.756747 seconds (39.72 k allocations: 50.117 MiB)
1570
  1.739671 seconds (31.81 k allocations: 40.127 MiB)
7570
  1.770445 seconds (46.07 k allocations: 57.824 MiB)
4586
  1.767963 seconds (39.88 k allocations: 50.285 MiB)
  1.758019 seconds (29.06 k allocations: 37.276 MiB)
3076
6073
  1.760923 seconds (38.40 k allocations: 47.550 MiB)
9079
  1.758361 seconds (39.80 k allocations: 50.201 MiB)
1571
  1.754459 seconds (38.88 k allocations: 48.033 MiB)
7571
  1.754858 seconds (39.80 k allocations: 50.201 MiB)
4587
  1.761039 seconds (31.09 k allocations: 38.705 MiB)
6074
  1.772462 seconds (39.13 k allocations: 49.508 MiB)
3077
  1.764681 seconds (37.66 k allocations: 46.799 MiB)
9080
  1.759875 seconds (39.41 k allocations: 49.164 MiB)
1572
  1.856531 seconds (38.24 k allocations: 47.394 MiB, 0.94% gc time)
  1.832846 seconds (30.30 k allocations: 37.349 MiB, 0.95% gc time)
  1.796312 seconds (13.51 k allocations: 15.711 MiB, 0.97% gc time)
  1.801416 seconds (18.58 k allocations: 22.846 MiB, 0.97% gc time)
  1.786497 seconds (6.75 k allocations: 7.662 MiB, 0.98% gc time)
7572
6075
9081
3078
4588
  1.769914 seconds (37.29 k allocations: 44.353 MiB)
1573
  1.771795 seconds (18.38 k allocations: 24.331 MiB)
  1.771377 seconds (15.81 k allocations: 22.356 MiB)
6076
9082
  1.780637 seconds (19.72 k allocations: 24.652 MiB)
3079
  1.799680 seconds (32.35 k allocations: 41.912 MiB)
  1.796326 seconds (32.11 k allocations: 41.079 MiB)
7573
4589
  1.754928 seconds (39.42 k allocations: 49.165 MiB)
1574
  1.757276 seconds (31.37 k allocations: 38.972 MiB)
6077
  1.736408 seconds (10.92 k allocations: 13.762 MiB)
7574
  1.764203 seconds (39.89 k allocations: 49.066 MiB)
  1.740281 seconds (20.19 k allocations: 25.788 MiB)
9083
4590
  1.767792 seconds (55.70 k allocations: 70.264 MiB)
3080
  1.759211 seconds (39.80 k allocations: 50.201 MiB)
1575
  1.753442 seconds (23.41 k allocations: 30.171 MiB)
  1.758600 seconds (34.39 k allocations: 43.349 MiB)
7575
6078
  1.756588 seconds (23.98 k allocations: 30.222 MiB)
3081
  1.769180 seconds (32.86 k allocations: 41.264 MiB)
4591
  1.775643 seconds (38.68 k allocations: 48.536 MiB)
9084
  1.760457 seconds (39.88 k allocations: 50.285 MiB)
1576
  1.754022 seconds (32.01 k allocations: 40.336 MiB)
7576
  3.524734 seconds (34.71 k allocations: 43.799 MiB, 0.52% gc time)
  3.500361 seconds (10.88 k allocations: 13.696 MiB, 0.52% gc time)
  3.499824 seconds (10.97 k allocations: 13.801 MiB, 0.52% gc time)
  3.505372 seconds (17.35 k allocations: 22.747 MiB, 0.52% gc time)
  1.770795 seconds (2.66 k allocations: 2.714 MiB, 1.04% gc time)
1577
6079
9085
3082
4592
  1.752061 seconds (31.39 k allocations: 38.240 MiB)
7577
  1.755980 seconds (28.22 k allocations: 34.377 MiB)
1578
  1.869298 seconds (16.60 k allocations: 23.218 MiB)
6080
  1.870667 seconds (17.17 k allocations: 22.053 MiB)
9086
  1.871003 seconds (22.04 k allocations: 27.721 MiB)
4593
  1.886724 seconds (39.80 k allocations: 50.201 MiB)
3083
  1.765097 seconds (39.20 k allocations: 48.888 MiB)
7578
  1.860920 seconds (39.72 k allocations: 50.117 MiB)
1579
  1.754886 seconds (30.28 k allocations: 39.097 MiB)
6081
  1.755823 seconds (27.42 k allocations: 35.643 MiB)
9087
  1.756083 seconds (30.81 k allocations: 38.574 MiB)
4594
  1.753290 seconds (39.80 k allocations: 50.201 MiB)
3084
  1.759984 seconds (39.80 k allocations: 50.201 MiB)
7579
  1.763988 seconds (39.80 k allocations: 50.201 MiB)
1580
  1.744168 seconds (17.45 k allocations: 22.348 MiB)
4595
  1.769111 seconds (39.44 k allocations: 50.367 MiB)
  1.768000 seconds (33.70 k allocations: 43.922 MiB)
6082
9088
  1.761849 seconds (39.72 k allocations: 50.117 MiB)
3085
  1.751276 seconds (39.64 k allocations: 50.033 MiB)
7580
  1.807654 seconds (30.01 k allocations: 37.068 MiB, 1.02% gc time)
  1.810419 seconds (31.36 k allocations: 39.652 MiB, 1.02% gc time)
  1.788476 seconds (14.57 k allocations: 18.672 MiB, 1.03% gc time)
  1.786603 seconds (14.37 k allocations: 17.238 MiB, 1.03% gc time)
  1.776142 seconds (6.55 k allocations: 7.348 MiB, 1.04% gc time)
6083
3086
9089
1581
4596
  1.753276 seconds (37.57 k allocations: 44.639 MiB)
7581
  1.759292 seconds (21.25 k allocations: 28.479 MiB)
3087
  1.787616 seconds (18.30 k allocations: 24.963 MiB)
6084
  1.789522 seconds (20.39 k allocations: 25.342 MiB)
  1.793939 seconds (23.00 k allocations: 29.874 MiB)
4597
9090
  1.802022 seconds (39.72 k allocations: 50.117 MiB)
1582
  1.750742 seconds (39.64 k allocations: 50.033 MiB)
7582
  1.764506 seconds (39.64 k allocations: 50.033 MiB)
3088
  1.740151 seconds (24.38 k allocations: 31.857 MiB)
4598
  1.756863 seconds (44.22 k allocations: 55.220 MiB)
6085
  1.760271 seconds (31.73 k allocations: 40.043 MiB)
1583
  1.799531 seconds (47.55 k allocations: 60.022 MiB)
9091
  1.754765 seconds (39.64 k allocations: 50.033 MiB)
7583
  1.744531 seconds (31.81 k allocations: 40.127 MiB)
  1.758469 seconds (39.97 k allocations: 50.855 MiB)
4599
3089
  1.764457 seconds (39.80 k allocations: 50.201 MiB)
6086
  1.762995 seconds (39.80 k allocations: 50.201 MiB)
1584
  1.770328 seconds (39.72 k allocations: 50.117 MiB)
9092
  1.754527 seconds (39.64 k allocations: 50.033 MiB)
7584
  1.742946 seconds (31.73 k allocations: 40.043 MiB)
4600
  3.534180 seconds (34.69 k allocations: 43.754 MiB, 1.45% gc time)
  3.503904 seconds (26.81 k allocations: 33.789 MiB, 1.47% gc time)
  3.482711 seconds (18.98 k allocations: 23.857 MiB, 1.48% gc time)
  3.446049 seconds (11.18 k allocations: 14.031 MiB, 1.49% gc time)
  1.801097 seconds (3.26 k allocations: 4.075 MiB, 2.85% gc time)
7585
1585
3090
9093
6087
  1.734238 seconds (35.95 k allocations: 43.003 MiB)
4601
  1.790163 seconds (18.80 k allocations: 24.823 MiB)
7586
  1.888416 seconds (19.38 k allocations: 24.829 MiB)
9094
  1.896035 seconds (23.45 k allocations: 29.674 MiB)
1586
  1.896219 seconds (25.09 k allocations: 32.041 MiB)
3091
  1.911016 seconds (39.64 k allocations: 50.033 MiB)
6088
  1.563228 seconds (39.64 k allocations: 50.033 MiB)
4602
  1.762382 seconds (39.64 k allocations: 50.033 MiB)
7587
  1.758172 seconds (24.44 k allocations: 31.923 MiB)
1587
  1.766086 seconds (32.53 k allocations: 42.088 MiB)
9095
  1.764534 seconds (32.91 k allocations: 40.728 MiB)
3092
  1.763701 seconds (39.72 k allocations: 50.117 MiB)
6089
  1.744753 seconds (39.72 k allocations: 50.117 MiB)
4603
  1.755904 seconds (39.64 k allocations: 50.033 MiB)
7588
  1.759388 seconds (33.72 k allocations: 42.662 MiB)
1588
  1.770167 seconds (31.73 k allocations: 40.043 MiB)
3093
  1.785799 seconds (42.31 k allocations: 52.769 MiB)
9096
  1.772911 seconds (39.64 k allocations: 50.033 MiB)
6090
  1.758081 seconds (39.64 k allocations: 50.033 MiB)
4604
  1.986505 seconds (38.32 k allocations: 47.462 MiB, 2.82% gc time)
  1.878520 seconds (30.44 k allocations: 37.475 MiB, 2.98% gc time)
  1.846974 seconds (14.74 k allocations: 17.770 MiB, 3.03% gc time)
  1.855601 seconds (21.64 k allocations: 25.951 MiB, 3.02% gc time)
  1.830568 seconds (6.94 k allocations: 7.959 MiB, 3.06% gc time)
7589
9097
1589
6091
3094
  1.579606 seconds (37.36 k allocations: 44.423 MiB)
4605
  1.780562 seconds (7.91 k allocations: 9.990 MiB)
  1.784393 seconds (8.30 k allocations: 11.026 MiB)
3095
6092
  1.795539 seconds (22.31 k allocations: 28.497 MiB)
7590
  1.798313 seconds (24.79 k allocations: 31.743 MiB)
9098
  1.802387 seconds (30.36 k allocations: 38.117 MiB)
1590
  1.511847 seconds (39.64 k allocations: 50.033 MiB)
4606
  1.756768 seconds (32.28 k allocations: 41.402 MiB)
3096
  1.758050 seconds (32.14 k allocations: 40.523 MiB)
6093
  1.751879 seconds (25.06 k allocations: 31.331 MiB)
7591
  1.756186 seconds (31.81 k allocations: 40.127 MiB)
  1.761597 seconds (33.38 k allocations: 43.602 MiB)
1591
9099
  1.629465 seconds (39.88 k allocations: 50.285 MiB)
4607
  1.756963 seconds (27.68 k allocations: 35.218 MiB)
3097
  1.758291 seconds (26.92 k allocations: 35.146 MiB)
6094
  1.761598 seconds (36.28 k allocations: 44.157 MiB)
7592
  1.758403 seconds (31.73 k allocations: 40.043 MiB)
1592
  1.763183 seconds (34.22 k allocations: 43.293 MiB)
9100
  1.513278 seconds (39.80 k allocations: 50.201 MiB)
4608
  1.754920 seconds (32.76 k allocations: 41.684 MiB)
3098
  2.710697 seconds (31.21 k allocations: 39.528 MiB, 1.52% gc time)
  2.704761 seconds (26.59 k allocations: 32.890 MiB, 1.53% gc time)
  2.692047 seconds (13.89 k allocations: 18.005 MiB, 1.54% gc time)
  2.686777 seconds (11.14 k allocations: 14.040 MiB, 1.54% gc time)
  1.790919 seconds (3.26 k allocations: 4.153 MiB, 2.31% gc time)
6095
7593
1593
9101
4609
  1.757722 seconds (37.88 k allocations: 45.021 MiB)
3099
  1.765894 seconds (8.00 k allocations: 10.074 MiB)
4610
  1.870290 seconds (15.99 k allocations: 20.148 MiB)
7594
  1.880248 seconds (23.90 k allocations: 30.138 MiB)
1594
  1.882037 seconds (24.29 k allocations: 31.174 MiB)
9102
  1.902363 seconds (42.11 k allocations: 56.225 MiB)
6096
  1.513910 seconds (31.64 k allocations: 39.959 MiB)
4611
  1.761986 seconds (47.63 k allocations: 60.106 MiB)
3100
  1.754475 seconds (27.74 k allocations: 35.281 MiB)
1595
  1.772420 seconds (45.24 k allocations: 56.446 MiB)
7595
  1.769237 seconds (39.88 k allocations: 50.285 MiB)
9103
  1.762718 seconds (37.95 k allocations: 47.092 MiB)
6097
  1.524740 seconds (39.88 k allocations: 50.285 MiB)
4612
  1.761500 seconds (39.80 k allocations: 50.201 MiB)
3101
  1.759452 seconds (37.48 k allocations: 47.143 MiB)
1596
  1.757909 seconds (35.79 k allocations: 44.873 MiB)
7596
  1.767421 seconds (38.17 k allocations: 47.839 MiB)
9104
  1.765739 seconds (37.73 k allocations: 46.867 MiB)
6098
  1.777325 seconds (39.72 k allocations: 50.117 MiB)
4613
  1.961536 seconds (34.60 k allocations: 43.670 MiB, 1.65% gc time)
  1.825668 seconds (18.80 k allocations: 23.693 MiB, 1.77% gc time)
  1.831739 seconds (23.21 k allocations: 29.402 MiB, 1.77% gc time)
  1.801980 seconds (9.83 k allocations: 11.962 MiB, 1.80% gc time)
  1.793404 seconds (3.08 k allocations: 3.938 MiB, 1.81% gc time)
1597
7597
6099
9105
3102
  1.515953 seconds (32.46 k allocations: 39.264 MiB)
4614
  1.787046 seconds (8.24 k allocations: 11.552 MiB)
  1.791675 seconds (8.97 k allocations: 12.968 MiB)
1598
  1.791352 seconds (9.74 k allocations: 13.196 MiB)
9106
  1.795737 seconds (12.02 k allocations: 16.223 MiB)
3103
7598
  1.804824 seconds (38.66 k allocations: 49.040 MiB)
6100
  1.547112 seconds (39.64 k allocations: 50.033 MiB)
4615
  1.751695 seconds (14.13 k allocations: 17.564 MiB)
  1.756716 seconds (20.77 k allocations: 28.130 MiB)
  1.756187 seconds (16.63 k allocations: 22.672 MiB)
7599
1599
3104
  1.764208 seconds (35.30 k allocations: 43.159 MiB)
9107
  1.760990 seconds (37.88 k allocations: 47.023 MiB)
6101
  1.526233 seconds (39.72 k allocations: 50.117 MiB)
4616
  1.756418 seconds (18.56 k allocations: 23.995 MiB)
  1.759358 seconds (22.68 k allocations: 29.413 MiB)
  1.761816 seconds (26.18 k allocations: 34.356 MiB)
1600
3105
7600
  1.760717 seconds (31.81 k allocations: 40.127 MiB)
6102
  1.777843 seconds (46.02 k allocations: 57.763 MiB)
9108
  1.512899 seconds (39.64 k allocations: 50.033 MiB)
4617
  1.838746 seconds (22.09 k allocations: 27.062 MiB, 2.35% gc time)
  1.837662 seconds (22.11 k allocations: 27.065 MiB, 2.35% gc time)
  1.840136 seconds (22.36 k allocations: 28.558 MiB, 2.35% gc time)
  1.826794 seconds (13.97 k allocations: 16.314 MiB, 2.37% gc time)
  1.816283 seconds (6.53 k allocations: 7.515 MiB, 2.38% gc time)
7601
1601
3106
6103
9109
  1.513369 seconds (37.34 k allocations: 44.412 MiB)
4618
  1.786251 seconds (7.91 k allocations: 9.990 MiB)
9110
  1.793480 seconds (11.07 k allocations: 15.127 MiB)
  1.795227 seconds (13.51 k allocations: 18.261 MiB)
7602
1602
  1.795511 seconds (22.32 k allocations: 27.995 MiB)
6104
  1.802646 seconds (35.91 k allocations: 45.008 MiB)
3107
  1.534463 seconds (39.80 k allocations: 50.201 MiB)
4619
  1.761260 seconds (30.86 k allocations: 39.037 MiB)
  1.757697 seconds (20.56 k allocations: 26.637 MiB)
  1.757643 seconds (18.68 k allocations: 24.768 MiB)
  1.756871 seconds (13.44 k allocations: 18.773 MiB)
9111
  1.752857 seconds (10.76 k allocations: 15.532 MiB)
7603
1603
6105
3108
  1.578596 seconds (39.80 k allocations: 50.201 MiB)
4620
  1.759710 seconds (23.05 k allocations: 27.982 MiB)
  1.763741 seconds (23.51 k allocations: 30.310 MiB)
1604
  1.766574 seconds (26.74 k allocations: 34.317 MiB)
7604
9112
  1.764378 seconds (31.89 k allocations: 40.211 MiB)
3109
  1.773778 seconds (38.19 k allocations: 47.339 MiB)
6106
  1.744923 seconds (39.96 k allocations: 50.369 MiB)
4621
  1.754100 seconds (24.01 k allocations: 31.473 MiB)
7605
  1.757623 seconds (25.20 k allocations: 33.400 MiB)
  2.820930 seconds (27.24 k allocations: 34.894 MiB, 0.96% gc time)
  2.803206 seconds (17.66 k allocations: 22.475 MiB, 0.96% gc time)
  2.795877 seconds (11.41 k allocations: 14.850 MiB, 0.97% gc time)
  1.771292 seconds (3.48 k allocations: 4.849 MiB, 1.53% gc time)
1605
6107
4622
9113
3110
  1.569134 seconds (2.89 k allocations: 5.386 MiB)
4623
  1.756270 seconds (38.46 k allocations: 47.319 MiB)
7606
  1.875137 seconds (18.87 k allocations: 25.536 MiB)
1606
  1.946698 seconds (23.74 k allocations: 29.970 MiB)
6108
  1.948283 seconds (27.28 k allocations: 34.290 MiB)
3111
  1.967463 seconds (39.72 k allocations: 50.117 MiB)
9114
  1.513606 seconds (39.72 k allocations: 50.117 MiB)
4624
  1.771030 seconds (39.72 k allocations: 50.117 MiB)
7607
  1.760899 seconds (39.80 k allocations: 50.201 MiB)
1607
  1.756456 seconds (31.81 k allocations: 40.127 MiB)
  1.764386 seconds (37.23 k allocations: 47.508 MiB)
3112
6109
  1.760789 seconds (39.72 k allocations: 50.117 MiB)
9115
  1.512387 seconds (39.72 k allocations: 50.117 MiB)
4625
  1.754234 seconds (39.64 k allocations: 50.033 MiB)
7608
  1.756933 seconds (39.56 k allocations: 49.949 MiB)
1608
  1.758514 seconds (31.66 k allocations: 41.193 MiB)
3113
  1.759556 seconds (32.83 k allocations: 41.864 MiB)
6110
  1.762595 seconds (39.64 k allocations: 50.033 MiB)
9116
  1.747763 seconds (39.64 k allocations: 50.033 MiB)
4626
  2.026016 seconds (34.75 k allocations: 43.836 MiB, 1.25% gc time)
  1.902370 seconds (26.86 k allocations: 33.852 MiB, 1.33% gc time)
  1.824008 seconds (11.13 k allocations: 14.047 MiB, 1.38% gc time)
  1.823281 seconds (11.06 k allocations: 13.915 MiB, 1.38% gc time)
  1.800288 seconds (3.32 k allocations: 4.235 MiB, 1.40% gc time)
7609
1609
3114
6111
9117
  1.582870 seconds (34.37 k allocations: 41.288 MiB)
4627
  1.782327 seconds (7.91 k allocations: 9.990 MiB)
9118
  1.786988 seconds (10.07 k allocations: 12.880 MiB)
3115
  1.787982 seconds (14.58 k allocations: 18.191 MiB)
6112
  1.795510 seconds (27.05 k allocations: 32.821 MiB)
  1.797352 seconds (29.84 k allocations: 37.541 MiB)
7610
1610
  1.576717 seconds (39.72 k allocations: 50.117 MiB)
4628
  1.758265 seconds (25.08 k allocations: 31.434 MiB)
  1.762181 seconds (30.38 k allocations: 39.845 MiB)
3116
  1.754283 seconds (9.73 k allocations: 13.192 MiB)
9119
7611
  1.771488 seconds (41.01 k allocations: 51.956 MiB)
  1.767314 seconds (32.28 k allocations: 41.248 MiB)
6113
1611
  1.511814 seconds (39.88 k allocations: 50.285 MiB)
4629
  1.755651 seconds (23.82 k allocations: 30.053 MiB)
7612
  1.765818 seconds (33.09 k allocations: 42.665 MiB)
3117
  1.770746 seconds (39.56 k allocations: 48.733 MiB)
9120
  1.760323 seconds (26.65 k allocations: 33.643 MiB)
  1.765407 seconds (29.51 k allocations: 38.350 MiB)
1612
6114
  1.754728 seconds (39.72 k allocations: 50.117 MiB)
4630
  1.870865 seconds (35.71 k allocations: 44.107 MiB, 3.51% gc time)
  1.853379 seconds (14.13 k allocations: 17.538 MiB, 3.55% gc time)
  1.864951 seconds (30.18 k allocations: 36.603 MiB, 3.52% gc time)
  1.848563 seconds (6.87 k allocations: 7.653 MiB, 3.55% gc time)
  1.847378 seconds (6.95 k allocations: 7.776 MiB, 3.56% gc time)
7613
1613
9121
3118
6115
  1.579770 seconds (37.38 k allocations: 44.446 MiB)
4631
  1.788400 seconds (8.92 k allocations: 12.241 MiB)
  1.789942 seconds (9.32 k allocations: 13.295 MiB)
1614
7614
  1.790574 seconds (14.64 k allocations: 18.242 MiB)
3119
  1.792383 seconds (25.14 k allocations: 30.883 MiB)
6116
  1.800146 seconds (35.69 k allocations: 44.783 MiB)
9122
  1.564136 seconds (39.80 k allocations: 50.201 MiB)
4632
  1.752048 seconds (25.90 k allocations: 32.769 MiB)
7615
  1.757438 seconds (29.59 k allocations: 37.219 MiB)
1615
  1.756839 seconds (29.65 k allocations: 36.143 MiB)
3120
  1.762416 seconds (35.88 k allocations: 45.499 MiB)
6117
  1.763617 seconds (36.53 k allocations: 45.634 MiB)
9123
  1.526925 seconds (39.64 k allocations: 50.033 MiB)
4633
  1.753938 seconds (33.44 k allocations: 42.310 MiB)
7616
  1.756692 seconds (32.38 k allocations: 40.709 MiB)
1616
  1.757688 seconds (33.85 k allocations: 42.919 MiB)
3121
  1.762482 seconds (36.88 k allocations: 46.525 MiB)
6118
  1.770682 seconds (39.64 k allocations: 50.033 MiB)
9124
  1.512148 seconds (39.72 k allocations: 50.117 MiB)
4634
  1.753745 seconds (39.26 k allocations: 48.948 MiB)
7617
  2.629242 seconds (30.20 k allocations: 38.492 MiB, 0.62% gc time)
  2.623435 seconds (26.87 k allocations: 33.854 MiB, 0.63% gc time)
  2.608797 seconds (19.04 k allocations: 24.007 MiB, 0.63% gc time)
  2.594485 seconds (11.15 k allocations: 14.065 MiB, 0.63% gc time)
  1.755584 seconds (3.35 k allocations: 4.283 MiB, 0.94% gc time)
1617
3122
9125
4635
6119
  1.761907 seconds (34.81 k allocations: 41.722 MiB)
7618
  1.755847 seconds (7.29 k allocations: 11.800 MiB)
4636
  1.874310 seconds (16.87 k allocations: 22.272 MiB)
1618
  1.899762 seconds (23.73 k allocations: 29.969 MiB)
6120
  1.939841 seconds (31.65 k allocations: 39.959 MiB)
3123
  1.943286 seconds (34.37 k allocations: 43.441 MiB)
9126
  1.525014 seconds (31.73 k allocations: 40.043 MiB)
4637
  1.771144 seconds (40.95 k allocations: 52.593 MiB)
7619
  1.756450 seconds (39.80 k allocations: 50.201 MiB)
1619
  1.796389 seconds (39.80 k allocations: 50.201 MiB)
6121
  1.766325 seconds (32.82 k allocations: 41.170 MiB)
  1.764411 seconds (32.19 k allocations: 41.163 MiB)
3124
9127
  1.513340 seconds (39.64 k allocations: 50.033 MiB)
4638
  1.753389 seconds (39.56 k allocations: 49.949 MiB)
7620
  1.759935 seconds (39.64 k allocations: 50.033 MiB)
1620
  1.757282 seconds (23.82 k allocations: 30.054 MiB)
3125
  1.766445 seconds (31.73 k allocations: 40.043 MiB)
  1.776226 seconds (46.62 k allocations: 58.381 MiB)
9128
6122
  1.771042 seconds (39.80 k allocations: 50.201 MiB)
4639
  1.999158 seconds (34.67 k allocations: 43.752 MiB, 1.05% gc time)
  1.878440 seconds (26.79 k allocations: 33.776 MiB, 1.12% gc time)
  1.805193 seconds (18.25 k allocations: 21.927 MiB, 1.16% gc time)
  1.796160 seconds (3.56 k allocations: 5.703 MiB, 1.17% gc time)
  1.794087 seconds (3.23 k allocations: 4.217 MiB, 1.17% gc time)
1621
7621
6123
3126
9129
  1.748111 seconds (32.67 k allocations: 39.533 MiB)
4640
  1.772883 seconds (18.39 k allocations: 25.562 MiB)
6124
  1.780962 seconds (15.91 k allocations: 20.064 MiB)
9130
  1.791011 seconds (23.82 k allocations: 30.053 MiB)
7622
  1.794898 seconds (24.61 k allocations: 31.560 MiB)
  1.793466 seconds (26.28 k allocations: 33.918 MiB)
1622
3127
  1.749744 seconds (39.64 k allocations: 50.033 MiB)
4641
  1.763355 seconds (39.64 k allocations: 50.033 MiB)
6125
  1.753717 seconds (19.21 k allocations: 25.888 MiB)
7623
  1.766416 seconds (41.01 k allocations: 51.482 MiB)
  1.753246 seconds (17.79 k allocations: 22.692 MiB)
  1.757304 seconds (21.99 k allocations: 28.246 MiB)
9131
3128
1623
  1.512442 seconds (39.72 k allocations: 50.117 MiB)
4642
  1.756094 seconds (23.34 k allocations: 29.383 MiB)
  1.771917 seconds (40.10 k allocations: 51.152 MiB)
7624
6126
  1.759189 seconds (23.14 k allocations: 28.149 MiB)
1624
  1.766305 seconds (28.67 k allocations: 36.925 MiB)
9132
  1.769701 seconds (32.80 k allocations: 43.064 MiB)
3129
  1.514055 seconds (39.80 k allocations: 50.201 MiB)
4643
  1.810815 seconds (31.12 k allocations: 39.433 MiB, 0.95% gc time)
  1.800360 seconds (19.59 k allocations: 23.162 MiB, 0.96% gc time)
  1.808381 seconds (29.34 k allocations: 35.720 MiB, 0.95% gc time)
  1.788765 seconds (6.57 k allocations: 7.510 MiB, 0.96% gc time)
  1.791931 seconds (7.53 k allocations: 9.788 MiB, 0.96% gc time)
7625
1625
9133
3130
6127
  1.521387 seconds (37.02 k allocations: 44.083 MiB)
4644
  1.776538 seconds (16.74 k allocations: 23.886 MiB)
9134
  1.789487 seconds (17.88 k allocations: 24.537 MiB)
7626
  1.792768 seconds (22.20 k allocations: 27.186 MiB)
  1.792632 seconds (23.57 k allocations: 29.229 MiB)
3131
6128
  1.807011 seconds (39.91 k allocations: 51.527 MiB)
1626
  1.528628 seconds (39.80 k allocations: 50.201 MiB)
4645
  1.764783 seconds (39.80 k allocations: 50.201 MiB)
9135
  1.761052 seconds (37.93 k allocations: 46.948 MiB)
7627
  1.764233 seconds (31.73 k allocations: 40.043 MiB)
3132
  1.766340 seconds (33.67 k allocations: 42.729 MiB)
6129
  1.762722 seconds (37.45 k allocations: 46.582 MiB)
1627
  1.581839 seconds (39.72 k allocations: 50.117 MiB)
4646
  1.764490 seconds (39.72 k allocations: 50.117 MiB)
9136
  1.755132 seconds (32.27 k allocations: 41.297 MiB)
7628
  1.760386 seconds (34.09 k allocations: 43.677 MiB)
3133
  1.762595 seconds (34.61 k allocations: 42.972 MiB)
6130
  1.758810 seconds (32.21 k allocations: 41.235 MiB)
1628
  1.747562 seconds (39.72 k allocations: 50.117 MiB)
4647
  1.753875 seconds (31.89 k allocations: 40.211 MiB)
7629
  2.843532 seconds (23.90 k allocations: 29.489 MiB, 0.62% gc time)
  2.861771 seconds (35.03 k allocations: 45.329 MiB, 0.62% gc time)
  2.835426 seconds (11.13 k allocations: 13.938 MiB, 0.63% gc time)
  2.837269 seconds (11.38 k allocations: 15.485 MiB, 0.63% gc time)
  1.771516 seconds (3.35 k allocations: 4.181 MiB, 1.00% gc time)
3134
9137
4648
1629
6131
  1.547795 seconds (11.62 k allocations: 16.748 MiB)
4649
  1.756028 seconds (42.23 k allocations: 51.207 MiB)
7630
  1.879366 seconds (15.90 k allocations: 20.064 MiB)
1630
  1.892610 seconds (25.17 k allocations: 33.893 MiB)
3135
  1.894096 seconds (25.31 k allocations: 33.494 MiB)
9138
  1.907498 seconds (39.72 k allocations: 50.117 MiB)
6132
  1.513184 seconds (39.72 k allocations: 50.117 MiB)
4650
  1.764999 seconds (39.64 k allocations: 50.033 MiB)
7631
  1.772018 seconds (39.26 k allocations: 48.997 MiB)
  1.764467 seconds (25.92 k allocations: 34.065 MiB)
1631
3136
  1.763931 seconds (27.81 k allocations: 35.530 MiB)
9139
  1.765064 seconds (39.56 k allocations: 49.949 MiB)
6133
  1.511708 seconds (39.64 k allocations: 50.033 MiB)
4651
  1.765641 seconds (39.64 k allocations: 50.033 MiB)
7632
  1.754118 seconds (28.24 k allocations: 35.781 MiB)
1632
  1.755633 seconds (28.34 k allocations: 36.596 MiB)
3137
  1.759477 seconds (39.64 k allocations: 50.032 MiB)
9140
  1.771670 seconds (39.56 k allocations: 49.949 MiB)
6134
  1.744514 seconds (39.64 k allocations: 50.033 MiB)
4652
  1.956894 seconds (34.75 k allocations: 43.836 MiB, 0.81% gc time)
  1.820989 seconds (21.02 k allocations: 27.188 MiB, 0.87% gc time)
  1.817689 seconds (18.69 k allocations: 22.982 MiB, 0.87% gc time)
  1.803966 seconds (11.25 k allocations: 14.203 MiB, 0.88% gc time)
  1.778029 seconds (3.37 k allocations: 4.320 MiB, 0.89% gc time)
1633
7633
9141
6135
3138
  1.597480 seconds (35.33 k allocations: 42.314 MiB)
4653
  1.759470 seconds (11.81 k allocations: 16.413 MiB)
6136
  1.773978 seconds (15.82 k allocations: 19.980 MiB)
3139
  1.798030 seconds (24.68 k allocations: 32.156 MiB)
  1.802025 seconds (27.50 k allocations: 35.677 MiB)
7634
1634
  1.811773 seconds (40.47 k allocations: 52.110 MiB)
9142
  1.564495 seconds (39.72 k allocations: 50.117 MiB)
4654
  1.760636 seconds (39.72 k allocations: 50.117 MiB)
6137
  1.758253 seconds (39.64 k allocations: 50.033 MiB)
3140
  1.755197 seconds (31.65 k allocations: 39.959 MiB)
7635
  1.758266 seconds (34.28 k allocations: 43.335 MiB)
1635
  1.763505 seconds (39.64 k allocations: 50.033 MiB)
9143
  1.523918 seconds (39.72 k allocations: 50.117 MiB)
4655
  1.757740 seconds (39.72 k allocations: 50.117 MiB)
6138
  1.762588 seconds (39.72 k allocations: 50.117 MiB)
3141
  1.752691 seconds (28.84 k allocations: 37.090 MiB)
7636
  1.756502 seconds (36.39 k allocations: 45.501 MiB)
1636
  1.767872 seconds (39.80 k allocations: 50.201 MiB)
9144
  1.780860 seconds (39.80 k allocations: 50.201 MiB)
4656
  1.856729 seconds (38.64 k allocations: 47.797 MiB, 1.75% gc time)
  1.834533 seconds (25.43 k allocations: 31.145 MiB, 1.77% gc time)
  1.829838 seconds (18.30 k allocations: 22.479 MiB, 1.78% gc time)
  1.825276 seconds (14.80 k allocations: 17.723 MiB, 1.78% gc time)
  1.791683 seconds (7.03 k allocations: 7.986 MiB, 1.81% gc time)
3142
6139
7637
1637
9145
  1.583082 seconds (37.71 k allocations: 44.852 MiB)
4657
  1.778785 seconds (7.92 k allocations: 9.990 MiB)
9146
  1.791463 seconds (15.82 k allocations: 19.980 MiB)
1638
  1.799899 seconds (20.13 k allocations: 25.067 MiB)
  1.796742 seconds (20.25 k allocations: 25.220 MiB)
3143
7638
  1.804956 seconds (35.88 k allocations: 43.758 MiB)
6140
  1.563431 seconds (39.64 k allocations: 50.033 MiB)
4658
  1.767874 seconds (39.64 k allocations: 50.033 MiB)
9147
  1.757885 seconds (27.81 k allocations: 35.358 MiB)
1639
  1.754083 seconds (19.58 k allocations: 24.513 MiB)
7639
  1.764438 seconds (39.19 k allocations: 48.877 MiB)
3144
  1.762031 seconds (36.40 k allocations: 45.509 MiB)
6141
  1.513718 seconds (39.72 k allocations: 50.117 MiB)
4659
  1.538591 seconds (23.35 k allocations: 28.934 MiB)
7640
  1.758728 seconds (34.06 k allocations: 43.649 MiB)
  1.762768 seconds (37.42 k allocations: 48.951 MiB)
1640
9148
  1.757303 seconds (34.17 k allocations: 41.307 MiB)
3145
  1.763276 seconds (39.88 k allocations: 50.285 MiB)
6142
  1.512628 seconds (39.96 k allocations: 50.369 MiB)
4660
  1.751468 seconds (39.88 k allocations: 50.285 MiB)
7641
  2.606767 seconds (25.26 k allocations: 31.537 MiB, 0.63% gc time)
  2.599731 seconds (18.80 k allocations: 23.703 MiB, 0.63% gc time)
  2.605386 seconds (23.67 k allocations: 29.914 MiB, 0.63% gc time)
  2.587161 seconds (11.02 k allocations: 13.884 MiB, 0.63% gc time)
  1.753882 seconds (3.21 k allocations: 4.063 MiB, 0.94% gc time)
1641
4661
3146
9149
6143
  1.752131 seconds (33.46 k allocations: 40.409 MiB)
7642
  1.763225 seconds (25.36 k allocations: 32.666 MiB)
4662
  1.869159 seconds (17.77 k allocations: 24.421 MiB)
1642
  1.876251 seconds (23.90 k allocations: 30.138 MiB)
3147
  1.876666 seconds (26.02 k allocations: 32.997 MiB)
6144
  1.885760 seconds (37.71 k allocations: 46.847 MiB)
9150
  1.524109 seconds (31.81 k allocations: 40.127 MiB)
4663
  1.755419 seconds (47.71 k allocations: 60.190 MiB)
7643
  1.757603 seconds (39.71 k allocations: 50.115 MiB)
1643
  1.758624 seconds (34.44 k allocations: 44.040 MiB)
3148
  1.761040 seconds (34.28 k allocations: 42.644 MiB)
6145
  1.765135 seconds (39.72 k allocations: 50.117 MiB)
9151
  1.512989 seconds (39.64 k allocations: 50.033 MiB)
4664
  1.548380 seconds (39.64 k allocations: 50.033 MiB)
7644
  1.758381 seconds (39.49 k allocations: 49.637 MiB)
1644
  1.756367 seconds (35.85 k allocations: 44.242 MiB)
3149
  1.757170 seconds (36.59 k allocations: 45.471 MiB)
6146
  1.762399 seconds (39.72 k allocations: 50.117 MiB)
9152
  1.770445 seconds (39.72 k allocations: 50.117 MiB)
4665
  2.168338 seconds (34.59 k allocations: 43.668 MiB, 1.11% gc time)
  1.823968 seconds (25.37 k allocations: 31.633 MiB, 1.32% gc time)
  1.814522 seconds (14.65 k allocations: 18.825 MiB, 1.32% gc time)  1.809622 seconds (11.00 k allocations: 13.977 MiB, 1.33% gc time)

  1.794498 seconds (3.21 k allocations: 4.166 MiB, 1.34% gc time)
7645
1645
6147
3150
9153
  1.758458 seconds (32.67 k allocations: 39.554 MiB)
4666
  1.787925 seconds (7.91 k allocations: 9.990 MiB)
9154
  1.797172 seconds (15.82 k allocations: 19.980 MiB)
3151
  1.806078 seconds (21.04 k allocations: 25.989 MiB)
1646
  1.811549 seconds (28.77 k allocations: 35.798 MiB)
6148
  1.889199 seconds (39.72 k allocations: 50.117 MiB)
7646
  1.536316 seconds (1 allocation: 736 bytes)
7647
  1.748199 seconds (47.71 k allocations: 60.190 MiB)
4667
  1.760198 seconds (47.60 k allocations: 59.742 MiB)
9155
  1.753714 seconds (39.54 k allocations: 49.942 MiB)
3152
  1.756511 seconds (46.04 k allocations: 57.792 MiB)
1647
  1.758242 seconds (47.57 k allocations: 58.822 MiB)
6149
  1.511114 seconds (31.73 k allocations: 40.043 MiB)
4668
  1.753270 seconds (47.71 k allocations: 60.190 MiB)
7648
  1.756685 seconds (31.34 k allocations: 39.007 MiB)
3153
  1.761360 seconds (33.01 k allocations: 42.053 MiB)
9156
  1.758130 seconds (35.50 k allocations: 43.946 MiB)
1648
  1.758874 seconds (38.01 k allocations: 47.151 MiB)
6150
  1.514151 seconds (39.72 k allocations: 50.117 MiB)
4669
  1.914972 seconds (38.15 k allocations: 47.293 MiB, 0.89% gc time)
  1.799379 seconds (26.16 k allocations: 32.424 MiB, 0.95% gc time)
  1.785720 seconds (12.89 k allocations: 15.079 MiB, 0.96% gc time)
  1.792867 seconds (18.88 k allocations: 23.187 MiB, 0.95% gc time)
  1.778473 seconds (6.68 k allocations: 7.727 MiB, 0.96% gc time)
7649
1649
3154
9157
6151
  1.519260 seconds (37.26 k allocations: 44.325 MiB)
4670
  1.761787 seconds (7.91 k allocations: 9.990 MiB)
6152
  1.767587 seconds (10.27 k allocations: 14.324 MiB)
9158
  1.773738 seconds (22.04 k allocations: 27.011 MiB)
1650
  1.775466 seconds (26.24 k allocations: 33.223 MiB)
3155
  1.792547 seconds (39.80 k allocations: 50.201 MiB)
7650
  1.527637 seconds (39.88 k allocations: 50.285 MiB)
4671
  1.538514 seconds (7.91 k allocations: 9.990 MiB)
7651
  1.760021 seconds (42.21 k allocations: 53.883 MiB)
6153
  1.756823 seconds (32.83 k allocations: 41.166 MiB)
  1.765457 seconds (46.18 k allocations: 58.572 MiB)
1651
9159
  1.759990 seconds (42.27 k allocations: 52.182 MiB)
3156
  1.590948 seconds (39.64 k allocations: 50.033 MiB)
4672
  1.755806 seconds (39.64 k allocations: 50.033 MiB)
7652
  1.766425 seconds (37.64 k allocations: 46.653 MiB)
  1.759944 seconds (23.09 k allocations: 30.239 MiB)
6154
1652
  1.761248 seconds (22.19 k allocations: 29.103 MiB)
9160
  1.762364 seconds (35.96 k allocations: 43.828 MiB)
3157
  1.757347 seconds (39.72 k allocations: 50.117 MiB)
4673
  1.539112 seconds (39.80 k allocations: 50.201 MiB)
7653
  2.863766 seconds (18.81 k allocations: 24.262 MiB, 0.59% gc time)
  2.864975 seconds (20.52 k allocations: 26.025 MiB, 0.59% gc time)
  2.856220 seconds (11.06 k allocations: 13.916 MiB, 0.60% gc time)
  2.861200 seconds (15.15 k allocations: 19.314 MiB, 0.59% gc time)
  1.759183 seconds (3.27 k allocations: 4.119 MiB, 0.97% gc time)
1653
4674
6155
3158
9161
  1.541552 seconds (32.23 k allocations: 39.091 MiB)
7654
  1.547908 seconds (23.80 k allocations: 31.092 MiB)
4675
  1.867720 seconds (17.20 k allocations: 23.844 MiB)
1654
  1.870241 seconds (20.77 k allocations: 25.724 MiB)
6156
  1.877110 seconds (31.81 k allocations: 40.127 MiB)
  1.879798 seconds (32.19 k allocations: 41.163 MiB)
9162
3159
  1.512346 seconds (31.81 k allocations: 40.127 MiB)
4676
  1.544195 seconds (47.63 k allocations: 60.106 MiB)
7655
  1.692462 seconds (16.30 k allocations: 21.699 MiB)
9163
  1.756366 seconds (45.20 k allocations: 56.936 MiB)
1655
  1.757182 seconds (45.91 k allocations: 56.480 MiB)
6157
  1.755396 seconds (39.55 k allocations: 49.948 MiB)
3160
  1.526509 seconds (39.56 k allocations: 49.949 MiB)
4677
  1.541106 seconds (39.56 k allocations: 49.949 MiB)
7656
  1.769606 seconds (39.56 k allocations: 49.949 MiB)
9164
  1.759606 seconds (38.65 k allocations: 48.322 MiB)
1656
  1.759865 seconds (31.73 k allocations: 40.043 MiB)
3161
  1.772726 seconds (41.40 k allocations: 51.880 MiB)
6158
  1.552457 seconds (31.73 k allocations: 40.043 MiB)
7657
  2.602549 seconds (46.16 k allocations: 57.376 MiB, 0.68% gc time)
  1.834492 seconds (30.33 k allocations: 37.378 MiB, 0.97% gc time)
  1.796085 seconds (22.47 k allocations: 27.417 MiB, 0.99% gc time)
  1.779166 seconds (6.79 k allocations: 8.824 MiB, 1.00% gc time)
  1.777444 seconds (6.86 k allocations: 7.728 MiB, 1.00% gc time)
1657
3162
6159
9165
4678
  1.538398 seconds (37.34 k allocations: 44.413 MiB)
7658
  1.652992 seconds (7.91 k allocations: 9.990 MiB)
4679
  1.662720 seconds (15.82 k allocations: 19.980 MiB)
9166
  1.758916 seconds (35.34 k allocations: 46.705 MiB)
3163
  1.764658 seconds (38.85 k allocations: 48.521 MiB)
6160
  1.798889 seconds (44.20 k allocations: 57.132 MiB)
1658
  1.540898 seconds (39.64 k allocations: 50.033 MiB)
7659
  1.511960 seconds (39.26 k allocations: 48.997 MiB)
4680
  1.757580 seconds (39.64 k allocations: 50.033 MiB)
9167
  1.752897 seconds (38.88 k allocations: 48.563 MiB)
3164
  1.764347 seconds (39.80 k allocations: 50.201 MiB)
6161
  1.755622 seconds (39.80 k allocations: 50.201 MiB)
1659
  1.543617 seconds (39.88 k allocations: 50.285 MiB)
7660
  1.514244 seconds (39.88 k allocations: 50.285 MiB)
4681
  1.765907 seconds (39.88 k allocations: 50.285 MiB)
9168
  1.761535 seconds (39.88 k allocations: 50.285 MiB)
3165
  1.763482 seconds (39.80 k allocations: 50.201 MiB)
6162
  1.759378 seconds (39.80 k allocations: 50.201 MiB)
1660
  1.537702 seconds (39.80 k allocations: 50.201 MiB)
7661
  1.744047 seconds (39.80 k allocations: 50.201 MiB)
4682
  2.452268 seconds (26.79 k allocations: 33.773 MiB, 0.79% gc time)
  2.521771 seconds (34.68 k allocations: 43.754 MiB, 0.76% gc time)
  2.429724 seconds (18.86 k allocations: 23.740 MiB, 0.79% gc time)
  2.406990 seconds (11.06 k allocations: 13.923 MiB, 0.80% gc time)
  1.563349 seconds (3.16 k allocations: 4.033 MiB, 1.23% gc time)
7662
1661
3166
9169
6163
  1.546924 seconds (19.72 k allocations: 25.015 MiB)
7663
  1.580234 seconds (40.85 k allocations: 49.812 MiB)
4683
  1.651242 seconds (15.90 k allocations: 20.064 MiB)
9170
  1.866688 seconds (24.57 k allocations: 32.048 MiB)
1662
  1.868984 seconds (27.23 k allocations: 34.227 MiB)
3167
  1.889556 seconds (39.64 k allocations: 50.033 MiB)
6164
  1.537968 seconds (39.72 k allocations: 50.117 MiB)
7664
  1.562650 seconds (39.72 k allocations: 50.117 MiB)
4684
  1.546205 seconds (39.80 k allocations: 50.201 MiB)
9171
  1.756439 seconds (35.76 k allocations: 45.382 MiB)
1663
  1.755156 seconds (33.98 k allocations: 43.037 MiB)
3168
  1.770383 seconds (39.80 k allocations: 50.201 MiB)
6165
  1.541345 seconds (39.72 k allocations: 50.117 MiB)
7665
  1.514288 seconds (39.64 k allocations: 50.033 MiB)
4685
  1.771415 seconds (39.64 k allocations: 50.033 MiB)
9172
  1.758774 seconds (35.21 k allocations: 44.821 MiB)
1664
  1.762955 seconds (39.44 k allocations: 48.601 MiB)
3169
  1.773477 seconds (39.72 k allocations: 50.117 MiB)
6166
  1.536102 seconds (39.80 k allocations: 50.201 MiB)
7666
  2.569485 seconds (34.69 k allocations: 43.765 MiB, 0.68% gc time)
  2.240184 seconds (26.84 k allocations: 33.824 MiB, 0.78% gc time)
  1.830215 seconds (18.60 k allocations: 22.827 MiB, 0.95% gc time)
  1.819299 seconds (11.09 k allocations: 13.905 MiB, 0.96% gc time)
  1.774470 seconds (3.17 k allocations: 3.949 MiB, 0.98% gc time)
1665
9173
6167
3170
4686
  1.540146 seconds (34.05 k allocations: 40.963 MiB)
7667
  1.636094 seconds (7.99 k allocations: 10.074 MiB)
4687
  1.699047 seconds (17.08 k allocations: 22.487 MiB)
9174
  1.757039 seconds (36.50 k allocations: 47.883 MiB)
6168
  1.786463 seconds (31.89 k allocations: 40.211 MiB)
3171
  1.798419 seconds (42.13 k allocations: 53.797 MiB)
1666
  1.538057 seconds (39.80 k allocations: 50.201 MiB)
7668
  1.512244 seconds (39.88 k allocations: 50.285 MiB)
4688
  1.551967 seconds (39.88 k allocations: 50.285 MiB)
9175
  1.770384 seconds (39.88 k allocations: 50.285 MiB)
6169
  1.759345 seconds (31.97 k allocations: 40.295 MiB)
  1.767578 seconds (39.52 k allocations: 49.251 MiB)
1667
3172
  1.544975 seconds (39.88 k allocations: 50.285 MiB)
7669
  1.547437 seconds (31.89 k allocations: 40.211 MiB)
9176
  1.746073 seconds (47.79 k allocations: 60.274 MiB)
4689
  1.763427 seconds (39.72 k allocations: 50.117 MiB)
6170
  1.760517 seconds (31.73 k allocations: 40.043 MiB)
1668
  1.768720 seconds (39.64 k allocations: 50.032 MiB)
3173
  1.537819 seconds (39.64 k allocations: 50.033 MiB)
7670
  2.305298 seconds (38.02 k allocations: 47.170 MiB, 1.00% gc time)
  1.820429 seconds (22.28 k allocations: 27.242 MiB, 1.27% gc time)
  2.205222 seconds (30.14 k allocations: 37.189 MiB, 1.05% gc time)
  1.790034 seconds (14.08 k allocations: 16.280 MiB, 1.29% gc time)
  1.781054 seconds (6.62 k allocations: 7.512 MiB, 1.30% gc time)
1669
3174
6171
9177
4690
  1.538020 seconds (37.80 k allocations: 44.937 MiB)
7671
  1.582078 seconds (7.91 k allocations: 9.990 MiB)
4691
  1.646374 seconds (15.82 k allocations: 19.980 MiB)
9178
  1.764546 seconds (38.75 k allocations: 50.180 MiB)
3175
  1.785925 seconds (34.37 k allocations: 46.415 MiB)
1670
  1.795109 seconds (39.56 k allocations: 49.949 MiB)
6172
  1.549232 seconds (39.56 k allocations: 49.949 MiB)
7672
  1.514365 seconds (39.56 k allocations: 49.949 MiB)
4692
  1.549946 seconds (39.56 k allocations: 49.949 MiB)
9179
  1.765072 seconds (39.56 k allocations: 49.949 MiB)
3176
  1.758422 seconds (39.56 k allocations: 49.949 MiB)
1671
  1.774405 seconds (39.56 k allocations: 49.949 MiB)
6173
  1.512670 seconds (31.73 k allocations: 40.043 MiB)
4693
  1.546863 seconds (42.98 k allocations: 54.135 MiB)
7673
  1.549447 seconds (39.64 k allocations: 50.033 MiB)
9180
  1.767148 seconds (39.64 k allocations: 50.033 MiB)
3177
  1.760353 seconds (39.72 k allocations: 50.117 MiB)
1672
  1.762193 seconds (39.64 k allocations: 50.033 MiB)
6174
  1.539528 seconds (31.73 k allocations: 40.043 MiB)
7674
  1.560167 seconds (31.73 k allocations: 40.043 MiB)
9181
  3.113614 seconds (45.82 k allocations: 58.259 MiB, 0.60% gc time)
  2.433979 seconds (26.76 k allocations: 33.745 MiB, 0.76% gc time)
  2.412560 seconds (18.92 k allocations: 23.784 MiB, 0.77% gc time)
  2.388172 seconds (11.08 k allocations: 13.890 MiB, 0.78% gc time)
  1.555894 seconds (3.27 k allocations: 4.082 MiB, 1.19% gc time)
3178
1673
7675
6175
4694
  1.546589 seconds (10.78 k allocations: 15.881 MiB)
7676
  1.560967 seconds (39.89 k allocations: 47.612 MiB)
9182
  1.662660 seconds (15.82 k allocations: 19.980 MiB)
4695
  1.778043 seconds (24.12 k allocations: 31.584 MiB)
6176
  1.865007 seconds (31.95 k allocations: 41.488 MiB)
1674
  1.871336 seconds (35.99 k allocations: 46.301 MiB)
3179
  1.539385 seconds (38.00 k allocations: 47.666 MiB)
7677
  1.548723 seconds (39.72 k allocations: 50.117 MiB)
9183
  1.511964 seconds (39.80 k allocations: 50.201 MiB)
4696
  1.765653 seconds (39.88 k allocations: 50.285 MiB)
6177
  1.758095 seconds (35.03 k allocations: 44.638 MiB)
1675
  1.772299 seconds (39.80 k allocations: 50.201 MiB)
3180
  1.543538 seconds (39.72 k allocations: 50.117 MiB)
7678
  1.551642 seconds (39.64 k allocations: 50.033 MiB)
9184
  1.512544 seconds (39.64 k allocations: 50.033 MiB)
4697
  1.760964 seconds (39.72 k allocations: 50.117 MiB)
6178
  1.771999 seconds (39.72 k allocations: 50.117 MiB)
1676
  1.768654 seconds (39.80 k allocations: 50.201 MiB)
3181
  1.539594 seconds (39.88 k allocations: 50.285 MiB)
7679
  2.544925 seconds (34.88 k allocations: 43.966 MiB, 0.88% gc time)
  1.886428 seconds (19.12 k allocations: 24.003 MiB, 1.19% gc time)
  2.499174 seconds (26.97 k allocations: 33.963 MiB, 0.90% gc time)
  1.795043 seconds (12.78 k allocations: 17.445 MiB, 1.25% gc time)
  1.780126 seconds (4.92 k allocations: 7.603 MiB, 1.26% gc time)
6179
9185
4698
1677
3182
  1.539086 seconds (35.66 k allocations: 42.631 MiB)
7680
  1.575506 seconds (16.84 k allocations: 22.763 MiB)
6180
  1.661641 seconds (21.72 k allocations: 28.438 MiB)
9186
  1.754973 seconds (32.53 k allocations: 42.594 MiB)
3183
  2.559703 seconds (31.81 k allocations: 40.127 MiB)
1678
  2.887618 seconds (39.80 k allocations: 50.201 MiB)
4699
  1.559752 seconds (39.72 k allocations: 50.117 MiB)
7681
  1.624442 seconds (31.81 k allocations: 40.127 MiB)
9187
  1.767722 seconds (31.73 k allocations: 40.043 MiB)
3184
  2.429518 seconds (55.62 k allocations: 70.180 MiB)
6181
  2.015686 seconds (39.64 k allocations: 50.033 MiB)
1679
  1.651485 seconds (23.82 k allocations: 30.053 MiB)
9188
  1.977410 seconds (39.64 k allocations: 50.033 MiB)
7682
  1.756016 seconds (31.73 k allocations: 40.043 MiB)
3185
  2.606446 seconds (63.53 k allocations: 80.169 MiB)
4700
  1.826198 seconds (39.72 k allocations: 50.117 MiB)
6182
  1.545570 seconds (31.89 k allocations: 40.211 MiB)
9189
  2.808455 seconds (26.94 k allocations: 33.936 MiB, 0.69% gc time)
  2.628393 seconds (19.03 k allocations: 23.939 MiB, 0.74% gc time)
  2.372999 seconds (11.22 k allocations: 14.102 MiB, 0.82% gc time)
  3.309508 seconds (43.11 k allocations: 54.362 MiB, 0.59% gc time)
  2.054375 seconds (4.96 k allocations: 7.968 MiB, 0.95% gc time)
7683
1680
4701
3186
6183
  1.533372 seconds (23.12 k allocations: 28.513 MiB)
  1.545312 seconds (32.56 k allocations: 40.142 MiB)
7684
9190
  1.885405 seconds (21.75 k allocations: 27.241 MiB)
  1.888054 seconds (21.25 k allocations: 27.385 MiB)
1681
3187
  2.369763 seconds (31.73 k allocations: 40.043 MiB)
4702
  2.776313 seconds (39.64 k allocations: 50.033 MiB)
6184
  1.559725 seconds (31.64 k allocations: 39.959 MiB)
9191
  1.708040 seconds (39.84 k allocations: 51.464 MiB)
7685
  1.764124 seconds (31.81 k allocations: 40.127 MiB)
3188
  2.203324 seconds (39.72 k allocations: 50.117 MiB)
1682
  1.546339 seconds (23.82 k allocations: 30.053 MiB)
9192
  1.965775 seconds (39.80 k allocations: 50.201 MiB)
6185
  2.716909 seconds (55.70 k allocations: 70.264 MiB)
4703
  1.952820 seconds (39.72 k allocations: 50.117 MiB)
7686
  1.754514 seconds (39.72 k allocations: 50.117 MiB)
3189
  1.548103 seconds (31.81 k allocations: 40.127 MiB)
9193
  3.390139 seconds (46.40 k allocations: 57.633 MiB, 0.44% gc time)
  2.713002 seconds (30.48 k allocations: 37.526 MiB, 0.54% gc time)
  2.072947 seconds (6.75 k allocations: 7.563 MiB, 0.71% gc time)
  2.274527 seconds (14.84 k allocations: 17.814 MiB, 0.65% gc time)
  2.380250 seconds (24.66 k allocations: 32.206 MiB, 0.62% gc time)
1683
7687
6186
3190
4704
  1.548506 seconds (37.73 k allocations: 44.854 MiB)
9194
  1.571347 seconds (9.45 k allocations: 12.788 MiB)
7688
  1.673799 seconds (15.98 k allocations: 20.148 MiB)
4705
  1.752524 seconds (43.85 k allocations: 55.372 MiB)
1684
  1.785268 seconds (31.89 k allocations: 40.211 MiB)
3191
  1.866768 seconds (39.80 k allocations: 50.201 MiB)
6187
  1.550973 seconds (39.72 k allocations: 50.117 MiB)
9195
  1.549756 seconds (39.64 k allocations: 50.033 MiB)
7689
  1.520016 seconds (39.72 k allocations: 50.117 MiB)
4706
  1.546612 seconds (23.82 k allocations: 30.053 MiB)
6188
  1.757385 seconds (47.55 k allocations: 60.022 MiB)
1685
  1.768129 seconds (47.63 k allocations: 60.106 MiB)
3192
  1.545318 seconds (39.80 k allocations: 50.201 MiB)
9196
  1.545079 seconds (39.80 k allocations: 50.201 MiB)
7690
  1.754635 seconds (39.88 k allocations: 50.285 MiB)
  1.542192 seconds (32.36 k allocations: 41.332 MiB)
4707
6189
  1.755380 seconds (39.96 k allocations: 50.369 MiB)
1686
  1.757269 seconds (39.96 k allocations: 50.369 MiB)
3193
  1.548761 seconds (39.96 k allocations: 50.369 MiB)
9197
  1.548589 seconds (39.88 k allocations: 50.285 MiB)
7691
  2.792622 seconds (26.70 k allocations: 33.703 MiB, 0.58% gc time)
  2.489139 seconds (18.86 k allocations: 23.791 MiB, 0.65% gc time)
  2.792135 seconds (26.79 k allocations: 33.781 MiB, 0.58% gc time)
  2.438309 seconds (10.99 k allocations: 13.883 MiB, 0.66% gc time)
  1.565035 seconds (3.18 k allocations: 4.052 MiB, 1.03% gc time)
1687
9198
6190
3194
4708
  1.543187 seconds (32.68 k allocations: 39.544 MiB)
7692
  1.548159 seconds (21.49 k allocations: 28.729 MiB)
9199
  1.721047 seconds (15.99 k allocations: 20.148 MiB)
6191
  1.731600 seconds (23.90 k allocations: 30.137 MiB)
4709
  1.930727 seconds (31.81 k allocations: 40.127 MiB)
  1.935389 seconds (34.01 k allocations: 45.000 MiB)
3195
1688
  1.539418 seconds (39.72 k allocations: 50.117 MiB)
7693
  1.559560 seconds (39.64 k allocations: 50.033 MiB)
9200
  1.543530 seconds (39.64 k allocations: 50.033 MiB)
6192
  1.532926 seconds (32.24 k allocations: 41.266 MiB)
4710
  1.752615 seconds (31.64 k allocations: 39.959 MiB)
  1.755854 seconds (32.19 k allocations: 42.381 MiB)
1689
3196
  1.540839 seconds (39.72 k allocations: 50.117 MiB)
7694
  1.554786 seconds (25.42 k allocations: 32.919 MiB)
6193
  1.762159 seconds (47.71 k allocations: 60.190 MiB)
9201
  1.758604 seconds (39.80 k allocations: 50.201 MiB)
4711
  1.753309 seconds (31.73 k allocations: 40.043 MiB)
1690
  1.759238 seconds (37.81 k allocations: 46.944 MiB)
3197
  1.537711 seconds (39.64 k allocations: 50.033 MiB)
7695
  2.411537 seconds (38.03 k allocations: 47.171 MiB, 0.69% gc time)
  2.367531 seconds (30.17 k allocations: 37.219 MiB, 0.71% gc time)
  2.202747 seconds (22.34 k allocations: 27.290 MiB, 0.76% gc time)
  1.789679 seconds (12.59 k allocations: 14.749 MiB, 0.93% gc time)
  1.780874 seconds (6.64 k allocations: 7.532 MiB, 0.94% gc time)
1691
3198
4712
6194
9202
  1.556580 seconds (37.81 k allocations: 44.938 MiB)
7696
  1.645536 seconds (7.91 k allocations: 9.990 MiB)
6195
  1.659715 seconds (17.30 k allocations: 22.717 MiB)
4713
  1.657529 seconds (17.88 k allocations: 22.779 MiB)
9203
  1.773562 seconds (48.67 k allocations: 62.202 MiB)
3199
  1.774709 seconds (44.89 k allocations: 57.834 MiB)
1692
  1.543566 seconds (39.72 k allocations: 50.117 MiB)
7697
  1.528603 seconds (27.02 k allocations: 34.546 MiB)
4714
  1.545968 seconds (46.01 k allocations: 57.228 MiB)
6196
  1.548154 seconds (39.64 k allocations: 50.033 MiB)
9204
  1.754565 seconds (31.64 k allocations: 39.959 MiB)
1693
  1.762721 seconds (37.25 k allocations: 47.593 MiB)
3200
  1.540321 seconds (39.56 k allocations: 49.949 MiB)
7698
  1.545580 seconds (31.64 k allocations: 39.959 MiB)
6197
  1.548335 seconds (31.64 k allocations: 39.959 MiB)
9205
  1.760972 seconds (54.59 k allocations: 68.426 MiB)
4715
  1.555045 seconds (31.81 k allocations: 40.127 MiB)
3201
  1.765786 seconds (42.21 k allocations: 53.883 MiB)
1694
  1.544029 seconds (39.80 k allocations: 50.201 MiB)
7699
  1.540505 seconds (39.80 k allocations: 50.201 MiB)
6198
  2.968254 seconds (34.86 k allocations: 43.932 MiB, 0.64% gc time)
  2.778523 seconds (26.94 k allocations: 33.924 MiB, 0.69% gc time)
  2.647529 seconds (19.04 k allocations: 23.942 MiB, 0.72% gc time)
  2.260461 seconds (11.20 k allocations: 14.042 MiB, 0.85% gc time)
  1.554537 seconds (3.37 k allocations: 4.161 MiB, 1.23% gc time)
7700
3202
1695
9206
4716
  1.539052 seconds (26.87 k allocations: 32.396 MiB)
7701
  1.556850 seconds (42.02 k allocations: 51.118 MiB)
6199
  1.689306 seconds (18.81 k allocations: 25.463 MiB)
3203
  1.696362 seconds (23.82 k allocations: 30.054 MiB)
9207
  1.734916 seconds (31.73 k allocations: 40.043 MiB)
4717
  1.912506 seconds (41.73 k allocations: 54.608 MiB)
1696
  1.539465 seconds (39.72 k allocations: 50.117 MiB)
7702
  1.544392 seconds (39.80 k allocations: 50.201 MiB)
6200
  1.545708 seconds (39.80 k allocations: 50.201 MiB)
3204
  1.547934 seconds (39.80 k allocations: 50.201 MiB)
9208
  1.516482 seconds (39.80 k allocations: 50.201 MiB)
4718
  1.754643 seconds (39.72 k allocations: 50.117 MiB)
1697
  1.538142 seconds (39.64 k allocations: 50.033 MiB)
7703
  1.548742 seconds (39.56 k allocations: 49.949 MiB)
6201
  1.561706 seconds (31.26 k allocations: 38.923 MiB)
9209
  1.757868 seconds (47.55 k allocations: 60.022 MiB)
3205
  1.750089 seconds (39.72 k allocations: 50.117 MiB)
4719
  1.752852 seconds (39.72 k allocations: 50.117 MiB)
1698
  1.538058 seconds (39.80 k allocations: 50.201 MiB)
7704
  2.216321 seconds (11.13 k allocations: 13.947 MiB, 1.30% gc time)
  2.414935 seconds (26.93 k allocations: 33.935 MiB, 1.19% gc time)
  2.591521 seconds (34.87 k allocations: 43.955 MiB, 1.11% gc time)
  1.797006 seconds (3.19 k allocations: 3.899 MiB, 1.60% gc time)
  2.232634 seconds (18.97 k allocations: 23.887 MiB, 1.29% gc time)
1699
6202
3206
9210
4720
  1.546028 seconds (34.43 k allocations: 41.333 MiB)
7705
  1.583671 seconds (8.00 k allocations: 10.074 MiB)
  1.583465 seconds (8.38 k allocations: 11.110 MiB)
3207
4721
  1.670284 seconds (23.82 k allocations: 30.054 MiB)
6203
  1.673160 seconds (27.66 k allocations: 34.672 MiB)
9211
  1.776131 seconds (45.07 k allocations: 60.477 MiB)
1700
  1.539415 seconds (39.64 k allocations: 50.033 MiB)
7706
  1.518338 seconds (31.73 k allocations: 40.043 MiB)
4722
  1.545518 seconds (39.64 k allocations: 50.033 MiB)
3208
  1.546263 seconds (35.91 k allocations: 45.532 MiB)
6204
  1.549229 seconds (35.44 k allocations: 44.531 MiB)
9212
  1.754327 seconds (39.56 k allocations: 49.949 MiB)
1701
  1.549870 seconds (39.64 k allocations: 50.033 MiB)
7707
  1.548159 seconds (31.73 k allocations: 40.043 MiB)
3209
  1.548116 seconds (28.09 k allocations: 35.636 MiB)
6205
  1.551647 seconds (31.80 k allocations: 38.899 MiB)
9213
  1.764132 seconds (63.45 k allocations: 80.085 MiB)
4723
  1.754614 seconds (39.72 k allocations: 50.117 MiB)
1702
  1.503873 seconds (39.80 k allocations: 50.201 MiB)
7708
  2.387167 seconds (38.50 k allocations: 47.652 MiB, 1.08% gc time)  2.298310 seconds (30.17 k allocations: 36.581 MiB, 1.12% gc time)

  2.289484 seconds (22.72 k allocations: 27.680 MiB, 1.13% gc time)
  2.196934 seconds (14.86 k allocations: 17.866 MiB, 1.17% gc time)
  1.778795 seconds (6.94 k allocations: 7.935 MiB, 1.45% gc time)
1703
6206
3210
9214
4724
  1.542289 seconds (36.95 k allocations: 44.005 MiB)
7709
  1.589688 seconds (7.99 k allocations: 10.074 MiB)
4725
  1.668397 seconds (15.91 k allocations: 20.064 MiB)
  1.668064 seconds (16.29 k allocations: 21.100 MiB)
3211
9215
  1.679659 seconds (30.80 k allocations: 37.877 MiB)
6207
  1.753376 seconds (61.41 k allocations: 77.126 MiB)
1704
  1.542948 seconds (39.64 k allocations: 50.033 MiB)
7710
  1.529502 seconds (39.64 k allocations: 50.033 MiB)
4726
  1.548005 seconds (32.56 k allocations: 41.981 MiB)
3212
  1.546391 seconds (31.73 k allocations: 40.043 MiB)
6208
  1.558379 seconds (40.91 k allocations: 51.385 MiB)
9216
  1.753462 seconds (39.72 k allocations: 50.117 MiB)
1705
  1.538049 seconds (39.72 k allocations: 50.117 MiB)
7711
  1.546084 seconds (31.34 k allocations: 39.007 MiB)
3213
  1.554139 seconds (27.02 k allocations: 34.546 MiB)
6209
  1.748452 seconds (55.70 k allocations: 70.264 MiB)
4727
  1.762112 seconds (39.72 k allocations: 50.117 MiB)
9217
  1.754293 seconds (39.80 k allocations: 50.201 MiB)
1706
  1.538292 seconds (39.80 k allocations: 50.201 MiB)
7712
  1.547043 seconds (39.80 k allocations: 50.201 MiB)
3214
  2.899504 seconds (34.69 k allocations: 43.765 MiB, 0.81% gc time)
  2.684952 seconds (18.85 k allocations: 23.751 MiB, 0.87% gc time)
  2.811255 seconds (26.97 k allocations: 34.002 MiB, 0.83% gc time)
  2.427038 seconds (11.17 k allocations: 14.112 MiB, 0.97% gc time)
  1.525744 seconds (3.26 k allocations: 4.159 MiB, 1.54% gc time)
7713
6210
9218
1707
4728
  1.546187 seconds (31.96 k allocations: 38.823 MiB)
3215
  1.548961 seconds (28.22 k allocations: 34.429 MiB)
7714
  1.643774 seconds (17.99 k allocations: 23.421 MiB)
1708
  1.661593 seconds (28.03 k allocations: 35.566 MiB)
6211
  1.660860 seconds (31.73 k allocations: 40.043 MiB)
4729
  1.871001 seconds (42.84 k allocations: 54.516 MiB)
9219
  1.548200 seconds (38.04 k allocations: 47.712 MiB)
  1.543798 seconds (32.12 k allocations: 41.080 MiB)
3216
7715
  1.528089 seconds (23.90 k allocations: 30.137 MiB)
4730
  1.545557 seconds (38.37 k allocations: 46.887 MiB)
6212
  1.753678 seconds (55.54 k allocations: 70.096 MiB)
1709
  1.549111 seconds (39.72 k allocations: 50.117 MiB)
9220
  1.540410 seconds (31.73 k allocations: 40.043 MiB)
7716
  1.545709 seconds (33.86 k allocations: 44.141 MiB)
3217
  1.542518 seconds (31.81 k allocations: 40.127 MiB)
6213
  1.747493 seconds (46.92 k allocations: 58.677 MiB)
4731
  1.546786 seconds (31.81 k allocations: 40.127 MiB)
9221
  1.764046 seconds (47.79 k allocations: 60.274 MiB)
1710
  1.537216 seconds (32.62 k allocations: 42.187 MiB)
7717
  2.315363 seconds (34.63 k allocations: 43.699 MiB, 0.66% gc time)
  2.192546 seconds (26.77 k allocations: 33.755 MiB, 0.69% gc time)
  1.992130 seconds (18.86 k allocations: 23.731 MiB, 0.76% gc time)
  1.972603 seconds (10.93 k allocations: 13.751 MiB, 0.77% gc time)
  1.766596 seconds (3.12 k allocations: 3.910 MiB, 0.86% gc time)
1711
9222
4732
6214
3218
  1.540000 seconds (21.81 k allocations: 27.120 MiB)
1712
  1.553406 seconds (40.03 k allocations: 48.973 MiB)
7718
  1.590097 seconds (16.99 k allocations: 22.399 MiB)
9223
  1.595762 seconds (22.10 k allocations: 28.305 MiB)
4733
  1.655435 seconds (31.81 k allocations: 40.127 MiB)
6215
  1.669107 seconds (39.72 k allocations: 50.117 MiB)
3219
  1.540422 seconds (39.34 k allocations: 49.081 MiB)
1713
  1.538750 seconds (39.03 k allocations: 48.180 MiB)
7719
  1.516945 seconds (31.73 k allocations: 40.043 MiB)
4734
  1.562785 seconds (44.89 k allocations: 56.607 MiB)
9224
  1.546443 seconds (39.72 k allocations: 50.117 MiB)
6216
  1.549040 seconds (39.64 k allocations: 50.033 MiB)
3220
  1.538806 seconds (31.81 k allocations: 40.127 MiB)
7720
  1.556161 seconds (47.25 k allocations: 59.070 MiB)
1714
  1.543975 seconds (23.82 k allocations: 30.053 MiB)
6217
  1.667607 seconds (39.72 k allocations: 50.117 MiB)
9225
  1.747662 seconds (55.62 k allocations: 70.180 MiB)
4735
  1.648858 seconds (39.64 k allocations: 50.033 MiB)
3221
  1.556829 seconds (39.34 k allocations: 49.081 MiB)
7721
  1.888873 seconds (30.18 k allocations: 37.247 MiB, 0.90% gc time)
  2.012399 seconds (38.22 k allocations: 47.361 MiB, 0.85% gc time)
  1.762454 seconds (6.50 k allocations: 7.293 MiB, 0.97% gc time)
  1.817916 seconds (22.51 k allocations: 27.539 MiB, 0.94% gc time)
  1.777661 seconds (14.73 k allocations: 17.809 MiB, 0.96% gc time)
1715
6218
3222
4736
9226
  1.540725 seconds (37.80 k allocations: 44.937 MiB)
7722
  1.563102 seconds (10.65 k allocations: 15.221 MiB)
4737
  1.562774 seconds (10.79 k allocations: 13.617 MiB)
9227
  1.577570 seconds (25.48 k allocations: 32.974 MiB)
  1.575715 seconds (24.20 k allocations: 31.089 MiB)
  1.578705 seconds (24.58 k allocations: 32.125 MiB)
1716
3223
6219
  1.538120 seconds (39.64 k allocations: 50.033 MiB)
7723
  1.518304 seconds (34.88 k allocations: 44.490 MiB)
4738
  1.556618 seconds (39.72 k allocations: 50.117 MiB)
  1.541746 seconds (16.29 k allocations: 21.100 MiB)
  1.545317 seconds (17.29 k allocations: 23.995 MiB)
9228
6220
  1.552851 seconds (27.80 k allocations: 36.689 MiB)
3224
1717
  1.537663 seconds (39.64 k allocations: 50.033 MiB)
7724
  1.544851 seconds (15.02 k allocations: 19.686 MiB)
  1.539433 seconds (8.07 k allocations: 10.440 MiB)
6221
1718
  1.547094 seconds (13.14 k allocations: 17.949 MiB)
3225
  1.748564 seconds (63.53 k allocations: 80.169 MiB)
4739
  1.764964 seconds (54.54 k allocations: 68.950 MiB)
9229
  1.538876 seconds (39.88 k allocations: 50.285 MiB)
7725
  1.538908 seconds (25.66 k allocations: 33.154 MiB)
1719
  3.040755 seconds (26.98 k allocations: 33.985 MiB, 0.52% gc time)
  3.046781 seconds (32.52 k allocations: 42.068 MiB, 0.52% gc time)
  2.829109 seconds (11.15 k allocations: 13.960 MiB, 0.56% gc time)
  1.568866 seconds (3.38 k allocations: 4.266 MiB, 1.01% gc time)
  2.888490 seconds (19.29 k allocations: 24.283 MiB, 0.55% gc time)
7726
6222
3226
9230
4740
  1.537228 seconds (31.82 k allocations: 38.673 MiB)
1720
  1.537618 seconds (23.88 k allocations: 29.947 MiB)
7727
  1.658241 seconds (15.90 k allocations: 20.064 MiB)
4741
  1.667368 seconds (20.63 k allocations: 26.805 MiB)
  1.667046 seconds (21.84 k allocations: 27.464 MiB)
6223
3227
  1.884494 seconds (39.80 k allocations: 50.201 MiB)
9231
  1.538124 seconds (35.01 k allocations: 44.620 MiB)
1721
  1.538718 seconds (34.95 k allocations: 44.035 MiB)
7728
  1.517316 seconds (36.75 k allocations: 45.690 MiB)
4742
  1.540810 seconds (31.65 k allocations: 39.959 MiB)
6224
  1.541924 seconds (32.55 k allocations: 41.575 MiB)
3228
  1.557199 seconds (39.56 k allocations: 49.949 MiB)
9232
  1.536881 seconds (31.64 k allocations: 39.959 MiB)
7729
  1.550473 seconds (16.82 k allocations: 22.221 MiB)
6225
  1.763564 seconds (50.94 k allocations: 64.712 MiB)
1722
  1.672714 seconds (31.81 k allocations: 40.127 MiB)
3229
  1.747326 seconds (55.54 k allocations: 70.096 MiB)
4743
  1.549064 seconds (39.72 k allocations: 50.117 MiB)
9233
  1.544290 seconds (39.72 k allocations: 50.117 MiB)
7730
  2.024624 seconds (34.76 k allocations: 43.841 MiB, 0.83% gc time)
  1.958387 seconds (26.81 k allocations: 33.788 MiB, 0.86% gc time)
  1.898911 seconds (18.98 k allocations: 23.880 MiB, 0.88% gc time)
  1.856538 seconds (11.18 k allocations: 14.090 MiB, 0.90% gc time)
  1.789762 seconds (3.32 k allocations: 4.265 MiB, 0.94% gc time)
1723
6226
9234
3230
4744
  1.540344 seconds (36.66 k allocations: 43.724 MiB)
7731
  1.547756 seconds (19.14 k allocations: 23.885 MiB)
9235
  1.561910 seconds (15.82 k allocations: 19.980 MiB)
4745
  1.570980 seconds (22.68 k allocations: 27.671 MiB)
  1.576190 seconds (29.45 k allocations: 37.262 MiB)
3231
6227
  1.587919 seconds (50.68 k allocations: 63.746 MiB)
1724
  1.539676 seconds (39.64 k allocations: 50.033 MiB)
7732
  1.517160 seconds (30.54 k allocations: 37.485 MiB)
4746
  1.546258 seconds (23.43 k allocations: 29.018 MiB)
  1.547879 seconds (23.82 k allocations: 30.054 MiB)
  1.539311 seconds (16.59 k allocations: 22.051 MiB)
6228
3232
1725
  1.768122 seconds (71.36 k allocations: 90.075 MiB)
9236
  1.538960 seconds (39.72 k allocations: 50.117 MiB)
7733
  1.542094 seconds (17.41 k allocations: 22.829 MiB)
  1.540186 seconds (16.37 k allocations: 21.184 MiB)
  1.543466 seconds (16.75 k allocations: 22.220 MiB)
6229
1726
3233
  1.747803 seconds (63.77 k allocations: 80.421 MiB)
4747
  1.545522 seconds (39.96 k allocations: 50.369 MiB)
9237
  1.547202 seconds (39.88 k allocations: 50.285 MiB)
7734
  1.937998 seconds (22.42 k allocations: 27.403 MiB, 1.18% gc time)
  1.939825 seconds (24.72 k allocations: 32.177 MiB, 1.18% gc time)
  1.936419 seconds (22.56 k allocations: 27.570 MiB, 1.18% gc time)
  1.746621 seconds (6.77 k allocations: 7.647 MiB, 1.31% gc time)
  1.770404 seconds (14.81 k allocations: 17.900 MiB, 1.29% gc time)
1727
3234
6230
9238
4748
  1.542811 seconds (36.83 k allocations: 43.879 MiB)
7735
  1.576198 seconds (7.91 k allocations: 9.990 MiB)
4749
  1.585181 seconds (13.77 k allocations: 17.877 MiB)
  1.586912 seconds (16.22 k allocations: 21.017 MiB)
3235
  1.590513 seconds (20.31 k allocations: 28.349 MiB)
  1.585743 seconds (19.22 k allocations: 25.428 MiB)
6231
1728
9239
  1.539298 seconds (39.64 k allocations: 50.033 MiB)
7736
  1.516634 seconds (37.38 k allocations: 45.746 MiB)
4750
  1.540033 seconds (16.04 k allocations: 21.424 MiB)
1729
  1.546797 seconds (23.58 k allocations: 31.040 MiB)
3236
  1.555123 seconds (33.83 k allocations: 44.644 MiB)
6232
  1.627392 seconds (39.56 k allocations: 49.949 MiB)
9240
  1.536741 seconds (39.64 k allocations: 50.033 MiB)
7737
  1.537666 seconds (26.10 k allocations: 33.611 MiB)
1730
  1.544298 seconds (23.82 k allocations: 30.053 MiB)
6233
  1.663652 seconds (39.45 k allocations: 49.350 MiB)
3237
  1.745625 seconds (63.45 k allocations: 80.085 MiB)
4751
  1.763305 seconds (39.64 k allocations: 50.033 MiB)
9241
  1.537854 seconds (39.72 k allocations: 50.117 MiB)
7738
  1.549066 seconds (39.80 k allocations: 50.201 MiB)
1731
  3.014931 seconds (34.89 k allocations: 43.971 MiB, 0.53% gc time)
  2.904277 seconds (27.04 k allocations: 34.032 MiB, 0.55% gc time)
  2.717098 seconds (11.23 k allocations: 14.037 MiB, 0.58% gc time)
  1.551129 seconds (3.45 k allocations: 4.340 MiB, 1.02% gc time)
  2.861285 seconds (19.36 k allocations: 24.358 MiB, 0.56% gc time)
7739
3238
6234
9242
4752
  1.538786 seconds (27.70 k allocations: 33.248 MiB)
7740
  1.556528 seconds (41.27 k allocations: 50.337 MiB)
1732
  1.661192 seconds (15.85 k allocations: 21.223 MiB)
6235
  1.681113 seconds (27.15 k allocations: 35.895 MiB)
3239
  1.678177 seconds (24.29 k allocations: 31.236 MiB)
  1.678202 seconds (25.71 k allocations: 33.338 MiB)
9243
4753
  1.540615 seconds (39.64 k allocations: 50.033 MiB)
7741
  1.539982 seconds (39.72 k allocations: 50.117 MiB)
1733
  1.516178 seconds (15.90 k allocations: 20.064 MiB)
4754
  1.544382 seconds (44.47 k allocations: 55.653 MiB)
6236
  1.546497 seconds (38.35 k allocations: 49.248 MiB)
3240
  1.548354 seconds (36.25 k allocations: 46.577 MiB)
9244
  1.538755 seconds (39.80 k allocations: 50.201 MiB)
7742
  1.537859 seconds (39.88 k allocations: 50.285 MiB)
1734
  1.555187 seconds (31.97 k allocations: 40.295 MiB)
6237
  1.555072 seconds (28.12 k allocations: 35.674 MiB)
  1.550353 seconds (24.28 k allocations: 31.173 MiB)
3241
9245
  1.745973 seconds (61.36 k allocations: 77.263 MiB)
4755
  1.545936 seconds (39.50 k allocations: 49.249 MiB)
7743
  2.109720 seconds (34.77 k allocations: 43.849 MiB, 0.78% gc time)
  1.943825 seconds (11.62 k allocations: 15.738 MiB, 0.84% gc time)
  1.962355 seconds (26.97 k allocations: 33.982 MiB, 0.84% gc time)
  1.941683 seconds (11.16 k allocations: 14.087 MiB, 0.84% gc time)
  1.776486 seconds (3.30 k allocations: 4.248 MiB, 0.92% gc time)
1735
3242
9246
4756
6238
  1.546738 seconds (34.32 k allocations: 41.217 MiB)
7744
  1.550620 seconds (13.84 k allocations: 18.480 MiB)
4757
  1.571912 seconds (18.16 k allocations: 24.807 MiB)
3243
  1.585507 seconds (23.90 k allocations: 30.137 MiB)
  1.588782 seconds (24.28 k allocations: 31.173 MiB)
6239
9247
  1.643320 seconds (41.18 k allocations: 52.837 MiB)
1736
  1.523566 seconds (31.81 k allocations: 40.127 MiB)
4758
  1.538119 seconds (41.02 k allocations: 52.133 MiB)
7745
  1.545547 seconds (39.72 k allocations: 50.117 MiB)
3244
  1.550390 seconds (32.47 k allocations: 42.027 MiB)
6240
  1.558970 seconds (39.72 k allocations: 50.117 MiB)
9248
  1.537605 seconds (39.64 k allocations: 50.033 MiB)
1737
  1.538990 seconds (31.64 k allocations: 39.959 MiB)
7746
  1.551843 seconds (31.73 k allocations: 40.043 MiB)
3245
  1.545613 seconds (23.82 k allocations: 30.053 MiB)
9249
  1.560602 seconds (34.27 k allocations: 43.331 MiB)
6241
  1.538160 seconds (31.73 k allocations: 40.043 MiB)
1738
  1.746956 seconds (72.65 k allocations: 92.622 MiB)
4759
  1.545644 seconds (39.64 k allocations: 50.033 MiB)
7747
  1.880074 seconds (22.19 k allocations: 27.169 MiB, 0.82% gc time)
  1.864867 seconds (14.24 k allocations: 17.136 MiB, 0.83% gc time)
  1.884045 seconds (25.01 k allocations: 31.250 MiB, 0.82% gc time)
  1.907930 seconds (38.27 k allocations: 47.485 MiB, 0.81% gc time)
  1.765825 seconds (6.68 k allocations: 7.728 MiB, 0.87% gc time)
1739
6242
9250
3246
4760
  1.541486 seconds (37.56 k allocations: 44.627 MiB)
7748
  1.541800 seconds (27.46 k allocations: 34.834 MiB)
1740
  1.561821 seconds (17.99 k allocations: 24.641 MiB)
4761
  1.581765 seconds (23.73 k allocations: 29.969 MiB)
  1.584682 seconds (24.12 k allocations: 31.005 MiB)
  1.586187 seconds (24.51 k allocations: 32.042 MiB)
3247
9251
6243
  1.550691 seconds (39.34 k allocations: 49.081 MiB)
  1.517018 seconds (24.28 k allocations: 31.173 MiB)
7749
4762
  1.552647 seconds (47.63 k allocations: 60.106 MiB)
1741
  1.549298 seconds (25.64 k allocations: 33.137 MiB)
3248
  1.549039 seconds (25.06 k allocations: 32.029 MiB)
6244
  1.553087 seconds (28.92 k allocations: 36.658 MiB)
9252
  1.539872 seconds (31.81 k allocations: 40.127 MiB)
7750
  1.539454 seconds (31.73 k allocations: 40.043 MiB)
1742
  1.546313 seconds (21.34 k allocations: 28.065 MiB)
  1.543629 seconds (16.70 k allocations: 22.172 MiB)
3249
6245
  1.548240 seconds (27.06 k allocations: 32.847 MiB)
9253
  1.747362 seconds (71.03 k allocations: 89.076 MiB)
4763
  1.538267 seconds (39.26 k allocations: 48.997 MiB)
7751
  1.556860 seconds (39.72 k allocations: 50.117 MiB)
1743
  3.045277 seconds (25.20 k allocations: 31.474 MiB, 0.55% gc time)
  3.037936 seconds (19.06 k allocations: 23.971 MiB, 0.55% gc time)
  3.046833 seconds (26.67 k allocations: 32.987 MiB, 0.54% gc time)
  1.563400 seconds (3.37 k allocations: 4.247 MiB, 1.06% gc time)
  2.901213 seconds (11.29 k allocations: 14.194 MiB, 0.57% gc time)
7752
3250
6246
9254
4764
  1.537650 seconds (20.66 k allocations: 25.977 MiB)
  1.542230 seconds (32.67 k allocations: 39.770 MiB)
7753
1744
  1.674632 seconds (16.05 k allocations: 21.443 MiB)
3251
  1.686267 seconds (23.82 k allocations: 30.053 MiB)
4765
  1.703906 seconds (31.73 k allocations: 40.043 MiB)
6247
  1.720613 seconds (39.64 k allocations: 50.033 MiB)
9255
  1.539804 seconds (31.65 k allocations: 39.959 MiB)
  1.538623 seconds (31.75 k allocations: 40.234 MiB)
7754
1745
  1.516309 seconds (31.64 k allocations: 39.959 MiB)
4766
  1.544717 seconds (47.47 k allocations: 59.938 MiB)
3252
  1.559719 seconds (39.64 k allocations: 50.033 MiB)
6248
  1.547640 seconds (37.47 k allocations: 46.607 MiB)
9256
  1.536621 seconds (31.73 k allocations: 40.043 MiB)
7755
  1.539500 seconds (34.03 k allocations: 43.099 MiB)
1746
  1.557672 seconds (22.88 k allocations: 28.403 MiB)
6249
  1.746651 seconds (47.71 k allocations: 60.190 MiB)
4767
  1.758131 seconds (47.63 k allocations: 60.106 MiB)
3253
  1.774295 seconds (39.80 k allocations: 50.201 MiB)
9257
  1.538044 seconds (35.58 k allocations: 45.200 MiB)
7756
  2.105793 seconds (34.61 k allocations: 43.677 MiB, 0.73% gc time)
  1.737302 seconds (10.95 k allocations: 13.826 MiB, 0.88% gc time)
  1.891816 seconds (26.78 k allocations: 33.774 MiB, 0.81% gc time)
  1.665779 seconds (3.13 k allocations: 3.953 MiB, 0.92% gc time)
  1.762361 seconds (19.18 k allocations: 24.278 MiB, 0.87% gc time)
1747
4768
6250
3254
9258
  1.540312 seconds (34.36 k allocations: 41.322 MiB)
7757
  1.552376 seconds (26.16 k allocations: 33.493 MiB)
4769
  1.578056 seconds (15.82 k allocations: 19.980 MiB)
3255
  1.579004 seconds (16.23 k allocations: 21.017 MiB)
9259
  1.588181 seconds (29.71 k allocations: 36.760 MiB)
6251
  1.652973 seconds (42.25 k allocations: 55.144 MiB)
1748
  1.517223 seconds (31.81 k allocations: 40.127 MiB)
4770
  1.547462 seconds (47.63 k allocations: 60.106 MiB)
7758
  1.542590 seconds (32.02 k allocations: 40.908 MiB)
3256
  1.553580 seconds (38.66 k allocations: 48.336 MiB)
  1.547347 seconds (32.19 k allocations: 41.163 MiB)
9260
6252
  1.540357 seconds (39.72 k allocations: 50.117 MiB)
1749
  1.541124 seconds (31.89 k allocations: 40.211 MiB)
7759
  1.554855 seconds (31.81 k allocations: 40.127 MiB)
3257
  1.548629 seconds (20.59 k allocations: 25.549 MiB)
9261
  1.560761 seconds (31.81 k allocations: 40.127 MiB)
6253
  1.540318 seconds (31.81 k allocations: 40.127 MiB)
1750
  1.747582 seconds (79.52 k allocations: 100.317 MiB)
4771
  1.538087 seconds (39.80 k allocations: 50.201 MiB)
7760
  1.876402 seconds (22.52 k allocations: 27.516 MiB, 0.97% gc time)
  1.843365 seconds (14.68 k allocations: 17.573 MiB, 0.99% gc time)
  1.895811 seconds (35.56 k allocations: 43.928 MiB, 0.96% gc time)
  1.889994 seconds (30.77 k allocations: 37.893 MiB, 0.96% gc time)
  1.763906 seconds (7.00 k allocations: 7.990 MiB, 1.03% gc time)
1751
6254
3258
9262
4772
  1.539396 seconds (37.54 k allocations: 44.614 MiB)
7761
  1.559195 seconds (10.66 k allocations: 16.469 MiB)
4773
  1.580294 seconds (16.38 k allocations: 21.773 MiB)
1752
  1.585014 seconds (23.81 k allocations: 30.053 MiB)
  1.587974 seconds (24.20 k allocations: 31.089 MiB)
9263
3259
  1.593438 seconds (29.89 k allocations: 37.642 MiB)
6255
  1.538644 seconds (39.72 k allocations: 50.117 MiB)
7762
  1.515921 seconds (39.72 k allocations: 50.117 MiB)
4774
  1.543463 seconds (39.34 k allocations: 49.081 MiB)
1753
  1.543937 seconds (28.13 k allocations: 36.901 MiB)
9264
  1.547006 seconds (31.04 k allocations: 38.119 MiB)
6256
  1.560304 seconds (41.45 k allocations: 53.115 MiB)
3260
  1.571761 seconds (39.34 k allocations: 49.081 MiB)
7763
  1.537875 seconds (31.34 k allocations: 39.007 MiB)
1754
  1.550736 seconds (31.34 k allocations: 39.007 MiB)
9265
  1.557929 seconds (31.26 k allocations: 38.923 MiB)
6257
  1.554553 seconds (26.92 k allocations: 33.908 MiB)
3261
  1.747478 seconds (71.44 k allocations: 90.159 MiB)
4775
  1.547669 seconds (39.64 k allocations: 50.033 MiB)
7764
  1.538301 seconds (39.64 k allocations: 50.033 MiB)
1755
  3.047299 seconds (18.82 k allocations: 23.735 MiB, 0.53% gc time)
  3.052403 seconds (23.00 k allocations: 29.218 MiB, 0.53% gc time)
  3.068122 seconds (34.87 k allocations: 43.902 MiB, 0.53% gc time)
  1.561257 seconds (3.36 k allocations: 4.240 MiB, 1.04% gc time)
  2.932482 seconds (11.19 k allocations: 14.099 MiB, 0.55% gc time)
7765
6258
3262
9266
4776
  1.540502 seconds (33.05 k allocations: 39.980 MiB)
  1.538934 seconds (24.31 k allocations: 30.329 MiB)
1756
7766
  1.655591 seconds (16.48 k allocations: 21.870 MiB)
6259
  1.659887 seconds (21.05 k allocations: 26.005 MiB)
3263
  1.661557 seconds (24.99 k allocations: 31.958 MiB)
9267
  1.672261 seconds (39.72 k allocations: 50.117 MiB)
4777
  1.538641 seconds (32.04 k allocations: 41.588 MiB)
1757
  1.544397 seconds (39.05 k allocations: 48.215 MiB)
7767
  1.516153 seconds (15.90 k allocations: 20.064 MiB)
4778
  1.548214 seconds (31.73 k allocations: 40.043 MiB)
9268
  1.561813 seconds (48.00 k allocations: 59.843 MiB)
6260
  1.706519 seconds (48.96 k allocations: 62.687 MiB)
3264
  1.539628 seconds (39.26 k allocations: 48.997 MiB)
1758
  1.539687 seconds (39.72 k allocations: 50.117 MiB)
7768
  1.545204 seconds (27.50 k allocations: 35.030 MiB)
9269
  1.559398 seconds (31.89 k allocations: 40.211 MiB)
6261
  1.747305 seconds (55.70 k allocations: 70.264 MiB)
4779
  1.755870 seconds (39.88 k allocations: 50.285 MiB)
3265
  1.539283 seconds (39.50 k allocations: 49.249 MiB)
1759
  2.157048 seconds (38.23 k allocations: 47.385 MiB, 0.69% gc time)
  1.994076 seconds (22.40 k allocations: 27.381 MiB, 0.74% gc time)
  2.012032 seconds (30.39 k allocations: 37.485 MiB, 0.74% gc time)
  1.828614 seconds (14.61 k allocations: 17.596 MiB, 0.81% gc time)
  1.631605 seconds (6.75 k allocations: 7.794 MiB, 0.91% gc time)
7769
6262
9270
3266
4780
  1.541810 seconds (37.38 k allocations: 44.447 MiB)
1760
  1.544299 seconds (14.01 k allocations: 19.887 MiB)
3267
  1.577478 seconds (15.82 k allocations: 19.980 MiB)
9271
  1.582144 seconds (22.00 k allocations: 26.974 MiB)
4781
  1.703346 seconds (32.85 k allocations: 42.411 MiB)
  1.703844 seconds (32.55 k allocations: 42.751 MiB)
7770
6263
  1.538541 seconds (39.56 k allocations: 49.949 MiB)
1761
  1.544081 seconds (39.64 k allocations: 50.033 MiB)
3268
  1.516753 seconds (31.81 k allocations: 40.127 MiB)
4782
  1.546488 seconds (47.25 k allocations: 59.070 MiB)
9272
  1.538103 seconds (32.07 k allocations: 41.624 MiB)
7771
  1.548009 seconds (39.80 k allocations: 50.201 MiB)
6264
  1.538220 seconds (39.80 k allocations: 50.201 MiB)
1762
  1.555890 seconds (39.80 k allocations: 50.201 MiB)
3269
  1.546626 seconds (31.97 k allocations: 40.295 MiB)
9273
  1.537988 seconds (31.97 k allocations: 40.295 MiB)
7772
  1.546300 seconds (31.97 k allocations: 40.295 MiB)
6265
  1.755306 seconds (63.86 k allocations: 80.506 MiB)
4783
  1.549403 seconds (39.88 k allocations: 50.285 MiB)
1763
  1.544301 seconds (31.81 k allocations: 40.127 MiB)
9274
  2.941190 seconds (26.78 k allocations: 33.785 MiB, 0.59% gc time)
  2.919728 seconds (18.86 k allocations: 23.761 MiB, 0.59% gc time)
  3.079560 seconds (42.90 k allocations: 54.058 MiB, 0.56% gc time)
  2.861255 seconds (11.17 k allocations: 14.103 MiB, 0.61% gc time)
  1.554832 seconds (3.34 k allocations: 4.257 MiB, 1.11% gc time)
1764
3270
7773
6266
4784
  1.539223 seconds (22.82 k allocations: 28.159 MiB)
1765
  1.549702 seconds (37.73 k allocations: 45.473 MiB)
9275
  1.666196 seconds (15.82 k allocations: 19.980 MiB)
7774
  1.666940 seconds (16.23 k allocations: 21.018 MiB)
6267
  1.677218 seconds (31.08 k allocations: 39.394 MiB)
3271
  1.676525 seconds (32.64 k allocations: 41.676 MiB)
4785
  1.537307 seconds (37.52 k allocations: 47.182 MiB)
1766
  1.554592 seconds (39.64 k allocations: 50.033 MiB)
9276
  1.516266 seconds (15.90 k allocations: 20.064 MiB)
4786
  1.537487 seconds (39.00 k allocations: 49.048 MiB)
7775
  1.542634 seconds (33.12 k allocations: 42.684 MiB)
3272
  1.556294 seconds (52.20 k allocations: 64.836 MiB)
6268
  1.538507 seconds (39.72 k allocations: 50.117 MiB)
1767
  1.546430 seconds (39.80 k allocations: 50.201 MiB)
9277
  1.538051 seconds (31.89 k allocations: 40.211 MiB)
7776
  1.544662 seconds (29.44 k allocations: 37.015 MiB)
3273
  1.549775 seconds (31.89 k allocations: 40.211 MiB)
6269
  1.746487 seconds (63.27 k allocations: 79.205 MiB)
4787
  1.538512 seconds (39.88 k allocations: 50.285 MiB)
1768
  1.966471 seconds (26.79 k allocations: 33.788 MiB, 0.83% gc time)
  2.072995 seconds (34.69 k allocations: 43.760 MiB, 0.79% gc time)
  1.932205 seconds (10.86 k allocations: 13.667 MiB, 0.85% gc time)
  1.943645 seconds (18.89 k allocations: 23.766 MiB, 0.84% gc time)
  1.762996 seconds (3.10 k allocations: 3.945 MiB, 0.93% gc time)
7777
3274
4788
6270
9278
  1.547330 seconds (33.85 k allocations: 40.755 MiB)
1769
  1.551576 seconds (18.43 k allocations: 24.400 MiB)
  1.550875 seconds (16.11 k allocations: 22.679 MiB)
4789
3275
  1.578639 seconds (25.95 k allocations: 34.675 MiB)
7778
  1.584456 seconds (30.72 k allocations: 37.792 MiB)
6271
  1.655578 seconds (39.64 k allocations: 50.033 MiB)
9279
  1.517198 seconds (24.24 k allocations: 31.705 MiB)
4790
  1.539828 seconds (47.63 k allocations: 60.106 MiB)
1770
  1.542443 seconds (39.64 k allocations: 50.033 MiB)
3276
  1.538333 seconds (39.33 k allocations: 49.080 MiB)
7779
  1.548218 seconds (39.72 k allocations: 50.117 MiB)
6272
  1.625266 seconds (39.72 k allocations: 50.117 MiB)
9280
  1.545211 seconds (31.81 k allocations: 40.127 MiB)
1771
  1.542859 seconds (31.81 k allocations: 40.127 MiB)
3277
  1.539125 seconds (31.81 k allocations: 40.127 MiB)
7780
  1.548319 seconds (31.73 k allocations: 40.043 MiB)
6273
  1.747359 seconds (71.52 k allocations: 90.243 MiB)
4791
  1.762101 seconds (39.72 k allocations: 50.117 MiB)
9281
  1.538761 seconds (39.64 k allocations: 50.033 MiB)
1772
  2.039390 seconds (38.09 k allocations: 47.236 MiB, 0.84% gc time)
  2.014175 seconds (30.23 k allocations: 37.289 MiB, 0.85% gc time)
  1.986316 seconds (22.32 k allocations: 27.269 MiB, 0.86% gc time)
  1.860890 seconds (14.53 k allocations: 17.512 MiB, 0.92% gc time)
  1.617313 seconds (6.77 k allocations: 7.846 MiB, 1.06% gc time)
7781
3278
6274
9282
4792
  1.539013 seconds (37.60 k allocations: 44.726 MiB)
1773
  1.546282 seconds (14.29 k allocations: 20.164 MiB)
9283
  1.591153 seconds (15.90 k allocations: 20.064 MiB)
4793
  1.662916 seconds (25.65 k allocations: 33.149 MiB)
7782
  1.666644 seconds (28.31 k allocations: 36.559 MiB)
3279
  1.685288 seconds (39.64 k allocations: 50.033 MiB)
6275
  1.538522 seconds (39.56 k allocations: 49.949 MiB)
1774
  1.545657 seconds (39.56 k allocations: 49.949 MiB)
9284
  1.526764 seconds (39.56 k allocations: 49.949 MiB)
4794
  1.539613 seconds (36.27 k allocations: 45.893 MiB)
7783
  1.549487 seconds (31.73 k allocations: 40.043 MiB)
6276
  1.718440 seconds (47.63 k allocations: 60.106 MiB)
3280
  1.549473 seconds (39.80 k allocations: 50.201 MiB)
1775
  1.556828 seconds (39.88 k allocations: 50.285 MiB)
9285
  1.549049 seconds (31.97 k allocations: 40.295 MiB)
7784
  1.542902 seconds (31.97 k allocations: 40.295 MiB)
6277
  1.746050 seconds (55.95 k allocations: 70.516 MiB)
4795
  1.751839 seconds (39.96 k allocations: 50.369 MiB)
3281
  1.537835 seconds (39.88 k allocations: 50.285 MiB)
1776
  1.538251 seconds (31.89 k allocations: 40.211 MiB)
7785
  2.924917 seconds (26.80 k allocations: 33.794 MiB, 0.52% gc time)
  3.060320 seconds (42.83 k allocations: 53.983 MiB, 0.50% gc time)
  2.839977 seconds (18.94 k allocations: 23.829 MiB, 0.54% gc time)
  2.571399 seconds (11.16 k allocations: 14.039 MiB, 0.59% gc time)
  1.552734 seconds (3.25 k allocations: 4.109 MiB, 0.98% gc time)
1777
6278
9286
4796
3282
  1.542398 seconds (35.08 k allocations: 42.106 MiB)
7786
  1.546608 seconds (32.01 k allocations: 39.469 MiB)
1778
  1.662647 seconds (15.99 k allocations: 20.148 MiB)
9287
  1.663488 seconds (18.40 k allocations: 23.313 MiB)
3283
  1.684785 seconds (32.26 k allocations: 41.812 MiB)
  1.683525 seconds (32.19 k allocations: 41.163 MiB)
6279
4797
  1.539222 seconds (39.26 k allocations: 48.997 MiB)
7787
  1.547378 seconds (39.64 k allocations: 50.033 MiB)
1779
  1.516959 seconds (15.98 k allocations: 20.148 MiB)
4798
  1.550366 seconds (42.86 k allocations: 54.543 MiB)
9288
  1.548501 seconds (40.47 k allocations: 51.573 MiB)
3284
  1.552182 seconds (39.88 k allocations: 50.285 MiB)
6280
  1.541904 seconds (39.80 k allocations: 50.201 MiB)
7788
  1.539921 seconds (39.80 k allocations: 50.201 MiB)
1780
  1.546148 seconds (24.95 k allocations: 32.436 MiB)
  1.544146 seconds (24.20 k allocations: 31.089 MiB)
9289
3285
  1.547559 seconds (31.81 k allocations: 40.127 MiB)
6281
  1.745959 seconds (63.69 k allocations: 80.337 MiB)
4799
  1.536983 seconds (39.72 k allocations: 50.117 MiB)
7789
  2.087480 seconds (38.15 k allocations: 47.301 MiB, 0.81% gc time)
  1.951501 seconds (22.44 k allocations: 27.474 MiB, 0.87% gc time)
  1.928260 seconds (14.38 k allocations: 17.304 MiB, 0.88% gc time)
  1.951344 seconds (22.55 k allocations: 27.626 MiB, 0.87% gc time)
  1.762932 seconds (6.76 k allocations: 7.790 MiB, 0.96% gc time)
1781
9290
3286
4800
6282
  1.540152 seconds (36.70 k allocations: 43.757 MiB)
7790
  1.553262 seconds (12.59 k allocations: 17.199 MiB)
  1.563591 seconds (10.59 k allocations: 14.583 MiB)
  1.588578 seconds (9.50 k allocations: 14.118 MiB)
  1.595948 seconds (9.14 k allocations: 13.182 MiB)
4801
3287
9291
6283
  1.629309 seconds (41.63 k allocations: 53.287 MiB)
1782
  1.550746 seconds (39.64 k allocations: 50.033 MiB)
7791
  1.544799 seconds (17.44 k allocations: 22.855 MiB)
9292
  1.538413 seconds (15.90 k allocations: 20.064 MiB)
1783
  1.555981 seconds (26.01 k allocations: 34.201 MiB)
6284
  1.564104 seconds (39.72 k allocations: 50.117 MiB)
4802
  1.641672 seconds (47.50 k allocations: 59.768 MiB)
3288
  1.539335 seconds (39.64 k allocations: 50.033 MiB)
7792
  1.539331 seconds (25.52 k allocations: 33.016 MiB)
1784
  1.557349 seconds (43.60 k allocations: 54.131 MiB)
9293
  1.549426 seconds (33.71 k allocations: 42.119 MiB)
6285
  1.544768 seconds (31.73 k allocations: 40.043 MiB)
3289
  1.747518 seconds (47.63 k allocations: 60.106 MiB)
4803
  1.538577 seconds (39.80 k allocations: 50.201 MiB)
7793
  1.538552 seconds (37.62 k allocations: 47.278 MiB)
1785
  2.996862 seconds (26.97 k allocations: 33.976 MiB, 0.51% gc time)
  2.908065 seconds (19.03 k allocations: 23.948 MiB, 0.52% gc time)
  3.001091 seconds (30.13 k allocations: 38.395 MiB, 0.51% gc time)
  1.552086 seconds (3.35 k allocations: 4.246 MiB, 0.98% gc time)
  2.785443 seconds (11.27 k allocations: 14.182 MiB, 0.55% gc time)
7794
6286
3290
9294
4804
  1.541039 seconds (36.40 k allocations: 43.446 MiB)
1786
  1.553093 seconds (29.45 k allocations: 36.839 MiB)
7795
  1.660135 seconds (15.91 k allocations: 20.064 MiB)
  1.657454 seconds (16.23 k allocations: 21.028 MiB)
  1.663453 seconds (17.27 k allocations: 23.973 MiB)
3291
  1.662354 seconds (18.66 k allocations: 24.849 MiB)
4805
6287
9295
  1.538421 seconds (39.72 k allocations: 50.117 MiB)
1787
  1.541346 seconds (39.80 k allocations: 50.201 MiB)
7796
  1.517406 seconds (17.92 k allocations: 24.570 MiB)
4806
  1.546148 seconds (23.82 k allocations: 30.054 MiB)
6288
  1.550963 seconds (29.20 k allocations: 36.243 MiB)
9296
  1.563316 seconds (44.31 k allocations: 56.014 MiB)
3292
  1.539074 seconds (39.64 k allocations: 50.033 MiB)
1788
  1.539031 seconds (39.64 k allocations: 50.033 MiB)
7797
  1.547119 seconds (29.17 k allocations: 36.739 MiB)
6289
  1.545470 seconds (26.42 k allocations: 32.761 MiB)
9297
  1.544032 seconds (28.78 k allocations: 35.820 MiB)
3293
  1.746432 seconds (63.53 k allocations: 80.169 MiB)
4807
  1.548453 seconds (39.72 k allocations: 50.117 MiB)
1789
  2.066444 seconds (38.25 k allocations: 47.392 MiB, 0.81% gc time)
  1.920480 seconds (14.51 k allocations: 17.449 MiB, 0.87% gc time)
  1.931904 seconds (26.91 k allocations: 33.199 MiB, 0.86% gc time)
  1.926347 seconds (19.69 k allocations: 24.013 MiB, 0.87% gc time)
  1.763799 seconds (6.84 k allocations: 7.890 MiB, 0.95% gc time)
7798
6290
3294
9298
4808
  1.538873 seconds (37.74 k allocations: 44.836 MiB)
1790
  1.562128 seconds (8.14 k allocations: 11.458 MiB)
4809
  1.574668 seconds (15.90 k allocations: 20.064 MiB)
9299
  1.586044 seconds (23.82 k allocations: 30.054 MiB)
3295
  1.594595 seconds (30.23 k allocations: 37.294 MiB)
6291
  1.670239 seconds (40.85 k allocations: 53.713 MiB)
7799
  1.516443 seconds (39.80 k allocations: 50.201 MiB)
1791
  1.516226 seconds (39.80 k allocations: 50.201 MiB)
4810
  1.555562 seconds (39.80 k allocations: 50.201 MiB)
9300
  1.548187 seconds (31.81 k allocations: 40.127 MiB)
6292
  1.538189 seconds (31.81 k allocations: 40.127 MiB)
7800
  1.703433 seconds (54.18 k allocations: 68.015 MiB)
3296
  1.540618 seconds (39.88 k allocations: 50.285 MiB)
1792
  1.545235 seconds (31.89 k allocations: 40.211 MiB)
9301
  1.548170 seconds (31.89 k allocations: 40.211 MiB)
6293
  1.539553 seconds (31.81 k allocations: 40.127 MiB)
7801
  1.747588 seconds (63.69 k allocations: 80.337 MiB)
4811
  1.754848 seconds (39.72 k allocations: 50.117 MiB)
3297
  1.542456 seconds (39.72 k allocations: 50.117 MiB)
1793
  1.546691 seconds (31.73 k allocations: 40.043 MiB)
6294
  2.939508 seconds (26.62 k allocations: 33.616 MiB, 0.55% gc time)
  3.007130 seconds (42.50 k allocations: 53.644 MiB, 0.54% gc time)
  2.857400 seconds (18.79 k allocations: 23.699 MiB, 0.57% gc time)
  2.637826 seconds (11.00 k allocations: 13.915 MiB, 0.62% gc time)
  1.552515 seconds (3.19 k allocations: 4.088 MiB, 1.05% gc time)
9302
1794
7802
3298
4812
  1.547093 seconds (36.92 k allocations: 43.917 MiB)
  1.546452 seconds (16.01 k allocations: 21.858 MiB)
6295
1795
  1.645880 seconds (15.99 k allocations: 20.148 MiB)
7803
  1.656481 seconds (23.90 k allocations: 30.137 MiB)
4813
  1.671507 seconds (33.02 k allocations: 43.816 MiB)
  1.668964 seconds (32.19 k allocations: 41.163 MiB)
9303
3299
  1.538428 seconds (31.64 k allocations: 39.959 MiB)
1796
  1.550014 seconds (41.12 k allocations: 51.550 MiB)
6296
  1.529387 seconds (31.34 k allocations: 39.007 MiB)
4814
  1.545922 seconds (41.89 k allocations: 53.032 MiB)
7804
  1.544473 seconds (31.73 k allocations: 40.043 MiB)
  1.547011 seconds (32.32 k allocations: 42.511 MiB)
3300
9304
  1.537893 seconds (39.34 k allocations: 49.081 MiB)
1797
  1.561800 seconds (39.72 k allocations: 50.117 MiB)
6297
  1.556525 seconds (31.89 k allocations: 40.211 MiB)
7805
  1.547508 seconds (23.82 k allocations: 30.053 MiB)
9305
  1.558046 seconds (31.55 k allocations: 38.636 MiB)
3301
  1.747435 seconds (57.80 k allocations: 73.637 MiB)
4815
  1.538548 seconds (39.72 k allocations: 50.117 MiB)
1798
  2.049895 seconds (34.53 k allocations: 43.606 MiB, 0.77% gc time)
  1.950732 seconds (26.67 k allocations: 33.658 MiB, 0.81% gc time)
  1.933486 seconds (18.47 k allocations: 22.709 MiB, 0.82% gc time)
  1.925107 seconds (10.97 k allocations: 13.881 MiB, 0.82% gc time)
  1.762653 seconds (3.20 k allocations: 4.172 MiB, 0.90% gc time)
7806
6298
9306
3302
4816
  1.522373 seconds (35.44 k allocations: 42.421 MiB)
1799
  1.562222 seconds (9.61 k allocations: 14.166 MiB)
4817
  1.577681 seconds (16.36 k allocations: 21.749 MiB)
7807
  1.577159 seconds (17.20 k allocations: 22.081 MiB)
3303
  1.602522 seconds (31.81 k allocations: 40.127 MiB)
9307
  1.682866 seconds (39.72 k allocations: 50.117 MiB)
6299
  1.537588 seconds (39.80 k allocations: 50.201 MiB)
1800
  1.518073 seconds (39.88 k allocations: 50.285 MiB)
4818
  1.538864 seconds (34.86 k allocations: 44.470 MiB)
7808
  1.543203 seconds (39.52 k allocations: 48.685 MiB)
3304
  1.544385 seconds (39.80 k allocations: 50.201 MiB)
9308
  1.554874 seconds (39.72 k allocations: 50.117 MiB)
6300
  1.552286 seconds (39.64 k allocations: 50.033 MiB)
1801
  1.539469 seconds (31.43 k allocations: 39.091 MiB)
7809
  1.543034 seconds (31.81 k allocations: 40.127 MiB)
3305
  1.554090 seconds (31.89 k allocations: 40.211 MiB)
9309
  1.546252 seconds (31.89 k allocations: 40.211 MiB)
6301
  1.756807 seconds (71.61 k allocations: 90.327 MiB)
4819
  1.540020 seconds (39.88 k allocations: 50.285 MiB)
1802
  1.943592 seconds (38.24 k allocations: 47.381 MiB, 0.78% gc time)
  1.812498 seconds (14.50 k allocations: 17.448 MiB, 0.84% gc time)
  1.930987 seconds (30.35 k allocations: 37.426 MiB, 0.78% gc time)
  1.896061 seconds (22.59 k allocations: 27.658 MiB, 0.80% gc time)
  1.763074 seconds (6.72 k allocations: 7.706 MiB, 0.86% gc time)
7810
6302
9310
3306
4820
  1.548357 seconds (37.88 k allocations: 45.021 MiB)
1803
  1.552153 seconds (10.00 k allocations: 14.564 MiB)
4821
  1.581163 seconds (15.82 k allocations: 19.980 MiB)
9311
  1.602299 seconds (24.92 k allocations: 33.630 MiB)
6303
  1.689210 seconds (31.64 k allocations: 39.959 MiB)
3307
  1.707229 seconds (43.32 k allocations: 56.230 MiB)
7811
  1.516114 seconds (39.56 k allocations: 49.949 MiB)
1804
  1.529538 seconds (39.56 k allocations: 49.949 MiB)
4822
  1.544601 seconds (39.56 k allocations: 49.949 MiB)
9312
  1.546062 seconds (39.64 k allocations: 50.033 MiB)
6304
  1.543121 seconds (39.72 k allocations: 50.117 MiB)
3308
  1.538507 seconds (35.59 k allocations: 44.676 MiB)
7812
  1.538795 seconds (39.80 k allocations: 50.201 MiB)
1805
  1.545312 seconds (31.81 k allocations: 40.127 MiB)
9313
  1.546753 seconds (31.73 k allocations: 40.043 MiB)
6305
  1.542641 seconds (28.34 k allocations: 35.895 MiB)
  1.539792 seconds (24.12 k allocations: 31.005 MiB)
3309
7813
  1.747254 seconds (71.52 k allocations: 90.243 MiB)
4823
  1.539348 seconds (39.64 k allocations: 50.033 MiB)
1806
  1.545840 seconds (31.81 k allocations: 40.127 MiB)
6306
  3.024253 seconds (42.69 k allocations: 53.844 MiB, 0.58% gc time)
  2.917508 seconds (18.95 k allocations: 23.841 MiB, 0.60% gc time)
  2.919226 seconds (19.03 k allocations: 23.929 MiB, 0.60% gc time)
  2.873944 seconds (11.25 k allocations: 14.165 MiB, 0.61% gc time)
  1.563657 seconds (3.33 k allocations: 4.207 MiB, 1.11% gc time)
1807
7814
9314
3310
4824
  1.548120 seconds (34.57 k allocations: 41.591 MiB)
6307
  1.548138 seconds (33.71 k allocations: 40.181 MiB)
1808
  1.648407 seconds (15.82 k allocations: 19.980 MiB)
  1.652596 seconds (17.28 k allocations: 23.334 MiB)
3311
7815
  1.663186 seconds (31.73 k allocations: 40.043 MiB)
4825
  1.680942 seconds (39.64 k allocations: 50.033 MiB)
9315
  1.537128 seconds (31.73 k allocations: 40.043 MiB)
  1.543614 seconds (35.86 k allocations: 46.122 MiB)
1809
6308
  1.515635 seconds (23.82 k allocations: 30.053 MiB)
4826
  1.548844 seconds (39.64 k allocations: 50.033 MiB)
7816
  1.543030 seconds (31.73 k allocations: 40.043 MiB)
9316
  1.699910 seconds (55.54 k allocations: 70.096 MiB)
3312
  1.546461 seconds (31.73 k allocations: 40.043 MiB)
6309
  1.638289 seconds (39.72 k allocations: 50.117 MiB)
1810
  1.539267 seconds (31.89 k allocations: 40.211 MiB)
7817
  1.546117 seconds (31.81 k allocations: 40.127 MiB)
9317
  1.747986 seconds (55.70 k allocations: 70.264 MiB)
4827
  1.754178 seconds (39.88 k allocations: 50.285 MiB)
3313
  1.547871 seconds (39.80 k allocations: 50.201 MiB)
6310
  2.044642 seconds (38.32 k allocations: 47.464 MiB, 0.85% gc time)
  2.007622 seconds (30.45 k allocations: 37.500 MiB, 0.86% gc time)
  1.978849 seconds (22.56 k allocations: 27.574 MiB, 0.88% gc time)
  1.815854 seconds (14.67 k allocations: 17.699 MiB, 0.95% gc time)
  1.644181 seconds (6.88 k allocations: 7.908 MiB, 1.05% gc time)
7818
1811
3314
9318
4828
  1.549775 seconds (37.47 k allocations: 44.543 MiB)
6311
  1.553912 seconds (19.07 k allocations: 26.277 MiB)
3315
  1.565039 seconds (15.90 k allocations: 20.064 MiB)
4829
  1.577248 seconds (23.82 k allocations: 30.053 MiB)
9319
  1.665107 seconds (32.61 k allocations: 43.395 MiB)
7819
  1.681862 seconds (39.83 k allocations: 51.454 MiB)
1812
  1.544793 seconds (39.64 k allocations: 50.033 MiB)
6312
  1.517312 seconds (28.04 k allocations: 35.065 MiB)
4830
  1.550247 seconds (47.63 k allocations: 60.106 MiB)
3316
  1.543227 seconds (39.80 k allocations: 50.201 MiB)
9320
  1.539005 seconds (39.80 k allocations: 50.201 MiB)
7820
  1.540768 seconds (39.80 k allocations: 50.201 MiB)
1813
  1.557851 seconds (37.80 k allocations: 47.465 MiB)
6313
  1.543586 seconds (28.73 k allocations: 35.773 MiB)
3317
  1.544336 seconds (31.81 k allocations: 40.127 MiB)
9321
  1.539190 seconds (31.81 k allocations: 40.127 MiB)
7821
  1.539712 seconds (31.89 k allocations: 40.211 MiB)
1814
  1.756857 seconds (71.61 k allocations: 90.327 MiB)
4831
  1.546507 seconds (36.90 k allocations: 46.551 MiB)
6314
  1.601218 seconds (31.73 k allocations: 40.043 MiB)
9322
  3.012695 seconds (26.71 k allocations: 33.700 MiB, 0.58% gc time)
  2.993163 seconds (18.85 k allocations: 23.756 MiB, 0.58% gc time)
  3.113888 seconds (42.78 k allocations: 53.951 MiB, 0.56% gc time)
  2.914425 seconds (11.19 k allocations: 14.135 MiB, 0.60% gc time)
  1.563262 seconds (3.35 k allocations: 4.251 MiB, 1.11% gc time)
6315
7822
1815
3318
4832
  1.548735 seconds (33.88 k allocations: 40.841 MiB)
9323
  1.548982 seconds (24.99 k allocations: 31.079 MiB)
6316
  1.653383 seconds (16.23 k allocations: 21.613 MiB)
  1.652642 seconds (16.29 k allocations: 21.100 MiB)
7823
1816
  1.656088 seconds (21.53 k allocations: 27.203 MiB)
3319
  1.674557 seconds (39.72 k allocations: 50.117 MiB)
4833
  1.544677 seconds (36.44 k allocations: 46.071 MiB)
9324
  1.545163 seconds (36.46 k allocations: 45.575 MiB)
6317
  1.536665 seconds (29.16 k allocations: 37.945 MiB)
7824
  1.514365 seconds (16.28 k allocations: 21.150 MiB)
4834
  1.542378 seconds (38.19 k allocations: 47.335 MiB)
  1.548112 seconds (42.66 k allocations: 54.985 MiB)
3320
1817
  1.549759 seconds (31.89 k allocations: 40.211 MiB)
6318
  1.561343 seconds (39.22 k allocations: 49.599 MiB)
9325
  1.540237 seconds (34.07 k allocations: 43.662 MiB)
7825
  1.547627 seconds (25.07 k allocations: 32.565 MiB)
  1.546690 seconds (24.12 k allocations: 31.005 MiB)
3321
1818
  1.748581 seconds (54.44 k allocations: 67.619 MiB)
4835
  1.548586 seconds (39.34 k allocations: 49.081 MiB)
6319
  1.988504 seconds (26.94 k allocations: 33.940 MiB, 0.90% gc time)
  1.966947 seconds (11.09 k allocations: 13.905 MiB, 0.91% gc time)
  2.073583 seconds (35.09 k allocations: 44.288 MiB, 0.87% gc time)
  1.968597 seconds (11.19 k allocations: 14.070 MiB, 0.91% gc time)
  1.773889 seconds (3.41 k allocations: 4.362 MiB, 1.01% gc time)
7826
1819
9326
3322
4836
  1.549548 seconds (5 allocations: 1.031 KiB)
  1.547990 seconds (306 allocations: 922.281 KiB)
  1.561223 seconds (34.99 k allocations: 42.556 MiB)
9327
  1.552376 seconds (2.14 k allocations: 4.176 MiB)
3323
6320
4837
  1.591091 seconds (31.80 k allocations: 40.126 MiB)
1820
  1.670427 seconds (39.72 k allocations: 50.116 MiB)
7827
  1.516857 seconds (15.90 k allocations: 20.064 MiB)
4838
  1.547917 seconds (23.82 k allocations: 30.054 MiB)
6321
  1.558659 seconds (33.14 k allocations: 42.714 MiB)
3324
  1.538064 seconds (31.73 k allocations: 40.043 MiB)
1821
  1.626804 seconds (49.01 k allocations: 62.736 MiB)
9328
  1.539825 seconds (39.56 k allocations: 49.949 MiB)
7828
  1.551226 seconds (31.26 k allocations: 38.923 MiB)
  1.546612 seconds (24.13 k allocations: 31.006 MiB)
6322
3325
  1.539543 seconds (31.64 k allocations: 39.959 MiB)
1822
  1.538993 seconds (23.82 k allocations: 30.053 MiB)
7829
  1.758867 seconds (71.28 k allocations: 89.991 MiB)
4839
  1.764692 seconds (47.55 k allocations: 60.022 MiB)
9329
  1.545437 seconds (31.81 k allocations: 40.127 MiB)
  1.548714 seconds (32.19 k allocations: 41.163 MiB)
3326
6323
  1.845287 seconds (21.30 k allocations: 26.961 MiB, 0.91% gc time)
  1.921426 seconds (29.28 k allocations: 37.006 MiB, 0.88% gc time)
  1.648850 seconds (5.59 k allocations: 7.107 MiB, 1.02% gc time)
  1.765858 seconds (13.76 k allocations: 17.447 MiB, 0.96% gc time)
1823
7830
9330
4840
  1.563139 seconds (1.36 k allocations: 3.836 MiB)
4841
  1.578358 seconds (7.91 k allocations: 9.990 MiB)
  1.577793 seconds (8.29 k allocations: 11.026 MiB)
1824
7831
  1.594833 seconds (32.98 k allocations: 44.285 MiB)
  1.587914 seconds (24.12 k allocations: 31.005 MiB)
6324
9331
  1.759361 seconds (67.08 k allocations: 84.263 MiB)
3327
  1.517235 seconds (39.64 k allocations: 50.033 MiB)
4842
  1.539670 seconds (31.73 k allocations: 40.043 MiB)
  1.539410 seconds (31.73 k allocations: 40.043 MiB)
1825
7832
  1.545300 seconds (31.81 k allocations: 40.127 MiB)
  1.547449 seconds (32.19 k allocations: 42.236 MiB)
9332
6325
  1.544347 seconds (39.72 k allocations: 50.117 MiB)
3328
  1.538914 seconds (23.89 k allocations: 31.361 MiB)
  1.538354 seconds (24.20 k allocations: 31.089 MiB)
1826
7833
  1.547385 seconds (23.90 k allocations: 30.138 MiB)
9333
  1.549902 seconds (25.98 k allocations: 32.957 MiB)
6326
  1.747610 seconds (71.52 k allocations: 90.243 MiB)
4843
  1.546486 seconds (39.72 k allocations: 50.117 MiB)
3329
  1.541027 seconds (31.73 k allocations: 40.043 MiB)
7834
  1.547542 seconds (34.55 k allocations: 44.834 MiB)
  1.920918 seconds (19.23 k allocations: 24.801 MiB, 0.90% gc time)
  1.924724 seconds (21.85 k allocations: 28.681 MiB, 0.90% gc time)
  1.772708 seconds (3.51 k allocations: 4.903 MiB, 0.98% gc time)
  1.780975 seconds (11.00 k allocations: 13.800 MiB, 0.97% gc time)
1827
9334
6327
3330
4844
  1.540826 seconds (33.89 k allocations: 40.828 MiB)
7835
  1.582818 seconds (7.91 k allocations: 9.990 MiB)
4845
  1.598732 seconds (15.98 k allocations: 21.366 MiB)
9335
  1.699919 seconds (27.59 k allocations: 37.574 MiB)
3331
  1.729136 seconds (31.65 k allocations: 39.959 MiB)
6328
  1.743261 seconds (42.51 k allocations: 55.408 MiB)
1828
  1.538415 seconds (39.72 k allocations: 50.117 MiB)
7836
  1.516753 seconds (39.80 k allocations: 50.201 MiB)
4846
  1.547103 seconds (39.80 k allocations: 50.201 MiB)
9336
  1.542765 seconds (39.88 k allocations: 50.285 MiB)
3332
  1.536878 seconds (31.81 k allocations: 40.127 MiB)
1829
  1.557401 seconds (47.33 k allocations: 59.154 MiB)
6329
  1.535049 seconds (39.64 k allocations: 50.033 MiB)
7837
  1.544358 seconds (31.64 k allocations: 39.959 MiB)
9337
  1.541930 seconds (31.64 k allocations: 39.959 MiB)
3333
  1.545285 seconds (23.73 k allocations: 29.969 MiB)
6330
  1.745253 seconds (63.37 k allocations: 80.001 MiB)
4847
  1.751028 seconds (47.09 k allocations: 58.902 MiB)
1830
  1.538573 seconds (39.56 k allocations: 49.949 MiB)
7838
  1.828813 seconds (30.24 k allocations: 37.293 MiB, 0.86% gc time)
  1.919586 seconds (38.11 k allocations: 47.251 MiB, 0.82% gc time)
  1.775744 seconds (22.41 k allocations: 27.349 MiB, 0.89% gc time)
  1.577783 seconds (6.71 k allocations: 7.573 MiB, 1.00% gc time)
  1.762633 seconds (14.73 k allocations: 17.774 MiB, 0.90% gc time)
1831
6331
3334
9338
4848
  1.553870 seconds (2.22 k allocations: 4.712 MiB)
4849
  1.573152 seconds (43.09 k allocations: 51.041 MiB)
7839
  1.562309 seconds (10.37 k allocations: 14.409 MiB)
9339
  1.586700 seconds (23.95 k allocations: 31.414 MiB)
  1.583576 seconds (24.12 k allocations: 31.005 MiB)
1832
3335
  1.594250 seconds (39.64 k allocations: 50.033 MiB)
6332
  1.517148 seconds (37.89 k allocations: 47.559 MiB)
4850
  1.541368 seconds (34.85 k allocations: 44.457 MiB)
7840
  1.546112 seconds (39.72 k allocations: 50.117 MiB)
9340
  1.539378 seconds (32.17 k allocations: 41.726 MiB)
1833
  1.543524 seconds (37.08 k allocations: 45.562 MiB)
3336
  1.547354 seconds (39.72 k allocations: 50.117 MiB)
6333
  1.516330 seconds (31.43 k allocations: 39.091 MiB)
7841
  1.544144 seconds (31.81 k allocations: 40.127 MiB)
9341
  1.539557 seconds (29.93 k allocations: 37.515 MiB)
1834
  1.546142 seconds (23.90 k allocations: 30.137 MiB)
6334
  1.750785 seconds (71.61 k allocations: 90.327 MiB)
4851
  1.752999 seconds (47.79 k allocations: 60.274 MiB)
3337
  1.545589 seconds (39.88 k allocations: 50.285 MiB)
7842
  1.513312 seconds (23.90 k allocations: 30.137 MiB)
6335
  3.061012 seconds (34.78 k allocations: 43.867 MiB, 0.56% gc time)
  3.072540 seconds (42.77 k allocations: 53.908 MiB, 0.55% gc time)
  2.837684 seconds (10.96 k allocations: 13.783 MiB, 0.60% gc time)
  2.903563 seconds (19.08 k allocations: 24.035 MiB, 0.59% gc time)
  1.554034 seconds (3.25 k allocations: 4.108 MiB, 1.09% gc time)
7843
1835
9342
3338
4852
  1.537061 seconds (21.19 k allocations: 26.505 MiB)
7844
  1.583595 seconds (39.48 k allocations: 48.388 MiB)
6336
  1.657102 seconds (16.33 k allocations: 21.722 MiB)
  1.657556 seconds (16.21 k allocations: 21.016 MiB)
1836
  1.659349 seconds (19.96 k allocations: 25.540 MiB)
9343
3339
  1.660389 seconds (27.13 k allocations: 33.610 MiB)
4853
  1.538578 seconds (39.72 k allocations: 50.117 MiB)
7845
  1.547123 seconds (39.80 k allocations: 50.201 MiB)
6337
  1.537235 seconds (28.85 k allocations: 36.942 MiB)
  1.530726 seconds (16.37 k allocations: 21.184 MiB)
1837
4854
  1.546480 seconds (32.22 k allocations: 41.769 MiB)
3340
  1.558723 seconds (43.79 k allocations: 56.726 MiB)
9344
  1.536476 seconds (39.80 k allocations: 50.201 MiB)
7846
  1.547358 seconds (39.72 k allocations: 50.117 MiB)
6338
  1.536590 seconds (31.81 k allocations: 40.127 MiB)
1838
  1.544832 seconds (23.82 k allocations: 30.053 MiB)
9345
  1.745887 seconds (47.71 k allocations: 60.190 MiB)
4855
  1.754910 seconds (47.25 k allocations: 59.070 MiB)
3341
  1.536435 seconds (39.72 k allocations: 50.117 MiB)
7847
  2.074437 seconds (34.78 k allocations: 43.858 MiB, 0.77% gc time)
  2.007744 seconds (26.84 k allocations: 33.815 MiB, 0.79% gc time)
  1.972770 seconds (19.02 k allocations: 23.922 MiB, 0.81% gc time)
  1.797514 seconds (11.23 k allocations: 14.138 MiB, 0.89% gc time)
  1.773234 seconds (3.36 k allocations: 4.324 MiB, 0.90% gc time)
1839
6339
3342
9346
4856
  1.541147 seconds (36.28 k allocations: 43.336 MiB)
7848
  1.546333 seconds (16.84 k allocations: 22.762 MiB)
3343
  1.562057 seconds (15.99 k allocations: 20.148 MiB)
4857
  1.571363 seconds (23.72 k allocations: 32.421 MiB)
1840
  1.574451 seconds (31.25 k allocations: 38.328 MiB)
9347
  1.653527 seconds (39.88 k allocations: 50.285 MiB)
6340
  1.538693 seconds (39.80 k allocations: 50.201 MiB)
7849
  1.512917 seconds (28.42 k allocations: 35.969 MiB)
4858
  1.544765 seconds (47.63 k allocations: 60.106 MiB)
3344
  1.543081 seconds (39.26 k allocations: 48.997 MiB)
1841
  1.546923 seconds (39.64 k allocations: 50.033 MiB)
9348
  1.549588 seconds (39.72 k allocations: 50.117 MiB)
6341
  1.538498 seconds (39.72 k allocations: 50.117 MiB)
7850
  1.545653 seconds (31.81 k allocations: 40.127 MiB)
3345
  1.543367 seconds (31.73 k allocations: 40.043 MiB)
1842
  1.547219 seconds (31.73 k allocations: 40.043 MiB)
9349
  1.548730 seconds (31.81 k allocations: 40.127 MiB)
6342
  1.742758 seconds (71.61 k allocations: 90.327 MiB)
4859
  1.539322 seconds (39.88 k allocations: 50.285 MiB)
7851
  1.921401 seconds (30.50 k allocations: 37.567 MiB, 0.77% gc time)
  1.826371 seconds (14.67 k allocations: 17.613 MiB, 0.81% gc time)
  1.944992 seconds (38.58 k allocations: 47.735 MiB, 0.76% gc time)
  1.906069 seconds (22.77 k allocations: 27.835 MiB, 0.77% gc time)
  1.757783 seconds (6.91 k allocations: 7.939 MiB, 0.84% gc time)
1843
6343
3346
9350
4860
  1.543139 seconds (37.97 k allocations: 45.106 MiB)
7852
  1.550301 seconds (14.17 k allocations: 21.272 MiB)
  1.548748 seconds (8.92 k allocations: 12.892 MiB)
3347
4861
  1.588713 seconds (23.90 k allocations: 30.138 MiB)
  1.593221 seconds (24.29 k allocations: 31.175 MiB)
6344
1844
  1.791375 seconds (39.72 k allocations: 50.117 MiB)
9351
  1.512159 seconds (23.73 k allocations: 29.969 MiB)
4862
  1.544698 seconds (47.55 k allocations: 60.022 MiB)
7853
  1.553335 seconds (39.78 k allocations: 51.403 MiB)
3348
  1.542459 seconds (31.73 k allocations: 40.043 MiB)
  1.547216 seconds (32.98 k allocations: 43.190 MiB)
1845
6345
  1.556524 seconds (39.64 k allocations: 50.033 MiB)
9352
  1.542281 seconds (31.81 k allocations: 40.127 MiB)
7854
  1.552074 seconds (31.81 k allocations: 40.127 MiB)
3349
  1.543733 seconds (24.84 k allocations: 32.323 MiB)
1846
  1.590806 seconds (31.89 k allocations: 40.211 MiB)
6346
  1.748677 seconds (71.61 k allocations: 90.327 MiB)
4863
  1.546464 seconds (39.80 k allocations: 50.201 MiB)
9353
  1.539241 seconds (39.80 k allocations: 50.201 MiB)
7855
  1.544396 seconds (39.72 k allocations: 50.117 MiB)
3350
  3.059991 seconds (34.52 k allocations: 43.596 MiB, 0.95% gc time)
  3.010319 seconds (26.60 k allocations: 33.573 MiB, 0.97% gc time)
  2.842404 seconds (10.77 k allocations: 13.599 MiB, 1.02% gc time)
  2.929240 seconds (18.89 k allocations: 23.850 MiB, 0.99% gc time)
  1.577585 seconds (3.06 k allocations: 3.921 MiB, 1.84% gc time)
7856
1847
6347
9354
4864
  1.562327 seconds (19.66 k allocations: 24.938 MiB)
7857
  1.675316 seconds (10.31 k allocations: 14.873 MiB)
1848
  1.678201 seconds (12.15 k allocations: 15.008 MiB)
  1.676944 seconds (14.86 k allocations: 18.422 MiB)
6348
  1.677630 seconds (17.80 k allocations: 23.342 MiB)
9355
4865
  1.755505 seconds (74.30 k allocations: 91.724 MiB)
3351
  1.538415 seconds (39.56 k allocations: 49.949 MiB)
7858
  1.513711 seconds (15.82 k allocations: 19.980 MiB)
4866
  1.550566 seconds (42.41 k allocations: 52.738 MiB)
1849
  1.557744 seconds (34.50 k allocations: 45.320 MiB)
6349
  1.543486 seconds (31.73 k allocations: 40.043 MiB)
3352
  1.625401 seconds (47.63 k allocations: 60.106 MiB)
9356
  1.539100 seconds (39.72 k allocations: 50.117 MiB)
7859
  1.542226 seconds (31.73 k allocations: 40.043 MiB)
1850
  1.556801 seconds (31.81 k allocations: 40.127 MiB)
6350
  1.747053 seconds (55.70 k allocations: 70.264 MiB)
4867
  1.765721 seconds (39.80 k allocations: 50.201 MiB)
3353
  1.760428 seconds (39.88 k allocations: 50.285 MiB)
9357
  1.539202 seconds (39.96 k allocations: 50.369 MiB)
7860
  1.910566 seconds (27.03 k allocations: 34.036 MiB, 0.78% gc time)
  1.936336 seconds (35.08 k allocations: 44.148 MiB, 0.77% gc time)
  1.658510 seconds (11.19 k allocations: 14.013 MiB, 0.90% gc time)
  1.632373 seconds (3.31 k allocations: 4.128 MiB, 0.91% gc time)
  1.758438 seconds (19.40 k allocations: 24.479 MiB, 0.85% gc time)
1851
6351
3354
9358
4868
  1.540728 seconds (34.43 k allocations: 41.329 MiB)
7861
  1.557482 seconds (9.08 k allocations: 13.634 MiB)
4869
  1.571341 seconds (15.90 k allocations: 20.064 MiB)
9359
  1.583148 seconds (23.82 k allocations: 30.054 MiB)
  1.583171 seconds (24.20 k allocations: 31.089 MiB)
1852
3355
  1.592566 seconds (37.02 k allocations: 46.139 MiB)
6352
  1.511377 seconds (31.64 k allocations: 39.959 MiB)
  1.538303 seconds (39.94 k allocations: 50.984 MiB)
4870
7862
  1.545767 seconds (39.26 k allocations: 48.997 MiB)
9360
  1.543041 seconds (30.57 k allocations: 38.227 MiB)
1853
  1.546218 seconds (31.81 k allocations: 40.127 MiB)
6353
  1.754261 seconds (46.59 k allocations: 58.340 MiB)
3356
  1.524911 seconds (31.81 k allocations: 40.127 MiB)
7863
  1.528632 seconds (23.82 k allocations: 30.053 MiB)
1854
  1.561122 seconds (37.39 k allocations: 47.040 MiB)
9361
  1.545231 seconds (24.55 k allocations: 31.492 MiB)
6354
  1.728621 seconds (64.46 k allocations: 82.348 MiB)
4871
  1.544734 seconds (39.56 k allocations: 49.949 MiB)
3357
  1.538935 seconds (39.64 k allocations: 50.033 MiB)
7864
  1.902146 seconds (38.33 k allocations: 47.474 MiB, 0.87% gc time)
  1.671614 seconds (6.71 k allocations: 7.550 MiB, 0.99% gc time)
  1.871753 seconds (22.57 k allocations: 27.553 MiB, 0.88% gc time)
  1.874030 seconds (23.35 k allocations: 29.613 MiB, 0.88% gc time)
  1.761777 seconds (14.94 k allocations: 18.006 MiB, 0.93% gc time)
1855
6355
3358
9362
4872
  1.547859 seconds (37.56 k allocations: 44.638 MiB)
7865
  1.548892 seconds (11.04 k allocations: 15.622 MiB)
4873
  1.586324 seconds (15.82 k allocations: 19.980 MiB)
  1.591670 seconds (17.80 k allocations: 25.085 MiB)
9363
  1.591521 seconds (17.18 k allocations: 22.709 MiB)
1856
6356
  1.650183 seconds (39.72 k allocations: 50.117 MiB)
3359
  1.513837 seconds (31.89 k allocations: 40.211 MiB)
4874
  1.538767 seconds (47.71 k allocations: 60.190 MiB)
7866
  1.544649 seconds (23.82 k allocations: 30.054 MiB)
  1.548261 seconds (25.70 k allocations: 33.848 MiB)
1857
9364
  1.562304 seconds (39.64 k allocations: 50.033 MiB)
6357
  1.547091 seconds (39.56 k allocations: 49.949 MiB)
3360
  1.560058 seconds (31.73 k allocations: 40.043 MiB)
7867
  1.542525 seconds (25.22 k allocations: 32.711 MiB)
1858
  1.545928 seconds (26.18 k allocations: 33.164 MiB)
9365
  1.547411 seconds (31.89 k allocations: 40.211 MiB)
6358
  1.751700 seconds (71.44 k allocations: 90.159 MiB)
4875
  1.757341 seconds (39.80 k allocations: 50.201 MiB)
3361
  1.551130 seconds (39.80 k allocations: 50.201 MiB)
7868
  1.555344 seconds (31.81 k allocations: 40.127 MiB)
9366
  3.040399 seconds (26.87 k allocations: 33.865 MiB, 0.53% gc time)
  3.061095 seconds (38.48 k allocations: 48.827 MiB, 0.52% gc time)
  2.929504 seconds (19.02 k allocations: 23.944 MiB, 0.55% gc time)
  2.780886 seconds (11.15 k allocations: 14.041 MiB, 0.58% gc time)
  1.551680 seconds (3.33 k allocations: 4.209 MiB, 1.03% gc time)
6359
3362
7869
1859
4876
  1.539924 seconds (11.13 k allocations: 16.259 MiB)
7870
  1.571175 seconds (42.81 k allocations: 51.860 MiB)
9367
  1.634210 seconds (15.90 k allocations: 20.064 MiB)
1860
  1.653689 seconds (23.82 k allocations: 30.053 MiB)
  1.661608 seconds (27.20 k allocations: 36.601 MiB)
4877
6360
  1.665414 seconds (35.50 k allocations: 44.580 MiB)
3363
  1.547578 seconds (39.64 k allocations: 50.033 MiB)
7871
  1.546249 seconds (39.72 k allocations: 50.117 MiB)
9368
  1.512684 seconds (22.51 k allocations: 28.019 MiB)
4878
  1.551345 seconds (47.63 k allocations: 60.106 MiB)
1861
  1.546005 seconds (36.51 k allocations: 46.145 MiB)
6361
  1.547226 seconds (37.81 k allocations: 46.950 MiB)
3364
  1.539876 seconds (39.72 k allocations: 50.117 MiB)
7872
  1.565023 seconds (39.80 k allocations: 50.201 MiB)
9369
  1.541363 seconds (31.81 k allocations: 40.127 MiB)
1862
  1.541436 seconds (29.92 k allocations: 37.510 MiB)
6362
  1.742254 seconds (55.62 k allocations: 70.180 MiB)
4879
  1.755658 seconds (39.64 k allocations: 50.033 MiB)
3365
  1.538415 seconds (39.64 k allocations: 50.033 MiB)
7873
  2.010496 seconds (26.55 k allocations: 33.537 MiB, 0.87% gc time)
  1.993408 seconds (18.71 k allocations: 23.607 MiB, 0.88% gc time)
  2.072495 seconds (34.60 k allocations: 43.677 MiB, 0.84% gc time)
  1.827568 seconds (10.97 k allocations: 13.828 MiB, 0.96% gc time)
  1.772623 seconds (3.04 k allocations: 3.833 MiB, 0.99% gc time)
3366
1863
9370
6363
4880
  1.539433 seconds (31.91 k allocations: 38.825 MiB)
7874
  1.576421 seconds (7.99 k allocations: 10.074 MiB)
4881
  1.585473 seconds (14.33 k allocations: 18.463 MiB)
9371
  1.690532 seconds (23.82 k allocations: 30.053 MiB)
6364
  1.763173 seconds (52.12 k allocations: 65.740 MiB)
3367
  1.923641 seconds (39.72 k allocations: 50.117 MiB)
1864
  1.539779 seconds (39.64 k allocations: 50.033 MiB)
7875
  1.512284 seconds (38.84 k allocations: 48.514 MiB)
4882
  1.626620 seconds (39.64 k allocations: 50.033 MiB)
9372
  1.554208 seconds (39.56 k allocations: 49.949 MiB)
6365
  1.558323 seconds (39.64 k allocations: 50.033 MiB)
3368
  1.542867 seconds (39.64 k allocations: 50.033 MiB)
1865
  1.556482 seconds (39.64 k allocations: 50.033 MiB)
7876
  1.541406 seconds (23.82 k allocations: 30.053 MiB)
6366
  1.742356 seconds (47.63 k allocations: 60.106 MiB)
4883
  1.552052 seconds (31.81 k allocations: 40.127 MiB)
3369
  1.762185 seconds (55.62 k allocations: 70.180 MiB)
9373
  1.540426 seconds (39.80 k allocations: 50.201 MiB)
1866
  1.538128 seconds (39.80 k allocations: 50.201 MiB)
7877
  1.736513 seconds (22.23 k allocations: 27.207 MiB, 0.86% gc time)
  1.811686 seconds (38.09 k allocations: 47.241 MiB, 0.82% gc time)
  1.766660 seconds (30.23 k allocations: 37.272 MiB, 0.85% gc time)
  1.621810 seconds (14.46 k allocations: 17.452 MiB, 0.92% gc time)
  1.593055 seconds (6.57 k allocations: 7.539 MiB, 0.94% gc time)
1867
9374
6367
3370
4884
  1.540859 seconds (36.93 k allocations: 43.987 MiB)
7878
  1.543531 seconds (28.25 k allocations: 35.741 MiB)
1868
  1.547341 seconds (16.89 k allocations: 22.289 MiB)
  1.556925 seconds (34.08 k allocations: 42.970 MiB)
4885
9375
  1.585074 seconds (31.65 k allocations: 39.959 MiB)
6368
  1.586195 seconds (34.77 k allocations: 43.839 MiB)
3371
  1.522335 seconds (16.86 k allocations: 22.266 MiB)
  1.546359 seconds (39.72 k allocations: 50.117 MiB)
4886
7879
  1.546628 seconds (31.89 k allocations: 40.211 MiB)
9376
  1.545146 seconds (27.24 k allocations: 34.771 MiB)
6369
  1.548383 seconds (30.94 k allocations: 38.016 MiB)
3372
  1.750187 seconds (71.61 k allocations: 90.327 MiB)
1869
  1.540081 seconds (31.81 k allocations: 40.127 MiB)
7880
  1.546439 seconds (31.73 k allocations: 40.043 MiB)
9377
  1.544549 seconds (31.30 k allocations: 38.911 MiB)
6370
  1.743256 seconds (55.62 k allocations: 70.180 MiB)
4887
  1.544852 seconds (31.73 k allocations: 40.043 MiB)
1870
  1.759705 seconds (47.63 k allocations: 60.106 MiB)
3373
  1.539862 seconds (39.80 k allocations: 50.201 MiB)
7881
  1.544509 seconds (31.81 k allocations: 40.127 MiB)
6371
  3.069178 seconds (42.69 k allocations: 53.848 MiB, 0.57% gc time)
  2.809645 seconds (10.94 k allocations: 13.765 MiB, 0.62% gc time)
  2.900531 seconds (27.03 k allocations: 34.021 MiB, 0.60% gc time)
  2.881263 seconds (19.13 k allocations: 24.115 MiB, 0.60% gc time)
  1.552530 seconds (3.31 k allocations: 4.162 MiB, 1.12% gc time)
7882
9378
3374
1871
4888
  1.544729 seconds (31.13 k allocations: 37.963 MiB)
6372
  1.549657 seconds (28.94 k allocations: 35.097 MiB)
7883
  1.662962 seconds (16.20 k allocations: 21.586 MiB)
  1.663063 seconds (16.21 k allocations: 21.016 MiB)
9379
3375
  1.721603 seconds (31.65 k allocations: 39.959 MiB)
1872
  1.725861 seconds (35.56 k allocations: 44.650 MiB)
4889
  1.538123 seconds (31.73 k allocations: 40.043 MiB)
  1.546533 seconds (39.49 k allocations: 49.829 MiB)
7884
6373
  1.546744 seconds (32.49 k allocations: 42.054 MiB)
9380
  1.549626 seconds (34.40 k allocations: 43.470 MiB)
3376
  1.524612 seconds (31.89 k allocations: 40.211 MiB)
  1.546348 seconds (39.81 k allocations: 50.202 MiB)
4890
1873
  1.615435 seconds (31.73 k allocations: 40.043 MiB)
  1.628191 seconds (39.58 k allocations: 49.772 MiB)
6374
7885
  1.541751 seconds (35.20 k allocations: 44.808 MiB)
9381
  1.754705 seconds (39.64 k allocations: 50.033 MiB)
3377
  2.250363 seconds (31.81 k allocations: 40.127 MiB)
1874
  2.469393 seconds (47.33 k allocations: 59.154 MiB)
4891
  1.546675 seconds (23.98 k allocations: 30.222 MiB)
9382
  3.246994 seconds (42.46 k allocations: 52.979 MiB, 0.47% gc time)
  3.234864 seconds (35.05 k allocations: 44.148 MiB, 0.47% gc time)
  2.994908 seconds (19.02 k allocations: 23.931 MiB, 0.51% gc time)
  2.417821 seconds (11.17 k allocations: 14.068 MiB, 0.63% gc time)
  2.224005 seconds (5.22 k allocations: 8.604 MiB, 0.68% gc time)
6375
1875
3378
7886
4892
  1.539429 seconds (20.18 k allocations: 25.462 MiB)
6376
  1.550019 seconds (16.70 k allocations: 22.625 MiB)
3379
  1.595767 seconds (47.05 k allocations: 58.115 MiB)
  1.582546 seconds (16.77 k allocations: 22.700 MiB)
9383
1876
  1.712021 seconds (31.65 k allocations: 39.959 MiB)
7887
  1.722553 seconds (39.56 k allocations: 49.949 MiB)
4893
  1.538456 seconds (39.56 k allocations: 49.949 MiB)
6377
  1.546031 seconds (39.56 k allocations: 49.949 MiB)
3380
  1.542966 seconds (31.68 k allocations: 41.219 MiB)
9384
  1.546986 seconds (35.78 k allocations: 44.876 MiB)
1877
  1.517442 seconds (31.73 k allocations: 40.043 MiB)
4894
  1.546212 seconds (47.55 k allocations: 60.022 MiB)
7888
  1.540329 seconds (39.72 k allocations: 50.117 MiB)
6378
  1.550143 seconds (39.72 k allocations: 50.117 MiB)
3381
  1.547486 seconds (31.73 k allocations: 40.043 MiB)
  1.553016 seconds (36.47 k allocations: 46.650 MiB)
1878
9385
  1.560580 seconds (31.73 k allocations: 40.043 MiB)
7889
  1.749005 seconds (47.63 k allocations: 60.106 MiB)
4895
  1.539899 seconds (39.64 k allocations: 50.033 MiB)
6379
  2.090114 seconds (18.87 k allocations: 23.778 MiB, 0.89% gc time)
  2.127374 seconds (34.85 k allocations: 43.922 MiB, 0.88% gc time)
  1.944828 seconds (11.12 k allocations: 13.982 MiB, 0.96% gc time)
  2.088768 seconds (19.14 k allocations: 24.138 MiB, 0.89% gc time)
  1.770502 seconds (5.48 k allocations: 8.870 MiB, 1.05% gc time)
1879
9386
7890
3382
4896
  1.548627 seconds (32.78 k allocations: 39.654 MiB)
6380
  1.547115 seconds (7.63 k allocations: 10.927 MiB)
  1.550279 seconds (14.12 k allocations: 19.415 MiB)
7891
9387
  1.555408 seconds (23.89 k allocations: 30.137 MiB)
4897
  1.565709 seconds (31.81 k allocations: 40.127 MiB)
3383
  1.691268 seconds (39.80 k allocations: 50.201 MiB)
1880
  1.517839 seconds (15.60 k allocations: 19.112 MiB)
  1.538594 seconds (37.38 k allocations: 47.036 MiB)
4898
6381
  1.544868 seconds (40.80 k allocations: 52.441 MiB)
7892
  1.555997 seconds (31.81 k allocations: 40.127 MiB)
3384
  1.623857 seconds (55.32 k allocations: 69.228 MiB)
9388
  1.539112 seconds (39.72 k allocations: 50.117 MiB)
1881
  1.551559 seconds (31.81 k allocations: 40.127 MiB)
6382
  1.557489 seconds (31.81 k allocations: 40.127 MiB)
7893
  1.545945 seconds (31.81 k allocations: 40.127 MiB)
3385
  1.549405 seconds (23.98 k allocations: 30.222 MiB)
1882
  1.747771 seconds (64.23 k allocations: 82.110 MiB)
4899
  1.760057 seconds (47.79 k allocations: 60.274 MiB)
9389
  1.539339 seconds (39.88 k allocations: 50.285 MiB)
6383
  1.919830 seconds (30.57 k allocations: 37.625 MiB, 0.79% gc time)
  1.940035 seconds (38.52 k allocations: 47.671 MiB, 0.78% gc time)
  1.652910 seconds (6.72 k allocations: 7.525 MiB, 0.92% gc time)
  1.806330 seconds (22.81 k allocations: 27.786 MiB, 0.84% gc time)
  1.761313 seconds (14.90 k allocations: 17.849 MiB, 0.86% gc time)
9390
3386
1883
4900
7894
  1.551984 seconds (37.14 k allocations: 44.210 MiB)
6384
  1.564425 seconds (13.35 k allocations: 19.204 MiB)
4901
  1.586040 seconds (16.97 k allocations: 22.375 MiB)
3387
  1.585712 seconds (19.18 k allocations: 24.096 MiB)
7895
  1.596421 seconds (28.03 k allocations: 36.268 MiB)
9391
  1.759237 seconds (40.73 k allocations: 52.368 MiB)
1884
  1.537713 seconds (39.64 k allocations: 50.033 MiB)
  1.515752 seconds (32.11 k allocations: 41.079 MiB)
6385
4902
  1.543532 seconds (23.82 k allocations: 30.053 MiB)
9392
  1.555031 seconds (31.52 k allocations: 39.834 MiB)
7896
  1.699434 seconds (51.23 k allocations: 64.362 MiB)
3388
  1.537674 seconds (39.80 k allocations: 50.201 MiB)
1885
  1.538040 seconds (31.89 k allocations: 40.211 MiB)
6386
  1.542237 seconds (23.82 k allocations: 30.053 MiB)
  1.550346 seconds (29.47 k allocations: 37.692 MiB)
7897
9393
  1.745370 seconds (55.70 k allocations: 70.264 MiB)
4903
  1.537437 seconds (31.73 k allocations: 40.043 MiB)
1886
  1.756544 seconds (47.55 k allocations: 60.022 MiB)
3389
  1.541236 seconds (39.72 k allocations: 50.117 MiB)
6387
  1.546289 seconds (31.81 k allocations: 40.127 MiB)
7898
  2.892783 seconds (18.79 k allocations: 23.713 MiB, 0.81% gc time)
  3.036625 seconds (34.72 k allocations: 43.774 MiB, 0.77% gc time)
  2.905747 seconds (26.89 k allocations: 33.909 MiB, 0.81% gc time)
  2.684407 seconds (11.14 k allocations: 14.057 MiB, 0.88% gc time)
  1.562330 seconds (3.23 k allocations: 4.115 MiB, 1.50% gc time)
6388
1887
9394
3390
4904
  1.547670 seconds (21.97 k allocations: 27.285 MiB)
6389
  1.559017 seconds (38.10 k allocations: 45.772 MiB)
7899
  1.652876 seconds (15.95 k allocations: 21.331 MiB)
  1.653550 seconds (16.21 k allocations: 21.016 MiB)
1888
  1.653287 seconds (17.33 k allocations: 22.851 MiB)
9395
3391
  1.664845 seconds (39.72 k allocations: 50.117 MiB)
4905
  1.538520 seconds (31.81 k allocations: 40.127 MiB)
  1.546853 seconds (38.30 k allocations: 48.618 MiB)
7900
6390
  1.516684 seconds (15.98 k allocations: 20.148 MiB)
4906
  1.537791 seconds (31.31 k allocations: 39.606 MiB)
1889
  1.544591 seconds (37.61 k allocations: 46.740 MiB)
9396
  1.560365 seconds (47.63 k allocations: 60.106 MiB)
3392
  1.539804 seconds (31.65 k allocations: 39.959 MiB)
7901
  1.551189 seconds (39.64 k allocations: 50.033 MiB)
6391
  1.546966 seconds (23.82 k allocations: 30.053 MiB)
9397
  1.665950 seconds (37.77 k allocations: 47.441 MiB)
1890
  1.746561 seconds (55.23 k allocations: 69.143 MiB)
4907
  1.770218 seconds (39.88 k allocations: 50.285 MiB)
3393
  1.539247 seconds (39.88 k allocations: 50.285 MiB)
7902
  2.118843 seconds (38.25 k allocations: 47.400 MiB, 0.74% gc time)
  2.013409 seconds (30.31 k allocations: 37.361 MiB, 0.77% gc time)
  1.901385 seconds (22.41 k allocations: 27.395 MiB, 0.82% gc time)
  1.829212 seconds (14.49 k allocations: 17.442 MiB, 0.85% gc time)
  1.774881 seconds (6.62 k allocations: 7.561 MiB, 0.88% gc time)
6392
9398
1891
3394
4908
  1.541866 seconds (37.72 k allocations: 44.852 MiB)
7903
  1.569774 seconds (8.89 k allocations: 12.219 MiB)
3395
  1.595177 seconds (15.98 k allocations: 20.148 MiB)
4909
  1.673988 seconds (25.27 k allocations: 32.757 MiB)
1892
  1.680185 seconds (28.61 k allocations: 36.871 MiB)
9399
  1.731660 seconds (43.48 k allocations: 56.387 MiB)
6393
  1.537059 seconds (39.72 k allocations: 50.117 MiB)
7904
  1.516071 seconds (31.73 k allocations: 40.043 MiB)
4910
  1.548143 seconds (40.06 k allocations: 51.112 MiB)
3396
  1.537420 seconds (34.48 k allocations: 44.077 MiB)
1893
  1.602950 seconds (39.64 k allocations: 50.033 MiB)
  1.554056 seconds (32.03 k allocations: 40.995 MiB)
9400
6394
  1.537389 seconds (39.64 k allocations: 50.033 MiB)
7905
  1.557731 seconds (31.81 k allocations: 40.127 MiB)
3397
  1.539005 seconds (31.81 k allocations: 40.127 MiB)
1894
  1.547005 seconds (23.82 k allocations: 30.053 MiB)
6395
  1.748690 seconds (56.26 k allocations: 72.056 MiB)
4911
  1.762284 seconds (39.72 k allocations: 50.117 MiB)
9401
  1.538974 seconds (39.64 k allocations: 50.033 MiB)
7906
  1.539340 seconds (31.73 k allocations: 40.043 MiB)
1895
  3.027813 seconds (42.71 k allocations: 53.860 MiB, 0.51% gc time)
  2.875149 seconds (26.86 k allocations: 33.845 MiB, 0.54% gc time)
  2.840908 seconds (19.06 k allocations: 23.961 MiB, 0.55% gc time)
  2.658672 seconds (11.29 k allocations: 14.212 MiB, 0.59% gc time)
  1.558685 seconds (3.48 k allocations: 4.366 MiB, 1.00% gc time)
7907
3398
6396
9402
4912
  1.541310 seconds (32.69 k allocations: 39.616 MiB)
1896
  1.540646 seconds (26.04 k allocations: 32.202 MiB)
7908
  1.654712 seconds (15.91 k allocations: 20.064 MiB)
  1.654501 seconds (16.29 k allocations: 21.100 MiB)
6397
9403
  1.662326 seconds (31.80 k allocations: 40.127 MiB)
4913
  1.672759 seconds (37.59 k allocations: 49.178 MiB)
3399
  1.539322 seconds (33.72 k allocations: 43.303 MiB)
1897
  1.542981 seconds (37.23 k allocations: 46.359 MiB)
7909
  1.526308 seconds (20.48 k allocations: 25.964 MiB)
4914
  1.547661 seconds (39.67 k allocations: 50.026 MiB)
6398
  1.549840 seconds (40.26 k allocations: 50.727 MiB)
9404
  1.544010 seconds (38.24 k allocations: 47.384 MiB)
3400
  1.538741 seconds (37.62 k allocations: 47.280 MiB)
1898
  1.542903 seconds (39.72 k allocations: 50.117 MiB)
7910
  1.555522 seconds (25.54 k allocations: 33.033 MiB)
  1.553680 seconds (22.70 k allocations: 28.863 MiB)
6399
9405
  1.556795 seconds (30.86 k allocations: 37.934 MiB)
3401
  1.748147 seconds (63.69 k allocations: 80.337 MiB)
4915
  1.539113 seconds (39.72 k allocations: 49.838 MiB)
1899
  2.118555 seconds (38.56 k allocations: 47.711 MiB, 1.04% gc time)
  1.971711 seconds (24.97 k allocations: 31.210 MiB, 1.12% gc time)
  1.959857 seconds (14.70 k allocations: 17.585 MiB, 1.12% gc time)
  1.967654 seconds (21.75 k allocations: 26.083 MiB, 1.12% gc time)
  1.789180 seconds (6.97 k allocations: 7.985 MiB, 1.23% gc time)
7911
6400
3402
4916
9406
  1.551050 seconds (36.91 k allocations: 43.968 MiB)
1900
  1.557778 seconds (13.96 k allocations: 18.602 MiB)
  1.560884 seconds (21.16 k allocations: 28.615 MiB)
4917
6401
  1.566739 seconds (23.82 k allocations: 30.053 MiB)
9407
  1.661780 seconds (34.06 k allocations: 44.873 MiB)
7912
  1.710586 seconds (39.80 k allocations: 50.201 MiB)
3403
  1.516678 seconds (24.69 k allocations: 32.175 MiB)
4918
  1.556041 seconds (31.81 k allocations: 40.127 MiB)
6402
  1.555975 seconds (31.81 k allocations: 40.127 MiB)
9408
  1.543919 seconds (31.81 k allocations: 40.127 MiB)
7913
  1.713684 seconds (71.69 k allocations: 90.411 MiB)
1901
  1.712644 seconds (39.80 k allocations: 50.201 MiB)
3404
  1.546046 seconds (31.81 k allocations: 40.127 MiB)
6403
  1.545222 seconds (31.73 k allocations: 40.043 MiB)
9409
  1.540663 seconds (31.73 k allocations: 40.043 MiB)
7914
  1.539544 seconds (31.81 k allocations: 40.127 MiB)
1902
  1.760878 seconds (71.61 k allocations: 90.327 MiB)
4919
  1.759507 seconds (39.72 k allocations: 50.117 MiB)
3405
  1.546094 seconds (39.72 k allocations: 50.117 MiB)
6404
  2.162449 seconds (34.61 k allocations: 43.677 MiB, 0.87% gc time)
  2.093266 seconds (26.68 k allocations: 33.653 MiB, 0.90% gc time)
  2.049998 seconds (18.84 k allocations: 23.728 MiB, 0.92% gc time)
  2.005463 seconds (11.03 k allocations: 13.913 MiB, 0.94% gc time)
  1.649688 seconds (3.23 k allocations: 4.150 MiB, 1.14% gc time)
7915
1903
9410
3406
4920
  1.548296 seconds (5.75 k allocations: 9.541 MiB)
  1.559151 seconds (36.17 k allocations: 43.807 MiB)
3407
6405
  1.580569 seconds (15.82 k allocations: 19.980 MiB)
4921
  1.703438 seconds (23.74 k allocations: 29.970 MiB)
1904
  1.722165 seconds (32.23 k allocations: 41.782 MiB)
7916
  1.726014 seconds (37.76 k allocations: 46.891 MiB)
9411
  1.547688 seconds (31.73 k allocations: 40.043 MiB)
3408
  1.516823 seconds (31.51 k allocations: 38.598 MiB)
  1.555167 seconds (39.84 k allocations: 50.596 MiB)
4922
6406
  1.537536 seconds (39.64 k allocations: 50.033 MiB)
1905
  1.550858 seconds (38.04 k allocations: 47.706 MiB)
  1.545455 seconds (32.11 k allocations: 41.079 MiB)
7917
9412
  1.549521 seconds (23.98 k allocations: 30.222 MiB)
6407
  1.551137 seconds (9.55 k allocations: 12.883 MiB)
7918
  1.761463 seconds (54.93 k allocations: 68.191 MiB)
3409
  1.762350 seconds (47.17 k allocations: 58.421 MiB)
4923
  1.703610 seconds (47.79 k allocations: 60.274 MiB)
1906
  1.772199 seconds (39.72 k allocations: 50.117 MiB)
9413
  1.546832 seconds (39.64 k allocations: 50.033 MiB)
6408
  2.017019 seconds (38.23 k allocations: 47.382 MiB, 1.40% gc time)
  1.894077 seconds (14.46 k allocations: 17.355 MiB, 1.49% gc time)
  1.974891 seconds (22.45 k allocations: 27.406 MiB, 1.43% gc time)
  1.985687 seconds (30.18 k allocations: 36.705 MiB, 1.43% gc time)
  1.789503 seconds (6.85 k allocations: 7.836 MiB, 1.58% gc time)
7919
1907
9414
3410
4924
  1.548987 seconds (37.89 k allocations: 45.022 MiB)
6409
  1.572638 seconds (9.01 k allocations: 12.337 MiB)
7920
  1.573438 seconds (8.95 k allocations: 11.748 MiB)
4925
  1.581398 seconds (22.83 k allocations: 29.049 MiB)
1908
  1.605294 seconds (31.73 k allocations: 40.043 MiB)
3411
  1.786560 seconds (39.75 k allocations: 51.375 MiB)
9415
  1.547565 seconds (39.72 k allocations: 50.117 MiB)
6410
  1.517330 seconds (31.50 k allocations: 39.174 MiB)
4926
  1.547933 seconds (40.74 k allocations: 52.147 MiB)
  1.539287 seconds (32.27 k allocations: 41.247 MiB)
7921
1909
  1.547258 seconds (39.72 k allocations: 50.117 MiB)
3412
  1.561793 seconds (39.64 k allocations: 50.033 MiB)
9416
  1.549045 seconds (39.56 k allocations: 49.949 MiB)
6411
  1.539058 seconds (23.82 k allocations: 30.054 MiB)
7922
  1.539731 seconds (24.43 k allocations: 31.386 MiB)
1910
  1.550818 seconds (31.89 k allocations: 40.211 MiB)
3413
  1.754881 seconds (63.53 k allocations: 80.169 MiB)
4927
  1.546290 seconds (39.80 k allocations: 50.201 MiB)
9417
  1.557757 seconds (39.72 k allocations: 50.117 MiB)
6412
  1.539709 seconds (33.09 k allocations: 42.654 MiB)
7923
  3.062925 seconds (26.63 k allocations: 33.623 MiB, 0.63% gc time)
  3.111146 seconds (34.62 k allocations: 43.669 MiB, 0.62% gc time)
  2.924598 seconds (18.88 k allocations: 23.763 MiB, 0.66% gc time)
  2.864728 seconds (11.10 k allocations: 13.994 MiB, 0.67% gc time)
  1.575556 seconds (3.27 k allocations: 4.119 MiB, 1.22% gc time)
6413
9418
1911
4928
3414
  1.541573 seconds (31.87 k allocations: 38.720 MiB)
7924
  1.549984 seconds (28.18 k allocations: 35.571 MiB)
6414
  1.652732 seconds (16.24 k allocations: 21.627 MiB)
  1.651301 seconds (16.21 k allocations: 21.017 MiB)
9419
  1.654007 seconds (16.27 k allocations: 21.067 MiB)
3415
1912
  1.665775 seconds (39.72 k allocations: 50.117 MiB)
4929
  1.537677 seconds (39.72 k allocations: 50.117 MiB)
7925
  1.557551 seconds (39.80 k allocations: 50.201 MiB)
6415
  1.515276 seconds (15.90 k allocations: 20.064 MiB)
4930
  1.547312 seconds (31.96 k allocations: 41.508 MiB)
3416
  1.549176 seconds (33.80 k allocations: 42.855 MiB)
1913
  1.634938 seconds (49.73 k allocations: 63.472 MiB)
9420
  1.540712 seconds (39.64 k allocations: 50.033 MiB)
7926
  1.547694 seconds (39.64 k allocations: 50.033 MiB)
6416
  1.538704 seconds (23.82 k allocations: 30.053 MiB)
1914
  1.550043 seconds (32.54 k allocations: 40.871 MiB)
3417
  1.747622 seconds (55.46 k allocations: 70.012 MiB)
4931
  1.760403 seconds (39.64 k allocations: 50.033 MiB)
9421
  1.537789 seconds (39.72 k allocations: 50.117 MiB)
7927
  2.047389 seconds (38.26 k allocations: 47.415 MiB, 0.77% gc time)
  1.949065 seconds (30.03 k allocations: 36.426 MiB, 0.80% gc time)
  1.940328 seconds (22.58 k allocations: 27.558 MiB, 0.81% gc time)
  1.641234 seconds (6.70 k allocations: 7.586 MiB, 0.95% gc time)
  1.761563 seconds (14.82 k allocations: 17.903 MiB, 0.89% gc time)
6417
3418
9422
1915
4932
  1.547305 seconds (37.62 k allocations: 44.698 MiB)
7928
  1.549296 seconds (23.26 k allocations: 29.317 MiB)
6418
  1.559392 seconds (17.93 k allocations: 24.584 MiB)
4933
  1.578759 seconds (23.82 k allocations: 30.054 MiB)
9423
  1.580373 seconds (27.28 k allocations: 34.283 MiB)
1916
  1.586762 seconds (31.72 k allocations: 40.744 MiB)
3419
  1.504222 seconds (38.51 k allocations: 48.178 MiB)
7929
  1.516346 seconds (31.64 k allocations: 39.959 MiB)
4934
  1.546580 seconds (47.47 k allocations: 59.938 MiB)
6419
  1.539549 seconds (25.43 k allocations: 32.925 MiB)
1917
  1.546548 seconds (34.68 k allocations: 44.255 MiB)
9424
  1.557890 seconds (39.72 k allocations: 50.117 MiB)
3420
  1.540378 seconds (39.80 k allocations: 50.201 MiB)
7930
  1.548187 seconds (31.97 k allocations: 40.295 MiB)
6420
  1.546886 seconds (23.90 k allocations: 30.137 MiB)
9425
  1.675856 seconds (31.81 k allocations: 40.127 MiB)
1918
  1.747829 seconds (63.61 k allocations: 80.253 MiB)
4935
  1.689512 seconds (39.64 k allocations: 50.033 MiB)
3421
  1.572516 seconds (39.64 k allocations: 50.033 MiB)
7931
  1.557305 seconds (39.72 k allocations: 50.117 MiB)
6421
  2.945859 seconds (26.95 k allocations: 33.959 MiB, 1.29% gc time)
  3.074144 seconds (34.93 k allocations: 43.996 MiB, 1.23% gc time)
  2.928709 seconds (19.20 k allocations: 24.115 MiB, 1.29% gc time)
  2.914078 seconds (11.34 k allocations: 14.257 MiB, 1.30% gc time)
  1.585311 seconds (3.41 k allocations: 4.269 MiB, 2.39% gc time)
7932
1919
9426
3422
4936
  1.546519 seconds (34.30 k allocations: 41.197 MiB)
6422
  1.583430 seconds (7.99 k allocations: 10.074 MiB)
4937
  1.656079 seconds (15.91 k allocations: 20.064 MiB)
1920
  1.659315 seconds (17.78 k allocations: 22.671 MiB)
9427
  1.660521 seconds (21.20 k allocations: 26.797 MiB)
3423
  1.670948 seconds (37.25 k allocations: 47.612 MiB)
7933
  1.545012 seconds (39.72 k allocations: 50.117 MiB)
6423
  1.511753 seconds (39.72 k allocations: 50.117 MiB)
4938
  1.543973 seconds (24.16 k allocations: 30.978 MiB)
9428
  1.550802 seconds (23.82 k allocations: 30.053 MiB)
  1.558195 seconds (30.00 k allocations: 38.227 MiB)
7934
3424
  1.751427 seconds (54.84 k allocations: 69.911 MiB)
1921
  1.547625 seconds (39.80 k allocations: 50.201 MiB)
6424
  1.545734 seconds (31.81 k allocations: 40.127 MiB)
9429
  1.543757 seconds (23.63 k allocations: 28.632 MiB)
7935
  1.751773 seconds (55.62 k allocations: 70.180 MiB)
4939
  1.759375 seconds (39.64 k allocations: 50.033 MiB)
3425
  1.755559 seconds (39.72 k allocations: 50.117 MiB)
1922
  1.565317 seconds (39.72 k allocations: 50.117 MiB)
6425
  1.955741 seconds (30.51 k allocations: 37.579 MiB, 0.79% gc time)
  1.964215 seconds (38.10 k allocations: 46.578 MiB, 0.79% gc time)
  1.737846 seconds (14.66 k allocations: 17.535 MiB, 0.89% gc time)
  1.868299 seconds (22.77 k allocations: 27.809 MiB, 0.83% gc time)
  1.554799 seconds (6.97 k allocations: 7.940 MiB, 0.99% gc time)
3426
9430
1923
7936
4940
  1.538634 seconds (7.76 k allocations: 11.587 MiB)
1924
  1.559837 seconds (41.34 k allocations: 49.193 MiB)
6426
  1.558725 seconds (15.82 k allocations: 19.980 MiB)
4941
  1.584632 seconds (28.42 k allocations: 38.414 MiB)
3427
  1.586834 seconds (28.88 k allocations: 37.131 MiB)
9431
  1.696343 seconds (39.64 k allocations: 50.033 MiB)
7937
  1.512004 seconds (23.90 k allocations: 30.137 MiB)
4942
  1.537381 seconds (36.88 k allocations: 47.231 MiB)
1925
  1.547347 seconds (47.71 k allocations: 60.190 MiB)
6427
  1.551370 seconds (36.69 k allocations: 46.327 MiB)
  1.546726 seconds (32.27 k allocations: 41.247 MiB)
3428
9432
  1.543669 seconds (39.88 k allocations: 50.285 MiB)
7938
  1.557527 seconds (23.98 k allocations: 30.222 MiB)
6428
  1.548101 seconds (15.90 k allocations: 20.064 MiB)
3429
  1.557725 seconds (23.90 k allocations: 30.137 MiB)
9433
  1.542869 seconds (23.82 k allocations: 30.053 MiB)
7939
  1.744616 seconds (65.18 k allocations: 83.074 MiB)
4943
  1.752888 seconds (71.60 k allocations: 90.327 MiB)
1926
  1.556426 seconds (39.64 k allocations: 50.033 MiB)
6429
  1.561490 seconds (39.64 k allocations: 50.033 MiB)
3430
  2.998270 seconds (26.70 k allocations: 33.694 MiB, 0.63% gc time)
  2.956500 seconds (10.93 k allocations: 13.756 MiB, 0.63% gc time)
  3.093755 seconds (34.77 k allocations: 43.848 MiB, 0.61% gc time)
  2.966836 seconds (18.69 k allocations: 23.051 MiB, 0.63% gc time)
  1.572159 seconds (3.27 k allocations: 4.197 MiB, 1.19% gc time)
6430
7940
1927
9434
4944
  1.551894 seconds (22.60 k allocations: 27.933 MiB)
6431
  1.634903 seconds (7.91 k allocations: 9.990 MiB)
1928
  1.659653 seconds (16.03 k allocations: 21.411 MiB)
7941
  1.660869 seconds (19.68 k allocations: 24.620 MiB)
4945
  1.680689 seconds (31.65 k allocations: 39.959 MiB)
9435
  1.757702 seconds (71.86 k allocations: 89.175 MiB)
3431
  1.546281 seconds (39.56 k allocations: 49.949 MiB)
6432
  1.539579 seconds (39.64 k allocations: 50.033 MiB)
1929
  1.524424 seconds (31.73 k allocations: 40.043 MiB)
4946
  1.542022 seconds (43.66 k allocations: 55.356 MiB)
7942
  1.548029 seconds (39.64 k allocations: 50.033 MiB)
9436
  1.549522 seconds (39.72 k allocations: 50.117 MiB)
3432
  1.547384 seconds (39.72 k allocations: 50.117 MiB)
6433
  1.543451 seconds (23.90 k allocations: 30.137 MiB)
7943
  1.546178 seconds (23.90 k allocations: 30.137 MiB)
9437
  1.699655 seconds (55.62 k allocations: 70.180 MiB)
1930
  1.743516 seconds (55.70 k allocations: 70.264 MiB)
4947
  1.759789 seconds (39.80 k allocations: 50.201 MiB)
3433
  1.548045 seconds (39.80 k allocations: 50.201 MiB)
6434
  1.957149 seconds (34.68 k allocations: 43.763 MiB, 1.20% gc time)
  1.921857 seconds (26.83 k allocations: 33.808 MiB, 1.22% gc time)
  1.824980 seconds (18.92 k allocations: 23.840 MiB, 1.28% gc time)
  1.649299 seconds (3.15 k allocations: 3.992 MiB, 1.42% gc time)
  1.767028 seconds (11.17 k allocations: 14.193 MiB, 1.32% gc time)
7944
1931
9438
3434
4948
  1.543421 seconds (34.11 k allocations: 41.001 MiB)
6435
  1.592137 seconds (15.52 k allocations: 19.028 MiB)
9439
  1.694853 seconds (23.44 k allocations: 29.018 MiB)
7945
  1.833489 seconds (31.34 k allocations: 39.007 MiB)
1932
  2.200757 seconds (31.64 k allocations: 39.959 MiB)
4949
  2.398245 seconds (47.17 k allocations: 58.986 MiB)
3435
  1.542238 seconds (39.56 k allocations: 49.949 MiB)
6436
  1.541360 seconds (39.56 k allocations: 49.949 MiB)
9440
  1.741507 seconds (31.64 k allocations: 39.959 MiB)
1933
  1.603980 seconds (31.64 k allocations: 39.959 MiB)
4950
  1.543898 seconds (23.73 k allocations: 29.969 MiB)
6437
  2.352720 seconds (39.56 k allocations: 49.949 MiB)
3436
  3.071880 seconds (71.20 k allocations: 89.907 MiB)
7946
  1.769041 seconds (39.64 k allocations: 50.033 MiB)
9441
  1.762943 seconds (39.64 k allocations: 50.033 MiB)
1934
  1.554771 seconds (31.73 k allocations: 40.043 MiB)
  2.352721 seconds (39.65 k allocations: 50.034 MiB)
6438
  2.617756 seconds (30.76 k allocations: 38.473 MiB, 0.62% gc time)
  1.993259 seconds (7.10 k allocations: 8.550 MiB, 0.82% gc time)
  2.587187 seconds (22.91 k allocations: 28.524 MiB, 0.63% gc time)
  2.469044 seconds (14.94 k allocations: 18.472 MiB, 0.66% gc time)
4951
7947
3437
9442
1935
  1.527561 seconds (34.84 k allocations: 41.801 MiB)
6439
  1.546734 seconds (32.16 k allocations: 39.675 MiB)
4952
  1.686125 seconds (18.68 k allocations: 25.341 MiB)
7948
  1.685877 seconds (21.90 k allocations: 26.880 MiB)
1936
  1.817820 seconds (32.50 k allocations: 42.050 MiB)
3438
  1.903969 seconds (39.72 k allocations: 50.117 MiB)
9443
  1.543892 seconds (39.72 k allocations: 50.117 MiB)
  1.520343 seconds (32.11 k allocations: 41.079 MiB)
6440
4953
  1.544073 seconds (38.30 k allocations: 47.974 MiB)
  1.539110 seconds (32.27 k allocations: 41.247 MiB)
7949
1937
  1.545635 seconds (39.80 k allocations: 50.201 MiB)
3439
  1.545592 seconds (39.88 k allocations: 50.285 MiB)
9444
  1.545533 seconds (32.99 k allocations: 42.556 MiB)
6441
  1.551457 seconds (24.66 k allocations: 32.138 MiB)
7950
  1.752463 seconds (47.79 k allocations: 60.274 MiB)
4954
  1.549503 seconds (31.81 k allocations: 40.127 MiB)
3440
  1.747911 seconds (47.71 k allocations: 60.190 MiB)
1938
  1.551910 seconds (39.72 k allocations: 50.117 MiB)
9445
  1.566988 seconds (39.72 k allocations: 50.117 MiB)
6442
  1.542808 seconds (39.64 k allocations: 50.033 MiB)
7951
  2.759827 seconds (18.86 k allocations: 23.788 MiB, 0.75% gc time)  2.926235 seconds (34.74 k allocations: 43.803 MiB, 0.70% gc time)

  1.562882 seconds (3.20 k allocations: 3.884 MiB, 1.32% gc time)
  2.824620 seconds (26.91 k allocations: 33.877 MiB, 0.73% gc time)
  2.735895 seconds (11.04 k allocations: 13.846 MiB, 0.75% gc time)
6443
9446
3441
4955
1939
  1.551704 seconds (33.56 k allocations: 40.439 MiB)
7952
  1.567728 seconds (16.42 k allocations: 23.579 MiB)
6444
  1.656311 seconds (16.47 k allocations: 21.867 MiB)
9447
  1.660303 seconds (20.76 k allocations: 25.714 MiB)
4956
  1.826230 seconds (31.81 k allocations: 40.127 MiB)
3442
  1.871675 seconds (39.72 k allocations: 50.117 MiB)
1940
  1.542286 seconds (39.72 k allocations: 50.117 MiB)
7953
  1.547046 seconds (39.72 k allocations: 50.117 MiB)
6445
  1.512844 seconds (31.89 k allocations: 40.211 MiB)
4957
  1.546747 seconds (45.05 k allocations: 56.769 MiB)
9448
  1.546957 seconds (31.89 k allocations: 40.211 MiB)
1941
  1.751163 seconds (47.79 k allocations: 60.274 MiB)
3443
  1.510620 seconds (39.72 k allocations: 50.117 MiB)
7954
  1.550395 seconds (39.64 k allocations: 50.033 MiB)
6446
  1.744467 seconds (39.64 k allocations: 50.033 MiB)
4958
  1.767916 seconds (39.56 k allocations: 49.949 MiB)
9449
  1.619986 seconds (39.64 k allocations: 50.033 MiB)
1942
  1.549813 seconds (39.72 k allocations: 50.117 MiB)
3444
  1.543896 seconds (39.80 k allocations: 50.201 MiB)
7955
  2.114990 seconds (38.33 k allocations: 47.476 MiB, 1.33% gc time)
  1.800366 seconds (22.47 k allocations: 27.448 MiB, 1.57% gc time)
  1.724931 seconds (14.57 k allocations: 17.464 MiB, 1.64% gc time)
  1.843668 seconds (30.66 k allocations: 37.799 MiB, 1.53% gc time)
  1.644029 seconds (6.75 k allocations: 7.674 MiB, 1.72% gc time)
9450
6447
3445
1943
4959
  1.543765 seconds (37.24 k allocations: 44.315 MiB)
7956
  1.572157 seconds (11.07 k allocations: 16.887 MiB)
6448
  1.584533 seconds (15.90 k allocations: 20.064 MiB)
1944
  1.649942 seconds (23.82 k allocations: 30.054 MiB)
3446
  1.789595 seconds (31.73 k allocations: 40.043 MiB)
4960
  1.799037 seconds (34.03 k allocations: 44.310 MiB)
9451
  1.543980 seconds (39.64 k allocations: 50.033 MiB)
7957
  1.545496 seconds (39.56 k allocations: 49.949 MiB)
6449
  1.563446 seconds (31.73 k allocations: 40.043 MiB)
3447
  1.522760 seconds (25.55 k allocations: 33.046 MiB)
4961
  1.737265 seconds (52.97 k allocations: 66.255 MiB)
1945
  1.550209 seconds (39.88 k allocations: 50.285 MiB)
9452
  1.512110 seconds (39.88 k allocations: 50.285 MiB)
7958
  1.547864 seconds (39.88 k allocations: 50.285 MiB)
6450
  1.530142 seconds (30.56 k allocations: 38.163 MiB)
4962
  1.542841 seconds (31.81 k allocations: 40.127 MiB)
1946
  1.668616 seconds (55.78 k allocations: 70.348 MiB)
3448
  1.564521 seconds (39.88 k allocations: 50.285 MiB)
9453
  1.543498 seconds (39.80 k allocations: 50.201 MiB)
7959
  1.544105 seconds (39.80 k allocations: 50.201 MiB)
6451
  2.798144 seconds (10.79 k allocations: 13.627 MiB, 0.78% gc time)
  2.862904 seconds (34.76 k allocations: 43.823 MiB, 0.77% gc time)
  2.842026 seconds (26.84 k allocations: 33.823 MiB, 0.77% gc time)
  2.827285 seconds (18.96 k allocations: 23.891 MiB, 0.78% gc time)
  1.570453 seconds (3.14 k allocations: 3.946 MiB, 1.40% gc time)
7960
9454
3449
1947
4963
  1.546131 seconds (33.23 k allocations: 40.116 MiB)
6452
  1.560307 seconds (17.41 k allocations: 24.577 MiB)
7961
  1.639616 seconds (15.90 k allocations: 20.064 MiB)
1948
  1.648520 seconds (20.42 k allocations: 26.582 MiB)
3450
  1.648288 seconds (25.47 k allocations: 32.438 MiB)
4964
  1.669321 seconds (40.77 k allocations: 52.405 MiB)
9455
  1.552685 seconds (39.72 k allocations: 50.117 MiB)
6453
  1.542234 seconds (39.72 k allocations: 50.117 MiB)
7962
  1.512692 seconds (23.90 k allocations: 30.137 MiB)
4965
  1.548920 seconds (33.83 k allocations: 43.410 MiB)
3451
  1.563252 seconds (31.73 k allocations: 40.043 MiB)
9456
  1.677114 seconds (59.28 k allocations: 74.494 MiB)
1949
  1.546867 seconds (39.72 k allocations: 50.117 MiB)
6454
  1.544433 seconds (39.64 k allocations: 50.032 MiB)
7963
  1.550900 seconds (31.73 k allocations: 40.043 MiB)
3452
  1.767160 seconds (47.63 k allocations: 60.106 MiB)
4966
  1.662824 seconds (31.81 k allocations: 40.127 MiB)
1950
  1.758813 seconds (43.91 k allocations: 55.087 MiB)
9457
  1.542764 seconds (39.42 k allocations: 49.165 MiB)
6455
  2.067830 seconds (38.34 k allocations: 47.487 MiB, 0.79% gc time)
  1.959315 seconds (30.41 k allocations: 37.456 MiB, 0.84% gc time)
  1.720677 seconds (11.90 k allocations: 14.044 MiB, 0.95% gc time)
  1.713998 seconds (6.69 k allocations: 7.553 MiB, 0.96% gc time)
  1.771728 seconds (22.72 k allocations: 27.865 MiB, 0.93% gc time)
3453
9458
1951
7964
4967
  1.545832 seconds (36.88 k allocations: 43.944 MiB)
6456
  1.549171 seconds (9.52 k allocations: 12.852 MiB)
4968
  1.573423 seconds (15.82 k allocations: 19.980 MiB)
1952
  1.678755 seconds (23.73 k allocations: 29.969 MiB)
7965
  1.796650 seconds (31.84 k allocations: 41.380 MiB)
9459
  1.807720 seconds (41.83 k allocations: 54.717 MiB)
3454
  1.513373 seconds (31.81 k allocations: 40.127 MiB)
4969
  1.544660 seconds (47.63 k allocations: 60.106 MiB)
6457
  1.547843 seconds (39.72 k allocations: 50.117 MiB)
1953
  1.544302 seconds (39.64 k allocations: 50.033 MiB)
7966
  1.548046 seconds (31.73 k allocations: 40.043 MiB)
3455
  1.567115 seconds (47.25 k allocations: 59.070 MiB)
9460
  1.542273 seconds (31.81 k allocations: 40.127 MiB)
6458
  1.542187 seconds (23.82 k allocations: 30.053 MiB)
7967
  1.742618 seconds (55.62 k allocations: 70.180 MiB)
4970
  1.748814 seconds (47.71 k allocations: 60.190 MiB)
1954
  1.567678 seconds (31.73 k allocations: 40.043 MiB)
9461
  1.757419 seconds (47.33 k allocations: 59.154 MiB)
3456
  1.544322 seconds (39.80 k allocations: 50.201 MiB)
6459
  1.559778 seconds (39.72 k allocations: 50.117 MiB)
7968
  2.870485 seconds (26.70 k allocations: 33.700 MiB, 1.10% gc time)
  2.811802 seconds (18.79 k allocations: 23.686 MiB, 1.12% gc time)
  2.940652 seconds (34.79 k allocations: 43.888 MiB, 1.07% gc time)
  2.630342 seconds (11.03 k allocations: 13.921 MiB, 1.20% gc time)
  1.571582 seconds (3.21 k allocations: 4.098 MiB, 2.01% gc time)
1955
6460
9462
3457
4971
  1.553348 seconds (34.21 k allocations: 41.181 MiB)
7969
  1.584330 seconds (10.42 k allocations: 16.223 MiB)
6461
  1.645742 seconds (15.91 k allocations: 20.064 MiB)
3458
  1.662216 seconds (23.90 k allocations: 30.137 MiB)
4972
  1.723229 seconds (33.52 k allocations: 43.103 MiB)
1956
  1.903814 seconds (39.72 k allocations: 50.117 MiB)
9463
  1.544488 seconds (39.64 k allocations: 50.033 MiB)
7970
  1.546644 seconds (39.72 k allocations: 50.117 MiB)
6462
  1.525971 seconds (31.81 k allocations: 40.127 MiB)
4973
  1.540962 seconds (31.81 k allocations: 40.127 MiB)
1957
  1.771518 seconds (55.62 k allocations: 70.180 MiB)
3459
  1.551062 seconds (39.80 k allocations: 50.201 MiB)
9464
  1.553087 seconds (39.72 k allocations: 50.117 MiB)
7971
  1.558097 seconds (39.72 k allocations: 50.117 MiB)
6463
  1.744126 seconds (39.80 k allocations: 50.201 MiB)
4974
  1.547359 seconds (31.89 k allocations: 40.211 MiB)
3460
  1.748671 seconds (47.71 k allocations: 60.190 MiB)
1958
  1.560841 seconds (38.09 k allocations: 47.241 MiB)
9465
  1.550266 seconds (39.72 k allocations: 50.117 MiB)
7972
  1.752353 seconds (22.08 k allocations: 27.042 MiB, 2.00% gc time)
  2.033754 seconds (37.94 k allocations: 47.077 MiB, 1.72% gc time)
  1.708054 seconds (12.62 k allocations: 14.758 MiB, 2.05% gc time)
  1.700493 seconds (6.45 k allocations: 7.296 MiB, 2.06% gc time)
  1.780545 seconds (30.30 k allocations: 37.470 MiB, 1.97% gc time)
3461
9466
1959
6464
4975
  1.544802 seconds (37.80 k allocations: 44.937 MiB)
7973
  1.559890 seconds (7.99 k allocations: 10.074 MiB)
6465
  1.588772 seconds (15.99 k allocations: 20.148 MiB)
4976
  1.603095 seconds (24.44 k allocations: 31.916 MiB)
3462
  1.716162 seconds (31.98 k allocations: 41.536 MiB)
1960
  1.798306 seconds (39.72 k allocations: 50.117 MiB)
9467
  1.544167 seconds (39.64 k allocations: 50.033 MiB)
7974
  1.513318 seconds (31.64 k allocations: 39.959 MiB)
4977
  1.544878 seconds (42.50 k allocations: 53.653 MiB)
6466
  1.551113 seconds (31.64 k allocations: 39.959 MiB)
1961
  1.702122 seconds (47.47 k allocations: 59.938 MiB)
3463
  1.561791 seconds (39.64 k allocations: 50.033 MiB)
9468
  1.543068 seconds (39.72 k allocations: 50.117 MiB)
7975
  1.549347 seconds (31.89 k allocations: 40.211 MiB)
6467
  1.744176 seconds (42.82 k allocations: 54.509 MiB)
4978
  1.550638 seconds (23.82 k allocations: 30.053 MiB)
9469
  1.694311 seconds (47.71 k allocations: 60.190 MiB)
1962
  1.763151 seconds (47.63 k allocations: 60.106 MiB)
3464
  1.542201 seconds (39.64 k allocations: 50.033 MiB)
7976
  1.544453 seconds (39.64 k allocations: 50.033 MiB)
6468
  2.897558 seconds (34.62 k allocations: 43.696 MiB, 0.99% gc time)
  2.834209 seconds (26.79 k allocations: 33.761 MiB, 1.01% gc time)
  2.676250 seconds (10.95 k allocations: 13.746 MiB, 1.07% gc time)
  2.785783 seconds (19.04 k allocations: 23.927 MiB, 1.03% gc time)
  1.575017 seconds (3.21 k allocations: 3.979 MiB, 1.82% gc time)
7977
9470
3465
1963
4979
  1.546117 seconds (34.90 k allocations: 41.873 MiB)
6469
  1.566234 seconds (18.38 k allocations: 25.564 MiB)
7978
  1.678187 seconds (15.90 k allocations: 20.064 MiB)
1964
  1.703431 seconds (23.90 k allocations: 30.137 MiB)
4980
  1.714767 seconds (29.31 k allocations: 36.351 MiB)
3466
  1.724951 seconds (37.34 k allocations: 48.913 MiB)
9471
  1.546484 seconds (39.72 k allocations: 50.117 MiB)
6470
  1.543599 seconds (39.72 k allocations: 50.117 MiB)
7979
  1.513382 seconds (30.14 k allocations: 37.723 MiB)
4981
  1.548567 seconds (23.73 k allocations: 29.969 MiB)
9472
  1.735334 seconds (55.54 k allocations: 70.096 MiB)
1965
  1.755278 seconds (43.01 k allocations: 54.704 MiB)
3467
  1.547608 seconds (39.72 k allocations: 50.117 MiB)
6471
  1.556390 seconds (39.72 k allocations: 50.117 MiB)
7980
  1.539356 seconds (23.82 k allocations: 30.053 MiB)
1966
  1.744102 seconds (47.71 k allocations: 60.190 MiB)
4982
  1.558639 seconds (31.81 k allocations: 40.127 MiB)
3468
  1.763797 seconds (49.48 k allocations: 62.694 MiB)
9473
  1.541040 seconds (39.80 k allocations: 50.201 MiB)
6472
  1.507613 seconds (32.32 k allocations: 41.347 MiB)
7981
  1.851139 seconds (32.60 k allocations: 39.755 MiB, 1.08% gc time)
  1.839092 seconds (25.22 k allocations: 30.994 MiB, 1.08% gc time)
  1.769477 seconds (9.21 k allocations: 10.790 MiB, 1.13% gc time)
  1.774029 seconds (12.61 k allocations: 15.548 MiB, 1.12% gc time)
1967
3469
4983
9474
  1.549372 seconds (26.37 k allocations: 31.847 MiB)
7982
  1.567618 seconds (8.35 k allocations: 11.667 MiB)
1968
  1.586282 seconds (15.99 k allocations: 20.148 MiB)
4984
  1.681105 seconds (48.46 k allocations: 60.138 MiB)
6473
  1.771480 seconds (43.25 k allocations: 55.469 MiB)
3470
  1.798788 seconds (39.80 k allocations: 50.201 MiB)
9475
  1.544362 seconds (39.72 k allocations: 50.117 MiB)
7983
  1.513893 seconds (31.81 k allocations: 40.127 MiB)
4985
  1.544096 seconds (31.73 k allocations: 40.043 MiB)
6474
  1.688734 seconds (55.54 k allocations: 70.096 MiB)
1969
  1.548453 seconds (39.64 k allocations: 50.033 MiB)
3471
  1.548173 seconds (39.64 k allocations: 50.033 MiB)
9476
  1.546370 seconds (39.56 k allocations: 49.949 MiB)
7984
  1.544732 seconds (31.73 k allocations: 40.043 MiB)
6475
  1.742917 seconds (47.63 k allocations: 60.106 MiB)
4986
  1.557242 seconds (31.81 k allocations: 40.127 MiB)
3472
  1.562649 seconds (31.89 k allocations: 40.211 MiB)
9477
  1.664656 seconds (55.62 k allocations: 70.180 MiB)
1970
  1.549592 seconds (39.80 k allocations: 50.201 MiB)
7985
  1.930930 seconds (38.19 k allocations: 47.333 MiB, 0.94% gc time)
  1.763644 seconds (6.43 k allocations: 7.244 MiB, 1.02% gc time)
  1.816606 seconds (22.43 k allocations: 27.395 MiB, 0.99% gc time)
  1.846454 seconds (30.54 k allocations: 37.650 MiB, 0.98% gc time)
  1.774015 seconds (14.37 k allocations: 16.778 MiB, 1.02% gc time)
1971
4987
9478
6476
3473
  1.543206 seconds (36.62 k allocations: 43.672 MiB)
7986
  1.546774 seconds (15.89 k allocations: 20.579 MiB)
4988
  1.553953 seconds (24.59 k allocations: 31.364 MiB)
1972
  1.564501 seconds (25.02 k allocations: 32.506 MiB)
3474
  1.579872 seconds (31.73 k allocations: 40.043 MiB)
6477
  1.757422 seconds (45.67 k allocations: 58.631 MiB)
9479
  1.521120 seconds (28.56 k allocations: 36.121 MiB)
4989
  1.540461 seconds (31.73 k allocations: 40.043 MiB)
  1.559666 seconds (47.93 k allocations: 61.058 MiB)
1973
7987
  1.553933 seconds (31.73 k allocations: 40.043 MiB)
6478
  1.654149 seconds (47.55 k allocations: 60.022 MiB)
3475
  1.548408 seconds (39.56 k allocations: 49.949 MiB)
9480
  1.543909 seconds (23.82 k allocations: 30.053 MiB)
7988
  1.545395 seconds (23.82 k allocations: 30.053 MiB)
6479
  1.547395 seconds (23.90 k allocations: 30.137 MiB)
3476
  1.744796 seconds (63.53 k allocations: 80.169 MiB)
4990
  1.751050 seconds (55.70 k allocations: 70.264 MiB)
1974
  1.550879 seconds (39.80 k allocations: 50.201 MiB)
9481
  1.555769 seconds (39.88 k allocations: 50.285 MiB)
7989
  1.548620 seconds (39.88 k allocations: 50.285 MiB)
6480
  2.992752 seconds (34.78 k allocations: 43.867 MiB, 0.74% gc time)
  2.908154 seconds (10.95 k allocations: 13.780 MiB, 0.76% gc time)
  2.951024 seconds (26.97 k allocations: 33.967 MiB, 0.75% gc time)
  2.923061 seconds (19.17 k allocations: 24.180 MiB, 0.75% gc time)
  1.563332 seconds (3.27 k allocations: 4.148 MiB, 1.41% gc time)
7990
3477
9482
1975
4991
  1.546940 seconds (34.72 k allocations: 41.676 MiB)
6481
  1.564313 seconds (20.09 k allocations: 27.301 MiB)
7991
  1.656700 seconds (15.82 k allocations: 19.980 MiB)
4992
  1.678050 seconds (24.15 k allocations: 31.612 MiB)
9483
  1.734723 seconds (31.73 k allocations: 40.043 MiB)
1976
  1.748061 seconds (41.84 k allocations: 54.722 MiB)
3478
  1.554949 seconds (39.64 k allocations: 50.033 MiB)
6482
  1.543675 seconds (39.64 k allocations: 50.033 MiB)
7992
  1.513121 seconds (39.64 k allocations: 50.033 MiB)
4993
  1.560434 seconds (39.56 k allocations: 49.949 MiB)
9484
  1.541120 seconds (39.17 k allocations: 48.913 MiB)
1977
  1.706823 seconds (39.64 k allocations: 50.033 MiB)
3479
  1.544514 seconds (39.64 k allocations: 50.033 MiB)
6483
  1.543115 seconds (39.64 k allocations: 50.033 MiB)
7993
  1.545742 seconds (23.73 k allocations: 29.969 MiB)
1978
  1.743198 seconds (47.63 k allocations: 60.106 MiB)
4994
  1.758952 seconds (47.63 k allocations: 60.106 MiB)
9485
  1.760222 seconds (39.72 k allocations: 50.117 MiB)
3480
  1.550835 seconds (39.72 k allocations: 50.117 MiB)
  1.540229 seconds (32.19 k allocations: 41.163 MiB)
6484
7994
  2.026953 seconds (32.38 k allocations: 40.181 MiB, 0.98% gc time)
  1.851771 seconds (16.55 k allocations: 20.191 MiB, 1.07% gc time)
  1.933995 seconds (24.64 k allocations: 30.343 MiB, 1.02% gc time)
  1.632708 seconds (8.84 k allocations: 10.394 MiB, 1.21% gc time)
1979
9486
3481
4995
  1.544248 seconds (29.66 k allocations: 35.297 MiB)
7995
  1.572302 seconds (8.47 k allocations: 11.790 MiB)
3482
  1.588062 seconds (17.16 k allocations: 22.577 MiB)
1980
  1.594774 seconds (23.98 k allocations: 30.222 MiB)
4996
  1.664933 seconds (58.84 k allocations: 72.703 MiB)
6485
  1.804022 seconds (40.66 k allocations: 52.301 MiB)
9487
  1.543559 seconds (39.88 k allocations: 50.285 MiB)
7996
  1.545959 seconds (31.89 k allocations: 40.211 MiB)
1981
  1.541012 seconds (28.50 k allocations: 35.540 MiB)
4997
  1.544694 seconds (31.81 k allocations: 40.127 MiB)
6486
  1.759820 seconds (63.69 k allocations: 80.337 MiB)
3483
  1.555424 seconds (39.72 k allocations: 50.117 MiB)
9488
  1.543558 seconds (39.64 k allocations: 50.033 MiB)
7997
  1.557035 seconds (23.73 k allocations: 29.969 MiB)
6487
  1.668837 seconds (43.09 k allocations: 54.771 MiB)
1982
  1.743486 seconds (47.55 k allocations: 60.022 MiB)
4998
  1.554520 seconds (32.43 k allocations: 41.461 MiB)
3484
  1.558730 seconds (39.64 k allocations: 50.033 MiB)
9489
  1.541168 seconds (39.64 k allocations: 50.033 MiB)
  1.554534 seconds (32.11 k allocations: 41.079 MiB)
  1.572137 seconds (24.58 k allocations: 32.125 MiB)
  1.543875 seconds (1.16 k allocations: 3.109 MiB)
7998
6488
  1.768165 seconds (17.83 k allocations: 22.782 MiB, 0.87% gc time)
  1.767972 seconds (17.93 k allocations: 22.853 MiB, 0.87% gc time)
1983
9490
3485
4999
  1.557089 seconds (31.86 k allocations: 38.717 MiB)
7999
  1.572910 seconds (7.91 k allocations: 9.990 MiB)
  1.582224 seconds (14.48 k allocations: 21.000 MiB)
  1.592973 seconds (8.68 k allocations: 12.062 MiB)
5000
6489
1984
  1.747180 seconds (37.61 k allocations: 49.718 MiB)
3486
  1.789241 seconds (39.64 k allocations: 50.033 MiB)
9491
  1.543201 seconds (39.64 k allocations: 50.033 MiB)
  1.511089 seconds (31.34 k allocations: 39.007 MiB)
  1.577017 seconds (16.59 k allocations: 22.051 MiB)
  1.590876 seconds (16.97 k allocations: 23.087 MiB)
  1.574570 seconds (9.44 k allocations: 14.133 MiB)
  1.573873 seconds (1.91 k allocations: 5.180 MiB)
8000
5001
1985
6490
3487
9492
  1.649454 seconds (37.89 k allocations: 45.022 MiB)
8001
  1.660705 seconds (23.13 k allocations: 28.066 MiB)
6491
  1.669502 seconds (15.40 k allocations: 19.554 MiB)
  1.811571 seconds (36.22 k allocations: 43.655 MiB)
  1.677188 seconds (16.75 k allocations: 22.219 MiB)
  1.914039 seconds (47.49 k allocations: 59.323 MiB)
3488
1986
9493
5002
  1.576822 seconds (39.64 k allocations: 50.033 MiB)
8002
  1.580956 seconds (38.87 k allocations: 47.961 MiB)
6492
  2.790140 seconds (36.37 k allocations: 43.558 MiB, 0.63% gc time)
  2.653321 seconds (21.37 k allocations: 25.683 MiB, 0.66% gc time)
  2.671130 seconds (29.00 k allocations: 34.748 MiB, 0.65% gc time)
  2.638137 seconds (14.07 k allocations: 17.040 MiB, 0.66% gc time)
  1.558335 seconds (6.15 k allocations: 7.065 MiB, 1.12% gc time)
8003
3489
9494
1987
5003
  1.545055 seconds (36.30 k allocations: 43.357 MiB)
6493
  1.542468 seconds (25.46 k allocations: 31.609 MiB)
8004
  1.647989 seconds (15.90 k allocations: 20.064 MiB)
1988
  1.663662 seconds (23.82 k allocations: 30.053 MiB)
5004
  1.678504 seconds (33.73 k allocations: 44.541 MiB)
3490
  1.879567 seconds (39.76 k allocations: 51.385 MiB)
9495
  1.542190 seconds (34.53 k allocations: 44.130 MiB)
6494
  1.542058 seconds (33.26 k allocations: 42.315 MiB)
8005
  1.513015 seconds (31.43 k allocations: 39.091 MiB)
5005
  1.546439 seconds (47.63 k allocations: 60.106 MiB)
1989
  1.655946 seconds (39.72 k allocations: 50.117 MiB)
3491
  1.556690 seconds (39.72 k allocations: 50.117 MiB)
9496
  1.544317 seconds (34.19 k allocations: 43.778 MiB)
6495
  1.543926 seconds (33.14 k allocations: 42.186 MiB)
8006
  1.540158 seconds (31.81 k allocations: 40.127 MiB)
1990
  1.546883 seconds (31.81 k allocations: 40.127 MiB)
3492
  1.744688 seconds (55.70 k allocations: 70.264 MiB)
5006
  1.547746 seconds (39.88 k allocations: 50.285 MiB)
9497
  1.542047 seconds (34.45 k allocations: 44.053 MiB)
  1.542683 seconds (32.27 k allocations: 41.247 MiB)
6496
8007
  1.948779 seconds (32.41 k allocations: 40.205 MiB, 0.83% gc time)
  1.698708 seconds (8.52 k allocations: 10.075 MiB, 0.96% gc time)
  1.806625 seconds (24.60 k allocations: 30.328 MiB, 0.90% gc time)
  1.759607 seconds (16.76 k allocations: 20.445 MiB, 0.92% gc time)
1991
3493
9498
5007
  1.545470 seconds (28.26 k allocations: 33.824 MiB)
8008
  1.561366 seconds (8.39 k allocations: 11.700 MiB)
5008
  1.566762 seconds (14.62 k allocations: 17.523 MiB)
3494
  1.574752 seconds (23.81 k allocations: 30.053 MiB)
9499
  1.685634 seconds (58.48 k allocations: 72.337 MiB)
6497
  1.885622 seconds (39.64 k allocations: 50.033 MiB)
1992
  1.513048 seconds (30.88 k allocations: 38.489 MiB)
5009
  1.548200 seconds (47.55 k allocations: 60.022 MiB)
8009
  1.546602 seconds (31.64 k allocations: 39.959 MiB)
9500
  1.541300 seconds (31.73 k allocations: 40.043 MiB)
6498
  1.682414 seconds (55.30 k allocations: 69.389 MiB)
3495
  1.733315 seconds (39.72 k allocations: 50.117 MiB)
1993
  1.542326 seconds (31.89 k allocations: 40.211 MiB)
8010
  1.541850 seconds (23.90 k allocations: 30.137 MiB)
6499
  1.743070 seconds (55.40 k allocations: 69.312 MiB)
5010
  1.757740 seconds (47.79 k allocations: 60.274 MiB)
9501
  1.692783 seconds (39.80 k allocations: 50.201 MiB)
3496
  1.538227 seconds (39.80 k allocations: 50.201 MiB)
1994
  1.542108 seconds (39.72 k allocations: 50.117 MiB)
8011
  1.990527 seconds (22.33 k allocations: 27.301 MiB, 0.84% gc time)
  2.116004 seconds (38.10 k allocations: 47.242 MiB, 0.79% gc time)
  1.933321 seconds (14.54 k allocations: 17.545 MiB, 0.86% gc time)
  2.059677 seconds (30.37 k allocations: 37.456 MiB, 0.81% gc time)
  1.718099 seconds (8.76 k allocations: 12.128 MiB, 0.97% gc time)
9502
6500
3497
5011
1995
  1.544541 seconds (37.88 k allocations: 45.021 MiB)
8012
  1.561378 seconds (11.78 k allocations: 16.384 MiB)
3498
  1.568864 seconds (18.64 k allocations: 24.066 MiB)
9503
  1.578684 seconds (23.82 k allocations: 30.053 MiB)
1996
  1.681157 seconds (34.99 k allocations: 45.815 MiB)
6501
  1.695856 seconds (39.80 k allocations: 50.201 MiB)
5012
  1.554578 seconds (39.80 k allocations: 50.201 MiB)
8013
  1.547606 seconds (31.81 k allocations: 40.127 MiB)
9504
  1.557534 seconds (39.76 k allocations: 50.156 MiB)
3499
  1.524345 seconds (23.82 k allocations: 30.053 MiB)
  1.543486 seconds (32.11 k allocations: 41.079 MiB)
5013
6502
  1.679690 seconds (55.54 k allocations: 70.096 MiB)
1997
  1.544547 seconds (39.64 k allocations: 50.033 MiB)
8014
  1.545308 seconds (15.82 k allocations: 19.980 MiB)
6503
  1.760608 seconds (39.56 k allocations: 49.949 MiB)
  1.768934 seconds (42.90 k allocations: 55.230 MiB)
3500
9505
  1.664984 seconds (31.73 k allocations: 40.043 MiB)
1998
  1.743966 seconds (47.63 k allocations: 60.106 MiB)
5014
  1.543792 seconds (39.80 k allocations: 50.201 MiB)
8015
  1.545588 seconds (39.88 k allocations: 50.285 MiB)
6504
  2.857674 seconds (26.96 k allocations: 33.952 MiB, 0.62% gc time)
  2.857659 seconds (27.02 k allocations: 33.998 MiB, 0.62% gc time)
  2.805101 seconds (19.12 k allocations: 24.038 MiB, 0.63% gc time)
  2.769079 seconds (11.24 k allocations: 14.166 MiB, 0.64% gc time)
  1.558050 seconds (3.34 k allocations: 4.206 MiB, 1.14% gc time)
8016
9506
3501
1999
5015
  1.550497 seconds (32.95 k allocations: 39.868 MiB)
6505
  1.550606 seconds (26.48 k allocations: 32.658 MiB)
8017
  1.635863 seconds (15.90 k allocations: 20.064 MiB)
2000
  1.672629 seconds (23.90 k allocations: 30.137 MiB)
5016
  1.875455 seconds (35.15 k allocations: 45.993 MiB)
  1.873854 seconds (32.66 k allocations: 42.872 MiB)
9507
3502
  1.544536 seconds (35.61 k allocations: 45.235 MiB)
  1.541338 seconds (32.19 k allocations: 41.163 MiB)
6506
8018
  1.539293 seconds (39.72 k allocations: 50.117 MiB)
  1.512329 seconds (32.19 k allocations: 41.163 MiB)
2001
5017
  1.545111 seconds (31.73 k allocations: 40.043 MiB)
3503
  1.549608 seconds (32.17 k allocations: 41.180 MiB)
9508
  1.544097 seconds (33.40 k allocations: 42.979 MiB)
  1.541468 seconds (32.06 k allocations: 40.869 MiB)
6507
8019
  1.742600 seconds (31.81 k allocations: 40.127 MiB)
5018
  1.748124 seconds (34.57 k allocations: 43.644 MiB)
2002
  1.546069 seconds (33.26 k allocations: 42.832 MiB)
3504
  1.557463 seconds (39.64 k allocations: 50.033 MiB)
9509
  1.541391 seconds (31.73 k allocations: 40.043 MiB)
8020
  2.131173 seconds (35.06 k allocations: 45.363 MiB, 0.76% gc time)
  1.805817 seconds (18.84 k allocations: 23.749 MiB, 0.89% gc time)
  1.809935 seconds (21.88 k allocations: 28.039 MiB, 0.89% gc time)
  1.789555 seconds (11.03 k allocations: 13.884 MiB, 0.90% gc time)
  1.775576 seconds (3.22 k allocations: 4.080 MiB, 0.91% gc time)
2003
3505
9510
5019
6508
  1.536627 seconds (8.61 k allocations: 11.289 MiB)
  1.549280 seconds (29.89 k allocations: 37.359 MiB)
2004
  1.546678 seconds (10.34 k allocations: 13.163 MiB)
8021
9511
  1.721081 seconds (33.37 k allocations: 43.524 MiB)
3506
  2.316782 seconds (39.34 k allocations: 49.081 MiB)
5020
  2.310325 seconds (37.23 k allocations: 46.359 MiB)
6509
  1.546836 seconds (23.73 k allocations: 29.969 MiB)
9512
  1.920940 seconds (31.77 k allocations: 41.300 MiB)
  1.771995 seconds (24.12 k allocations: 31.005 MiB)
8022
3507
  1.513009 seconds (31.26 k allocations: 38.923 MiB)
  2.508391 seconds (63.00 k allocations: 78.967 MiB)
5021
2005
  2.160179 seconds (39.56 k allocations: 49.949 MiB)
6510
  1.799642 seconds (39.56 k allocations: 49.949 MiB)
  1.541354 seconds (29.26 k allocations: 37.473 MiB)
9513
  1.684204 seconds (32.04 k allocations: 40.996 MiB)
8023
3508
  1.783523 seconds (38.52 k allocations: 48.195 MiB)
  1.781876 seconds (32.11 k allocations: 41.079 MiB)
5022
2006
  1.579731 seconds (39.80 k allocations: 50.201 MiB)
6511
  1.593278 seconds (39.42 k allocations: 49.165 MiB)
9514
  2.647113 seconds (34.48 k allocations: 42.903 MiB, 1.16% gc time)
  1.928638 seconds (10.97 k allocations: 13.776 MiB, 1.59% gc time)
  1.930387 seconds (10.98 k allocations: 13.783 MiB, 1.58% gc time)
  2.299718 seconds (26.93 k allocations: 33.914 MiB, 1.33% gc time)
  1.616193 seconds (3.16 k allocations: 3.848 MiB, 1.89% gc time)
6512
2007
3509
8024
5023
  1.527801 seconds (6.87 k allocations: 10.680 MiB)
3510
  1.546660 seconds (40.88 k allocations: 49.906 MiB)
9515
  1.570989 seconds (23.45 k allocations: 31.414 MiB)
6513
  1.623712 seconds (24.06 k allocations: 31.535 MiB)
5024
  1.728250 seconds (32.09 k allocations: 41.633 MiB)
  1.724431 seconds (31.89 k allocations: 40.326 MiB)
2008
8025
  1.546731 seconds (31.81 k allocations: 40.127 MiB)
9516
  1.558462 seconds (31.81 k allocations: 40.127 MiB)
6514
  1.513341 seconds (31.81 k allocations: 40.127 MiB)
5025
  1.702916 seconds (63.15 k allocations: 79.134 MiB)
3511
  1.554797 seconds (31.64 k allocations: 39.959 MiB)
8026
  1.702557 seconds (39.64 k allocations: 50.033 MiB)
2009
  1.545682 seconds (31.73 k allocations: 40.043 MiB)
6515
  1.721207 seconds (47.63 k allocations: 60.106 MiB)
9517
  1.542897 seconds (23.82 k allocations: 30.053 MiB)
8027
  1.743547 seconds (47.71 k allocations: 60.190 MiB)
5026
  1.756685 seconds (47.71 k allocations: 60.190 MiB)
3512
  1.695365 seconds (39.72 k allocations: 50.117 MiB)
2010
  1.546862 seconds (39.72 k allocations: 50.117 MiB)
6516
  2.074497 seconds (26.78 k allocations: 33.781 MiB, 1.19% gc time)
  2.100734 seconds (34.97 k allocations: 44.112 MiB, 1.17% gc time)
  1.911949 seconds (11.11 k allocations: 13.991 MiB, 1.29% gc time)
  2.019452 seconds (19.14 k allocations: 24.121 MiB, 1.22% gc time)
  1.774358 seconds (5.31 k allocations: 8.666 MiB, 1.39% gc time)
8028
3513
9518
5027
2011
  1.545970 seconds (37.00 k allocations: 44.074 MiB)
6517
  1.565956 seconds (11.01 k allocations: 15.602 MiB)
5028
  1.600562 seconds (18.38 k allocations: 23.813 MiB)
9519
  1.686554 seconds (27.66 k allocations: 36.424 MiB)
3514
  2.392305 seconds (31.73 k allocations: 40.043 MiB)
  2.407517 seconds (32.11 k allocations: 41.079 MiB)
2012
8029
  1.544561 seconds (39.72 k allocations: 50.117 MiB)
6518
  1.774369 seconds (23.90 k allocations: 30.137 MiB)
3515
  1.928518 seconds (47.79 k allocations: 60.274 MiB)
5029
  1.957682 seconds (47.71 k allocations: 60.190 MiB)
9520
  2.075339 seconds (31.81 k allocations: 40.127 MiB)
8030
  1.547274 seconds (31.81 k allocations: 40.127 MiB)
6519
  1.544120 seconds (31.73 k allocations: 40.043 MiB)
3516
  1.762458 seconds (31.73 k allocations: 40.043 MiB)
5030
  3.197029 seconds (71.22 k allocations: 89.291 MiB)
2013
  2.221134 seconds (39.72 k allocations: 50.117 MiB)
9521
  1.570001 seconds (31.73 k allocations: 40.043 MiB)
6520
  3.466842 seconds (46.29 k allocations: 57.497 MiB, 1.09% gc time)  2.966312 seconds (30.41 k allocations: 37.485 MiB, 1.27% gc time)  2.661248 seconds (22.53 k allocations: 27.492 MiB, 1.42% gc time)
  2.326953 seconds (14.70 k allocations: 17.550 MiB, 1.62% gc time)


  2.162299 seconds (9.06 k allocations: 12.492 MiB, 1.75% gc time)
2014
8031
3517
5031
9522
  1.548634 seconds (37.76 k allocations: 44.839 MiB)
6521
  1.676287 seconds (15.52 k allocations: 19.028 MiB)
8032
  1.688903 seconds (23.44 k allocations: 29.018 MiB)
2015
  1.855637 seconds (23.73 k allocations: 29.969 MiB)
  1.869241 seconds (31.38 k allocations: 39.641 MiB)
5032
3518
  2.091640 seconds (39.64 k allocations: 50.033 MiB)
9523
  1.547153 seconds (39.64 k allocations: 50.033 MiB)
6522
  1.546241 seconds (39.64 k allocations: 50.033 MiB)
8033
  1.568793 seconds (39.64 k allocations: 50.033 MiB)
2016
  1.516294 seconds (32.42 k allocations: 41.975 MiB)
5033
  1.765166 seconds (39.64 k allocations: 50.033 MiB)
3519
  1.551309 seconds (39.64 k allocations: 50.033 MiB)
9524
  1.548292 seconds (39.72 k allocations: 50.117 MiB)
6523
  1.545318 seconds (39.72 k allocations: 50.117 MiB)
8034
  1.750485 seconds (39.64 k allocations: 50.033 MiB)
2017
  1.747608 seconds (39.64 k allocations: 50.033 MiB)
5034
  1.544639 seconds (39.64 k allocations: 50.033 MiB)
3520
  1.560839 seconds (39.64 k allocations: 50.033 MiB)
9525
  1.545681 seconds (39.64 k allocations: 50.033 MiB)
6524
  1.542763 seconds (39.72 k allocations: 50.117 MiB)
8035
  2.758295 seconds (34.77 k allocations: 43.858 MiB, 0.99% gc time)
  2.587486 seconds (18.95 k allocations: 23.845 MiB, 1.05% gc time)
  2.532832 seconds (11.14 k allocations: 13.990 MiB, 1.07% gc time)
  2.633586 seconds (27.14 k allocations: 34.194 MiB, 1.03% gc time)
  1.568875 seconds (3.35 k allocations: 4.225 MiB, 1.73% gc time)
2018
6525
3521
9526
5035
  1.545785 seconds (36.93 k allocations: 43.998 MiB)
8036
  1.575211 seconds (12.96 k allocations: 18.812 MiB)
6526
  1.666319 seconds (15.99 k allocations: 20.148 MiB)
  1.664337 seconds (16.31 k allocations: 21.102 MiB)
9527
5036
  1.680488 seconds (30.86 k allocations: 40.387 MiB)
  1.677543 seconds (29.56 k allocations: 37.259 MiB)
2019
3522
  1.543223 seconds (39.88 k allocations: 50.285 MiB)
8037
  1.546743 seconds (39.80 k allocations: 50.201 MiB)
6527
  1.513875 seconds (30.02 k allocations: 36.955 MiB)
5037
  1.539197 seconds (25.80 k allocations: 33.301 MiB)
  1.550797 seconds (39.34 k allocations: 49.081 MiB)
2020
9528
  1.710510 seconds (39.56 k allocations: 49.949 MiB)
3523
  1.542707 seconds (39.56 k allocations: 49.949 MiB)
8038
  1.545314 seconds (39.56 k allocations: 49.949 MiB)
6528
  1.744439 seconds (39.64 k allocations: 50.033 MiB)
5038
  1.755234 seconds (34.67 k allocations: 44.269 MiB)
2021
  1.758427 seconds (36.12 k allocations: 45.217 MiB)
9529
  1.758267 seconds (39.80 k allocations: 50.201 MiB)
3524
  1.553375 seconds (39.88 k allocations: 50.285 MiB)
8039
  1.816521 seconds (14.55 k allocations: 17.458 MiB, 1.83% gc time)
  2.136634 seconds (38.41 k allocations: 47.570 MiB, 1.56% gc time)
  1.868081 seconds (30.55 k allocations: 37.575 MiB, 1.78% gc time)
  1.824921 seconds (21.54 k allocations: 25.794 MiB, 1.82% gc time)
  1.647164 seconds (6.87 k allocations: 7.804 MiB, 2.02% gc time)
9530
2022
3525
6529
5039
  1.550695 seconds (37.73 k allocations: 44.854 MiB)
8040
  1.577556 seconds (8.88 k allocations: 12.209 MiB)
2023
  1.589858 seconds (15.90 k allocations: 20.064 MiB)
5040
  1.598928 seconds (18.60 k allocations: 25.965 MiB)
3526
  1.664532 seconds (31.73 k allocations: 40.043 MiB)
6530
  1.764003 seconds (55.85 k allocations: 71.463 MiB)
9531
  1.542684 seconds (39.64 k allocations: 50.033 MiB)
8041
  1.539674 seconds (39.64 k allocations: 50.033 MiB)
2024
  1.533280 seconds (33.95 k allocations: 43.532 MiB)
5041
  1.547181 seconds (31.73 k allocations: 40.043 MiB)
6531
  1.549220 seconds (31.73 k allocations: 40.043 MiB)
9532
  1.764979 seconds (55.54 k allocations: 70.096 MiB)
3527
  1.543412 seconds (39.64 k allocations: 50.033 MiB)
8042
  1.538903 seconds (39.64 k allocations: 50.033 MiB)
2025
  1.547744 seconds (31.73 k allocations: 40.043 MiB)
6532
  1.744089 seconds (47.63 k allocations: 60.106 MiB)
5042
  1.576252 seconds (39.30 k allocations: 48.461 MiB)
9533
  1.543720 seconds (39.64 k allocations: 50.033 MiB)
3528
  1.543375 seconds (39.64 k allocations: 50.033 MiB)
8043
  1.548429 seconds (31.73 k allocations: 40.043 MiB)
6533
  3.079739 seconds (42.62 k allocations: 53.773 MiB, 0.96% gc time)
  2.852769 seconds (18.96 k allocations: 23.863 MiB, 1.04% gc time)
  2.862083 seconds (26.60 k allocations: 32.926 MiB, 1.03% gc time)
  2.825473 seconds (11.29 k allocations: 14.194 MiB, 1.05% gc time)
  1.585452 seconds (3.39 k allocations: 4.256 MiB, 1.86% gc time)
8044
9534
2026
3529
5043
  1.544554 seconds (33.62 k allocations: 40.572 MiB)
6534
  1.568712 seconds (16.20 k allocations: 23.359 MiB)
8045
  1.693978 seconds (15.91 k allocations: 20.064 MiB)
2027
  1.702873 seconds (23.90 k allocations: 30.137 MiB)
5044
  1.861327 seconds (31.81 k allocations: 40.127 MiB)
3530
  1.923698 seconds (39.73 k allocations: 51.355 MiB)
9535
  1.548499 seconds (39.64 k allocations: 50.033 MiB)
6535
  1.552388 seconds (39.64 k allocations: 50.033 MiB)
8046
  1.524320 seconds (31.64 k allocations: 39.959 MiB)
5045
  1.546881 seconds (47.47 k allocations: 59.938 MiB)
2028
  1.550414 seconds (31.64 k allocations: 39.959 MiB)
9536
  1.758927 seconds (47.55 k allocations: 60.022 MiB)
3531
  1.549238 seconds (39.64 k allocations: 50.033 MiB)
6536
  1.544350 seconds (39.64 k allocations: 50.033 MiB)
8047
  1.661525 seconds (31.73 k allocations: 40.043 MiB)
2029
  1.742676 seconds (47.63 k allocations: 60.106 MiB)
5046
  1.562054 seconds (39.72 k allocations: 50.117 MiB)
9537
  1.546374 seconds (39.72 k allocations: 50.117 MiB)
3532
  1.549488 seconds (39.80 k allocations: 50.201 MiB)
6537
  2.096879 seconds (38.48 k allocations: 47.634 MiB, 1.75% gc time)
  1.853107 seconds (30.53 k allocations: 37.592 MiB, 1.98% gc time)
  1.718478 seconds (14.73 k allocations: 17.655 MiB, 2.13% gc time)
  1.591043 seconds (6.81 k allocations: 7.724 MiB, 2.30% gc time)
  1.782227 seconds (22.84 k allocations: 27.984 MiB, 2.06% gc time)
8048
2030
9538
3533
5047
  1.548695 seconds (37.51 k allocations: 44.585 MiB)
6538
  1.546348 seconds (8.52 k allocations: 11.837 MiB)
3534
  1.562446 seconds (17.17 k allocations: 22.574 MiB)
2031
  1.584067 seconds (23.82 k allocations: 30.053 MiB)
5048
  1.664630 seconds (35.55 k allocations: 47.604 MiB)
8049
  1.811783 seconds (39.64 k allocations: 50.033 MiB)
9539
  1.547371 seconds (39.72 k allocations: 50.117 MiB)
6539
  1.513392 seconds (23.81 k allocations: 30.053 MiB)
  1.539006 seconds (31.77 k allocations: 40.102 MiB)
5049
2032
  1.543477 seconds (31.81 k allocations: 40.127 MiB)
8050
  1.706134 seconds (63.53 k allocations: 80.169 MiB)
3535
  1.550499 seconds (39.80 k allocations: 50.201 MiB)
9540
  1.558387 seconds (39.84 k allocations: 50.225 MiB)
6540
  1.549378 seconds (23.98 k allocations: 30.222 MiB)
8051
  1.749865 seconds (39.96 k allocations: 50.369 MiB)
2033
  1.754513 seconds (41.58 k allocations: 52.715 MiB)
5050
  1.560185 seconds (31.81 k allocations: 40.127 MiB)
9541
  1.774628 seconds (47.71 k allocations: 60.190 MiB)
3536
  1.546249 seconds (39.64 k allocations: 50.033 MiB)
6541
  1.541577 seconds (39.64 k allocations: 50.033 MiB)
8052
  2.927474 seconds (30.19 k allocations: 38.475 MiB, 0.71% gc time)
  2.854263 seconds (18.88 k allocations: 23.774 MiB, 0.73% gc time)
  2.922359 seconds (26.87 k allocations: 33.867 MiB, 0.71% gc time)
  2.748833 seconds (11.16 k allocations: 14.049 MiB, 0.76% gc time)
  1.573554 seconds (3.27 k allocations: 4.119 MiB, 1.33% gc time)
6542
2034
9542
3537
5051
  1.547087 seconds (37.81 k allocations: 44.938 MiB)
8053
  1.546334 seconds (29.27 k allocations: 36.677 MiB)
6543
  1.662573 seconds (16.81 k allocations: 22.210 MiB)
2035
  1.661440 seconds (16.33 k allocations: 21.196 MiB)
3538
  1.667174 seconds (28.68 k allocations: 35.710 MiB)
5052
  1.885024 seconds (39.64 k allocations: 50.033 MiB)
9543
  1.542806 seconds (39.72 k allocations: 50.117 MiB)
8054
  1.545964 seconds (39.80 k allocations: 50.201 MiB)
6544
  1.513155 seconds (23.90 k allocations: 30.137 MiB)
5053
  1.538641 seconds (41.48 k allocations: 52.483 MiB)
2036
  1.762481 seconds (44.56 k allocations: 56.278 MiB)
3539
  1.549585 seconds (39.30 k allocations: 48.469 MiB)
9544
  1.543394 seconds (39.72 k allocations: 50.117 MiB)
8055
  1.545566 seconds (39.80 k allocations: 50.201 MiB)
6545
  1.743416 seconds (39.88 k allocations: 50.285 MiB)
  1.749553 seconds (32.36 k allocations: 41.332 MiB)
5054
2037
  1.543171 seconds (29.31 k allocations: 36.416 MiB)
3540
  1.555928 seconds (39.96 k allocations: 50.369 MiB)
9545
  1.540872 seconds (39.88 k allocations: 50.285 MiB)
8056
  2.219424 seconds (38.25 k allocations: 47.404 MiB, 0.78% gc time)
  1.877777 seconds (16.43 k allocations: 21.810 MiB, 0.92% gc time)
  1.873804 seconds (14.36 k allocations: 17.233 MiB, 0.92% gc time)
  1.873798 seconds (14.40 k allocations: 17.253 MiB, 0.92% gc time)
  1.665286 seconds (6.62 k allocations: 7.480 MiB, 1.04% gc time)
2038
3541
6546
5055
9546
  1.545610 seconds (37.31 k allocations: 44.370 MiB)
8057
  1.547550 seconds (14.06 k allocations: 19.926 MiB)
6547
  1.587120 seconds (15.82 k allocations: 19.980 MiB)
5056
  1.728989 seconds (24.82 k allocations: 32.302 MiB)
2039
  1.733249 seconds (28.18 k allocations: 35.201 MiB)
3542
  1.755333 seconds (40.77 k allocations: 52.416 MiB)
9547
  1.543194 seconds (39.72 k allocations: 50.117 MiB)
8058
  1.545222 seconds (39.80 k allocations: 50.201 MiB)
6548
  1.512239 seconds (39.80 k allocations: 50.201 MiB)
5057
  1.540118 seconds (37.51 k allocations: 47.168 MiB)
2040
  1.575286 seconds (31.73 k allocations: 40.043 MiB)
9548
  1.755752 seconds (47.63 k allocations: 60.106 MiB)
3543
  1.553657 seconds (39.64 k allocations: 50.033 MiB)
8059
  1.546827 seconds (39.26 k allocations: 48.997 MiB)
6549
  1.746453 seconds (39.72 k allocations: 50.117 MiB)
5058
  1.548367 seconds (31.73 k allocations: 40.043 MiB)
9549
  1.688776 seconds (47.63 k allocations: 60.106 MiB)
2041
  1.544086 seconds (39.72 k allocations: 50.117 MiB)
3544
  1.542471 seconds (39.80 k allocations: 50.201 MiB)
8060
  1.548336 seconds (39.72 k allocations: 50.117 MiB)
6550
  2.708531 seconds (10.89 k allocations: 13.724 MiB, 0.77% gc time)
  2.894169 seconds (34.86 k allocations: 43.927 MiB, 0.72% gc time)
  2.833964 seconds (27.04 k allocations: 34.038 MiB, 0.73% gc time)
  2.788891 seconds (19.17 k allocations: 24.120 MiB, 0.74% gc time)
  1.561830 seconds (3.33 k allocations: 4.178 MiB, 1.33% gc time)
3545
8061
9550
2042
5059
  1.546501 seconds (35.51 k allocations: 42.495 MiB)
  1.562876 seconds (15.72 k allocations: 20.452 MiB)
  1.655382 seconds (15.98 k allocations: 20.148 MiB)
  1.670232 seconds (16.37 k allocations: 21.184 MiB)
  1.652853 seconds (1.53 k allocations: 4.144 MiB)
  1.673348 seconds (1.91 k allocations: 5.180 MiB)
6551
8062
9551
3546
2043
5060
  1.657497 seconds (37.80 k allocations: 44.937 MiB)
  1.666556 seconds (28.20 k allocations: 34.450 MiB)
  1.656170 seconds (21.16 k allocations: 26.653 MiB)
  1.638734 seconds (1.15 k allocations: 3.108 MiB)
  1.676947 seconds (1.53 k allocations: 4.144 MiB)
6552
8063
9552
  1.831881 seconds (25.30 k allocations: 32.863 MiB)
5061
2044
3547
  1.578864 seconds (24.03 k allocations: 29.559 MiB)
8064
  1.591844 seconds (33.10 k allocations: 40.736 MiB)
6553
  1.689021 seconds (15.99 k allocations: 20.148 MiB)
2045
  1.771857 seconds (29.93 k allocations: 38.737 MiB)
5062
  1.792440 seconds (48.33 k allocations: 59.588 MiB)
9553
  1.775922 seconds (34.74 k allocations: 43.829 MiB)
3548
  1.542384 seconds (39.88 k allocations: 50.285 MiB)
8065
  1.978696 seconds (34.78 k allocations: 43.852 MiB, 1.28% gc time)
  1.764827 seconds (8.45 k allocations: 10.513 MiB, 1.44% gc time)
  1.842165 seconds (26.86 k allocations: 33.850 MiB, 1.38% gc time)
  1.757613 seconds (3.11 k allocations: 3.879 MiB, 1.44% gc time)
  1.770600 seconds (15.43 k allocations: 19.185 MiB, 1.43% gc time)
9554
6554
3549
2046
5063
  1.553760 seconds (35.82 k allocations: 42.809 MiB)
8066
  1.571210 seconds (7.99 k allocations: 10.074 MiB)
5064
  1.580400 seconds (16.23 k allocations: 21.617 MiB)
3550
  1.580688 seconds (18.43 k allocations: 23.338 MiB)
2047
  1.598966 seconds (32.75 k allocations: 42.309 MiB)
6555
  1.799133 seconds (41.91 k allocations: 54.796 MiB)
9555
  1.544402 seconds (39.80 k allocations: 50.201 MiB)
  1.512987 seconds (31.89 k allocations: 40.211 MiB)
8067
5065
  1.548729 seconds (31.73 k allocations: 40.043 MiB)
2048
  1.548173 seconds (31.81 k allocations: 40.127 MiB)
6556
  1.756138 seconds (50.74 k allocations: 64.500 MiB)
3551
  1.550386 seconds (39.72 k allocations: 50.117 MiB)
9556
  1.543473 seconds (32.76 k allocations: 42.325 MiB)
8068
  1.547895 seconds (23.82 k allocations: 30.053 MiB)
6557
  1.743848 seconds (47.71 k allocations: 60.190 MiB)
5066
  1.544465 seconds (31.73 k allocations: 40.043 MiB)
  1.749146 seconds (48.01 k allocations: 61.142 MiB)
3552
2049
  1.562974 seconds (39.64 k allocations: 50.033 MiB)
9557
  1.551364 seconds (39.56 k allocations: 49.949 MiB)
8069
  1.993723 seconds (38.01 k allocations: 47.144 MiB, 0.84% gc time)
  1.804099 seconds (14.33 k allocations: 17.215 MiB, 0.93% gc time)
  1.859840 seconds (30.21 k allocations: 37.244 MiB, 0.90% gc time)
  1.806648 seconds (15.49 k allocations: 19.693 MiB, 0.93% gc time)
  1.776040 seconds (6.69 k allocations: 7.598 MiB, 0.95% gc time)
2050
5067
6558
9558
3553
  1.554929 seconds (37.89 k allocations: 45.022 MiB)
8070
  1.563313 seconds (9.85 k allocations: 14.424 MiB)
  1.565141 seconds (12.51 k allocations: 17.774 MiB)
6559
2051
  1.574072 seconds (27.02 k allocations: 35.776 MiB)
5068
  1.715433 seconds (31.81 k allocations: 40.127 MiB)
3554
  1.783778 seconds (39.72 k allocations: 50.117 MiB)
9559
  1.546276 seconds (39.72 k allocations: 50.117 MiB)
8071
  1.523843 seconds (23.82 k allocations: 30.053 MiB)
5069
  1.539238 seconds (34.81 k allocations: 43.243 MiB)
2052
  1.557117 seconds (47.25 k allocations: 59.070 MiB)
6560
  1.555872 seconds (31.81 k allocations: 40.127 MiB)
9560
  1.754111 seconds (47.71 k allocations: 60.190 MiB)
3555
  1.555738 seconds (39.80 k allocations: 50.201 MiB)
8072
  1.548485 seconds (23.82 k allocations: 30.053 MiB)
6561
  1.743558 seconds (44.87 k allocations: 56.601 MiB)
5070
  1.751151 seconds (47.71 k allocations: 60.190 MiB)
2053
  1.549287 seconds (39.72 k allocations: 50.117 MiB)
9561
  1.544589 seconds (39.64 k allocations: 50.033 MiB)
3556
  1.555378 seconds (39.64 k allocations: 50.033 MiB)
8073
  1.557838 seconds (39.64 k allocations: 50.033 MiB)
6562
  2.907812 seconds (26.63 k allocations: 33.625 MiB, 0.64% gc time)
  2.870504 seconds (18.80 k allocations: 23.687 MiB, 0.65% gc time)
  2.748034 seconds (10.97 k allocations: 13.784 MiB, 0.68% gc time)
  2.921430 seconds (34.84 k allocations: 43.978 MiB, 0.64% gc time)
  1.560385 seconds (3.27 k allocations: 4.150 MiB, 1.19% gc time)
8074
3557
9562
2054
5071
  1.545712 seconds (33.62 k allocations: 40.511 MiB)
  1.541979 seconds (22.75 k allocations: 28.743 MiB)
6563
8075
  1.659851 seconds (15.83 k allocations: 19.980 MiB)
3558
  1.660432 seconds (17.56 k allocations: 22.453 MiB)
  1.665614 seconds (20.73 k allocations: 26.325 MiB)
5072
9563
  1.802800 seconds (39.64 k allocations: 50.033 MiB)
2055
  1.542085 seconds (31.81 k allocations: 40.127 MiB)
8076
  1.552219 seconds (37.73 k allocations: 46.866 MiB)
6564
  1.510809 seconds (25.29 k allocations: 32.779 MiB)
5073
  1.552206 seconds (31.81 k allocations: 40.127 MiB)
9564
  1.550594 seconds (31.73 k allocations: 40.043 MiB)
2056
  1.702596 seconds (52.44 k allocations: 66.230 MiB)
3559
  1.542912 seconds (39.26 k allocations: 48.997 MiB)
8077
  1.543850 seconds (39.64 k allocations: 50.032 MiB)
6565
  1.770376 seconds (39.64 k allocations: 50.033 MiB)
  1.759257 seconds (32.11 k allocations: 41.079 MiB)
5074
9565
  1.686884 seconds (39.34 k allocations: 49.081 MiB)
2057
  1.764175 seconds (39.72 k allocations: 50.117 MiB)
3560
  1.551685 seconds (39.34 k allocations: 49.081 MiB)
  1.546237 seconds (32.19 k allocations: 41.163 MiB)
8078
6566
  1.814829 seconds (19.23 k allocations: 24.785 MiB, 0.97% gc time)
  1.821576 seconds (24.68 k allocations: 31.547 MiB, 0.96% gc time)
  1.675307 seconds (3.53 k allocations: 4.973 MiB, 1.05% gc time)
  1.766089 seconds (11.62 k allocations: 15.180 MiB, 1.00% gc time)
2058
9566
3561
5075
  1.544412 seconds (34.19 k allocations: 41.204 MiB)
8079
  1.570759 seconds (29.38 k allocations: 35.664 MiB)
2059
  1.634164 seconds (46.26 k allocations: 56.131 MiB)
6567
  1.590995 seconds (23.90 k allocations: 30.137 MiB)
  1.596003 seconds (24.71 k allocations: 32.837 MiB)
5076
3562
  1.815325 seconds (54.85 k allocations: 68.107 MiB)
9567
  1.545350 seconds (39.72 k allocations: 50.117 MiB)
8080
  1.538146 seconds (39.80 k allocations: 50.201 MiB)
2060
  1.548444 seconds (39.80 k allocations: 50.201 MiB)
6568
  1.511756 seconds (31.97 k allocations: 40.295 MiB)
5077
  1.551513 seconds (31.89 k allocations: 40.211 MiB)
9568
  1.758685 seconds (47.87 k allocations: 60.358 MiB)
3563
  1.543161 seconds (39.88 k allocations: 50.285 MiB)
8081
  1.544387 seconds (31.51 k allocations: 39.175 MiB)
6569
  1.661994 seconds (47.87 k allocations: 60.358 MiB)
2061
  1.743214 seconds (39.96 k allocations: 50.369 MiB)
5078
  1.542748 seconds (31.97 k allocations: 40.295 MiB)
  1.564255 seconds (40.35 k allocations: 51.406 MiB)
3564
9569
  1.574838 seconds (39.80 k allocations: 50.201 MiB)
8082
  2.015214 seconds (38.09 k allocations: 47.232 MiB, 0.75% gc time)
  1.937103 seconds (30.15 k allocations: 37.191 MiB, 0.78% gc time)
  1.764331 seconds (6.45 k allocations: 7.262 MiB, 0.85% gc time)
  1.813763 seconds (22.37 k allocations: 27.423 MiB, 0.83% gc time)
  1.768705 seconds (9.87 k allocations: 12.166 MiB, 0.85% gc time)
2062
3565
6570
5079
9570
  1.554176 seconds (37.36 k allocations: 44.427 MiB)
8083
  1.586559 seconds (8.00 k allocations: 10.074 MiB)
  1.587257 seconds (8.38 k allocations: 11.110 MiB)
6571
5080
  1.694190 seconds (26.72 k allocations: 36.680 MiB)
2063
  1.757449 seconds (47.65 k allocations: 61.171 MiB)
3566
  1.915053 seconds (39.64 k allocations: 50.033 MiB)
9571
  1.552994 seconds (39.56 k allocations: 49.949 MiB)
  1.519314 seconds (24.12 k allocations: 31.005 MiB)
8084
5081
  1.557076 seconds (36.18 k allocations: 45.272 MiB)
6572
  1.537602 seconds (39.64 k allocations: 50.033 MiB)
2064
  1.545603 seconds (39.72 k allocations: 50.117 MiB)
3567
  1.553540 seconds (39.80 k allocations: 50.201 MiB)
9572
  1.569010 seconds (39.33 k allocations: 49.080 MiB)
8085
  1.560378 seconds (31.89 k allocations: 40.211 MiB)
6573
  1.546790 seconds (23.90 k allocations: 30.137 MiB)
3568
  1.765047 seconds (55.32 k allocations: 69.228 MiB)
5082
  1.752726 seconds (47.71 k allocations: 60.190 MiB)
2065
  1.560944 seconds (39.72 k allocations: 50.117 MiB)
9573
  1.543333 seconds (39.64 k allocations: 50.033 MiB)
8086
  1.557192 seconds (39.64 k allocations: 50.033 MiB)
6574
  2.953332 seconds (34.70 k allocations: 43.771 MiB, 0.71% gc time)
  2.806096 seconds (18.95 k allocations: 23.854 MiB, 0.75% gc time)
  2.896561 seconds (26.94 k allocations: 33.927 MiB, 0.72% gc time)
  2.743225 seconds (11.21 k allocations: 14.062 MiB, 0.76% gc time)
  1.562187 seconds (3.32 k allocations: 4.145 MiB, 1.34% gc time)
9574
8087
3569
2066
5083
  1.547520 seconds (37.73 k allocations: 44.854 MiB)
6575
  1.574580 seconds (11.71 k allocations: 17.530 MiB)
8088
  1.668152 seconds (16.00 k allocations: 21.389 MiB)
3570
  1.686525 seconds (23.73 k allocations: 29.969 MiB)
2067
  1.728302 seconds (31.64 k allocations: 39.959 MiB)
5084
  1.883326 seconds (49.21 k allocations: 63.476 MiB)
9575
  1.548279 seconds (39.56 k allocations: 49.949 MiB)
6576
  1.551127 seconds (39.56 k allocations: 49.949 MiB)
8089
  1.537114 seconds (31.64 k allocations: 39.959 MiB)
2068
  1.534634 seconds (31.73 k allocations: 40.043 MiB)
5085
  1.650941 seconds (55.46 k allocations: 70.012 MiB)
3571
  1.552398 seconds (39.64 k allocations: 50.033 MiB)
9576
  1.548824 seconds (39.72 k allocations: 50.117 MiB)
6577
  1.557674 seconds (39.72 k allocations: 50.117 MiB)
8090
  1.544837 seconds (23.90 k allocations: 30.137 MiB)
3572
  1.548855 seconds (23.82 k allocations: 30.053 MiB)
  1.759547 seconds (48.01 k allocations: 61.142 MiB)
  1.743210 seconds (40.48 k allocations: 52.188 MiB)
9577
2069
5086
  1.546320 seconds (39.72 k allocations: 50.117 MiB)
6578
  2.233443 seconds (38.41 k allocations: 47.556 MiB, 0.79% gc time)
  2.049625 seconds (30.57 k allocations: 37.623 MiB, 0.86% gc time)
  1.813222 seconds (14.44 k allocations: 16.710 MiB, 0.98% gc time)
  1.842475 seconds (22.09 k allocations: 25.853 MiB, 0.96% gc time)
  1.763424 seconds (7.10 k allocations: 8.142 MiB, 1.00% gc time)
8091
3573
2070
9578
5087
  1.559615 seconds (37.55 k allocations: 44.624 MiB)
  1.557079 seconds (1.75 k allocations: 4.876 MiB)
  1.583211 seconds (765 allocations: 2.072 MiB)
  1.657063 seconds (4.78 k allocations: 9.253 MiB)
  1.659866 seconds (1.53 k allocations: 4.144 MiB)
  1.725854 seconds (1.91 k allocations: 5.179 MiB)
6579
5088
9579
8092
3574
2071
  1.710306 seconds (37.81 k allocations: 44.938 MiB)
6580
  1.665958 seconds (38.27 k allocations: 46.057 MiB)
5089
  1.655956 seconds (38.57 k allocations: 47.009 MiB)
9580
  1.682637 seconds (39.02 k allocations: 48.128 MiB)
8093
  1.661148 seconds (31.81 k allocations: 40.127 MiB)
2072
  1.813267 seconds (47.32 k allocations: 59.153 MiB)
3575
  1.548501 seconds (39.64 k allocations: 50.033 MiB)
6581
  1.743524 seconds (39.72 k allocations: 50.117 MiB)
5090
  1.542426 seconds (31.73 k allocations: 40.043 MiB)
8094
  1.766136 seconds (47.63 k allocations: 60.106 MiB)
9581
  1.692637 seconds (39.72 k allocations: 50.117 MiB)
2073
  1.754985 seconds (39.80 k allocations: 50.201 MiB)
3576
  1.548809 seconds (39.72 k allocations: 50.117 MiB)
6582
  1.553675 seconds (31.81 k allocations: 40.127 MiB)
8095
  2.932787 seconds (42.77 k allocations: 53.933 MiB, 0.76% gc time)
  2.760615 seconds (26.95 k allocations: 33.926 MiB, 0.81% gc time)
  2.711049 seconds (19.03 k allocations: 23.906 MiB, 0.82% gc time)
  2.520593 seconds (11.19 k allocations: 13.976 MiB, 0.88% gc time)
  1.580418 seconds (3.27 k allocations: 3.992 MiB, 1.41% gc time)
6583
3577
2074
9582
5091
  1.544420 seconds (34.20 k allocations: 41.201 MiB)
8096
  1.567932 seconds (38.27 k allocations: 46.057 MiB)
6584
  1.684361 seconds (15.83 k allocations: 19.980 MiB)
3578
  1.709873 seconds (23.82 k allocations: 30.053 MiB)
5092
  1.903892 seconds (31.73 k allocations: 40.043 MiB)
2075
  1.915051 seconds (39.72 k allocations: 50.117 MiB)
9583
  1.554238 seconds (39.80 k allocations: 50.201 MiB)
8097
  1.550112 seconds (39.88 k allocations: 50.285 MiB)
6585
  1.512669 seconds (31.97 k allocations: 40.295 MiB)
5093
  1.538857 seconds (31.89 k allocations: 40.211 MiB)
2076
  1.772187 seconds (55.70 k allocations: 70.264 MiB)
3579
  1.548848 seconds (39.72 k allocations: 50.117 MiB)
9584
  1.557445 seconds (39.72 k allocations: 50.117 MiB)
  1.549655 seconds (32.11 k allocations: 41.079 MiB)
8098
6586
  1.754152 seconds (39.80 k allocations: 50.201 MiB)
  1.553338 seconds (24.36 k allocations: 31.257 MiB)
  1.572739 seconds (16.76 k allocations: 22.221 MiB)
  1.646270 seconds (33.04 k allocations: 43.320 MiB)
5094
3580
9585
2077
  1.561306 seconds (31.81 k allocations: 40.127 MiB)
6587
  2.133086 seconds (25.53 k allocations: 30.544 MiB, 0.73% gc time)
  2.614024 seconds (42.23 k allocations: 52.731 MiB, 0.60% gc time)
  1.884487 seconds (2.93 k allocations: 3.644 MiB, 0.83% gc time)
  1.891473 seconds (4.60 k allocations: 6.653 MiB, 0.82% gc time)
  1.888134 seconds (3.04 k allocations: 3.801 MiB, 0.82% gc time)
3581
2078
8099
9586
5095
  1.548097 seconds (19.62 k allocations: 26.133 MiB)
6588
  1.578059 seconds (7.91 k allocations: 9.990 MiB)
2079
  1.580431 seconds (9.84 k allocations: 12.655 MiB)
9587
  1.586230 seconds (22.46 k allocations: 27.437 MiB)
5096
  1.651989 seconds (31.65 k allocations: 39.959 MiB)
8100
  1.707702 seconds (52.48 k allocations: 68.034 MiB)
3582
  1.547927 seconds (39.56 k allocations: 49.949 MiB)
6589
  1.512947 seconds (22.71 k allocations: 27.694 MiB)
5097
  1.539379 seconds (39.67 k allocations: 50.642 MiB)
2080
  1.544387 seconds (31.64 k allocations: 39.959 MiB)
8101
  1.756747 seconds (52.90 k allocations: 66.707 MiB)
9588
  1.765079 seconds (39.72 k allocations: 50.117 MiB)
3583
  1.561675 seconds (37.58 k allocations: 47.233 MiB)
6590
  1.545039 seconds (23.82 k allocations: 30.053 MiB)
8102
  1.743705 seconds (47.71 k allocations: 60.190 MiB)
5098
  1.751273 seconds (47.71 k allocations: 60.190 MiB)
2081
  1.548504 seconds (39.64 k allocations: 50.033 MiB)
9589
  1.544923 seconds (39.72 k allocations: 50.117 MiB)
3584
  1.549770 seconds (39.72 k allocations: 50.117 MiB)
6591
  1.739458 seconds (22.38 k allocations: 27.358 MiB, 1.28% gc time)
  1.866837 seconds (38.16 k allocations: 47.311 MiB, 1.20% gc time)
  1.722724 seconds (14.47 k allocations: 17.359 MiB, 1.30% gc time)
  1.599792 seconds (6.64 k allocations: 7.491 MiB, 1.40% gc time)
  1.766632 seconds (30.50 k allocations: 37.592 MiB, 1.26% gc time)
2082
3585
8103
5099
9590
  1.548434 seconds (35.81 k allocations: 42.695 MiB)
6592
  1.545440 seconds (14.88 k allocations: 20.772 MiB)
5100
  1.579677 seconds (15.91 k allocations: 20.064 MiB)
3586
  1.589110 seconds (23.90 k allocations: 30.137 MiB)
9591
  1.696506 seconds (31.89 k allocations: 40.211 MiB)
8104
  1.802515 seconds (39.88 k allocations: 50.285 MiB)
2083
  1.512385 seconds (31.97 k allocations: 40.295 MiB)
5101
  1.555592 seconds (43.93 k allocations: 55.632 MiB)
6593
  1.544335 seconds (31.81 k allocations: 40.127 MiB)
9592
  1.551685 seconds (31.73 k allocations: 40.043 MiB)
8105
  1.700758 seconds (55.70 k allocations: 70.264 MiB)
3587
  1.539166 seconds (39.72 k allocations: 50.117 MiB)
2084
  1.548329 seconds (31.81 k allocations: 40.127 MiB)
6594
  1.544199 seconds (23.90 k allocations: 30.137 MiB)
8106
  1.744589 seconds (49.62 k allocations: 62.838 MiB)
5102
  1.758378 seconds (47.87 k allocations: 60.358 MiB)
9593
  1.600430 seconds (31.97 k allocations: 40.295 MiB)
2085
  1.754861 seconds (47.79 k allocations: 60.274 MiB)
3588
  1.551295 seconds (39.80 k allocations: 50.201 MiB)
6595
  1.557051 seconds (33.79 k allocations: 43.377 MiB)
8107
  2.896173 seconds (26.63 k allocations: 33.619 MiB, 0.53% gc time)
  2.851665 seconds (18.77 k allocations: 23.674 MiB, 0.54% gc time)
  2.997777 seconds (34.79 k allocations: 43.845 MiB, 0.52% gc time)
  2.755210 seconds (11.05 k allocations: 13.897 MiB, 0.56% gc time)
  1.597708 seconds (3.20 k allocations: 4.066 MiB, 0.97% gc time)
2086
3589
9594
6596
5103
  1.549217 seconds (20.31 k allocations: 26.838 MiB)
8108
  1.637675 seconds (20.06 k allocations: 27.276 MiB)
2087
  1.666321 seconds (15.83 k allocations: 19.980 MiB)
3590
  1.666689 seconds (16.64 k allocations: 21.509 MiB)
6597
  1.676134 seconds (31.73 k allocations: 40.043 MiB)
5104
  1.897965 seconds (39.64 k allocations: 50.033 MiB)
9595
  1.552295 seconds (39.64 k allocations: 50.033 MiB)
8109
  1.522770 seconds (15.82 k allocations: 19.980 MiB)
5105
  1.557085 seconds (31.64 k allocations: 39.959 MiB)
6598
  1.741572 seconds (55.46 k allocations: 70.012 MiB)
2088
  1.755439 seconds (47.47 k allocations: 59.938 MiB)
3591
  1.546117 seconds (39.64 k allocations: 50.033 MiB)
9596
  1.544401 seconds (39.64 k allocations: 50.033 MiB)
8110
  1.545847 seconds (31.81 k allocations: 40.127 MiB)
6599
  1.537999 seconds (31.81 k allocations: 40.127 MiB)
2089
  1.743842 seconds (55.62 k allocations: 70.180 MiB)
5106
  1.545055 seconds (39.72 k allocations: 50.117 MiB)
3592
  1.558187 seconds (39.72 k allocations: 50.117 MiB)
9597
  1.544573 seconds (39.64 k allocations: 50.033 MiB)
8111
  1.965749 seconds (38.08 k allocations: 47.229 MiB, 0.93% gc time)
  1.720726 seconds (6.40 k allocations: 7.219 MiB, 1.07% gc time)
  1.841636 seconds (30.22 k allocations: 37.270 MiB, 1.00% gc time)
  1.799822 seconds (22.40 k allocations: 27.452 MiB, 1.02% gc time)
  1.778900 seconds (14.61 k allocations: 17.671 MiB, 1.03% gc time)
6600
2090
9598
3593
5107
  1.537784 seconds (37.89 k allocations: 45.022 MiB)
8112
  1.669272 seconds (38.27 k allocations: 46.057 MiB)
6601
  1.655635 seconds (15.82 k allocations: 19.980 MiB)
  1.663186 seconds (20.76 k allocations: 28.914 MiB)
5108
2091
  1.659272 seconds (17.06 k allocations: 22.636 MiB)
9599
  1.813600 seconds (39.72 k allocations: 50.117 MiB)
3594
  1.541522 seconds (39.80 k allocations: 50.201 MiB)
8113
  1.514212 seconds (16.36 k allocations: 21.749 MiB)
5109
  1.554560 seconds (47.79 k allocations: 60.274 MiB)
6602
  1.545510 seconds (31.89 k allocations: 40.211 MiB)
9600
  1.552346 seconds (36.41 k allocations: 45.517 MiB)
2092
  1.755542 seconds (39.72 k allocations: 50.117 MiB)
3595
  1.544271 seconds (39.64 k allocations: 50.033 MiB)
8114
  1.553427 seconds (31.73 k allocations: 40.043 MiB)
6603
  1.758273 seconds (47.63 k allocations: 60.106 MiB)
5110
  1.752152 seconds (31.81 k allocations: 40.127 MiB)
2093
  1.757644 seconds (35.61 k allocations: 45.925 MiB)
9601
  1.543173 seconds (39.88 k allocations: 50.285 MiB)
3596
  1.554388 seconds (39.88 k allocations: 50.285 MiB)
8115
  1.547746 seconds (39.88 k allocations: 50.285 MiB)
6604
  2.238126 seconds (21.84 k allocations: 28.043 MiB, 0.76% gc time)
  2.233982 seconds (18.96 k allocations: 23.863 MiB, 0.76% gc time)
  2.087477 seconds (11.02 k allocations: 13.835 MiB, 0.81% gc time)
  2.268763 seconds (35.14 k allocations: 44.286 MiB, 0.75% gc time)
  1.559667 seconds (3.36 k allocations: 4.275 MiB, 1.08% gc time)
3597
8116
9602
2094
5111
  1.546121 seconds (21.06 k allocations: 27.613 MiB)
6605
  1.577310 seconds (19.88 k allocations: 27.097 MiB)
8117
  1.659637 seconds (15.90 k allocations: 20.064 MiB)
2095
  1.667689 seconds (22.61 k allocations: 27.603 MiB)
  1.666607 seconds (22.84 k allocations: 27.947 MiB)
5112
3598
  1.882917 seconds (39.72 k allocations: 50.117 MiB)
9603
  1.547102 seconds (39.72 k allocations: 50.117 MiB)
6606
  1.542875 seconds (39.72 k allocations: 50.117 MiB)
8118
  1.522831 seconds (23.90 k allocations: 30.138 MiB)
5113
  1.547553 seconds (44.97 k allocations: 55.996 MiB)
2096
  1.705536 seconds (39.72 k allocations: 50.117 MiB)
3599
  1.546383 seconds (39.64 k allocations: 50.033 MiB)
9604
  1.566697 seconds (39.64 k allocations: 50.033 MiB)
6607
  1.557115 seconds (39.64 k allocations: 50.033 MiB)
8119
  1.744473 seconds (39.64 k allocations: 50.033 MiB)
5114
  1.748574 seconds (39.64 k allocations: 50.033 MiB)
2097
  1.565437 seconds (31.73 k allocations: 40.043 MiB)
9605
  1.755803 seconds (47.55 k allocations: 60.022 MiB)
3600
  1.548345 seconds (39.56 k allocations: 49.949 MiB)
6608
  2.094083 seconds (38.16 k allocations: 47.301 MiB, 0.81% gc time)
  1.805075 seconds (22.39 k allocations: 27.356 MiB, 0.94% gc time)
  1.765087 seconds (14.58 k allocations: 17.494 MiB, 0.96% gc time)
  1.828177 seconds (30.51 k allocations: 37.669 MiB, 0.93% gc time)
  1.629076 seconds (6.90 k allocations: 7.930 MiB, 1.04% gc time)
3601
9606
8120
2098
5115
  1.547761 seconds (37.89 k allocations: 45.022 MiB)
6609
  1.594115 seconds (32.00 k allocations: 39.567 MiB)
3602
  1.679075 seconds (17.95 k allocations: 23.361 MiB)
8121
  1.681151 seconds (21.55 k allocations: 27.742 MiB)
2099
  1.729524 seconds (31.89 k allocations: 40.211 MiB)
5116
  1.957983 seconds (49.94 k allocations: 64.224 MiB)
9607
  1.562634 seconds (39.72 k allocations: 50.117 MiB)
6610
  1.540302 seconds (27.72 k allocations: 35.254 MiB)
8122
  1.540916 seconds (27.83 k allocations: 34.846 MiB)
2100
  1.508987 seconds (31.64 k allocations: 39.959 MiB)
5117
  1.752201 seconds (63.37 k allocations: 80.001 MiB)
3603
  1.550604 seconds (39.56 k allocations: 49.949 MiB)
9608
  1.575035 seconds (39.64 k allocations: 50.033 MiB)
6611
  1.544561 seconds (34.74 k allocations: 44.342 MiB)
8123
  1.547096 seconds (23.98 k allocations: 30.222 MiB)
3604
  1.739275 seconds (47.71 k allocations: 60.190 MiB)
2101
  1.743403 seconds (47.71 k allocations: 60.190 MiB)
5118
  1.561491 seconds (39.80 k allocations: 50.201 MiB)
9609
  1.551222 seconds (39.80 k allocations: 50.201 MiB)
6612
  1.544839 seconds (39.72 k allocations: 50.117 MiB)
8124
  2.688539 seconds (34.71 k allocations: 43.788 MiB, 0.62% gc time)
  2.499300 seconds (10.88 k allocations: 13.700 MiB, 0.67% gc time)
  2.604654 seconds (26.96 k allocations: 33.942 MiB, 0.64% gc time)
  2.574445 seconds (19.08 k allocations: 24.052 MiB, 0.65% gc time)
  1.565458 seconds (3.28 k allocations: 4.157 MiB, 1.07% gc time)
6613
3605
9610
2102
5119
  1.549085 seconds (37.89 k allocations: 45.022 MiB)
8125
  1.605818 seconds (30.65 k allocations: 37.019 MiB)
6614
  1.635150 seconds (23.43 k allocations: 29.018 MiB)
2103
  1.686369 seconds (23.90 k allocations: 30.137 MiB)
5120
  1.824805 seconds (54.47 k allocations: 67.071 MiB)
3606
  1.878016 seconds (54.02 k allocations: 67.194 MiB)
9611
  1.552520 seconds (39.72 k allocations: 50.117 MiB)
8126
  1.547842 seconds (39.72 k allocations: 50.117 MiB)
6615
  1.545752 seconds (39.72 k allocations: 50.117 MiB)
2104
  1.512463 seconds (39.80 k allocations: 50.201 MiB)
5121
  1.558001 seconds (31.81 k allocations: 40.127 MiB)
9612
  1.755843 seconds (47.79 k allocations: 60.274 MiB)
3607
  1.562133 seconds (39.80 k allocations: 50.201 MiB)
8127
  1.550691 seconds (39.80 k allocations: 50.201 MiB)
6616
  1.751976 seconds (39.72 k allocations: 50.117 MiB)
  1.746648 seconds (32.19 k allocations: 41.163 MiB)
  1.548208 seconds (24.58 k allocations: 32.125 MiB)
2105
5122
9613
  1.547537 seconds (39.72 k allocations: 50.117 MiB)
3608
  1.552629 seconds (39.64 k allocations: 50.033 MiB)
8128
  2.881091 seconds (38.09 k allocations: 47.236 MiB, 0.58% gc time)
  2.493676 seconds (18.44 k allocations: 23.850 MiB, 0.68% gc time)
  2.484284 seconds (14.44 k allocations: 17.357 MiB, 0.68% gc time)
  2.488072 seconds (14.54 k allocations: 17.504 MiB, 0.68% gc time)
  1.700102 seconds (6.74 k allocations: 7.695 MiB, 0.99% gc time)
6617
2106
9614
3609
5123
  1.545292 seconds (32.09 k allocations: 38.854 MiB)
  1.545936 seconds (10.92 k allocations: 16.687 MiB)
8129
3610
  1.645296 seconds (15.99 k allocations: 20.148 MiB)
  1.651458 seconds (16.37 k allocations: 21.184 MiB)
  1.653843 seconds (16.75 k allocations: 22.219 MiB)
  1.660401 seconds (17.13 k allocations: 23.256 MiB)
2107
5124
9615
6618
  1.542879 seconds (39.15 k allocations: 48.847 MiB)
8130
  1.512849 seconds (23.13 k allocations: 28.066 MiB)
5125
  1.539352 seconds (31.04 k allocations: 38.056 MiB)
2108
  1.547140 seconds (27.76 k allocations: 35.306 MiB)
9616
  1.705663 seconds (63.45 k allocations: 80.085 MiB)
3611
  1.577408 seconds (39.64 k allocations: 50.033 MiB)
6619
  1.544875 seconds (39.56 k allocations: 49.949 MiB)
8131
  1.565812 seconds (7.99 k allocations: 10.074 MiB)
6620
  1.744913 seconds (47.63 k allocations: 60.106 MiB)
5126
  1.751184 seconds (47.71 k allocations: 60.190 MiB)
2109
  1.756863 seconds (47.79 k allocations: 60.274 MiB)
9617
  1.756187 seconds (47.79 k allocations: 60.274 MiB)
3612
  1.544611 seconds (39.88 k allocations: 50.285 MiB)
8132
  1.559539 seconds (39.80 k allocations: 50.201 MiB)
6621
  2.783419 seconds (26.80 k allocations: 33.791 MiB, 0.60% gc time)
  2.741387 seconds (18.97 k allocations: 23.865 MiB, 0.61% gc time)
  2.724257 seconds (11.03 k allocations: 13.832 MiB, 0.61% gc time)
  2.812599 seconds (35.05 k allocations: 44.160 MiB, 0.59% gc time)
  1.556980 seconds (3.32 k allocations: 4.164 MiB, 1.07% gc time)
8133
2110
3613
9618
5127
  1.543644 seconds (12.95 k allocations: 18.109 MiB)
  1.548946 seconds (22.96 k allocations: 30.190 MiB)
8134
6622
  1.647863 seconds (15.99 k allocations: 20.148 MiB)
2111
  1.659873 seconds (16.72 k allocations: 21.602 MiB)
5128
  1.672182 seconds (31.89 k allocations: 40.211 MiB)
9619
  1.697987 seconds (39.80 k allocations: 50.201 MiB)
3614
  1.518559 seconds (15.90 k allocations: 20.064 MiB)
5129
  1.576997 seconds (47.33 k allocations: 59.154 MiB)
8135
  1.541036 seconds (30.10 k allocations: 38.391 MiB)
2112
  1.575948 seconds (55.24 k allocations: 69.144 MiB)
6623
  1.546352 seconds (33.00 k allocations: 42.039 MiB)
9620
  1.766963 seconds (39.72 k allocations: 50.117 MiB)
3615
  1.554405 seconds (28.40 k allocations: 35.957 MiB)
8136
  1.550120 seconds (16.75 k allocations: 22.152 MiB)
6624
  1.743681 seconds (55.70 k allocations: 70.264 MiB)
5130
  1.738027 seconds (47.71 k allocations: 60.190 MiB)
2113
  1.773009 seconds (39.72 k allocations: 50.117 MiB)
9621
  1.544958 seconds (39.72 k allocations: 50.117 MiB)
3616
  1.542127 seconds (39.64 k allocations: 50.033 MiB)
8137
  2.023488 seconds (34.45 k allocations: 43.518 MiB, 0.81% gc time)
  1.797620 seconds (10.76 k allocations: 13.581 MiB, 0.91% gc time)
  1.854244 seconds (18.85 k allocations: 23.803 MiB, 0.88% gc time)
  1.868256 seconds (26.68 k allocations: 33.663 MiB, 0.88% gc time)
  1.780689 seconds (3.16 k allocations: 4.052 MiB, 0.92% gc time)
6625
9622
2114
3617
5131
  1.554977 seconds (20.73 k allocations: 27.273 MiB)
  1.578725 seconds (384 allocations: 1.037 MiB)
  1.610093 seconds (764 allocations: 2.072 MiB)
  1.671151 seconds (1.15 k allocations: 3.108 MiB)
  1.704146 seconds (12.31 k allocations: 20.017 MiB)
8138
  1.803569 seconds (9.53 k allocations: 14.218 MiB)
2115
  1.417459 seconds (7.99 k allocations: 10.074 MiB)
  1.401818 seconds (383 allocations: 1.036 MiB)
5132
6626
3618
9623
8139
2116
  1.641651 seconds (37.89 k allocations: 45.022 MiB)
5133
  1.666746 seconds (38.26 k allocations: 46.056 MiB)
6627
  1.637912 seconds (15.90 k allocations: 20.064 MiB)
  1.670065 seconds (16.47 k allocations: 22.507 MiB)
8140
9624
  1.780622 seconds (31.81 k allocations: 40.127 MiB)
2117
  1.874397 seconds (62.54 k allocations: 77.229 MiB)
3619
  1.548496 seconds (31.81 k allocations: 40.127 MiB)
6628
  1.549373 seconds (23.82 k allocations: 30.054 MiB)
9625
  1.568525 seconds (31.81 k allocations: 40.127 MiB)
8141
  3.466025 seconds (61.98 k allocations: 77.362 MiB, 0.47% gc time)
  3.226752 seconds (30.16 k allocations: 37.201 MiB, 0.51% gc time)
  3.158857 seconds (22.35 k allocations: 27.315 MiB, 0.52% gc time)
  1.830141 seconds (16.17 k allocations: 20.974 MiB, 0.89% gc time)
  1.770568 seconds (8.27 k allocations: 11.050 MiB, 0.92% gc time)
5134
2118
3620
9626
6629
  1.542540 seconds (14.63 k allocations: 19.867 MiB)
9627
  1.600844 seconds (41.87 k allocations: 50.776 MiB)
8142
  1.868490 seconds (23.35 k allocations: 28.934 MiB)
3621
  1.883287 seconds (31.34 k allocations: 39.007 MiB)
2119
  2.169357 seconds (31.81 k allocations: 40.127 MiB)
6630
  2.416592 seconds (47.25 k allocations: 59.071 MiB)
5135
  1.754674 seconds (39.80 k allocations: 50.201 MiB)
9628
  1.545415 seconds (31.89 k allocations: 40.211 MiB)
3622
  1.847649 seconds (47.79 k allocations: 60.274 MiB)
8143
  1.798295 seconds (39.72 k allocations: 50.117 MiB)
2120
  1.838298 seconds (39.80 k allocations: 50.201 MiB)
6631
  1.662148 seconds (35.09 k allocations: 44.182 MiB)
5136
  1.543070 seconds (31.73 k allocations: 40.043 MiB)
  1.541318 seconds (24.20 k allocations: 31.089 MiB)
  1.757303 seconds (40.41 k allocations: 52.105 MiB)
3623
8144
9629
  1.750383 seconds (39.64 k allocations: 50.033 MiB)
2121
  1.545694 seconds (39.26 k allocations: 48.997 MiB)
6632
  1.787751 seconds (39.72 k allocations: 50.117 MiB)
5137
  1.552571 seconds (23.90 k allocations: 30.138 MiB)
8145
  1.587466 seconds (31.89 k allocations: 40.211 MiB)
9630
  3.127591 seconds (35.28 k allocations: 45.588 MiB, 0.55% gc time)
  2.899135 seconds (27.02 k allocations: 34.014 MiB, 0.59% gc time)
  2.634800 seconds (19.12 k allocations: 24.025 MiB, 0.65% gc time)
  2.129794 seconds (11.22 k allocations: 14.068 MiB, 0.80% gc time)
  1.565055 seconds (3.35 k allocations: 4.215 MiB, 1.09% gc time)
3624
8146
6633
2122
5138
  1.538411 seconds (10.98 k allocations: 16.091 MiB)
8147
  1.544743 seconds (23.06 k allocations: 30.345 MiB)
9631
  1.659954 seconds (15.99 k allocations: 20.148 MiB)
6634
  1.678654 seconds (23.90 k allocations: 30.138 MiB)
5139
  1.859836 seconds (31.81 k allocations: 40.127 MiB)
2123
  1.863565 seconds (34.70 k allocations: 43.771 MiB)
3625
  1.539482 seconds (33.56 k allocations: 43.136 MiB)
8148
  1.546332 seconds (39.72 k allocations: 50.117 MiB)
9632
  1.518460 seconds (31.81 k allocations: 40.127 MiB)
5140
  1.546385 seconds (47.63 k allocations: 60.106 MiB)
6635
  1.540983 seconds (33.43 k allocations: 43.008 MiB)
2124
  1.544326 seconds (38.60 k allocations: 47.751 MiB)
3626
  1.572505 seconds (39.64 k allocations: 50.033 MiB)
8149
  1.547817 seconds (23.82 k allocations: 30.053 MiB)
6636
  1.718266 seconds (47.71 k allocations: 60.190 MiB)
9633
  1.747964 seconds (47.79 k allocations: 60.274 MiB)
5141
  1.541799 seconds (28.70 k allocations: 35.732 MiB)
3627
  1.721915 seconds (45.34 k allocations: 57.073 MiB)
2125
  1.538858 seconds (39.72 k allocations: 50.117 MiB)
8150
  1.933975 seconds (26.48 k allocations: 33.465 MiB, 0.88% gc time)
  1.978545 seconds (34.46 k allocations: 43.530 MiB, 0.86% gc time)
  1.788335 seconds (18.22 k allocations: 22.448 MiB, 0.95% gc time)
  1.773024 seconds (10.75 k allocations: 13.538 MiB, 0.96% gc time)
  1.608449 seconds (2.95 k allocations: 3.701 MiB, 1.05% gc time)
2126
3628
6637
9634
5142
  1.549738 seconds (37.81 k allocations: 44.938 MiB)
8151
  1.568657 seconds (7.92 k allocations: 9.990 MiB)
3629
  1.581637 seconds (15.91 k allocations: 20.064 MiB)
5143
  1.587575 seconds (23.82 k allocations: 30.053 MiB)
9635
  1.684951 seconds (31.73 k allocations: 40.043 MiB)
6638
  1.730399 seconds (39.64 k allocations: 50.033 MiB)
2127
  1.540614 seconds (39.72 k allocations: 50.117 MiB)
8152
  1.517992 seconds (31.81 k allocations: 40.127 MiB)
5144
  1.546619 seconds (31.81 k allocations: 40.127 MiB)
9636
  1.549796 seconds (31.81 k allocations: 40.127 MiB)
6639
  1.697515 seconds (63.45 k allocations: 80.085 MiB)
  1.663268 seconds (32.11 k allocations: 41.079 MiB)
3630
2128
  1.539533 seconds (39.64 k allocations: 50.033 MiB)
8153
  1.548708 seconds (23.90 k allocations: 30.137 MiB)
6640
  1.758629 seconds (47.63 k allocations: 60.106 MiB)
5145
  1.758439 seconds (47.71 k allocations: 60.190 MiB)
9637
  1.545031 seconds (31.81 k allocations: 40.127 MiB)
2129
  1.694675 seconds (39.80 k allocations: 50.201 MiB)
3631
  1.540176 seconds (39.80 k allocations: 50.201 MiB)
8154
  2.039643 seconds (22.22 k allocations: 27.200 MiB, 0.76% gc time)
  2.153194 seconds (38.08 k allocations: 47.237 MiB, 0.72% gc time)
  2.078947 seconds (30.21 k allocations: 37.228 MiB, 0.75% gc time)
  1.916226 seconds (14.38 k allocations: 17.311 MiB, 0.81% gc time)
  1.766702 seconds (6.52 k allocations: 7.444 MiB, 0.88% gc time)
2130
3632
9638
5146
6641
  1.547127 seconds (37.08 k allocations: 44.164 MiB)
8155
  1.557946 seconds (18.70 k allocations: 25.890 MiB)
3633
  1.559861 seconds (15.82 k allocations: 19.980 MiB)
2131
  1.590208 seconds (23.73 k allocations: 29.969 MiB)
5147
  1.660586 seconds (32.18 k allocations: 42.958 MiB)
9639
  1.678422 seconds (39.64 k allocations: 50.033 MiB)
6642
  1.539466 seconds (39.64 k allocations: 50.033 MiB)
8156
  1.541675 seconds (39.58 k allocations: 49.916 MiB)
3634
  1.517774 seconds (31.73 k allocations: 40.043 MiB)
5148
  1.637737 seconds (47.55 k allocations: 60.022 MiB)
2132
  1.554962 seconds (39.64 k allocations: 50.033 MiB)
9640
  1.546223 seconds (39.72 k allocations: 50.117 MiB)
6643
  1.547503 seconds (39.72 k allocations: 50.117 MiB)
8157
  1.543723 seconds (15.82 k allocations: 19.980 MiB)
9641
  1.547773 seconds (15.90 k allocations: 20.064 MiB)
6644
  1.753946 seconds (55.70 k allocations: 70.264 MiB)
3635
  1.748848 seconds (55.70 k allocations: 70.264 MiB)
5149
  1.760757 seconds (55.62 k allocations: 70.180 MiB)
2133
  1.539519 seconds (39.80 k allocations: 50.201 MiB)
8158
  1.554618 seconds (31.73 k allocations: 40.043 MiB)
6645
  2.888150 seconds (26.80 k allocations: 33.787 MiB, 0.65% gc time)
  2.976128 seconds (42.76 k allocations: 53.900 MiB, 0.63% gc time)
  2.775665 seconds (11.06 k allocations: 13.906 MiB, 0.68% gc time)
  2.875693 seconds (19.18 k allocations: 24.176 MiB, 0.65% gc time)
  1.568099 seconds (3.36 k allocations: 4.257 MiB, 1.20% gc time)
3636
8159
9642
2134
5150
  1.537446 seconds (16.56 k allocations: 21.766 MiB)
8160
  1.548198 seconds (36.94 k allocations: 44.534 MiB)
6646
  1.658815 seconds (15.99 k allocations: 20.148 MiB)
2135
  1.661032 seconds (18.74 k allocations: 23.665 MiB)
5151
  1.669178 seconds (30.35 k allocations: 37.420 MiB)
9643
  1.867110 seconds (39.88 k allocations: 50.285 MiB)
3637
  1.540838 seconds (37.32 k allocations: 46.980 MiB)
8161
  1.548819 seconds (39.80 k allocations: 50.201 MiB)
6647
  1.517014 seconds (29.12 k allocations: 36.694 MiB)
5152
  1.541477 seconds (40.57 k allocations: 51.678 MiB)
2136
  1.625524 seconds (39.72 k allocations: 50.117 MiB)
9644
  1.544954 seconds (39.64 k allocations: 50.033 MiB)
3638
  1.550348 seconds (39.72 k allocations: 50.117 MiB)
8162
  1.548334 seconds (39.72 k allocations: 50.117 MiB)
6648
  1.748828 seconds (39.72 k allocations: 50.117 MiB)
5153
  1.750854 seconds (39.80 k allocations: 50.201 MiB)
2137
  1.543912 seconds (24.57 k allocations: 31.522 MiB)
3639
  1.757959 seconds (47.87 k allocations: 60.358 MiB)
9645
  1.546216 seconds (39.80 k allocations: 50.201 MiB)
8163
  1.677086 seconds (2.94 k allocations: 3.686 MiB, 0.91% gc time)
  2.100181 seconds (34.78 k allocations: 43.858 MiB, 0.73% gc time)
  1.800310 seconds (26.91 k allocations: 33.888 MiB, 0.85% gc time)
  1.776301 seconds (11.05 k allocations: 13.960 MiB, 0.86% gc time)
  1.778296 seconds (11.16 k allocations: 14.143 MiB, 0.86% gc time)
9646
6649
2138
3640
5154
  1.541876 seconds (17.82 k allocations: 24.303 MiB)
8164
  1.560127 seconds (9.95 k allocations: 14.513 MiB)
6650
  1.586648 seconds (15.90 k allocations: 20.064 MiB)
5155
  1.676950 seconds (23.82 k allocations: 30.053 MiB)
9647
  1.706151 seconds (37.07 k allocations: 49.168 MiB)
3641
  1.753203 seconds (45.59 k allocations: 59.799 MiB)
2139
  1.538645 seconds (39.56 k allocations: 49.949 MiB)
8165
  1.546674 seconds (39.64 k allocations: 50.033 MiB)
6651
  1.518044 seconds (32.34 k allocations: 41.371 MiB)
5156
  1.544675 seconds (39.64 k allocations: 50.033 MiB)
9648
  1.578879 seconds (31.81 k allocations: 40.127 MiB)
2140
  1.753484 seconds (47.63 k allocations: 60.106 MiB)
3642
  1.540513 seconds (39.64 k allocations: 50.033 MiB)
  1.549472 seconds (24.20 k allocations: 31.089 MiB)
8166
6652
  1.553602 seconds (31.64 k allocations: 39.959 MiB)
9649
  1.747472 seconds (47.63 k allocations: 60.106 MiB)
5157
  1.544707 seconds (31.73 k allocations: 40.043 MiB)
3643
  1.751414 seconds (47.55 k allocations: 60.022 MiB)
2141
  1.574935 seconds (31.81 k allocations: 40.127 MiB)
8167
  2.010672 seconds (38.15 k allocations: 47.299 MiB, 0.89% gc time)
  2.000641 seconds (30.23 k allocations: 37.272 MiB, 0.90% gc time)
  1.784271 seconds (14.48 k allocations: 17.353 MiB, 1.00% gc time)
  1.932294 seconds (22.49 k allocations: 27.525 MiB, 0.93% gc time)
  1.611167 seconds (6.68 k allocations: 7.643 MiB, 1.11% gc time)
6653
2142
9650
3644
5158
  1.539290 seconds (35.94 k allocations: 42.955 MiB)
8168
  1.585649 seconds (7.99 k allocations: 10.074 MiB)
5159
  1.588897 seconds (11.11 k allocations: 13.961 MiB)
9651
  1.593359 seconds (18.07 k allocations: 21.746 MiB)
  1.592534 seconds (20.10 k allocations: 24.465 MiB)
6654
3645
  1.753603 seconds (51.78 k allocations: 67.313 MiB)
2143
  1.538948 seconds (39.80 k allocations: 50.201 MiB)
  1.518188 seconds (22.69 k allocations: 29.368 MiB)
  1.546247 seconds (8.76 k allocations: 12.146 MiB)
  1.619935 seconds (12.80 k allocations: 19.367 MiB)
  1.539184 seconds (1.53 k allocations: 4.144 MiB)
  1.702272 seconds (9.90 k allocations: 15.253 MiB)
8169
5160
6655
9652
2144
3646
  1.570373 seconds (37.89 k allocations: 45.022 MiB)
  1.591865 seconds (384 allocations: 1.037 MiB)
  1.665136 seconds (4.80 k allocations: 9.852 MiB)
8170
2145
6656
  1.786066 seconds (23.81 k allocations: 30.053 MiB)
3647
  1.904833 seconds (32.17 k allocations: 41.731 MiB)
9653
  1.925219 seconds (55.31 k allocations: 70.908 MiB)
5161
  1.580997 seconds (38.94 k allocations: 48.044 MiB)
8171
  1.586708 seconds (31.73 k allocations: 40.043 MiB)
6657
  3.009169 seconds (26.80 k allocations: 33.803 MiB, 0.55% gc time)
  2.944192 seconds (18.57 k allocations: 22.827 MiB, 0.56% gc time)
  3.122249 seconds (34.96 k allocations: 45.269 MiB, 0.53% gc time)
  2.929850 seconds (11.19 k allocations: 14.103 MiB, 0.56% gc time)
  1.563095 seconds (3.38 k allocations: 4.280 MiB, 1.05% gc time)
8172
3648
9654
2146
5162
  1.549470 seconds (23.25 k allocations: 29.828 MiB)
6658
  1.547620 seconds (14.52 k allocations: 20.400 MiB)
8173
  1.660735 seconds (15.90 k allocations: 20.064 MiB)
2147
  1.673077 seconds (23.82 k allocations: 30.053 MiB)
5163
  1.679726 seconds (29.29 k allocations: 36.333 MiB)
3649
  1.771245 seconds (39.64 k allocations: 50.033 MiB)
9655
  1.541133 seconds (31.64 k allocations: 39.959 MiB)
8174
  1.547166 seconds (36.81 k allocations: 45.926 MiB)
6659
  1.517018 seconds (28.21 k allocations: 35.766 MiB)
5164
  1.631613 seconds (47.55 k allocations: 60.022 MiB)
2148
  1.546463 seconds (31.81 k allocations: 40.127 MiB)
9656
  1.756569 seconds (47.71 k allocations: 60.190 MiB)
3650
  1.538632 seconds (36.13 k allocations: 45.748 MiB)
8175
  1.547953 seconds (39.88 k allocations: 50.285 MiB)
6660
  1.547095 seconds (23.98 k allocations: 30.222 MiB)
9657
  1.748020 seconds (47.95 k allocations: 60.442 MiB)
5165
  1.545071 seconds (31.89 k allocations: 40.211 MiB)
3651
  1.750738 seconds (55.78 k allocations: 70.348 MiB)
2149
  1.538276 seconds (39.80 k allocations: 50.201 MiB)
8176
  2.123194 seconds (34.70 k allocations: 43.767 MiB, 0.89% gc time)
  1.897015 seconds (26.74 k allocations: 33.725 MiB, 0.99% gc time)
  1.714755 seconds (3.02 k allocations: 3.767 MiB, 1.10% gc time)
  1.825512 seconds (19.00 k allocations: 23.970 MiB, 1.03% gc time)
  1.782033 seconds (11.20 k allocations: 14.173 MiB, 1.05% gc time)
6661
3652
9658
2150
5166
  1.549760 seconds (21.15 k allocations: 27.689 MiB)
8177
  1.586615 seconds (8.00 k allocations: 10.075 MiB)
9659
  1.591608 seconds (13.55 k allocations: 16.447 MiB)
5167
  1.595123 seconds (19.51 k allocations: 24.438 MiB)
2151
  1.687630 seconds (31.89 k allocations: 40.211 MiB)
6662
  1.701100 seconds (48.67 k allocations: 62.917 MiB)
3653
  1.538986 seconds (39.88 k allocations: 50.285 MiB)
8178
  1.529541 seconds (27.43 k allocations: 34.975 MiB)
5168
  1.545803 seconds (31.89 k allocations: 40.211 MiB)
2152
  1.619875 seconds (51.55 k allocations: 64.791 MiB)
9660
  1.555415 seconds (35.51 k allocations: 45.129 MiB)
6663
  1.751717 seconds (39.88 k allocations: 50.285 MiB)
3654
  1.539758 seconds (39.88 k allocations: 50.285 MiB)
8179
  1.549308 seconds (15.98 k allocations: 20.148 MiB)
6664
  1.761157 seconds (47.87 k allocations: 60.358 MiB)
5169
  1.757056 seconds (47.87 k allocations: 60.358 MiB)
2153
  1.762097 seconds (47.87 k allocations: 60.358 MiB)
9661
  1.549663 seconds (39.80 k allocations: 50.201 MiB)
3655
  1.550057 seconds (39.72 k allocations: 50.117 MiB)
8180
  1.875000 seconds (38.17 k allocations: 47.309 MiB, 0.84% gc time)
  1.674528 seconds (6.40 k allocations: 7.220 MiB, 0.94% gc time)
  1.697918 seconds (14.39 k allocations: 17.272 MiB, 0.93% gc time)
  1.784098 seconds (30.48 k allocations: 37.663 MiB, 0.89% gc time)
  1.769210 seconds (22.42 k allocations: 27.448 MiB, 0.89% gc time)
6665
9662
2154
5170
3656
  1.539781 seconds (32.65 k allocations: 39.420 MiB)
8181
  1.563460 seconds (16.17 k allocations: 22.078 MiB)
5171
  1.587595 seconds (15.82 k allocations: 19.980 MiB)
  1.589305 seconds (16.22 k allocations: 21.017 MiB)
3657
9663
  1.593671 seconds (24.75 k allocations: 30.478 MiB)
6666
  1.754269 seconds (48.23 k allocations: 62.475 MiB)
2155
  1.539126 seconds (39.80 k allocations: 50.201 MiB)
  1.517674 seconds (32.27 k allocations: 41.247 MiB)
  1.548639 seconds (8.68 k allocations: 12.062 MiB)
  1.556070 seconds (11.68 k allocations: 16.995 MiB)
8182
5172
6667
9664
  1.711001 seconds (43.09 k allocations: 54.776 MiB)
  1.553796 seconds (31.94 k allocations: 40.475 MiB)
3658
2156
  1.582531 seconds (15.90 k allocations: 20.064 MiB)
9665
  1.589901 seconds (22.42 k allocations: 27.401 MiB)
  1.590480 seconds (23.94 k allocations: 29.595 MiB)
8183
6668
  1.787117 seconds (39.80 k allocations: 50.201 MiB)
5173
  1.714978 seconds (31.81 k allocations: 40.127 MiB)
2157
  1.760297 seconds (39.72 k allocations: 50.117 MiB)
3659
  1.539459 seconds (23.73 k allocations: 29.969 MiB)
8184
  1.543771 seconds (28.95 k allocations: 35.985 MiB)
6669
  1.966841 seconds (44.94 k allocations: 56.672 MiB, 0.87% gc time)
  1.751783 seconds (18.79 k allocations: 23.695 MiB, 0.98% gc time)
  1.703997 seconds (10.97 k allocations: 13.785 MiB, 1.01% gc time)
  1.764631 seconds (26.89 k allocations: 33.917 MiB, 0.97% gc time)
3660
9666
2158
5174
  1.548407 seconds (18.60 k allocations: 23.914 MiB)
6670
  1.588878 seconds (44.84 k allocations: 56.565 MiB)
8185
  1.583810 seconds (23.35 k allocations: 28.934 MiB)
3661
  1.585303 seconds (25.11 k allocations: 31.431 MiB)
9667
  1.593336 seconds (31.73 k allocations: 40.043 MiB)
5175
  1.752906 seconds (52.04 k allocations: 66.403 MiB)
2159
  1.546967 seconds (39.64 k allocations: 50.033 MiB)
6671
  1.539640 seconds (39.72 k allocations: 50.117 MiB)
8186
  1.513143 seconds (23.82 k allocations: 30.053 MiB)
5176
  1.606107 seconds (39.64 k allocations: 50.033 MiB)
9668
  1.543468 seconds (31.81 k allocations: 40.127 MiB)
2160
  1.766005 seconds (55.97 k allocations: 71.765 MiB)
3662
  1.550472 seconds (39.72 k allocations: 50.117 MiB)
6672
  1.539920 seconds (39.72 k allocations: 50.117 MiB)
8187
  1.557525 seconds (31.73 k allocations: 40.043 MiB)
9669
  1.558515 seconds (31.73 k allocations: 40.043 MiB)
2161
  1.546700 seconds (31.81 k allocations: 40.127 MiB)
3663
  1.744320 seconds (63.61 k allocations: 80.253 MiB)
5177
  1.539895 seconds (31.89 k allocations: 40.211 MiB)
  1.556709 seconds (40.18 k allocations: 51.236 MiB)
8188
6673
  1.928241 seconds (37.30 k allocations: 45.200 MiB, 0.86% gc time)
  1.831403 seconds (29.33 k allocations: 35.150 MiB, 0.90% gc time)
  1.772606 seconds (13.52 k allocations: 15.140 MiB, 0.93% gc time)
  1.782384 seconds (20.53 k allocations: 23.511 MiB, 0.93% gc time)
3664
2162
5178
9670
  1.549745 seconds (25.39 k allocations: 30.845 MiB)
6674
  1.573603 seconds (8.51 k allocations: 11.820 MiB)
5179
  1.594819 seconds (33.82 k allocations: 43.217 MiB)
8189
  1.592001 seconds (23.82 k allocations: 30.053 MiB)
9671
  1.600104 seconds (29.96 k allocations: 37.021 MiB)
2163
  1.716288 seconds (48.58 k allocations: 62.821 MiB)
3665
  1.547852 seconds (39.80 k allocations: 50.201 MiB)
6675
  1.512840 seconds (32.36 k allocations: 41.382 MiB)
5180
  1.540377 seconds (39.80 k allocations: 50.201 MiB)
8190
  1.545663 seconds (37.77 k allocations: 47.434 MiB)
9672
  1.680812 seconds (39.72 k allocations: 50.117 MiB)
2164
  1.799220 seconds (39.72 k allocations: 50.117 MiB)
3666
  1.549924 seconds (31.81 k allocations: 40.127 MiB)
6676
  1.539587 seconds (31.89 k allocations: 40.211 MiB)
8191
  1.761266 seconds (47.71 k allocations: 60.190 MiB)
5181
  1.758303 seconds (39.80 k allocations: 50.201 MiB)
9673
  1.753260 seconds (39.80 k allocations: 50.201 MiB)
2165
  1.547953 seconds (39.80 k allocations: 50.201 MiB)
3667
  1.549801 seconds (39.72 k allocations: 50.117 MiB)
6677
  1.539999 seconds (39.72 k allocations: 50.117 MiB)
8192
  1.596121 seconds (31.73 k allocations: 40.043 MiB)
9674
  2.924957 seconds (42.61 k allocations: 53.773 MiB, 0.68% gc time)
  2.730252 seconds (26.67 k allocations: 33.651 MiB, 0.73% gc time)
  1.578305 seconds (11.02 k allocations: 13.835 MiB, 1.26% gc time)
  2.569114 seconds (18.87 k allocations: 23.749 MiB, 0.77% gc time)
  1.555616 seconds (3.23 k allocations: 4.029 MiB, 1.28% gc time)
6678
8193
2166
5182
3668
  1.538233 seconds (11.48 k allocations: 16.594 MiB)
  1.582743 seconds (470 allocations: 2.350 MiB)
8194
6679
  1.671490 seconds (15.90 k allocations: 20.064 MiB)
  1.677242 seconds (16.29 k allocations: 21.099 MiB)
  1.687615 seconds (16.67 k allocations: 22.135 MiB)
  1.729247 seconds (37.86 k allocations: 50.507 MiB)
3669
5183
2167
9675
  1.578236 seconds (31.81 k allocations: 40.127 MiB)
  1.590864 seconds (32.31 k allocations: 42.514 MiB)
  1.552256 seconds (9.52 k allocations: 13.512 MiB)
  1.576856 seconds (8.53 k allocations: 11.862 MiB)
  1.583573 seconds (1.53 k allocations: 4.144 MiB)
  1.735587 seconds (24.57 k allocations: 32.124 MiB)
6680
8195
5184
2168
  1.687894 seconds (22.59 k allocations: 26.862 MiB)
9676
  1.624702 seconds (23.06 k allocations: 27.983 MiB)
3670
6681
  1.884246 seconds (26.03 k allocations: 31.714 MiB)
  1.883560 seconds (23.90 k allocations: 30.137 MiB)
  1.871183 seconds (16.30 k allocations: 21.101 MiB)
8196
  1.874273 seconds (16.29 k allocations: 21.100 MiB)
5185
  1.729039 seconds (16.29 k allocations: 21.100 MiB)
2169
9677
  1.673661 seconds (23.51 k allocations: 29.102 MiB)
3671
  1.849983 seconds (23.51 k allocations: 29.102 MiB)
  1.850995 seconds (15.99 k allocations: 20.149 MiB)
6682
  1.738734 seconds (3.50 k allocations: 4.872 MiB, 0.96% gc time)
  2.424162 seconds (11.45 k allocations: 14.916 MiB, 0.69% gc time)
5186
8197
2170
3672
9678
  1.546889 seconds (20.22 k allocations: 26.734 MiB)
  1.543953 seconds (9.19 k allocations: 14.911 MiB)
6683
3673
  1.696237 seconds (15.91 k allocations: 20.064 MiB)
8198
  1.708473 seconds (23.90 k allocations: 30.137 MiB)
9679
  1.732339 seconds (24.75 k allocations: 31.707 MiB)
5187
  1.744766 seconds (39.80 k allocations: 50.201 MiB)
2171
  1.548188 seconds (39.50 k allocations: 49.249 MiB)
6684
  1.539123 seconds (31.81 k allocations: 40.127 MiB)
  1.514991 seconds (16.29 k allocations: 21.100 MiB)
8199
5188
  1.544655 seconds (33.02 k allocations: 42.594 MiB)
9680
  1.778836 seconds (63.69 k allocations: 80.337 MiB)
3674
  1.782007 seconds (39.80 k allocations: 50.201 MiB)
2172
  1.574765 seconds (39.88 k allocations: 50.285 MiB)
6685
  1.539512 seconds (33.10 k allocations: 42.674 MiB)
8200
  1.634042 seconds (39.80 k allocations: 50.201 MiB)
5189
  1.756813 seconds (39.88 k allocations: 50.285 MiB)
9681
  1.563771 seconds (35.33 k allocations: 44.424 MiB)
3675
  1.545420 seconds (39.72 k allocations: 50.117 MiB)
2173
  1.554809 seconds (39.72 k allocations: 50.117 MiB)
6686
  1.929138 seconds (30.29 k allocations: 37.337 MiB, 0.96% gc time)
  2.026387 seconds (38.25 k allocations: 47.404 MiB, 0.92% gc time)
  1.775544 seconds (17.24 k allocations: 21.408 MiB, 1.05% gc time)
  1.697653 seconds (6.74 k allocations: 7.584 MiB, 1.09% gc time)
  1.771281 seconds (14.75 k allocations: 17.744 MiB, 1.05% gc time)
3676
8201
2174
9682
5190
  1.549087 seconds (34.01 k allocations: 40.810 MiB)
6687
  1.582697 seconds (7.91 k allocations: 9.990 MiB)
2175
  1.588116 seconds (13.08 k allocations: 15.950 MiB)
5191
  1.667214 seconds (23.82 k allocations: 30.054 MiB)
8202
  1.680770 seconds (31.73 k allocations: 40.043 MiB)
9683
  1.694975 seconds (50.15 k allocations: 64.419 MiB)
3677
  1.546175 seconds (39.72 k allocations: 50.117 MiB)
6688
  1.512360 seconds (31.73 k allocations: 40.043 MiB)
5192
  1.545261 seconds (31.73 k allocations: 40.043 MiB)
  1.553429 seconds (19.33 k allocations: 25.424 MiB)
8203
9684
  1.744679 seconds (60.46 k allocations: 76.335 MiB)
2176
  1.752793 seconds (39.72 k allocations: 50.117 MiB)
3678
  1.549225 seconds (39.34 k allocations: 49.081 MiB)
6689
  1.550689 seconds (23.90 k allocations: 30.138 MiB)
9685
  1.569751 seconds (31.89 k allocations: 40.211 MiB)
8204
  1.780601 seconds (55.70 k allocations: 70.264 MiB)
5193
  1.546204 seconds (31.89 k allocations: 40.211 MiB)
3679
  1.784966 seconds (47.71 k allocations: 60.190 MiB)
2177
  1.556016 seconds (39.72 k allocations: 50.117 MiB)
6690
  1.538519 seconds (31.73 k allocations: 40.043 MiB)
8205
  2.779787 seconds (18.89 k allocations: 23.807 MiB, 0.58% gc time)
  2.968184 seconds (42.75 k allocations: 53.898 MiB, 0.54% gc time)
  2.881372 seconds (26.96 k allocations: 33.928 MiB, 0.56% gc time)
  2.597682 seconds (11.26 k allocations: 14.139 MiB, 0.62% gc time)
  1.559677 seconds (3.44 k allocations: 4.289 MiB, 1.03% gc time)
6691
9686
2178
5194
3680
  1.540313 seconds (23.77 k allocations: 30.354 MiB)
8206
  1.545930 seconds (21.33 k allocations: 28.588 MiB)
6692
  1.648353 seconds (15.99 k allocations: 20.148 MiB)
2179
  1.670544 seconds (23.90 k allocations: 30.137 MiB)
3681
  1.672914 seconds (24.72 k allocations: 31.671 MiB)
9687
  1.893953 seconds (39.88 k allocations: 50.285 MiB)
5195
  1.539015 seconds (39.80 k allocations: 50.201 MiB)
8207
  1.559761 seconds (39.80 k allocations: 50.201 MiB)
6693
  1.624924 seconds (23.82 k allocations: 30.053 MiB)
9688
  1.703713 seconds (31.81 k allocations: 40.127 MiB)
3682
  1.751490 seconds (55.78 k allocations: 70.348 MiB)
2180
  1.519097 seconds (39.80 k allocations: 50.201 MiB)
5196
  1.549348 seconds (39.80 k allocations: 50.201 MiB)
8208
  1.558420 seconds (39.80 k allocations: 50.201 MiB)
6694
  1.519618 seconds (15.90 k allocations: 20.064 MiB)
5197
  1.540750 seconds (31.81 k allocations: 40.127 MiB)
2181
  1.759889 seconds (55.70 k allocations: 70.264 MiB)
9689
  1.759640 seconds (55.62 k allocations: 70.180 MiB)
3683
  1.547710 seconds (39.72 k allocations: 50.117 MiB)
8209
  2.130892 seconds (38.25 k allocations: 47.389 MiB, 0.95% gc time)
  1.726818 seconds (14.47 k allocations: 17.368 MiB, 1.17% gc time)
  1.853375 seconds (30.09 k allocations: 36.499 MiB, 1.09% gc time)
  1.843340 seconds (22.55 k allocations: 27.580 MiB, 1.10% gc time)
  1.632318 seconds (6.85 k allocations: 7.816 MiB, 1.24% gc time)
2182
9690
6695
3684
5198
  1.541439 seconds (31.52 k allocations: 38.251 MiB)
8210
  1.545459 seconds (16.11 k allocations: 22.032 MiB)
3685
  1.558451 seconds (22.16 k allocations: 30.105 MiB)
6696
  1.574317 seconds (23.82 k allocations: 30.054 MiB)
9691
  1.586049 seconds (31.73 k allocations: 40.043 MiB)
2183
  1.589905 seconds (36.16 k allocations: 45.252 MiB)
5199
  1.541088 seconds (39.56 k allocations: 49.949 MiB)
  1.549220 seconds (24.12 k allocations: 31.005 MiB)
  1.527389 seconds (765 allocations: 2.072 MiB)
  1.546511 seconds (16.97 k allocations: 23.087 MiB)
  1.545312 seconds (4.32 k allocations: 8.215 MiB)
8211
6697
5200
9692
2184
  1.754548 seconds (71.44 k allocations: 90.159 MiB)
3686
  1.579722 seconds (8.29 k allocations: 11.604 MiB)
8212
  1.586663 seconds (16.05 k allocations: 21.439 MiB)
  1.587341 seconds (16.47 k allocations: 22.266 MiB)
9693
6698
  1.546106 seconds (23.90 k allocations: 30.137 MiB)
3687
  1.781496 seconds (39.80 k allocations: 50.201 MiB)
5201
  1.801124 seconds (48.17 k allocations: 61.878 MiB)
2185
  1.538556 seconds (38.43 k allocations: 47.417 MiB)
8213
  1.546192 seconds (31.73 k allocations: 40.043 MiB)
6699
  3.077043 seconds (34.71 k allocations: 43.779 MiB, 0.52% gc time)
  3.007230 seconds (26.86 k allocations: 33.842 MiB, 0.53% gc time)
  2.874994 seconds (18.99 k allocations: 23.908 MiB, 0.56% gc time)
  2.864252 seconds (11.18 k allocations: 14.107 MiB, 0.56% gc time)
  1.538318 seconds (3.40 k allocations: 4.297 MiB, 1.05% gc time)
8214
3688
9694
2186
5202
  1.541095 seconds (12.93 k allocations: 18.093 MiB)
  1.556057 seconds (22.46 k allocations: 29.682 MiB)
8215
6700
  1.652348 seconds (15.90 k allocations: 20.064 MiB)
5203
  1.664277 seconds (23.82 k allocations: 30.054 MiB)
2187
  1.740437 seconds (31.73 k allocations: 40.043 MiB)
9695
  1.809392 seconds (39.72 k allocations: 50.117 MiB)
3689
  1.539738 seconds (31.81 k allocations: 40.127 MiB)
8216
  1.549713 seconds (39.80 k allocations: 50.201 MiB)
6701
  1.514234 seconds (39.88 k allocations: 50.285 MiB)
5204
  1.547708 seconds (31.89 k allocations: 40.211 MiB)
9696
  1.648659 seconds (47.79 k allocations: 60.274 MiB)
2188
  1.755298 seconds (39.72 k allocations: 50.117 MiB)
3690
  1.539487 seconds (39.64 k allocations: 50.033 MiB)
8217
  1.550832 seconds (39.64 k allocations: 50.033 MiB)
6702
  1.548701 seconds (31.73 k allocations: 40.043 MiB)
9697
  1.743870 seconds (47.63 k allocations: 60.106 MiB)
5205
  1.754905 seconds (39.72 k allocations: 50.117 MiB)
2189
  1.549588 seconds (39.80 k allocations: 50.201 MiB)
3691
  1.539865 seconds (39.80 k allocations: 50.201 MiB)
8218
  2.193954 seconds (34.78 k allocations: 43.867 MiB, 0.85% gc time)
  2.001845 seconds (26.83 k allocations: 33.820 MiB, 0.93% gc time)
  1.929202 seconds (19.02 k allocations: 23.944 MiB, 0.96% gc time)
  1.723439 seconds (3.17 k allocations: 4.037 MiB, 1.08% gc time)
  1.771083 seconds (11.20 k allocations: 14.157 MiB, 1.05% gc time)
2190
6703
9698
5206
3692
  1.540738 seconds (37.73 k allocations: 44.854 MiB)
8219
  1.586660 seconds (7.91 k allocations: 9.990 MiB)
  1.589669 seconds (8.29 k allocations: 11.026 MiB)
3693
5207
  1.656971 seconds (23.82 k allocations: 30.054 MiB)
9699
  1.670574 seconds (31.81 k allocations: 40.127 MiB)
6704
  1.799119 seconds (39.80 k allocations: 50.201 MiB)
2191
  1.540893 seconds (39.88 k allocations: 50.285 MiB)
8220
  1.532485 seconds (31.97 k allocations: 40.295 MiB)
5208
  1.548464 seconds (23.90 k allocations: 30.137 MiB)
6705
  1.641270 seconds (39.80 k allocations: 50.201 MiB)
9700
  1.706028 seconds (57.22 k allocations: 73.035 MiB)
3694
  1.733772 seconds (39.72 k allocations: 50.117 MiB)
2192
  1.541163 seconds (39.64 k allocations: 50.033 MiB)
8221
  1.548725 seconds (31.81 k allocations: 40.127 MiB)
6706
  1.744372 seconds (47.63 k allocations: 60.106 MiB)
5209
  1.761034 seconds (39.72 k allocations: 50.117 MiB)
9701
  1.552006 seconds (31.81 k allocations: 40.127 MiB)
2193
  1.759263 seconds (43.72 k allocations: 54.898 MiB)
3695
  1.538299 seconds (39.64 k allocations: 50.033 MiB)
8222
  2.061247 seconds (38.18 k allocations: 47.330 MiB, 0.72% gc time)
  1.763976 seconds (22.32 k allocations: 27.293 MiB, 0.84% gc time)
  1.924486 seconds (30.31 k allocations: 37.352 MiB, 0.77% gc time)
  1.739201 seconds (6.71 k allocations: 7.614 MiB, 0.85% gc time)
  1.745099 seconds (10.95 k allocations: 13.233 MiB, 0.85% gc time)
9702
6707
3696
5210
2194
  1.539578 seconds (33.91 k allocations: 40.721 MiB)
8223
  1.560520 seconds (17.77 k allocations: 24.940 MiB)
2195
  1.593725 seconds (15.82 k allocations: 19.980 MiB)
5211
  1.597027 seconds (18.88 k allocations: 23.785 MiB)
3697
  1.659643 seconds (31.65 k allocations: 39.959 MiB)
6708
  1.700842 seconds (39.64 k allocations: 50.033 MiB)
9703
  1.540172 seconds (39.72 k allocations: 50.117 MiB)
8224
  1.514018 seconds (25.90 k allocations: 33.405 MiB)
5212
  1.550463 seconds (23.82 k allocations: 30.053 MiB)
6709
  1.681226 seconds (55.62 k allocations: 70.180 MiB)
2196
  1.546105 seconds (31.81 k allocations: 40.127 MiB)
9704
  1.756212 seconds (55.78 k allocations: 70.348 MiB)
3698
  1.539694 seconds (39.80 k allocations: 50.201 MiB)
8225
  1.548554 seconds (31.89 k allocations: 40.211 MiB)
6710
  1.553722 seconds (23.82 k allocations: 30.053 MiB)
9705
  1.754955 seconds (55.78 k allocations: 70.348 MiB)
5213
  1.543958 seconds (31.81 k allocations: 40.127 MiB)
3699
  1.755065 seconds (55.70 k allocations: 70.264 MiB)
2197
  1.539290 seconds (39.72 k allocations: 50.117 MiB)
8226
  1.554078 seconds (39.80 k allocations: 50.201 MiB)
6711
  2.907477 seconds (34.69 k allocations: 43.765 MiB, 0.64% gc time)
  2.717610 seconds (10.95 k allocations: 13.764 MiB, 0.69% gc time)
  2.844731 seconds (26.94 k allocations: 33.917 MiB, 0.66% gc time)
  2.810653 seconds (19.05 k allocations: 24.006 MiB, 0.67% gc time)
  1.555678 seconds (3.30 k allocations: 4.211 MiB, 1.20% gc time)
8227
9706
3700
2198
5214
  1.538960 seconds (25.23 k allocations: 30.790 MiB)
8228
  1.552548 seconds (36.17 k allocations: 45.072 MiB)
6712
  1.695916 seconds (28.13 k allocations: 36.243 MiB)
9707
  1.864384 seconds (30.36 k allocations: 37.945 MiB)
3701
  1.872021 seconds (31.73 k allocations: 40.043 MiB)
5215
  2.008811 seconds (39.64 k allocations: 50.033 MiB)
2199
  1.549028 seconds (31.64 k allocations: 39.959 MiB)
6713
  1.572827 seconds (47.55 k allocations: 60.022 MiB)
8229
  1.609921 seconds (39.56 k allocations: 49.949 MiB)
9708
  1.514370 seconds (31.73 k allocations: 40.043 MiB)
5216
  1.546122 seconds (31.73 k allocations: 40.043 MiB)
  1.758086 seconds (47.93 k allocations: 61.058 MiB)
2200
3702
  1.539636 seconds (31.73 k allocations: 40.043 MiB)
8230
  1.566551 seconds (47.55 k allocations: 60.022 MiB)
6714
  1.543528 seconds (39.56 k allocations: 49.949 MiB)
9709
  1.743468 seconds (39.64 k allocations: 50.033 MiB)
5217
  1.567567 seconds (31.81 k allocations: 40.127 MiB)
3703
  1.798190 seconds (39.72 k allocations: 50.117 MiB)
2201
  1.537509 seconds (39.80 k allocations: 50.201 MiB)
8231
  2.002378 seconds (11.08 k allocations: 13.898 MiB, 0.78% gc time)
  2.574141 seconds (34.88 k allocations: 43.961 MiB, 0.60% gc time)
  2.380068 seconds (26.93 k allocations: 33.920 MiB, 0.65% gc time)
  2.068319 seconds (19.09 k allocations: 23.986 MiB, 0.75% gc time)
  1.767289 seconds (3.35 k allocations: 4.237 MiB, 0.88% gc time)
3704
2202
6715
5218
9710
  1.539833 seconds (28.66 k allocations: 35.351 MiB)
8232
  1.537250 seconds (13.20 k allocations: 19.046 MiB)
2203
  1.574240 seconds (15.91 k allocations: 20.064 MiB)
3705
  1.593352 seconds (23.90 k allocations: 30.137 MiB)
5219
  1.655488 seconds (31.81 k allocations: 40.127 MiB)
9711
  1.660165 seconds (35.23 k allocations: 44.318 MiB)
6716
  1.507213 seconds (32.57 k allocations: 42.130 MiB)
8233
  1.519780 seconds (23.90 k allocations: 30.137 MiB)
5220
  1.546353 seconds (15.90 k allocations: 20.064 MiB)
6717
  1.620180 seconds (24.84 k allocations: 32.320 MiB)
9712
  1.708216 seconds (48.11 k allocations: 61.227 MiB)
3706
  1.760538 seconds (71.08 k allocations: 88.568 MiB)
2204
  1.541611 seconds (39.80 k allocations: 50.201 MiB)
8234
  1.558302 seconds (31.81 k allocations: 40.127 MiB)
6718
  1.547178 seconds (15.90 k allocations: 20.064 MiB)
2205
  1.751074 seconds (55.70 k allocations: 70.264 MiB)
5221
  1.758032 seconds (38.21 k allocations: 47.879 MiB)
3707
  1.767394 seconds (44.22 k allocations: 54.770 MiB)
9713
  1.551527 seconds (39.64 k allocations: 50.033 MiB)
8235
  1.919596 seconds (38.26 k allocations: 47.411 MiB, 0.99% gc time)
  1.846615 seconds (30.41 k allocations: 37.451 MiB, 1.03% gc time)
  1.822600 seconds (22.56 k allocations: 27.523 MiB, 1.04% gc time)
  1.636092 seconds (6.84 k allocations: 7.696 MiB, 1.16% gc time)
  1.641614 seconds (11.18 k allocations: 13.379 MiB, 1.16% gc time)
2206
3708
6719
9714
5222
  1.541150 seconds (33.36 k allocations: 40.146 MiB)
8236
  1.545529 seconds (17.95 k allocations: 25.143 MiB)
3709
  1.564576 seconds (15.98 k allocations: 20.148 MiB)
5223
  1.577261 seconds (23.90 k allocations: 30.138 MiB)
2207
  1.678208 seconds (31.81 k allocations: 40.127 MiB)
9715
  1.681977 seconds (36.05 k allocations: 45.146 MiB)
6720
  1.514117 seconds (23.82 k allocations: 30.053 MiB)
  1.558352 seconds (40.10 k allocations: 51.152 MiB)
  1.548443 seconds (765 allocations: 2.072 MiB)
  1.555368 seconds (4.60 k allocations: 7.853 MiB)
5224
8237
6721
9716
  1.757439 seconds (63.45 k allocations: 80.085 MiB)
3710
  1.753364 seconds (55.62 k allocations: 70.179 MiB)
2208
  1.543629 seconds (20.05 k allocations: 26.739 MiB)
  1.545766 seconds (21.22 k allocations: 28.573 MiB)
9717
6722
  1.583911 seconds (31.97 k allocations: 40.295 MiB)
8238
  1.544188 seconds (27.58 k allocations: 34.583 MiB)
3711
  1.785560 seconds (47.79 k allocations: 60.274 MiB)
5225
  1.755610 seconds (39.80 k allocations: 50.201 MiB)
2209
  1.542897 seconds (31.81 k allocations: 40.127 MiB)
  1.541028 seconds (19.43 k allocations: 25.524 MiB)
6723
8239
  1.971781 seconds (22.21 k allocations: 27.874 MiB, 0.82% gc time)
  2.021185 seconds (37.98 k allocations: 47.828 MiB, 0.80% gc time)
  1.726151 seconds (6.34 k allocations: 7.835 MiB, 0.94% gc time)
  1.772016 seconds (14.43 k allocations: 18.027 MiB, 0.91% gc time)
3712
2210
9718
5226
  1.546647 seconds (15.20 k allocations: 21.624 MiB)
6724
  1.547708 seconds (11.03 k allocations: 15.610 MiB)
5227
  1.580412 seconds (20.00 k allocations: 27.918 MiB)
  1.587652 seconds (16.21 k allocations: 21.016 MiB)
  1.677859 seconds (16.59 k allocations: 22.051 MiB)
8240
2211
9719
  1.737419 seconds (39.56 k allocations: 49.949 MiB)
3713
  1.513543 seconds (31.73 k allocations: 40.043 MiB)
5228
  1.547563 seconds (41.95 k allocations: 53.609 MiB)
6725
  1.539432 seconds (26.52 k allocations: 35.258 MiB)
8241
  1.577353 seconds (31.81 k allocations: 40.127 MiB)
9720
  1.587579 seconds (39.72 k allocations: 50.117 MiB)
2212
  1.758983 seconds (39.64 k allocations: 50.033 MiB)
3714
  1.560776 seconds (31.73 k allocations: 40.043 MiB)
6726
  1.538600 seconds (31.73 k allocations: 40.043 MiB)
8242
  1.744706 seconds (55.54 k allocations: 70.096 MiB)
5229
  1.546680 seconds (39.64 k allocations: 50.033 MiB)
9721
  1.550874 seconds (31.81 k allocations: 40.127 MiB)
3715
  1.753497 seconds (43.25 k allocations: 54.417 MiB)
2213
  1.550566 seconds (39.64 k allocations: 50.033 MiB)
6727
  1.990649 seconds (22.23 k allocations: 27.203 MiB, 0.96% gc time)
  2.040600 seconds (38.11 k allocations: 47.248 MiB, 0.94% gc time)
  2.025154 seconds (30.29 k allocations: 37.327 MiB, 0.95% gc time)
  1.774974 seconds (8.80 k allocations: 10.875 MiB, 1.08% gc time)
  1.770977 seconds (6.60 k allocations: 7.426 MiB, 1.08% gc time)
9722
2214
3716
8243
5230
  1.550649 seconds (35.13 k allocations: 41.997 MiB)
  1.544247 seconds (12.42 k allocations: 18.096 MiB)
6728
2215
  1.587963 seconds (15.99 k allocations: 20.148 MiB)
3717
  1.592791 seconds (20.17 k allocations: 25.114 MiB)
9723
  1.594562 seconds (25.84 k allocations: 31.597 MiB)
5231
  1.641529 seconds (39.80 k allocations: 50.201 MiB)
8244
  1.547734 seconds (31.81 k allocations: 40.127 MiB)
6729
  1.514325 seconds (15.90 k allocations: 20.064 MiB)
5232
  1.544474 seconds (15.82 k allocations: 19.980 MiB)
8245
  1.621358 seconds (32.72 k allocations: 42.275 MiB)
9724
  1.762867 seconds (63.53 k allocations: 80.169 MiB)
2216
  1.719227 seconds (57.34 k allocations: 71.305 MiB)
3718
  1.550213 seconds (39.72 k allocations: 50.117 MiB)
6730
  1.545181 seconds (31.81 k allocations: 40.127 MiB)
8246
  1.745869 seconds (47.63 k allocations: 60.106 MiB)
5233
  1.562595 seconds (27.97 k allocations: 34.274 MiB)
2217
  1.760850 seconds (47.63 k allocations: 60.106 MiB)
9725
  1.774329 seconds (39.64 k allocations: 50.033 MiB)
3719
  1.545761 seconds (39.64 k allocations: 50.033 MiB)
6731
  1.543356 seconds (39.64 k allocations: 50.033 MiB)
8247
  2.911148 seconds (26.62 k allocations: 33.607 MiB, 1.22% gc time)
  2.915435 seconds (29.60 k allocations: 37.849 MiB, 1.22% gc time)
  2.688101 seconds (10.86 k allocations: 13.659 MiB, 1.32% gc time)
  2.793670 seconds (18.69 k allocations: 23.615 MiB, 1.27% gc time)
  1.578770 seconds (2.96 k allocations: 3.674 MiB, 2.24% gc time)
6732
2218
3720
9726
5234
  1.538814 seconds (31.59 k allocations: 38.388 MiB)
8248
  1.588324 seconds (12.46 k allocations: 19.527 MiB)
6733
  1.647990 seconds (15.91 k allocations: 20.064 MiB)
2219
  1.667958 seconds (23.82 k allocations: 30.054 MiB)
3721
  1.670915 seconds (27.71 k allocations: 34.719 MiB)
5235
  1.757982 seconds (39.64 k allocations: 50.033 MiB)
9727
  1.551394 seconds (39.56 k allocations: 49.949 MiB)
8249
  1.548371 seconds (39.64 k allocations: 50.033 MiB)
6734
  1.513048 seconds (23.82 k allocations: 30.053 MiB)
5236
  1.559107 seconds (23.82 k allocations: 30.053 MiB)
9728
  1.766396 seconds (55.54 k allocations: 70.096 MiB)
2220
  1.766483 seconds (49.70 k allocations: 63.450 MiB)
3722
  1.539568 seconds (39.72 k allocations: 50.117 MiB)
8250
  1.548411 seconds (39.72 k allocations: 50.117 MiB)
6735
  1.544534 seconds (31.81 k allocations: 40.127 MiB)
9729
  1.751128 seconds (47.71 k allocations: 60.190 MiB)
5237
  1.548924 seconds (31.73 k allocations: 40.043 MiB)
3723
  1.755532 seconds (47.55 k allocations: 60.022 MiB)
2221
  1.540986 seconds (39.72 k allocations: 50.117 MiB)
8251
  2.157370 seconds (38.09 k allocations: 47.225 MiB, 1.22% gc time)
  1.972386 seconds (30.18 k allocations: 37.240 MiB, 1.33% gc time)
  1.901393 seconds (22.31 k allocations: 27.272 MiB, 1.38% gc time)
  1.852380 seconds (14.48 k allocations: 17.337 MiB, 1.42% gc time)
  1.632845 seconds (6.60 k allocations: 7.446 MiB, 1.61% gc time)
2222
6736
9730
3724
5238
  1.543197 seconds (30.46 k allocations: 37.189 MiB)
8252
  1.547311 seconds (7.82 k allocations: 12.285 MiB)
6737
  1.561300 seconds (26.09 k allocations: 34.123 MiB)
2223
  1.587330 seconds (23.90 k allocations: 30.138 MiB)
9731
  1.592354 seconds (28.79 k allocations: 35.833 MiB)
5239
  1.750839 seconds (39.80 k allocations: 50.201 MiB)
3725
  1.545890 seconds (31.81 k allocations: 40.127 MiB)
  1.550048 seconds (32.19 k allocations: 41.163 MiB)
  1.513504 seconds (8.76 k allocations: 12.146 MiB)
  1.556588 seconds (25.05 k allocations: 33.246 MiB)
6738
8253
5240
2224
  1.630022 seconds (41.07 k allocations: 52.723 MiB)
9732
  1.757799 seconds (39.56 k allocations: 49.949 MiB)
3726
  1.540450 seconds (18.67 k allocations: 24.107 MiB)
8254
  1.546375 seconds (27.04 k allocations: 35.779 MiB)
6739
  1.743050 seconds (33.00 k allocations: 42.569 MiB)
5241
  1.754094 seconds (39.72 k allocations: 50.117 MiB)
2225
  1.555289 seconds (31.81 k allocations: 40.127 MiB)
3727
  1.790202 seconds (47.63 k allocations: 60.106 MiB)
9733
  1.539037 seconds (33.72 k allocations: 43.303 MiB)
8255
  1.545438 seconds (39.64 k allocations: 50.033 MiB)
6740
  2.903928 seconds (34.62 k allocations: 43.692 MiB, 0.87% gc time)
  2.692424 seconds (18.75 k allocations: 23.436 MiB, 0.94% gc time)
  2.892170 seconds (26.90 k allocations: 33.849 MiB, 0.88% gc time)
  2.681714 seconds (11.20 k allocations: 14.023 MiB, 0.94% gc time)
  1.561446 seconds (3.40 k allocations: 4.228 MiB, 1.62% gc time)
8256
2226
9734
5242
3728
  1.542023 seconds (14.01 k allocations: 19.197 MiB)
8257
  1.554245 seconds (32.45 k allocations: 41.150 MiB)
6741
  1.658115 seconds (15.90 k allocations: 20.064 MiB)
3729
  1.673247 seconds (23.90 k allocations: 30.138 MiB)
5243
  1.755488 seconds (31.81 k allocations: 40.127 MiB)
9735
  1.859694 seconds (39.80 k allocations: 50.201 MiB)
2227
  1.548743 seconds (39.56 k allocations: 49.680 MiB)
8258
  1.548332 seconds (39.72 k allocations: 50.117 MiB)
6742
  1.513844 seconds (31.81 k allocations: 40.127 MiB)
5244
  1.552394 seconds (31.73 k allocations: 40.043 MiB)
9736
  1.710623 seconds (55.62 k allocations: 70.180 MiB)
3730
  1.556155 seconds (39.72 k allocations: 50.117 MiB)
2228
  1.540814 seconds (39.38 k allocations: 49.124 MiB)
  1.549118 seconds (32.11 k allocations: 41.079 MiB)
8259
6743
  1.544558 seconds (31.81 k allocations: 40.127 MiB)
9737
  1.744415 seconds (47.79 k allocations: 60.274 MiB)
5245
  1.760484 seconds (39.80 k allocations: 50.201 MiB)
3731
  1.727237 seconds (39.80 k allocations: 50.201 MiB)
2229
  1.546219 seconds (33.63 k allocations: 43.208 MiB)
6744
  2.122867 seconds (38.18 k allocations: 47.331 MiB, 1.28% gc time)
  1.935644 seconds (30.23 k allocations: 37.282 MiB, 1.41% gc time)
  1.858194 seconds (22.39 k allocations: 27.344 MiB, 1.47% gc time)
  1.645970 seconds (6.59 k allocations: 7.392 MiB, 1.66% gc time)
  1.656220 seconds (14.39 k allocations: 16.884 MiB, 1.65% gc time)
8260
2230
9738
3732
5246
  1.550935 seconds (31.78 k allocations: 38.533 MiB)
6745
  1.544855 seconds (7.26 k allocations: 13.009 MiB)
9739
  1.571960 seconds (15.91 k allocations: 20.064 MiB)
3733
  1.584141 seconds (23.90 k allocations: 30.137 MiB)
5247
  1.666487 seconds (31.81 k allocations: 40.127 MiB)
8261
  1.733303 seconds (39.72 k allocations: 50.117 MiB)
2231
  1.548128 seconds (31.73 k allocations: 40.043 MiB)
6746
  1.514123 seconds (23.73 k allocations: 29.969 MiB)
5248
  1.631698 seconds (47.55 k allocations: 60.022 MiB)
9740
  1.539306 seconds (31.64 k allocations: 39.959 MiB)
8262
  1.760312 seconds (55.46 k allocations: 70.012 MiB)
3734
  1.678173 seconds (39.64 k allocations: 50.033 MiB)
2232
  1.545711 seconds (39.72 k allocations: 50.117 MiB)
6747
  1.540714 seconds (23.82 k allocations: 30.053 MiB)
8263
  1.744641 seconds (47.63 k allocations: 60.106 MiB)
5249
  1.546441 seconds (31.81 k allocations: 40.127 MiB)
3735
  1.754121 seconds (55.62 k allocations: 70.180 MiB)
9741
  1.557542 seconds (39.64 k allocations: 50.033 MiB)
2233
  1.545239 seconds (39.64 k allocations: 50.033 MiB)
6748
  1.504460 seconds (39.64 k allocations: 50.033 MiB)
8264
  2.873420 seconds (18.73 k allocations: 23.637 MiB, 0.53% gc time)
  2.968714 seconds (34.60 k allocations: 43.663 MiB, 0.51% gc time)
  2.938555 seconds (26.78 k allocations: 33.735 MiB, 0.52% gc time)
  2.846329 seconds (11.08 k allocations: 13.929 MiB, 0.54% gc time)
  1.631992 seconds (5.43 k allocations: 8.811 MiB, 0.93% gc time)
5250
9742
3736
2234
6749
  1.556921 seconds (24.75 k allocations: 31.780 MiB)
8265
  1.724428 seconds (15.52 k allocations: 19.028 MiB)
2235
  1.803722 seconds (23.52 k allocations: 29.102 MiB)
9743
  1.868292 seconds (31.43 k allocations: 39.091 MiB)
3737
  2.507025 seconds (31.81 k allocations: 40.127 MiB)
6750
  2.663842 seconds (54.81 k allocations: 70.786 MiB)
5251
  1.541066 seconds (23.82 k allocations: 30.053 MiB)
9744
  1.764736 seconds (23.82 k allocations: 30.053 MiB)
3738
  2.363827 seconds (55.62 k allocations: 70.180 MiB)
8266
  1.599416 seconds (31.73 k allocations: 40.043 MiB)
6751
  1.564667 seconds (31.73 k allocations: 40.043 MiB)
5252
  3.058981 seconds (71.36 k allocations: 90.075 MiB)
2236
  1.543530 seconds (39.64 k allocations: 50.033 MiB)
9745
  1.546926 seconds (39.72 k allocations: 50.117 MiB)
3739
  1.649316 seconds (39.72 k allocations: 50.117 MiB)
8267
  1.595173 seconds (39.80 k allocations: 50.201 MiB)
6752
  1.749881 seconds (23.90 k allocations: 30.137 MiB)
9746
  2.363038 seconds (18.87 k allocations: 23.786 MiB, 0.96% gc time)
  3.316402 seconds (42.81 k allocations: 53.963 MiB, 0.68% gc time)
  1.783979 seconds (3.00 k allocations: 3.717 MiB, 1.27% gc time)
  2.745374 seconds (34.97 k allocations: 44.031 MiB, 0.82% gc time)
  1.984883 seconds (13.22 k allocations: 18.685 MiB, 1.14% gc time)
2237
6753
5253
3740
8268
  1.548910 seconds (17.51 k allocations: 22.819 MiB)
  1.553337 seconds (27.22 k allocations: 34.572 MiB)
  1.552947 seconds (6.10 k allocations: 8.740 MiB)
5254
9747
6754
  1.699320 seconds (28.16 k allocations: 35.717 MiB)
3741
  2.288476 seconds (31.89 k allocations: 40.211 MiB)
  2.312049 seconds (32.27 k allocations: 41.247 MiB)
8269
2238
  1.554042 seconds (31.34 k allocations: 39.007 MiB)
9748
  1.702909 seconds (23.73 k allocations: 29.969 MiB)
3742
  1.907386 seconds (39.64 k allocations: 50.033 MiB)
6755
  1.537795 seconds (23.82 k allocations: 30.053 MiB)
2239
  2.453968 seconds (63.15 k allocations: 79.134 MiB)
5255
  2.276333 seconds (39.72 k allocations: 50.117 MiB)
8270
  1.653657 seconds (39.80 k allocations: 50.201 MiB)
9749
  1.545710 seconds (31.89 k allocations: 40.211 MiB)
6756
  1.768808 seconds (47.79 k allocations: 60.274 MiB)
3743
  1.749920 seconds (39.72 k allocations: 50.117 MiB)
2240
  1.747070 seconds (39.72 k allocations: 50.117 MiB)
5256
  1.542398 seconds (39.72 k allocations: 50.117 MiB)
8271
  1.754226 seconds (39.64 k allocations: 50.033 MiB)
9750
  2.680950 seconds (38.09 k allocations: 47.225 MiB, 0.58% gc time)
  2.524999 seconds (30.24 k allocations: 37.284 MiB, 0.62% gc time)
  1.942611 seconds (14.44 k allocations: 17.329 MiB, 0.81% gc time)
  2.091161 seconds (22.41 k allocations: 27.377 MiB, 0.75% gc time)
  1.558067 seconds (6.62 k allocations: 7.447 MiB, 1.00% gc time)
8272
2241
6757
3744
5257
  1.543970 seconds (12.65 k allocations: 17.796 MiB)
8273
  1.589121 seconds (7.91 k allocations: 9.990 MiB)
5258
  1.662239 seconds (15.82 k allocations: 19.980 MiB)
3745
  1.670980 seconds (23.73 k allocations: 29.969 MiB)
6758
  1.756334 seconds (63.50 k allocations: 78.547 MiB)
9751
  1.792417 seconds (39.72 k allocations: 50.117 MiB)
2242
  1.544086 seconds (39.80 k allocations: 50.201 MiB)
  1.513523 seconds (32.27 k allocations: 41.247 MiB)
8274
5259
  1.547961 seconds (31.81 k allocations: 40.127 MiB)
6759
  1.546940 seconds (31.81 k allocations: 40.127 MiB)
9752
  1.547634 seconds (31.81 k allocations: 40.127 MiB)
2243
  1.761328 seconds (63.44 k allocations: 79.586 MiB)
3746
  1.571009 seconds (31.81 k allocations: 40.127 MiB)
8275
  1.545284 seconds (31.73 k allocations: 40.043 MiB)
6760
  1.544439 seconds (31.73 k allocations: 40.043 MiB)
9753
  1.748283 seconds (57.33 k allocations: 73.152 MiB)
5260
  1.554097 seconds (39.64 k allocations: 50.033 MiB)
2244
  1.547395 seconds (39.64 k allocations: 50.033 MiB)
3747
  1.545506 seconds (39.64 k allocations: 50.033 MiB)
8276
  1.859563 seconds (11.02 k allocations: 13.846 MiB, 1.36% gc time)
  1.921093 seconds (26.90 k allocations: 33.865 MiB, 1.31% gc time)
  1.989458 seconds (34.70 k allocations: 43.780 MiB, 1.27% gc time)
  1.897823 seconds (19.08 k allocations: 23.930 MiB, 1.33% gc time)
  1.782418 seconds (3.37 k allocations: 4.137 MiB, 1.42% gc time)
2245
3748
5261
6761
9754
  1.546479 seconds (25.27 k allocations: 31.890 MiB)
8277
  1.583212 seconds (7.91 k allocations: 9.990 MiB)
6762
  1.589627 seconds (15.90 k allocations: 20.064 MiB)
9755
  1.597351 seconds (19.84 k allocations: 24.768 MiB)
5262
  1.743926 seconds (33.30 k allocations: 44.093 MiB)
3749
  1.791494 seconds (39.80 k allocations: 50.201 MiB)
2246
  1.549091 seconds (39.80 k allocations: 50.201 MiB)
8278
  1.513468 seconds (23.82 k allocations: 30.053 MiB)
5263
  1.545403 seconds (47.63 k allocations: 60.106 MiB)
6763
  1.633246 seconds (39.88 k allocations: 51.510 MiB)
9756
  1.553248 seconds (31.64 k allocations: 39.959 MiB)
2247
  1.770447 seconds (47.47 k allocations: 59.938 MiB)
3750
  1.546987 seconds (39.56 k allocations: 49.949 MiB)
8279
  1.559289 seconds (31.64 k allocations: 39.959 MiB)
6764
  1.744069 seconds (47.47 k allocations: 59.938 MiB)
5264
  1.756359 seconds (39.64 k allocations: 50.033 MiB)
9757
  1.548390 seconds (31.81 k allocations: 40.127 MiB)
3751
  1.750796 seconds (47.63 k allocations: 60.106 MiB)
2248
  1.546097 seconds (39.80 k allocations: 50.201 MiB)
8280
  1.893426 seconds (22.72 k allocations: 27.710 MiB, 1.83% gc time)
  2.192792 seconds (38.66 k allocations: 47.824 MiB, 1.58% gc time)
  2.024775 seconds (30.79 k allocations: 37.824 MiB, 1.71% gc time)
  1.821327 seconds (14.99 k allocations: 17.911 MiB, 1.90% gc time)
  1.784931 seconds (7.11 k allocations: 8.011 MiB, 1.94% gc time)
2249
9758
6765
5265
3752
  1.545472 seconds (34.32 k allocations: 41.187 MiB)
8281
  1.552259 seconds (8.75 k allocations: 12.068 MiB)
2250
  1.579063 seconds (15.98 k allocations: 20.148 MiB)
3753
  1.585115 seconds (20.09 k allocations: 25.019 MiB)
9759
  1.586476 seconds (24.36 k allocations: 30.073 MiB)
5266
  1.709833 seconds (39.80 k allocations: 50.201 MiB)
6766
  1.545342 seconds (39.72 k allocations: 50.117 MiB)
8282
  1.540418 seconds (39.64 k allocations: 50.033 MiB)
2251
  1.513755 seconds (23.82 k allocations: 30.053 MiB)
5267
  1.545102 seconds (32.49 k allocations: 42.037 MiB)
9760
  1.556862 seconds (31.81 k allocations: 40.127 MiB)
6767
  1.719087 seconds (55.79 k allocations: 70.884 MiB)
3754
  1.546817 seconds (39.80 k allocations: 50.201 MiB)
8283
  1.545657 seconds (23.82 k allocations: 30.053 MiB)
9761
  1.548595 seconds (23.82 k allocations: 30.053 MiB)
6768
  1.751751 seconds (55.70 k allocations: 70.264 MiB)
2252
  1.743585 seconds (49.76 k allocations: 62.992 MiB)
5268
  1.762189 seconds (39.72 k allocations: 50.117 MiB)
3755
  1.555049 seconds (39.72 k allocations: 50.117 MiB)
8284
  1.545973 seconds (31.64 k allocations: 39.959 MiB)
6769
  2.913239 seconds (18.77 k allocations: 23.657 MiB, 0.96% gc time)
  2.915977 seconds (19.61 k allocations: 25.764 MiB, 0.96% gc time)
  3.081056 seconds (42.50 k allocations: 53.639 MiB, 0.91% gc time)
  2.692490 seconds (10.96 k allocations: 13.732 MiB, 1.04% gc time)
  1.570870 seconds (3.10 k allocations: 3.773 MiB, 1.78% gc time)
8285
2253
3756
9762
5269
  1.546712 seconds (33.80 k allocations: 40.795 MiB)
6770
  1.564128 seconds (38.11 k allocations: 45.889 MiB)
8286
  1.666673 seconds (15.82 k allocations: 19.980 MiB)
  1.669743 seconds (16.21 k allocations: 21.016 MiB)
9763
2254
  1.669237 seconds (18.27 k allocations: 23.873 MiB)
3757
  1.680813 seconds (39.72 k allocations: 50.117 MiB)
5270
  1.551463 seconds (39.72 k allocations: 50.117 MiB)
6771
  1.556729 seconds (39.80 k allocations: 50.201 MiB)
8287
  1.512244 seconds (15.98 k allocations: 20.148 MiB)
5271
  1.539324 seconds (31.84 k allocations: 41.371 MiB)
2255
  1.546102 seconds (37.19 k allocations: 47.524 MiB)
9764
  1.770751 seconds (47.71 k allocations: 60.190 MiB)
3758
  1.546054 seconds (39.72 k allocations: 50.117 MiB)
6772
  1.543484 seconds (39.72 k allocations: 50.117 MiB)
8288
  1.543223 seconds (23.90 k allocations: 30.137 MiB)
9765
  1.741856 seconds (47.71 k allocations: 60.190 MiB)
5272
  1.749508 seconds (43.23 k allocations: 54.929 MiB)
2256
  1.546323 seconds (39.80 k allocations: 50.201 MiB)
3759
  1.557804 seconds (39.72 k allocations: 50.117 MiB)
6773
  2.148729 seconds (38.00 k allocations: 47.147 MiB, 1.68% gc time)
  1.846613 seconds (22.18 k allocations: 27.135 MiB, 1.96% gc time)
  2.025082 seconds (30.15 k allocations: 37.200 MiB, 1.78% gc time)
  1.823877 seconds (14.35 k allocations: 17.206 MiB, 1.98% gc time)
  1.795665 seconds (6.55 k allocations: 7.388 MiB, 2.01% gc time)
3760
9766
2257
8289
5273
  1.546248 seconds (32.85 k allocations: 39.612 MiB)
6774
  1.558937 seconds (7.91 k allocations: 9.990 MiB)
2258
  1.581032 seconds (15.82 k allocations: 19.980 MiB)
5274
  1.652692 seconds (23.74 k allocations: 29.970 MiB)
9767
  1.658156 seconds (29.97 k allocations: 37.022 MiB)
8290
  1.747057 seconds (39.72 k allocations: 50.117 MiB)
3761
  1.558270 seconds (39.80 k allocations: 50.201 MiB)
  1.514676 seconds (24.36 k allocations: 31.257 MiB)
52756775

  1.539910 seconds (32.81 k allocations: 42.551 MiB)
2259
  1.544791 seconds (31.73 k allocations: 40.043 MiB)
8291
  1.601107 seconds (44.77 k allocations: 56.494 MiB)
9768
  1.769516 seconds (39.64 k allocations: 50.033 MiB)
3762
  1.547997 seconds (23.82 k allocations: 30.054 MiB)
6776
  1.543310 seconds (23.90 k allocations: 30.137 MiB)
8292
  1.743202 seconds (39.72 k allocations: 50.117 MiB)
5276
  1.749943 seconds (46.85 k allocations: 58.089 MiB)
2260
  1.756935 seconds (39.64 k allocations: 50.033 MiB)
9769
  1.548573 seconds (39.64 k allocations: 50.033 MiB)
3763
  1.548329 seconds (39.56 k allocations: 49.949 MiB)
6777
  1.543688 seconds (39.64 k allocations: 50.033 MiB)
8293
  2.923115 seconds (26.77 k allocations: 33.767 MiB, 0.75% gc time)
  2.931426 seconds (32.78 k allocations: 41.093 MiB, 0.75% gc time)
  2.761516 seconds (19.03 k allocations: 23.963 MiB, 0.79% gc time)
  2.712770 seconds (11.18 k allocations: 14.067 MiB, 0.81% gc time)
  1.566641 seconds (3.28 k allocations: 4.094 MiB, 1.40% gc time)
2261
5277
6778
9770
3764
  1.546980 seconds (22.38 k allocations: 28.947 MiB)
8294
  1.547921 seconds (16.58 k allocations: 22.523 MiB)
6779
  1.688670 seconds (15.82 k allocations: 19.980 MiB)
5278
  1.698013 seconds (23.73 k allocations: 29.969 MiB)
9771
  1.700747 seconds (27.24 k allocations: 34.237 MiB)
3765
  1.927021 seconds (39.64 k allocations: 50.033 MiB)
2262
  1.547039 seconds (35.18 k allocations: 44.785 MiB)
8295
  1.549470 seconds (39.64 k allocations: 50.032 MiB)
6780
  1.534140 seconds (39.72 k allocations: 50.117 MiB)
5279
  1.553062 seconds (34.11 k allocations: 43.702 MiB)
9772
  1.707507 seconds (39.64 k allocations: 50.033 MiB)
3766
  1.540837 seconds (39.64 k allocations: 50.033 MiB)
2263
  1.557123 seconds (38.48 k allocations: 48.157 MiB)
  1.549987 seconds (31.78 k allocations: 40.159 MiB)
8296
6781
  1.545396 seconds (31.81 k allocations: 40.127 MiB)
9773
  1.745629 seconds (47.63 k allocations: 60.106 MiB)
5280
  1.539903 seconds (31.81 k allocations: 40.127 MiB)
2264
  1.760475 seconds (47.79 k allocations: 60.274 MiB)
3767
  1.543537 seconds (31.81 k allocations: 40.127 MiB)
8297
  1.546967 seconds (34.37 k allocations: 43.432 MiB)
6782
  2.010419 seconds (32.32 k allocations: 40.124 MiB, 0.83% gc time)
  1.837485 seconds (24.39 k allocations: 30.093 MiB, 0.90% gc time)
  1.797657 seconds (16.47 k allocations: 20.097 MiB, 0.92% gc time)
  1.632410 seconds (8.71 k allocations: 10.305 MiB, 1.02% gc time)
2265
9774
3768
5281
  1.544733 seconds (30.90 k allocations: 37.698 MiB)
8298
  1.552849 seconds (15.12 k allocations: 21.009 MiB)
3769
  1.558104 seconds (15.99 k allocations: 20.148 MiB)
2266
  1.565741 seconds (23.33 k allocations: 32.012 MiB)
6783
  1.583101 seconds (31.81 k allocations: 40.127 MiB)
9775
  1.598685 seconds (39.80 k allocations: 50.201 MiB)
5282
  1.544053 seconds (39.72 k allocations: 50.117 MiB)
8299
  1.539296 seconds (25.43 k allocations: 32.932 MiB)
2267
  1.546834 seconds (31.73 k allocations: 40.043 MiB)
6784
  1.523185 seconds (23.82 k allocations: 30.053 MiB)
5283
  1.544772 seconds (36.66 k allocations: 45.764 MiB)
9776
  1.758229 seconds (71.44 k allocations: 90.159 MiB)
3770
  1.546229 seconds (39.72 k allocations: 50.117 MiB)
8300
  1.548934 seconds (31.73 k allocations: 40.043 MiB)
6785
  1.546123 seconds (23.82 k allocations: 30.053 MiB)
9777
  1.722258 seconds (55.70 k allocations: 70.264 MiB)
2268
  1.548514 seconds (31.89 k allocations: 40.211 MiB)
3771
  1.743591 seconds (51.77 k allocations: 65.560 MiB)
5284
  1.546633 seconds (31.81 k allocations: 40.127 MiB)
6786
  2.013940 seconds (45.16 k allocations: 56.374 MiB, 1.01% gc time)
  1.958457 seconds (29.24 k allocations: 36.262 MiB, 1.04% gc time)
  1.816231 seconds (21.31 k allocations: 26.270 MiB, 1.12% gc time)
  1.781716 seconds (13.52 k allocations: 16.461 MiB, 1.14% gc time)
  1.766363 seconds (5.76 k allocations: 6.756 MiB, 1.15% gc time)
3772
8301
9778
2269
5285
  1.556395 seconds (27.80 k allocations: 34.461 MiB)
6787
  1.544434 seconds (499 allocations: 1.204 MiB)
2270
  1.559393 seconds (23.34 k allocations: 31.334 MiB)
5286
  1.680479 seconds (23.90 k allocations: 30.137 MiB)
8302
  1.691365 seconds (31.89 k allocations: 40.211 MiB)
9779
  1.705199 seconds (46.53 k allocations: 59.512 MiB)
3773
  1.513570 seconds (23.90 k allocations: 30.137 MiB)
5287
  1.546931 seconds (39.72 k allocations: 50.117 MiB)
6788
  1.643883 seconds (46.79 k allocations: 58.559 MiB)
2271
  1.544891 seconds (27.83 k allocations: 35.367 MiB)
9780
  1.578034 seconds (47.63 k allocations: 60.106 MiB)
8303
  1.769270 seconds (39.64 k allocations: 50.033 MiB)
3774
  1.546718 seconds (31.73 k allocations: 40.043 MiB)
6789
  1.543125 seconds (15.90 k allocations: 20.064 MiB)
8304
  1.742321 seconds (55.49 k allocations: 68.815 MiB)
5288
  1.750298 seconds (47.71 k allocations: 60.190 MiB)
2272
  1.750120 seconds (47.63 k allocations: 60.106 MiB)
9781
  1.557000 seconds (39.72 k allocations: 50.117 MiB)
3775
  1.549222 seconds (39.64 k allocations: 50.033 MiB)
6790
  1.948465 seconds (31.65 k allocations: 39.960 MiB, 0.92% gc time)
  1.957750 seconds (38.11 k allocations: 47.772 MiB, 0.92% gc time)
  1.735428 seconds (7.96 k allocations: 10.008 MiB, 1.04% gc time)
  1.816617 seconds (23.83 k allocations: 30.060 MiB, 0.99% gc time)
  1.772619 seconds (15.95 k allocations: 20.102 MiB, 1.01% gc time)
9782
5289
8305
2273
3776
  1.546560 seconds (37.31 k allocations: 44.333 MiB)
6791
  1.561892 seconds (7.91 k allocations: 9.990 MiB)
2274
  1.586989 seconds (15.82 k allocations: 19.980 MiB)
8306
  1.590674 seconds (18.16 k allocations: 24.287 MiB)
5290
  1.596176 seconds (31.64 k allocations: 39.959 MiB)
3777
  1.754182 seconds (53.06 k allocations: 68.605 MiB)
9783
  1.545614 seconds (39.72 k allocations: 50.117 MiB)
6792
  1.539464 seconds (39.80 k allocations: 50.201 MiB)
2275
  1.523627 seconds (31.11 k allocations: 38.725 MiB)
5291
  1.544345 seconds (40.31 k allocations: 51.953 MiB)
8307
  1.543734 seconds (31.81 k allocations: 40.127 MiB)
9784
  1.706793 seconds (47.79 k allocations: 60.274 MiB)
3778
  1.547581 seconds (39.72 k allocations: 50.117 MiB)
6793
  1.546835 seconds (23.82 k allocations: 30.053 MiB)
8308
  1.608390 seconds (47.33 k allocations: 59.235 MiB)
2276
  1.543865 seconds (31.73 k allocations: 40.043 MiB)
9785
  1.757237 seconds (55.62 k allocations: 70.180 MiB)
5292
  1.769051 seconds (39.64 k allocations: 50.033 MiB)
3779
  1.548237 seconds (39.64 k allocations: 50.033 MiB)
6794
  1.545640 seconds (39.64 k allocations: 50.033 MiB)
8309
  3.040755 seconds (34.54 k allocations: 43.603 MiB, 0.64% gc time)
  2.920847 seconds (26.71 k allocations: 33.680 MiB, 0.66% gc time)
  2.882657 seconds (18.89 k allocations: 23.816 MiB, 0.67% gc time)
  1.573550 seconds (3.19 k allocations: 4.022 MiB, 1.23% gc time)
  2.676464 seconds (11.10 k allocations: 14.005 MiB, 0.72% gc time)
6795
9786
2277
5293
3780
  1.543820 seconds (21.95 k allocations: 28.505 MiB)
8310
  1.557371 seconds (20.63 k allocations: 27.853 MiB)
6796
  1.653492 seconds (15.91 k allocations: 20.064 MiB)
2278
  1.668936 seconds (23.90 k allocations: 30.138 MiB)
5294
  1.670980 seconds (25.15 k allocations: 32.106 MiB)
9787
  1.674289 seconds (34.36 k allocations: 42.211 MiB)
3781
  1.542174 seconds (39.80 k allocations: 50.201 MiB)
8311
  1.547033 seconds (39.80 k allocations: 50.201 MiB)
6797
  1.513456 seconds (21.85 k allocations: 28.579 MiB)
5295
  1.540062 seconds (47.63 k allocations: 60.106 MiB)
2279
  1.621055 seconds (32.94 k allocations: 42.497 MiB)
  1.760225 seconds (32.11 k allocations: 41.079 MiB)
9788
3782
  1.543545 seconds (39.80 k allocations: 50.201 MiB)
8312
  1.545182 seconds (39.88 k allocations: 50.285 MiB)
6798
  1.745756 seconds (39.88 k allocations: 50.285 MiB)
5296
  1.751494 seconds (39.88 k allocations: 50.285 MiB)
2280
  1.623280 seconds (32.50 k allocations: 42.062 MiB)
3783
  1.799276 seconds (39.80 k allocations: 50.201 MiB)
9789
  1.544210 seconds (39.80 k allocations: 50.201 MiB)
8313
  2.081612 seconds (38.26 k allocations: 47.410 MiB, 0.97% gc time)
  1.969126 seconds (22.33 k allocations: 27.310 MiB, 1.02% gc time)
  1.985903 seconds (30.39 k allocations: 37.413 MiB, 1.01% gc time)
  1.800200 seconds (14.59 k allocations: 17.499 MiB, 1.12% gc time)
  1.616759 seconds (6.68 k allocations: 7.570 MiB, 1.24% gc time)
2281
5297
9790
3784
6799
  1.543612 seconds (31.65 k allocations: 38.389 MiB)
8314
  1.548353 seconds (19.02 k allocations: 26.216 MiB)
9791
  1.584060 seconds (15.82 k allocations: 19.980 MiB)
5298
  1.672284 seconds (23.73 k allocations: 29.969 MiB)
6800
  1.736762 seconds (31.73 k allocations: 40.043 MiB)
3785
  1.786706 seconds (39.72 k allocations: 50.117 MiB)
2282
  1.543650 seconds (39.72 k allocations: 50.117 MiB)
8315
  1.552778 seconds (39.72 k allocations: 50.117 MiB)
9792
  1.513168 seconds (36.07 k allocations: 45.182 MiB)
5299
  1.554272 seconds (39.72 k allocations: 50.117 MiB)
6801
  1.538601 seconds (31.73 k allocations: 40.043 MiB)
2283
  1.757847 seconds (47.63 k allocations: 60.106 MiB)
3786
  1.551244 seconds (39.80 k allocations: 50.201 MiB)
8316
  1.556333 seconds (34.44 k allocations: 44.041 MiB)
9793
  1.546627 seconds (31.81 k allocations: 40.127 MiB)
6802
  1.743147 seconds (47.71 k allocations: 60.190 MiB)
5300
  1.539677 seconds (39.72 k allocations: 50.117 MiB)
2284
  1.547064 seconds (39.72 k allocations: 50.117 MiB)
3787
  1.543655 seconds (39.72 k allocations: 50.117 MiB)
8317
  1.543619 seconds (31.81 k allocations: 40.127 MiB)
6803
  3.086087 seconds (42.60 k allocations: 53.750 MiB, 0.58% gc time)
  2.896277 seconds (26.77 k allocations: 33.749 MiB, 0.62% gc time)
  2.693759 seconds (10.96 k allocations: 13.785 MiB, 0.66% gc time)
  1.559741 seconds (3.08 k allocations: 3.867 MiB, 1.15% gc time)
  2.870704 seconds (18.98 k allocations: 23.930 MiB, 0.62% gc time)
8318
9794
2285
5301
3788
  1.546512 seconds (22.09 k allocations: 28.652 MiB)
6804
  1.544546 seconds (12.53 k allocations: 18.368 MiB)
8319
  1.658735 seconds (15.82 k allocations: 19.980 MiB)
2286
  1.664406 seconds (23.14 k allocations: 28.139 MiB)
3789
  1.668811 seconds (27.37 k allocations: 34.366 MiB)
5302
  1.700191 seconds (39.64 k allocations: 50.033 MiB)
9795
  1.544463 seconds (31.73 k allocations: 40.043 MiB)
6805
  1.545858 seconds (33.89 k allocations: 42.945 MiB)
8320
  1.514090 seconds (23.82 k allocations: 30.053 MiB)
5303
  1.548399 seconds (23.82 k allocations: 30.053 MiB)
9796
  1.677741 seconds (53.70 k allocations: 67.516 MiB)
2287
  1.718958 seconds (49.66 k allocations: 63.407 MiB)
3790
  1.545699 seconds (32.28 k allocations: 41.827 MiB)
  1.544142 seconds (32.11 k allocations: 41.079 MiB)
6806
8321
  1.548335 seconds (31.81 k allocations: 40.127 MiB)
9797
  1.742986 seconds (47.79 k allocations: 60.274 MiB)
5304
  1.648316 seconds (39.88 k allocations: 50.285 MiB)
2288
  1.758488 seconds (39.88 k allocations: 50.285 MiB)
3791
  1.553621 seconds (31.81 k allocations: 40.127 MiB)
8322
  1.557607 seconds (34.40 k allocations: 43.463 MiB)
  1.983860 seconds (26.93 k allocations: 34.303 MiB, 0.99% gc time)
  1.851230 seconds (19.00 k allocations: 24.346 MiB, 1.06% gc time)
  1.796265 seconds (11.19 k allocations: 14.462 MiB, 1.09% gc time)
  1.632465 seconds (3.38 k allocations: 4.682 MiB, 1.20% gc time)
6807
2289
3792
9798
5305
  1.544273 seconds (18.02 k allocations: 24.486 MiB)
8323
  1.558231 seconds (16.93 k allocations: 24.075 MiB)
3793
  1.555925 seconds (10.28 k allocations: 16.777 MiB)
9799
  1.571508 seconds (23.90 k allocations: 30.138 MiB)
2290
  1.585141 seconds (31.81 k allocations: 40.127 MiB)
5306
  1.659425 seconds (39.72 k allocations: 50.117 MiB)
6808
  1.544043 seconds (39.80 k allocations: 50.201 MiB)
8324
  1.513710 seconds (15.98 k allocations: 20.148 MiB)
5307
  1.547857 seconds (31.81 k allocations: 40.127 MiB)
2291
  1.624231 seconds (47.63 k allocations: 60.106 MiB)
9800
  1.557649 seconds (31.81 k allocations: 40.127 MiB)
6809
  1.759124 seconds (63.84 k allocations: 81.711 MiB)
3794
  1.543569 seconds (39.72 k allocations: 50.117 MiB)
8325
  1.543491 seconds (15.82 k allocations: 19.980 MiB)
6810
  1.742714 seconds (47.71 k allocations: 60.190 MiB)
5308
  1.545069 seconds (23.82 k allocations: 30.053 MiB)
3795
  1.758116 seconds (55.62 k allocations: 70.180 MiB)
2292
  1.772231 seconds (55.62 k allocations: 70.180 MiB)
9801
  1.551594 seconds (39.80 k allocations: 50.201 MiB)
8326
  1.868342 seconds (38.33 k allocations: 47.477 MiB, 0.85% gc time)
  1.675379 seconds (6.61 k allocations: 7.411 MiB, 0.95% gc time)
  1.750910 seconds (14.57 k allocations: 17.462 MiB, 0.91% gc time)
  1.785633 seconds (30.61 k allocations: 37.662 MiB, 0.89% gc time)
  1.772366 seconds (22.82 k allocations: 27.906 MiB, 0.90% gc time)
2293
6811
9802
3796
5309
  1.555894 seconds (30.66 k allocations: 37.378 MiB)
8327
  1.590040 seconds (7.91 k allocations: 9.990 MiB)
5310
  1.593338 seconds (12.86 k allocations: 15.734 MiB)
  1.593012 seconds (12.94 k allocations: 15.800 MiB)
9803
6812
  1.707391 seconds (40.58 k allocations: 53.981 MiB)
3797
  1.785272 seconds (39.80 k allocations: 50.201 MiB)
2294
  1.544161 seconds (39.88 k allocations: 50.285 MiB)
8328
  1.512533 seconds (32.24 k allocations: 41.105 MiB)
5311
  1.544257 seconds (31.81 k allocations: 40.127 MiB)
6813
  1.547671 seconds (35.07 k allocations: 44.144 MiB)
9804
  1.539034 seconds (31.81 k allocations: 40.127 MiB)
2295
  1.757659 seconds (47.71 k allocations: 60.190 MiB)
3798
  1.554440 seconds (39.80 k allocations: 50.201 MiB)
8329
  1.545645 seconds (25.69 k allocations: 33.189 MiB)
6814
  1.548106 seconds (29.95 k allocations: 37.017 MiB)
9805
  1.743707 seconds (55.62 k allocations: 70.180 MiB)
5312
  1.542559 seconds (39.72 k allocations: 50.117 MiB)
2296
  1.556034 seconds (39.72 k allocations: 50.117 MiB)
3799
  1.542648 seconds (39.80 k allocations: 50.201 MiB)
8330
  1.546150 seconds (37.93 k allocations: 47.606 MiB)
6815
  3.061568 seconds (34.86 k allocations: 43.935 MiB, 0.61% gc time)
  2.738587 seconds (10.94 k allocations: 13.757 MiB, 0.68% gc time)
  2.904620 seconds (27.02 k allocations: 34.005 MiB, 0.64% gc time)
  2.884947 seconds (19.13 k allocations: 24.104 MiB, 0.64% gc time)
  1.561138 seconds (3.22 k allocations: 4.054 MiB, 1.19% gc time)
8331
5313
9806
3800
2297
  1.546535 seconds (25.47 k allocations: 32.094 MiB)
6816
  1.549789 seconds (22.86 k allocations: 28.917 MiB)
8332
  1.648981 seconds (15.90 k allocations: 20.064 MiB)
2298
  1.660777 seconds (23.82 k allocations: 30.054 MiB)
9807
  1.667872 seconds (31.68 k allocations: 38.775 MiB)
3801
  1.672510 seconds (34.07 k allocations: 43.134 MiB)
5314
  1.552289 seconds (36.97 k allocations: 46.616 MiB)
6817
  1.550059 seconds (35.50 k allocations: 44.592 MiB)
8333
  1.524456 seconds (15.82 k allocations: 19.980 MiB)
5315
  1.558235 seconds (38.62 k allocations: 48.293 MiB)
9808
  1.634715 seconds (55.54 k allocations: 70.096 MiB)
2299
  1.706340 seconds (40.41 k allocations: 52.051 MiB)
3802
  1.546199 seconds (34.21 k allocations: 43.810 MiB)
  1.542674 seconds (31.85 k allocations: 40.202 MiB)
6818
8334
  1.549554 seconds (31.81 k allocations: 40.127 MiB)
9809
  1.745079 seconds (47.79 k allocations: 60.274 MiB)
5316
  1.750743 seconds (39.72 k allocations: 50.117 MiB)
2300
  1.759509 seconds (39.80 k allocations: 50.201 MiB)
3803
  1.544884 seconds (31.81 k allocations: 40.127 MiB)
6819
  2.138865 seconds (38.33 k allocations: 47.470 MiB, 0.79% gc time)
  2.002822 seconds (30.41 k allocations: 37.455 MiB, 0.84% gc time)
  1.734558 seconds (14.58 k allocations: 17.503 MiB, 0.97% gc time)
  1.831759 seconds (22.67 k allocations: 27.713 MiB, 0.92% gc time)
  1.632567 seconds (6.81 k allocations: 7.703 MiB, 1.04% gc time)
3804
8335
2301
5317
9810
  1.547284 seconds (32.52 k allocations: 39.253 MiB)
6820
  1.554566 seconds (20.92 k allocations: 28.145 MiB)
3805
  1.575536 seconds (15.83 k allocations: 19.980 MiB)
9811
  1.585177 seconds (23.73 k allocations: 29.969 MiB)
5318
  1.599847 seconds (31.65 k allocations: 39.959 MiB)
2302
  1.717198 seconds (39.56 k allocations: 49.949 MiB)
8336
  1.542909 seconds (39.56 k allocations: 49.949 MiB)
6821
  1.513776 seconds (23.82 k allocations: 30.053 MiB)
5319
  1.537931 seconds (23.82 k allocations: 30.053 MiB)
2303
  1.591001 seconds (47.55 k allocations: 60.022 MiB)
9812
  1.544917 seconds (31.81 k allocations: 40.127 MiB)
8337
  1.758867 seconds (71.36 k allocations: 90.075 MiB)
3806
  1.557847 seconds (39.64 k allocations: 50.033 MiB)
6822
  1.545825 seconds (15.82 k allocations: 19.980 MiB)
8338
  1.743939 seconds (47.55 k allocations: 60.022 MiB)
5320
  1.547205 seconds (23.43 k allocations: 28.430 MiB)
3807
  1.753958 seconds (55.54 k allocations: 70.096 MiB)
2304
  1.762031 seconds (55.54 k allocations: 70.096 MiB)
9813
  1.554885 seconds (39.72 k allocations: 50.117 MiB)
6823
  1.544429 seconds (39.72 k allocations: 50.117 MiB)
8339
  2.828942 seconds (10.98 k allocations: 13.818 MiB, 0.79% gc time)
  2.907946 seconds (26.95 k allocations: 33.939 MiB, 0.77% gc time)
  2.867089 seconds (19.04 k allocations: 23.915 MiB, 0.78% gc time)
  2.914623 seconds (32.53 k allocations: 40.865 MiB, 0.77% gc time)
  1.562487 seconds (3.42 k allocations: 4.247 MiB, 1.43% gc time)
6824
2305
9814
3808
5321
  1.543671 seconds (12.09 k allocations: 17.228 MiB)
6825
  1.548201 seconds (22.73 k allocations: 29.991 MiB)
8340
  1.662722 seconds (15.82 k allocations: 19.980 MiB)
5322
  1.665979 seconds (17.50 k allocations: 22.381 MiB)
9815
  1.827505 seconds (31.65 k allocations: 39.959 MiB)
3809
  1.861164 seconds (39.64 k allocations: 50.033 MiB)
2306
  1.543471 seconds (31.73 k allocations: 40.043 MiB)
8341
  1.553056 seconds (39.64 k allocations: 50.033 MiB)
6826
  1.512514 seconds (32.97 k allocations: 42.530 MiB)
5323
  1.548251 seconds (39.64 k allocations: 50.033 MiB)
9816
  1.539211 seconds (31.73 k allocations: 40.043 MiB)
2307
  1.756324 seconds (47.55 k allocations: 60.022 MiB)
3810
  1.543286 seconds (39.34 k allocations: 49.167 MiB)
8342
  1.545795 seconds (39.64 k allocations: 50.033 MiB)
6827
  1.549552 seconds (31.73 k allocations: 40.043 MiB)
9817
  1.744084 seconds (47.71 k allocations: 60.190 MiB)
5324
  1.547133 seconds (31.81 k allocations: 40.127 MiB)
3811
  1.750830 seconds (47.63 k allocations: 60.106 MiB)
2308
  1.544185 seconds (39.80 k allocations: 50.201 MiB)
8343
  2.120685 seconds (38.50 k allocations: 47.653 MiB, 0.80% gc time)
  1.990467 seconds (30.55 k allocations: 37.606 MiB, 0.85% gc time)
  1.833949 seconds (22.72 k allocations: 27.697 MiB, 0.92% gc time)
  1.621842 seconds (14.96 k allocations: 17.959 MiB, 1.04% gc time)
  1.601889 seconds (7.06 k allocations: 8.070 MiB, 1.05% gc time)
2309
6828
9818
5325
3812
  1.544299 seconds (33.35 k allocations: 40.187 MiB)
8344
  1.585266 seconds (7.99 k allocations: 10.074 MiB)
5326
  1.586261 seconds (9.24 k allocations: 12.042 MiB)
3813
  1.588601 seconds (10.84 k allocations: 14.299 MiB)
9819
  1.666379 seconds (31.81 k allocations: 40.127 MiB)
6829
  1.751405 seconds (53.51 k allocations: 69.072 MiB)
2310
  1.543652 seconds (39.72 k allocations: 50.117 MiB)
8345
  1.514320 seconds (25.41 k allocations: 34.133 MiB)
5327
  1.546591 seconds (31.73 k allocations: 40.043 MiB)
9820
  1.554152 seconds (31.73 k allocations: 40.043 MiB)
6830
  1.539976 seconds (31.73 k allocations: 40.043 MiB)
2311
  1.706288 seconds (55.54 k allocations: 70.096 MiB)
3814
  1.556778 seconds (39.72 k allocations: 50.117 MiB)
8346
  1.548464 seconds (31.73 k allocations: 40.043 MiB)
9821
  1.544571 seconds (31.73 k allocations: 40.043 MiB)
6831
  1.541403 seconds (31.73 k allocations: 40.043 MiB)
2312
  1.744307 seconds (63.45 k allocations: 80.085 MiB)
5328
  1.766093 seconds (39.64 k allocations: 50.033 MiB)
3815
  1.548055 seconds (39.64 k allocations: 50.033 MiB)
8347
  1.595276 seconds (39.64 k allocations: 50.033 MiB)
9822
  2.980858 seconds (34.61 k allocations: 43.680 MiB, 0.60% gc time)
  2.934303 seconds (26.77 k allocations: 33.743 MiB, 0.61% gc time)
  2.911763 seconds (18.87 k allocations: 23.783 MiB, 0.61% gc time)
  1.572285 seconds (3.19 k allocations: 4.005 MiB, 1.13% gc time)
  2.691505 seconds (11.08 k allocations: 13.980 MiB, 0.66% gc time)
8348
6832
2313
3816
5329
  1.554775 seconds (12.78 k allocations: 17.929 MiB)
8349
  1.659468 seconds (7.92 k allocations: 9.990 MiB)
  1.659449 seconds (8.26 k allocations: 11.024 MiB)
6833
3817
  1.677348 seconds (23.82 k allocations: 30.054 MiB)
2314
  1.686062 seconds (31.73 k allocations: 40.043 MiB)
5330
  1.772437 seconds (60.55 k allocations: 77.484 MiB)
9823
  1.545611 seconds (39.64 k allocations: 50.033 MiB)
8350
  1.544227 seconds (31.73 k allocations: 40.043 MiB)
6834
  1.525513 seconds (23.81 k allocations: 30.053 MiB)
5331
  1.640087 seconds (39.64 k allocations: 50.033 MiB)
2315
  1.765541 seconds (55.46 k allocations: 70.012 MiB)
3818
  1.596927 seconds (39.64 k allocations: 50.033 MiB)
9824
  1.543537 seconds (39.56 k allocations: 49.949 MiB)
8351
  1.542482 seconds (38.59 k allocations: 48.262 MiB)
6835
  1.744208 seconds (39.56 k allocations: 49.949 MiB)
5332
  1.545362 seconds (31.64 k allocations: 39.959 MiB)
3819
  1.749761 seconds (47.47 k allocations: 59.938 MiB)
2316
  1.576094 seconds (39.56 k allocations: 49.949 MiB)
9825
  1.543834 seconds (39.56 k allocations: 49.949 MiB)
8352
  2.236987 seconds (34.65 k allocations: 43.726 MiB, 0.78% gc time)
  1.914360 seconds (10.97 k allocations: 13.791 MiB, 0.91% gc time)
  2.028634 seconds (26.81 k allocations: 33.774 MiB, 0.86% gc time)
  2.012459 seconds (18.99 k allocations: 23.854 MiB, 0.87% gc time)
  1.774596 seconds (3.25 k allocations: 4.013 MiB, 0.98% gc time)
2317
3820
5333
6836
9826
  1.543805 seconds (21.44 k allocations: 27.993 MiB)
8353
  1.547455 seconds (15.70 k allocations: 22.841 MiB)
9827
  1.588723 seconds (15.99 k allocations: 20.148 MiB)
5334
  1.596642 seconds (23.55 k allocations: 28.562 MiB)
2318
  1.657138 seconds (31.81 k allocations: 40.127 MiB)
6837
  1.752672 seconds (39.72 k allocations: 50.117 MiB)
3821
  1.543083 seconds (39.15 k allocations: 48.844 MiB)
8354
  1.513349 seconds (30.20 k allocations: 37.793 MiB)
5335
  1.541082 seconds (31.73 k allocations: 40.043 MiB)
2319
  1.623936 seconds (55.54 k allocations: 70.096 MiB)
9828
  1.551200 seconds (39.72 k allocations: 50.117 MiB)
6838
  1.766644 seconds (39.64 k allocations: 50.033 MiB)
3822
  1.545110 seconds (39.72 k allocations: 50.117 MiB)
8355
  1.552181 seconds (15.90 k allocations: 20.064 MiB)
6839
  1.745434 seconds (47.71 k allocations: 60.190 MiB)
5336
  1.749383 seconds (47.71 k allocations: 60.190 MiB)
2320
  1.769416 seconds (47.79 k allocations: 60.274 MiB)
9829
  1.545600 seconds (39.80 k allocations: 50.201 MiB)
3823
  1.543682 seconds (39.88 k allocations: 50.285 MiB)
8356
  1.904110 seconds (38.50 k allocations: 47.659 MiB, 0.93% gc time)
  1.724882 seconds (14.65 k allocations: 17.554 MiB, 1.02% gc time)
  1.815130 seconds (30.64 k allocations: 37.711 MiB, 0.97% gc time)
  1.600550 seconds (6.90 k allocations: 7.841 MiB, 1.10% gc time)
  1.778538 seconds (22.92 k allocations: 28.112 MiB, 0.99% gc time)
2321
6840
9830
3824
5337
  1.544817 seconds (37.73 k allocations: 44.854 MiB)
8357
  1.577648 seconds (7.92 k allocations: 9.990 MiB)
3825
  1.579426 seconds (8.74 k allocations: 11.537 MiB)
5338
  1.588891 seconds (23.73 k allocations: 29.969 MiB)
6841
  1.593201 seconds (27.78 k allocations: 34.798 MiB)
9831
  1.749952 seconds (54.45 k allocations: 70.038 MiB)
2322
  1.543953 seconds (39.56 k allocations: 49.949 MiB)
8358
  1.522339 seconds (31.64 k allocations: 39.959 MiB)
5339
  1.546125 seconds (23.73 k allocations: 29.969 MiB)
9832
  1.553099 seconds (28.90 k allocations: 37.162 MiB)
6842
  1.540646 seconds (31.81 k allocations: 40.127 MiB)
2323
  1.716038 seconds (58.92 k allocations: 74.245 MiB)
3826
  1.543596 seconds (39.72 k allocations: 50.117 MiB)
8359
  1.556069 seconds (25.63 k allocations: 33.124 MiB)
9833
  1.553849 seconds (24.25 k allocations: 31.142 MiB)
6843
  1.753253 seconds (55.70 k allocations: 70.264 MiB)
5340
  1.716305 seconds (35.79 k allocations: 45.408 MiB)
2324
  1.756737 seconds (39.80 k allocations: 50.201 MiB)
3827
  1.554220 seconds (39.72 k allocations: 50.117 MiB)
8360
  1.542406 seconds (31.81 k allocations: 40.127 MiB)
6844
  3.040182 seconds (34.79 k allocations: 43.864 MiB, 0.55% gc time)
  2.727188 seconds (18.99 k allocations: 23.888 MiB, 0.61% gc time)
  2.882783 seconds (27.05 k allocations: 34.048 MiB, 0.58% gc time)
  1.558505 seconds (3.29 k allocations: 4.090 MiB, 1.08% gc time)
  2.681551 seconds (11.27 k allocations: 14.143 MiB, 0.63% gc time)
8361
9834
2325
3828
5341
  1.542680 seconds (12.19 k allocations: 17.335 MiB)
8362
  1.552071 seconds (28.25 k allocations: 35.628 MiB)
6845
  1.673959 seconds (15.98 k allocations: 20.148 MiB)
5342
  1.720388 seconds (23.90 k allocations: 30.138 MiB)
3829
  1.730297 seconds (31.89 k allocations: 40.211 MiB)
9835
  1.882546 seconds (39.80 k allocations: 50.201 MiB)
2326
  1.544627 seconds (37.12 k allocations: 46.764 MiB)
8363
  1.542008 seconds (35.15 k allocations: 44.226 MiB)
6846
  1.513587 seconds (39.72 k allocations: 50.117 MiB)
5343
  1.548217 seconds (31.73 k allocations: 40.043 MiB)
9836
  1.540085 seconds (31.73 k allocations: 40.043 MiB)
2327
  1.755964 seconds (55.46 k allocations: 70.012 MiB)
3830
  1.544580 seconds (33.76 k allocations: 43.337 MiB)
8364
  1.554319 seconds (39.64 k allocations: 50.033 MiB)
6847
  1.555211 seconds (31.73 k allocations: 40.043 MiB)
9837
  1.754752 seconds (47.63 k allocations: 60.106 MiB)
5344
  1.550045 seconds (39.80 k allocations: 50.201 MiB)
2328
  1.544497 seconds (39.88 k allocations: 50.285 MiB)
3831
  1.542903 seconds (39.80 k allocations: 50.201 MiB)
8365
  2.160802 seconds (34.69 k allocations: 43.774 MiB, 1.03% gc time)
  1.965218 seconds (26.74 k allocations: 33.726 MiB, 1.13% gc time)
  1.776406 seconds (2.95 k allocations: 3.661 MiB, 1.25% gc time)
  1.824851 seconds (10.82 k allocations: 13.608 MiB, 1.22% gc time)
  1.853110 seconds (18.80 k allocations: 23.679 MiB, 1.20% gc time)
2329
9838
6848
3832
5345
  1.544609 seconds (31.20 k allocations: 38.080 MiB)
8366
  1.585999 seconds (30.66 k allocations: 37.020 MiB)
2330
  1.589091 seconds (34.76 k allocations: 41.896 MiB)
9839
  1.594908 seconds (23.73 k allocations: 29.969 MiB)
5346
  1.677202 seconds (31.64 k allocations: 39.959 MiB)
6849
  1.792046 seconds (39.64 k allocations: 50.033 MiB)
3833
  1.544561 seconds (39.72 k allocations: 50.117 MiB)
8367
  1.513887 seconds (23.90 k allocations: 30.137 MiB)
5347
  1.547589 seconds (39.72 k allocations: 50.117 MiB)
9840
  1.544199 seconds (31.81 k allocations: 40.127 MiB)
6850
  1.679600 seconds (58.41 k allocations: 74.238 MiB)
2331
  1.555033 seconds (39.64 k allocations: 50.033 MiB)
3834
  1.543238 seconds (39.64 k allocations: 50.033 MiB)
8368
  1.545603 seconds (23.82 k allocations: 30.053 MiB)
6851
  1.750793 seconds (47.38 k allocations: 59.387 MiB)
5348
  1.764704 seconds (47.55 k allocations: 60.022 MiB)
9841
  1.546897 seconds (31.73 k allocations: 40.043 MiB)
3835
  1.750582 seconds (47.55 k allocations: 60.022 MiB)
2332
  1.552763 seconds (39.56 k allocations: 49.949 MiB)
8369
  1.745832 seconds (21.42 k allocations: 25.681 MiB, 0.92% gc time)
  1.736893 seconds (14.39 k allocations: 17.272 MiB, 0.93% gc time)
  1.861669 seconds (38.09 k allocations: 47.228 MiB, 0.87% gc time)
  1.632573 seconds (6.52 k allocations: 7.299 MiB, 0.99% gc time)
  1.771475 seconds (30.33 k allocations: 37.336 MiB, 0.91% gc time)
2333
3836
6852
9842
5349
  1.546666 seconds (30.11 k allocations: 36.809 MiB)
8370
  1.547897 seconds (16.83 k allocations: 23.991 MiB)
5350
  1.578757 seconds (15.83 k allocations: 19.980 MiB)
2334
  1.586530 seconds (23.73 k allocations: 29.969 MiB)
3837
  1.589570 seconds (26.16 k allocations: 33.141 MiB)
9843
  1.693080 seconds (39.56 k allocations: 49.949 MiB)
6853
  1.512979 seconds (31.64 k allocations: 39.959 MiB)
5351
  1.554243 seconds (46.65 k allocations: 58.396 MiB)
8371
  1.552808 seconds (39.56 k allocations: 49.949 MiB)
2335
  1.544307 seconds (27.82 k allocations: 34.835 MiB)
9844
  1.542444 seconds (31.64 k allocations: 39.959 MiB)
6854
  1.661833 seconds (48.56 k allocations: 62.283 MiB)
3838
  1.552242 seconds (31.64 k allocations: 39.959 MiB)
8372
  1.548942 seconds (23.82 k allocations: 30.053 MiB)
9845
  1.543200 seconds (23.90 k allocations: 30.137 MiB)
6855
  1.545366 seconds (23.98 k allocations: 30.222 MiB)
3839
  1.745209 seconds (66.34 k allocations: 83.732 MiB)
5352
  1.749915 seconds (58.59 k allocations: 74.439 MiB)
2336
  1.542186 seconds (39.88 k allocations: 50.285 MiB)
8373
  1.541195 seconds (31.89 k allocations: 40.211 MiB)
6856
  3.063539 seconds (42.85 k allocations: 54.017 MiB, 0.53% gc time)
  2.945617 seconds (19.03 k allocations: 23.929 MiB, 0.55% gc time)
  2.951021 seconds (22.00 k allocations: 28.197 MiB, 0.55% gc time)
  2.866731 seconds (11.24 k allocations: 14.131 MiB, 0.57% gc time)
  1.556466 seconds (3.32 k allocations: 4.167 MiB, 1.05% gc time)
8374
9846
3840
2337
5353
  1.542781 seconds (13.12 k allocations: 18.257 MiB)
8375
  1.550301 seconds (25.20 k allocations: 32.502 MiB)
6857
  1.652230 seconds (15.82 k allocations: 19.980 MiB)
3841
  1.661970 seconds (23.82 k allocations: 30.054 MiB)
9847
  1.665326 seconds (28.31 k allocations: 35.329 MiB)
5354
  1.860794 seconds (39.64 k allocations: 50.033 MiB)
2338
  1.541194 seconds (31.81 k allocations: 40.127 MiB)
6858
  1.551331 seconds (41.40 k allocations: 51.828 MiB)
8376
  1.512031 seconds (23.82 k allocations: 30.053 MiB)
5355
  1.544025 seconds (47.52 k allocations: 60.007 MiB)
3842
  1.544922 seconds (43.84 k allocations: 55.544 MiB)
9848
  1.579483 seconds (39.64 k allocations: 50.033 MiB)
2339
  1.550655 seconds (38.38 k allocations: 48.055 MiB)
  1.545560 seconds (32.19 k allocations: 41.163 MiB)
6859
8377
  1.553843 seconds (23.82 k allocations: 30.053 MiB)
9849
  1.745300 seconds (47.71 k allocations: 60.190 MiB)
5356
  1.765037 seconds (47.71 k allocations: 60.190 MiB)
3843
  1.721402 seconds (39.72 k allocations: 50.117 MiB)
2340
  1.573698 seconds (31.89 k allocations: 40.211 MiB)
  1.574005 seconds (32.03 k allocations: 40.591 MiB)
8378
6860
  2.235311 seconds (29.78 k allocations: 37.539 MiB, 0.72% gc time)
  2.035490 seconds (13.94 k allocations: 17.517 MiB, 0.79% gc time)
  1.592655 seconds (6.13 k allocations: 7.650 MiB, 1.01% gc time)
  2.073456 seconds (22.03 k allocations: 27.680 MiB, 0.78% gc time)
2341
5357
3844
9850
  1.543670 seconds (17.72 k allocations: 24.171 MiB)
8379
  1.587637 seconds (7.91 k allocations: 9.990 MiB)
5358
  1.653074 seconds (18.40 k allocations: 26.295 MiB)
6861
  1.651498 seconds (19.93 k allocations: 24.859 MiB)
9851
  1.657833 seconds (30.69 k allocations: 37.761 MiB)
3845
  1.681163 seconds (49.35 k allocations: 63.615 MiB)
2342
  1.544495 seconds (39.56 k allocations: 49.949 MiB)
8380
  1.522544 seconds (39.64 k allocations: 50.033 MiB)
5359
  1.551195 seconds (34.22 k allocations: 43.816 MiB)
6862
  1.551001 seconds (32.89 k allocations: 41.223 MiB)
9852
  1.663293 seconds (31.73 k allocations: 40.043 MiB)
2343
  1.753837 seconds (47.55 k allocations: 60.022 MiB)
3846
  1.544024 seconds (39.56 k allocations: 49.949 MiB)
8381
  1.552673 seconds (25.75 k allocations: 33.252 MiB)
6863
  1.752548 seconds (47.55 k allocations: 60.022 MiB)
5360
  1.548089 seconds (31.81 k allocations: 40.127 MiB)
2344
  1.749052 seconds (47.71 k allocations: 60.190 MiB)
9853
  1.544276 seconds (36.18 k allocations: 45.282 MiB)
3847
  1.543569 seconds (39.80 k allocations: 50.201 MiB)
8382
  1.968746 seconds (38.41 k allocations: 47.560 MiB, 0.76% gc time)
  1.765357 seconds (6.65 k allocations: 7.460 MiB, 0.84% gc time)
  1.837445 seconds (22.63 k allocations: 27.653 MiB, 0.81% gc time)
  1.857064 seconds (30.55 k allocations: 37.609 MiB, 0.80% gc time)
  1.768987 seconds (9.14 k allocations: 11.296 MiB, 0.84% gc time)
2345
3848
6864
9854
5361
  1.552159 seconds (32.60 k allocations: 39.359 MiB)
8383
  1.578908 seconds (7.92 k allocations: 9.990 MiB)
2346
  1.580631 seconds (9.75 k allocations: 12.567 MiB)
6865
  1.600606 seconds (23.73 k allocations: 29.969 MiB)
5362
  1.739200 seconds (31.65 k allocations: 39.959 MiB)
3849
  1.752936 seconds (48.77 k allocations: 63.023 MiB)
9855
  1.553919 seconds (39.64 k allocations: 50.033 MiB)
8384
  1.513623 seconds (23.82 k allocations: 30.053 MiB)
5363
  1.551304 seconds (39.64 k allocations: 50.033 MiB)
6866
  1.631778 seconds (48.24 k allocations: 61.959 MiB)
2347
  1.544734 seconds (31.81 k allocations: 40.127 MiB)
9856
  1.647698 seconds (44.81 k allocations: 56.530 MiB)
3850
  1.558726 seconds (39.72 k allocations: 50.117 MiB)
8385
  1.556088 seconds (31.73 k allocations: 40.043 MiB)
6867
  1.547480 seconds (23.82 k allocations: 30.053 MiB)
9857
  1.745865 seconds (55.62 k allocations: 70.180 MiB)
5364
  1.544454 seconds (31.73 k allocations: 40.043 MiB)
3851
  1.751487 seconds (55.54 k allocations: 70.096 MiB)
2348
  1.543841 seconds (39.80 k allocations: 50.201 MiB)
8386
  1.532539 seconds (39.80 k allocations: 50.201 MiB)
6868
  2.799854 seconds (10.89 k allocations: 13.731 MiB, 0.72% gc time)
  2.929277 seconds (34.86 k allocations: 43.919 MiB, 0.69% gc time)
  2.904569 seconds (27.04 k allocations: 34.029 MiB, 0.69% gc time)
  2.835821 seconds (19.18 k allocations: 24.171 MiB, 0.71% gc time)
  1.563266 seconds (3.28 k allocations: 4.145 MiB, 1.29% gc time)
8387
2349
9858
3852
5365
  1.510311 seconds (21.68 k allocations: 28.254 MiB)
6869
  1.544901 seconds (21.10 k allocations: 28.321 MiB)
8388
  1.656612 seconds (15.90 k allocations: 20.064 MiB)
3853
  1.658443 seconds (17.12 k allocations: 21.994 MiB)
9859
  1.734532 seconds (31.81 k allocations: 40.127 MiB)
  1.741198 seconds (32.19 k allocations: 41.163 MiB)
5366
2350
  1.540008 seconds (39.64 k allocations: 50.033 MiB)
6870
  1.543756 seconds (39.64 k allocations: 50.033 MiB)
8389
  1.552816 seconds (39.26 k allocations: 48.997 MiB)
  1.625460 seconds (32.11 k allocations: 41.079 MiB)
3854
9860
  1.556880 seconds (31.89 k allocations: 40.211 MiB)
5367
  1.593267 seconds (39.80 k allocations: 50.201 MiB)
2351
  1.541563 seconds (39.80 k allocations: 50.201 MiB)
6871
  1.545139 seconds (39.80 k allocations: 50.201 MiB)
8390
  1.799201 seconds (32.20 k allocations: 41.751 MiB)
3855
  1.796659 seconds (34.59 k allocations: 43.667 MiB)
9861
  1.745087 seconds (39.72 k allocations: 50.117 MiB)
5368
  1.761867 seconds (39.80 k allocations: 50.201 MiB)
2352
  1.544794 seconds (39.80 k allocations: 50.201 MiB)
6872
  2.436357 seconds (38.26 k allocations: 47.405 MiB, 0.72% gc time)
  1.844653 seconds (25.62 k allocations: 31.884 MiB, 0.94% gc time)
  1.839939 seconds (22.57 k allocations: 27.551 MiB, 0.95% gc time)
  1.818227 seconds (14.68 k allocations: 17.646 MiB, 0.96% gc time)
  1.766674 seconds (6.77 k allocations: 7.697 MiB, 0.99% gc time)
3856
9862
2353
8391
5369
  1.556497 seconds (32.16 k allocations: 38.920 MiB)
6873
  1.580186 seconds (7.91 k allocations: 9.990 MiB)
5370
  1.593649 seconds (15.82 k allocations: 19.980 MiB)
9863
  1.697545 seconds (23.73 k allocations: 29.969 MiB)
8392
  1.729765 seconds (31.73 k allocations: 40.043 MiB)
3857
  1.748799 seconds (50.45 k allocations: 65.962 MiB)
2354
  1.541650 seconds (39.64 k allocations: 50.033 MiB)
  1.512597 seconds (32.11 k allocations: 41.079 MiB)
6874
5371
  1.543769 seconds (39.64 k allocations: 50.033 MiB)
9864
  1.543005 seconds (39.64 k allocations: 50.033 MiB)
  1.551564 seconds (24.20 k allocations: 31.089 MiB)
  1.567441 seconds (32.50 k allocations: 42.116 MiB)
8393
2355
3858
  1.547321 seconds (23.98 k allocations: 30.222 MiB)
  1.567994 seconds (32.35 k allocations: 41.331 MiB)
  1.743025 seconds (33.27 k allocations: 44.127 MiB)
9865
6875
  1.601654 seconds (31.52 k allocations: 39.176 MiB)
5372
8394
  1.777986 seconds (39.34 k allocations: 49.081 MiB)
  1.545721 seconds (32.11 k allocations: 41.079 MiB)
2356
3859
  1.562606 seconds (31.41 k allocations: 39.090 MiB)
  1.555948 seconds (16.37 k allocations: 21.184 MiB)
  1.772970 seconds (34.37 k allocations: 44.618 MiB)
  1.721217 seconds (19.20 k allocations: 26.586 MiB)
  1.679974 seconds (9.14 k allocations: 13.182 MiB)
  1.698506 seconds (1.92 k allocations: 5.181 MiB)
6876
8395
  5.186792 seconds (2.42 k allocations: 2.518 MiB, 0.56% gc time)
9866
5373
2357
3860
  1.466615 seconds (30.41 k allocations: 36.148 MiB)
6877
8396
  1.688477 seconds (38.32 k allocations: 46.138 MiB)
  1.632420 seconds (25.72 k allocations: 32.586 MiB)
  1.843024 seconds (23.89 k allocations: 30.136 MiB)
  1.857267 seconds (16.67 k allocations: 22.135 MiB)
9867
5374
2358
3861
  1.637833 seconds (39.34 k allocations: 49.081 MiB)
6878
  1.651986 seconds (39.64 k allocations: 50.033 MiB)
8397
  1.648120 seconds (38.49 k allocations: 46.925 MiB)
9868
  1.636655 seconds (38.79 k allocations: 47.877 MiB)
5375
  1.564623 seconds (23.73 k allocations: 29.969 MiB)
6879
  1.804128 seconds (47.09 k allocations: 58.902 MiB)
2359
  1.878799 seconds (47.47 k allocations: 59.938 MiB)
3862
  1.571573 seconds (39.64 k allocations: 50.033 MiB)
8398
  1.621422 seconds (39.72 k allocations: 50.117 MiB)
9869
  1.629239 seconds (39.72 k allocations: 50.117 MiB)
5376
  1.542085 seconds (39.72 k allocations: 50.117 MiB)
6880
  1.540698 seconds (39.80 k allocations: 50.201 MiB)
2360
  1.545339 seconds (39.80 k allocations: 50.201 MiB)
3863
  1.542304 seconds (39.72 k allocations: 50.117 MiB)
8399
  1.910338 seconds (22.32 k allocations: 27.288 MiB, 0.85% gc time)
  2.152293 seconds (38.18 k allocations: 47.320 MiB, 0.75% gc time)
  1.644251 seconds (6.52 k allocations: 7.320 MiB, 0.98% gc time)
  1.920507 seconds (30.38 k allocations: 37.408 MiB, 0.84% gc time)
  1.764187 seconds (14.54 k allocations: 17.440 MiB, 0.92% gc time)
2361
6881
9870
3864
5377
  1.537176 seconds (13.29 k allocations: 18.439 MiB)
2362
  1.543513 seconds (31.56 k allocations: 38.992 MiB)
8400
  1.582954 seconds (15.82 k allocations: 19.980 MiB)
3865
  1.591537 seconds (23.82 k allocations: 30.053 MiB)
6882
  1.660945 seconds (31.81 k allocations: 40.127 MiB)
9871
  1.808301 seconds (39.72 k allocations: 50.117 MiB)
5378
  1.541301 seconds (31.81 k allocations: 40.127 MiB)
8401
  1.550630 seconds (23.73 k allocations: 28.739 MiB)
6883
  1.627980 seconds (47.79 k allocations: 60.274 MiB)
2363
  1.570703 seconds (31.89 k allocations: 40.211 MiB)
9872
  1.712429 seconds (55.53 k allocations: 69.776 MiB)
3866
  1.511646 seconds (39.80 k allocations: 50.201 MiB)
5379
  1.543360 seconds (31.81 k allocations: 40.127 MiB)
6884
  1.578847 seconds (44.08 k allocations: 55.785 MiB)
8402
  1.513367 seconds (15.90 k allocations: 20.064 MiB)
5380
  1.748029 seconds (47.63 k allocations: 60.106 MiB)
2364
  1.752494 seconds (47.71 k allocations: 60.190 MiB)
9873
  1.751770 seconds (47.71 k allocations: 60.190 MiB)
3867
  1.543633 seconds (39.72 k allocations: 50.117 MiB)
6885
  1.783153 seconds (18.68 k allocations: 23.583 MiB, 0.86% gc time)
  1.976076 seconds (34.54 k allocations: 43.620 MiB, 0.78% gc time)
  1.857870 seconds (26.74 k allocations: 33.689 MiB, 0.83% gc time)
  1.706763 seconds (10.95 k allocations: 13.805 MiB, 0.90% gc time)
  1.641629 seconds (3.06 k allocations: 3.900 MiB, 0.94% gc time)
2365
3868
9874
8403
5381
  1.548896 seconds (20.41 k allocations: 26.942 MiB)
6886
  1.542204 seconds (3.20 k allocations: 3.969 MiB)
2366
  1.551295 seconds (18.54 k allocations: 25.208 MiB)
3869
  1.554715 seconds (23.90 k allocations: 30.138 MiB)
5382
  1.688779 seconds (31.81 k allocations: 40.127 MiB)
8404
  1.759792 seconds (39.72 k allocations: 50.117 MiB)
9875
  1.509544 seconds (15.90 k allocations: 20.064 MiB)
5383
  1.536528 seconds (32.48 k allocations: 42.034 MiB)
2367
  1.543931 seconds (42.73 k allocations: 54.398 MiB)
6887
  1.539239 seconds (37.98 k allocations: 47.824 MiB)
3870
  1.551402 seconds (39.80 k allocations: 50.201 MiB)
8405
  1.543751 seconds (39.72 k allocations: 50.117 MiB)
9876
  1.545315 seconds (15.90 k allocations: 20.064 MiB)
  1.544750 seconds (16.09 k allocations: 20.574 MiB)
6888
3871
  1.540603 seconds (23.90 k allocations: 30.137 MiB)
8406
  1.748419 seconds (47.25 k allocations: 60.257 MiB)
  1.762715 seconds (64.00 k allocations: 81.290 MiB)
2368
5384
  1.556270 seconds (39.72 k allocations: 50.117 MiB)
9877
  1.578426 seconds (31.73 k allocations: 40.043 MiB)
6889
  1.852005 seconds (29.91 k allocations: 36.967 MiB, 1.27% gc time)
  1.939494 seconds (37.85 k allocations: 46.970 MiB, 1.21% gc time)
  1.805456 seconds (14.11 k allocations: 17.000 MiB, 1.30% gc time)
  1.806900 seconds (14.19 k allocations: 17.116 MiB, 1.30% gc time)
  1.774330 seconds (6.40 k allocations: 7.343 MiB, 1.33% gc time)
8407
2369
9878
3872
5385
  1.547525 seconds (31.70 k allocations: 38.437 MiB)
6890
  1.555640 seconds (19.34 k allocations: 26.538 MiB)
9879
  1.550119 seconds (8.70 k allocations: 11.490 MiB)
2370
  1.574943 seconds (23.90 k allocations: 30.138 MiB)
5386
  1.579167 seconds (28.39 k allocations: 35.413 MiB)
8408
  1.792542 seconds (39.72 k allocations: 50.117 MiB)
3873
  1.511690 seconds (10.99 k allocations: 14.353 MiB)
5387
  1.554862 seconds (42.00 k allocations: 53.143 MiB)
6891
  1.541950 seconds (23.82 k allocations: 30.053 MiB)
8409
  1.599600 seconds (47.55 k allocations: 60.022 MiB)
2371
  1.620875 seconds (55.46 k allocations: 70.012 MiB)
9880
  1.544558 seconds (39.64 k allocations: 50.033 MiB)
3874
  1.544123 seconds (31.73 k allocations: 40.043 MiB)
6892
  1.529093 seconds (31.73 k allocations: 40.043 MiB)
8410
  1.526158 seconds (31.81 k allocations: 40.127 MiB)
2372
  1.731182 seconds (56.46 k allocations: 72.263 MiB)
5388
  1.754388 seconds (39.72 k allocations: 50.117 MiB)
9881
  1.552881 seconds (35.60 k allocations: 44.686 MiB)
3875
  1.546053 seconds (39.72 k allocations: 50.117 MiB)
6893
  1.541245 seconds (39.64 k allocations: 50.033 MiB)
8411
  3.071471 seconds (34.62 k allocations: 43.681 MiB, 0.51% gc time)
  2.817247 seconds (13.84 k allocations: 17.945 MiB, 0.55% gc time)
  2.812311 seconds (10.96 k allocations: 13.797 MiB, 0.55% gc time)
  2.928898 seconds (26.98 k allocations: 34.038 MiB, 0.53% gc time)
  1.557147 seconds (3.28 k allocations: 4.185 MiB, 1.00% gc time)
2373
5389
6894
9882
3876
  1.542679 seconds (20.97 k allocations: 27.501 MiB)
8412
  1.556398 seconds (17.55 k allocations: 24.715 MiB)
6895
  1.656435 seconds (15.83 k allocations: 19.980 MiB)
2374
  1.705422 seconds (23.82 k allocations: 30.053 MiB)
3877
  1.718422 seconds (31.81 k allocations: 40.127 MiB)
9883
  1.926300 seconds (39.72 k allocations: 50.117 MiB)
5390
  1.542325 seconds (39.72 k allocations: 50.117 MiB)
8413
  1.549823 seconds (39.80 k allocations: 50.201 MiB)
6896
  1.616833 seconds (39.80 k allocations: 50.201 MiB)
2375
  1.556176 seconds (26.53 k allocations: 33.526 MiB)
9884
  1.647128 seconds (47.79 k allocations: 60.274 MiB)
3878
  1.518524 seconds (39.96 k allocations: 50.369 MiB)
5391
  1.542668 seconds (39.96 k allocations: 50.369 MiB)
8414
  1.544880 seconds (39.96 k allocations: 50.369 MiB)
6897
  1.544206 seconds (34.41 k allocations: 44.017 MiB)
2376
  1.561024 seconds (39.88 k allocations: 50.285 MiB)
9885
  1.544386 seconds (39.88 k allocations: 50.285 MiB)
3879
  1.512627 seconds (39.80 k allocations: 50.201 MiB)
5392
  1.543143 seconds (39.80 k allocations: 50.201 MiB)
8415
  2.076572 seconds (38.23 k allocations: 47.381 MiB, 0.91% gc time)
  1.904779 seconds (30.26 k allocations: 37.312 MiB, 0.99% gc time)
  1.882500 seconds (22.33 k allocations: 27.286 MiB, 1.01% gc time)
  1.822557 seconds (14.45 k allocations: 17.304 MiB, 1.04% gc time)
  1.763385 seconds (6.58 k allocations: 7.434 MiB, 1.07% gc time)
2377
6898
9886
5393
3880
  1.543444 seconds (30.88 k allocations: 37.595 MiB)
8416
  1.546549 seconds (18.57 k allocations: 25.763 MiB)
5394
  1.582296 seconds (15.91 k allocations: 20.064 MiB)
2378
  1.597690 seconds (23.90 k allocations: 30.137 MiB)
3881
  1.602651 seconds (27.74 k allocations: 34.756 MiB)
9887
  1.671804 seconds (39.80 k allocations: 50.201 MiB)
6899
  1.511726 seconds (31.81 k allocations: 40.127 MiB)
5395
  1.540343 seconds (47.63 k allocations: 60.106 MiB)
8417
  1.542855 seconds (26.08 k allocations: 33.595 MiB)
3882
  1.544444 seconds (29.08 k allocations: 36.131 MiB)
9888
  1.557263 seconds (31.81 k allocations: 40.127 MiB)
6900
  1.755745 seconds (63.53 k allocations: 80.169 MiB)
2379
  1.558313 seconds (31.81 k allocations: 40.127 MiB)
8418
  1.545532 seconds (23.82 k allocations: 30.053 MiB)
9889
  1.544227 seconds (23.82 k allocations: 30.053 MiB)
6901
  1.743142 seconds (63.53 k allocations: 80.169 MiB)
5396
  1.754195 seconds (52.13 k allocations: 65.922 MiB)
3883
  1.747964 seconds (39.72 k allocations: 50.117 MiB)
2380
  1.547562 seconds (39.80 k allocations: 50.201 MiB)
8419
  1.593009 seconds (39.80 k allocations: 50.201 MiB)
9890
  2.965954 seconds (34.94 k allocations: 44.025 MiB, 0.54% gc time)
  2.841329 seconds (19.02 k allocations: 23.918 MiB, 0.56% gc time)
  2.654429 seconds (11.21 k allocations: 14.106 MiB, 0.60% gc time)
  2.941021 seconds (27.12 k allocations: 34.133 MiB, 0.54% gc time)
  1.555236 seconds (3.39 k allocations: 4.243 MiB, 1.03% gc time)
8420
2381
6902
3884
5397
  1.547265 seconds (24.41 k allocations: 31.009 MiB)
9891
  1.556735 seconds (20.87 k allocations: 28.102 MiB)
8421
  1.647019 seconds (15.91 k allocations: 20.064 MiB)
2382
  1.669754 seconds (23.82 k allocations: 30.054 MiB)
6903
  1.683892 seconds (31.73 k allocations: 40.043 MiB)
3885
  1.686786 seconds (34.52 k allocations: 43.586 MiB)
5398
  1.555675 seconds (31.73 k allocations: 40.043 MiB)
8422
  1.631310 seconds (47.71 k allocations: 60.190 MiB)
9892
  1.546250 seconds (39.80 k allocations: 50.201 MiB)
2383
  1.511033 seconds (19.72 k allocations: 24.649 MiB)
5399
  1.541787 seconds (47.71 k allocations: 60.190 MiB)
6904
  1.750404 seconds (40.55 k allocations: 52.195 MiB)
3886
  1.541281 seconds (39.72 k allocations: 50.117 MiB)
8423
  1.543664 seconds (15.90 k allocations: 20.064 MiB)
6905
  1.767319 seconds (47.71 k allocations: 60.190 MiB)
9893
  1.742930 seconds (39.15 k allocations: 48.313 MiB)
5400
  1.754064 seconds (49.88 k allocations: 63.629 MiB)
2384
  1.542313 seconds (39.88 k allocations: 50.285 MiB)
3887
  1.542162 seconds (39.80 k allocations: 50.201 MiB)
8424
  1.963076 seconds (34.61 k allocations: 43.689 MiB, 1.41% gc time)
  1.769403 seconds (10.78 k allocations: 13.586 MiB, 1.56% gc time)
  1.742088 seconds (2.93 k allocations: 3.693 MiB, 1.59% gc time)
  1.779103 seconds (18.40 k allocations: 22.608 MiB, 1.55% gc time)
  1.785445 seconds (24.73 k allocations: 31.071 MiB, 1.55% gc time)
2385
6906
3888
9894
5401
  1.555022 seconds (37.89 k allocations: 45.022 MiB)
8425
  1.583144 seconds (15.52 k allocations: 19.028 MiB)
6907
  1.603549 seconds (23.43 k allocations: 29.018 MiB)
9895
  1.588075 seconds (23.73 k allocations: 29.969 MiB)
5402
  1.750585 seconds (39.26 k allocations: 48.997 MiB)
3889
  1.802283 seconds (53.81 k allocations: 69.427 MiB)
2386
  1.540585 seconds (39.72 k allocations: 50.117 MiB)
8426
  1.555315 seconds (39.72 k allocations: 50.117 MiB)
6908
  1.512368 seconds (28.43 k allocations: 35.457 MiB)
5403
  1.547670 seconds (47.71 k allocations: 60.190 MiB)
9896
  1.537363 seconds (31.81 k allocations: 40.127 MiB)
2387
  1.642024 seconds (47.79 k allocations: 60.274 MiB)
3890
  1.550635 seconds (39.80 k allocations: 50.201 MiB)
8427
  1.545256 seconds (35.05 k allocations: 44.651 MiB)
6909
  1.539538 seconds (23.82 k allocations: 30.053 MiB)
2388
  1.744739 seconds (47.71 k allocations: 60.190 MiB)
5404
  1.767701 seconds (47.71 k allocations: 60.190 MiB)
9897
  1.551998 seconds (39.72 k allocations: 50.117 MiB)
3891
  1.543534 seconds (39.72 k allocations: 50.117 MiB)
8428
  1.977844 seconds (38.26 k allocations: 47.403 MiB, 0.80% gc time)
  1.715124 seconds (6.50 k allocations: 7.317 MiB, 0.93% gc time)
  1.736821 seconds (14.57 k allocations: 17.463 MiB, 0.91% gc time)
  1.771673 seconds (22.69 k allocations: 27.845 MiB, 0.90% gc time)
  1.788870 seconds (30.60 k allocations: 37.747 MiB, 0.89% gc time)
6910
2389
3892
9898
5405
  1.545157 seconds (30.74 k allocations: 37.477 MiB)
8429
  1.546135 seconds (16.19 k allocations: 23.351 MiB)
5406
  1.585694 seconds (15.91 k allocations: 20.064 MiB)
6911
  1.594257 seconds (23.90 k allocations: 30.138 MiB)
2390
  1.598633 seconds (31.30 k allocations: 38.390 MiB)
9899
  1.600754 seconds (33.50 k allocations: 42.541 MiB)
3893
  1.511232 seconds (31.73 k allocations: 40.043 MiB)
5407
  1.539957 seconds (46.96 k allocations: 58.734 MiB)
8430
  1.555066 seconds (38.33 k allocations: 48.003 MiB)
6912
  1.546661 seconds (25.77 k allocations: 32.042 MiB)
9900
  1.625799 seconds (45.83 k allocations: 57.552 MiB)
2391
  1.700578 seconds (39.80 k allocations: 50.201 MiB)
3894
  1.589611 seconds (31.89 k allocations: 40.211 MiB)
8431
  1.544842 seconds (28.19 k allocations: 35.733 MiB)
6913
  1.545779 seconds (30.65 k allocations: 37.721 MiB)
9901
  1.741769 seconds (63.61 k allocations: 80.253 MiB)
5408
  1.767738 seconds (39.64 k allocations: 50.033 MiB)
2392
  1.764172 seconds (39.72 k allocations: 50.117 MiB)
3895
  1.542363 seconds (39.80 k allocations: 50.201 MiB)
8432
  1.543614 seconds (37.29 k allocations: 46.942 MiB)
6914
  3.077684 seconds (34.69 k allocations: 43.774 MiB, 0.56% gc time)
  2.978375 seconds (26.84 k allocations: 33.834 MiB, 0.58% gc time)
  2.708046 seconds (18.92 k allocations: 23.808 MiB, 0.64% gc time)
  2.695346 seconds (11.05 k allocations: 13.879 MiB, 0.64% gc time)
  1.558338 seconds (3.14 k allocations: 3.942 MiB, 1.11% gc time)
8433
9902
2393
3896
5409
  1.540989 seconds (20.30 k allocations: 25.596 MiB)
8434
  1.555882 seconds (39.51 k allocations: 47.226 MiB)
6915
  1.648562 seconds (15.90 k allocations: 20.064 MiB)
5410
  1.656030 seconds (19.86 k allocations: 27.249 MiB)
9903
  1.673192 seconds (31.81 k allocations: 40.127 MiB)
2394
  1.717877 seconds (39.72 k allocations: 50.117 MiB)
3897
  1.541204 seconds (38.20 k allocations: 47.872 MiB)
8435
  1.554145 seconds (39.80 k allocations: 50.201 MiB)
6916
  1.511276 seconds (34.47 k allocations: 44.074 MiB)
5411
  1.545573 seconds (39.72 k allocations: 50.117 MiB)
9904
  1.537604 seconds (39.80 k allocations: 50.201 MiB)
2395
  1.599424 seconds (39.80 k allocations: 50.201 MiB)
3898
  1.553065 seconds (39.80 k allocations: 50.201 MiB)
8436
  1.558260 seconds (39.80 k allocations: 50.201 MiB)
6917
  1.549129 seconds (31.89 k allocations: 40.211 MiB)
9905
  1.544997 seconds (23.90 k allocations: 30.137 MiB)
3899
  1.753058 seconds (55.86 k allocations: 70.432 MiB)
5412
  1.749826 seconds (47.87 k allocations: 60.358 MiB)
2396
  1.540557 seconds (39.96 k allocations: 50.369 MiB)
8437
  2.084250 seconds (34.95 k allocations: 44.034 MiB, 0.76% gc time)
  1.987083 seconds (27.00 k allocations: 34.001 MiB, 0.80% gc time)
  1.871316 seconds (19.09 k allocations: 23.990 MiB, 0.84% gc time)
  1.776852 seconds (3.25 k allocations: 4.051 MiB, 0.89% gc time)
  1.820323 seconds (11.15 k allocations: 13.979 MiB, 0.87% gc time)
2397
6918
9906
3900
5413
  1.540901 seconds (20.25 k allocations: 26.788 MiB)
8438
  1.584042 seconds (7.92 k allocations: 9.990 MiB)
5414
  1.672648 seconds (15.82 k allocations: 19.980 MiB)
6919
  1.673745 seconds (16.53 k allocations: 21.394 MiB)
9907
  1.745997 seconds (44.65 k allocations: 58.131 MiB)
2398
  1.793224 seconds (39.64 k allocations: 50.033 MiB)
3901
  1.540910 seconds (39.64 k allocations: 50.033 MiB)
8439
  1.511938 seconds (39.72 k allocations: 50.117 MiB)
5415
  1.543546 seconds (31.73 k allocations: 40.043 MiB)
6920
  1.552611 seconds (39.64 k allocations: 50.033 MiB)
9908
  1.536830 seconds (39.64 k allocations: 50.033 MiB)
2399
  1.541109 seconds (39.72 k allocations: 50.117 MiB)
3902
  1.543264 seconds (39.64 k allocations: 50.033 MiB)
8440
  1.544951 seconds (31.73 k allocations: 40.043 MiB)
6921
  1.741244 seconds (47.55 k allocations: 60.022 MiB)
5416
  1.548876 seconds (23.73 k allocations: 29.969 MiB)
3903
  1.750510 seconds (47.55 k allocations: 60.022 MiB)
9909
  1.746775 seconds (47.55 k allocations: 60.022 MiB)
2400
  1.542228 seconds (39.72 k allocations: 50.117 MiB)
8441
  1.862744 seconds (22.51 k allocations: 27.502 MiB, 0.86% gc time)
  1.987069 seconds (38.33 k allocations: 47.470 MiB, 0.80% gc time)
  1.770937 seconds (14.66 k allocations: 17.530 MiB, 0.90% gc time)
  1.726242 seconds (6.62 k allocations: 7.407 MiB, 0.92% gc time)
  1.911496 seconds (30.51 k allocations: 37.533 MiB, 0.83% gc time)
2401
3904
9910
5417
6922
  1.552735 seconds (37.89 k allocations: 45.022 MiB)
8442
  1.556758 seconds (7.92 k allocations: 9.990 MiB)
6923
  1.561946 seconds (13.82 k allocations: 16.710 MiB)
5418
  1.755743 seconds (28.22 k allocations: 39.424 MiB)
9911
  1.780418 seconds (31.65 k allocations: 39.959 MiB)
2402
  1.819873 seconds (39.64 k allocations: 50.033 MiB)
3905
  1.545124 seconds (39.64 k allocations: 50.033 MiB)
8443
  1.513666 seconds (27.37 k allocations: 34.378 MiB)
5419
  1.547217 seconds (43.94 k allocations: 55.651 MiB)
6924
  1.546960 seconds (39.72 k allocations: 50.117 MiB)
9912
  1.539974 seconds (39.72 k allocations: 50.117 MiB)
2403
  1.650104 seconds (39.72 k allocations: 50.117 MiB)
3906
  1.545177 seconds (33.67 k allocations: 43.250 MiB)
8444
  1.547880 seconds (31.73 k allocations: 40.043 MiB)
6925
  1.744845 seconds (47.63 k allocations: 60.106 MiB)
5420
  1.550478 seconds (39.72 k allocations: 50.117 MiB)
9913
  1.541561 seconds (39.80 k allocations: 50.201 MiB)
2404
  1.546279 seconds (39.88 k allocations: 50.285 MiB)
3907
  1.544072 seconds (39.96 k allocations: 50.369 MiB)
8445
  1.548948 seconds (39.88 k allocations: 50.285 MiB)
6926
  2.921701 seconds (34.79 k allocations: 43.868 MiB, 0.71% gc time)
  2.890871 seconds (26.87 k allocations: 33.845 MiB, 0.72% gc time)
  2.877796 seconds (18.95 k allocations: 23.831 MiB, 0.72% gc time)
  2.724797 seconds (11.07 k allocations: 13.880 MiB, 0.76% gc time)
  1.574987 seconds (3.23 k allocations: 3.996 MiB, 1.32% gc time)
8446
5421
9914
2405
3908
  1.545811 seconds (24.08 k allocations: 30.669 MiB)
6927
  1.567618 seconds (8.55 k allocations: 13.094 MiB)
8447
  1.657790 seconds (15.82 k allocations: 19.980 MiB)
2406
  1.670724 seconds (23.74 k allocations: 29.970 MiB)
5422
  1.671595 seconds (25.22 k allocations: 32.176 MiB)
3909
  1.674897 seconds (30.71 k allocations: 38.494 MiB)
9915
  1.544895 seconds (39.72 k allocations: 50.117 MiB)
  1.560499 seconds (32.19 k allocations: 41.163 MiB)
6928
8448
  1.511430 seconds (19.70 k allocations: 26.391 MiB)
5423
  1.542313 seconds (23.89 k allocations: 31.367 MiB)
3910
  1.545817 seconds (29.52 k allocations: 36.572 MiB)
9916
  1.629972 seconds (63.61 k allocations: 80.253 MiB)
2407
  1.542507 seconds (34.02 k allocations: 43.599 MiB)
8449
  1.580236 seconds (39.80 k allocations: 50.201 MiB)
6929
  1.744954 seconds (39.80 k allocations: 50.201 MiB)
5424
  1.764330 seconds (35.97 k allocations: 45.602 MiB)
3911
  1.759085 seconds (32.83 k allocations: 41.862 MiB)
9917
  1.750491 seconds (39.72 k allocations: 50.117 MiB)
2408
  1.543552 seconds (39.72 k allocations: 50.117 MiB)
8450
  1.720531 seconds (11.95 k allocations: 16.026 MiB, 0.91% gc time)
  1.717587 seconds (10.88 k allocations: 13.690 MiB, 0.91% gc time)
  1.971219 seconds (34.63 k allocations: 43.699 MiB, 0.79% gc time)
  1.773210 seconds (26.84 k allocations: 33.782 MiB, 0.88% gc time)
  1.659779 seconds (2.94 k allocations: 3.635 MiB, 0.94% gc time)
2409
3912
9918
5425
6930
  1.545209 seconds (20.70 k allocations: 27.235 MiB)
8451
  1.548114 seconds (16.31 k allocations: 22.242 MiB)
5426
  1.566593 seconds (15.91 k allocations: 20.064 MiB)
3913
  1.569706 seconds (17.64 k allocations: 22.525 MiB)
9919
  1.582122 seconds (31.81 k allocations: 40.127 MiB)
2410
  1.667108 seconds (39.72 k allocations: 50.117 MiB)
6931
  1.512880 seconds (31.81 k allocations: 40.127 MiB)
5427
  1.553886 seconds (45.24 k allocations: 56.966 MiB)
8452
  1.545245 seconds (31.73 k allocations: 40.043 MiB)
9920
  1.539060 seconds (28.01 k allocations: 35.027 MiB)
2411
  1.545462 seconds (31.64 k allocations: 39.959 MiB)
6932
  1.753323 seconds (58.37 k allocations: 74.197 MiB)
3914
  1.550154 seconds (31.64 k allocations: 39.959 MiB)
8453
  1.553737 seconds (15.82 k allocations: 19.980 MiB)
6933
  1.746011 seconds (55.38 k allocations: 69.928 MiB)
5428
  1.542980 seconds (23.82 k allocations: 30.053 MiB)
3915
  1.756145 seconds (50.29 k allocations: 64.046 MiB)
9921
  1.757783 seconds (52.86 k allocations: 66.141 MiB)
2412
  1.543632 seconds (39.72 k allocations: 50.117 MiB)
8454
  1.880902 seconds (38.17 k allocations: 47.312 MiB, 1.28% gc time)
  1.789841 seconds (21.10 k allocations: 25.355 MiB, 1.35% gc time)
  1.848756 seconds (30.30 k allocations: 37.351 MiB, 1.31% gc time)
  1.781734 seconds (14.22 k allocations: 16.539 MiB, 1.35% gc time)
  1.772788 seconds (6.72 k allocations: 7.702 MiB, 1.36% gc time)
6934
3916
2413
9922
5429
  1.544135 seconds (32.14 k allocations: 38.902 MiB)
8455
  1.591322 seconds (7.91 k allocations: 9.990 MiB)
  1.591016 seconds (8.29 k allocations: 11.026 MiB)
6935
5430
  1.739922 seconds (23.74 k allocations: 29.970 MiB)
3917
  1.772871 seconds (32.04 k allocations: 41.578 MiB)
2414
  1.790630 seconds (39.56 k allocations: 49.949 MiB)
9923
  1.553952 seconds (39.64 k allocations: 50.033 MiB)
8456
  1.513205 seconds (31.73 k allocations: 40.043 MiB)
5431
  1.545106 seconds (39.64 k allocations: 50.033 MiB)
6936
  1.539271 seconds (31.73 k allocations: 40.043 MiB)
2415
  1.546344 seconds (31.73 k allocations: 40.043 MiB)
9924
  1.647923 seconds (55.62 k allocations: 70.180 MiB)
3918
  1.552328 seconds (39.80 k allocations: 50.201 MiB)
8457
  1.546462 seconds (31.89 k allocations: 40.211 MiB)
6937
  1.752011 seconds (47.79 k allocations: 60.274 MiB)
5432
  1.548173 seconds (31.81 k allocations: 40.127 MiB)
9925
  1.542882 seconds (31.81 k allocations: 40.127 MiB)
3919
  1.758747 seconds (55.78 k allocations: 70.348 MiB)
2416
  1.553166 seconds (39.88 k allocations: 50.285 MiB)
8458
  1.544146 seconds (39.88 k allocations: 50.285 MiB)
6938
  2.902499 seconds (34.86 k allocations: 43.943 MiB, 0.63% gc time)
  2.690014 seconds (10.94 k allocations: 13.763 MiB, 0.68% gc time)
  2.865046 seconds (27.02 k allocations: 33.988 MiB, 0.64% gc time)
  2.828799 seconds (19.11 k allocations: 24.037 MiB, 0.64% gc time)
  1.561423 seconds (3.20 k allocations: 3.969 MiB, 1.17% gc time)
8459
2417
9926
3920
5433
  1.545326 seconds (13.04 k allocations: 18.187 MiB)
8460
  1.556467 seconds (29.16 k allocations: 37.757 MiB)
6939
  1.687891 seconds (15.90 k allocations: 20.064 MiB)
3921
  1.690550 seconds (17.19 k allocations: 22.074 MiB)
9927
  1.691053 seconds (18.92 k allocations: 24.522 MiB)
5434
  1.902751 seconds (39.72 k allocations: 50.117 MiB)
2418
  1.544606 seconds (31.73 k allocations: 40.043 MiB)
  1.554285 seconds (39.72 k allocations: 50.117 MiB)
  1.514692 seconds (8.69 k allocations: 12.063 MiB)
  1.542061 seconds (9.88 k allocations: 15.140 MiB)
  1.542639 seconds (9.45 k allocations: 14.135 MiB)
6940
8461
5435
  1.538369 seconds (24.58 k allocations: 32.125 MiB)
3922
9928
2419
  1.580817 seconds (38.27 k allocations: 46.057 MiB)
6941
  1.585317 seconds (7.99 k allocations: 10.074 MiB)
2420
  1.720804 seconds (46.65 k allocations: 57.167 MiB)
8462
  1.789978 seconds (47.03 k allocations: 58.203 MiB)
5436
  1.772223 seconds (47.11 k allocations: 58.287 MiB)
3923
  1.806734 seconds (39.80 k allocations: 50.201 MiB)
9929
  1.557616 seconds (39.72 k allocations: 50.117 MiB)
6942
  1.866223 seconds (30.17 k allocations: 37.229 MiB, 1.12% gc time)
  1.722913 seconds (14.33 k allocations: 17.215 MiB, 1.21% gc time)
  1.874942 seconds (38.21 k allocations: 47.335 MiB, 1.11% gc time)
  1.649577 seconds (6.60 k allocations: 7.472 MiB, 1.27% gc time)
  1.764378 seconds (22.54 k allocations: 27.693 MiB, 1.18% gc time)
8463
2421
3924
9930
5437
  1.555453 seconds (32.23 k allocations: 38.993 MiB)
6943
  1.545114 seconds (2.92 k allocations: 3.677 MiB)
3925
  1.551349 seconds (14.04 k allocations: 16.946 MiB)
2422
  1.560077 seconds (27.79 k allocations: 37.777 MiB)
5438
  1.573765 seconds (31.73 k allocations: 40.043 MiB)
8464
  1.756299 seconds (39.72 k allocations: 50.117 MiB)
9931
  1.511915 seconds (15.90 k allocations: 20.064 MiB)
5439
  1.552498 seconds (41.79 k allocations: 53.449 MiB)
6944
  1.540884 seconds (23.73 k allocations: 29.969 MiB)
8465
  1.574519 seconds (48.39 k allocations: 60.240 MiB)
3926
  1.630694 seconds (48.19 k allocations: 61.893 MiB)
2423
  1.544298 seconds (39.72 k allocations: 50.117 MiB)
9932
  1.546737 seconds (31.89 k allocations: 40.211 MiB)
  1.544579 seconds (20.45 k allocations: 26.575 MiB)
  1.545336 seconds (16.75 k allocations: 22.219 MiB)
6945
8466
3927
  1.751052 seconds (55.99 k allocations: 68.806 MiB)
5440
  1.751790 seconds (39.80 k allocations: 50.201 MiB)
2424
  1.636955 seconds (36.06 k allocations: 45.167 MiB)
9933
  1.585553 seconds (15.91 k allocations: 20.064 MiB)
8467
  1.761498 seconds (18.70 k allocations: 23.610 MiB, 0.90% gc time)
  1.760239 seconds (18.75 k allocations: 23.651 MiB, 0.91% gc time)
  1.637985 seconds (2.92 k allocations: 3.634 MiB, 0.97% gc time)
  1.760300 seconds (19.03 k allocations: 24.072 MiB, 0.91% gc time)
  1.641184 seconds (4.84 k allocations: 6.903 MiB, 0.97% gc time)
2425
6946
3928
9934
5441
  1.545303 seconds (23.25 k allocations: 29.821 MiB)
8468
  1.548040 seconds (17.22 k allocations: 24.359 MiB)
5442
  1.579962 seconds (15.82 k allocations: 19.980 MiB)
6947
  1.591039 seconds (23.82 k allocations: 30.054 MiB)
2426
  1.740140 seconds (31.81 k allocations: 40.127 MiB)
3929
  1.801705 seconds (39.72 k allocations: 50.117 MiB)
9935
  1.513795 seconds (31.81 k allocations: 40.127 MiB)
5443
  1.543675 seconds (47.24 k allocations: 59.069 MiB)
8469
  1.544754 seconds (39.64 k allocations: 50.033 MiB)
6948
  1.539324 seconds (35.18 k allocations: 44.262 MiB)
2427
  1.554867 seconds (31.73 k allocations: 40.043 MiB)
9936
  1.659144 seconds (47.63 k allocations: 60.106 MiB)
3930
  1.543642 seconds (31.89 k allocations: 40.211 MiB)
8470
  1.547195 seconds (25.90 k allocations: 33.411 MiB)
6949
  1.743717 seconds (55.62 k allocations: 70.180 MiB)
5444
  1.751650 seconds (39.80 k allocations: 50.201 MiB)
2428
  1.544108 seconds (31.81 k allocations: 40.127 MiB)
3931
  1.634142 seconds (47.79 k allocations: 60.274 MiB)
9937
  1.542777 seconds (39.88 k allocations: 50.285 MiB)
8471
  1.698952 seconds (14.49 k allocations: 17.391 MiB, 0.90% gc time)
  1.982987 seconds (38.42 k allocations: 47.574 MiB, 0.77% gc time)
  1.854601 seconds (30.52 k allocations: 37.556 MiB, 0.82% gc time)
  1.661492 seconds (6.64 k allocations: 7.461 MiB, 0.92% gc time)
  1.774625 seconds (22.73 k allocations: 27.777 MiB, 0.86% gc time)
6950
9938
2429
5445
3932
  1.538958 seconds (11.70 k allocations: 16.817 MiB)
2430
  1.556768 seconds (40.78 k allocations: 49.625 MiB)
8472
  1.584362 seconds (15.90 k allocations: 20.064 MiB)
  1.586372 seconds (16.30 k allocations: 21.101 MiB)
3933
6951
  1.588895 seconds (22.68 k allocations: 28.368 MiB)
5446
  1.790773 seconds (39.72 k allocations: 50.117 MiB)
9939
  1.543583 seconds (31.81 k allocations: 40.127 MiB)
8473
  1.511257 seconds (15.98 k allocations: 20.148 MiB)
5447
  1.549964 seconds (24.55 k allocations: 32.025 MiB)
6952
  1.748535 seconds (63.61 k allocations: 80.253 MiB)
2431
  1.699221 seconds (39.95 k allocations: 50.352 MiB)
3934
  1.545219 seconds (39.72 k allocations: 50.117 MiB)
9940
  1.543923 seconds (39.72 k allocations: 50.117 MiB)
8474
  1.545759 seconds (31.81 k allocations: 40.127 MiB)
6953
  1.540815 seconds (29.59 k allocations: 37.170 MiB)
2432
  1.743819 seconds (55.62 k allocations: 70.180 MiB)
5448
  1.555327 seconds (31.73 k allocations: 40.043 MiB)
9941
  1.753885 seconds (47.71 k allocations: 60.190 MiB)
3935
  1.543931 seconds (39.80 k allocations: 50.201 MiB)
8475
  1.544041 seconds (39.80 k allocations: 50.201 MiB)
6954
  2.899598 seconds (26.81 k allocations: 33.797 MiB, 0.62% gc time)
  2.922912 seconds (34.69 k allocations: 43.761 MiB, 0.61% gc time)
  2.851800 seconds (18.93 k allocations: 23.847 MiB, 0.63% gc time)
  2.699636 seconds (11.03 k allocations: 13.935 MiB, 0.66% gc time)
  1.559699 seconds (3.14 k allocations: 4.005 MiB, 1.15% gc time)
5449
2433
8476
9942
3936
  1.552259 seconds (12.16 k allocations: 17.296 MiB)
5450
  1.591524 seconds (7.92 k allocations: 9.990 MiB)
8477
  1.621965 seconds (31.80 k allocations: 41.158 MiB)
6955
  1.640236 seconds (23.82 k allocations: 30.054 MiB)
2434
  1.664223 seconds (31.81 k allocations: 40.127 MiB)
3937
  1.877605 seconds (39.72 k allocations: 50.117 MiB)
9943
  1.517555 seconds (39.72 k allocations: 50.117 MiB)
5451
  1.543995 seconds (39.72 k allocations: 50.117 MiB)
8478
  1.548929 seconds (39.72 k allocations: 50.117 MiB)
6956
  1.602321 seconds (31.81 k allocations: 40.127 MiB)
3938
  1.639284 seconds (47.71 k allocations: 60.190 MiB)
2435
  1.545818 seconds (39.88 k allocations: 50.285 MiB)
9944
  1.544712 seconds (31.97 k allocations: 40.295 MiB)
  1.538705 seconds (24.36 k allocations: 31.257 MiB)
  1.747435 seconds (40.73 k allocations: 52.441 MiB)
  1.543344 seconds (17.14 k allocations: 23.256 MiB)
8479
5452
3939
6957
  1.551650 seconds (31.89 k allocations: 40.211 MiB)
9945
  1.748362 seconds (47.79 k allocations: 60.274 MiB)
2436
  1.539452 seconds (15.90 k allocations: 20.064 MiB)
6958
  1.870764 seconds (45.01 k allocations: 54.285 MiB, 0.84% gc time)
  1.847539 seconds (24.84 k allocations: 32.312 MiB, 0.85% gc time)
  1.844565 seconds (22.41 k allocations: 27.385 MiB, 0.85% gc time)
  1.693026 seconds (14.20 k allocations: 16.485 MiB, 0.93% gc time)
  1.621915 seconds (6.70 k allocations: 7.618 MiB, 0.97% gc time)
2437
8480
9946
3940
5453
  1.543333 seconds (33.68 k allocations: 40.518 MiB)
6959
  1.539730 seconds (17.02 k allocations: 22.967 MiB)
2438
  1.586469 seconds (15.91 k allocations: 20.064 MiB)
8481
  1.659341 seconds (23.90 k allocations: 30.137 MiB)
5454
  1.785027 seconds (31.81 k allocations: 40.127 MiB)
3941
  1.794150 seconds (39.80 k allocations: 50.201 MiB)
9947
  1.539796 seconds (31.89 k allocations: 40.211 MiB)
6960
  1.540047 seconds (32.62 k allocations: 41.655 MiB)
2439
  1.542231 seconds (39.80 k allocations: 50.201 MiB)
8482
  1.516396 seconds (39.80 k allocations: 50.201 MiB)
5455
  1.540451 seconds (39.34 k allocations: 49.081 MiB)
3942
  1.545382 seconds (39.72 k allocations: 50.117 MiB)
9948
  1.550658 seconds (31.73 k allocations: 40.043 MiB)
6961
  1.557339 seconds (31.73 k allocations: 40.043 MiB)
8483
  1.752477 seconds (47.63 k allocations: 60.106 MiB)
2440
  1.557669 seconds (31.73 k allocations: 40.043 MiB)
3943
  1.748479 seconds (47.71 k allocations: 60.190 MiB)
5456
  1.647682 seconds (39.72 k allocations: 50.117 MiB)
9949
  1.546055 seconds (39.72 k allocations: 50.117 MiB)
6962
  1.546660 seconds (39.72 k allocations: 50.117 MiB)
8484
  2.852980 seconds (26.63 k allocations: 33.623 MiB, 0.67% gc time)
  2.751482 seconds (10.85 k allocations: 13.685 MiB, 0.70% gc time)
  2.917014 seconds (34.77 k allocations: 43.827 MiB, 0.66% gc time)
  2.813219 seconds (18.98 k allocations: 23.944 MiB, 0.68% gc time)
  1.563125 seconds (3.18 k allocations: 4.044 MiB, 1.23% gc time)
6963
3944
9950
2441
5457
  1.540787 seconds (22.21 k allocations: 28.766 MiB)
  1.549299 seconds (12.48 k allocations: 18.281 MiB)
8485
6964
  1.666641 seconds (15.90 k allocations: 20.064 MiB)
9951
  1.669424 seconds (17.64 k allocations: 22.525 MiB)
  1.669220 seconds (18.47 k allocations: 24.011 MiB)
3945
5458
  1.870667 seconds (39.80 k allocations: 50.201 MiB)
2442
  1.542270 seconds (32.56 k allocations: 42.112 MiB)
6965
  1.562439 seconds (39.80 k allocations: 50.201 MiB)
8486
  1.517604 seconds (23.90 k allocations: 30.137 MiB)
5459
  1.542725 seconds (32.27 k allocations: 43.041 MiB)
9952
  1.646666 seconds (39.80 k allocations: 50.201 MiB)
3946
  1.540259 seconds (39.80 k allocations: 50.201 MiB)
2443
  1.545709 seconds (39.80 k allocations: 50.201 MiB)
6966
  1.537351 seconds (39.72 k allocations: 50.117 MiB)
8487
  1.545086 seconds (23.82 k allocations: 30.053 MiB)
3947
  1.748030 seconds (47.79 k allocations: 60.274 MiB)
5460
  1.756940 seconds (47.79 k allocations: 60.274 MiB)
9953
  1.724945 seconds (39.80 k allocations: 50.201 MiB)
2444
  1.541444 seconds (31.81 k allocations: 40.127 MiB)
8488
  1.559827 seconds (42.56 k allocations: 53.718 MiB)
6967
  1.875252 seconds (33.06 k allocations: 40.889 MiB, 0.87% gc time)
  1.765512 seconds (17.14 k allocations: 20.805 MiB, 0.92% gc time)
  1.800401 seconds (25.12 k allocations: 30.835 MiB, 0.90% gc time)
  1.591597 seconds (9.39 k allocations: 10.925 MiB, 1.02% gc time)
9954
2445
3948
5461
  1.546999 seconds (14.23 k allocations: 19.399 MiB)
6968
  1.582086 seconds (7.91 k allocations: 9.990 MiB)
5462
  1.587852 seconds (15.76 k allocations: 18.690 MiB)
3949
  1.688124 seconds (32.28 k allocations: 42.359 MiB)
2446
  1.710649 seconds (47.26 k allocations: 60.784 MiB)
8489
  1.791770 seconds (39.72 k allocations: 50.117 MiB)
9955
  1.559363 seconds (39.72 k allocations: 50.117 MiB)
6969
  1.529266 seconds (38.44 k allocations: 48.107 MiB)
5463
  1.542826 seconds (39.72 k allocations: 50.117 MiB)
3950
  1.540304 seconds (31.73 k allocations: 40.043 MiB)
8490
  1.545949 seconds (31.73 k allocations: 40.043 MiB)
9956
  1.659687 seconds (48.66 k allocations: 61.850 MiB)
2447
  1.543737 seconds (39.64 k allocations: 50.033 MiB)
6970
  1.542378 seconds (23.82 k allocations: 30.053 MiB)
8491
  1.747514 seconds (47.63 k allocations: 60.106 MiB)
5464
  1.546298 seconds (24.20 k allocations: 31.677 MiB)
  1.754679 seconds (47.77 k allocations: 60.492 MiB)
9957
3951
  1.546763 seconds (25.10 k allocations: 32.706 MiB)
2448
  1.558048 seconds (39.72 k allocations: 50.117 MiB)
6971
  1.919311 seconds (38.16 k allocations: 47.311 MiB, 2.21% gc time)
  1.816379 seconds (6.51 k allocations: 7.318 MiB, 2.33% gc time)
  1.843329 seconds (30.41 k allocations: 37.487 MiB, 2.30% gc time)
  1.815502 seconds (6.65 k allocations: 7.486 MiB, 2.34% gc time)
  1.816796 seconds (6.71 k allocations: 7.560 MiB, 2.33% gc time)
3952
8492
9958
2449
5465
  1.547135 seconds (32.58 k allocations: 39.332 MiB)
6972
  1.577630 seconds (7.91 k allocations: 9.990 MiB)
2450
  1.581138 seconds (9.93 k allocations: 12.749 MiB)
9959
  1.583208 seconds (16.56 k allocations: 20.210 MiB)
8493
  1.592456 seconds (31.89 k allocations: 40.211 MiB)
3953
  1.594057 seconds (34.62 k allocations: 43.703 MiB)
5466
  1.544427 seconds (39.80 k allocations: 50.201 MiB)
6973
  1.517695 seconds (7.99 k allocations: 10.074 MiB)
5467
  1.541161 seconds (31.73 k allocations: 40.043 MiB)
  1.544756 seconds (33.86 k allocations: 44.094 MiB)
8494
9960
  1.678212 seconds (51.33 k allocations: 65.107 MiB)
2451
  1.752444 seconds (41.23 k allocations: 52.885 MiB)
3954
  1.545847 seconds (39.64 k allocations: 50.033 MiB)
6974
  1.540364 seconds (23.82 k allocations: 30.054 MiB)
8495
  1.748818 seconds (47.55 k allocations: 60.022 MiB)
5468
  1.759455 seconds (39.72 k allocations: 50.117 MiB)
9961
  1.552721 seconds (31.73 k allocations: 40.043 MiB)
3955
  1.655744 seconds (47.63 k allocations: 60.106 MiB)
2452
  1.545860 seconds (39.80 k allocations: 50.201 MiB)
6975
  1.539241 seconds (39.88 k allocations: 50.285 MiB)
8496
  2.866621 seconds (26.96 k allocations: 33.961 MiB, 1.15% gc time)
  2.855033 seconds (19.01 k allocations: 23.927 MiB, 1.16% gc time)
  2.886384 seconds (35.02 k allocations: 44.069 MiB, 1.14% gc time)
  2.837862 seconds (11.25 k allocations: 14.150 MiB, 1.16% gc time)
  1.574289 seconds (3.35 k allocations: 4.207 MiB, 2.10% gc time)
6976
5469
9962
3956
2453
  1.536370 seconds (23.70 k allocations: 30.296 MiB)
8497
  1.564514 seconds (8.20 k allocations: 11.506 MiB)
6977
  1.712647 seconds (15.99 k allocations: 20.148 MiB)
9963
  1.713686 seconds (17.22 k allocations: 22.101 MiB)
  1.714845 seconds (17.24 k allocations: 22.113 MiB)
2454
5470
  1.860971 seconds (39.80 k allocations: 50.201 MiB)
3957
  1.551333 seconds (39.72 k allocations: 50.117 MiB)
8498
  1.542554 seconds (39.72 k allocations: 50.117 MiB)
6978
  1.518508 seconds (23.82 k allocations: 30.054 MiB)
5471
  1.539507 seconds (31.73 k allocations: 40.043 MiB)
2455
  1.548026 seconds (39.17 k allocations: 48.329 MiB)
9964
  1.646945 seconds (39.80 k allocations: 50.201 MiB)
3958
  1.542521 seconds (39.72 k allocations: 50.117 MiB)
8499
  1.543475 seconds (39.72 k allocations: 50.117 MiB)
6979
  1.748566 seconds (39.72 k allocations: 50.117 MiB)
5472
  1.751966 seconds (37.90 k allocations: 47.558 MiB)
2456
  1.765330 seconds (39.56 k allocations: 49.949 MiB)
9965
  1.540855 seconds (39.56 k allocations: 49.949 MiB)
3959
  1.540111 seconds (39.64 k allocations: 50.033 MiB)
8500
  2.143727 seconds (38.17 k allocations: 47.308 MiB, 2.54% gc time)
  1.784314 seconds (22.37 k allocations: 27.353 MiB, 3.06% gc time)
  1.741061 seconds (6.52 k allocations: 7.317 MiB, 3.13% gc time)
  1.764466 seconds (14.54 k allocations: 17.399 MiB, 3.09% gc time)
  1.808462 seconds (30.49 k allocations: 37.594 MiB, 3.02% gc time)
2457
6980
3960
9966
5473
  1.542975 seconds (31.68 k allocations: 38.450 MiB)
  1.549650 seconds (5.30 k allocations: 10.933 MiB)
6981
  1.583174 seconds (8.39 k allocations: 11.111 MiB)
3961
  1.598825 seconds (16.30 k allocations: 21.101 MiB)
5474
  1.789864 seconds (24.21 k allocations: 31.091 MiB)
2458
  1.797032 seconds (32.20 k allocations: 41.164 MiB)
9967
  1.544693 seconds (31.81 k allocations: 40.127 MiB)
6982
  1.520938 seconds (23.98 k allocations: 30.222 MiB)
5475
  1.702029 seconds (39.80 k allocations: 50.201 MiB)
3962
  1.548043 seconds (31.41 k allocations: 39.090 MiB)
2459
  1.545931 seconds (28.25 k allocations: 35.278 MiB)
9968
  1.548296 seconds (31.73 k allocations: 40.043 MiB)
6983
  1.746878 seconds (31.81 k allocations: 40.127 MiB)
  1.540107 seconds (11.76 k allocations: 15.787 MiB)
  1.547742 seconds (8.76 k allocations: 12.146 MiB)
5476
2460
9969
  1.754761 seconds (47.87 k allocations: 60.358 MiB)
3963
  1.541166 seconds (31.97 k allocations: 40.295 MiB)
6984
  1.734761 seconds (2.84 k allocations: 3.597 MiB, 0.96% gc time)
  1.854520 seconds (18.75 k allocations: 24.231 MiB, 0.90% gc time)
  1.849496 seconds (18.54 k allocations: 22.782 MiB, 0.90% gc time)
  1.821334 seconds (11.03 k allocations: 13.815 MiB, 0.91% gc time)
9970
  1.440302 seconds (7.54 k allocations: 8.956 MiB)
  1.554174 seconds (393 allocations: 1.038 MiB)
3964
2461
  1.659449 seconds (7.53 k allocations: 8.954 MiB)
5477
6985
9971
3965
  1.653642 seconds (30.58 k allocations: 36.936 MiB)
2462
  1.686162 seconds (30.58 k allocations: 36.936 MiB)
5478
  1.699283 seconds (30.87 k allocations: 37.886 MiB)
  1.673470 seconds (23.74 k allocations: 29.971 MiB)
6986
9972
  1.716765 seconds (31.73 k allocations: 40.043 MiB)
3966
  1.711522 seconds (31.81 k allocations: 40.127 MiB)
2463
  1.554378 seconds (31.81 k allocations: 40.127 MiB)
5479
  1.575341 seconds (31.43 k allocations: 39.091 MiB)
6987
  1.794293 seconds (31.73 k allocations: 40.043 MiB)
9973
  1.575143 seconds (30.48 k allocations: 37.543 MiB)
3967
  1.701251 seconds (31.64 k allocations: 39.959 MiB)
  1.764230 seconds (24.12 k allocations: 31.005 MiB)
  1.541315 seconds (16.59 k allocations: 22.051 MiB)
  1.564761 seconds (8.69 k allocations: 12.063 MiB)
2464
5480
  1.728374 seconds (16.59 k allocations: 22.051 MiB)
6988
  2.296800 seconds (14.04 k allocations: 16.271 MiB, 0.62% gc time)
  1.890753 seconds (6.56 k allocations: 7.352 MiB, 0.75% gc time)
9974
3968
2465
5481
  1.544891 seconds (22.97 k allocations: 28.319 MiB)
6989
  1.547664 seconds (14.87 k allocations: 20.754 MiB)
5482
  1.715397 seconds (15.82 k allocations: 19.980 MiB)
2466
  1.926293 seconds (23.73 k allocations: 29.969 MiB)
  1.929059 seconds (24.12 k allocations: 31.005 MiB)
9975
3969
  1.513795 seconds (23.82 k allocations: 30.053 MiB)
  1.535993 seconds (31.86 k allocations: 40.356 MiB)
5483
6990
  1.560479 seconds (31.73 k allocations: 40.043 MiB)
2467
  1.582453 seconds (31.26 k allocations: 38.923 MiB)
9976
  1.864316 seconds (31.73 k allocations: 40.043 MiB)
3970
  1.584816 seconds (23.82 k allocations: 30.053 MiB)
6991
  1.769572 seconds (39.34 k allocations: 49.081 MiB)
5484
  1.666925 seconds (23.90 k allocations: 30.137 MiB)
9977
  1.787255 seconds (38.09 k allocations: 47.244 MiB)
2468
  1.543238 seconds (31.89 k allocations: 40.211 MiB)
3971
  1.558323 seconds (31.89 k allocations: 40.211 MiB)
6992
  1.744055 seconds (31.81 k allocations: 40.127 MiB)
5485
  2.403850 seconds (18.78 k allocations: 23.698 MiB, 0.63% gc time)
  2.410816 seconds (24.05 k allocations: 30.280 MiB, 0.62% gc time)
  2.091254 seconds (10.93 k allocations: 13.775 MiB, 0.72% gc time)
  1.565221 seconds (3.10 k allocations: 3.889 MiB, 0.96% gc time)
2469
6993
3972
9978
  1.543188 seconds (8.12 k allocations: 11.948 MiB)
6994
  1.605675 seconds (22.73 k allocations: 30.002 MiB)
5486
  1.663874 seconds (15.99 k allocations: 20.148 MiB)
3973
  1.743496 seconds (23.90 k allocations: 30.137 MiB)
9979
  1.860790 seconds (31.81 k allocations: 40.127 MiB)
2470
  1.543741 seconds (31.81 k allocations: 40.127 MiB)
6995
  1.563614 seconds (31.73 k allocations: 40.043 MiB)
5487
  1.543579 seconds (23.90 k allocations: 30.137 MiB)
9980
  1.705817 seconds (39.72 k allocations: 50.117 MiB)
3974
  1.537827 seconds (31.73 k allocations: 40.043 MiB)
2471
  1.544771 seconds (31.81 k allocations: 40.127 MiB)
6996
  1.515814 seconds (31.81 k allocations: 40.127 MiB)
5488
  1.545012 seconds (31.89 k allocations: 40.211 MiB)
9981
  1.538055 seconds (23.98 k allocations: 30.222 MiB)
2472
  1.763184 seconds (39.96 k allocations: 50.369 MiB)
3975
  1.548773 seconds (31.89 k allocations: 40.211 MiB)
6997
  2.108636 seconds (26.74 k allocations: 33.730 MiB, 0.71% gc time)
  1.846836 seconds (10.87 k allocations: 13.678 MiB, 0.81% gc time)
  1.949161 seconds (18.82 k allocations: 23.705 MiB, 0.77% gc time)
  1.648016 seconds (3.04 k allocations: 3.749 MiB, 0.91% gc time)
2473
3976
9982
5489
  1.543446 seconds (16.23 k allocations: 21.466 MiB)
6998
  1.586210 seconds (7.91 k allocations: 9.990 MiB)
2474
  1.592593 seconds (15.50 k allocations: 18.439 MiB)
9983
  1.596049 seconds (17.39 k allocations: 22.268 MiB)
5490
  1.766353 seconds (39.58 k allocations: 51.730 MiB)
3977
  1.549718 seconds (31.73 k allocations: 40.043 MiB)
6999
  1.513380 seconds (15.90 k allocations: 20.064 MiB)
5491
  1.544116 seconds (27.00 k allocations: 34.523 MiB)
9984
  1.689293 seconds (47.19 k allocations: 58.951 MiB)
2475
  1.552911 seconds (31.89 k allocations: 40.211 MiB)
3978
  1.543453 seconds (31.89 k allocations: 40.211 MiB)
7000
  1.541909 seconds (7.91 k allocations: 9.990 MiB)
3979
  1.752633 seconds (39.80 k allocations: 50.201 MiB)
5492
  1.755330 seconds (39.72 k allocations: 50.117 MiB)
9985
  1.659944 seconds (39.80 k allocations: 50.201 MiB)
2476
  1.543147 seconds (31.81 k allocations: 40.127 MiB)
  1.752000 seconds (24.21 k allocations: 31.090 MiB)
3980
  1.773767 seconds (3.35 k allocations: 4.724 MiB, 1.06% gc time)
  1.841383 seconds (19.21 k allocations: 24.762 MiB, 1.02% gc time)
  1.815317 seconds (11.24 k allocations: 14.712 MiB, 1.03% gc time)
2477
9986
5493
  1.521444 seconds (6.24 k allocations: 8.822 MiB)
2478
  1.578804 seconds (7.99 k allocations: 10.074 MiB)
9987
  1.595923 seconds (15.90 k allocations: 20.064 MiB)
5494
  1.749057 seconds (36.44 k allocations: 46.602 MiB)
3981
  1.534100 seconds (23.73 k allocations: 29.969 MiB)
2479
  1.511078 seconds (15.90 k allocations: 20.064 MiB)
5495
  1.590810 seconds (31.73 k allocations: 40.043 MiB)
9988
  1.748522 seconds (23.82 k allocations: 30.053 MiB)
3982
  1.746452 seconds (23.73 k allocations: 29.969 MiB)
2480
  1.646346 seconds (15.90 k allocations: 20.064 MiB)
9989
  1.743724 seconds (31.73 k allocations: 40.043 MiB)
5496
  1.546657 seconds (23.82 k allocations: 30.053 MiB)
3983
  1.571032 seconds (23.73 k allocations: 29.969 MiB)
2481
  1.796696 seconds (18.68 k allocations: 23.592 MiB, 0.61% gc time)
  1.581214 seconds (2.93 k allocations: 3.666 MiB, 0.69% gc time)
  1.762225 seconds (10.82 k allocations: 13.636 MiB, 0.62% gc time)
3984
9990
5497
  1.536854 seconds (9.00 k allocations: 12.855 MiB)
2482
  1.547312 seconds (10.63 k allocations: 13.991 MiB)
5498
  1.587500 seconds (15.82 k allocations: 19.980 MiB)
9991
  1.722447 seconds (26.65 k allocations: 34.168 MiB)
3985
  1.512426 seconds (15.90 k allocations: 20.064 MiB)
5499
  1.541834 seconds (15.98 k allocations: 20.148 MiB)
9992
  1.754647 seconds (39.80 k allocations: 50.201 MiB)
2483
  1.750472 seconds (23.98 k allocations: 30.222 MiB)
3986
  1.588730 seconds (15.98 k allocations: 20.148 MiB)
9993
  1.746909 seconds (31.89 k allocations: 40.211 MiB)
5500
  1.559132 seconds (15.90 k allocations: 20.064 MiB)
  1.746906 seconds (24.28 k allocations: 31.173 MiB)
3987
2484
  1.749749 seconds (23.90 k allocations: 30.137 MiB)
9994
  1.983422 seconds (18.89 k allocations: 23.801 MiB, 0.56% gc time)
  1.694498 seconds (3.03 k allocations: 3.777 MiB, 0.66% gc time)
  1.695599 seconds (3.10 k allocations: 3.815 MiB, 0.66% gc time)
2485
3988
  1.541968 seconds (7.23 k allocations: 9.863 MiB)
9995
  1.622489 seconds (7.99 k allocations: 10.074 MiB)
2486
  1.750559 seconds (17.49 k allocations: 22.913 MiB)
3989
  1.542308 seconds (15.98 k allocations: 20.148 MiB)
9996
  1.539089 seconds (7.99 k allocations: 10.074 MiB)
3990
  1.733372 seconds (23.98 k allocations: 30.222 MiB)
2487
  1.543227 seconds (15.90 k allocations: 20.064 MiB)
9997
  1.538737 seconds (15.82 k allocations: 19.980 MiB)
3991
  1.502821 seconds (15.90 k allocations: 20.064 MiB)
2488
  1.752439 seconds (15.90 k allocations: 20.064 MiB)
9998
  1.760414 seconds (14.47 k allocations: 17.380 MiB, 0.67% gc time)
  1.725404 seconds (6.62 k allocations: 7.435 MiB, 0.68% gc time)
2489
3992
  1.542273 seconds (2.92 k allocations: 4.199 MiB)
2490
  1.551660 seconds (7.99 k allocations: 10.074 MiB)
3993
  1.752060 seconds (27.65 k allocations: 34.493 MiB)
9999
  1.535198 seconds (15.98 k allocations: 20.148 MiB)
2491
  1.544204 seconds (7.99 k allocations: 10.074 MiB)
10000
  1.748613 seconds (23.98 k allocations: 30.222 MiB)
3994
  1.652063 seconds (15.90 k allocations: 20.064 MiB)
2492
  1.547655 seconds (15.82 k allocations: 19.980 MiB)
  1.544914 seconds (8.29 k allocations: 11.026 MiB)
3995
  1.535056 seconds (1 allocation: 736 bytes)
3996
  1.754756 seconds (11.27 k allocations: 14.754 MiB, 0.51% gc time)
2493
  1.546114 seconds (1 allocation: 736 bytes)
2494
  1.745777 seconds (10.69 k allocations: 14.048 MiB)
3997
  1.535221 seconds (7.99 k allocations: 10.074 MiB)
2495
  1.539937 seconds (7.91 k allocations: 9.990 MiB)
3998
  1.659333 seconds (7.91 k allocations: 9.990 MiB)
2496
  1.747628 seconds (7.99 k allocations: 10.074 MiB)
3999
  1.569676 seconds (7.99 k allocations: 10.074 MiB)
2497
  1.549457 seconds (3.03 k allocations: 3.779 MiB, 0.38% gc time)
4000
  1.518437 seconds (7.60 k allocations: 9.037 MiB)
2498
  1.745953 seconds (7.91 k allocations: 9.990 MiB)
  1.741468 seconds (394 allocations: 1.038 MiB)
2499
  1.564330 seconds (1 allocation: 736 bytes)
2500
  1.533420 seconds (1 allocation: 736 bytes)
