OutbreakDeme,SurvivalProbability
1,0.24318920269932517
2,0.35478630342414397
3,0.26905773556610846
4,0.3321669582604349
5,0.31429642589352663
6,0.30229942514371405
7,0.33416645838540365
8,0.3179205198700325
9,0.3279180204948763
10,0.39440139965008747
11,0.4010247438140465
12,0.24943764058985254
13,0.3937765558610347
14,0.28880279930017494
15,0.3264183954011497
16,0.293728135932034
17,0.3216695826043489
18,0.269182704323919
19,0.3014246438390402
20,0.2590602349412647
