AirportCode,SurvivalProbability
AMS,0.24318920269932517
LHR,0.293728135932034
PEK,0.269182704323919
HKG,0.24943764058985254
BKK,0.26905773556610846
PVG,0.3014246438390402
CDG,0.30229942514371405
ATL,0.35478630342414397
SIN,0.2590602349412647
CTU,0.3179205198700325
LAX,0.3264183954011497
DEL,0.3279180204948763
BOM,0.3321669582604349
DEN,0.39440139965008747
CAN,0.31429642589352663
KUL,0.28880279930017494
MNL,0.3216695826043489
GRU,0.4010247438140465
CGK,0.33416645838540365
HND,0.3937765558610347
